노선,방향,명칭,시간,총합계,1종,2종,3종,4종,5종,6종,7종,8종,9종,10종,11종,12종
경부선,부산,오산졸음쉼터,07:00-08:00,43,31,1,9,2,0,0,0,0,0,0,0,0
경부선,부산,오산졸음쉼터,08:00-09:00,50,37,1,9,1,0,2,0,0,0,0,0,0
경부선,부산,오산졸음쉼터,09:00-10:00,75,56,2,14,2,1,0,0,0,0,0,0,0
경부선,부산,오산졸음쉼터,10:00-11:00,75,59,0,12,2,0,1,0,0,0,0,0,1
경부선,부산,오산졸음쉼터,11:00-12:00,83,67,0,11,4,0,0,0,0,0,1,0,0
경부선,부산,오산졸음쉼터,12:00-13:00,84,65,0,14,4,1,0,0,0,0,0,0,0
경부선,부산,오산졸음쉼터,13:00-14:00,79,66,0,11,1,0,1,0,0,0,0,0,0
경부선,부산,오산졸음쉼터,14:00-15:00,95,83,0,10,1,1,0,0,0,0,0,0,0
경부선,부산,오산졸음쉼터,15:00-16:00,71,58,0,8,5,0,0,0,0,0,0,0,0
경부선,부산,오산졸음쉼터,16:00-17:00,50,43,0,7,0,0,0,0,0,0,0,0,0
경부선,부산,오산졸음쉼터,17:00-18:00,80,74,0,4,0,1,0,1,0,0,0,0,0
경부선,부산,오산졸음쉼터,18:00-19:00,57,50,0,4,1,2,0,0,0,0,0,0,0
경부선,부산,오산졸음쉼터,19:00-20:00,54,46,0,7,1,0,0,0,0,0,0,0,0
경부선,부산,오산졸음쉼터,20:00-21:00,26,23,1,1,1,0,0,0,0,0,0,0,0
경부선,부산,오산졸음쉼터,21:00-22:00,34,26,0,7,1,0,0,0,0,0,0,0,0
경부선,부산,오산졸음쉼터,22:00-23:00,26,22,0,4,0,0,0,0,0,0,0,0,0
경부선,부산,오산졸음쉼터,23:00-24:00,15,10,0,1,2,1,1,0,0,0,0,0,0
경부선,부산,오산졸음쉼터,00:00-01:00,8,6,1,1,0,0,0,0,0,0,0,0,0
경부선,부산,오산졸음쉼터,01:00-02:00,11,8,0,0,3,0,0,0,0,0,0,0,0
경부선,부산,오산졸음쉼터,02:00-03:00,6,2,0,4,0,0,0,0,0,0,0,0,0
경부선,부산,오산졸음쉼터,03:00-04:00,10,2,0,6,1,1,0,0,0,0,0,0,0
경부선,부산,오산졸음쉼터,04:00-05:00,15,9,0,4,2,0,0,0,0,0,0,0,0
경부선,부산,오산졸음쉼터,05:00-06:00,22,15,0,4,2,1,0,0,0,0,0,0,0
경부선,부산,오산졸음쉼터,06:00-07:00,38,26,0,9,2,0,0,0,1,0,0,0,0
경부선,서울,오산졸음쉼터,07:00-08:00,41,34,1,5,0,1,0,0,0,0,0,0,0
경부선,서울,오산졸음쉼터,08:00-09:00,61,45,0,13,1,1,0,0,0,0,1,0,0
경부선,서울,오산졸음쉼터,09:00-10:00,72,52,0,14,4,1,0,0,0,0,1,0,0
경부선,서울,오산졸음쉼터,10:00-11:00,61,41,0,16,3,1,0,0,0,0,0,0,0
경부선,서울,오산졸음쉼터,11:00-12:00,77,53,0,20,2,2,0,0,0,0,0,0,0
경부선,서울,오산졸음쉼터,12:00-13:00,92,66,1,18,5,1,0,1,0,0,0,0,0
경부선,서울,오산졸음쉼터,13:00-14:00,96,72,0,16,8,0,0,0,0,0,0,0,0
경부선,서울,오산졸음쉼터,14:00-15:00,131,107,1,20,3,0,0,0,0,0,0,0,0
경부선,서울,오산졸음쉼터,15:00-16:00,110,88,0,19,2,0,0,0,0,0,0,0,1
경부선,서울,오산졸음쉼터,16:00-17:00,135,114,3,18,0,0,0,0,0,0,0,0,0
경부선,서울,오산졸음쉼터,17:00-18:00,101,95,1,4,1,0,0,0,0,0,0,0,0
경부선,서울,오산졸음쉼터,18:00-19:00,83,79,1,3,0,0,0,0,0,0,0,0,0
경부선,서울,오산졸음쉼터,19:00-20:00,62,51,0,8,2,1,0,0,0,0,0,0,0
경부선,서울,오산졸음쉼터,20:00-21:00,60,53,0,6,1,0,0,0,0,0,0,0,0
경부선,서울,오산졸음쉼터,21:00-22:00,42,38,1,0,1,1,0,1,0,0,0,0,0
경부선,서울,오산졸음쉼터,22:00-23:00,31,24,0,2,3,2,0,0,0,0,0,0,0
경부선,서울,오산졸음쉼터,23:00-24:00,31,24,0,3,0,3,1,0,0,0,0,0,0
경부선,서울,오산졸음쉼터,00:00-01:00,23,12,0,5,0,3,2,0,0,0,0,0,1
경부선,서울,오산졸음쉼터,01:00-02:00,17,10,0,3,0,2,0,2,0,0,0,0,0
경부선,서울,오산졸음쉼터,02:00-03:00,12,7,0,2,2,1,0,0,0,0,0,0,0
경부선,서울,오산졸음쉼터,03:00-04:00,12,4,0,2,1,1,0,4,0,0,0,0,0
경부선,서울,오산졸음쉼터,04:00-05:00,21,10,2,3,2,3,0,1,0,0,0,0,0
경부선,서울,오산졸음쉼터,05:00-06:00,35,19,0,6,6,2,0,2,0,0,0,0,0
경부선,서울,오산졸음쉼터,06:00-07:00,35,22,1,5,4,3,0,0,0,0,0,0,0
경부선,부산,연곡졸음쉼터,07:00-08:00,66,44,2,13,3,2,0,1,0,0,1,0,0
경부선,부산,연곡졸음쉼터,08:00-09:00,77,58,1,11,2,1,1,1,0,0,2,0,0
경부선,부산,연곡졸음쉼터,09:00-10:00,85,67,2,6,6,1,1,2,0,0,0,0,0
경부선,부산,연곡졸음쉼터,10:00-11:00,92,65,0,20,4,1,2,0,0,0,0,0,0
경부선,부산,연곡졸음쉼터,11:00-12:00,99,59,0,21,10,3,2,2,1,0,1,0,0
경부선,부산,연곡졸음쉼터,12:00-13:00,127,84,1,18,8,11,2,3,0,0,0,0,0
경부선,부산,연곡졸음쉼터,13:00-14:00,99,64,1,19,7,4,1,2,0,0,0,0,1
경부선,부산,연곡졸음쉼터,14:00-15:00,102,71,0,18,7,4,1,0,0,0,0,0,1
경부선,부산,연곡졸음쉼터,15:00-16:00,73,48,1,11,4,5,1,1,1,0,1,0,0
경부선,부산,연곡졸음쉼터,16:00-17:00,74,60,0,10,1,2,0,1,0,0,0,0,0
경부선,부산,연곡졸음쉼터,17:00-18:00,52,43,2,5,1,1,0,0,0,0,0,0,0
경부선,부산,연곡졸음쉼터,18:00-19:00,42,36,0,4,0,1,0,0,0,0,0,0,1
경부선,부산,연곡졸음쉼터,19:00-20:00,29,21,0,2,1,4,1,0,0,0,0,0,0
경부선,부산,연곡졸음쉼터,20:00-21:00,31,24,0,3,2,2,0,0,0,0,0,0,0
경부선,부산,연곡졸음쉼터,21:00-22:00,35,21,1,8,1,3,1,0,0,0,0,0,0
경부선,부산,연곡졸음쉼터,22:00-23:00,20,14,0,1,1,3,0,1,0,0,0,0,0
경부선,부산,연곡졸음쉼터,23:00-24:00,12,9,0,1,1,1,0,0,0,0,0,0,0
경부선,부산,연곡졸음쉼터,00:00-01:00,7,6,0,1,0,0,0,0,0,0,0,0,0
경부선,부산,연곡졸음쉼터,01:00-02:00,13,7,0,1,0,1,2,0,0,0,2,0,0
경부선,부산,연곡졸음쉼터,02:00-03:00,7,4,0,2,0,0,0,0,0,0,1,0,0
경부선,부산,연곡졸음쉼터,03:00-04:00,10,6,0,2,2,0,0,0,0,0,0,0,0
경부선,부산,연곡졸음쉼터,04:00-05:00,10,3,0,1,2,2,0,1,0,0,0,0,1
경부선,부산,연곡졸음쉼터,05:00-06:00,31,16,0,9,1,4,0,1,0,0,0,0,0
경부선,부산,연곡졸음쉼터,06:00-07:00,51,30,0,10,7,2,0,1,0,0,1,0,0
경부선,서울,옥산졸음쉼터,07:00-08:00,16,2,1,4,2,4,1,1,0,0,1,0,0
경부선,서울,옥산졸음쉼터,08:00-09:00,17,12,0,0,2,1,1,0,0,0,1,0,0
경부선,서울,옥산졸음쉼터,09:00-10:00,22,13,0,3,0,1,1,3,0,0,1,0,0
경부선,서울,옥산졸음쉼터,10:00-11:00,25,14,0,6,1,4,0,0,0,0,0,0,0
경부선,서울,옥산졸음쉼터,11:00-12:00,19,5,0,3,3,6,0,2,0,0,0,0,0
경부선,서울,옥산졸음쉼터,12:00-13:00,29,11,0,7,3,5,2,1,0,0,0,0,0
경부선,서울,옥산졸음쉼터,13:00-14:00,40,10,0,11,4,10,1,3,0,0,1,0,0
경부선,서울,옥산졸음쉼터,14:00-15:00,32,15,0,8,3,2,2,1,0,0,1,0,0
경부선,서울,옥산졸음쉼터,15:00-16:00,24,13,0,6,0,3,1,1,0,0,0,0,0
경부선,서울,옥산졸음쉼터,16:00-17:00,13,11,0,1,0,0,0,1,0,0,0,0,0
경부선,서울,옥산졸음쉼터,17:00-18:00,26,13,0,6,1,2,1,2,0,0,0,0,1
경부선,서울,옥산졸음쉼터,18:00-19:00,16,11,0,0,0,4,0,1,0,0,0,0,0
경부선,서울,옥산졸음쉼터,19:00-20:00,14,7,0,1,1,2,1,2,0,0,0,0,0
경부선,서울,옥산졸음쉼터,20:00-21:00,7,4,0,1,1,0,0,1,0,0,0,0,0
경부선,서울,옥산졸음쉼터,21:00-22:00,5,3,0,1,0,1,0,0,0,0,0,0,0
경부선,서울,옥산졸음쉼터,22:00-23:00,10,4,0,1,0,2,0,2,0,0,1,0,0
경부선,서울,옥산졸음쉼터,23:00-24:00,6,1,0,1,0,3,0,0,0,0,0,0,1
경부선,서울,옥산졸음쉼터,00:00-01:00,5,3,0,1,0,0,0,1,0,0,0,0,0
경부선,서울,옥산졸음쉼터,01:00-02:00,5,1,1,1,1,0,0,0,0,0,0,0,1
경부선,서울,옥산졸음쉼터,02:00-03:00,6,1,0,0,2,1,0,0,0,0,2,0,0
경부선,서울,옥산졸음쉼터,03:00-04:00,4,1,0,0,0,2,0,1,0,0,0,0,0
경부선,서울,옥산졸음쉼터,04:00-05:00,11,0,0,1,0,6,2,0,0,0,1,0,1
경부선,서울,옥산졸음쉼터,05:00-06:00,13,2,0,2,2,4,2,0,0,0,1,0,0
경부선,서울,옥산졸음쉼터,06:00-07:00,12,5,0,0,0,3,1,1,0,0,2,0,0
경부선,부산,신탄진졸음쉼터,07:00-08:00,45,20,0,16,2,5,0,0,0,0,1,0,1
경부선,부산,신탄진졸음쉼터,08:00-09:00,62,42,1,14,3,1,0,1,0,0,0,0,0
경부선,부산,신탄진졸음쉼터,09:00-10:00,63,47,0,7,5,1,2,1,0,0,0,0,0
경부선,부산,신탄진졸음쉼터,10:00-11:00,60,42,1,11,2,0,1,1,0,0,2,0,0
경부선,부산,신탄진졸음쉼터,11:00-12:00,49,26,1,9,3,8,0,2,0,0,0,0,0
경부선,부산,신탄진졸음쉼터,12:00-13:00,67,37,0,15,5,5,0,2,0,0,1,0,2
경부선,부산,신탄진졸음쉼터,13:00-14:00,88,54,0,18,6,5,0,3,0,0,1,0,1
경부선,부산,신탄진졸음쉼터,14:00-15:00,75,55,0,10,3,2,2,0,0,0,2,0,1
경부선,부산,신탄진졸음쉼터,15:00-16:00,62,44,1,13,2,1,1,0,0,0,0,0,0
경부선,부산,신탄진졸음쉼터,16:00-17:00,66,44,0,17,3,1,1,0,0,0,0,0,0
경부선,부산,신탄진졸음쉼터,17:00-18:00,82,60,1,16,4,0,0,1,0,0,0,0,0
경부선,부산,신탄진졸음쉼터,18:00-19:00,45,39,0,4,0,0,1,1,0,0,0,0,0
경부선,부산,신탄진졸음쉼터,19:00-20:00,26,20,0,0,1,2,2,0,0,0,1,0,0
경부선,부산,신탄진졸음쉼터,20:00-21:00,25,17,1,2,0,3,1,1,0,0,0,0,0
경부선,부산,신탄진졸음쉼터,21:00-22:00,16,9,0,2,3,0,2,0,0,0,0,0,0
경부선,부산,신탄진졸음쉼터,22:00-23:00,12,11,0,0,0,0,0,1,0,0,0,0,0
경부선,부산,신탄진졸음쉼터,23:00-24:00,16,11,0,1,0,3,0,0,0,0,1,0,0
경부선,부산,신탄진졸음쉼터,00:00-01:00,15,7,0,1,0,6,0,0,0,0,1,0,0
경부선,부산,신탄진졸음쉼터,01:00-02:00,11,2,0,1,2,5,0,0,0,0,0,0,1
경부선,부산,신탄진졸음쉼터,02:00-03:00,10,6,0,1,1,1,0,1,0,0,0,0,0
경부선,부산,신탄진졸음쉼터,03:00-04:00,6,2,0,1,1,0,2,0,0,0,0,0,0
경부선,부산,신탄진졸음쉼터,04:00-05:00,6,2,0,1,1,0,2,0,0,0,0,0,0
경부선,부산,신탄진졸음쉼터,05:00-06:00,20,8,0,5,3,2,0,1,0,0,1,0,0
경부선,부산,신탄진졸음쉼터,06:00-07:00,28,10,0,8,4,3,1,0,0,0,1,0,1
경부선,부산,옥천졸음쉼터,07:00-08:00,48,25,0,11,6,5,0,1,0,0,0,0,0
경부선,부산,옥천졸음쉼터,08:00-09:00,36,32,0,2,0,2,0,0,0,0,0,0,0
경부선,부산,옥천졸음쉼터,09:00-10:00,45,32,0,7,1,3,1,1,0,0,0,0,0
경부선,부산,옥천졸음쉼터,10:00-11:00,55,34,1,12,2,6,0,0,0,0,0,0,0
경부선,부산,옥천졸음쉼터,11:00-12:00,52,30,0,14,4,2,0,0,0,0,1,0,1
경부선,부산,옥천졸음쉼터,12:00-13:00,59,39,0,11,4,2,2,1,0,0,0,0,0
경부선,부산,옥천졸음쉼터,13:00-14:00,52,29,0,15,4,4,0,0,0,0,0,0,0
경부선,부산,옥천졸음쉼터,14:00-15:00,40,26,0,9,2,2,1,0,0,0,0,0,0
경부선,부산,옥천졸음쉼터,15:00-16:00,49,34,0,10,3,0,1,1,0,0,0,0,0
경부선,부산,옥천졸음쉼터,16:00-17:00,44,29,0,9,3,3,0,0,0,0,0,0,0
경부선,부산,옥천졸음쉼터,17:00-18:00,28,18,0,6,1,3,0,0,0,0,0,0,0
경부선,부산,옥천졸음쉼터,18:00-19:00,37,27,1,3,3,1,1,0,0,0,1,0,0
경부선,부산,옥천졸음쉼터,19:00-20:00,23,16,0,3,2,2,0,0,0,0,0,0,0
경부선,부산,옥천졸음쉼터,20:00-21:00,19,13,0,1,2,0,2,1,0,0,0,0,0
경부선,부산,옥천졸음쉼터,21:00-22:00,19,10,0,0,2,7,0,0,0,0,0,0,0
경부선,부산,옥천졸음쉼터,22:00-23:00,7,5,0,0,1,0,1,0,0,0,0,0,0
경부선,부산,옥천졸음쉼터,23:00-24:00,5,2,0,0,1,0,1,0,0,0,1,0,0
경부선,부산,옥천졸음쉼터,00:00-01:00,11,4,0,2,1,1,0,1,1,0,1,0,0
경부선,부산,옥천졸음쉼터,01:00-02:00,4,1,0,1,1,0,0,0,0,0,1,0,0
경부선,부산,옥천졸음쉼터,02:00-03:00,2,0,0,0,2,0,0,0,0,0,0,0,0
경부선,부산,옥천졸음쉼터,03:00-04:00,5,1,0,0,0,3,0,0,0,0,1,0,0
경부선,부산,옥천졸음쉼터,04:00-05:00,6,3,0,0,1,1,0,0,0,0,1,0,0
경부선,부산,옥천졸음쉼터,05:00-06:00,15,6,0,4,2,2,0,0,0,0,1,0,0
경부선,부산,옥천졸음쉼터,06:00-07:00,30,10,0,6,8,1,0,0,0,0,5,0,0
경부선,서울,청성졸음쉼터,07:00-08:00,15,9,0,3,2,0,0,1,0,0,0,0,0
경부선,서울,청성졸음쉼터,08:00-09:00,15,10,0,4,0,0,1,0,0,0,0,0,0
경부선,서울,청성졸음쉼터,09:00-10:00,30,20,0,7,2,1,0,0,0,0,0,0,0
경부선,서울,청성졸음쉼터,10:00-11:00,26,18,0,5,1,1,0,1,0,0,0,0,0
경부선,서울,청성졸음쉼터,11:00-12:00,26,21,0,2,2,0,1,0,0,0,0,0,0
경부선,서울,청성졸음쉼터,12:00-13:00,27,19,0,6,2,0,0,0,0,0,0,0,0
경부선,서울,청성졸음쉼터,13:00-14:00,28,19,0,8,1,0,0,0,0,0,0,0,0
경부선,서울,청성졸음쉼터,14:00-15:00,25,20,0,3,1,1,0,0,0,0,0,0,0
경부선,서울,청성졸음쉼터,15:00-16:00,24,19,1,3,1,0,0,0,0,0,0,0,0
경부선,서울,청성졸음쉼터,16:00-17:00,23,21,0,2,0,0,0,0,0,0,0,0,0
경부선,서울,청성졸음쉼터,17:00-18:00,25,21,0,3,0,0,0,1,0,0,0,0,0
경부선,서울,청성졸음쉼터,18:00-19:00,19,17,0,0,1,0,0,1,0,0,0,0,0
경부선,서울,청성졸음쉼터,19:00-20:00,16,15,0,0,0,1,0,0,0,0,0,0,0
경부선,서울,청성졸음쉼터,20:00-21:00,18,12,0,1,0,3,0,1,0,0,1,0,0
경부선,서울,청성졸음쉼터,21:00-22:00,7,4,0,2,0,1,0,0,0,0,0,0,0
경부선,서울,청성졸음쉼터,22:00-23:00,8,7,0,0,0,0,0,0,0,0,1,0,0
경부선,서울,청성졸음쉼터,23:00-24:00,3,1,0,0,1,0,0,0,0,0,1,0,0
경부선,서울,청성졸음쉼터,00:00-01:00,4,3,0,0,1,0,0,0,0,0,0,0,0
경부선,서울,청성졸음쉼터,01:00-02:00,3,1,0,0,0,1,0,0,0,0,1,0,0
경부선,서울,청성졸음쉼터,02:00-03:00,6,4,0,0,1,0,0,0,0,0,1,0,0
경부선,서울,청성졸음쉼터,03:00-04:00,1,0,0,0,0,0,0,1,0,0,0,0,0
경부선,서울,청성졸음쉼터,04:00-05:00,5,2,0,0,0,2,0,0,0,0,1,0,0
경부선,서울,청성졸음쉼터,05:00-06:00,3,3,0,0,0,0,0,0,0,0,0,0,0
경부선,서울,청성졸음쉼터,06:00-07:00,10,2,0,4,0,3,0,0,0,0,1,0,0
경부선,부산,봉산진졸음쉼터,07:00-08:00,6,4,0,1,0,0,0,0,0,0,0,0,1
경부선,부산,봉산진졸음쉼터,08:00-09:00,11,9,0,1,1,0,0,0,0,0,0,0,0
경부선,부산,봉산진졸음쉼터,09:00-10:00,11,8,0,1,2,0,0,0,0,0,0,0,0
경부선,부산,봉산진졸음쉼터,10:00-11:00,14,8,0,5,1,0,0,0,0,0,0,0,0
경부선,부산,봉산진졸음쉼터,11:00-12:00,11,5,0,2,1,2,0,1,0,0,0,0,0
경부선,부산,봉산진졸음쉼터,12:00-13:00,8,3,0,0,3,2,0,0,0,0,0,0,0
경부선,부산,봉산진졸음쉼터,13:00-14:00,16,8,0,7,0,1,0,0,0,0,0,0,0
경부선,부산,봉산진졸음쉼터,14:00-15:00,18,15,0,1,1,1,0,0,0,0,0,0,0
경부선,부산,봉산진졸음쉼터,15:00-16:00,18,15,0,3,0,0,0,0,0,0,0,0,0
경부선,부산,봉산진졸음쉼터,16:00-17:00,12,6,0,4,2,0,0,0,0,0,0,0,0
경부선,부산,봉산진졸음쉼터,17:00-18:00,15,8,0,2,1,3,1,0,0,0,0,0,0
경부선,부산,봉산진졸음쉼터,18:00-19:00,7,7,0,0,0,0,0,0,0,0,0,0,0
경부선,부산,봉산진졸음쉼터,19:00-20:00,9,6,0,1,0,2,0,0,0,0,0,0,0
경부선,부산,봉산진졸음쉼터,20:00-21:00,5,3,0,1,0,1,0,0,0,0,0,0,0
경부선,부산,봉산진졸음쉼터,21:00-22:00,4,4,0,0,0,0,0,0,0,0,0,0,0
경부선,부산,봉산진졸음쉼터,22:00-23:00,4,0,0,1,1,0,2,0,0,0,0,0,0
경부선,부산,봉산진졸음쉼터,23:00-24:00,0,0,0,0,0,0,0,0,0,0,0,0,0
경부선,부산,봉산진졸음쉼터,00:00-01:00,2,0,0,1,0,0,0,0,0,0,1,0,0
경부선,부산,봉산진졸음쉼터,01:00-02:00,1,0,0,0,0,1,0,0,0,0,0,0,0
경부선,부산,봉산진졸음쉼터,02:00-03:00,1,0,0,0,0,0,0,1,0,0,0,0,0
경부선,부산,봉산진졸음쉼터,03:00-04:00,0,0,0,0,0,0,0,0,0,0,0,0,0
경부선,부산,봉산진졸음쉼터,04:00-05:00,2,0,0,0,1,1,0,0,0,0,0,0,0
경부선,부산,봉산진졸음쉼터,05:00-06:00,4,1,0,2,0,1,0,0,0,0,0,0,0
경부선,부산,봉산진졸음쉼터,06:00-07:00,10,3,0,0,1,4,1,1,0,0,0,0,0
경부선,서울,봉산졸음쉼터,07:00-08:00,8,5,0,2,1,0,0,0,0,0,0,0,0
경부선,서울,봉산졸음쉼터,08:00-09:00,6,5,0,1,0,0,0,0,0,0,0,0,0
경부선,서울,봉산졸음쉼터,09:00-10:00,20,13,0,5,1,0,0,0,0,0,1,0,0
경부선,서울,봉산졸음쉼터,10:00-11:00,18,12,0,3,1,1,0,1,0,0,0,0,0
경부선,서울,봉산졸음쉼터,11:00-12:00,14,9,0,2,1,1,0,1,0,0,0,0,0
경부선,서울,봉산졸음쉼터,12:00-13:00,15,11,0,2,1,1,0,0,0,0,0,0,0
경부선,서울,봉산졸음쉼터,13:00-14:00,12,10,0,1,1,0,0,0,0,0,0,0,0
경부선,서울,봉산졸음쉼터,14:00-15:00,25,12,0,8,3,2,0,0,0,0,0,0,0
경부선,서울,봉산졸음쉼터,15:00-16:00,18,15,0,3,0,0,0,0,0,0,0,0,0
경부선,서울,봉산졸음쉼터,16:00-17:00,11,6,0,3,0,2,0,0,0,0,0,0,0
경부선,서울,봉산졸음쉼터,17:00-18:00,15,10,1,2,2,0,0,0,0,0,0,0,0
경부선,서울,봉산졸음쉼터,18:00-19:00,13,8,0,2,0,1,0,0,0,0,1,0,1
경부선,서울,봉산졸음쉼터,19:00-20:00,10,7,0,1,0,1,0,1,0,0,0,0,0
경부선,서울,봉산졸음쉼터,20:00-21:00,8,4,0,3,0,1,0,0,0,0,0,0,0
경부선,서울,봉산졸음쉼터,21:00-22:00,8,4,0,0,1,1,0,0,0,0,2,0,0
경부선,서울,봉산졸음쉼터,22:00-23:00,4,3,0,0,0,0,0,0,0,0,1,0,0
경부선,서울,봉산졸음쉼터,23:00-24:00,4,0,0,2,0,0,1,0,0,0,1,0,0
경부선,서울,봉산졸음쉼터,00:00-01:00,3,0,0,0,0,2,0,0,0,0,1,0,0
경부선,서울,봉산졸음쉼터,01:00-02:00,2,1,0,0,1,0,0,0,0,0,0,0,0
경부선,서울,봉산졸음쉼터,02:00-03:00,3,2,0,0,0,0,0,0,0,0,1,0,0
경부선,서울,봉산졸음쉼터,03:00-04:00,4,2,0,0,1,1,0,0,0,0,0,0,0
경부선,서울,봉산졸음쉼터,04:00-05:00,6,1,0,0,1,3,0,0,0,0,1,0,0
경부선,서울,봉산졸음쉼터,05:00-06:00,3,0,0,1,1,1,0,0,0,0,0,0,0
경부선,서울,봉산졸음쉼터,06:00-07:00,3,0,0,1,2,0,0,0,0,0,0,0,0
경부선,부산,선기졸음쉼터,07:00-08:00,8,3,0,1,0,1,1,2,0,0,0,0,0
경부선,부산,선기졸음쉼터,08:00-09:00,14,7,1,4,1,1,0,0,0,0,0,0,0
경부선,부산,선기졸음쉼터,09:00-10:00,18,10,0,3,2,2,0,1,0,0,0,0,0
경부선,부산,선기졸음쉼터,10:00-11:00,26,16,0,5,2,2,1,0,0,0,0,0,0
경부선,부산,선기졸음쉼터,11:00-12:00,24,12,0,6,3,2,1,0,0,0,0,0,0
경부선,부산,선기졸음쉼터,12:00-13:00,31,16,0,7,3,2,2,0,0,0,0,0,1
경부선,부산,선기졸음쉼터,13:00-14:00,33,17,0,9,3,1,2,0,0,0,0,0,1
경부선,부산,선기졸음쉼터,14:00-15:00,47,33,0,10,2,2,0,0,0,0,0,0,0
경부선,부산,선기졸음쉼터,15:00-16:00,32,23,0,6,2,1,0,0,0,0,0,0,0
경부선,부산,선기졸음쉼터,16:00-17:00,41,28,0,10,1,2,0,0,0,0,0,0,0
경부선,부산,선기졸음쉼터,17:00-18:00,24,17,0,3,3,1,0,0,0,0,0,0,0
경부선,부산,선기졸음쉼터,18:00-19:00,21,16,0,2,2,1,0,0,0,0,0,0,0
경부선,부산,선기졸음쉼터,19:00-20:00,17,15,0,0,0,2,0,0,0,0,0,0,0
경부선,부산,선기졸음쉼터,20:00-21:00,15,9,0,3,2,1,0,0,0,0,0,0,0
경부선,부산,선기졸음쉼터,21:00-22:00,12,7,0,1,2,2,0,0,0,0,0,0,0
경부선,부산,선기졸음쉼터,22:00-23:00,9,7,0,1,0,1,0,0,0,0,0,0,0
경부선,부산,선기졸음쉼터,23:00-24:00,9,4,0,1,1,2,0,1,0,0,0,0,0
경부선,부산,선기졸음쉼터,00:00-01:00,7,2,0,3,2,0,0,0,0,0,0,0,0
경부선,부산,선기졸음쉼터,01:00-02:00,8,3,0,1,2,2,0,0,0,0,0,0,0
경부선,부산,선기졸음쉼터,02:00-03:00,4,2,0,1,0,1,0,0,0,0,0,0,0
경부선,부산,선기졸음쉼터,03:00-04:00,4,0,0,0,2,2,0,0,0,0,0,0,0
경부선,부산,선기졸음쉼터,04:00-05:00,4,2,0,1,0,1,0,0,0,0,0,0,0
경부선,부산,선기졸음쉼터,05:00-06:00,6,3,0,2,0,1,0,0,0,0,0,0,0
경부선,부산,선기졸음쉼터,06:00-07:00,12,4,0,2,1,5,0,0,0,0,0,0,0
경부선,서울,선기졸음쉼터,07:00-08:00,25,18,0,5,0,0,1,1,0,0,0,0,0
경부선,서울,선기졸음쉼터,08:00-09:00,20,14,0,5,0,0,0,0,0,0,1,0,0
경부선,서울,선기졸음쉼터,09:00-10:00,48,33,0,6,5,4,0,0,0,0,0,0,0
경부선,서울,선기졸음쉼터,10:00-11:00,39,24,1,9,2,1,1,1,0,0,0,0,0
경부선,서울,선기졸음쉼터,11:00-12:00,37,24,0,6,2,4,1,0,0,0,0,0,0
경부선,서울,선기졸음쉼터,12:00-13:00,33,22,0,4,1,6,0,0,0,0,0,0,0
경부선,서울,선기졸음쉼터,13:00-14:00,28,19,0,6,0,3,0,0,0,0,0,0,0
경부선,서울,선기졸음쉼터,14:00-15:00,35,29,0,6,0,0,0,0,0,0,0,0,0
경부선,서울,선기졸음쉼터,15:00-16:00,33,24,0,4,3,1,1,0,0,0,0,0,0
경부선,서울,선기졸음쉼터,16:00-17:00,35,27,0,4,1,2,0,1,0,0,0,0,0
경부선,서울,선기졸음쉼터,17:00-18:00,33,23,0,5,2,3,0,0,0,0,0,0,0
경부선,서울,선기졸음쉼터,18:00-19:00,33,25,0,5,1,2,0,0,0,0,0,0,0
경부선,서울,선기졸음쉼터,19:00-20:00,17,13,0,0,1,2,0,0,0,0,1,0,0
경부선,서울,선기졸음쉼터,20:00-21:00,12,9,0,1,0,1,1,0,0,0,0,0,0
경부선,서울,선기졸음쉼터,21:00-22:00,7,6,0,0,0,1,0,0,0,0,0,0,0
경부선,서울,선기졸음쉼터,22:00-23:00,11,6,0,2,0,2,0,0,0,0,1,0,0
경부선,서울,선기졸음쉼터,23:00-24:00,6,5,0,0,0,0,0,0,0,0,1,0,0
경부선,서울,선기졸음쉼터,00:00-01:00,4,2,0,0,2,0,0,0,0,0,0,0,0
경부선,서울,선기졸음쉼터,01:00-02:00,8,2,0,2,0,0,0,1,0,0,3,0,0
경부선,서울,선기졸음쉼터,02:00-03:00,2,1,0,0,1,0,0,0,0,0,0,0,0
경부선,서울,선기졸음쉼터,03:00-04:00,4,1,0,2,0,0,1,0,0,0,0,0,0
경부선,서울,선기졸음쉼터,04:00-05:00,8,3,0,2,2,1,0,0,0,0,0,0,0
경부선,서울,선기졸음쉼터,05:00-06:00,9,4,0,0,1,3,1,0,0,0,0,0,0
경부선,서울,선기졸음쉼터,06:00-07:00,17,8,0,4,0,2,0,0,0,0,2,0,1
경부선,서울,지천졸음쉼터,07:00-08:00,38,24,3,4,1,3,0,0,0,0,1,0,2
경부선,서울,지천졸음쉼터,08:00-09:00,51,33,1,14,1,1,1,0,0,0,0,0,0
경부선,서울,지천졸음쉼터,09:00-10:00,60,36,0,15,5,3,1,0,0,0,0,0,0
경부선,서울,지천졸음쉼터,10:00-11:00,73,43,0,25,2,2,0,0,0,0,0,0,1
경부선,서울,지천졸음쉼터,11:00-12:00,63,31,1,23,4,2,0,2,0,0,0,0,0
경부선,서울,지천졸음쉼터,12:00-13:00,50,40,0,7,2,1,0,0,0,0,0,0,0
경부선,서울,지천졸음쉼터,13:00-14:00,71,50,0,17,3,1,0,0,0,0,0,0,0
경부선,서울,지천졸음쉼터,14:00-15:00,58,38,0,14,2,3,1,0,0,0,0,0,0
경부선,서울,지천졸음쉼터,15:00-16:00,59,42,0,14,3,0,0,0,0,0,0,0,0
경부선,서울,지천졸음쉼터,16:00-17:00,62,44,0,12,3,2,1,0,0,0,0,0,0
경부선,서울,지천졸음쉼터,17:00-18:00,52,42,0,7,3,0,0,0,0,0,0,0,0
경부선,서울,지천졸음쉼터,18:00-19:00,42,35,0,4,1,2,0,0,0,0,0,0,0
경부선,서울,지천졸음쉼터,19:00-20:00,22,15,0,5,1,1,0,0,0,0,0,0,0
경부선,서울,지천졸음쉼터,20:00-21:00,18,13,0,2,1,2,0,0,0,0,0,0,0
경부선,서울,지천졸음쉼터,21:00-22:00,15,13,0,0,0,1,0,0,0,0,0,1,0
경부선,서울,지천졸음쉼터,22:00-23:00,18,9,0,0,3,3,0,1,0,0,1,0,1
경부선,서울,지천졸음쉼터,23:00-24:00,14,9,0,0,0,2,0,0,0,0,1,1,1
경부선,서울,지천졸음쉼터,00:00-01:00,5,1,0,0,1,2,0,0,0,0,0,0,1
경부선,서울,지천졸음쉼터,01:00-02:00,10,5,0,0,0,1,0,0,0,0,1,0,3
경부선,서울,지천졸음쉼터,02:00-03:00,9,2,1,2,1,1,0,0,0,0,1,0,1
경부선,서울,지천졸음쉼터,03:00-04:00,4,3,1,0,0,0,0,0,0,0,0,0,0
경부선,서울,지천졸음쉼터,04:00-05:00,8,5,0,2,0,1,0,0,0,0,0,0,0
경부선,서울,지천졸음쉼터,05:00-06:00,16,11,0,1,1,1,1,0,0,0,1,0,0
경부선,서울,지천졸음쉼터,06:00-07:00,28,22,0,4,0,1,1,0,0,0,0,0,0
경부선,부산,하빈졸음쉼터,07:00-08:00,46,17,4,9,10,3,0,1,0,0,0,0,2
경부선,부산,하빈졸음쉼터,08:00-09:00,46,23,0,14,5,0,2,0,0,0,1,0,1
경부선,부산,하빈졸음쉼터,09:00-10:00,51,28,1,13,2,4,0,1,0,0,1,0,1
경부선,부산,하빈졸음쉼터,10:00-11:00,58,36,0,14,7,0,1,0,0,0,0,0,0
경부선,부산,하빈졸음쉼터,11:00-12:00,79,47,0,14,7,6,2,1,0,0,0,1,1
경부선,부산,하빈졸음쉼터,12:00-13:00,73,42,0,12,10,3,3,2,0,0,1,0,0
경부선,부산,하빈졸음쉼터,13:00-14:00,82,58,0,15,3,3,1,1,0,0,0,0,1
경부선,부산,하빈졸음쉼터,14:00-15:00,87,57,0,16,7,3,0,0,0,0,0,0,4
경부선,부산,하빈졸음쉼터,15:00-16:00,82,55,0,19,6,1,0,0,0,0,0,0,1
경부선,부산,하빈졸음쉼터,16:00-17:00,87,65,0,12,5,3,0,0,0,0,0,0,2
경부선,부산,하빈졸음쉼터,17:00-18:00,67,46,1,16,2,0,1,1,0,0,0,0,0
경부선,부산,하빈졸음쉼터,18:00-19:00,62,48,0,11,2,1,0,0,0,0,0,0,0
경부선,부산,하빈졸음쉼터,19:00-20:00,43,28,0,10,1,2,0,2,0,0,0,0,0
경부선,부산,하빈졸음쉼터,20:00-21:00,29,20,1,1,0,5,1,0,0,0,0,0,1
경부선,부산,하빈졸음쉼터,21:00-22:00,31,20,0,1,2,4,0,2,0,0,1,0,1
경부선,부산,하빈졸음쉼터,22:00-23:00,18,11,0,0,2,2,0,1,0,0,1,0,1
경부선,부산,하빈졸음쉼터,23:00-24:00,24,13,0,1,1,5,0,1,0,0,2,0,1
경부선,부산,하빈졸음쉼터,00:00-01:00,15,8,0,0,0,4,0,2,0,0,0,0,1
경부선,부산,하빈졸음쉼터,01:00-02:00,15,9,0,3,0,1,0,0,0,0,0,0,2
경부선,부산,하빈졸음쉼터,02:00-03:00,8,6,0,0,0,1,0,1,0,0,0,0,0
경부선,부산,하빈졸음쉼터,03:00-04:00,12,2,0,3,2,3,1,1,0,0,0,0,0
경부선,부산,하빈졸음쉼터,04:00-05:00,12,5,0,1,2,2,2,0,0,0,0,0,0
경부선,부산,하빈졸음쉼터,05:00-06:00,16,7,0,2,3,2,2,0,0,0,0,0,0
경부선,부산,하빈졸음쉼터,06:00-07:00,24,7,0,6,3,5,2,1,0,0,0,0,0
경부선,부산,검단졸음쉼터,07:00-08:00,37,16,0,13,3,2,1,1,0,0,1,0,0
경부선,부산,검단졸음쉼터,08:00-09:00,52,28,0,16,5,2,0,0,0,0,0,0,1
경부선,부산,검단졸음쉼터,09:00-10:00,64,33,0,18,6,4,2,0,0,0,0,0,1
경부선,부산,검단졸음쉼터,10:00-11:00,55,34,1,15,3,1,0,0,0,0,1,0,0
경부선,부산,검단졸음쉼터,11:00-12:00,60,34,0,16,4,4,2,0,0,0,0,0,0
경부선,부산,검단졸음쉼터,12:00-13:00,36,16,0,13,4,0,1,0,0,0,1,0,1
경부선,부산,검단졸음쉼터,13:00-14:00,56,36,0,14,3,2,0,0,0,0,1,0,0
경부선,부산,검단졸음쉼터,14:00-15:00,70,47,0,18,3,0,1,1,0,0,0,0,0
경부선,부산,검단졸음쉼터,15:00-16:00,55,33,0,16,4,2,0,0,0,0,0,0,0
경부선,부산,검단졸음쉼터,16:00-17:00,41,31,1,7,0,0,1,0,0,0,1,0,0
경부선,부산,검단졸음쉼터,17:00-18:00,33,23,0,7,1,2,0,0,0,0,0,0,0
경부선,부산,검단졸음쉼터,18:00-19:00,44,37,0,6,0,0,0,0,0,0,1,0,0
경부선,부산,검단졸음쉼터,19:00-20:00,41,36,0,1,1,3,0,0,0,0,0,0,0
경부선,부산,검단졸음쉼터,20:00-21:00,31,24,0,4,0,1,2,0,0,0,0,0,0
경부선,부산,검단졸음쉼터,21:00-22:00,22,16,0,2,0,4,0,0,0,0,0,0,0
경부선,부산,검단졸음쉼터,22:00-23:00,12,8,0,2,0,1,1,0,0,0,0,0,0
경부선,부산,검단졸음쉼터,23:00-24:00,11,7,0,0,1,2,0,0,0,0,0,0,1
경부선,부산,검단졸음쉼터,00:00-01:00,4,4,0,0,0,0,0,0,0,0,0,0,0
경부선,부산,검단졸음쉼터,01:00-02:00,7,4,0,0,2,0,1,0,0,0,0,0,0
경부선,부산,검단졸음쉼터,02:00-03:00,7,4,0,1,0,2,0,0,0,0,0,0,0
경부선,부산,검단졸음쉼터,03:00-04:00,10,3,0,2,2,3,0,0,0,0,0,0,0
경부선,부산,검단졸음쉼터,04:00-05:00,4,4,0,0,0,0,0,0,0,0,0,0,0
경부선,부산,검단졸음쉼터,05:00-06:00,15,3,0,4,3,4,1,0,0,0,0,0,0
경부선,부산,검단졸음쉼터,06:00-07:00,23,13,1,4,1,4,0,0,0,0,0,0,0
경부선,서울,검단졸음쉼터,07:00-08:00,47,31,0,7,4,2,2,1,0,0,0,0,0
경부선,서울,검단졸음쉼터,08:00-09:00,52,32,1,9,4,5,0,1,0,0,0,0,0
경부선,서울,검단졸음쉼터,09:00-10:00,80,46,0,12,14,5,2,1,0,0,0,0,0
경부선,서울,검단졸음쉼터,10:00-11:00,65,35,0,20,6,2,2,0,0,0,0,0,0
경부선,서울,검단졸음쉼터,11:00-12:00,49,28,0,15,3,2,1,0,0,0,0,0,0
경부선,서울,검단졸음쉼터,12:00-13:00,39,21,0,15,0,1,1,1,0,0,0,0,0
경부선,서울,검단졸음쉼터,13:00-14:00,73,52,0,16,1,3,1,0,0,0,0,0,0
경부선,서울,검단졸음쉼터,14:00-15:00,96,72,0,17,0,3,1,3,0,0,0,0,0
경부선,서울,검단졸음쉼터,15:00-16:00,97,60,0,24,7,2,2,1,0,0,1,0,0
경부선,서울,검단졸음쉼터,16:00-17:00,89,65,0,17,5,2,0,0,0,0,0,0,0
경부선,서울,검단졸음쉼터,17:00-18:00,71,53,0,14,1,1,2,0,0,0,0,0,0
경부선,서울,검단졸음쉼터,18:00-19:00,38,29,0,8,1,0,0,0,0,0,0,0,0
경부선,서울,검단졸음쉼터,19:00-20:00,41,30,0,9,0,0,2,0,0,0,0,0,0
경부선,서울,검단졸음쉼터,20:00-21:00,29,24,0,4,1,0,0,0,0,0,0,0,0
경부선,서울,검단졸음쉼터,21:00-22:00,18,13,0,2,1,1,0,1,0,0,0,0,0
경부선,서울,검단졸음쉼터,22:00-23:00,14,6,0,2,2,1,1,0,0,0,2,0,0
경부선,서울,검단졸음쉼터,23:00-24:00,9,5,0,1,0,1,0,0,0,0,0,1,1
경부선,서울,검단졸음쉼터,00:00-01:00,14,8,0,4,1,0,0,0,0,0,1,0,0
경부선,서울,검단졸음쉼터,01:00-02:00,9,4,0,4,0,1,0,0,0,0,0,0,0
경부선,서울,검단졸음쉼터,02:00-03:00,10,3,0,0,1,3,0,1,0,0,0,0,2
경부선,서울,검단졸음쉼터,03:00-04:00,11,9,0,0,1,0,1,0,0,0,0,0,0
경부선,서울,검단졸음쉼터,04:00-05:00,11,1,0,2,3,2,1,0,0,0,0,0,2
경부선,서울,검단졸음쉼터,05:00-06:00,15,6,0,5,3,0,0,0,0,0,0,0,1
경부선,서울,검단졸음쉼터,06:00-07:00,22,12,0,5,3,2,0,0,0,0,0,0,0
경부선,서울,삼남졸음쉼터,07:00-08:00,43,24,0,10,7,1,0,0,0,0,1,0,0
경부선,서울,삼남졸음쉼터,08:00-09:00,35,23,0,7,0,3,1,0,0,0,1,0,0
경부선,서울,삼남졸음쉼터,09:00-10:00,65,41,0,16,3,5,0,0,0,0,0,0,0
경부선,서울,삼남졸음쉼터,10:00-11:00,60,38,0,10,8,3,0,0,1,0,0,0,0
경부선,서울,삼남졸음쉼터,11:00-12:00,72,50,0,15,3,2,1,0,0,0,1,0,0
경부선,서울,삼남졸음쉼터,12:00-13:00,52,29,1,12,3,5,0,0,0,0,2,0,0
경부선,서울,삼남졸음쉼터,13:00-14:00,60,44,0,9,2,2,0,0,1,0,2,0,0
경부선,서울,삼남졸음쉼터,14:00-15:00,60,36,0,13,7,4,0,0,0,0,0,0,0
경부선,서울,삼남졸음쉼터,15:00-16:00,56,38,1,5,9,2,0,0,0,0,1,0,0
경부선,서울,삼남졸음쉼터,16:00-17:00,44,32,0,5,3,4,0,0,0,0,0,0,0
경부선,서울,삼남졸음쉼터,17:00-18:00,27,14,1,5,2,2,2,0,1,0,0,0,0
경부선,서울,삼남졸음쉼터,18:00-19:00,30,24,0,5,0,1,0,0,0,0,0,0,0
경부선,서울,삼남졸음쉼터,19:00-20:00,18,16,0,2,0,0,0,0,0,0,0,0,0
경부선,서울,삼남졸음쉼터,20:00-21:00,16,14,0,0,1,1,0,0,0,0,0,0,0
경부선,서울,삼남졸음쉼터,21:00-22:00,13,12,0,0,1,0,0,0,0,0,0,0,0
경부선,서울,삼남졸음쉼터,22:00-23:00,10,7,0,1,0,2,0,0,0,0,0,0,0
경부선,서울,삼남졸음쉼터,23:00-24:00,9,9,0,0,0,0,0,0,0,0,0,0,0
경부선,서울,삼남졸음쉼터,00:00-01:00,9,5,1,1,0,1,0,1,0,0,0,0,0
경부선,서울,삼남졸음쉼터,01:00-02:00,3,1,0,1,0,1,0,0,0,0,0,0,0
경부선,서울,삼남졸음쉼터,02:00-03:00,3,2,0,1,0,0,0,0,0,0,0,0,0
경부선,서울,삼남졸음쉼터,03:00-04:00,9,3,0,2,0,1,1,0,0,0,2,0,0
경부선,서울,삼남졸음쉼터,04:00-05:00,12,5,0,3,0,2,0,0,0,0,1,0,1
경부선,서울,삼남졸음쉼터,05:00-06:00,19,6,0,9,1,0,0,1,0,0,2,0,0
경부선,서울,삼남졸음쉼터,06:00-07:00,42,20,0,12,5,3,0,0,2,0,0,0,0
경부선,부산,양산졸음쉼터,07:00-08:00,18,10,2,1,1,1,2,1,0,0,0,0,0
경부선,부산,양산졸음쉼터,08:00-09:00,25,12,0,7,3,3,0,0,0,0,0,0,0
경부선,부산,양산졸음쉼터,09:00-10:00,26,12,0,11,2,0,0,1,0,0,0,0,0
경부선,부산,양산졸음쉼터,10:00-11:00,40,24,0,12,2,2,0,0,0,0,0,0,0
경부선,부산,양산졸음쉼터,11:00-12:00,44,27,0,13,2,1,0,0,0,0,0,0,1
경부선,부산,양산졸음쉼터,12:00-13:00,47,26,0,18,1,2,0,0,0,0,0,0,0
경부선,부산,양산졸음쉼터,13:00-14:00,47,31,0,13,1,2,0,0,0,0,0,0,0
경부선,부산,양산졸음쉼터,14:00-15:00,59,40,1,11,4,1,2,0,0,0,0,0,0
경부선,부산,양산졸음쉼터,15:00-16:00,59,38,0,18,1,2,0,0,0,0,0,0,0
경부선,부산,양산졸음쉼터,16:00-17:00,59,48,1,10,0,0,0,0,0,0,0,0,0
경부선,부산,양산졸음쉼터,17:00-18:00,50,42,0,7,1,0,0,0,0,0,0,0,0
경부선,부산,양산졸음쉼터,18:00-19:00,40,29,0,8,0,1,1,1,0,0,0,0,0
경부선,부산,양산졸음쉼터,19:00-20:00,31,22,1,5,0,1,0,2,0,0,0,0,0
경부선,부산,양산졸음쉼터,20:00-21:00,30,24,0,2,1,1,1,1,0,0,0,0,0
경부선,부산,양산졸음쉼터,21:00-22:00,15,12,0,2,0,0,0,1,0,0,0,0,0
경부선,부산,양산졸음쉼터,22:00-23:00,8,8,0,0,0,0,0,0,0,0,0,0,0
경부선,부산,양산졸음쉼터,23:00-24:00,8,7,0,1,0,0,0,0,0,0,0,0,0
경부선,부산,양산졸음쉼터,00:00-01:00,4,2,0,2,0,0,0,0,0,0,0,0,0
경부선,부산,양산졸음쉼터,01:00-02:00,4,1,0,2,0,0,0,1,0,0,0,0,0
경부선,부산,양산졸음쉼터,02:00-03:00,3,3,0,0,0,0,0,0,0,0,0,0,0
경부선,부산,양산졸음쉼터,03:00-04:00,3,2,0,0,0,0,0,0,0,0,1,0,0
경부선,부산,양산졸음쉼터,04:00-05:00,7,3,0,3,0,1,0,0,0,0,0,0,0
경부선,부산,양산졸음쉼터,05:00-06:00,8,4,0,1,1,1,1,0,0,0,0,0,0
경부선,부산,양산졸음쉼터,06:00-07:00,10,4,0,1,4,1,0,0,0,0,0,0,0
고창담양선,고창,장성물류졸음쉼터,07:00-08:00,15,14,0,1,0,0,0,0,0,0,0,0,0
고창담양선,고창,장성물류졸음쉼터,08:00-09:00,19,10,0,5,2,2,0,0,0,0,0,0,0
고창담양선,고창,장성물류졸음쉼터,09:00-10:00,14,9,0,2,1,1,1,0,0,0,0,0,0
고창담양선,고창,장성물류졸음쉼터,10:00-11:00,19,11,1,5,1,1,0,0,0,0,0,0,0
고창담양선,고창,장성물류졸음쉼터,11:00-12:00,15,7,0,7,0,1,0,0,0,0,0,0,0
고창담양선,고창,장성물류졸음쉼터,12:00-13:00,21,17,0,3,1,0,0,0,0,0,0,0,0
고창담양선,고창,장성물류졸음쉼터,13:00-14:00,19,12,0,4,2,1,0,0,0,0,0,0,0
고창담양선,고창,장성물류졸음쉼터,14:00-15:00,21,19,0,1,1,0,0,0,0,0,0,0,0
고창담양선,고창,장성물류졸음쉼터,15:00-16:00,18,13,0,4,0,1,0,0,0,0,0,0,0
고창담양선,고창,장성물류졸음쉼터,16:00-17:00,13,12,0,1,0,0,0,0,0,0,0,0,0
고창담양선,고창,장성물류졸음쉼터,17:00-18:00,11,8,0,3,0,0,0,0,0,0,0,0,0
고창담양선,고창,장성물류졸음쉼터,18:00-19:00,12,9,0,2,1,0,0,0,0,0,0,0,0
고창담양선,고창,장성물류졸음쉼터,19:00-20:00,9,7,0,2,0,0,0,0,0,0,0,0,0
고창담양선,고창,장성물류졸음쉼터,20:00-21:00,3,3,0,0,0,0,0,0,0,0,0,0,0
고창담양선,고창,장성물류졸음쉼터,21:00-22:00,6,4,0,0,2,0,0,0,0,0,0,0,0
고창담양선,고창,장성물류졸음쉼터,22:00-23:00,4,4,0,0,0,0,0,0,0,0,0,0,0
고창담양선,고창,장성물류졸음쉼터,23:00-24:00,1,0,0,0,0,1,0,0,0,0,0,0,0
고창담양선,고창,장성물류졸음쉼터,00:00-01:00,0,0,0,0,0,0,0,0,0,0,0,0,0
고창담양선,고창,장성물류졸음쉼터,01:00-02:00,0,0,0,0,0,0,0,0,0,0,0,0,0
고창담양선,고창,장성물류졸음쉼터,02:00-03:00,0,0,0,0,0,0,0,0,0,0,0,0,0
고창담양선,고창,장성물류졸음쉼터,03:00-04:00,0,0,0,0,0,0,0,0,0,0,0,0,0
고창담양선,고창,장성물류졸음쉼터,04:00-05:00,2,0,0,0,0,2,0,0,0,0,0,0,0
고창담양선,고창,장성물류졸음쉼터,05:00-06:00,2,1,0,1,0,0,0,0,0,0,0,0,0
고창담양선,고창,장성물류졸음쉼터,06:00-07:00,6,5,0,0,0,1,0,0,0,0,0,0,0
고창담양선,고창,태령졸음쉼터,07:00-08:00,11,4,0,2,2,0,0,0,0,0,0,0,3
고창담양선,고창,태령졸음쉼터,08:00-09:00,23,15,0,5,3,0,0,0,0,0,0,0,0
고창담양선,고창,태령졸음쉼터,09:00-10:00,21,15,1,3,2,0,0,0,0,0,0,0,0
고창담양선,고창,태령졸음쉼터,10:00-11:00,23,18,0,4,1,0,0,0,0,0,0,0,0
고창담양선,고창,태령졸음쉼터,11:00-12:00,22,11,0,4,5,2,0,0,0,0,0,0,0
고창담양선,고창,태령졸음쉼터,12:00-13:00,17,10,0,6,1,0,0,0,0,0,0,0,0
고창담양선,고창,태령졸음쉼터,13:00-14:00,15,5,0,8,1,1,0,0,0,0,0,0,0
고창담양선,고창,태령졸음쉼터,14:00-15:00,27,21,0,4,1,0,0,0,0,0,1,0,0
고창담양선,고창,태령졸음쉼터,15:00-16:00,20,13,0,6,1,0,0,0,0,0,0,0,0
고창담양선,고창,태령졸음쉼터,16:00-17:00,32,23,0,9,0,0,0,0,0,0,0,0,0
고창담양선,고창,태령졸음쉼터,17:00-18:00,30,27,0,3,0,0,0,0,0,0,0,0,0
고창담양선,고창,태령졸음쉼터,18:00-19:00,25,21,0,3,1,0,0,0,0,0,0,0,0
고창담양선,고창,태령졸음쉼터,19:00-20:00,16,13,0,2,1,0,0,0,0,0,0,0,0
고창담양선,고창,태령졸음쉼터,20:00-21:00,2,2,0,0,0,0,0,0,0,0,0,0,0
고창담양선,고창,태령졸음쉼터,21:00-22:00,3,3,0,0,0,0,0,0,0,0,0,0,0
고창담양선,고창,태령졸음쉼터,22:00-23:00,6,5,0,1,0,0,0,0,0,0,0,0,0
고창담양선,고창,태령졸음쉼터,23:00-24:00,1,1,0,0,0,0,0,0,0,0,0,0,0
고창담양선,고창,태령졸음쉼터,00:00-01:00,2,1,0,0,0,1,0,0,0,0,0,0,0
고창담양선,고창,태령졸음쉼터,01:00-02:00,3,2,0,0,0,1,0,0,0,0,0,0,0
고창담양선,고창,태령졸음쉼터,02:00-03:00,1,1,0,0,0,0,0,0,0,0,0,0,0
고창담양선,고창,태령졸음쉼터,03:00-04:00,1,1,0,0,0,0,0,0,0,0,0,0,0
고창담양선,고창,태령졸음쉼터,04:00-05:00,2,0,0,0,1,0,1,0,0,0,0,0,0
고창담양선,고창,태령졸음쉼터,05:00-06:00,2,1,0,0,1,0,0,0,0,0,0,0,0
고창담양선,고창,태령졸음쉼터,06:00-07:00,8,3,0,1,2,1,0,0,0,0,1,0,0
광주대구선,대구,담양졸음쉼터,07:00-08:00,11,8,0,1,2,0,0,0,0,0,0,0,0
광주대구선,대구,담양졸음쉼터,08:00-09:00,21,15,1,3,2,0,0,0,0,0,0,0,0
광주대구선,대구,담양졸음쉼터,09:00-10:00,24,13,0,6,3,0,1,1,0,0,0,0,0
광주대구선,대구,담양졸음쉼터,10:00-11:00,15,10,2,1,1,1,0,0,0,0,0,0,0
광주대구선,대구,담양졸음쉼터,11:00-12:00,29,23,0,5,0,1,0,0,0,0,0,0,0
광주대구선,대구,담양졸음쉼터,12:00-13:00,14,9,0,4,0,1,0,0,0,0,0,0,0
광주대구선,대구,담양졸음쉼터,13:00-14:00,22,16,0,6,0,0,0,0,0,0,0,0,0
광주대구선,대구,담양졸음쉼터,14:00-15:00,32,22,0,10,0,0,0,0,0,0,0,0,0
광주대구선,대구,담양졸음쉼터,15:00-16:00,25,20,1,4,0,0,0,0,0,0,0,0,0
광주대구선,대구,담양졸음쉼터,16:00-17:00,19,15,0,3,0,1,0,0,0,0,0,0,0
광주대구선,대구,담양졸음쉼터,17:00-18:00,11,8,1,2,0,0,0,0,0,0,0,0,0
광주대구선,대구,담양졸음쉼터,18:00-19:00,16,14,0,1,0,0,1,0,0,0,0,0,0
광주대구선,대구,담양졸음쉼터,19:00-20:00,9,8,0,0,0,0,1,0,0,0,0,0,0
광주대구선,대구,담양졸음쉼터,20:00-21:00,8,7,0,0,1,0,0,0,0,0,0,0,0
광주대구선,대구,담양졸음쉼터,21:00-22:00,2,1,0,0,0,1,0,0,0,0,0,0,0
광주대구선,대구,담양졸음쉼터,22:00-23:00,4,3,0,1,0,0,0,0,0,0,0,0,0
광주대구선,대구,담양졸음쉼터,23:00-24:00,5,3,0,0,0,1,1,0,0,0,0,0,0
광주대구선,대구,담양졸음쉼터,00:00-01:00,1,0,0,0,1,0,0,0,0,0,0,0,0
광주대구선,대구,담양졸음쉼터,01:00-02:00,6,6,0,0,0,0,0,0,0,0,0,0,0
광주대구선,대구,담양졸음쉼터,02:00-03:00,4,2,0,1,1,0,0,0,0,0,0,0,0
광주대구선,대구,담양졸음쉼터,03:00-04:00,2,1,0,0,0,0,1,0,0,0,0,0,0
광주대구선,대구,담양졸음쉼터,04:00-05:00,0,0,0,0,0,0,0,0,0,0,0,0,0
광주대구선,대구,담양졸음쉼터,05:00-06:00,3,1,0,2,0,0,0,0,0,0,0,0,0
광주대구선,대구,담양졸음쉼터,06:00-07:00,10,5,0,4,1,0,0,0,0,0,0,0,0
구리포천선,포천,소홀졸음쉼터,07:00-08:00,35,19,0,9,1,3,0,0,0,0,3,0,0
구리포천선,포천,소홀졸음쉼터,08:00-09:00,46,36,0,8,1,0,1,0,0,0,0,0,0
구리포천선,포천,소홀졸음쉼터,09:00-10:00,51,39,5,3,2,1,0,0,0,0,1,0,0
구리포천선,포천,소홀졸음쉼터,10:00-11:00,75,55,3,12,4,1,0,0,0,0,0,0,0
구리포천선,포천,소홀졸음쉼터,11:00-12:00,56,48,0,8,0,0,0,0,0,0,0,0,0
구리포천선,포천,소홀졸음쉼터,12:00-13:00,69,47,0,17,3,2,0,0,0,0,0,0,0
구리포천선,포천,소홀졸음쉼터,13:00-14:00,53,34,0,11,2,3,1,2,0,0,0,0,0
구리포천선,포천,소홀졸음쉼터,14:00-15:00,51,25,0,17,5,2,1,1,0,0,0,0,0
구리포천선,포천,소홀졸음쉼터,15:00-16:00,43,27,1,8,4,2,1,0,0,0,0,0,0
구리포천선,포천,소홀졸음쉼터,16:00-17:00,36,22,0,11,2,1,0,0,0,0,0,0,0
구리포천선,포천,소홀졸음쉼터,17:00-18:00,24,13,1,8,2,0,0,0,0,0,0,0,0
구리포천선,포천,소홀졸음쉼터,18:00-19:00,4,3,0,1,0,0,0,0,0,0,0,0,0
구리포천선,포천,소홀졸음쉼터,19:00-20:00,11,8,0,2,1,0,0,0,0,0,0,0,0
구리포천선,포천,소홀졸음쉼터,20:00-21:00,14,12,0,1,0,1,0,0,0,0,0,0,0
구리포천선,포천,소홀졸음쉼터,21:00-22:00,11,8,1,1,0,1,0,0,0,0,0,0,0
구리포천선,포천,소홀졸음쉼터,22:00-23:00,10,10,0,0,0,0,0,0,0,0,0,0,0
구리포천선,포천,소홀졸음쉼터,23:00-24:00,7,4,0,1,0,0,1,0,0,0,1,0,0
구리포천선,포천,소홀졸음쉼터,00:00-01:00,5,1,0,0,1,0,1,2,0,0,0,0,0
구리포천선,포천,소홀졸음쉼터,01:00-02:00,3,1,0,1,0,1,0,0,0,0,0,0,0
구리포천선,포천,소홀졸음쉼터,02:00-03:00,2,0,0,1,1,0,0,0,0,0,0,0,0
구리포천선,포천,소홀졸음쉼터,03:00-04:00,4,2,0,1,0,0,1,0,0,0,0,0,0
구리포천선,포천,소홀졸음쉼터,04:00-05:00,7,2,0,2,0,1,1,1,0,0,0,0,0
구리포천선,포천,소홀졸음쉼터,05:00-06:00,10,6,0,4,0,0,0,0,0,0,0,0,0
구리포천선,포천,소홀졸음쉼터,06:00-07:00,34,21,0,4,2,3,2,0,0,0,2,0,0
구리포천선,구리,소홀졸음쉼터,07:00-08:00,16,9,0,4,1,1,0,1,0,0,0,0,0
구리포천선,구리,소홀졸음쉼터,08:00-09:00,33,12,1,13,4,0,1,2,0,0,0,0,0
구리포천선,구리,소홀졸음쉼터,09:00-10:00,38,21,0,15,1,1,0,0,0,0,0,0,0
구리포천선,구리,소홀졸음쉼터,10:00-11:00,32,11,0,11,4,2,1,1,0,0,2,0,0
구리포천선,구리,소홀졸음쉼터,11:00-12:00,47,23,0,16,3,2,0,2,0,0,1,0,0
구리포천선,구리,소홀졸음쉼터,12:00-13:00,32,24,0,8,0,0,0,0,0,0,0,0,0
구리포천선,구리,소홀졸음쉼터,13:00-14:00,53,42,0,8,1,1,0,0,0,0,1,0,0
구리포천선,구리,소홀졸음쉼터,14:00-15:00,58,40,0,16,0,1,1,0,0,0,0,0,0
구리포천선,구리,소홀졸음쉼터,15:00-16:00,66,56,4,4,1,0,1,0,0,0,0,0,0
구리포천선,구리,소홀졸음쉼터,16:00-17:00,57,44,2,8,2,1,0,0,0,0,0,0,0
구리포천선,구리,소홀졸음쉼터,17:00-18:00,32,23,0,5,3,0,1,0,0,0,0,0,0
구리포천선,구리,소홀졸음쉼터,18:00-19:00,41,36,0,4,0,1,0,0,0,0,0,0,0
구리포천선,구리,소홀졸음쉼터,19:00-20:00,24,19,0,5,0,0,0,0,0,0,0,0,0
구리포천선,구리,소홀졸음쉼터,20:00-21:00,18,11,0,3,2,0,0,1,0,0,1,0,0
구리포천선,구리,소홀졸음쉼터,21:00-22:00,7,7,0,0,0,0,0,0,0,0,0,0,0
구리포천선,구리,소홀졸음쉼터,22:00-23:00,8,7,0,1,0,0,0,0,0,0,0,0,0
구리포천선,구리,소홀졸음쉼터,23:00-24:00,4,3,0,1,0,0,0,0,0,0,0,0,0
구리포천선,구리,소홀졸음쉼터,00:00-01:00,3,3,0,0,0,0,0,0,0,0,0,0,0
구리포천선,구리,소홀졸음쉼터,01:00-02:00,3,2,0,0,0,0,0,1,0,0,0,0,0
구리포천선,구리,소홀졸음쉼터,02:00-03:00,1,1,0,0,0,0,0,0,0,0,0,0,0
구리포천선,구리,소홀졸음쉼터,03:00-04:00,1,0,0,1,0,0,0,0,0,0,0,0,0
구리포천선,구리,소홀졸음쉼터,04:00-05:00,7,2,0,3,0,1,1,0,0,0,0,0,0
구리포천선,구리,소홀졸음쉼터,05:00-06:00,5,1,0,1,1,0,2,0,0,0,0,0,0
구리포천선,구리,소홀졸음쉼터,06:00-07:00,10,5,0,5,0,0,0,0,0,0,0,0,0
남해선(순천부산),순천,순천졸음쉼터,07:00-08:00,6,3,0,1,2,0,0,0,0,0,0,0,0
남해선(순천부산),순천,순천졸음쉼터,08:00-09:00,3,1,0,1,0,0,0,0,0,0,0,1,0
남해선(순천부산),순천,순천졸음쉼터,09:00-10:00,3,2,0,1,0,0,0,0,0,0,0,0,0
남해선(순천부산),순천,순천졸음쉼터,10:00-11:00,4,1,0,0,2,1,0,0,0,0,0,0,0
남해선(순천부산),순천,순천졸음쉼터,11:00-12:00,3,1,0,1,1,0,0,0,0,0,0,0,0
남해선(순천부산),순천,순천졸음쉼터,12:00-13:00,3,2,0,0,1,0,0,0,0,0,0,0,0
남해선(순천부산),순천,순천졸음쉼터,13:00-14:00,8,5,0,2,1,0,0,0,0,0,0,0,0
남해선(순천부산),순천,순천졸음쉼터,14:00-15:00,2,1,0,1,0,0,0,0,0,0,0,0,0
남해선(순천부산),순천,순천졸음쉼터,15:00-16:00,5,1,0,2,1,0,1,0,0,0,0,0,0
남해선(순천부산),순천,순천졸음쉼터,16:00-17:00,6,3,0,1,1,1,0,0,0,0,0,0,0
남해선(순천부산),순천,순천졸음쉼터,17:00-18:00,2,1,0,0,0,1,0,0,0,0,0,0,0
남해선(순천부산),순천,순천졸음쉼터,18:00-19:00,1,0,0,0,0,1,0,0,0,0,0,0,0
남해선(순천부산),순천,순천졸음쉼터,19:00-20:00,2,2,0,0,0,0,0,0,0,0,0,0,0
남해선(순천부산),순천,순천졸음쉼터,20:00-21:00,2,1,0,0,1,0,0,0,0,0,0,0,0
남해선(순천부산),순천,순천졸음쉼터,21:00-22:00,3,2,0,1,0,0,0,0,0,0,0,0,0
남해선(순천부산),순천,순천졸음쉼터,22:00-23:00,2,2,0,0,0,0,0,0,0,0,0,0,0
남해선(순천부산),순천,순천졸음쉼터,23:00-24:00,2,2,0,0,0,0,0,0,0,0,0,0,0
남해선(순천부산),순천,순천졸음쉼터,00:00-01:00,0,0,0,0,0,0,0,0,0,0,0,0,0
남해선(순천부산),순천,순천졸음쉼터,01:00-02:00,1,0,0,0,0,0,0,1,0,0,0,0,0
남해선(순천부산),순천,순천졸음쉼터,02:00-03:00,2,0,0,0,1,0,0,0,0,0,0,0,1
남해선(순천부산),순천,순천졸음쉼터,03:00-04:00,2,0,0,1,0,1,0,0,0,0,0,0,0
남해선(순천부산),순천,순천졸음쉼터,04:00-05:00,7,1,0,3,0,1,0,0,0,0,0,0,2
남해선(순천부산),순천,순천졸음쉼터,05:00-06:00,3,0,0,2,1,0,0,0,0,0,0,0,0
남해선(순천부산),순천,순천졸음쉼터,06:00-07:00,6,1,0,1,2,2,0,0,0,0,0,0,0
남해선(순천부산),순천,김해졸음쉼터,07:00-08:00,33,28,0,2,0,0,3,0,0,0,0,0,0
남해선(순천부산),순천,김해졸음쉼터,08:00-09:00,47,32,1,12,0,1,0,1,0,0,0,0,0
남해선(순천부산),순천,김해졸음쉼터,09:00-10:00,58,40,0,18,0,0,0,0,0,0,0,0,0
남해선(순천부산),순천,김해졸음쉼터,10:00-11:00,47,40,0,6,0,0,1,0,0,0,0,0,0
남해선(순천부산),순천,김해졸음쉼터,11:00-12:00,50,33,0,13,1,0,0,3,0,0,0,0,0
남해선(순천부산),순천,김해졸음쉼터,12:00-13:00,45,37,0,4,2,1,0,1,0,0,0,0,0
남해선(순천부산),순천,김해졸음쉼터,13:00-14:00,51,39,0,12,0,0,0,0,0,0,0,0,0
남해선(순천부산),순천,김해졸음쉼터,14:00-15:00,62,46,0,15,1,0,0,0,0,0,0,0,0
남해선(순천부산),순천,김해졸음쉼터,15:00-16:00,45,34,0,8,2,0,1,0,0,0,0,0,0
남해선(순천부산),순천,김해졸음쉼터,16:00-17:00,34,21,0,10,1,1,1,0,0,0,0,0,0
남해선(순천부산),순천,김해졸음쉼터,17:00-18:00,32,27,0,4,0,0,0,1,0,0,0,0,0
남해선(순천부산),순천,김해졸음쉼터,18:00-19:00,36,32,0,2,1,1,0,0,0,0,0,0,0
남해선(순천부산),순천,김해졸음쉼터,19:00-20:00,14,14,0,0,0,0,0,0,0,0,0,0,0
남해선(순천부산),순천,김해졸음쉼터,20:00-21:00,17,16,0,1,0,0,0,0,0,0,0,0,0
남해선(순천부산),순천,김해졸음쉼터,21:00-22:00,15,15,0,0,0,0,0,0,0,0,0,0,0
남해선(순천부산),순천,김해졸음쉼터,22:00-23:00,10,9,0,1,0,0,0,0,0,0,0,0,0
남해선(순천부산),순천,김해졸음쉼터,23:00-24:00,2,2,0,0,0,0,0,0,0,0,0,0,0
남해선(순천부산),순천,김해졸음쉼터,00:00-01:00,1,1,0,0,0,0,0,0,0,0,0,0,0
남해선(순천부산),순천,김해졸음쉼터,01:00-02:00,2,1,0,0,0,0,0,1,0,0,0,0,0
남해선(순천부산),순천,김해졸음쉼터,02:00-03:00,4,3,0,1,0,0,0,0,0,0,0,0,0
남해선(순천부산),순천,김해졸음쉼터,03:00-04:00,2,1,0,1,0,0,0,0,0,0,0,0,0
남해선(순천부산),순천,김해졸음쉼터,04:00-05:00,8,5,0,0,0,0,0,1,1,0,1,0,0
남해선(순천부산),순천,김해졸음쉼터,05:00-06:00,12,9,0,1,1,0,0,0,0,0,1,0,0
남해선(순천부산),순천,김해졸음쉼터,06:00-07:00,25,14,1,5,2,2,0,0,0,0,1,0,0
남해선(순천부산),부산,김해졸음쉼터,07:00-08:00,26,17,0,5,4,0,0,0,0,0,0,0,0
남해선(순천부산),부산,김해졸음쉼터,08:00-09:00,32,25,0,5,0,1,0,0,0,0,0,0,1
남해선(순천부산),부산,김해졸음쉼터,09:00-10:00,44,31,0,9,4,0,0,0,0,0,0,0,0
남해선(순천부산),부산,김해졸음쉼터,10:00-11:00,51,40,1,4,3,1,0,0,0,0,0,0,2
남해선(순천부산),부산,김해졸음쉼터,11:00-12:00,41,31,0,8,1,1,0,0,0,0,0,0,0
남해선(순천부산),부산,김해졸음쉼터,12:00-13:00,45,26,0,13,3,1,1,0,0,0,1,0,0
남해선(순천부산),부산,김해졸음쉼터,13:00-14:00,41,31,0,10,0,0,0,0,0,0,0,0,0
남해선(순천부산),부산,김해졸음쉼터,14:00-15:00,65,48,0,13,3,0,1,0,0,0,0,0,0
남해선(순천부산),부산,김해졸음쉼터,15:00-16:00,71,56,0,11,4,0,0,0,0,0,0,0,0
남해선(순천부산),부산,김해졸음쉼터,16:00-17:00,55,44,1,5,2,0,0,1,0,0,2,0,0
남해선(순천부산),부산,김해졸음쉼터,17:00-18:00,48,44,1,2,1,0,0,0,0,0,0,0,0
남해선(순천부산),부산,김해졸음쉼터,18:00-19:00,44,35,1,6,1,0,0,1,0,0,0,0,0
남해선(순천부산),부산,김해졸음쉼터,19:00-20:00,35,30,0,3,2,0,0,0,0,0,0,0,0
남해선(순천부산),부산,김해졸음쉼터,20:00-21:00,26,20,1,4,0,1,0,0,0,0,0,0,0
남해선(순천부산),부산,김해졸음쉼터,21:00-22:00,15,14,0,1,0,0,0,0,0,0,0,0,0
남해선(순천부산),부산,김해졸음쉼터,22:00-23:00,16,13,0,1,1,1,0,0,0,0,0,0,0
남해선(순천부산),부산,김해졸음쉼터,23:00-24:00,6,3,0,1,1,0,0,1,0,0,0,0,0
남해선(순천부산),부산,김해졸음쉼터,00:00-01:00,7,6,0,0,0,1,0,0,0,0,0,0,0
남해선(순천부산),부산,김해졸음쉼터,01:00-02:00,6,3,0,0,1,2,0,0,0,0,0,0,0
남해선(순천부산),부산,김해졸음쉼터,02:00-03:00,7,2,0,2,2,0,1,0,0,0,0,0,0
남해선(순천부산),부산,김해졸음쉼터,03:00-04:00,6,3,0,0,1,2,0,0,0,0,0,0,0
남해선(순천부산),부산,김해졸음쉼터,04:00-05:00,7,4,0,1,1,0,0,1,0,0,0,0,0
남해선(순천부산),부산,김해졸음쉼터,05:00-06:00,14,6,1,3,1,1,0,1,0,0,1,0,0
남해선(순천부산),부산,김해졸음쉼터,06:00-07:00,18,9,1,5,2,0,0,0,0,0,0,0,1
남해선(순천부산),부산,북창원졸음쉼터,07:00-08:00,23,7,1,9,3,3,0,0,0,0,0,0,0
남해선(순천부산),부산,북창원졸음쉼터,08:00-09:00,28,17,1,9,0,1,0,0,0,0,0,0,0
남해선(순천부산),부산,북창원졸음쉼터,09:00-10:00,39,26,0,11,2,0,0,0,0,0,0,0,0
남해선(순천부산),부산,북창원졸음쉼터,10:00-11:00,34,22,1,7,2,2,0,0,0,0,0,0,0
남해선(순천부산),부산,북창원졸음쉼터,11:00-12:00,35,26,0,7,2,0,0,0,0,0,0,0,0
남해선(순천부산),부산,북창원졸음쉼터,12:00-13:00,45,29,0,10,3,0,0,3,0,0,0,0,0
남해선(순천부산),부산,북창원졸음쉼터,13:00-14:00,42,34,0,5,0,1,1,1,0,0,0,0,0
남해선(순천부산),부산,북창원졸음쉼터,14:00-15:00,34,28,0,3,0,1,0,2,0,0,0,0,0
남해선(순천부산),부산,북창원졸음쉼터,15:00-16:00,37,29,0,7,1,0,0,0,0,0,0,0,0
남해선(순천부산),부산,북창원졸음쉼터,16:00-17:00,52,41,0,8,1,1,0,1,0,0,0,0,0
남해선(순천부산),부산,북창원졸음쉼터,17:00-18:00,49,38,0,10,1,0,0,0,0,0,0,0,0
남해선(순천부산),부산,북창원졸음쉼터,18:00-19:00,38,35,0,3,0,0,0,0,0,0,0,0,0
남해선(순천부산),부산,북창원졸음쉼터,19:00-20:00,32,29,0,2,0,1,0,0,0,0,0,0,0
남해선(순천부산),부산,북창원졸음쉼터,20:00-21:00,25,21,0,1,1,1,0,0,0,0,1,0,0
남해선(순천부산),부산,북창원졸음쉼터,21:00-22:00,21,18,0,1,0,2,0,0,0,0,0,0,0
남해선(순천부산),부산,북창원졸음쉼터,22:00-23:00,16,13,0,1,1,1,0,0,0,0,0,0,0
남해선(순천부산),부산,북창원졸음쉼터,23:00-24:00,10,7,0,0,1,2,0,0,0,0,0,0,0
남해선(순천부산),부산,북창원졸음쉼터,00:00-01:00,6,3,0,1,2,0,0,0,0,0,0,0,0
남해선(순천부산),부산,북창원졸음쉼터,01:00-02:00,11,7,0,2,0,1,0,0,0,0,0,0,1
남해선(순천부산),부산,북창원졸음쉼터,02:00-03:00,8,7,0,1,0,0,0,0,0,0,0,0,0
남해선(순천부산),부산,북창원졸음쉼터,03:00-04:00,5,3,0,1,0,0,1,0,0,0,0,0,0
남해선(순천부산),부산,북창원졸음쉼터,04:00-05:00,7,1,0,2,1,2,0,1,0,0,0,0,0
남해선(순천부산),부산,북창원졸음쉼터,05:00-06:00,6,3,0,1,1,0,1,0,0,0,0,0,0
남해선(순천부산),부산,북창원졸음쉼터,06:00-07:00,26,12,0,10,3,0,1,0,0,0,0,0,0
남해선(순천부산),부산,진례졸음쉼터,07:00-08:00,18,7,0,2,2,4,2,0,0,0,1,0,0
남해선(순천부산),부산,진례졸음쉼터,08:00-09:00,47,18,0,12,10,3,1,2,0,0,0,0,1
남해선(순천부산),부산,진례졸음쉼터,09:00-10:00,51,21,0,18,7,1,1,0,0,0,3,0,0
남해선(순천부산),부산,진례졸음쉼터,10:00-11:00,32,10,1,10,7,1,0,1,0,0,0,0,2
남해선(순천부산),부산,진례졸음쉼터,11:00-12:00,39,15,0,12,2,4,2,1,0,0,2,0,1
남해선(순천부산),부산,진례졸음쉼터,12:00-13:00,50,27,0,12,6,2,0,3,0,0,0,0,0
남해선(순천부산),부산,진례졸음쉼터,13:00-14:00,54,19,0,16,9,5,0,2,0,0,3,0,0
남해선(순천부산),부산,진례졸음쉼터,14:00-15:00,53,28,0,9,9,2,0,0,0,0,5,0,0
남해선(순천부산),부산,진례졸음쉼터,15:00-16:00,68,33,0,18,6,5,1,1,0,0,1,0,3
남해선(순천부산),부산,진례졸음쉼터,16:00-17:00,62,33,0,10,8,4,1,1,0,0,2,0,3
남해선(순천부산),부산,진례졸음쉼터,17:00-18:00,39,28,0,6,3,0,0,0,0,0,0,0,2
남해선(순천부산),부산,진례졸음쉼터,18:00-19:00,39,29,0,3,1,1,0,1,0,0,2,0,2
남해선(순천부산),부산,진례졸음쉼터,19:00-20:00,26,20,0,3,1,0,1,0,0,0,1,0,0
남해선(순천부산),부산,진례졸음쉼터,20:00-21:00,30,21,0,3,1,1,0,1,0,0,2,0,1
남해선(순천부산),부산,진례졸음쉼터,21:00-22:00,14,7,0,2,0,1,1,0,0,0,1,0,2
남해선(순천부산),부산,진례졸음쉼터,22:00-23:00,14,2,0,0,0,7,0,0,0,0,3,0,2
남해선(순천부산),부산,진례졸음쉼터,23:00-24:00,12,5,0,2,2,2,0,0,0,0,1,0,0
남해선(순천부산),부산,진례졸음쉼터,00:00-01:00,16,8,0,0,1,2,3,1,0,0,1,0,0
남해선(순천부산),부산,진례졸음쉼터,01:00-02:00,7,1,0,1,1,2,0,0,0,0,0,0,2
남해선(순천부산),부산,진례졸음쉼터,02:00-03:00,7,1,0,0,1,1,2,2,0,0,0,0,0
남해선(순천부산),부산,진례졸음쉼터,03:00-04:00,8,5,0,0,0,2,1,0,0,0,0,0,0
남해선(순천부산),부산,진례졸음쉼터,04:00-05:00,11,1,0,0,2,3,1,3,0,0,0,0,1
남해선(순천부산),부산,진례졸음쉼터,05:00-06:00,13,1,0,3,3,3,0,3,0,0,0,0,0
남해선(순천부산),부산,진례졸음쉼터,06:00-07:00,25,9,1,5,3,3,1,3,0,0,0,0,0
남해선(순천부산),순천,진례졸음쉼터,07:00-08:00,32,20,1,7,2,1,0,0,1,0,0,0,0
남해선(순천부산),순천,진례졸음쉼터,08:00-09:00,47,27,1,13,3,1,0,1,0,0,0,0,1
남해선(순천부산),순천,진례졸음쉼터,09:00-10:00,45,27,0,9,1,5,0,2,0,0,1,0,0
남해선(순천부산),순천,진례졸음쉼터,10:00-11:00,58,28,0,16,4,4,1,1,0,0,2,0,2
남해선(순천부산),순천,진례졸음쉼터,11:00-12:00,55,34,0,9,8,2,0,1,0,0,1,0,0
남해선(순천부산),순천,진례졸음쉼터,12:00-13:00,53,26,0,18,2,3,1,1,0,0,2,0,0
남해선(순천부산),순천,진례졸음쉼터,13:00-14:00,49,24,0,15,6,2,0,1,0,0,0,0,1
남해선(순천부산),순천,진례졸음쉼터,14:00-15:00,46,24,0,13,3,4,1,1,0,0,0,0,0
남해선(순천부산),순천,진례졸음쉼터,15:00-16:00,57,26,1,13,8,4,2,1,0,0,2,0,0
남해선(순천부산),순천,진례졸음쉼터,16:00-17:00,44,26,0,10,5,2,0,0,0,0,0,0,1
남해선(순천부산),순천,진례졸음쉼터,17:00-18:00,37,24,1,7,1,3,0,0,0,0,1,0,0
남해선(순천부산),순천,진례졸음쉼터,18:00-19:00,21,11,0,3,4,2,0,0,0,0,1,0,0
남해선(순천부산),순천,진례졸음쉼터,19:00-20:00,22,16,0,1,0,3,1,1,0,0,0,0,0
남해선(순천부산),순천,진례졸음쉼터,20:00-21:00,14,12,0,0,0,0,0,0,0,0,2,0,0
남해선(순천부산),순천,진례졸음쉼터,21:00-22:00,17,10,0,2,0,0,1,1,0,0,1,0,2
남해선(순천부산),순천,진례졸음쉼터,22:00-23:00,12,7,0,1,1,0,0,0,0,0,2,0,1
남해선(순천부산),순천,진례졸음쉼터,23:00-24:00,9,5,1,1,1,0,0,0,0,0,1,0,0
남해선(순천부산),순천,진례졸음쉼터,00:00-01:00,5,2,0,1,0,1,0,0,0,0,0,0,1
남해선(순천부산),순천,진례졸음쉼터,01:00-02:00,5,2,0,0,0,1,0,0,0,0,1,0,1
남해선(순천부산),순천,진례졸음쉼터,02:00-03:00,4,2,0,1,0,1,0,0,0,0,0,0,0
남해선(순천부산),순천,진례졸음쉼터,03:00-04:00,4,1,0,1,0,1,0,1,0,0,0,0,0
남해선(순천부산),순천,진례졸음쉼터,04:00-05:00,10,3,0,1,0,2,1,0,0,0,3,0,0
남해선(순천부산),순천,진례졸음쉼터,05:00-06:00,16,7,0,5,1,1,0,0,0,0,2,0,0
남해선(순천부산),순천,진례졸음쉼터,06:00-07:00,14,11,0,1,1,0,0,0,0,0,1,0,0
남해선(순천부산),순천,곤양졸음쉼터,07:00-08:00,20,10,0,1,3,1,0,3,0,0,0,0,2
남해선(순천부산),순천,곤양졸음쉼터,08:00-09:00,18,9,0,7,1,0,1,0,0,0,0,0,0
남해선(순천부산),순천,곤양졸음쉼터,09:00-10:00,42,22,0,7,4,2,0,4,0,0,2,0,1
남해선(순천부산),순천,곤양졸음쉼터,10:00-11:00,39,28,0,6,1,1,2,0,0,0,0,0,1
남해선(순천부산),순천,곤양졸음쉼터,11:00-12:00,38,20,0,10,2,0,1,1,0,0,4,0,0
남해선(순천부산),순천,곤양졸음쉼터,12:00-13:00,37,25,0,2,3,3,0,4,0,0,0,0,0
남해선(순천부산),순천,곤양졸음쉼터,13:00-14:00,41,27,0,8,1,1,0,2,0,0,2,0,0
남해선(순천부산),순천,곤양졸음쉼터,14:00-15:00,26,17,0,2,1,0,0,2,0,0,2,0,2
남해선(순천부산),순천,곤양졸음쉼터,15:00-16:00,14,9,0,2,0,2,0,1,0,0,0,0,0
남해선(순천부산),순천,곤양졸음쉼터,16:00-17:00,25,20,0,3,0,0,0,0,0,0,0,0,2
남해선(순천부산),순천,곤양졸음쉼터,17:00-18:00,18,13,0,2,0,0,1,1,0,0,1,0,0
남해선(순천부산),순천,곤양졸음쉼터,18:00-19:00,14,8,0,2,1,2,0,1,0,0,0,0,0
남해선(순천부산),순천,곤양졸음쉼터,19:00-20:00,7,6,0,0,0,0,0,0,0,0,0,0,1
남해선(순천부산),순천,곤양졸음쉼터,20:00-21:00,11,7,0,0,3,0,1,0,0,0,0,0,0
남해선(순천부산),순천,곤양졸음쉼터,21:00-22:00,4,2,0,0,0,1,0,0,0,0,0,0,1
남해선(순천부산),순천,곤양졸음쉼터,22:00-23:00,11,9,0,0,0,2,0,0,0,0,0,0,0
남해선(순천부산),순천,곤양졸음쉼터,23:00-24:00,4,3,0,1,0,0,0,0,0,0,0,0,0
남해선(순천부산),순천,곤양졸음쉼터,00:00-01:00,3,1,0,0,0,2,0,0,0,0,0,0,0
남해선(순천부산),순천,곤양졸음쉼터,01:00-02:00,3,1,0,0,0,1,0,1,0,0,0,0,0
남해선(순천부산),순천,곤양졸음쉼터,02:00-03:00,3,1,0,0,0,0,0,0,0,0,2,0,0
남해선(순천부산),순천,곤양졸음쉼터,03:00-04:00,2,0,0,1,0,0,0,1,0,0,0,0,0
남해선(순천부산),순천,곤양졸음쉼터,04:00-05:00,2,0,0,1,0,0,0,0,0,0,1,0,0
남해선(순천부산),순천,곤양졸음쉼터,05:00-06:00,13,3,0,2,2,3,0,1,0,0,2,0,0
남해선(순천부산),순천,곤양졸음쉼터,06:00-07:00,9,5,0,2,1,1,0,0,0,0,0,0,0
남해안선(영암순천),영암,벌교졸음쉼터,07:00-08:00,13,10,0,1,2,0,0,0,0,0,0,0,0
남해안선(영암순천),영암,벌교졸음쉼터,08:00-09:00,20,15,0,3,2,0,0,0,0,0,0,0,0
남해안선(영암순천),영암,벌교졸음쉼터,09:00-10:00,27,21,1,3,0,0,1,0,0,0,1,0,0
남해안선(영암순천),영암,벌교졸음쉼터,10:00-11:00,36,29,1,6,0,0,0,0,0,0,0,0,0
남해안선(영암순천),영암,벌교졸음쉼터,11:00-12:00,32,27,0,5,0,0,0,0,0,0,0,0,0
남해안선(영암순천),영암,벌교졸음쉼터,12:00-13:00,33,22,1,8,1,1,0,0,0,0,0,0,0
남해안선(영암순천),영암,벌교졸음쉼터,13:00-14:00,32,21,0,8,3,0,0,0,0,0,0,0,0
남해안선(영암순천),영암,벌교졸음쉼터,14:00-15:00,28,21,0,5,1,1,0,0,0,0,0,0,0
남해안선(영암순천),영암,벌교졸음쉼터,15:00-16:00,21,16,0,5,0,0,0,0,0,0,0,0,0
남해안선(영암순천),영암,벌교졸음쉼터,16:00-17:00,24,21,0,3,0,0,0,0,0,0,0,0,0
남해안선(영암순천),영암,벌교졸음쉼터,17:00-18:00,17,13,1,3,0,0,0,0,0,0,0,0,0
남해안선(영암순천),영암,벌교졸음쉼터,18:00-19:00,22,18,0,4,0,0,0,0,0,0,0,0,0
남해안선(영암순천),영암,벌교졸음쉼터,19:00-20:00,5,4,0,1,0,0,0,0,0,0,0,0,0
남해안선(영암순천),영암,벌교졸음쉼터,20:00-21:00,5,3,0,1,0,1,0,0,0,0,0,0,0
남해안선(영암순천),영암,벌교졸음쉼터,21:00-22:00,2,2,0,0,0,0,0,0,0,0,0,0,0
남해안선(영암순천),영암,벌교졸음쉼터,22:00-23:00,4,2,0,1,0,1,0,0,0,0,0,0,0
남해안선(영암순천),영암,벌교졸음쉼터,23:00-24:00,9,7,0,0,0,1,1,0,0,0,0,0,0
남해안선(영암순천),영암,벌교졸음쉼터,00:00-01:00,5,4,0,0,0,1,0,0,0,0,0,0,0
남해안선(영암순천),영암,벌교졸음쉼터,01:00-02:00,1,1,0,0,0,0,0,0,0,0,0,0,0
남해안선(영암순천),영암,벌교졸음쉼터,02:00-03:00,2,2,0,0,0,0,0,0,0,0,0,0,0
남해안선(영암순천),영암,벌교졸음쉼터,03:00-04:00,4,2,0,1,0,1,0,0,0,0,0,0,0
남해안선(영암순천),영암,벌교졸음쉼터,04:00-05:00,3,0,0,2,1,0,0,0,0,0,0,0,0
남해안선(영암순천),영암,벌교졸음쉼터,05:00-06:00,6,4,0,2,0,0,0,0,0,0,0,0,0
남해안선(영암순천),영암,벌교졸음쉼터,06:00-07:00,12,9,0,1,1,0,0,1,0,0,0,0,0
남해안선(영암순천),순천,강진졸음쉼터,07:00-08:00,3,1,0,0,1,0,0,1,0,0,0,0,0
남해안선(영암순천),순천,강진졸음쉼터,08:00-09:00,7,3,0,4,0,0,0,0,0,0,0,0,0
남해안선(영암순천),순천,강진졸음쉼터,09:00-10:00,15,10,0,3,1,0,0,1,0,0,0,0,0
남해안선(영암순천),순천,강진졸음쉼터,10:00-11:00,9,6,0,2,0,0,0,1,0,0,0,0,0
남해안선(영암순천),순천,강진졸음쉼터,11:00-12:00,8,5,0,2,0,0,1,0,0,0,0,0,0
남해안선(영암순천),순천,강진졸음쉼터,12:00-13:00,11,5,0,3,0,0,1,1,1,0,0,0,0
남해안선(영암순천),순천,강진졸음쉼터,13:00-14:00,6,5,0,1,0,0,0,0,0,0,0,0,0
남해안선(영암순천),순천,강진졸음쉼터,14:00-15:00,17,13,0,2,1,0,0,1,0,0,0,0,0
남해안선(영암순천),순천,강진졸음쉼터,15:00-16:00,8,4,1,3,0,0,0,0,0,0,0,0,0
남해안선(영암순천),순천,강진졸음쉼터,16:00-17:00,15,12,0,3,0,0,0,0,0,0,0,0,0
남해안선(영암순천),순천,강진졸음쉼터,17:00-18:00,7,4,0,1,0,2,0,0,0,0,0,0,0
남해안선(영암순천),순천,강진졸음쉼터,18:00-19:00,8,6,0,0,1,1,0,0,0,0,0,0,0
남해안선(영암순천),순천,강진졸음쉼터,19:00-20:00,7,7,0,0,0,0,0,0,0,0,0,0,0
남해안선(영암순천),순천,강진졸음쉼터,20:00-21:00,5,2,0,2,0,0,1,0,0,0,0,0,0
남해안선(영암순천),순천,강진졸음쉼터,21:00-22:00,5,2,0,2,0,0,0,1,0,0,0,0,0
남해안선(영암순천),순천,강진졸음쉼터,22:00-23:00,3,3,0,0,0,0,0,0,0,0,0,0,0
남해안선(영암순천),순천,강진졸음쉼터,23:00-24:00,0,0,0,0,0,0,0,0,0,0,0,0,0
남해안선(영암순천),순천,강진졸음쉼터,00:00-01:00,0,0,0,0,0,0,0,0,0,0,0,0,0
남해안선(영암순천),순천,강진졸음쉼터,01:00-02:00,1,1,0,0,0,0,0,0,0,0,0,0,0
남해안선(영암순천),순천,강진졸음쉼터,02:00-03:00,0,0,0,0,0,0,0,0,0,0,0,0,0
남해안선(영암순천),순천,강진졸음쉼터,03:00-04:00,1,1,0,0,0,0,0,0,0,0,0,0,0
남해안선(영암순천),순천,강진졸음쉼터,04:00-05:00,6,4,0,1,0,0,0,1,0,0,0,0,0
남해안선(영암순천),순천,강진졸음쉼터,05:00-06:00,1,0,0,0,1,0,0,0,0,0,0,0,0
남해안선(영암순천),순천,강진졸음쉼터,06:00-07:00,6,3,0,3,0,0,0,0,0,0,0,0,0
당진영덕선(당진대전),대전,금남졸음쉼터,07:00-08:00,8,1,0,4,2,0,1,0,0,0,0,0,0
당진영덕선(당진대전),대전,금남졸음쉼터,08:00-09:00,18,11,0,5,1,1,0,0,0,0,0,0,0
당진영덕선(당진대전),대전,금남졸음쉼터,09:00-10:00,17,12,0,4,1,0,0,0,0,0,0,0,0
당진영덕선(당진대전),대전,금남졸음쉼터,10:00-11:00,22,19,0,2,1,0,0,0,0,0,0,0,0
당진영덕선(당진대전),대전,금남졸음쉼터,11:00-12:00,23,18,0,4,0,0,1,0,0,0,0,0,0
당진영덕선(당진대전),대전,금남졸음쉼터,12:00-13:00,26,19,0,3,0,1,1,0,0,0,2,0,0
당진영덕선(당진대전),대전,금남졸음쉼터,13:00-14:00,34,31,0,3,0,0,0,0,0,0,0,0,0
당진영덕선(당진대전),대전,금남졸음쉼터,14:00-15:00,27,24,0,3,0,0,0,0,0,0,0,0,0
당진영덕선(당진대전),대전,금남졸음쉼터,15:00-16:00,32,26,1,4,1,0,0,0,0,0,0,0,0
당진영덕선(당진대전),대전,금남졸음쉼터,16:00-17:00,32,23,0,9,0,0,0,0,0,0,0,0,0
당진영덕선(당진대전),대전,금남졸음쉼터,17:00-18:00,35,31,0,3,0,0,0,1,0,0,0,0,0
당진영덕선(당진대전),대전,금남졸음쉼터,18:00-19:00,26,24,0,1,0,0,1,0,0,0,0,0,0
당진영덕선(당진대전),대전,금남졸음쉼터,19:00-20:00,15,12,0,2,0,0,0,1,0,0,0,0,0
당진영덕선(당진대전),대전,금남졸음쉼터,20:00-21:00,12,11,0,0,0,1,0,0,0,0,0,0,0
당진영덕선(당진대전),대전,금남졸음쉼터,21:00-22:00,9,8,1,0,0,0,0,0,0,0,0,0,0
당진영덕선(당진대전),대전,금남졸음쉼터,22:00-23:00,4,4,0,0,0,0,0,0,0,0,0,0,0
당진영덕선(당진대전),대전,금남졸음쉼터,23:00-24:00,4,3,0,1,0,0,0,0,0,0,0,0,0
당진영덕선(당진대전),대전,금남졸음쉼터,00:00-01:00,2,1,0,0,0,0,1,0,0,0,0,0,0
당진영덕선(당진대전),대전,금남졸음쉼터,01:00-02:00,1,0,0,0,0,1,0,0,0,0,0,0,0
당진영덕선(당진대전),대전,금남졸음쉼터,02:00-03:00,3,1,0,0,0,0,0,0,1,0,1,0,0
당진영덕선(당진대전),대전,금남졸음쉼터,03:00-04:00,2,2,0,0,0,0,0,0,0,0,0,0,0
당진영덕선(당진대전),대전,금남졸음쉼터,04:00-05:00,2,0,0,1,0,0,0,0,0,0,1,0,0
당진영덕선(당진대전),대전,금남졸음쉼터,05:00-06:00,2,1,0,1,0,0,0,0,0,0,0,0,0
당진영덕선(당진대전),대전,금남졸음쉼터,06:00-07:00,6,4,0,2,0,0,0,0,0,0,0,0,0
당진영덕선(청주영덕),영덕,탄부졸음쉼터,07:00-08:00,15,11,0,3,0,0,1,0,0,0,0,0,0
당진영덕선(청주영덕),영덕,탄부졸음쉼터,08:00-09:00,22,15,1,4,2,0,0,0,0,0,0,0,0
당진영덕선(청주영덕),영덕,탄부졸음쉼터,09:00-10:00,11,9,1,0,1,0,0,0,0,0,0,0,0
당진영덕선(청주영덕),영덕,탄부졸음쉼터,10:00-11:00,33,31,0,1,1,0,0,0,0,0,0,0,0
당진영덕선(청주영덕),영덕,탄부졸음쉼터,11:00-12:00,21,17,0,2,0,1,0,1,0,0,0,0,0
당진영덕선(청주영덕),영덕,탄부졸음쉼터,12:00-13:00,17,10,0,3,1,3,0,0,0,0,0,0,0
당진영덕선(청주영덕),영덕,탄부졸음쉼터,13:00-14:00,41,36,0,3,0,2,0,0,0,0,0,0,0
당진영덕선(청주영덕),영덕,탄부졸음쉼터,14:00-15:00,24,16,0,7,0,1,0,0,0,0,0,0,0
당진영덕선(청주영덕),영덕,탄부졸음쉼터,15:00-16:00,27,24,0,2,0,1,0,0,0,0,0,0,0
당진영덕선(청주영덕),영덕,탄부졸음쉼터,16:00-17:00,16,15,0,1,0,0,0,0,0,0,0,0,0
당진영덕선(청주영덕),영덕,탄부졸음쉼터,17:00-18:00,25,18,0,6,0,1,0,0,0,0,0,0,0
당진영덕선(청주영덕),영덕,탄부졸음쉼터,18:00-19:00,14,8,0,5,1,0,0,0,0,0,0,0,0
당진영덕선(청주영덕),영덕,탄부졸음쉼터,19:00-20:00,17,14,0,3,0,0,0,0,0,0,0,0,0
당진영덕선(청주영덕),영덕,탄부졸음쉼터,20:00-21:00,11,9,0,1,1,0,0,0,0,0,0,0,0
당진영덕선(청주영덕),영덕,탄부졸음쉼터,21:00-22:00,11,10,0,0,0,0,0,0,0,0,1,0,0
당진영덕선(청주영덕),영덕,탄부졸음쉼터,22:00-23:00,13,11,0,0,2,0,0,0,0,0,0,0,0
당진영덕선(청주영덕),영덕,탄부졸음쉼터,23:00-24:00,9,5,0,3,1,0,0,0,0,0,0,0,0
당진영덕선(청주영덕),영덕,탄부졸음쉼터,00:00-01:00,5,5,0,0,0,0,0,0,0,0,0,0,0
당진영덕선(청주영덕),영덕,탄부졸음쉼터,01:00-02:00,4,3,0,0,0,0,1,0,0,0,0,0,0
당진영덕선(청주영덕),영덕,탄부졸음쉼터,02:00-03:00,1,1,0,0,0,0,0,0,0,0,0,0,0
당진영덕선(청주영덕),영덕,탄부졸음쉼터,03:00-04:00,5,2,0,2,0,0,0,1,0,0,0,0,0
당진영덕선(청주영덕),영덕,탄부졸음쉼터,04:00-05:00,5,3,0,1,1,0,0,0,0,0,0,0,0
당진영덕선(청주영덕),영덕,탄부졸음쉼터,05:00-06:00,10,6,0,2,2,0,0,0,0,0,0,0,0
당진영덕선(청주영덕),영덕,탄부졸음쉼터,06:00-07:00,7,5,0,2,0,0,0,0,0,0,0,0,0
당진영덕선(청주영덕),청주,상주졸음쉼터,07:00-08:00,17,11,0,2,2,0,1,0,0,0,0,0,1
당진영덕선(청주영덕),청주,상주졸음쉼터,08:00-09:00,14,11,0,1,2,0,0,0,0,0,0,0,0
당진영덕선(청주영덕),청주,상주졸음쉼터,09:00-10:00,23,13,1,6,1,2,0,0,0,0,0,0,0
당진영덕선(청주영덕),청주,상주졸음쉼터,10:00-11:00,26,19,0,4,2,0,0,0,0,0,1,0,0
당진영덕선(청주영덕),청주,상주졸음쉼터,11:00-12:00,28,21,0,4,2,0,1,0,0,0,0,0,0
당진영덕선(청주영덕),청주,상주졸음쉼터,12:00-13:00,27,17,0,5,2,0,2,1,0,0,0,0,0
당진영덕선(청주영덕),청주,상주졸음쉼터,13:00-14:00,39,27,0,6,3,2,0,1,0,0,0,0,0
당진영덕선(청주영덕),청주,상주졸음쉼터,14:00-15:00,25,17,1,4,1,1,0,1,0,0,0,0,0
당진영덕선(청주영덕),청주,상주졸음쉼터,15:00-16:00,29,22,0,7,0,0,0,0,0,0,0,0,0
당진영덕선(청주영덕),청주,상주졸음쉼터,16:00-17:00,30,26,0,4,0,0,0,0,0,0,0,0,0
당진영덕선(청주영덕),청주,상주졸음쉼터,17:00-18:00,30,21,0,7,0,2,0,0,0,0,0,0,0
당진영덕선(청주영덕),청주,상주졸음쉼터,18:00-19:00,24,17,0,4,3,0,0,0,0,0,0,0,0
당진영덕선(청주영덕),청주,상주졸음쉼터,19:00-20:00,13,11,0,1,0,1,0,0,0,0,0,0,0
당진영덕선(청주영덕),청주,상주졸음쉼터,20:00-21:00,17,11,0,2,0,2,0,2,0,0,0,0,0
당진영덕선(청주영덕),청주,상주졸음쉼터,21:00-22:00,9,6,0,1,0,2,0,0,0,0,0,0,0
당진영덕선(청주영덕),청주,상주졸음쉼터,22:00-23:00,14,8,0,3,2,1,0,0,0,0,0,0,0
당진영덕선(청주영덕),청주,상주졸음쉼터,23:00-24:00,14,8,0,0,2,4,0,0,0,0,0,0,0
당진영덕선(청주영덕),청주,상주졸음쉼터,00:00-01:00,7,5,0,0,1,1,0,0,0,0,0,0,0
당진영덕선(청주영덕),청주,상주졸음쉼터,01:00-02:00,7,2,0,1,2,1,0,0,0,0,0,0,1
당진영덕선(청주영덕),청주,상주졸음쉼터,02:00-03:00,1,1,0,0,0,0,0,0,0,0,0,0,0
당진영덕선(청주영덕),청주,상주졸음쉼터,03:00-04:00,4,2,0,0,0,1,0,0,0,0,0,0,1
당진영덕선(청주영덕),청주,상주졸음쉼터,04:00-05:00,5,1,0,1,0,1,1,0,0,0,1,0,0
당진영덕선(청주영덕),청주,상주졸음쉼터,05:00-06:00,10,3,0,3,1,1,0,0,0,0,0,0,2
당진영덕선(청주영덕),청주,상주졸음쉼터,06:00-07:00,9,4,0,4,0,0,0,0,0,0,0,0,1
당진영덕선(청주영덕),영덕,상주졸음쉼터,07:00-08:00,26,20,0,6,0,0,0,0,0,0,0,0,0
당진영덕선(청주영덕),영덕,상주졸음쉼터,08:00-09:00,19,16,0,2,1,0,0,0,0,0,0,0,0
당진영덕선(청주영덕),영덕,상주졸음쉼터,09:00-10:00,23,14,0,8,1,0,0,0,0,0,0,0,0
당진영덕선(청주영덕),영덕,상주졸음쉼터,10:00-11:00,22,17,0,5,0,0,0,0,0,0,0,0,0
당진영덕선(청주영덕),영덕,상주졸음쉼터,11:00-12:00,27,17,0,7,2,0,1,0,0,0,0,0,0
당진영덕선(청주영덕),영덕,상주졸음쉼터,12:00-13:00,22,16,0,3,1,1,0,1,0,0,0,0,0
당진영덕선(청주영덕),영덕,상주졸음쉼터,13:00-14:00,46,39,0,6,1,0,0,0,0,0,0,0,0
당진영덕선(청주영덕),영덕,상주졸음쉼터,14:00-15:00,42,33,0,8,1,0,0,0,0,0,0,0,0
당진영덕선(청주영덕),영덕,상주졸음쉼터,15:00-16:00,35,26,0,6,1,0,0,1,0,0,0,0,1
당진영덕선(청주영덕),영덕,상주졸음쉼터,16:00-17:00,30,26,0,4,0,0,0,0,0,0,0,0,0
당진영덕선(청주영덕),영덕,상주졸음쉼터,17:00-18:00,24,21,0,1,2,0,0,0,0,0,0,0,0
당진영덕선(청주영덕),영덕,상주졸음쉼터,18:00-19:00,12,10,0,2,0,0,0,0,0,0,0,0,0
당진영덕선(청주영덕),영덕,상주졸음쉼터,19:00-20:00,15,11,0,2,1,0,0,1,0,0,0,0,0
당진영덕선(청주영덕),영덕,상주졸음쉼터,20:00-21:00,14,11,0,3,0,0,0,0,0,0,0,0,0
당진영덕선(청주영덕),영덕,상주졸음쉼터,21:00-22:00,11,8,0,1,2,0,0,0,0,0,0,0,0
당진영덕선(청주영덕),영덕,상주졸음쉼터,22:00-23:00,9,7,0,1,1,0,0,0,0,0,0,0,0
당진영덕선(청주영덕),영덕,상주졸음쉼터,23:00-24:00,8,5,0,2,0,0,0,1,0,0,0,0,0
당진영덕선(청주영덕),영덕,상주졸음쉼터,00:00-01:00,8,7,0,0,1,0,0,0,0,0,0,0,0
당진영덕선(청주영덕),영덕,상주졸음쉼터,01:00-02:00,1,0,0,0,1,0,0,0,0,0,0,0,0
당진영덕선(청주영덕),영덕,상주졸음쉼터,02:00-03:00,3,0,0,1,1,1,0,0,0,0,0,0,0
당진영덕선(청주영덕),영덕,상주졸음쉼터,03:00-04:00,3,2,0,0,0,1,0,0,0,0,0,0,0
당진영덕선(청주영덕),영덕,상주졸음쉼터,04:00-05:00,1,1,0,0,0,0,0,0,0,0,0,0,0
당진영덕선(청주영덕),영덕,상주졸음쉼터,05:00-06:00,6,2,0,0,3,1,0,0,0,0,0,0,0
당진영덕선(청주영덕),영덕,상주졸음쉼터,06:00-07:00,12,5,0,5,2,0,0,0,0,0,0,0,0
당진영덕선(청주영덕),영덕,수한졸음쉼터,07:00-08:00,25,17,0,4,2,2,0,0,0,0,0,0,0
당진영덕선(청주영덕),영덕,수한졸음쉼터,08:00-09:00,28,15,0,8,1,2,2,0,0,0,0,0,0
당진영덕선(청주영덕),영덕,수한졸음쉼터,09:00-10:00,23,19,0,3,0,1,0,0,0,0,0,0,0
당진영덕선(청주영덕),영덕,수한졸음쉼터,10:00-11:00,39,27,2,6,1,1,2,0,0,0,0,0,0
당진영덕선(청주영덕),영덕,수한졸음쉼터,11:00-12:00,35,22,0,6,3,3,0,1,0,0,0,0,0
당진영덕선(청주영덕),영덕,수한졸음쉼터,12:00-13:00,34,23,0,1,1,5,3,1,0,0,0,0,0
당진영덕선(청주영덕),영덕,수한졸음쉼터,13:00-14:00,56,33,1,10,3,6,1,2,0,0,0,0,0
당진영덕선(청주영덕),영덕,수한졸음쉼터,14:00-15:00,50,39,0,7,2,0,1,0,0,0,0,0,1
당진영덕선(청주영덕),영덕,수한졸음쉼터,15:00-16:00,39,25,0,9,2,2,0,0,0,0,1,0,0
당진영덕선(청주영덕),영덕,수한졸음쉼터,16:00-17:00,36,24,0,4,4,2,1,1,0,0,0,0,0
당진영덕선(청주영덕),영덕,수한졸음쉼터,17:00-18:00,29,15,0,5,2,3,2,0,0,0,1,0,1
당진영덕선(청주영덕),영덕,수한졸음쉼터,18:00-19:00,22,17,0,2,0,1,1,0,0,0,1,0,0
당진영덕선(청주영덕),영덕,수한졸음쉼터,19:00-20:00,9,6,0,0,0,2,0,1,0,0,0,0,0
당진영덕선(청주영덕),영덕,수한졸음쉼터,20:00-21:00,10,6,0,1,0,3,0,0,0,0,0,0,0
당진영덕선(청주영덕),영덕,수한졸음쉼터,21:00-22:00,9,9,0,0,0,0,0,0,0,0,0,0,0
당진영덕선(청주영덕),영덕,수한졸음쉼터,22:00-23:00,7,3,0,1,1,1,1,0,0,0,0,0,0
당진영덕선(청주영덕),영덕,수한졸음쉼터,23:00-24:00,11,6,0,1,0,2,2,0,0,0,0,0,0
당진영덕선(청주영덕),영덕,수한졸음쉼터,00:00-01:00,12,8,0,0,0,1,1,2,0,0,0,0,0
당진영덕선(청주영덕),영덕,수한졸음쉼터,01:00-02:00,6,2,0,0,0,3,0,0,1,0,0,0,0
당진영덕선(청주영덕),영덕,수한졸음쉼터,02:00-03:00,5,2,0,0,1,2,0,0,0,0,0,0,0
당진영덕선(청주영덕),영덕,수한졸음쉼터,03:00-04:00,6,2,0,1,0,1,1,0,0,0,0,0,1
당진영덕선(청주영덕),영덕,수한졸음쉼터,04:00-05:00,6,2,0,1,1,2,0,0,0,0,0,0,0
당진영덕선(청주영덕),영덕,수한졸음쉼터,05:00-06:00,10,3,0,2,2,2,1,0,0,0,0,0,0
당진영덕선(청주영덕),영덕,수한졸음쉼터,06:00-07:00,16,7,0,2,1,3,2,0,0,0,0,1,0
당진영덕선(청주영덕),영덕,삼춘졸음쉼터,07:00-08:00,10,6,0,4,0,0,0,0,0,0,0,0,0
당진영덕선(청주영덕),영덕,삼춘졸음쉼터,08:00-09:00,9,5,1,2,0,1,0,0,0,0,0,0,0
당진영덕선(청주영덕),영덕,삼춘졸음쉼터,09:00-10:00,13,6,0,4,0,1,1,0,0,0,1,0,0
당진영덕선(청주영덕),영덕,삼춘졸음쉼터,10:00-11:00,10,6,0,4,0,0,0,0,0,0,0,0,0
당진영덕선(청주영덕),영덕,삼춘졸음쉼터,11:00-12:00,16,12,0,3,1,0,0,0,0,0,0,0,0
당진영덕선(청주영덕),영덕,삼춘졸음쉼터,12:00-13:00,8,7,0,0,0,0,0,1,0,0,0,0,0
당진영덕선(청주영덕),영덕,삼춘졸음쉼터,13:00-14:00,11,8,0,3,0,0,0,0,0,0,0,0,0
당진영덕선(청주영덕),영덕,삼춘졸음쉼터,14:00-15:00,10,8,0,1,1,0,0,0,0,0,0,0,0
당진영덕선(청주영덕),영덕,삼춘졸음쉼터,15:00-16:00,12,11,0,1,0,0,0,0,0,0,0,0,0
당진영덕선(청주영덕),영덕,삼춘졸음쉼터,16:00-17:00,12,10,0,1,0,1,0,0,0,0,0,0,0
당진영덕선(청주영덕),영덕,삼춘졸음쉼터,17:00-18:00,7,5,0,2,0,0,0,0,0,0,0,0,0
당진영덕선(청주영덕),영덕,삼춘졸음쉼터,18:00-19:00,15,12,0,2,1,0,0,0,0,0,0,0,0
당진영덕선(청주영덕),영덕,삼춘졸음쉼터,19:00-20:00,5,2,0,3,0,0,0,0,0,0,0,0,0
당진영덕선(청주영덕),영덕,삼춘졸음쉼터,20:00-21:00,2,2,0,0,0,0,0,0,0,0,0,0,0
당진영덕선(청주영덕),영덕,삼춘졸음쉼터,21:00-22:00,0,0,0,0,0,0,0,0,0,0,0,0,0
당진영덕선(청주영덕),영덕,삼춘졸음쉼터,22:00-23:00,3,2,0,0,0,1,0,0,0,0,0,0,0
당진영덕선(청주영덕),영덕,삼춘졸음쉼터,23:00-24:00,0,0,0,0,0,0,0,0,0,0,0,0,0
당진영덕선(청주영덕),영덕,삼춘졸음쉼터,00:00-01:00,1,1,0,0,0,0,0,0,0,0,0,0,0
당진영덕선(청주영덕),영덕,삼춘졸음쉼터,01:00-02:00,0,0,0,0,0,0,0,0,0,0,0,0,0
당진영덕선(청주영덕),영덕,삼춘졸음쉼터,02:00-03:00,0,0,0,0,0,0,0,0,0,0,0,0,0
당진영덕선(청주영덕),영덕,삼춘졸음쉼터,03:00-04:00,3,1,0,1,0,1,0,0,0,0,0,0,0
당진영덕선(청주영덕),영덕,삼춘졸음쉼터,04:00-05:00,0,0,0,0,0,0,0,0,0,0,0,0,0
당진영덕선(청주영덕),영덕,삼춘졸음쉼터,05:00-06:00,1,0,0,1,0,0,0,0,0,0,0,0,0
당진영덕선(청주영덕),영덕,삼춘졸음쉼터,06:00-07:00,5,2,0,2,1,0,0,0,0,0,0,0,0
당진영덕선(청주영덕),청주,하화졸음쉼터,07:00-08:00,1,0,0,1,0,0,0,0,0,0,0,0,0
당진영덕선(청주영덕),청주,하화졸음쉼터,08:00-09:00,4,2,0,1,1,0,0,0,0,0,0,0,0
당진영덕선(청주영덕),청주,하화졸음쉼터,09:00-10:00,6,3,1,1,1,0,0,0,0,0,0,0,0
당진영덕선(청주영덕),청주,하화졸음쉼터,10:00-11:00,10,8,0,0,0,1,0,1,0,0,0,0,0
당진영덕선(청주영덕),청주,하화졸음쉼터,11:00-12:00,3,2,0,1,0,0,0,0,0,0,0,0,0
당진영덕선(청주영덕),청주,하화졸음쉼터,12:00-13:00,10,10,0,0,0,0,0,0,0,0,0,0,0
당진영덕선(청주영덕),청주,하화졸음쉼터,13:00-14:00,19,14,0,5,0,0,0,0,0,0,0,0,0
당진영덕선(청주영덕),청주,하화졸음쉼터,14:00-15:00,7,7,0,0,0,0,0,0,0,0,0,0,0
당진영덕선(청주영덕),청주,하화졸음쉼터,15:00-16:00,26,21,0,4,1,0,0,0,0,0,0,0,0
당진영덕선(청주영덕),청주,하화졸음쉼터,16:00-17:00,13,12,0,1,0,0,0,0,0,0,0,0,0
당진영덕선(청주영덕),청주,하화졸음쉼터,17:00-18:00,11,5,0,6,0,0,0,0,0,0,0,0,0
당진영덕선(청주영덕),청주,하화졸음쉼터,18:00-19:00,14,13,0,1,0,0,0,0,0,0,0,0,0
당진영덕선(청주영덕),청주,하화졸음쉼터,19:00-20:00,8,7,0,1,0,0,0,0,0,0,0,0,0
당진영덕선(청주영덕),청주,하화졸음쉼터,20:00-21:00,3,3,0,0,0,0,0,0,0,0,0,0,0
당진영덕선(청주영덕),청주,하화졸음쉼터,21:00-22:00,3,3,0,0,0,0,0,0,0,0,0,0,0
당진영덕선(청주영덕),청주,하화졸음쉼터,22:00-23:00,2,2,0,0,0,0,0,0,0,0,0,0,0
당진영덕선(청주영덕),청주,하화졸음쉼터,23:00-24:00,2,2,0,0,0,0,0,0,0,0,0,0,0
당진영덕선(청주영덕),청주,하화졸음쉼터,00:00-01:00,1,1,0,0,0,0,0,0,0,0,0,0,0
당진영덕선(청주영덕),청주,하화졸음쉼터,01:00-02:00,1,1,0,0,0,0,0,0,0,0,0,0,0
당진영덕선(청주영덕),청주,하화졸음쉼터,02:00-03:00,1,1,0,0,0,0,0,0,0,0,0,0,0
당진영덕선(청주영덕),청주,하화졸음쉼터,03:00-04:00,1,1,0,0,0,0,0,0,0,0,0,0,0
당진영덕선(청주영덕),청주,하화졸음쉼터,04:00-05:00,0,0,0,0,0,0,0,0,0,0,0,0,0
당진영덕선(청주영덕),청주,하화졸음쉼터,05:00-06:00,2,1,0,1,0,0,0,0,0,0,0,0,0
당진영덕선(청주영덕),청주,하화졸음쉼터,06:00-07:00,2,1,0,0,1,0,0,0,0,0,0,0,0
당진영덕선(청주영덕),영덕,묵계졸음쉼터,07:00-08:00,9,5,0,1,0,2,1,0,0,0,0,0,0
당진영덕선(청주영덕),영덕,묵계졸음쉼터,08:00-09:00,11,9,0,1,1,0,0,0,0,0,0,0,0
당진영덕선(청주영덕),영덕,묵계졸음쉼터,09:00-10:00,7,5,0,1,0,0,0,1,0,0,0,0,0
당진영덕선(청주영덕),영덕,묵계졸음쉼터,10:00-11:00,15,11,0,4,0,0,0,0,0,0,0,0,0
당진영덕선(청주영덕),영덕,묵계졸음쉼터,11:00-12:00,14,12,0,2,0,0,0,0,0,0,0,0,0
당진영덕선(청주영덕),영덕,묵계졸음쉼터,12:00-13:00,12,9,0,1,2,0,0,0,0,0,0,0,0
당진영덕선(청주영덕),영덕,묵계졸음쉼터,13:00-14:00,11,10,0,0,1,0,0,0,0,0,0,0,0
당진영덕선(청주영덕),영덕,묵계졸음쉼터,14:00-15:00,9,8,0,1,0,0,0,0,0,0,0,0,0
당진영덕선(청주영덕),영덕,묵계졸음쉼터,15:00-16:00,7,7,0,0,0,0,0,0,0,0,0,0,0
당진영덕선(청주영덕),영덕,묵계졸음쉼터,16:00-17:00,8,7,0,1,0,0,0,0,0,0,0,0,0
당진영덕선(청주영덕),영덕,묵계졸음쉼터,17:00-18:00,5,3,1,1,0,0,0,0,0,0,0,0,0
당진영덕선(청주영덕),영덕,묵계졸음쉼터,18:00-19:00,5,5,0,0,0,0,0,0,0,0,0,0,0
당진영덕선(청주영덕),영덕,묵계졸음쉼터,19:00-20:00,0,0,0,0,0,0,0,0,0,0,0,0,0
당진영덕선(청주영덕),영덕,묵계졸음쉼터,20:00-21:00,3,2,0,0,0,0,0,1,0,0,0,0,0
당진영덕선(청주영덕),영덕,묵계졸음쉼터,21:00-22:00,2,2,0,0,0,0,0,0,0,0,0,0,0
당진영덕선(청주영덕),영덕,묵계졸음쉼터,22:00-23:00,1,1,0,0,0,0,0,0,0,0,0,0,0
당진영덕선(청주영덕),영덕,묵계졸음쉼터,23:00-24:00,0,0,0,0,0,0,0,0,0,0,0,0,0
당진영덕선(청주영덕),영덕,묵계졸음쉼터,00:00-01:00,0,0,0,0,0,0,0,0,0,0,0,0,0
당진영덕선(청주영덕),영덕,묵계졸음쉼터,01:00-02:00,0,0,0,0,0,0,0,0,0,0,0,0,0
당진영덕선(청주영덕),영덕,묵계졸음쉼터,02:00-03:00,2,2,0,0,0,0,0,0,0,0,0,0,0
당진영덕선(청주영덕),영덕,묵계졸음쉼터,03:00-04:00,0,0,0,0,0,0,0,0,0,0,0,0,0
당진영덕선(청주영덕),영덕,묵계졸음쉼터,04:00-05:00,3,1,0,0,0,0,1,1,0,0,0,0,0
당진영덕선(청주영덕),영덕,묵계졸음쉼터,05:00-06:00,3,3,0,0,0,0,0,0,0,0,0,0,0
당진영덕선(청주영덕),영덕,묵계졸음쉼터,06:00-07:00,4,2,0,0,2,0,0,0,0,0,0,0,0
당진영덕선(청주영덕),청주,지품졸음쉼터,07:00-08:00,2,2,0,0,0,0,0,0,0,0,0,0,0
당진영덕선(청주영덕),청주,지품졸음쉼터,08:00-09:00,13,7,0,3,1,0,0,0,0,0,1,0,1
당진영덕선(청주영덕),청주,지품졸음쉼터,09:00-10:00,10,9,0,1,0,0,0,0,0,0,0,0,0
당진영덕선(청주영덕),청주,지품졸음쉼터,10:00-11:00,14,11,0,1,1,1,0,0,0,0,0,0,0
당진영덕선(청주영덕),청주,지품졸음쉼터,11:00-12:00,8,7,0,1,0,0,0,0,0,0,0,0,0
당진영덕선(청주영덕),청주,지품졸음쉼터,12:00-13:00,10,8,0,1,1,0,0,0,0,0,0,0,0
당진영덕선(청주영덕),청주,지품졸음쉼터,13:00-14:00,13,9,0,2,1,1,0,0,0,0,0,0,0
당진영덕선(청주영덕),청주,지품졸음쉼터,14:00-15:00,18,15,0,1,2,0,0,0,0,0,0,0,0
당진영덕선(청주영덕),청주,지품졸음쉼터,15:00-16:00,20,17,0,2,1,0,0,0,0,0,0,0,0
당진영덕선(청주영덕),청주,지품졸음쉼터,16:00-17:00,12,11,0,1,0,0,0,0,0,0,0,0,0
당진영덕선(청주영덕),청주,지품졸음쉼터,17:00-18:00,9,5,0,4,0,0,0,0,0,0,0,0,0
당진영덕선(청주영덕),청주,지품졸음쉼터,18:00-19:00,11,6,0,5,0,0,0,0,0,0,0,0,0
당진영덕선(청주영덕),청주,지품졸음쉼터,19:00-20:00,6,6,0,0,0,0,0,0,0,0,0,0,0
당진영덕선(청주영덕),청주,지품졸음쉼터,20:00-21:00,8,7,0,1,0,0,0,0,0,0,0,0,0
당진영덕선(청주영덕),청주,지품졸음쉼터,21:00-22:00,3,2,1,0,0,0,0,0,0,0,0,0,0
당진영덕선(청주영덕),청주,지품졸음쉼터,22:00-23:00,2,2,0,0,0,0,0,0,0,0,0,0,0
당진영덕선(청주영덕),청주,지품졸음쉼터,23:00-24:00,0,0,0,0,0,0,0,0,0,0,0,0,0
당진영덕선(청주영덕),청주,지품졸음쉼터,00:00-01:00,1,1,0,0,0,0,0,0,0,0,0,0,0
당진영덕선(청주영덕),청주,지품졸음쉼터,01:00-02:00,3,3,0,0,0,0,0,0,0,0,0,0,0
당진영덕선(청주영덕),청주,지품졸음쉼터,02:00-03:00,3,3,0,0,0,0,0,0,0,0,0,0,0
당진영덕선(청주영덕),청주,지품졸음쉼터,03:00-04:00,0,0,0,0,0,0,0,0,0,0,0,0,0
당진영덕선(청주영덕),청주,지품졸음쉼터,04:00-05:00,0,0,0,0,0,0,0,0,0,0,0,0,0
당진영덕선(청주영덕),청주,지품졸음쉼터,05:00-06:00,0,0,0,0,0,0,0,0,0,0,0,0,0
당진영덕선(청주영덕),청주,지품졸음쉼터,06:00-07:00,2,2,0,0,0,0,0,0,0,0,0,0,0
당진영덕선(청주영덕),영덕,수암졸음쉼터,07:00-08:00,10,5,0,2,2,0,1,0,0,0,0,0,0
당진영덕선(청주영덕),영덕,수암졸음쉼터,08:00-09:00,12,10,0,0,2,0,0,0,0,0,0,0,0
당진영덕선(청주영덕),영덕,수암졸음쉼터,09:00-10:00,5,4,0,0,0,1,0,0,0,0,0,0,0
당진영덕선(청주영덕),영덕,수암졸음쉼터,10:00-11:00,14,10,1,1,1,0,1,0,0,0,0,0,0
당진영덕선(청주영덕),영덕,수암졸음쉼터,11:00-12:00,13,10,0,1,2,0,0,0,0,0,0,0,0
당진영덕선(청주영덕),영덕,수암졸음쉼터,12:00-13:00,13,11,0,2,0,0,0,0,0,0,0,0,0
당진영덕선(청주영덕),영덕,수암졸음쉼터,13:00-14:00,14,10,0,1,1,1,1,0,0,0,0,0,0
당진영덕선(청주영덕),영덕,수암졸음쉼터,14:00-15:00,14,9,0,1,2,0,0,1,0,0,1,0,0
당진영덕선(청주영덕),영덕,수암졸음쉼터,15:00-16:00,13,10,0,2,0,1,0,0,0,0,0,0,0
당진영덕선(청주영덕),영덕,수암졸음쉼터,16:00-17:00,11,9,1,1,0,0,0,0,0,0,0,0,0
당진영덕선(청주영덕),영덕,수암졸음쉼터,17:00-18:00,9,5,0,1,2,0,0,0,0,0,1,0,0
당진영덕선(청주영덕),영덕,수암졸음쉼터,18:00-19:00,7,7,0,0,0,0,0,0,0,0,0,0,0
당진영덕선(청주영덕),영덕,수암졸음쉼터,19:00-20:00,3,3,0,0,0,0,0,0,0,0,0,0,0
당진영덕선(청주영덕),영덕,수암졸음쉼터,20:00-21:00,1,1,0,0,0,0,0,0,0,0,0,0,0
당진영덕선(청주영덕),영덕,수암졸음쉼터,21:00-22:00,0,0,0,0,0,0,0,0,0,0,0,0,0
당진영덕선(청주영덕),영덕,수암졸음쉼터,22:00-23:00,1,0,0,0,0,1,0,0,0,0,0,0,0
당진영덕선(청주영덕),영덕,수암졸음쉼터,23:00-24:00,0,0,0,0,0,0,0,0,0,0,0,0,0
당진영덕선(청주영덕),영덕,수암졸음쉼터,00:00-01:00,2,2,0,0,0,0,0,0,0,0,0,0,0
당진영덕선(청주영덕),영덕,수암졸음쉼터,01:00-02:00,2,1,0,0,0,0,0,1,0,0,0,0,0
당진영덕선(청주영덕),영덕,수암졸음쉼터,02:00-03:00,2,1,0,0,0,0,0,1,0,0,0,0,0
당진영덕선(청주영덕),영덕,수암졸음쉼터,03:00-04:00,0,0,0,0,0,0,0,0,0,0,0,0,0
당진영덕선(청주영덕),영덕,수암졸음쉼터,04:00-05:00,0,0,0,0,0,0,0,0,0,0,0,0,0
당진영덕선(청주영덕),영덕,수암졸음쉼터,05:00-06:00,7,4,0,0,1,0,0,2,0,0,0,0,0
당진영덕선(청주영덕),영덕,수암졸음쉼터,06:00-07:00,5,3,0,1,1,0,0,0,0,0,0,0,0
대전남부순환선,산내,산내졸음쉼터,07:00-08:00,21,12,0,6,2,0,1,0,0,0,0,0,0
대전남부순환선,산내,산내졸음쉼터,08:00-09:00,27,19,0,5,2,1,0,0,0,0,0,0,0
대전남부순환선,산내,산내졸음쉼터,09:00-10:00,22,15,0,4,1,1,1,0,0,0,0,0,0
대전남부순환선,산내,산내졸음쉼터,10:00-11:00,22,12,0,6,4,0,0,0,0,0,0,0,0
대전남부순환선,산내,산내졸음쉼터,11:00-12:00,14,11,1,1,1,0,0,0,0,0,0,0,0
대전남부순환선,산내,산내졸음쉼터,12:00-13:00,15,10,0,4,1,0,0,0,0,0,0,0,0
대전남부순환선,산내,산내졸음쉼터,13:00-14:00,22,13,0,4,3,1,0,0,1,0,0,0,0
대전남부순환선,산내,산내졸음쉼터,14:00-15:00,15,12,0,2,1,0,0,0,0,0,0,0,0
대전남부순환선,산내,산내졸음쉼터,15:00-16:00,17,11,0,5,1,0,0,0,0,0,0,0,0
대전남부순환선,산내,산내졸음쉼터,16:00-17:00,23,18,0,3,2,0,0,0,0,0,0,0,0
대전남부순환선,산내,산내졸음쉼터,17:00-18:00,25,21,0,4,0,0,0,0,0,0,0,0,0
대전남부순환선,산내,산내졸음쉼터,18:00-19:00,16,13,1,2,0,0,0,0,0,0,0,0,0
대전남부순환선,산내,산내졸음쉼터,19:00-20:00,15,10,0,3,1,1,0,0,0,0,0,0,0
대전남부순환선,산내,산내졸음쉼터,20:00-21:00,10,7,0,1,1,1,0,0,0,0,0,0,0
대전남부순환선,산내,산내졸음쉼터,21:00-22:00,7,5,0,0,1,1,0,0,0,0,0,0,0
대전남부순환선,산내,산내졸음쉼터,22:00-23:00,5,4,0,0,0,0,0,0,0,0,1,0,0
대전남부순환선,산내,산내졸음쉼터,23:00-24:00,2,2,0,0,0,0,0,0,0,0,0,0,0
대전남부순환선,산내,산내졸음쉼터,00:00-01:00,1,0,0,0,0,1,0,0,0,0,0,0,0
대전남부순환선,산내,산내졸음쉼터,01:00-02:00,3,2,0,0,0,1,0,0,0,0,0,0,0
대전남부순환선,산내,산내졸음쉼터,02:00-03:00,1,0,0,0,0,0,0,0,0,0,1,0,0
대전남부순환선,산내,산내졸음쉼터,03:00-04:00,3,1,0,0,0,1,0,0,0,0,1,0,0
대전남부순환선,산내,산내졸음쉼터,04:00-05:00,5,2,0,0,0,2,1,0,0,0,0,0,0
대전남부순환선,산내,산내졸음쉼터,05:00-06:00,4,1,0,0,0,2,0,0,0,0,1,0,0
대전남부순환선,산내,산내졸음쉼터,06:00-07:00,11,4,0,3,0,1,0,1,0,0,2,0,0
동해선,근덕,단봉졸음쉼터,07:00-08:00,12,6,0,2,1,0,0,1,0,0,1,0,1
동해선,근덕,단봉졸음쉼터,08:00-09:00,14,8,0,4,2,0,0,0,0,0,0,0,0
동해선,근덕,단봉졸음쉼터,09:00-10:00,11,10,0,1,0,0,0,0,0,0,0,0,0
동해선,근덕,단봉졸음쉼터,10:00-11:00,20,15,0,2,1,0,1,1,0,0,0,0,0
동해선,근덕,단봉졸음쉼터,11:00-12:00,14,11,0,2,0,0,0,1,0,0,0,0,0
동해선,근덕,단봉졸음쉼터,12:00-13:00,22,17,0,4,0,0,0,0,0,0,1,0,0
동해선,근덕,단봉졸음쉼터,13:00-14:00,18,13,0,1,2,0,0,2,0,0,0,0,0
동해선,근덕,단봉졸음쉼터,14:00-15:00,21,16,0,3,0,0,0,1,0,0,1,0,0
동해선,근덕,단봉졸음쉼터,15:00-16:00,21,21,0,0,0,0,0,0,0,0,0,0,0
동해선,근덕,단봉졸음쉼터,16:00-17:00,13,11,0,2,0,0,0,0,0,0,0,0,0
동해선,근덕,단봉졸음쉼터,17:00-18:00,16,12,1,3,0,0,0,0,0,0,0,0,0
동해선,근덕,단봉졸음쉼터,18:00-19:00,5,5,0,0,0,0,0,0,0,0,0,0,0
동해선,근덕,단봉졸음쉼터,19:00-20:00,4,4,0,0,0,0,0,0,0,0,0,0,0
동해선,근덕,단봉졸음쉼터,20:00-21:00,4,3,0,0,0,0,0,1,0,0,0,0,0
동해선,근덕,단봉졸음쉼터,21:00-22:00,6,4,0,0,0,0,1,1,0,0,0,0,0
동해선,근덕,단봉졸음쉼터,22:00-23:00,1,0,0,1,0,0,0,0,0,0,0,0,0
동해선,근덕,단봉졸음쉼터,23:00-24:00,1,1,0,0,0,0,0,0,0,0,0,0,0
동해선,근덕,단봉졸음쉼터,00:00-01:00,0,0,0,0,0,0,0,0,0,0,0,0,0
동해선,근덕,단봉졸음쉼터,01:00-02:00,1,1,0,0,0,0,0,0,0,0,0,0,0
동해선,근덕,단봉졸음쉼터,02:00-03:00,1,1,0,0,0,0,0,0,0,0,0,0,0
동해선,근덕,단봉졸음쉼터,03:00-04:00,3,0,0,1,0,1,0,0,0,0,1,0,0
동해선,근덕,단봉졸음쉼터,04:00-05:00,1,1,0,0,0,0,0,0,0,0,0,0,0
동해선,근덕,단봉졸음쉼터,05:00-06:00,4,1,0,0,1,1,0,1,0,0,0,0,0
동해선,근덕,단봉졸음쉼터,06:00-07:00,9,3,1,0,1,3,0,1,0,0,0,0,0
동해선,삼척,강현졸음쉼터,07:00-08:00,11,9,0,1,0,1,0,0,0,0,0,0,0
동해선,삼척,강현졸음쉼터,08:00-09:00,15,10,0,4,1,0,0,0,0,0,0,0,0
동해선,삼척,강현졸음쉼터,09:00-10:00,24,18,0,1,4,1,0,0,0,0,0,0,0
동해선,삼척,강현졸음쉼터,10:00-11:00,31,19,1,4,3,3,0,0,0,0,1,0,0
동해선,삼척,강현졸음쉼터,11:00-12:00,14,11,0,2,1,0,0,0,0,0,0,0,0
동해선,삼척,강현졸음쉼터,12:00-13:00,34,27,0,3,3,0,0,0,0,0,1,0,0
동해선,삼척,강현졸음쉼터,13:00-14:00,35,29,0,3,2,0,0,0,0,0,0,0,1
동해선,삼척,강현졸음쉼터,14:00-15:00,35,28,0,3,3,1,0,0,0,0,0,0,0
동해선,삼척,강현졸음쉼터,15:00-16:00,38,37,0,1,0,0,0,0,0,0,0,0,0
동해선,삼척,강현졸음쉼터,16:00-17:00,31,22,2,4,3,0,0,0,0,0,0,0,0
동해선,삼척,강현졸음쉼터,17:00-18:00,24,19,1,2,2,0,0,0,0,0,0,0,0
동해선,삼척,강현졸음쉼터,18:00-19:00,13,9,0,3,1,0,0,0,0,0,0,0,0
동해선,삼척,강현졸음쉼터,19:00-20:00,17,13,1,1,0,0,1,0,0,0,1,0,0
동해선,삼척,강현졸음쉼터,20:00-21:00,6,6,0,0,0,0,0,0,0,0,0,0,0
동해선,삼척,강현졸음쉼터,21:00-22:00,6,6,0,0,0,0,0,0,0,0,0,0,0
동해선,삼척,강현졸음쉼터,22:00-23:00,5,4,0,0,1,0,0,0,0,0,0,0,0
동해선,삼척,강현졸음쉼터,23:00-24:00,2,2,0,0,0,0,0,0,0,0,0,0,0
동해선,삼척,강현졸음쉼터,00:00-01:00,4,2,0,1,1,0,0,0,0,0,0,0,0
동해선,삼척,강현졸음쉼터,01:00-02:00,0,0,0,0,0,0,0,0,0,0,0,0,0
동해선,삼척,강현졸음쉼터,02:00-03:00,1,0,0,0,1,0,0,0,0,0,0,0,0
동해선,삼척,강현졸음쉼터,03:00-04:00,3,1,0,0,1,0,1,0,0,0,0,0,0
동해선,삼척,강현졸음쉼터,04:00-05:00,2,2,0,0,0,0,0,0,0,0,0,0,0
동해선,삼척,강현졸음쉼터,05:00-06:00,4,4,0,0,0,0,0,0,0,0,0,0,0
동해선,삼척,강현졸음쉼터,06:00-07:00,3,3,0,0,0,0,0,0,0,0,0,0,0
동해선,속초,강현졸음쉼터,07:00-08:00,27,19,0,4,2,1,0,0,0,0,1,0,0
동해선,속초,강현졸음쉼터,08:00-09:00,33,27,0,1,1,1,1,1,0,0,1,0,0
동해선,속초,강현졸음쉼터,09:00-10:00,40,30,0,4,4,2,0,0,0,0,0,0,0
동해선,속초,강현졸음쉼터,10:00-11:00,44,39,0,3,2,0,0,0,0,0,0,0,0
동해선,속초,강현졸음쉼터,11:00-12:00,46,41,0,4,1,0,0,0,0,0,0,0,0
동해선,속초,강현졸음쉼터,12:00-13:00,46,40,0,4,1,1,0,0,0,0,0,0,0
동해선,속초,강현졸음쉼터,13:00-14:00,44,38,0,3,0,1,1,0,0,0,1,0,0
동해선,속초,강현졸음쉼터,14:00-15:00,49,47,1,0,1,0,0,0,0,0,0,0,0
동해선,속초,강현졸음쉼터,15:00-16:00,39,34,0,4,0,0,1,0,0,0,0,0,0
동해선,속초,강현졸음쉼터,16:00-17:00,25,21,0,2,2,0,0,0,0,0,0,0,0
동해선,속초,강현졸음쉼터,17:00-18:00,23,20,0,1,1,1,0,0,0,0,0,0,0
동해선,속초,강현졸음쉼터,18:00-19:00,15,13,0,0,1,1,0,0,0,0,0,0,0
동해선,속초,강현졸음쉼터,19:00-20:00,13,11,0,1,0,1,0,0,0,0,0,0,0
동해선,속초,강현졸음쉼터,20:00-21:00,12,8,1,1,2,0,0,0,0,0,0,0,0
동해선,속초,강현졸음쉼터,21:00-22:00,9,8,0,1,0,0,0,0,0,0,0,0,0
동해선,속초,강현졸음쉼터,22:00-23:00,6,5,0,1,0,0,0,0,0,0,0,0,0
동해선,속초,강현졸음쉼터,23:00-24:00,2,2,0,0,0,0,0,0,0,0,0,0,0
동해선,속초,강현졸음쉼터,00:00-01:00,7,3,0,1,0,3,0,0,0,0,0,0,0
동해선,속초,강현졸음쉼터,01:00-02:00,2,2,0,0,0,0,0,0,0,0,0,0,0
동해선,속초,강현졸음쉼터,02:00-03:00,2,0,0,0,2,0,0,0,0,0,0,0,0
동해선,속초,강현졸음쉼터,03:00-04:00,1,0,0,0,1,0,0,0,0,0,0,0,0
동해선,속초,강현졸음쉼터,04:00-05:00,2,1,0,0,1,0,0,0,0,0,0,0,0
동해선,속초,강현졸음쉼터,05:00-06:00,8,4,0,0,1,2,0,0,0,0,1,0,0
동해선,속초,강현졸음쉼터,06:00-07:00,15,4,0,3,6,1,1,0,0,0,0,0,0
동해선,속초,손양졸음쉼터,07:00-08:00,10,8,0,1,1,0,0,0,0,0,0,0,0
동해선,속초,손양졸음쉼터,08:00-09:00,12,8,0,3,1,0,0,0,0,0,0,0,0
동해선,속초,손양졸음쉼터,09:00-10:00,20,17,0,1,1,0,1,0,0,0,0,0,0
동해선,속초,손양졸음쉼터,10:00-11:00,24,15,2,3,2,0,2,0,0,0,0,0,0
동해선,속초,손양졸음쉼터,11:00-12:00,30,25,0,5,0,0,0,0,0,0,0,0,0
동해선,속초,손양졸음쉼터,12:00-13:00,24,18,0,4,1,0,1,0,0,0,0,0,0
동해선,속초,손양졸음쉼터,13:00-14:00,25,21,0,2,2,0,0,0,0,0,0,0,0
동해선,속초,손양졸음쉼터,14:00-15:00,25,21,0,0,2,2,0,0,0,0,0,0,0
동해선,속초,손양졸음쉼터,15:00-16:00,33,27,1,2,2,0,1,0,0,0,0,0,0
동해선,속초,손양졸음쉼터,16:00-17:00,23,16,1,5,1,0,0,0,0,0,0,0,0
동해선,속초,손양졸음쉼터,17:00-18:00,8,4,1,3,0,0,0,0,0,0,0,0,0
동해선,속초,손양졸음쉼터,18:00-19:00,9,9,0,0,0,0,0,0,0,0,0,0,0
동해선,속초,손양졸음쉼터,19:00-20:00,7,6,0,1,0,0,0,0,0,0,0,0,0
동해선,속초,손양졸음쉼터,20:00-21:00,5,3,0,2,0,0,0,0,0,0,0,0,0
동해선,속초,손양졸음쉼터,21:00-22:00,4,4,0,0,0,0,0,0,0,0,0,0,0
동해선,속초,손양졸음쉼터,22:00-23:00,2,1,0,0,0,0,0,1,0,0,0,0,0
동해선,속초,손양졸음쉼터,23:00-24:00,4,3,0,0,0,0,0,1,0,0,0,0,0
동해선,속초,손양졸음쉼터,00:00-01:00,3,3,0,0,0,0,0,0,0,0,0,0,0
동해선,속초,손양졸음쉼터,01:00-02:00,0,0,0,0,0,0,0,0,0,0,0,0,0
동해선,속초,손양졸음쉼터,02:00-03:00,0,0,0,0,0,0,0,0,0,0,0,0,0
동해선,속초,손양졸음쉼터,03:00-04:00,1,0,0,1,0,0,0,0,0,0,0,0,0
동해선,속초,손양졸음쉼터,04:00-05:00,2,0,0,0,2,0,0,0,0,0,0,0,0
동해선,속초,손양졸음쉼터,05:00-06:00,5,3,0,0,0,0,1,1,0,0,0,0,0
동해선,속초,손양졸음쉼터,06:00-07:00,11,3,0,4,2,1,0,1,0,0,0,0,0
부산외곽순환선,기장,일광졸음쉼터,07:00-08:00,28,20,1,4,0,0,2,0,0,0,0,0,1
부산외곽순환선,기장,일광졸음쉼터,08:00-09:00,42,26,0,11,4,1,0,0,0,0,0,0,0
부산외곽순환선,기장,일광졸음쉼터,09:00-10:00,49,36,0,10,3,0,0,0,0,0,0,0,0
부산외곽순환선,기장,일광졸음쉼터,10:00-11:00,54,37,0,12,2,1,1,1,0,0,0,0,0
부산외곽순환선,기장,일광졸음쉼터,11:00-12:00,61,46,0,12,0,1,1,0,0,0,1,0,0
부산외곽순환선,기장,일광졸음쉼터,12:00-13:00,54,34,0,14,1,1,0,1,0,0,1,0,2
부산외곽순환선,기장,일광졸음쉼터,13:00-14:00,51,34,0,14,1,0,1,1,0,0,0,0,0
부산외곽순환선,기장,일광졸음쉼터,14:00-15:00,55,41,0,8,1,3,2,0,0,0,0,0,0
부산외곽순환선,기장,일광졸음쉼터,15:00-16:00,67,47,0,13,5,0,1,1,0,0,0,0,0
부산외곽순환선,기장,일광졸음쉼터,16:00-17:00,59,48,0,5,4,0,1,1,0,0,0,0,0
부산외곽순환선,기장,일광졸음쉼터,17:00-18:00,64,59,0,4,0,0,0,0,0,0,1,0,0
부산외곽순환선,기장,일광졸음쉼터,18:00-19:00,52,44,0,6,1,0,0,0,0,0,0,0,1
부산외곽순환선,기장,일광졸음쉼터,19:00-20:00,31,25,0,4,0,1,0,0,0,0,1,0,0
부산외곽순환선,기장,일광졸음쉼터,20:00-21:00,22,20,1,0,0,1,0,0,0,0,0,0,0
부산외곽순환선,기장,일광졸음쉼터,21:00-22:00,16,16,0,0,0,0,0,0,0,0,0,0,0
부산외곽순환선,기장,일광졸음쉼터,22:00-23:00,20,18,0,1,1,0,0,0,0,0,0,0,0
부산외곽순환선,기장,일광졸음쉼터,23:00-24:00,7,7,0,0,0,0,0,0,0,0,0,0,0
부산외곽순환선,기장,일광졸음쉼터,00:00-01:00,6,2,0,1,0,0,0,2,0,0,1,0,0
부산외곽순환선,기장,일광졸음쉼터,01:00-02:00,4,2,0,1,0,1,0,0,0,0,0,0,0
부산외곽순환선,기장,일광졸음쉼터,02:00-03:00,6,3,0,2,1,0,0,0,0,0,0,0,0
부산외곽순환선,기장,일광졸음쉼터,03:00-04:00,2,0,0,1,0,0,1,0,0,0,0,0,0
부산외곽순환선,기장,일광졸음쉼터,04:00-05:00,4,2,0,0,0,0,0,2,0,0,0,0,0
부산외곽순환선,기장,일광졸음쉼터,05:00-06:00,14,8,0,3,1,1,0,0,0,0,1,0,0
부산외곽순환선,기장,일광졸음쉼터,06:00-07:00,26,17,0,5,2,1,0,1,0,0,0,0,0
새만금포항선(익산장수),익산,마이산졸음쉼터,07:00-08:00,9,3,0,3,2,0,0,0,0,0,1,0,0
새만금포항선(익산장수),익산,마이산졸음쉼터,08:00-09:00,7,5,0,1,1,0,0,0,0,0,0,0,0
새만금포항선(익산장수),익산,마이산졸음쉼터,09:00-10:00,8,7,0,0,0,0,0,0,0,0,1,0,0
새만금포항선(익산장수),익산,마이산졸음쉼터,10:00-11:00,19,15,0,1,0,1,0,2,0,0,0,0,0
새만금포항선(익산장수),익산,마이산졸음쉼터,11:00-12:00,16,7,0,3,2,2,0,1,0,0,1,0,0
새만금포항선(익산장수),익산,마이산졸음쉼터,12:00-13:00,15,13,0,1,0,0,0,1,0,0,0,0,0
새만금포항선(익산장수),익산,마이산졸음쉼터,13:00-14:00,9,6,0,2,0,0,0,1,0,0,0,0,0
새만금포항선(익산장수),익산,마이산졸음쉼터,14:00-15:00,18,11,0,4,1,0,0,1,0,0,1,0,0
새만금포항선(익산장수),익산,마이산졸음쉼터,15:00-16:00,30,18,0,5,1,3,1,1,0,0,0,1,0
새만금포항선(익산장수),익산,마이산졸음쉼터,16:00-17:00,9,8,0,1,0,0,0,0,0,0,0,0,0
새만금포항선(익산장수),익산,마이산졸음쉼터,17:00-18:00,16,11,0,3,1,0,0,1,0,0,0,0,0
새만금포항선(익산장수),익산,마이산졸음쉼터,18:00-19:00,17,11,1,2,0,2,0,1,0,0,0,0,0
새만금포항선(익산장수),익산,마이산졸음쉼터,19:00-20:00,9,4,2,0,2,0,1,0,0,0,0,0,0
새만금포항선(익산장수),익산,마이산졸음쉼터,20:00-21:00,5,4,0,0,0,1,0,0,0,0,0,0,0
새만금포항선(익산장수),익산,마이산졸음쉼터,21:00-22:00,4,3,0,0,1,0,0,0,0,0,0,0,0
새만금포항선(익산장수),익산,마이산졸음쉼터,22:00-23:00,5,2,0,1,1,1,0,0,0,0,0,0,0
새만금포항선(익산장수),익산,마이산졸음쉼터,23:00-24:00,2,0,0,1,0,1,0,0,0,0,0,0,0
새만금포항선(익산장수),익산,마이산졸음쉼터,00:00-01:00,4,1,0,0,1,0,1,0,0,0,0,0,1
새만금포항선(익산장수),익산,마이산졸음쉼터,01:00-02:00,3,1,0,0,0,0,1,0,0,0,1,0,0
새만금포항선(익산장수),익산,마이산졸음쉼터,02:00-03:00,1,1,0,0,0,0,0,0,0,0,0,0,0
새만금포항선(익산장수),익산,마이산졸음쉼터,03:00-04:00,0,0,0,0,0,0,0,0,0,0,0,0,0
새만금포항선(익산장수),익산,마이산졸음쉼터,04:00-05:00,2,0,0,1,1,0,0,0,0,0,0,0,0
새만금포항선(익산장수),익산,마이산졸음쉼터,05:00-06:00,11,2,0,4,2,3,0,0,0,0,0,0,0
새만금포항선(익산장수),익산,마이산졸음쉼터,06:00-07:00,10,3,0,3,1,0,1,1,0,0,0,0,1
새만금포항선(익산장수),장수,마이산졸음쉼터,07:00-08:00,10,8,0,1,1,0,0,0,0,0,0,0,0
새만금포항선(익산장수),장수,마이산졸음쉼터,08:00-09:00,8,6,0,1,1,0,0,0,0,0,0,0,0
새만금포항선(익산장수),장수,마이산졸음쉼터,09:00-10:00,16,7,0,5,3,0,0,1,0,0,0,0,0
새만금포항선(익산장수),장수,마이산졸음쉼터,10:00-11:00,21,16,0,2,2,0,1,0,0,0,0,0,0
새만금포항선(익산장수),장수,마이산졸음쉼터,11:00-12:00,20,13,0,2,4,1,0,0,0,0,0,0,0
새만금포항선(익산장수),장수,마이산졸음쉼터,12:00-13:00,12,7,0,5,0,0,0,0,0,0,0,0,0
새만금포항선(익산장수),장수,마이산졸음쉼터,13:00-14:00,22,16,0,3,1,1,0,0,0,0,0,0,1
새만금포항선(익산장수),장수,마이산졸음쉼터,14:00-15:00,26,21,1,2,1,0,0,1,0,0,0,0,0
새만금포항선(익산장수),장수,마이산졸음쉼터,15:00-16:00,23,16,0,3,2,0,0,1,0,0,0,0,1
새만금포항선(익산장수),장수,마이산졸음쉼터,16:00-17:00,23,19,0,3,1,0,0,0,0,0,0,0,0
새만금포항선(익산장수),장수,마이산졸음쉼터,17:00-18:00,15,12,1,2,0,0,0,0,0,0,0,0,0
새만금포항선(익산장수),장수,마이산졸음쉼터,18:00-19:00,15,12,0,2,0,1,0,0,0,0,0,0,0
새만금포항선(익산장수),장수,마이산졸음쉼터,19:00-20:00,10,6,0,2,1,0,0,0,0,0,1,0,0
새만금포항선(익산장수),장수,마이산졸음쉼터,20:00-21:00,4,4,0,0,0,0,0,0,0,0,0,0,0
새만금포항선(익산장수),장수,마이산졸음쉼터,21:00-22:00,9,8,0,0,1,0,0,0,0,0,0,0,0
새만금포항선(익산장수),장수,마이산졸음쉼터,22:00-23:00,3,2,0,1,0,0,0,0,0,0,0,0,0
새만금포항선(익산장수),장수,마이산졸음쉼터,23:00-24:00,2,2,0,0,0,0,0,0,0,0,0,0,0
새만금포항선(익산장수),장수,마이산졸음쉼터,00:00-01:00,0,0,0,0,0,0,0,0,0,0,0,0,0
새만금포항선(익산장수),장수,마이산졸음쉼터,01:00-02:00,2,2,0,0,0,0,0,0,0,0,0,0,0
새만금포항선(익산장수),장수,마이산졸음쉼터,02:00-03:00,2,2,0,0,0,0,0,0,0,0,0,0,0
새만금포항선(익산장수),장수,마이산졸음쉼터,03:00-04:00,2,1,0,1,0,0,0,0,0,0,0,0,0
새만금포항선(익산장수),장수,마이산졸음쉼터,04:00-05:00,1,0,0,1,0,0,0,0,0,0,0,0,0
새만금포항선(익산장수),장수,마이산졸음쉼터,05:00-06:00,4,2,0,0,0,2,0,0,0,0,0,0,0
새만금포항선(익산장수),장수,마이산졸음쉼터,06:00-07:00,5,1,0,2,1,1,0,0,0,0,0,0,0
새만금포항지선,익산,완주졸음쉼터,07:00-08:00,12,9,0,2,0,1,0,0,0,0,0,0,0
새만금포항지선,익산,완주졸음쉼터,08:00-09:00,17,13,0,2,0,0,0,0,0,0,2,0,0
새만금포항지선,익산,완주졸음쉼터,09:00-10:00,25,21,0,3,1,0,0,0,0,0,0,0,0
새만금포항지선,익산,완주졸음쉼터,10:00-11:00,31,24,1,6,0,0,0,0,0,0,0,0,0
새만금포항지선,익산,완주졸음쉼터,11:00-12:00,28,20,0,4,2,0,0,2,0,0,0,0,0
새만금포항지선,익산,완주졸음쉼터,12:00-13:00,33,25,0,7,0,0,0,1,0,0,0,0,0
새만금포항지선,익산,완주졸음쉼터,13:00-14:00,32,22,0,7,1,0,1,0,0,0,1,0,0
새만금포항지선,익산,완주졸음쉼터,14:00-15:00,29,20,1,8,0,0,0,0,0,0,0,0,0
새만금포항지선,익산,완주졸음쉼터,15:00-16:00,39,34,0,4,0,0,0,0,0,0,0,0,1
새만금포항지선,익산,완주졸음쉼터,16:00-17:00,27,23,0,2,1,1,0,0,0,0,0,0,0
새만금포항지선,익산,완주졸음쉼터,17:00-18:00,16,13,0,2,0,0,0,1,0,0,0,0,0
새만금포항지선,익산,완주졸음쉼터,18:00-19:00,25,18,0,6,0,0,0,0,0,0,0,0,1
새만금포항지선,익산,완주졸음쉼터,19:00-20:00,22,19,0,1,2,0,0,0,0,0,0,0,0
새만금포항지선,익산,완주졸음쉼터,20:00-21:00,14,13,0,0,0,1,0,0,0,0,0,0,0
새만금포항지선,익산,완주졸음쉼터,21:00-22:00,8,5,0,0,2,0,0,1,0,0,0,0,0
새만금포항지선,익산,완주졸음쉼터,22:00-23:00,6,5,0,1,0,0,0,0,0,0,0,0,0
새만금포항지선,익산,완주졸음쉼터,23:00-24:00,5,4,0,0,0,0,0,0,0,0,1,0,0
새만금포항지선,익산,완주졸음쉼터,00:00-01:00,5,3,0,0,0,1,1,0,0,0,0,0,0
새만금포항지선,익산,완주졸음쉼터,01:00-02:00,5,4,0,1,0,0,0,0,0,0,0,0,0
새만금포항지선,익산,완주졸음쉼터,02:00-03:00,1,1,0,0,0,0,0,0,0,0,0,0,0
새만금포항지선,익산,완주졸음쉼터,03:00-04:00,3,1,0,0,0,1,0,0,0,0,1,0,0
새만금포항지선,익산,완주졸음쉼터,04:00-05:00,4,1,0,0,1,0,0,2,0,0,0,0,0
새만금포항지선,익산,완주졸음쉼터,05:00-06:00,5,1,0,2,1,1,0,0,0,0,0,0,0
새만금포항지선,익산,완주졸음쉼터,06:00-07:00,10,7,0,3,0,0,0,0,0,0,0,0,0
새만금포항지선,장수,완주졸음쉼터,07:00-08:00,11,6,0,1,3,0,1,0,0,0,0,0,0
새만금포항지선,장수,완주졸음쉼터,08:00-09:00,17,11,0,5,0,0,1,0,0,0,0,0,0
새만금포항지선,장수,완주졸음쉼터,09:00-10:00,17,13,0,3,0,0,0,0,0,0,0,0,1
새만금포항지선,장수,완주졸음쉼터,10:00-11:00,31,26,0,3,2,0,0,0,0,0,0,0,0
새만금포항지선,장수,완주졸음쉼터,11:00-12:00,12,8,0,1,2,0,0,0,0,0,1,0,0
새만금포항지선,장수,완주졸음쉼터,12:00-13:00,14,13,0,1,0,0,0,0,0,0,0,0,0
새만금포항지선,장수,완주졸음쉼터,13:00-14:00,28,25,0,3,0,0,0,0,0,0,0,0,0
새만금포항지선,장수,완주졸음쉼터,14:00-15:00,20,16,0,4,0,0,0,0,0,0,0,0,0
새만금포항지선,장수,완주졸음쉼터,15:00-16:00,19,18,0,1,0,0,0,0,0,0,0,0,0
새만금포항지선,장수,완주졸음쉼터,16:00-17:00,23,20,0,3,0,0,0,0,0,0,0,0,0
새만금포항지선,장수,완주졸음쉼터,17:00-18:00,17,14,0,3,0,0,0,0,0,0,0,0,0
새만금포항지선,장수,완주졸음쉼터,18:00-19:00,12,12,0,0,0,0,0,0,0,0,0,0,0
새만금포항지선,장수,완주졸음쉼터,19:00-20:00,9,8,0,0,0,0,0,0,0,0,0,1,0
새만금포항지선,장수,완주졸음쉼터,20:00-21:00,10,8,0,1,0,1,0,0,0,0,0,0,0
새만금포항지선,장수,완주졸음쉼터,21:00-22:00,10,9,0,0,0,1,0,0,0,0,0,0,0
새만금포항지선,장수,완주졸음쉼터,22:00-23:00,5,3,0,1,1,0,0,0,0,0,0,0,0
새만금포항지선,장수,완주졸음쉼터,23:00-24:00,4,3,0,0,0,1,0,0,0,0,0,0,0
새만금포항지선,장수,완주졸음쉼터,00:00-01:00,8,4,0,2,0,1,0,1,0,0,0,0,0
새만금포항지선,장수,완주졸음쉼터,01:00-02:00,5,3,0,1,0,0,1,0,0,0,0,0,0
새만금포항지선,장수,완주졸음쉼터,02:00-03:00,3,1,0,0,1,1,0,0,0,0,0,0,0
새만금포항지선,장수,완주졸음쉼터,03:00-04:00,1,1,0,0,0,0,0,0,0,0,0,0,0
새만금포항지선,장수,완주졸음쉼터,04:00-05:00,2,2,0,0,0,0,0,0,0,0,0,0,0
새만금포항지선,장수,완주졸음쉼터,05:00-06:00,9,5,0,3,0,1,0,0,0,0,0,0,0
새만금포항지선,장수,완주졸음쉼터,06:00-07:00,7,4,0,0,1,1,1,0,0,0,0,0,0
서울양양선,양양,동산졸음쉼터,07:00-08:00,45,30,1,12,1,0,0,1,0,0,0,0,0
서울양양선,양양,동산졸음쉼터,08:00-09:00,29,24,0,2,2,1,0,0,0,0,0,0,0
서울양양선,양양,동산졸음쉼터,09:00-10:00,41,32,2,5,2,0,0,0,0,0,0,0,0
서울양양선,양양,동산졸음쉼터,10:00-11:00,59,55,0,1,1,0,0,2,0,0,0,0,0
서울양양선,양양,동산졸음쉼터,11:00-12:00,66,50,0,9,4,0,0,3,0,0,0,0,0
서울양양선,양양,동산졸음쉼터,12:00-13:00,62,52,0,7,1,1,0,1,0,0,0,0,0
서울양양선,양양,동산졸음쉼터,13:00-14:00,58,52,0,4,0,1,0,1,0,0,0,0,0
서울양양선,양양,동산졸음쉼터,14:00-15:00,42,33,0,3,4,0,0,2,0,0,0,0,0
서울양양선,양양,동산졸음쉼터,15:00-16:00,26,22,0,4,0,0,0,0,0,0,0,0,0
서울양양선,양양,동산졸음쉼터,16:00-17:00,36,28,0,3,2,2,0,1,0,0,0,0,0
서울양양선,양양,동산졸음쉼터,17:00-18:00,18,16,0,2,0,0,0,0,0,0,0,0,0
서울양양선,양양,동산졸음쉼터,18:00-19:00,3,3,0,0,0,0,0,0,0,0,0,0,0
서울양양선,양양,동산졸음쉼터,19:00-20:00,7,7,0,0,0,0,0,0,0,0,0,0,0
서울양양선,양양,동산졸음쉼터,20:00-21:00,8,8,0,0,0,0,0,0,0,0,0,0,0
서울양양선,양양,동산졸음쉼터,21:00-22:00,11,8,0,2,0,0,0,1,0,0,0,0,0
서울양양선,양양,동산졸음쉼터,22:00-23:00,8,6,0,0,0,2,0,0,0,0,0,0,0
서울양양선,양양,동산졸음쉼터,23:00-24:00,6,5,0,0,0,0,0,1,0,0,0,0,0
서울양양선,양양,동산졸음쉼터,00:00-01:00,5,3,0,1,0,0,0,0,0,0,1,0,0
서울양양선,양양,동산졸음쉼터,01:00-02:00,2,0,0,0,2,0,0,0,0,0,0,0,0
서울양양선,양양,동산졸음쉼터,02:00-03:00,4,2,0,0,0,1,0,1,0,0,0,0,0
서울양양선,양양,동산졸음쉼터,03:00-04:00,4,1,0,0,3,0,0,0,0,0,0,0,0
서울양양선,양양,동산졸음쉼터,04:00-05:00,3,2,0,1,0,0,0,0,0,0,0,0,0
서울양양선,양양,동산졸음쉼터,05:00-06:00,14,5,0,1,4,1,0,2,0,0,1,0,0
서울양양선,양양,동산졸음쉼터,06:00-07:00,24,15,0,3,2,2,2,0,0,0,0,0,0
서울양양선,양양,인제졸음쉼터,07:00-08:00,31,22,0,3,3,0,2,1,0,0,0,0,0
서울양양선,양양,인제졸음쉼터,08:00-09:00,45,38,0,6,1,0,0,0,0,0,0,0,0
서울양양선,양양,인제졸음쉼터,09:00-10:00,50,41,1,5,3,0,0,0,0,0,0,0,0
서울양양선,양양,인제졸음쉼터,10:00-11:00,59,51,0,5,1,2,0,0,0,0,0,0,0
서울양양선,양양,인제졸음쉼터,11:00-12:00,49,43,0,4,2,0,0,0,0,0,0,0,0
서울양양선,양양,인제졸음쉼터,12:00-13:00,44,41,0,3,0,0,0,0,0,0,0,0,0
서울양양선,양양,인제졸음쉼터,13:00-14:00,63,57,0,6,0,0,0,0,0,0,0,0,0
서울양양선,양양,인제졸음쉼터,14:00-15:00,60,54,1,3,1,1,0,0,0,0,0,0,0
서울양양선,양양,인제졸음쉼터,15:00-16:00,48,42,0,6,0,0,0,0,0,0,0,0,0
서울양양선,양양,인제졸음쉼터,16:00-17:00,39,34,0,4,1,0,0,0,0,0,0,0,0
서울양양선,양양,인제졸음쉼터,17:00-18:00,23,18,0,2,0,2,1,0,0,0,0,0,0
서울양양선,양양,인제졸음쉼터,18:00-19:00,10,7,1,1,0,0,0,1,0,0,0,0,0
서울양양선,양양,인제졸음쉼터,19:00-20:00,20,17,1,1,1,0,0,0,0,0,0,0,0
서울양양선,양양,인제졸음쉼터,20:00-21:00,14,11,0,0,0,1,0,0,0,0,2,0,0
서울양양선,양양,인제졸음쉼터,21:00-22:00,13,10,0,3,0,0,0,0,0,0,0,0,0
서울양양선,양양,인제졸음쉼터,22:00-23:00,9,9,0,0,0,0,0,0,0,0,0,0,0
서울양양선,양양,인제졸음쉼터,23:00-24:00,6,3,0,0,2,1,0,0,0,0,0,0,0
서울양양선,양양,인제졸음쉼터,00:00-01:00,9,8,0,1,0,0,0,0,0,0,0,0,0
서울양양선,양양,인제졸음쉼터,01:00-02:00,6,4,0,1,1,0,0,0,0,0,0,0,0
서울양양선,양양,인제졸음쉼터,02:00-03:00,2,2,0,0,0,0,0,0,0,0,0,0,0
서울양양선,양양,인제졸음쉼터,03:00-04:00,5,2,0,0,2,1,0,0,0,0,0,0,0
서울양양선,양양,인제졸음쉼터,04:00-05:00,6,2,0,1,2,1,0,0,0,0,0,0,0
서울양양선,양양,인제졸음쉼터,05:00-06:00,11,6,0,0,2,1,1,1,0,0,0,0,0
서울양양선,양양,인제졸음쉼터,06:00-07:00,14,7,0,6,1,0,0,0,0,0,0,0,0
서울양양선,서울,인제졸음쉼터,07:00-08:00,5,4,0,1,0,0,0,0,0,0,0,0,0
서울양양선,서울,인제졸음쉼터,08:00-09:00,16,12,0,1,2,1,0,0,0,0,0,0,0
서울양양선,서울,인제졸음쉼터,09:00-10:00,28,22,2,1,3,0,0,0,0,0,0,0,0
서울양양선,서울,인제졸음쉼터,10:00-11:00,25,21,0,2,0,1,0,1,0,0,0,0,0
서울양양선,서울,인제졸음쉼터,11:00-12:00,45,39,0,2,1,3,0,0,0,0,0,0,0
서울양양선,서울,인제졸음쉼터,12:00-13:00,32,26,0,4,0,0,0,1,0,0,0,0,1
서울양양선,서울,인제졸음쉼터,13:00-14:00,46,41,0,4,1,0,0,0,0,0,0,0,0
서울양양선,서울,인제졸음쉼터,14:00-15:00,59,51,0,7,1,0,0,0,0,0,0,0,0
서울양양선,서울,인제졸음쉼터,15:00-16:00,66,56,1,7,0,2,0,0,0,0,0,0,0
서울양양선,서울,인제졸음쉼터,16:00-17:00,36,32,1,3,0,0,0,0,0,0,0,0,0
서울양양선,서울,인제졸음쉼터,17:00-18:00,33,28,0,3,1,0,0,0,0,0,1,0,0
서울양양선,서울,인제졸음쉼터,18:00-19:00,29,25,2,1,0,1,0,0,0,0,0,0,0
서울양양선,서울,인제졸음쉼터,19:00-20:00,28,25,1,1,0,0,1,0,0,0,0,0,0
서울양양선,서울,인제졸음쉼터,20:00-21:00,13,11,0,2,0,0,0,0,0,0,0,0,0
서울양양선,서울,인제졸음쉼터,21:00-22:00,5,5,0,0,0,0,0,0,0,0,0,0,0
서울양양선,서울,인제졸음쉼터,22:00-23:00,7,3,0,2,0,1,0,0,0,0,1,0,0
서울양양선,서울,인제졸음쉼터,23:00-24:00,4,4,0,0,0,0,0,0,0,0,0,0,0
서울양양선,서울,인제졸음쉼터,00:00-01:00,2,1,0,0,0,1,0,0,0,0,0,0,0
서울양양선,서울,인제졸음쉼터,01:00-02:00,2,1,0,1,0,0,0,0,0,0,0,0,0
서울양양선,서울,인제졸음쉼터,02:00-03:00,4,1,0,1,0,0,0,2,0,0,0,0,0
서울양양선,서울,인제졸음쉼터,03:00-04:00,1,0,0,0,0,0,0,1,0,0,0,0,0
서울양양선,서울,인제졸음쉼터,04:00-05:00,3,1,0,0,1,0,0,0,0,0,1,0,0
서울양양선,서울,인제졸음쉼터,05:00-06:00,7,3,0,0,1,2,0,1,0,0,0,0,0
서울양양선,서울,인제졸음쉼터,06:00-07:00,14,9,0,1,1,0,0,1,0,0,2,0,0
서울양양선,양양,양양졸음쉼터,07:00-08:00,26,20,0,6,0,0,0,0,0,0,0,0,0
서울양양선,양양,양양졸음쉼터,08:00-09:00,51,42,0,5,3,0,0,1,0,0,0,0,0
서울양양선,양양,양양졸음쉼터,09:00-10:00,52,47,1,2,0,0,1,0,0,0,1,0,0
서울양양선,양양,양양졸음쉼터,10:00-11:00,56,46,1,8,0,1,0,0,0,0,0,0,0
서울양양선,양양,양양졸음쉼터,11:00-12:00,48,43,0,2,1,1,1,0,0,0,0,0,0
서울양양선,양양,양양졸음쉼터,12:00-13:00,57,52,0,3,1,1,0,0,0,0,0,0,0
서울양양선,양양,양양졸음쉼터,13:00-14:00,38,33,0,5,0,0,0,0,0,0,0,0,0
서울양양선,양양,양양졸음쉼터,14:00-15:00,64,57,0,4,1,0,0,2,0,0,0,0,0
서울양양선,양양,양양졸음쉼터,15:00-16:00,60,55,0,4,0,1,0,0,0,0,0,0,0
서울양양선,양양,양양졸음쉼터,16:00-17:00,41,39,0,2,0,0,0,0,0,0,0,0,0
서울양양선,양양,양양졸음쉼터,17:00-18:00,45,41,1,3,0,0,0,0,0,0,0,0,0
서울양양선,양양,양양졸음쉼터,18:00-19:00,22,19,0,2,0,0,0,1,0,0,0,0,0
서울양양선,양양,양양졸음쉼터,19:00-20:00,18,16,0,0,0,1,0,1,0,0,0,0,0
서울양양선,양양,양양졸음쉼터,20:00-21:00,13,13,0,0,0,0,0,0,0,0,0,0,0
서울양양선,양양,양양졸음쉼터,21:00-22:00,19,17,0,1,0,0,1,0,0,0,0,0,0
서울양양선,양양,양양졸음쉼터,22:00-23:00,10,7,0,1,0,1,1,0,0,0,0,0,0
서울양양선,양양,양양졸음쉼터,23:00-24:00,3,2,0,0,0,1,0,0,0,0,0,0,0
서울양양선,양양,양양졸음쉼터,00:00-01:00,10,8,0,1,0,1,0,0,0,0,0,0,0
서울양양선,양양,양양졸음쉼터,01:00-02:00,3,1,0,2,0,0,0,0,0,0,0,0,0
서울양양선,양양,양양졸음쉼터,02:00-03:00,5,2,0,1,1,1,0,0,0,0,0,0,0
서울양양선,양양,양양졸음쉼터,03:00-04:00,6,1,0,2,0,2,1,0,0,0,0,0,0
서울양양선,양양,양양졸음쉼터,04:00-05:00,6,2,0,0,3,0,0,1,0,0,0,0,0
서울양양선,양양,양양졸음쉼터,05:00-06:00,11,4,0,4,2,1,0,0,0,0,0,0,0
서울양양선,양양,양양졸음쉼터,06:00-07:00,17,7,0,3,3,4,0,0,0,0,0,0,0
서울양양선,서울,양양졸음쉼터,07:00-08:00,4,4,0,0,0,0,0,0,0,0,0,0,0
서울양양선,서울,양양졸음쉼터,08:00-09:00,9,6,0,1,2,0,0,0,0,0,0,0,0
서울양양선,서울,양양졸음쉼터,09:00-10:00,23,19,0,2,1,1,0,0,0,0,0,0,0
서울양양선,서울,양양졸음쉼터,10:00-11:00,29,23,0,1,1,4,0,0,0,0,0,0,0
서울양양선,서울,양양졸음쉼터,11:00-12:00,29,21,1,2,0,1,0,3,0,0,1,0,0
서울양양선,서울,양양졸음쉼터,12:00-13:00,37,32,0,3,1,0,1,0,0,0,0,0,0
서울양양선,서울,양양졸음쉼터,13:00-14:00,48,47,0,1,0,0,0,0,0,0,0,0,0
서울양양선,서울,양양졸음쉼터,14:00-15:00,58,55,1,2,0,0,0,0,0,0,0,0,0
서울양양선,서울,양양졸음쉼터,15:00-16:00,55,48,0,7,0,0,0,0,0,0,0,0,0
서울양양선,서울,양양졸음쉼터,16:00-17:00,50,43,2,5,0,0,0,0,0,0,0,0,0
서울양양선,서울,양양졸음쉼터,17:00-18:00,29,26,0,1,2,0,0,0,0,0,0,0,0
서울양양선,서울,양양졸음쉼터,18:00-19:00,13,12,1,0,0,0,0,0,0,0,0,0,0
서울양양선,서울,양양졸음쉼터,19:00-20:00,20,19,0,1,0,0,0,0,0,0,0,0,0
서울양양선,서울,양양졸음쉼터,20:00-21:00,10,9,0,1,0,0,0,0,0,0,0,0,0
서울양양선,서울,양양졸음쉼터,21:00-22:00,7,6,0,0,0,0,1,0,0,0,0,0,0
서울양양선,서울,양양졸음쉼터,22:00-23:00,4,4,0,0,0,0,0,0,0,0,0,0,0
서울양양선,서울,양양졸음쉼터,23:00-24:00,2,1,0,0,0,0,0,1,0,0,0,0,0
서울양양선,서울,양양졸음쉼터,00:00-01:00,2,1,0,0,0,0,0,1,0,0,0,0,0
서울양양선,서울,양양졸음쉼터,01:00-02:00,1,0,0,0,1,0,0,0,0,0,0,0,0
서울양양선,서울,양양졸음쉼터,02:00-03:00,3,1,0,1,0,0,1,0,0,0,0,0,0
서울양양선,서울,양양졸음쉼터,03:00-04:00,1,0,0,1,0,0,0,0,0,0,0,0,0
서울양양선,서울,양양졸음쉼터,04:00-05:00,1,1,0,0,0,0,0,0,0,0,0,0,0
서울양양선,서울,양양졸음쉼터,05:00-06:00,6,4,0,1,0,1,0,0,0,0,0,0,0
서울양양선,서울,양양졸음쉼터,06:00-07:00,12,8,0,3,0,1,0,0,0,0,0,0,0
서해안선,서울,서서울졸음쉼터,07:00-08:00,40,28,0,5,2,5,0,0,0,0,0,0,0
서해안선,서울,서서울졸음쉼터,08:00-09:00,62,40,0,9,2,8,1,1,0,0,1,0,0
서해안선,서울,서서울졸음쉼터,09:00-10:00,80,55,0,11,6,5,3,0,0,0,0,0,0
서해안선,서울,서서울졸음쉼터,10:00-11:00,101,57,0,27,7,8,2,0,0,0,0,0,0
서해안선,서울,서서울졸음쉼터,11:00-12:00,86,48,0,14,4,14,3,2,0,0,1,0,0
서해안선,서울,서서울졸음쉼터,12:00-13:00,93,56,1,19,3,12,1,0,0,0,1,0,0
서해안선,서울,서서울졸음쉼터,13:00-14:00,104,65,0,15,5,16,3,0,0,0,0,0,0
서해안선,서울,서서울졸음쉼터,14:00-15:00,111,71,0,19,6,12,0,0,0,0,3,0,0
서해안선,서울,서서울졸음쉼터,15:00-16:00,143,87,0,29,1,21,2,0,0,0,3,0,0
서해안선,서울,서서울졸음쉼터,16:00-17:00,161,121,0,23,4,8,3,2,0,0,0,0,0
서해안선,서울,서서울졸음쉼터,17:00-18:00,145,118,0,16,4,5,2,0,0,0,0,0,0
서해안선,서울,서서울졸음쉼터,18:00-19:00,140,112,3,10,3,8,2,1,0,0,1,0,0
서해안선,서울,서서울졸음쉼터,19:00-20:00,146,125,0,12,2,5,2,0,0,0,0,0,0
서해안선,서울,서서울졸음쉼터,20:00-21:00,108,78,1,8,5,13,3,0,0,0,0,0,0
서해안선,서울,서서울졸음쉼터,21:00-22:00,32,22,0,2,0,5,2,1,0,0,0,0,0
서해안선,서울,서서울졸음쉼터,22:00-23:00,24,15,0,2,1,4,2,0,0,0,0,0,0
서해안선,서울,서서울졸음쉼터,23:00-24:00,22,17,0,1,0,2,0,1,0,0,0,0,1
서해안선,서울,서서울졸음쉼터,00:00-01:00,11,6,0,0,1,3,0,0,0,0,0,0,1
서해안선,서울,서서울졸음쉼터,01:00-02:00,16,8,0,4,1,1,0,1,0,0,0,0,1
서해안선,서울,서서울졸음쉼터,02:00-03:00,11,4,0,3,0,4,0,0,0,0,0,0,0
서해안선,서울,서서울졸음쉼터,03:00-04:00,11,2,0,2,0,4,1,2,0,0,0,0,0
서해안선,서울,서서울졸음쉼터,04:00-05:00,11,3,0,3,1,1,1,2,0,0,0,0,0
서해안선,서울,서서울졸음쉼터,05:00-06:00,33,13,1,4,3,10,0,2,0,0,0,0,0
서해안선,서울,서서울졸음쉼터,06:00-07:00,40,16,1,6,1,14,0,2,0,0,0,0,0
서해안선,목포,향남졸음쉼터,07:00-08:00,55,41,0,11,1,1,1,0,0,0,0,0,0
서해안선,목포,향남졸음쉼터,08:00-09:00,69,50,0,16,2,0,1,0,0,0,0,0,0
서해안선,목포,향남졸음쉼터,09:00-10:00,93,67,0,20,4,2,0,0,0,0,0,0,0
서해안선,목포,향남졸음쉼터,10:00-11:00,94,60,0,24,1,4,1,3,0,0,0,0,1
서해안선,목포,향남졸음쉼터,11:00-12:00,65,43,0,17,3,1,0,0,1,0,0,0,0
서해안선,목포,향남졸음쉼터,12:00-13:00,73,50,1,17,3,2,0,0,0,0,0,0,0
서해안선,목포,향남졸음쉼터,13:00-14:00,41,28,0,9,0,4,0,0,0,0,0,0,0
서해안선,목포,향남졸음쉼터,14:00-15:00,48,31,0,13,1,2,0,1,0,0,0,0,0
서해안선,목포,향남졸음쉼터,15:00-16:00,48,39,0,8,0,1,0,0,0,0,0,0,0
서해안선,목포,향남졸음쉼터,16:00-17:00,40,26,0,11,2,1,0,0,0,0,0,0,0
서해안선,목포,향남졸음쉼터,17:00-18:00,33,25,0,5,1,1,0,1,0,0,0,0,0
서해안선,목포,향남졸음쉼터,18:00-19:00,21,18,0,1,1,0,1,0,0,0,0,0,0
서해안선,목포,향남졸음쉼터,19:00-20:00,20,15,0,3,0,1,1,0,0,0,0,0,0
서해안선,목포,향남졸음쉼터,20:00-21:00,19,17,0,1,0,1,0,0,0,0,0,0,0
서해안선,목포,향남졸음쉼터,21:00-22:00,13,10,0,2,0,1,0,0,0,0,0,0,0
서해안선,목포,향남졸음쉼터,22:00-23:00,14,11,0,1,0,1,0,0,0,0,0,0,1
서해안선,목포,향남졸음쉼터,23:00-24:00,8,5,0,2,0,1,0,0,0,0,0,0,0
서해안선,목포,향남졸음쉼터,00:00-01:00,7,6,0,1,0,0,0,0,0,0,0,0,0
서해안선,목포,향남졸음쉼터,01:00-02:00,5,1,0,2,0,0,0,0,0,0,2,0,0
서해안선,목포,향남졸음쉼터,02:00-03:00,6,3,0,2,1,0,0,0,0,0,0,0,0
서해안선,목포,향남졸음쉼터,03:00-04:00,5,5,0,0,0,0,0,0,0,0,0,0,0
서해안선,목포,향남졸음쉼터,04:00-05:00,7,4,0,1,0,1,1,0,0,0,0,0,0
서해안선,목포,향남졸음쉼터,05:00-06:00,23,12,0,8,2,1,0,0,0,0,0,0,0
서해안선,목포,향남졸음쉼터,06:00-07:00,45,35,0,7,0,2,0,0,0,0,1,0,0
서해안선,서울,당진졸음쉼터,07:00-08:00,17,6,0,4,2,3,0,1,0,0,0,0,1
서해안선,서울,당진졸음쉼터,08:00-09:00,31,22,1,2,2,2,1,0,0,0,1,0,0
서해안선,서울,당진졸음쉼터,09:00-10:00,22,11,0,4,4,0,0,2,0,0,1,0,0
서해안선,서울,당진졸음쉼터,10:00-11:00,31,16,0,3,6,1,1,3,0,0,1,0,0
서해안선,서울,당진졸음쉼터,11:00-12:00,46,22,0,6,5,7,1,3,0,0,2,0,0
서해안선,서울,당진졸음쉼터,12:00-13:00,41,27,0,6,2,3,1,0,0,0,1,0,1
서해안선,서울,당진졸음쉼터,13:00-14:00,49,37,0,8,2,2,0,0,0,0,0,0,0
서해안선,서울,당진졸음쉼터,14:00-15:00,42,31,0,6,2,3,0,0,0,0,0,0,0
서해안선,서울,당진졸음쉼터,15:00-16:00,59,50,0,5,0,3,0,1,0,0,0,0,0
서해안선,서울,당진졸음쉼터,16:00-17:00,48,44,0,3,1,0,0,0,0,0,0,0,0
서해안선,서울,당진졸음쉼터,17:00-18:00,52,45,0,5,2,0,0,0,0,0,0,0,0
서해안선,서울,당진졸음쉼터,18:00-19:00,46,38,0,4,3,1,0,0,0,0,0,0,0
서해안선,서울,당진졸음쉼터,19:00-20:00,29,25,0,2,0,2,0,0,0,0,0,0,0
서해안선,서울,당진졸음쉼터,20:00-21:00,18,14,0,1,0,3,0,0,0,0,0,0,0
서해안선,서울,당진졸음쉼터,21:00-22:00,11,8,0,1,1,1,0,0,0,0,0,0,0
서해안선,서울,당진졸음쉼터,22:00-23:00,12,7,0,0,2,3,0,0,0,0,0,0,0
서해안선,서울,당진졸음쉼터,23:00-24:00,7,3,0,1,0,3,0,0,0,0,0,0,0
서해안선,서울,당진졸음쉼터,00:00-01:00,5,4,0,0,0,0,0,0,0,0,0,0,1
서해안선,서울,당진졸음쉼터,01:00-02:00,4,3,0,0,1,0,0,0,0,0,0,0,0
서해안선,서울,당진졸음쉼터,02:00-03:00,2,0,0,1,0,0,0,0,0,0,1,0,0
서해안선,서울,당진졸음쉼터,03:00-04:00,4,2,0,1,0,1,0,0,0,0,0,0,0
서해안선,서울,당진졸음쉼터,04:00-05:00,13,6,0,1,2,2,0,1,0,0,1,0,0
서해안선,서울,당진졸음쉼터,05:00-06:00,9,4,0,1,2,0,1,1,0,0,0,0,0
서해안선,서울,당진졸음쉼터,06:00-07:00,15,6,0,3,3,2,0,1,0,0,0,0,0
서해안선,서울,용연졸음쉼터,07:00-08:00,16,8,0,5,1,2,0,0,0,0,0,0,0
서해안선,서울,용연졸음쉼터,08:00-09:00,20,10,0,6,2,0,0,2,0,0,0,0,0
서해안선,서울,용연졸음쉼터,09:00-10:00,41,24,0,8,5,1,1,1,0,0,1,0,0
서해안선,서울,용연졸음쉼터,10:00-11:00,34,22,1,4,2,3,2,0,0,0,0,0,0
서해안선,서울,용연졸음쉼터,11:00-12:00,55,40,0,9,2,1,0,2,0,0,1,0,0
서해안선,서울,용연졸음쉼터,12:00-13:00,52,42,0,9,0,1,0,0,0,0,0,0,0
서해안선,서울,용연졸음쉼터,13:00-14:00,62,48,0,12,0,0,1,1,0,0,0,0,0
서해안선,서울,용연졸음쉼터,14:00-15:00,79,61,0,8,3,4,1,2,0,0,0,0,0
서해안선,서울,용연졸음쉼터,15:00-16:00,59,46,1,8,1,1,0,1,0,0,0,0,1
서해안선,서울,용연졸음쉼터,16:00-17:00,75,67,0,6,1,0,0,1,0,0,0,0,0
서해안선,서울,용연졸음쉼터,17:00-18:00,71,65,0,5,0,1,0,0,0,0,0,0,0
서해안선,서울,용연졸음쉼터,18:00-19:00,63,54,0,2,2,3,2,0,0,0,0,0,0
서해안선,서울,용연졸음쉼터,19:00-20:00,46,43,0,3,0,0,0,0,0,0,0,0,0
서해안선,서울,용연졸음쉼터,20:00-21:00,16,15,0,0,0,1,0,0,0,0,0,0,0
서해안선,서울,용연졸음쉼터,21:00-22:00,22,19,0,1,1,0,0,0,0,0,0,0,1
서해안선,서울,용연졸음쉼터,22:00-23:00,18,17,0,1,0,0,0,0,0,0,0,0,0
서해안선,서울,용연졸음쉼터,23:00-24:00,10,6,0,1,1,0,0,1,0,0,1,0,0
서해안선,서울,용연졸음쉼터,00:00-01:00,6,2,0,1,1,0,0,1,0,0,0,0,1
서해안선,서울,용연졸음쉼터,01:00-02:00,11,6,0,1,2,0,1,0,0,0,1,0,0
서해안선,서울,용연졸음쉼터,02:00-03:00,9,6,1,1,1,0,0,0,0,0,0,0,0
서해안선,서울,용연졸음쉼터,03:00-04:00,5,4,0,1,0,0,0,0,0,0,0,0,0
서해안선,서울,용연졸음쉼터,04:00-05:00,6,1,0,4,1,0,0,0,0,0,0,0,0
서해안선,서울,용연졸음쉼터,05:00-06:00,9,5,0,2,1,0,0,1,0,0,0,0,0
서해안선,서울,용연졸음쉼터,06:00-07:00,16,8,0,3,3,1,0,1,0,0,0,0,0
서해안선,목포,고북졸음쉼터,07:00-08:00,19,15,0,3,1,0,0,0,0,0,0,0,0
서해안선,목포,고북졸음쉼터,08:00-09:00,14,9,0,5,0,0,0,0,0,0,0,0,0
서해안선,목포,고북졸음쉼터,09:00-10:00,17,8,0,4,3,2,0,0,0,0,0,0,0
서해안선,목포,고북졸음쉼터,10:00-11:00,19,15,0,2,0,2,0,0,0,0,0,0,0
서해안선,목포,고북졸음쉼터,11:00-12:00,11,6,0,4,1,0,0,0,0,0,0,0,0
서해안선,목포,고북졸음쉼터,12:00-13:00,26,15,0,8,3,0,0,0,0,0,0,0,0
서해안선,목포,고북졸음쉼터,13:00-14:00,26,18,1,1,1,3,0,1,0,0,0,0,1
서해안선,목포,고북졸음쉼터,14:00-15:00,27,21,0,4,0,1,0,1,0,0,0,0,0
서해안선,목포,고북졸음쉼터,15:00-16:00,16,14,0,0,1,0,0,0,0,0,0,0,1
서해안선,목포,고북졸음쉼터,16:00-17:00,21,15,0,4,1,1,0,0,0,0,0,0,0
서해안선,목포,고북졸음쉼터,17:00-18:00,15,13,0,1,1,0,0,0,0,0,0,0,0
서해안선,목포,고북졸음쉼터,18:00-19:00,3,1,0,0,0,2,0,0,0,0,0,0,0
서해안선,목포,고북졸음쉼터,19:00-20:00,9,9,0,0,0,0,0,0,0,0,0,0,0
서해안선,목포,고북졸음쉼터,20:00-21:00,9,9,0,0,0,0,0,0,0,0,0,0,0
서해안선,목포,고북졸음쉼터,21:00-22:00,11,9,0,1,0,1,0,0,0,0,0,0,0
서해안선,목포,고북졸음쉼터,22:00-23:00,3,2,0,1,0,0,0,0,0,0,0,0,0
서해안선,목포,고북졸음쉼터,23:00-24:00,2,2,0,0,0,0,0,0,0,0,0,0,0
서해안선,목포,고북졸음쉼터,00:00-01:00,3,1,0,1,0,0,1,0,0,0,0,0,0
서해안선,목포,고북졸음쉼터,01:00-02:00,3,3,0,0,0,0,0,0,0,0,0,0,0
서해안선,목포,고북졸음쉼터,02:00-03:00,4,4,0,0,0,0,0,0,0,0,0,0,0
서해안선,목포,고북졸음쉼터,03:00-04:00,4,4,0,0,0,0,0,0,0,0,0,0,0
서해안선,목포,고북졸음쉼터,04:00-05:00,8,6,0,1,1,0,0,0,0,0,0,0,0
서해안선,목포,고북졸음쉼터,05:00-06:00,9,4,0,3,1,1,0,0,0,0,0,0,0
서해안선,목포,고북졸음쉼터,06:00-07:00,9,5,0,2,1,0,1,0,0,0,0,0,0
서해안선,서울,갈산졸음쉼터,07:00-08:00,3,1,0,1,0,1,0,0,0,0,0,0,0
서해안선,서울,갈산졸음쉼터,08:00-09:00,4,3,0,1,0,0,0,0,0,0,0,0,0
서해안선,서울,갈산졸음쉼터,09:00-10:00,13,9,0,0,1,0,2,0,0,0,1,0,0
서해안선,서울,갈산졸음쉼터,10:00-11:00,13,12,0,1,0,0,0,0,0,0,0,0,0
서해안선,서울,갈산졸음쉼터,11:00-12:00,26,19,0,4,1,1,1,0,0,0,0,0,0
서해안선,서울,갈산졸음쉼터,12:00-13:00,17,7,0,9,0,0,0,1,0,0,0,0,0
서해안선,서울,갈산졸음쉼터,13:00-14:00,20,11,0,6,1,0,0,1,0,0,0,0,1
서해안선,서울,갈산졸음쉼터,14:00-15:00,23,14,0,6,0,2,1,0,0,0,0,0,0
서해안선,서울,갈산졸음쉼터,15:00-16:00,13,12,0,1,0,0,0,0,0,0,0,0,0
서해안선,서울,갈산졸음쉼터,16:00-17:00,18,13,0,4,1,0,0,0,0,0,0,0,0
서해안선,서울,갈산졸음쉼터,17:00-18:00,17,13,0,3,0,1,0,0,0,0,0,0,0
서해안선,서울,갈산졸음쉼터,18:00-19:00,10,7,0,2,1,0,0,0,0,0,0,0,0
서해안선,서울,갈산졸음쉼터,19:00-20:00,15,13,0,1,0,1,0,0,0,0,0,0,0
서해안선,서울,갈산졸음쉼터,20:00-21:00,3,3,0,0,0,0,0,0,0,0,0,0,0
서해안선,서울,갈산졸음쉼터,21:00-22:00,0,0,0,0,0,0,0,0,0,0,0,0,0
서해안선,서울,갈산졸음쉼터,22:00-23:00,4,3,0,0,0,1,0,0,0,0,0,0,0
서해안선,서울,갈산졸음쉼터,23:00-24:00,5,4,0,0,1,0,0,0,0,0,0,0,0
서해안선,서울,갈산졸음쉼터,00:00-01:00,4,3,0,0,0,1,0,0,0,0,0,0,0
서해안선,서울,갈산졸음쉼터,01:00-02:00,1,0,0,1,0,0,0,0,0,0,0,0,0
서해안선,서울,갈산졸음쉼터,02:00-03:00,1,0,0,0,0,0,0,0,1,0,0,0,0
서해안선,서울,갈산졸음쉼터,03:00-04:00,5,2,0,0,1,1,0,1,0,0,0,0,0
서해안선,서울,갈산졸음쉼터,04:00-05:00,2,2,0,0,0,0,0,0,0,0,0,0,0
서해안선,서울,갈산졸음쉼터,05:00-06:00,4,3,0,0,0,1,0,0,0,0,0,0,0
서해안선,서울,갈산졸음쉼터,06:00-07:00,5,4,0,0,0,0,0,1,0,0,0,0,0
서해안선,목포,서산졸음쉼터,07:00-08:00,32,17,0,10,4,0,1,0,0,0,0,0,0
서해안선,목포,서산졸음쉼터,08:00-09:00,49,38,0,8,1,1,0,0,0,0,1,0,0
서해안선,목포,서산졸음쉼터,09:00-10:00,67,56,0,7,4,0,0,0,0,0,0,0,0
서해안선,목포,서산졸음쉼터,10:00-11:00,66,49,0,10,4,3,0,0,0,0,0,0,0
서해안선,목포,서산졸음쉼터,11:00-12:00,55,42,0,12,0,0,1,0,0,0,0,0,0
서해안선,목포,서산졸음쉼터,12:00-13:00,74,58,0,10,2,2,0,2,0,0,0,0,0
서해안선,목포,서산졸음쉼터,13:00-14:00,74,60,1,9,4,0,0,0,0,0,0,0,0
서해안선,목포,서산졸음쉼터,14:00-15:00,48,42,0,6,0,0,0,0,0,0,0,0,0
서해안선,목포,서산졸음쉼터,15:00-16:00,55,48,0,4,1,1,0,0,0,0,1,0,0
서해안선,목포,서산졸음쉼터,16:00-17:00,40,27,0,11,2,0,0,0,0,0,0,0,0
서해안선,목포,서산졸음쉼터,17:00-18:00,37,33,0,1,2,1,0,0,0,0,0,0,0
서해안선,목포,서산졸음쉼터,18:00-19:00,19,16,0,3,0,0,0,0,0,0,0,0,0
서해안선,목포,서산졸음쉼터,19:00-20:00,25,23,0,1,1,0,0,0,0,0,0,0,0
서해안선,목포,서산졸음쉼터,20:00-21:00,16,14,0,1,1,0,0,0,0,0,0,0,0
서해안선,목포,서산졸음쉼터,21:00-22:00,13,8,0,2,2,0,0,0,0,0,1,0,0
서해안선,목포,서산졸음쉼터,22:00-23:00,15,15,0,0,0,0,0,0,0,0,0,0,0
서해안선,목포,서산졸음쉼터,23:00-24:00,5,3,0,1,1,0,0,0,0,0,0,0,0
서해안선,목포,서산졸음쉼터,00:00-01:00,6,6,0,0,0,0,0,0,0,0,0,0,0
서해안선,목포,서산졸음쉼터,01:00-02:00,14,10,0,3,1,0,0,0,0,0,0,0,0
서해안선,목포,서산졸음쉼터,02:00-03:00,6,4,0,0,1,1,0,0,0,0,0,0,0
서해안선,목포,서산졸음쉼터,03:00-04:00,11,7,0,2,1,1,0,0,0,0,0,0,0
서해안선,목포,서산졸음쉼터,04:00-05:00,11,7,0,2,1,0,0,1,0,0,0,0,0
서해안선,목포,서산졸음쉼터,05:00-06:00,19,13,0,3,1,2,0,0,0,0,0,0,0
서해안선,목포,서산졸음쉼터,06:00-07:00,38,27,0,11,0,0,0,0,0,0,0,0,0
서해안선,목포,줄포졸음쉼터,07:00-08:00,5,2,0,2,0,1,0,0,0,0,0,0,0
서해안선,목포,줄포졸음쉼터,08:00-09:00,7,5,0,2,0,0,0,0,0,0,0,0,0
서해안선,목포,줄포졸음쉼터,09:00-10:00,12,10,0,1,1,0,0,0,0,0,0,0,0
서해안선,목포,줄포졸음쉼터,10:00-11:00,13,10,0,2,1,0,0,0,0,0,0,0,0
서해안선,목포,줄포졸음쉼터,11:00-12:00,13,9,0,2,1,1,0,0,0,0,0,0,0
서해안선,목포,줄포졸음쉼터,12:00-13:00,19,13,0,4,0,2,0,0,0,0,0,0,0
서해안선,목포,줄포졸음쉼터,13:00-14:00,19,16,0,2,0,0,1,0,0,0,0,0,0
서해안선,목포,줄포졸음쉼터,14:00-15:00,26,21,0,3,1,1,0,0,0,0,0,0,0
서해안선,목포,줄포졸음쉼터,15:00-16:00,17,12,0,3,1,1,0,0,0,0,0,0,0
서해안선,목포,줄포졸음쉼터,16:00-17:00,28,24,1,3,0,0,0,0,0,0,0,0,0
서해안선,목포,줄포졸음쉼터,17:00-18:00,16,15,0,1,0,0,0,0,0,0,0,0,0
서해안선,목포,줄포졸음쉼터,18:00-19:00,16,12,0,0,1,3,0,0,0,0,0,0,0
서해안선,목포,줄포졸음쉼터,19:00-20:00,7,6,0,0,0,1,0,0,0,0,0,0,0
서해안선,목포,줄포졸음쉼터,20:00-21:00,7,4,0,0,0,1,2,0,0,0,0,0,0
서해안선,목포,줄포졸음쉼터,21:00-22:00,6,4,0,0,0,0,2,0,0,0,0,0,0
서해안선,목포,줄포졸음쉼터,22:00-23:00,4,4,0,0,0,0,0,0,0,0,0,0,0
서해안선,목포,줄포졸음쉼터,23:00-24:00,0,0,0,0,0,0,0,0,0,0,0,0,0
서해안선,목포,줄포졸음쉼터,00:00-01:00,4,3,0,0,0,1,0,0,0,0,0,0,0
서해안선,목포,줄포졸음쉼터,01:00-02:00,5,3,0,0,0,1,1,0,0,0,0,0,0
서해안선,목포,줄포졸음쉼터,02:00-03:00,3,1,0,0,1,0,0,0,0,0,1,0,0
서해안선,목포,줄포졸음쉼터,03:00-04:00,2,0,0,0,0,2,0,0,0,0,0,0,0
서해안선,목포,줄포졸음쉼터,04:00-05:00,3,2,0,0,1,0,0,0,0,0,0,0,0
서해안선,목포,줄포졸음쉼터,05:00-06:00,4,0,0,2,0,1,1,0,0,0,0,0,0
서해안선,목포,줄포졸음쉼터,06:00-07:00,8,3,0,1,2,0,2,0,0,0,0,0,0
서해안선,목포,고창졸음쉼터,07:00-08:00,7,3,0,2,1,1,0,0,0,0,0,0,0
서해안선,목포,고창졸음쉼터,08:00-09:00,4,3,0,1,0,0,0,0,0,0,0,0,0
서해안선,목포,고창졸음쉼터,09:00-10:00,13,9,1,2,1,0,0,0,0,0,0,0,0
서해안선,목포,고창졸음쉼터,10:00-11:00,10,8,0,2,0,0,0,0,0,0,0,0,0
서해안선,목포,고창졸음쉼터,11:00-12:00,15,12,0,2,0,0,0,1,0,0,0,0,0
서해안선,목포,고창졸음쉼터,12:00-13:00,16,14,0,1,0,0,1,0,0,0,0,0,0
서해안선,목포,고창졸음쉼터,13:00-14:00,14,12,0,1,0,1,0,0,0,0,0,0,0
서해안선,목포,고창졸음쉼터,14:00-15:00,19,16,0,2,0,1,0,0,0,0,0,0,0
서해안선,목포,고창졸음쉼터,15:00-16:00,13,10,0,0,2,0,0,1,0,0,0,0,0
서해안선,목포,고창졸음쉼터,16:00-17:00,14,8,0,2,0,2,0,1,0,0,1,0,0
서해안선,목포,고창졸음쉼터,17:00-18:00,5,5,0,0,0,0,0,0,0,0,0,0,0
서해안선,목포,고창졸음쉼터,18:00-19:00,6,4,0,0,1,1,0,0,0,0,0,0,0
서해안선,목포,고창졸음쉼터,19:00-20:00,4,3,0,0,0,1,0,0,0,0,0,0,0
서해안선,목포,고창졸음쉼터,20:00-21:00,4,2,0,1,0,1,0,0,0,0,0,0,0
서해안선,목포,고창졸음쉼터,21:00-22:00,3,2,0,0,0,1,0,0,0,0,0,0,0
서해안선,목포,고창졸음쉼터,22:00-23:00,5,5,0,0,0,0,0,0,0,0,0,0,0
서해안선,목포,고창졸음쉼터,23:00-24:00,2,2,0,0,0,0,0,0,0,0,0,0,0
서해안선,목포,고창졸음쉼터,00:00-01:00,2,1,0,1,0,0,0,0,0,0,0,0,0
서해안선,목포,고창졸음쉼터,01:00-02:00,2,2,0,0,0,0,0,0,0,0,0,0,0
서해안선,목포,고창졸음쉼터,02:00-03:00,3,3,0,0,0,0,0,0,0,0,0,0,0
서해안선,목포,고창졸음쉼터,03:00-04:00,1,0,0,0,0,1,0,0,0,0,0,0,0
서해안선,목포,고창졸음쉼터,04:00-05:00,5,3,0,1,0,0,0,0,0,0,1,0,0
서해안선,목포,고창졸음쉼터,05:00-06:00,5,4,0,1,0,0,0,0,0,0,0,0,0
서해안선,목포,고창졸음쉼터,06:00-07:00,10,6,0,2,1,1,0,0,0,0,0,0,0
서해안선,서울,무창포졸음쉼터,07:00-08:00,16,7,0,5,3,0,1,0,0,0,0,0,0
서해안선,서울,무창포졸음쉼터,08:00-09:00,7,5,0,0,1,1,0,0,0,0,0,0,0
서해안선,서울,무창포졸음쉼터,09:00-10:00,11,7,0,4,0,0,0,0,0,0,0,0,0
서해안선,서울,무창포졸음쉼터,10:00-11:00,21,11,0,4,4,2,0,0,0,0,0,0,0
서해안선,서울,무창포졸음쉼터,11:00-12:00,22,15,0,4,1,1,0,1,0,0,0,0,0
서해안선,서울,무창포졸음쉼터,12:00-13:00,16,8,0,4,2,1,1,0,0,0,0,0,0
서해안선,서울,무창포졸음쉼터,13:00-14:00,22,17,0,4,0,0,1,0,0,0,0,0,0
서해안선,서울,무창포졸음쉼터,14:00-15:00,22,17,0,1,0,1,2,0,0,0,0,0,1
서해안선,서울,무창포졸음쉼터,15:00-16:00,25,18,0,3,2,1,0,0,0,0,1,0,0
서해안선,서울,무창포졸음쉼터,16:00-17:00,16,15,0,1,0,0,0,0,0,0,0,0,0
서해안선,서울,무창포졸음쉼터,17:00-18:00,23,21,0,1,0,1,0,0,0,0,0,0,0
서해안선,서울,무창포졸음쉼터,18:00-19:00,9,8,0,0,1,0,0,0,0,0,0,0,0
서해안선,서울,무창포졸음쉼터,19:00-20:00,4,2,0,1,1,0,0,0,0,0,0,0,0
서해안선,서울,무창포졸음쉼터,20:00-21:00,6,4,0,0,0,1,0,0,0,0,1,0,0
서해안선,서울,무창포졸음쉼터,21:00-22:00,4,3,0,0,0,0,0,1,0,0,0,0,0
서해안선,서울,무창포졸음쉼터,22:00-23:00,4,3,0,0,0,1,0,0,0,0,0,0,0
서해안선,서울,무창포졸음쉼터,23:00-24:00,4,2,0,0,0,2,0,0,0,0,0,0,0
서해안선,서울,무창포졸음쉼터,00:00-01:00,2,1,0,0,1,0,0,0,0,0,0,0,0
서해안선,서울,무창포졸음쉼터,01:00-02:00,1,0,0,0,0,1,0,0,0,0,0,0,0
서해안선,서울,무창포졸음쉼터,02:00-03:00,0,0,0,0,0,0,0,0,0,0,0,0,0
서해안선,서울,무창포졸음쉼터,03:00-04:00,2,0,0,0,0,1,1,0,0,0,0,0,0
서해안선,서울,무창포졸음쉼터,04:00-05:00,5,3,0,1,0,1,0,0,0,0,0,0,0
서해안선,서울,무창포졸음쉼터,05:00-06:00,6,1,0,3,1,0,1,0,0,0,0,0,0
서해안선,서울,무창포졸음쉼터,06:00-07:00,6,3,0,1,1,1,0,0,0,0,0,0,0
서해안선,서울,영광졸음쉼터,07:00-08:00,3,2,0,1,0,0,0,0,0,0,0,0,0
서해안선,서울,영광졸음쉼터,08:00-09:00,5,3,1,0,0,0,0,0,0,0,1,0,0
서해안선,서울,영광졸음쉼터,09:00-10:00,10,7,0,2,0,0,1,0,0,0,0,0,0
서해안선,서울,영광졸음쉼터,10:00-11:00,8,6,0,1,1,0,0,0,0,0,0,0,0
서해안선,서울,영광졸음쉼터,11:00-12:00,15,9,0,5,0,1,0,0,0,0,0,0,0
서해안선,서울,영광졸음쉼터,12:00-13:00,12,8,0,3,1,0,0,0,0,0,0,0,0
서해안선,서울,영광졸음쉼터,13:00-14:00,9,6,0,1,2,0,0,0,0,0,0,0,0
서해안선,서울,영광졸음쉼터,14:00-15:00,9,7,0,2,0,0,0,0,0,0,0,0,0
서해안선,서울,영광졸음쉼터,15:00-16:00,8,5,0,3,0,0,0,0,0,0,0,0,0
서해안선,서울,영광졸음쉼터,16:00-17:00,13,13,0,0,0,0,0,0,0,0,0,0,0
서해안선,서울,영광졸음쉼터,17:00-18:00,6,5,0,1,0,0,0,0,0,0,0,0,0
서해안선,서울,영광졸음쉼터,18:00-19:00,6,5,0,1,0,0,0,0,0,0,0,0,0
서해안선,서울,영광졸음쉼터,19:00-20:00,1,0,0,1,0,0,0,0,0,0,0,0,0
서해안선,서울,영광졸음쉼터,20:00-21:00,3,0,0,2,0,1,0,0,0,0,0,0,0
서해안선,서울,영광졸음쉼터,21:00-22:00,3,2,0,1,0,0,0,0,0,0,0,0,0
서해안선,서울,영광졸음쉼터,22:00-23:00,6,3,0,1,0,1,0,1,0,0,0,0,0
서해안선,서울,영광졸음쉼터,23:00-24:00,2,0,0,0,1,1,0,0,0,0,0,0,0
서해안선,서울,영광졸음쉼터,00:00-01:00,1,0,0,0,0,0,0,1,0,0,0,0,0
서해안선,서울,영광졸음쉼터,01:00-02:00,0,0,0,0,0,0,0,0,0,0,0,0,0
서해안선,서울,영광졸음쉼터,02:00-03:00,0,0,0,0,0,0,0,0,0,0,0,0,0
서해안선,서울,영광졸음쉼터,03:00-04:00,0,0,0,0,0,0,0,0,0,0,0,0,0
서해안선,서울,영광졸음쉼터,04:00-05:00,1,0,0,0,0,0,1,0,0,0,0,0,0
서해안선,서울,영광졸음쉼터,05:00-06:00,3,2,0,0,0,1,0,0,0,0,0,0,0
서해안선,서울,영광졸음쉼터,06:00-07:00,7,5,0,0,2,0,0,0,0,0,0,0,0
서해안선,목포,몽탄졸음쉼터,07:00-08:00,24,9,0,9,3,3,0,0,0,0,0,0,0
서해안선,목포,몽탄졸음쉼터,08:00-09:00,27,15,0,6,4,2,0,0,0,0,0,0,0
서해안선,목포,몽탄졸음쉼터,09:00-10:00,37,27,0,9,1,0,0,0,0,0,0,0,0
서해안선,목포,몽탄졸음쉼터,10:00-11:00,41,34,0,5,1,0,0,1,0,0,0,0,0
서해안선,목포,몽탄졸음쉼터,11:00-12:00,22,17,0,2,3,0,0,0,0,0,0,0,0
서해안선,목포,몽탄졸음쉼터,12:00-13:00,23,16,0,4,1,1,0,1,0,0,0,0,0
서해안선,목포,몽탄졸음쉼터,13:00-14:00,28,23,0,4,0,0,0,1,0,0,0,0,0
서해안선,목포,몽탄졸음쉼터,14:00-15:00,42,37,0,4,1,0,0,0,0,0,0,0,0
서해안선,목포,몽탄졸음쉼터,15:00-16:00,34,23,0,8,2,1,0,0,0,0,0,0,0
서해안선,목포,몽탄졸음쉼터,16:00-17:00,26,23,0,3,0,0,0,0,0,0,0,0,0
서해안선,목포,몽탄졸음쉼터,17:00-18:00,24,23,0,1,0,0,0,0,0,0,0,0,0
서해안선,목포,몽탄졸음쉼터,18:00-19:00,21,14,1,3,2,1,0,0,0,0,0,0,0
서해안선,목포,몽탄졸음쉼터,19:00-20:00,13,10,0,2,0,1,0,0,0,0,0,0,0
서해안선,목포,몽탄졸음쉼터,20:00-21:00,7,6,0,1,0,0,0,0,0,0,0,0,0
서해안선,목포,몽탄졸음쉼터,21:00-22:00,5,4,0,0,0,1,0,0,0,0,0,0,0
서해안선,목포,몽탄졸음쉼터,22:00-23:00,2,2,0,0,0,0,0,0,0,0,0,0,0
서해안선,목포,몽탄졸음쉼터,23:00-24:00,4,1,0,0,0,3,0,0,0,0,0,0,0
서해안선,목포,몽탄졸음쉼터,00:00-01:00,3,2,0,0,0,1,0,0,0,0,0,0,0
서해안선,목포,몽탄졸음쉼터,01:00-02:00,3,1,0,0,2,0,0,0,0,0,0,0,0
서해안선,목포,몽탄졸음쉼터,02:00-03:00,1,1,0,0,0,0,0,0,0,0,0,0,0
서해안선,목포,몽탄졸음쉼터,03:00-04:00,2,2,0,0,0,0,0,0,0,0,0,0,0
서해안선,목포,몽탄졸음쉼터,04:00-05:00,4,1,0,0,1,2,0,0,0,0,0,0,0
서해안선,목포,몽탄졸음쉼터,05:00-06:00,6,4,0,0,0,1,0,1,0,0,0,0,0
서해안선,목포,몽탄졸음쉼터,06:00-07:00,11,4,0,3,1,2,0,1,0,0,0,0,0
서해안선,서울,몽탄졸음쉼터,07:00-08:00,16,11,0,1,2,0,2,0,0,0,0,0,0
서해안선,서울,몽탄졸음쉼터,08:00-09:00,21,13,0,4,2,1,0,1,0,0,0,0,0
서해안선,서울,몽탄졸음쉼터,09:00-10:00,26,17,0,5,2,1,1,0,0,0,0,0,0
서해안선,서울,몽탄졸음쉼터,10:00-11:00,22,13,0,4,4,1,0,0,0,0,0,0,0
서해안선,서울,몽탄졸음쉼터,11:00-12:00,30,24,0,4,1,0,0,0,0,0,1,0,0
서해안선,서울,몽탄졸음쉼터,12:00-13:00,27,19,0,6,2,0,0,0,0,0,0,0,0
서해안선,서울,몽탄졸음쉼터,13:00-14:00,48,39,0,5,4,0,0,0,0,0,0,0,0
서해안선,서울,몽탄졸음쉼터,14:00-15:00,45,32,0,8,5,0,0,0,0,0,0,0,0
서해안선,서울,몽탄졸음쉼터,15:00-16:00,49,38,0,8,2,1,0,0,0,0,0,0,0
서해안선,서울,몽탄졸음쉼터,16:00-17:00,39,31,0,7,0,0,1,0,0,0,0,0,0
서해안선,서울,몽탄졸음쉼터,17:00-18:00,32,24,0,4,3,0,1,0,0,0,0,0,0
서해안선,서울,몽탄졸음쉼터,18:00-19:00,21,17,0,1,1,2,0,0,0,0,0,0,0
서해안선,서울,몽탄졸음쉼터,19:00-20:00,14,11,0,3,0,0,0,0,0,0,0,0,0
서해안선,서울,몽탄졸음쉼터,20:00-21:00,10,8,0,1,1,0,0,0,0,0,0,0,0
서해안선,서울,몽탄졸음쉼터,21:00-22:00,7,4,0,3,0,0,0,0,0,0,0,0,0
서해안선,서울,몽탄졸음쉼터,22:00-23:00,8,4,0,1,0,2,1,0,0,0,0,0,0
서해안선,서울,몽탄졸음쉼터,23:00-24:00,12,9,0,0,0,2,1,0,0,0,0,0,0
서해안선,서울,몽탄졸음쉼터,00:00-01:00,7,5,0,0,0,2,0,0,0,0,0,0,0
서해안선,서울,몽탄졸음쉼터,01:00-02:00,3,3,0,0,0,0,0,0,0,0,0,0,0
서해안선,서울,몽탄졸음쉼터,02:00-03:00,0,0,0,0,0,0,0,0,0,0,0,0,0
서해안선,서울,몽탄졸음쉼터,03:00-04:00,2,0,0,2,0,0,0,0,0,0,0,0,0
서해안선,서울,몽탄졸음쉼터,04:00-05:00,7,4,0,1,1,1,0,0,0,0,0,0,0
서해안선,서울,몽탄졸음쉼터,05:00-06:00,3,3,0,0,0,0,0,0,0,0,0,0,0
서해안선,서울,몽탄졸음쉼터,06:00-07:00,8,6,0,2,0,0,0,0,0,0,0,0,0
수도권제1순환선,외측,청계졸음쉼터,07:00-08:00,255,150,75,26,1,1,0,2,0,0,0,0,0
수도권제1순환선,외측,청계졸음쉼터,08:00-09:00,491,313,71,63,7,16,12,4,0,0,5,0,0
수도권제1순환선,외측,청계졸음쉼터,09:00-10:00,375,187,62,78,3,17,10,6,0,0,12,0,0
수도권제1순환선,외측,청계졸음쉼터,10:00-11:00,222,98,52,53,2,6,6,3,0,0,2,0,0
수도권제1순환선,외측,청계졸음쉼터,11:00-12:00,76,22,39,10,1,3,0,0,0,0,1,0,0
수도권제1순환선,외측,청계졸음쉼터,12:00-13:00,86,22,34,21,1,5,0,0,0,0,3,0,0
수도권제1순환선,외측,청계졸음쉼터,13:00-14:00,103,43,40,19,0,0,0,0,0,0,0,0,1
수도권제1순환선,외측,청계졸음쉼터,14:00-15:00,116,47,41,26,0,1,1,0,0,0,0,0,0
수도권제1순환선,외측,청계졸음쉼터,15:00-16:00,117,61,36,17,2,1,0,0,0,0,0,0,0
수도권제1순환선,외측,청계졸음쉼터,16:00-17:00,152,77,41,30,1,0,2,1,0,0,0,0,0
수도권제1순환선,외측,청계졸음쉼터,17:00-18:00,149,85,41,18,2,0,1,1,0,0,1,0,0
수도권제1순환선,외측,청계졸음쉼터,18:00-19:00,78,38,34,4,0,2,0,0,0,0,0,0,0
수도권제1순환선,외측,청계졸음쉼터,19:00-20:00,73,18,43,9,0,1,0,1,0,0,1,0,0
수도권제1순환선,외측,청계졸음쉼터,20:00-21:00,64,11,48,1,0,2,1,1,0,0,0,0,0
수도권제1순환선,외측,청계졸음쉼터,21:00-22:00,54,12,41,0,0,0,0,0,0,0,1,0,0
수도권제1순환선,외측,청계졸음쉼터,22:00-23:00,45,9,34,0,0,1,0,1,0,0,0,0,0
수도권제1순환선,외측,청계졸음쉼터,23:00-24:00,34,5,24,3,0,0,1,1,0,0,0,0,0
수도권제1순환선,외측,청계졸음쉼터,00:00-01:00,8,3,5,0,0,0,0,0,0,0,0,0,0
수도권제1순환선,외측,청계졸음쉼터,01:00-02:00,10,5,0,2,0,2,0,0,0,0,1,0,0
수도권제1순환선,외측,청계졸음쉼터,02:00-03:00,3,2,0,1,0,0,0,0,0,0,0,0,0
수도권제1순환선,외측,청계졸음쉼터,03:00-04:00,6,2,0,1,0,2,0,0,0,0,1,0,0
수도권제1순환선,외측,청계졸음쉼터,04:00-05:00,9,1,0,3,1,2,1,0,0,0,1,0,0
수도권제1순환선,외측,청계졸음쉼터,05:00-06:00,34,8,19,1,1,3,0,0,0,0,2,0,0
수도권제1순환선,외측,청계졸음쉼터,06:00-07:00,63,18,36,4,0,4,0,1,0,0,0,0,0
수도권제1순환선,내측,구리남양주졸음쉼터,07:00-08:00,20,19,0,1,0,0,0,0,0,0,0,0,0
수도권제1순환선,내측,구리남양주졸음쉼터,08:00-09:00,34,28,0,6,0,0,0,0,0,0,0,0,0
수도권제1순환선,내측,구리남양주졸음쉼터,09:00-10:00,59,49,0,10,0,0,0,0,0,0,0,0,0
수도권제1순환선,내측,구리남양주졸음쉼터,10:00-11:00,46,42,0,4,0,0,0,0,0,0,0,0,0
수도권제1순환선,내측,구리남양주졸음쉼터,11:00-12:00,37,31,0,6,0,0,0,0,0,0,0,0,0
수도권제1순환선,내측,구리남양주졸음쉼터,12:00-13:00,41,35,0,5,1,0,0,0,0,0,0,0,0
수도권제1순환선,내측,구리남양주졸음쉼터,13:00-14:00,52,46,0,6,0,0,0,0,0,0,0,0,0
수도권제1순환선,내측,구리남양주졸음쉼터,14:00-15:00,55,49,0,6,0,0,0,0,0,0,0,0,0
수도권제1순환선,내측,구리남양주졸음쉼터,15:00-16:00,42,37,0,5,0,0,0,0,0,0,0,0,0
수도권제1순환선,내측,구리남양주졸음쉼터,16:00-17:00,53,53,0,0,0,0,0,0,0,0,0,0,0
수도권제1순환선,내측,구리남양주졸음쉼터,17:00-18:00,40,35,0,5,0,0,0,0,0,0,0,0,0
수도권제1순환선,내측,구리남양주졸음쉼터,18:00-19:00,39,36,0,3,0,0,0,0,0,0,0,0,0
수도권제1순환선,내측,구리남양주졸음쉼터,19:00-20:00,16,16,0,0,0,0,0,0,0,0,0,0,0
수도권제1순환선,내측,구리남양주졸음쉼터,20:00-21:00,16,12,0,3,1,0,0,0,0,0,0,0,0
수도권제1순환선,내측,구리남양주졸음쉼터,21:00-22:00,14,14,0,0,0,0,0,0,0,0,0,0,0
수도권제1순환선,내측,구리남양주졸음쉼터,22:00-23:00,7,5,0,2,0,0,0,0,0,0,0,0,0
수도권제1순환선,내측,구리남양주졸음쉼터,23:00-24:00,5,5,0,0,0,0,0,0,0,0,0,0,0
수도권제1순환선,내측,구리남양주졸음쉼터,00:00-01:00,1,1,0,0,0,0,0,0,0,0,0,0,0
수도권제1순환선,내측,구리남양주졸음쉼터,01:00-02:00,1,1,0,0,0,0,0,0,0,0,0,0,0
수도권제1순환선,내측,구리남양주졸음쉼터,02:00-03:00,1,0,0,1,0,0,0,0,0,0,0,0,0
수도권제1순환선,내측,구리남양주졸음쉼터,03:00-04:00,3,2,0,1,0,0,0,0,0,0,0,0,0
수도권제1순환선,내측,구리남양주졸음쉼터,04:00-05:00,2,1,0,1,0,0,0,0,0,0,0,0,0
수도권제1순환선,내측,구리남양주졸음쉼터,05:00-06:00,16,15,0,1,0,0,0,0,0,0,0,0,0
수도권제1순환선,내측,구리남양주졸음쉼터,06:00-07:00,19,15,0,4,0,0,0,0,0,0,0,0,0
영동선,인천,군자졸음쉼터,07:00-08:00,37,22,0,4,2,8,0,0,0,0,0,0,1
영동선,인천,군자졸음쉼터,08:00-09:00,39,19,0,7,3,5,2,2,0,0,1,0,0
영동선,인천,군자졸음쉼터,09:00-10:00,60,20,1,14,10,5,2,3,0,0,3,0,2
영동선,인천,군자졸음쉼터,10:00-11:00,61,28,0,7,5,6,5,2,0,0,4,0,4
영동선,인천,군자졸음쉼터,11:00-12:00,73,16,0,12,8,15,8,3,0,0,8,0,3
영동선,인천,군자졸음쉼터,12:00-13:00,102,20,0,21,9,29,4,3,0,0,9,0,7
영동선,인천,군자졸음쉼터,13:00-14:00,107,36,0,15,7,16,7,4,4,0,12,0,6
영동선,인천,군자졸음쉼터,14:00-15:00,75,33,0,14,5,10,3,2,0,0,7,0,1
영동선,인천,군자졸음쉼터,15:00-16:00,81,33,0,14,6,14,10,1,0,0,0,0,3
영동선,인천,군자졸음쉼터,16:00-17:00,53,30,0,11,3,2,2,1,0,0,3,0,1
영동선,인천,군자졸음쉼터,17:00-18:00,42,30,0,3,3,4,1,1,0,0,0,0,0
영동선,인천,군자졸음쉼터,18:00-19:00,24,13,0,6,0,3,1,0,0,0,1,0,0
영동선,인천,군자졸음쉼터,19:00-20:00,42,24,0,10,4,3,0,0,0,0,1,0,0
영동선,인천,군자졸음쉼터,20:00-21:00,40,22,0,9,2,4,0,1,0,0,2,0,0
영동선,인천,군자졸음쉼터,21:00-22:00,14,10,0,0,0,2,1,0,0,0,0,0,1
영동선,인천,군자졸음쉼터,22:00-23:00,16,10,0,2,0,0,4,0,0,0,0,0,0
영동선,인천,군자졸음쉼터,23:00-24:00,7,5,0,0,0,1,0,1,0,0,0,0,0
영동선,인천,군자졸음쉼터,00:00-01:00,12,5,0,2,0,2,2,1,0,0,0,0,0
영동선,인천,군자졸음쉼터,01:00-02:00,6,2,0,1,0,1,0,0,0,0,2,0,0
영동선,인천,군자졸음쉼터,02:00-03:00,5,3,0,1,0,0,1,0,0,0,0,0,0
영동선,인천,군자졸음쉼터,03:00-04:00,7,1,0,0,1,1,0,2,1,0,0,0,1
영동선,인천,군자졸음쉼터,04:00-05:00,11,3,0,3,1,1,0,1,0,0,1,0,1
영동선,인천,군자졸음쉼터,05:00-06:00,14,3,0,1,5,3,0,1,0,0,1,0,0
영동선,인천,군자졸음쉼터,06:00-07:00,20,13,0,3,2,1,1,0,0,0,0,0,0
영동선,강릉,이목졸음쉼터,07:00-08:00,91,71,0,17,2,1,0,0,0,0,0,0,0
영동선,강릉,이목졸음쉼터,08:00-09:00,117,86,3,20,7,0,1,0,0,0,0,0,0
영동선,강릉,이목졸음쉼터,09:00-10:00,127,89,3,27,4,4,0,0,0,0,0,0,0
영동선,강릉,이목졸음쉼터,10:00-11:00,103,79,0,15,3,5,0,0,0,0,1,0,0
영동선,강릉,이목졸음쉼터,11:00-12:00,108,59,1,32,5,8,0,2,0,0,0,0,1
영동선,강릉,이목졸음쉼터,12:00-13:00,98,59,2,27,3,6,1,0,0,0,0,0,0
영동선,강릉,이목졸음쉼터,13:00-14:00,118,81,0,24,5,1,1,4,0,0,2,0,0
영동선,강릉,이목졸음쉼터,14:00-15:00,118,90,0,22,5,0,1,0,0,0,0,0,0
영동선,강릉,이목졸음쉼터,15:00-16:00,126,91,0,29,1,1,1,1,0,0,1,0,1
영동선,강릉,이목졸음쉼터,16:00-17:00,102,86,1,11,1,2,0,0,0,0,0,0,1
영동선,강릉,이목졸음쉼터,17:00-18:00,87,75,0,7,3,1,1,0,0,0,0,0,0
영동선,강릉,이목졸음쉼터,18:00-19:00,110,96,1,8,0,5,0,0,0,0,0,0,0
영동선,강릉,이목졸음쉼터,19:00-20:00,88,80,0,7,1,0,0,0,0,0,0,0,0
영동선,강릉,이목졸음쉼터,20:00-21:00,38,28,1,2,2,2,2,1,0,0,0,0,0
영동선,강릉,이목졸음쉼터,21:00-22:00,26,23,0,2,0,1,0,0,0,0,0,0,0
영동선,강릉,이목졸음쉼터,22:00-23:00,18,14,0,2,0,1,0,0,0,0,1,0,0
영동선,강릉,이목졸음쉼터,23:00-24:00,17,13,0,0,0,2,1,0,0,0,1,0,0
영동선,강릉,이목졸음쉼터,00:00-01:00,9,4,0,2,0,2,1,0,0,0,0,0,0
영동선,강릉,이목졸음쉼터,01:00-02:00,8,3,0,3,0,0,2,0,0,0,0,0,0
영동선,강릉,이목졸음쉼터,02:00-03:00,9,4,0,3,0,1,0,0,0,0,1,0,0
영동선,강릉,이목졸음쉼터,03:00-04:00,9,5,1,2,1,0,0,0,0,0,0,0,0
영동선,강릉,이목졸음쉼터,04:00-05:00,10,5,0,3,1,0,0,0,0,0,1,0,0
영동선,강릉,이목졸음쉼터,05:00-06:00,34,13,1,12,6,0,1,1,0,0,0,0,0
영동선,강릉,이목졸음쉼터,06:00-07:00,48,28,1,12,5,1,0,0,0,0,1,0,0
영동선,강릉,생태습지졸음쉼터,07:00-08:00,17,10,0,3,4,0,0,0,0,0,0,0,0
영동선,강릉,생태습지졸음쉼터,08:00-09:00,16,12,0,1,1,0,2,0,0,0,0,0,0
영동선,강릉,생태습지졸음쉼터,09:00-10:00,31,20,0,4,5,1,0,1,0,0,0,0,0
영동선,강릉,생태습지졸음쉼터,10:00-11:00,31,19,0,2,5,5,0,0,0,0,0,0,0
영동선,강릉,생태습지졸음쉼터,11:00-12:00,33,26,0,3,3,1,0,0,0,0,0,0,0
영동선,강릉,생태습지졸음쉼터,12:00-13:00,42,29,0,6,2,5,0,0,0,0,0,0,0
영동선,강릉,생태습지졸음쉼터,13:00-14:00,18,10,0,3,2,1,1,0,0,0,1,0,0
영동선,강릉,생태습지졸음쉼터,14:00-15:00,13,9,0,3,1,0,0,0,0,0,0,0,0
영동선,강릉,생태습지졸음쉼터,15:00-16:00,24,15,0,4,1,4,0,0,0,0,0,0,0
영동선,강릉,생태습지졸음쉼터,16:00-17:00,15,12,0,1,0,1,1,0,0,0,0,0,0
영동선,강릉,생태습지졸음쉼터,17:00-18:00,11,4,0,1,2,3,1,0,0,0,0,0,0
영동선,강릉,생태습지졸음쉼터,18:00-19:00,11,5,0,2,1,2,0,1,0,0,0,0,0
영동선,강릉,생태습지졸음쉼터,19:00-20:00,20,13,0,4,0,3,0,0,0,0,0,0,0
영동선,강릉,생태습지졸음쉼터,20:00-21:00,6,4,0,1,1,0,0,0,0,0,0,0,0
영동선,강릉,생태습지졸음쉼터,21:00-22:00,7,5,0,0,0,0,2,0,0,0,0,0,0
영동선,강릉,생태습지졸음쉼터,22:00-23:00,5,3,0,0,1,0,0,1,0,0,0,0,0
영동선,강릉,생태습지졸음쉼터,23:00-24:00,5,2,1,0,1,0,0,1,0,0,0,0,0
영동선,강릉,생태습지졸음쉼터,00:00-01:00,5,1,1,1,0,0,2,0,0,0,0,0,0
영동선,강릉,생태습지졸음쉼터,01:00-02:00,5,2,0,1,0,1,1,0,0,0,0,0,0
영동선,강릉,생태습지졸음쉼터,02:00-03:00,3,1,0,0,0,1,0,0,0,0,1,0,0
영동선,강릉,생태습지졸음쉼터,03:00-04:00,3,2,0,0,0,1,0,0,0,0,0,0,0
영동선,강릉,생태습지졸음쉼터,04:00-05:00,4,3,0,0,1,0,0,0,0,0,0,0,0
영동선,강릉,생태습지졸음쉼터,05:00-06:00,8,3,0,1,0,1,1,1,0,0,1,0,0
영동선,강릉,생태습지졸음쉼터,06:00-07:00,15,8,0,4,1,2,0,0,0,0,0,0,0
영동선,인천,소초졸음쉼터,07:00-08:00,6,5,0,0,1,0,0,0,0,0,0,0,0
영동선,인천,소초졸음쉼터,08:00-09:00,31,22,2,2,2,3,0,0,0,0,0,0,0
영동선,인천,소초졸음쉼터,09:00-10:00,33,22,1,3,3,2,1,1,0,0,0,0,0
영동선,인천,소초졸음쉼터,10:00-11:00,41,28,0,7,3,2,0,1,0,0,0,0,0
영동선,인천,소초졸음쉼터,11:00-12:00,44,28,0,11,2,2,1,0,0,0,0,0,0
영동선,인천,소초졸음쉼터,12:00-13:00,46,34,1,9,1,1,0,0,0,0,0,0,0
영동선,인천,소초졸음쉼터,13:00-14:00,60,49,0,7,1,2,1,0,0,0,0,0,0
영동선,인천,소초졸음쉼터,14:00-15:00,72,60,0,7,1,3,1,0,0,0,0,0,0
영동선,인천,소초졸음쉼터,15:00-16:00,59,52,0,5,0,2,0,0,0,0,0,0,0
영동선,인천,소초졸음쉼터,16:00-17:00,60,43,0,10,4,1,1,1,0,0,0,0,0
영동선,인천,소초졸음쉼터,17:00-18:00,78,62,3,7,3,3,0,0,0,0,0,0,0
영동선,인천,소초졸음쉼터,18:00-19:00,35,28,2,4,1,0,0,0,0,0,0,0,0
영동선,인천,소초졸음쉼터,19:00-20:00,29,27,0,2,0,0,0,0,0,0,0,0,0
영동선,인천,소초졸음쉼터,20:00-21:00,22,17,0,3,1,0,0,0,0,0,1,0,0
영동선,인천,소초졸음쉼터,21:00-22:00,13,11,0,0,2,0,0,0,0,0,0,0,0
영동선,인천,소초졸음쉼터,22:00-23:00,11,6,0,3,2,0,0,0,0,0,0,0,0
영동선,인천,소초졸음쉼터,23:00-24:00,2,2,0,0,0,0,0,0,0,0,0,0,0
영동선,인천,소초졸음쉼터,00:00-01:00,3,3,0,0,0,0,0,0,0,0,0,0,0
영동선,인천,소초졸음쉼터,01:00-02:00,6,5,0,0,0,1,0,0,0,0,0,0,0
영동선,인천,소초졸음쉼터,02:00-03:00,5,3,0,0,0,1,0,0,1,0,0,0,0
영동선,인천,소초졸음쉼터,03:00-04:00,2,1,0,0,1,0,0,0,0,0,0,0,0
영동선,인천,소초졸음쉼터,04:00-05:00,5,3,0,1,0,0,1,0,0,0,0,0,0
영동선,인천,소초졸음쉼터,05:00-06:00,7,5,0,2,0,0,0,0,0,0,0,0,0
영동선,인천,소초졸음쉼터,06:00-07:00,10,5,0,3,1,0,0,1,0,0,0,0,0
영동선,인천,삽교졸음쉼터,07:00-08:00,14,11,0,1,0,2,0,0,0,0,0,0,0
영동선,인천,삽교졸음쉼터,08:00-09:00,22,7,0,4,4,4,0,2,0,0,1,0,0
영동선,인천,삽교졸음쉼터,09:00-10:00,22,10,0,4,5,1,1,1,0,0,0,0,0
영동선,인천,삽교졸음쉼터,10:00-11:00,22,10,0,4,4,2,2,0,0,0,0,0,0
영동선,인천,삽교졸음쉼터,11:00-12:00,23,17,0,3,2,1,0,0,0,0,0,0,0
영동선,인천,삽교졸음쉼터,12:00-13:00,25,19,0,2,2,1,0,1,0,0,0,0,0
영동선,인천,삽교졸음쉼터,13:00-14:00,35,30,0,3,2,0,0,0,0,0,0,0,0
영동선,인천,삽교졸음쉼터,14:00-15:00,21,15,0,5,1,0,0,0,0,0,0,0,0
영동선,인천,삽교졸음쉼터,15:00-16:00,47,39,1,4,3,0,0,0,0,0,0,0,0
영동선,인천,삽교졸음쉼터,16:00-17:00,32,29,0,3,0,0,0,0,0,0,0,0,0
영동선,인천,삽교졸음쉼터,17:00-18:00,29,24,1,2,0,1,0,1,0,0,0,0,0
영동선,인천,삽교졸음쉼터,18:00-19:00,28,24,0,1,2,1,0,0,0,0,0,0,0
영동선,인천,삽교졸음쉼터,19:00-20:00,9,7,0,2,0,0,0,0,0,0,0,0,0
영동선,인천,삽교졸음쉼터,20:00-21:00,9,7,0,0,1,0,1,0,0,0,0,0,0
영동선,인천,삽교졸음쉼터,21:00-22:00,3,2,0,1,0,0,0,0,0,0,0,0,0
영동선,인천,삽교졸음쉼터,22:00-23:00,4,4,0,0,0,0,0,0,0,0,0,0,0
영동선,인천,삽교졸음쉼터,23:00-24:00,4,1,0,0,0,1,1,1,0,0,0,0,0
영동선,인천,삽교졸음쉼터,00:00-01:00,3,0,0,0,0,1,0,1,0,0,1,0,0
영동선,인천,삽교졸음쉼터,01:00-02:00,2,1,0,0,0,0,0,0,0,0,1,0,0
영동선,인천,삽교졸음쉼터,02:00-03:00,3,2,0,0,0,0,1,0,0,0,0,0,0
영동선,인천,삽교졸음쉼터,03:00-04:00,0,0,0,0,0,0,0,0,0,0,0,0,0
영동선,인천,삽교졸음쉼터,04:00-05:00,4,1,0,0,1,1,0,1,0,0,0,0,0
영동선,인천,삽교졸음쉼터,05:00-06:00,7,3,0,0,0,0,0,2,0,0,2,0,0
영동선,인천,삽교졸음쉼터,06:00-07:00,7,4,0,2,0,1,0,0,0,0,0,0,0
영동선,인천,월정졸음쉼터,07:00-08:00,9,6,1,0,0,2,0,0,0,0,0,0,0
영동선,인천,월정졸음쉼터,08:00-09:00,13,5,1,5,2,0,0,0,0,0,0,0,0
영동선,인천,월정졸음쉼터,09:00-10:00,22,15,0,2,3,1,0,1,0,0,0,0,0
영동선,인천,월정졸음쉼터,10:00-11:00,24,16,0,4,2,1,0,1,0,0,0,0,0
영동선,인천,월정졸음쉼터,11:00-12:00,24,19,0,0,0,1,2,2,0,0,0,0,0
영동선,인천,월정졸음쉼터,12:00-13:00,22,15,0,2,4,0,1,0,0,0,0,0,0
영동선,인천,월정졸음쉼터,13:00-14:00,37,26,0,9,1,0,1,0,0,0,0,0,0
영동선,인천,월정졸음쉼터,14:00-15:00,27,24,0,2,0,1,0,0,0,0,0,0,0
영동선,인천,월정졸음쉼터,15:00-16:00,37,35,0,2,0,0,0,0,0,0,0,0,0
영동선,인천,월정졸음쉼터,16:00-17:00,26,19,0,3,2,0,1,0,0,0,0,0,1
영동선,인천,월정졸음쉼터,17:00-18:00,27,25,1,1,0,0,0,0,0,0,0,0,0
영동선,인천,월정졸음쉼터,18:00-19:00,16,14,0,1,0,1,0,0,0,0,0,0,0
영동선,인천,월정졸음쉼터,19:00-20:00,8,7,0,1,0,0,0,0,0,0,0,0,0
영동선,인천,월정졸음쉼터,20:00-21:00,2,2,0,0,0,0,0,0,0,0,0,0,0
영동선,인천,월정졸음쉼터,21:00-22:00,4,2,0,0,1,1,0,0,0,0,0,0,0
영동선,인천,월정졸음쉼터,22:00-23:00,1,1,0,0,0,0,0,0,0,0,0,0,0
영동선,인천,월정졸음쉼터,23:00-24:00,1,1,0,0,0,0,0,0,0,0,0,0,0
영동선,인천,월정졸음쉼터,00:00-01:00,3,3,0,0,0,0,0,0,0,0,0,0,0
영동선,인천,월정졸음쉼터,01:00-02:00,2,2,0,0,0,0,0,0,0,0,0,0,0
영동선,인천,월정졸음쉼터,02:00-03:00,2,1,0,0,0,0,1,0,0,0,0,0,0
영동선,인천,월정졸음쉼터,03:00-04:00,2,2,0,0,0,0,0,0,0,0,0,0,0
영동선,인천,월정졸음쉼터,04:00-05:00,5,3,0,0,0,0,2,0,0,0,0,0,0
영동선,인천,월정졸음쉼터,05:00-06:00,9,5,0,1,0,0,1,1,0,1,0,0,0
영동선,인천,월정졸음쉼터,06:00-07:00,9,5,0,2,1,0,1,0,0,0,0,0,0
영동선,강릉,대관령전망대졸음쉼터,07:00-08:00,17,12,0,4,0,0,0,1,0,0,0,0,0
영동선,강릉,대관령전망대졸음쉼터,08:00-09:00,20,18,0,2,0,0,0,0,0,0,0,0,0
영동선,강릉,대관령전망대졸음쉼터,09:00-10:00,34,30,0,4,0,0,0,0,0,0,0,0,0
영동선,강릉,대관령전망대졸음쉼터,10:00-11:00,45,38,0,6,1,0,0,0,0,0,0,0,0
영동선,강릉,대관령전망대졸음쉼터,11:00-12:00,52,49,0,1,2,0,0,0,0,0,0,0,0
영동선,강릉,대관령전망대졸음쉼터,12:00-13:00,51,47,0,4,0,0,0,0,0,0,0,0,0
영동선,강릉,대관령전망대졸음쉼터,13:00-14:00,46,43,0,2,1,0,0,0,0,0,0,0,0
영동선,강릉,대관령전망대졸음쉼터,14:00-15:00,54,50,0,4,0,0,0,0,0,0,0,0,0
영동선,강릉,대관령전망대졸음쉼터,15:00-16:00,59,56,0,3,0,0,0,0,0,0,0,0,0
영동선,강릉,대관령전망대졸음쉼터,16:00-17:00,34,32,0,2,0,0,0,0,0,0,0,0,0
영동선,강릉,대관령전망대졸음쉼터,17:00-18:00,25,24,0,1,0,0,0,0,0,0,0,0,0
영동선,강릉,대관령전망대졸음쉼터,18:00-19:00,10,10,0,0,0,0,0,0,0,0,0,0,0
영동선,강릉,대관령전망대졸음쉼터,19:00-20:00,10,9,0,1,0,0,0,0,0,0,0,0,0
영동선,강릉,대관령전망대졸음쉼터,20:00-21:00,6,6,0,0,0,0,0,0,0,0,0,0,0
영동선,강릉,대관령전망대졸음쉼터,21:00-22:00,5,5,0,0,0,0,0,0,0,0,0,0,0
영동선,강릉,대관령전망대졸음쉼터,22:00-23:00,2,1,1,0,0,0,0,0,0,0,0,0,0
영동선,강릉,대관령전망대졸음쉼터,23:00-24:00,4,4,0,0,0,0,0,0,0,0,0,0,0
영동선,강릉,대관령전망대졸음쉼터,00:00-01:00,2,1,0,0,0,1,0,0,0,0,0,0,0
영동선,강릉,대관령전망대졸음쉼터,01:00-02:00,5,3,0,1,0,1,0,0,0,0,0,0,0
영동선,강릉,대관령전망대졸음쉼터,02:00-03:00,3,3,0,0,0,0,0,0,0,0,0,0,0
영동선,강릉,대관령전망대졸음쉼터,03:00-04:00,2,0,0,1,1,0,0,0,0,0,0,0,0
영동선,강릉,대관령전망대졸음쉼터,04:00-05:00,1,1,0,0,0,0,0,0,0,0,0,0,0
영동선,강릉,대관령전망대졸음쉼터,05:00-06:00,4,3,0,0,0,1,0,0,0,0,0,0,0
영동선,강릉,대관령전망대졸음쉼터,06:00-07:00,3,3,0,0,0,0,0,0,0,0,0,0,0
영동선,인천,이천졸음쉼터,07:00-08:00,21,12,0,5,1,2,0,0,0,0,1,0,0
영동선,인천,이천졸음쉼터,08:00-09:00,33,19,0,6,3,3,0,0,0,0,2,0,0
영동선,인천,이천졸음쉼터,09:00-10:00,41,19,0,14,2,3,1,2,0,0,0,0,0
영동선,인천,이천졸음쉼터,10:00-11:00,56,27,0,18,4,4,0,0,0,0,3,0,0
영동선,인천,이천졸음쉼터,11:00-12:00,61,34,0,18,5,2,0,1,0,0,1,0,0
영동선,인천,이천졸음쉼터,12:00-13:00,61,29,0,12,4,13,2,1,0,0,0,0,0
영동선,인천,이천졸음쉼터,13:00-14:00,74,44,1,16,8,3,1,1,0,0,0,0,0
영동선,인천,이천졸음쉼터,14:00-15:00,65,54,1,6,0,2,0,1,0,0,1,0,0
영동선,인천,이천졸음쉼터,15:00-16:00,90,67,0,17,2,4,0,0,0,0,0,0,0
영동선,인천,이천졸음쉼터,16:00-17:00,68,52,0,9,1,4,1,0,0,0,1,0,0
영동선,인천,이천졸음쉼터,17:00-18:00,58,37,1,14,3,2,1,0,0,0,0,0,0
영동선,인천,이천졸음쉼터,18:00-19:00,60,48,1,2,3,4,1,1,0,0,0,0,0
영동선,인천,이천졸음쉼터,19:00-20:00,57,37,1,10,1,5,1,1,0,0,1,0,0
영동선,인천,이천졸음쉼터,20:00-21:00,47,35,0,4,1,4,1,1,0,0,0,0,1
영동선,인천,이천졸음쉼터,21:00-22:00,33,21,0,5,2,3,1,1,0,0,0,0,0
영동선,인천,이천졸음쉼터,22:00-23:00,27,17,0,5,0,2,0,1,0,0,2,0,0
영동선,인천,이천졸음쉼터,23:00-24:00,21,8,0,0,2,8,0,2,0,0,1,0,0
영동선,인천,이천졸음쉼터,00:00-01:00,27,7,0,3,0,10,2,1,0,0,3,0,1
영동선,인천,이천졸음쉼터,01:00-02:00,19,4,0,4,0,5,2,2,0,0,0,0,2
영동선,인천,이천졸음쉼터,02:00-03:00,13,3,0,1,2,3,3,1,0,0,0,0,0
영동선,인천,이천졸음쉼터,03:00-04:00,10,3,0,2,2,1,0,1,0,0,0,0,1
영동선,인천,이천졸음쉼터,04:00-05:00,16,5,0,3,1,6,0,0,0,0,1,0,0
영동선,인천,이천졸음쉼터,05:00-06:00,18,7,0,1,0,6,1,3,0,0,0,0,0
영동선,인천,이천졸음쉼터,06:00-07:00,21,6,0,5,3,3,4,0,0,0,0,0,0
영동선,강릉,이천졸음쉼터,07:00-08:00,52,37,0,6,6,2,0,1,0,0,0,0,0
영동선,강릉,이천졸음쉼터,08:00-09:00,69,57,0,7,2,2,1,0,0,0,0,0,0
영동선,강릉,이천졸음쉼터,09:00-10:00,88,59,2,15,8,3,0,1,0,0,0,0,0
영동선,강릉,이천졸음쉼터,10:00-11:00,85,69,1,4,5,1,2,3,0,0,0,0,0
영동선,강릉,이천졸음쉼터,11:00-12:00,91,66,0,13,8,2,0,0,0,0,2,0,0
영동선,강릉,이천졸음쉼터,12:00-13:00,69,43,0,17,1,6,1,0,0,0,1,0,0
영동선,강릉,이천졸음쉼터,13:00-14:00,68,50,0,11,3,1,2,1,0,0,0,0,0
영동선,강릉,이천졸음쉼터,14:00-15:00,62,54,0,3,5,0,0,0,0,0,0,0,0
영동선,강릉,이천졸음쉼터,15:00-16:00,69,44,0,15,2,3,1,1,0,0,3,0,0
영동선,강릉,이천졸음쉼터,16:00-17:00,68,48,0,15,1,1,0,2,0,0,1,0,0
영동선,강릉,이천졸음쉼터,17:00-18:00,39,24,1,7,5,1,1,0,0,0,0,0,0
영동선,강릉,이천졸음쉼터,18:00-19:00,37,30,1,5,0,0,1,0,0,0,0,0,0
영동선,강릉,이천졸음쉼터,19:00-20:00,30,21,1,4,0,0,3,0,0,0,1,0,0
영동선,강릉,이천졸음쉼터,20:00-21:00,20,14,0,3,0,2,0,0,0,0,1,0,0
영동선,강릉,이천졸음쉼터,21:00-22:00,20,13,0,2,1,4,0,0,0,0,0,0,0
영동선,강릉,이천졸음쉼터,22:00-23:00,12,7,0,1,1,3,0,0,0,0,0,0,0
영동선,강릉,이천졸음쉼터,23:00-24:00,13,6,0,4,0,2,0,1,0,0,0,0,0
영동선,강릉,이천졸음쉼터,00:00-01:00,8,2,0,1,1,3,1,0,0,0,0,0,0
영동선,강릉,이천졸음쉼터,01:00-02:00,9,4,0,1,1,1,0,0,0,0,2,0,0
영동선,강릉,이천졸음쉼터,02:00-03:00,10,3,0,2,0,4,0,0,0,0,1,0,0
영동선,강릉,이천졸음쉼터,03:00-04:00,10,2,0,4,2,2,0,0,0,0,0,0,0
영동선,강릉,이천졸음쉼터,04:00-05:00,6,1,0,3,1,0,0,1,0,0,0,0,0
영동선,강릉,이천졸음쉼터,05:00-06:00,17,7,0,4,3,2,0,0,0,0,1,0,0
영동선,강릉,이천졸음쉼터,06:00-07:00,53,22,0,20,4,7,0,0,0,0,0,0,0
울산선,언양,울산졸음쉼터,07:00-08:00,15,10,0,2,0,2,0,0,0,0,0,0,1
울산선,언양,울산졸음쉼터,08:00-09:00,20,17,0,1,1,1,0,0,0,0,0,0,0
울산선,언양,울산졸음쉼터,09:00-10:00,29,17,0,5,4,2,0,1,0,0,0,0,0
울산선,언양,울산졸음쉼터,10:00-11:00,28,19,0,8,1,0,0,0,0,0,0,0,0
울산선,언양,울산졸음쉼터,11:00-12:00,37,28,1,6,0,2,0,0,0,0,0,0,0
울산선,언양,울산졸음쉼터,12:00-13:00,22,18,0,3,0,0,0,1,0,0,0,0,0
울산선,언양,울산졸음쉼터,13:00-14:00,25,12,0,7,6,0,0,0,0,0,0,0,0
울산선,언양,울산졸음쉼터,14:00-15:00,30,20,0,9,0,1,0,0,0,0,0,0,0
울산선,언양,울산졸음쉼터,15:00-16:00,37,25,0,9,2,1,0,0,0,0,0,0,0
울산선,언양,울산졸음쉼터,16:00-17:00,30,17,0,8,3,1,0,1,0,0,0,0,0
울산선,언양,울산졸음쉼터,17:00-18:00,17,13,0,2,0,1,0,1,0,0,0,0,0
울산선,언양,울산졸음쉼터,18:00-19:00,14,11,0,3,0,0,0,0,0,0,0,0,0
울산선,언양,울산졸음쉼터,19:00-20:00,10,8,0,2,0,0,0,0,0,0,0,0,0
울산선,언양,울산졸음쉼터,20:00-21:00,10,7,0,1,0,0,0,1,0,0,1,0,0
울산선,언양,울산졸음쉼터,21:00-22:00,4,1,0,1,1,0,0,1,0,0,0,0,0
울산선,언양,울산졸음쉼터,22:00-23:00,3,3,0,0,0,0,0,0,0,0,0,0,0
울산선,언양,울산졸음쉼터,23:00-24:00,2,2,0,0,0,0,0,0,0,0,0,0,0
울산선,언양,울산졸음쉼터,00:00-01:00,2,1,1,0,0,0,0,0,0,0,0,0,0
울산선,언양,울산졸음쉼터,01:00-02:00,0,0,0,0,0,0,0,0,0,0,0,0,0
울산선,언양,울산졸음쉼터,02:00-03:00,3,1,0,0,2,0,0,0,0,0,0,0,0
울산선,언양,울산졸음쉼터,03:00-04:00,2,0,0,1,0,0,0,1,0,0,0,0,0
울산선,언양,울산졸음쉼터,04:00-05:00,5,2,0,0,0,1,0,1,0,0,1,0,0
울산선,언양,울산졸음쉼터,05:00-06:00,4,1,0,0,0,0,0,1,0,0,1,0,1
울산선,언양,울산졸음쉼터,06:00-07:00,8,5,0,1,1,0,0,0,0,0,1,0,0
울산선,울산,울산졸음쉼터,07:00-08:00,53,23,0,20,4,4,1,0,0,0,1,0,0
울산선,울산,울산졸음쉼터,08:00-09:00,59,31,3,13,5,1,2,4,0,0,0,0,0
울산선,울산,울산졸음쉼터,09:00-10:00,72,45,1,15,4,4,0,3,0,0,0,0,0
울산선,울산,울산졸음쉼터,10:00-11:00,58,34,0,16,2,3,3,0,0,0,0,0,0
울산선,울산,울산졸음쉼터,11:00-12:00,73,49,0,14,1,4,1,3,0,0,0,1,0
울산선,울산,울산졸음쉼터,12:00-13:00,76,45,2,19,1,6,2,1,0,0,0,0,0
울산선,울산,울산졸음쉼터,13:00-14:00,71,54,1,10,2,3,0,0,0,0,1,0,0
울산선,울산,울산졸음쉼터,14:00-15:00,79,43,0,25,3,4,1,2,0,0,1,0,0
울산선,울산,울산졸음쉼터,15:00-16:00,78,59,0,9,2,2,0,3,0,0,3,0,0
울산선,울산,울산졸음쉼터,16:00-17:00,63,49,0,11,0,0,0,0,0,0,2,0,1
울산선,울산,울산졸음쉼터,17:00-18:00,51,45,0,2,1,0,0,1,0,0,2,0,0
울산선,울산,울산졸음쉼터,18:00-19:00,54,41,1,6,2,3,0,0,0,0,1,0,0
울산선,울산,울산졸음쉼터,19:00-20:00,51,38,0,6,1,5,0,1,0,0,0,0,0
울산선,울산,울산졸음쉼터,20:00-21:00,24,19,1,2,1,1,0,0,0,0,0,0,0
울산선,울산,울산졸음쉼터,21:00-22:00,17,13,0,3,1,0,0,0,0,0,0,0,0
울산선,울산,울산졸음쉼터,22:00-23:00,18,17,0,0,1,0,0,0,0,0,0,0,0
울산선,울산,울산졸음쉼터,23:00-24:00,6,3,0,0,0,2,0,1,0,0,0,0,0
울산선,울산,울산졸음쉼터,00:00-01:00,9,4,0,1,0,3,0,1,0,0,0,0,0
울산선,울산,울산졸음쉼터,01:00-02:00,5,3,0,1,0,0,0,1,0,0,0,0,0
울산선,울산,울산졸음쉼터,02:00-03:00,6,4,0,1,0,1,0,0,0,0,0,0,0
울산선,울산,울산졸음쉼터,03:00-04:00,7,3,0,1,1,0,0,0,0,0,2,0,0
울산선,울산,울산졸음쉼터,04:00-05:00,13,3,0,3,0,5,1,1,0,0,0,0,0
울산선,울산,울산졸음쉼터,05:00-06:00,18,6,0,7,0,3,0,0,0,0,2,0,0
울산선,울산,울산졸음쉼터,06:00-07:00,47,16,1,15,7,6,1,1,0,0,0,0,0
제2중부선,하남,상번천졸음쉼터,07:00-08:00,39,23,0,9,1,3,2,1,0,0,0,0,0
제2중부선,하남,상번천졸음쉼터,08:00-09:00,35,24,2,6,1,1,0,0,0,0,1,0,0
제2중부선,하남,상번천졸음쉼터,09:00-10:00,62,46,0,13,2,1,0,0,0,0,0,0,0
제2중부선,하남,상번천졸음쉼터,10:00-11:00,62,34,0,14,11,0,1,2,0,0,0,0,0
제2중부선,하남,상번천졸음쉼터,11:00-12:00,72,48,0,16,2,3,1,2,0,0,0,0,0
제2중부선,하남,상번천졸음쉼터,12:00-13:00,76,63,0,7,4,2,0,0,0,0,0,0,0
제2중부선,하남,상번천졸음쉼터,13:00-14:00,51,44,0,6,1,0,0,0,0,0,0,0,0
제2중부선,하남,상번천졸음쉼터,14:00-15:00,109,88,1,14,6,0,0,0,0,0,0,0,0
제2중부선,하남,상번천졸음쉼터,15:00-16:00,96,86,0,9,1,0,0,0,0,0,0,0,0
제2중부선,하남,상번천졸음쉼터,16:00-17:00,105,96,0,8,0,1,0,0,0,0,0,0,0
제2중부선,하남,상번천졸음쉼터,17:00-18:00,86,73,0,12,0,1,0,0,0,0,0,0,0
제2중부선,하남,상번천졸음쉼터,18:00-19:00,72,59,0,12,0,0,0,1,0,0,0,0,0
제2중부선,하남,상번천졸음쉼터,19:00-20:00,66,58,0,6,1,1,0,0,0,0,0,0,0
제2중부선,하남,상번천졸음쉼터,20:00-21:00,51,42,0,9,0,0,0,0,0,0,0,0,0
제2중부선,하남,상번천졸음쉼터,21:00-22:00,25,20,0,4,0,1,0,0,0,0,0,0,0
제2중부선,하남,상번천졸음쉼터,22:00-23:00,21,15,0,1,0,3,0,2,0,0,0,0,0
제2중부선,하남,상번천졸음쉼터,23:00-24:00,20,16,0,2,0,0,1,1,0,0,0,0,0
제2중부선,하남,상번천졸음쉼터,00:00-01:00,10,8,0,0,0,2,0,0,0,0,0,0,0
제2중부선,하남,상번천졸음쉼터,01:00-02:00,14,9,0,0,2,2,0,1,0,0,0,0,0
제2중부선,하남,상번천졸음쉼터,02:00-03:00,7,7,0,0,0,0,0,0,0,0,0,0,0
제2중부선,하남,상번천졸음쉼터,03:00-04:00,13,7,0,2,0,0,1,3,0,0,0,0,0
제2중부선,하남,상번천졸음쉼터,04:00-05:00,8,3,0,1,1,2,0,1,0,0,0,0,0
제2중부선,하남,상번천졸음쉼터,05:00-06:00,21,10,0,2,2,2,0,5,0,0,0,0,0
제2중부선,하남,상번천졸음쉼터,06:00-07:00,26,11,0,11,1,2,0,1,0,0,0,0,0
제2중부선,통영,상번천졸음쉼터,07:00-08:00,46,37,0,5,2,2,0,0,0,0,0,0,0
제2중부선,통영,상번천졸음쉼터,08:00-09:00,92,77,2,9,3,0,0,1,0,0,0,0,0
제2중부선,통영,상번천졸음쉼터,09:00-10:00,71,55,0,5,7,2,1,1,0,0,0,0,0
제2중부선,통영,상번천졸음쉼터,10:00-11:00,93,69,1,16,7,0,0,0,0,0,0,0,0
제2중부선,통영,상번천졸음쉼터,11:00-12:00,106,75,0,17,8,3,0,3,0,0,0,0,0
제2중부선,통영,상번천졸음쉼터,12:00-13:00,88,55,1,13,12,5,0,1,0,0,1,0,0
제2중부선,통영,상번천졸음쉼터,13:00-14:00,67,41,2,15,6,0,1,0,0,0,1,0,1
제2중부선,통영,상번천졸음쉼터,14:00-15:00,53,42,0,7,1,2,0,1,0,0,0,0,0
제2중부선,통영,상번천졸음쉼터,15:00-16:00,62,43,0,7,6,6,0,0,0,0,0,0,0
제2중부선,통영,상번천졸음쉼터,16:00-17:00,52,41,0,5,2,3,1,0,0,0,0,0,0
제2중부선,통영,상번천졸음쉼터,17:00-18:00,51,34,2,10,5,0,0,0,0,0,0,0,0
제2중부선,통영,상번천졸음쉼터,18:00-19:00,33,25,0,3,3,1,1,0,0,0,0,0,0
제2중부선,통영,상번천졸음쉼터,19:00-20:00,26,22,0,2,1,0,1,0,0,0,0,0,0
제2중부선,통영,상번천졸음쉼터,20:00-21:00,13,6,0,2,0,2,1,1,0,0,1,0,0
제2중부선,통영,상번천졸음쉼터,21:00-22:00,15,11,1,1,1,0,0,1,0,0,0,0,0
제2중부선,통영,상번천졸음쉼터,22:00-23:00,18,14,0,1,1,1,0,0,0,0,1,0,0
제2중부선,통영,상번천졸음쉼터,23:00-24:00,4,1,0,0,0,2,1,0,0,0,0,0,0
제2중부선,통영,상번천졸음쉼터,00:00-01:00,11,6,0,0,1,2,1,0,0,0,1,0,0
제2중부선,통영,상번천졸음쉼터,01:00-02:00,7,3,0,1,0,1,0,0,0,0,2,0,0
제2중부선,통영,상번천졸음쉼터,02:00-03:00,4,0,0,3,0,0,0,0,0,0,1,0,0
제2중부선,통영,상번천졸음쉼터,03:00-04:00,3,2,0,1,0,0,0,0,0,0,0,0,0
제2중부선,통영,상번천졸음쉼터,04:00-05:00,14,6,0,1,4,2,1,0,0,0,0,0,0
제2중부선,통영,상번천졸음쉼터,05:00-06:00,19,10,0,4,2,0,1,0,0,0,1,0,1
제2중부선,통영,상번천졸음쉼터,06:00-07:00,52,25,1,11,6,2,3,1,0,0,3,0,0
중부내륙선,양평,대소원졸음쉼터,07:00-08:00,21,9,0,5,4,3,0,0,0,0,0,0,0
중부내륙선,양평,대소원졸음쉼터,08:00-09:00,20,17,0,2,0,0,1,0,0,0,0,0,0
중부내륙선,양평,대소원졸음쉼터,09:00-10:00,37,28,0,6,1,2,0,0,0,0,0,0,0
중부내륙선,양평,대소원졸음쉼터,10:00-11:00,31,25,0,4,1,0,1,0,0,0,0,0,0
중부내륙선,양평,대소원졸음쉼터,11:00-12:00,37,29,1,2,2,2,1,0,0,0,0,0,0
중부내륙선,양평,대소원졸음쉼터,12:00-13:00,47,27,0,9,7,4,0,0,0,0,0,0,0
중부내륙선,양평,대소원졸음쉼터,13:00-14:00,48,36,0,8,0,3,0,1,0,0,0,0,0
중부내륙선,양평,대소원졸음쉼터,14:00-15:00,62,44,0,13,3,1,0,0,0,0,0,0,1
중부내륙선,양평,대소원졸음쉼터,15:00-16:00,45,36,0,7,1,0,0,1,0,0,0,0,0
중부내륙선,양평,대소원졸음쉼터,16:00-17:00,27,22,0,3,2,0,0,0,0,0,0,0,0
중부내륙선,양평,대소원졸음쉼터,17:00-18:00,21,14,0,5,1,0,0,1,0,0,0,0,0
중부내륙선,양평,대소원졸음쉼터,18:00-19:00,35,22,0,9,2,1,1,0,0,0,0,0,0
중부내륙선,양평,대소원졸음쉼터,19:00-20:00,20,11,0,6,0,1,1,1,0,0,0,0,0
중부내륙선,양평,대소원졸음쉼터,20:00-21:00,27,21,0,4,0,0,1,1,0,0,0,0,0
중부내륙선,양평,대소원졸음쉼터,21:00-22:00,18,11,0,3,0,3,1,0,0,0,0,0,0
중부내륙선,양평,대소원졸음쉼터,22:00-23:00,21,11,0,4,1,1,2,1,0,0,1,0,0
중부내륙선,양평,대소원졸음쉼터,23:00-24:00,23,11,0,6,0,1,1,2,0,0,2,0,0
중부내륙선,양평,대소원졸음쉼터,00:00-01:00,15,6,0,0,1,3,2,2,0,0,0,0,1
중부내륙선,양평,대소원졸음쉼터,01:00-02:00,10,4,0,3,0,0,1,2,0,0,0,0,0
중부내륙선,양평,대소원졸음쉼터,02:00-03:00,8,4,0,0,0,1,1,0,0,0,2,0,0
중부내륙선,양평,대소원졸음쉼터,03:00-04:00,4,2,0,0,0,1,1,0,0,0,0,0,0
중부내륙선,양평,대소원졸음쉼터,04:00-05:00,9,2,0,3,1,2,1,0,0,0,0,0,0
중부내륙선,양평,대소원졸음쉼터,05:00-06:00,14,5,0,6,1,0,0,2,0,0,0,0,0
중부내륙선,양평,대소원졸음쉼터,06:00-07:00,22,7,0,5,4,2,3,0,0,0,1,0,0
중부내륙선,창원,사벌졸음쉼터,07:00-08:00,19,11,0,6,1,1,0,0,0,0,0,0,0
중부내륙선,창원,사벌졸음쉼터,08:00-09:00,32,23,0,7,1,0,0,0,0,0,1,0,0
중부내륙선,창원,사벌졸음쉼터,09:00-10:00,33,27,1,5,0,0,0,0,0,0,0,0,0
중부내륙선,창원,사벌졸음쉼터,10:00-11:00,29,22,0,5,2,0,0,0,0,0,0,0,0
중부내륙선,창원,사벌졸음쉼터,11:00-12:00,40,25,0,9,1,2,2,1,0,0,0,0,0
중부내륙선,창원,사벌졸음쉼터,12:00-13:00,54,43,0,5,2,2,0,1,0,0,0,0,1
중부내륙선,창원,사벌졸음쉼터,13:00-14:00,47,34,0,9,3,1,0,0,0,0,0,0,0
중부내륙선,창원,사벌졸음쉼터,14:00-15:00,48,31,0,11,5,1,0,0,0,0,0,0,0
중부내륙선,창원,사벌졸음쉼터,15:00-16:00,46,41,0,3,1,0,0,1,0,0,0,0,0
중부내륙선,창원,사벌졸음쉼터,16:00-17:00,54,40,0,8,2,2,0,0,0,0,1,0,1
중부내륙선,창원,사벌졸음쉼터,17:00-18:00,41,31,0,4,2,2,1,1,0,0,0,0,0
중부내륙선,창원,사벌졸음쉼터,18:00-19:00,31,21,1,6,1,1,0,1,0,0,0,0,0
중부내륙선,창원,사벌졸음쉼터,19:00-20:00,23,18,0,2,0,3,0,0,0,0,0,0,0
중부내륙선,창원,사벌졸음쉼터,20:00-21:00,21,17,0,1,2,1,0,0,0,0,0,0,0
중부내륙선,창원,사벌졸음쉼터,21:00-22:00,17,14,0,2,1,0,0,0,0,0,0,0,0
중부내륙선,창원,사벌졸음쉼터,22:00-23:00,21,12,0,5,0,2,0,1,0,0,1,0,0
중부내륙선,창원,사벌졸음쉼터,23:00-24:00,12,9,0,0,0,2,1,0,0,0,0,0,0
중부내륙선,창원,사벌졸음쉼터,00:00-01:00,9,5,0,2,1,1,0,0,0,0,0,0,0
중부내륙선,창원,사벌졸음쉼터,01:00-02:00,12,6,0,1,2,3,0,0,0,0,0,0,0
중부내륙선,창원,사벌졸음쉼터,02:00-03:00,5,2,0,1,0,2,0,0,0,0,0,0,0
중부내륙선,창원,사벌졸음쉼터,03:00-04:00,6,1,0,0,2,2,0,0,0,0,1,0,0
중부내륙선,창원,사벌졸음쉼터,04:00-05:00,12,5,0,3,0,3,0,1,0,0,0,0,0
중부내륙선,창원,사벌졸음쉼터,05:00-06:00,17,7,0,7,3,0,0,0,0,0,0,0,0
중부내륙선,창원,사벌졸음쉼터,06:00-07:00,30,9,0,15,2,2,2,0,0,0,0,0,0
중부내륙선,양평,문경졸음쉼터,07:00-08:00,19,11,0,6,2,0,0,0,0,0,0,0,0
중부내륙선,양평,문경졸음쉼터,08:00-09:00,19,15,0,3,1,0,0,0,0,0,0,0,0
중부내륙선,양평,문경졸음쉼터,09:00-10:00,29,25,0,2,0,1,0,1,0,0,0,0,0
중부내륙선,양평,문경졸음쉼터,10:00-11:00,48,36,1,6,3,0,2,0,0,0,0,0,0
중부내륙선,양평,문경졸음쉼터,11:00-12:00,41,26,0,12,2,1,0,0,0,0,0,0,0
중부내륙선,양평,문경졸음쉼터,12:00-13:00,32,22,0,6,0,0,4,0,0,0,0,0,0
중부내륙선,양평,문경졸음쉼터,13:00-14:00,53,42,0,5,3,1,1,1,0,0,0,0,0
중부내륙선,양평,문경졸음쉼터,14:00-15:00,55,43,0,11,1,0,0,0,0,0,0,0,0
중부내륙선,양평,문경졸음쉼터,15:00-16:00,49,43,0,5,0,0,0,0,0,0,0,0,1
중부내륙선,양평,문경졸음쉼터,16:00-17:00,54,46,1,4,0,0,2,1,0,0,0,0,0
중부내륙선,양평,문경졸음쉼터,17:00-18:00,43,30,1,11,0,0,0,0,0,0,0,0,1
중부내륙선,양평,문경졸음쉼터,18:00-19:00,28,22,0,5,1,0,0,0,0,0,0,0,0
중부내륙선,양평,문경졸음쉼터,19:00-20:00,15,13,0,0,1,1,0,0,0,0,0,0,0
중부내륙선,양평,문경졸음쉼터,20:00-21:00,15,10,0,3,1,0,0,0,0,0,1,0,0
중부내륙선,양평,문경졸음쉼터,21:00-22:00,10,8,0,0,0,2,0,0,0,0,0,0,0
중부내륙선,양평,문경졸음쉼터,22:00-23:00,16,12,0,0,2,2,0,0,0,0,0,0,0
중부내륙선,양평,문경졸음쉼터,23:00-24:00,15,8,0,5,0,2,0,0,0,0,0,0,0
중부내륙선,양평,문경졸음쉼터,00:00-01:00,4,4,0,0,0,0,0,0,0,0,0,0,0
중부내륙선,양평,문경졸음쉼터,01:00-02:00,6,4,0,1,1,0,0,0,0,0,0,0,0
중부내륙선,양평,문경졸음쉼터,02:00-03:00,5,4,0,0,0,1,0,0,0,0,0,0,0
중부내륙선,양평,문경졸음쉼터,03:00-04:00,7,6,0,1,0,0,0,0,0,0,0,0,0
중부내륙선,양평,문경졸음쉼터,04:00-05:00,12,4,0,1,2,3,1,1,0,0,0,0,0
중부내륙선,양평,문경졸음쉼터,05:00-06:00,8,1,0,2,2,0,1,1,0,0,0,0,1
중부내륙선,양평,문경졸음쉼터,06:00-07:00,18,12,0,5,1,0,0,0,0,0,0,0,0
중부내륙선,양평,선산졸음쉼터,07:00-08:00,16,11,0,3,0,0,1,1,0,0,0,0,0
중부내륙선,양평,선산졸음쉼터,08:00-09:00,21,20,0,1,0,0,0,0,0,0,0,0,0
중부내륙선,양평,선산졸음쉼터,09:00-10:00,29,26,1,2,0,0,0,0,0,0,0,0,0
중부내륙선,양평,선산졸음쉼터,10:00-11:00,31,22,0,9,0,0,0,0,0,0,0,0,0
중부내륙선,양평,선산졸음쉼터,11:00-12:00,37,25,0,10,2,0,0,0,0,0,0,0,0
중부내륙선,양평,선산졸음쉼터,12:00-13:00,29,22,0,4,3,0,0,0,0,0,0,0,0
중부내륙선,양평,선산졸음쉼터,13:00-14:00,28,21,0,6,1,0,0,0,0,0,0,0,0
중부내륙선,양평,선산졸음쉼터,14:00-15:00,39,32,0,5,2,0,0,0,0,0,0,0,0
중부내륙선,양평,선산졸음쉼터,15:00-16:00,40,35,0,5,0,0,0,0,0,0,0,0,0
중부내륙선,양평,선산졸음쉼터,16:00-17:00,35,24,0,11,0,0,0,0,0,0,0,0,0
중부내륙선,양평,선산졸음쉼터,17:00-18:00,21,20,0,1,0,0,0,0,0,0,0,0,0
중부내륙선,양평,선산졸음쉼터,18:00-19:00,18,14,0,4,0,0,0,0,0,0,0,0,0
중부내륙선,양평,선산졸음쉼터,19:00-20:00,18,16,0,1,1,0,0,0,0,0,0,0,0
중부내륙선,양평,선산졸음쉼터,20:00-21:00,9,6,0,1,1,0,0,0,0,0,1,0,0
중부내륙선,양평,선산졸음쉼터,21:00-22:00,18,13,0,2,2,0,0,0,0,0,1,0,0
중부내륙선,양평,선산졸음쉼터,22:00-23:00,13,7,0,2,2,1,0,0,0,0,1,0,0
중부내륙선,양평,선산졸음쉼터,23:00-24:00,11,10,0,0,1,0,0,0,0,0,0,0,0
중부내륙선,양평,선산졸음쉼터,00:00-01:00,3,2,0,0,0,1,0,0,0,0,0,0,0
중부내륙선,양평,선산졸음쉼터,01:00-02:00,4,1,0,2,0,0,0,1,0,0,0,0,0
중부내륙선,양평,선산졸음쉼터,02:00-03:00,2,1,0,1,0,0,0,0,0,0,0,0,0
중부내륙선,양평,선산졸음쉼터,03:00-04:00,3,1,0,2,0,0,0,0,0,0,0,0,0
중부내륙선,양평,선산졸음쉼터,04:00-05:00,5,1,0,3,1,0,0,0,0,0,0,0,0
중부내륙선,양평,선산졸음쉼터,05:00-06:00,13,8,0,3,0,1,0,1,0,0,0,0,0
중부내륙선,양평,선산졸음쉼터,06:00-07:00,13,8,0,5,0,0,0,0,0,0,0,0,0
중부내륙선,창원,오봉졸음쉼터,07:00-08:00,9,5,0,0,0,4,0,0,0,0,0,0,0
중부내륙선,창원,오봉졸음쉼터,08:00-09:00,6,3,0,1,1,1,0,0,0,0,0,0,0
중부내륙선,창원,오봉졸음쉼터,09:00-10:00,15,9,0,4,0,2,0,0,0,0,0,0,0
중부내륙선,창원,오봉졸음쉼터,10:00-11:00,9,7,0,2,0,0,0,0,0,0,0,0,0
중부내륙선,창원,오봉졸음쉼터,11:00-12:00,17,11,0,2,1,2,0,0,0,0,1,0,0
중부내륙선,창원,오봉졸음쉼터,12:00-13:00,14,6,0,4,0,3,0,1,0,0,0,0,0
중부내륙선,창원,오봉졸음쉼터,13:00-14:00,10,5,0,1,0,2,0,0,0,0,1,0,1
중부내륙선,창원,오봉졸음쉼터,14:00-15:00,19,12,0,4,1,0,0,1,0,0,1,0,0
중부내륙선,창원,오봉졸음쉼터,15:00-16:00,17,13,0,1,3,0,0,0,0,0,0,0,0
중부내륙선,창원,오봉졸음쉼터,16:00-17:00,19,16,0,1,0,1,0,1,0,0,0,0,0
중부내륙선,창원,오봉졸음쉼터,17:00-18:00,15,11,0,3,0,1,0,0,0,0,0,0,0
중부내륙선,창원,오봉졸음쉼터,18:00-19:00,10,4,0,2,2,1,1,0,0,0,0,0,0
중부내륙선,창원,오봉졸음쉼터,19:00-20:00,9,6,0,3,0,0,0,0,0,0,0,0,0
중부내륙선,창원,오봉졸음쉼터,20:00-21:00,8,5,0,2,1,0,0,0,0,0,0,0,0
중부내륙선,창원,오봉졸음쉼터,21:00-22:00,4,2,0,1,0,1,0,0,0,0,0,0,0
중부내륙선,창원,오봉졸음쉼터,22:00-23:00,7,3,0,0,1,3,0,0,0,0,0,0,0
중부내륙선,창원,오봉졸음쉼터,23:00-24:00,3,1,0,1,1,0,0,0,0,0,0,0,0
중부내륙선,창원,오봉졸음쉼터,00:00-01:00,9,3,0,0,3,3,0,0,0,0,0,0,0
중부내륙선,창원,오봉졸음쉼터,01:00-02:00,2,0,0,0,0,1,1,0,0,0,0,0,0
중부내륙선,창원,오봉졸음쉼터,02:00-03:00,5,0,0,0,4,1,0,0,0,0,0,0,0
중부내륙선,창원,오봉졸음쉼터,03:00-04:00,5,2,0,2,0,0,0,0,0,0,1,0,0
중부내륙선,창원,오봉졸음쉼터,04:00-05:00,4,0,0,1,2,0,0,1,0,0,0,0,0
중부내륙선,창원,오봉졸음쉼터,05:00-06:00,1,1,0,0,0,0,0,0,0,0,0,0,0
중부내륙선,창원,오봉졸음쉼터,06:00-07:00,6,3,0,1,0,1,0,0,0,0,1,0,0
중부내륙선,양평,개진졸음쉼터,07:00-08:00,11,8,0,2,0,0,0,1,0,0,0,0,0
중부내륙선,양평,개진졸음쉼터,08:00-09:00,11,5,0,3,1,0,1,0,0,0,0,0,1
중부내륙선,양평,개진졸음쉼터,09:00-10:00,25,20,1,1,1,2,0,0,0,0,0,0,0
중부내륙선,양평,개진졸음쉼터,10:00-11:00,32,20,0,9,3,0,0,0,0,0,0,0,0
중부내륙선,양평,개진졸음쉼터,11:00-12:00,31,15,0,9,5,2,0,0,0,0,0,0,0
중부내륙선,양평,개진졸음쉼터,12:00-13:00,20,14,0,4,0,1,1,0,0,0,0,0,0
중부내륙선,양평,개진졸음쉼터,13:00-14:00,17,12,0,3,2,0,0,0,0,0,0,0,0
중부내륙선,양평,개진졸음쉼터,14:00-15:00,29,21,0,5,3,0,0,0,0,0,0,0,0
중부내륙선,양평,개진졸음쉼터,15:00-16:00,20,13,0,4,0,1,1,1,0,0,0,0,0
중부내륙선,양평,개진졸음쉼터,16:00-17:00,23,17,0,4,0,1,0,1,0,0,0,0,0
중부내륙선,양평,개진졸음쉼터,17:00-18:00,16,10,0,3,2,0,0,0,0,0,1,0,0
중부내륙선,양평,개진졸음쉼터,18:00-19:00,10,7,0,2,0,1,0,0,0,0,0,0,0
중부내륙선,양평,개진졸음쉼터,19:00-20:00,10,9,0,0,0,1,0,0,0,0,0,0,0
중부내륙선,양평,개진졸음쉼터,20:00-21:00,5,2,0,3,0,0,0,0,0,0,0,0,0
중부내륙선,양평,개진졸음쉼터,21:00-22:00,7,5,0,1,0,0,0,0,0,0,0,0,1
중부내륙선,양평,개진졸음쉼터,22:00-23:00,4,4,0,0,0,0,0,0,0,0,0,0,0
중부내륙선,양평,개진졸음쉼터,23:00-24:00,5,1,0,2,1,1,0,0,0,0,0,0,0
중부내륙선,양평,개진졸음쉼터,00:00-01:00,1,0,0,0,0,0,1,0,0,0,0,0,0
중부내륙선,양평,개진졸음쉼터,01:00-02:00,3,0,0,0,0,1,0,2,0,0,0,0,0
중부내륙선,양평,개진졸음쉼터,02:00-03:00,7,3,0,1,1,2,0,0,0,0,0,0,0
중부내륙선,양평,개진졸음쉼터,03:00-04:00,0,0,0,0,0,0,0,0,0,0,0,0,0
중부내륙선,양평,개진졸음쉼터,04:00-05:00,4,3,0,0,0,0,0,0,0,0,0,0,1
중부내륙선,양평,개진졸음쉼터,05:00-06:00,3,2,0,1,0,0,0,0,0,0,0,0,0
중부내륙선,양평,개진졸음쉼터,06:00-07:00,7,3,0,3,0,1,0,0,0,0,0,0,0
중부내륙선,창원,현풍졸음쉼터,07:00-08:00,13,10,0,3,0,0,0,0,0,0,0,0,0
중부내륙선,창원,현풍졸음쉼터,08:00-09:00,17,11,0,3,1,1,0,0,0,0,1,0,0
중부내륙선,창원,현풍졸음쉼터,09:00-10:00,20,11,0,6,1,1,0,0,0,0,0,0,1
중부내륙선,창원,현풍졸음쉼터,10:00-11:00,17,13,0,3,0,0,0,0,0,0,1,0,0
중부내륙선,창원,현풍졸음쉼터,11:00-12:00,15,7,0,3,2,1,0,0,1,0,1,0,0
중부내륙선,창원,현풍졸음쉼터,12:00-13:00,11,6,0,1,0,2,0,1,0,0,1,0,0
중부내륙선,창원,현풍졸음쉼터,13:00-14:00,34,21,0,7,2,2,0,1,0,0,1,0,0
중부내륙선,창원,현풍졸음쉼터,14:00-15:00,20,14,0,2,0,4,0,0,0,0,0,0,0
중부내륙선,창원,현풍졸음쉼터,15:00-16:00,24,19,0,1,0,1,0,0,0,0,3,0,0
중부내륙선,창원,현풍졸음쉼터,16:00-17:00,24,22,1,1,0,0,0,0,0,0,0,0,0
중부내륙선,창원,현풍졸음쉼터,17:00-18:00,16,13,0,1,0,0,0,1,0,0,1,0,0
중부내륙선,창원,현풍졸음쉼터,18:00-19:00,21,17,0,1,0,2,0,0,0,0,1,0,0
중부내륙선,창원,현풍졸음쉼터,19:00-20:00,15,10,0,1,1,3,0,0,0,0,0,0,0
중부내륙선,창원,현풍졸음쉼터,20:00-21:00,13,6,0,3,0,2,0,1,0,0,1,0,0
중부내륙선,창원,현풍졸음쉼터,21:00-22:00,10,7,0,2,0,0,0,0,0,0,1,0,0
중부내륙선,창원,현풍졸음쉼터,22:00-23:00,5,4,0,0,0,0,0,0,0,0,1,0,0
중부내륙선,창원,현풍졸음쉼터,23:00-24:00,6,2,0,1,1,2,0,0,0,0,0,0,0
중부내륙선,창원,현풍졸음쉼터,00:00-01:00,6,3,0,1,0,2,0,0,0,0,0,0,0
중부내륙선,창원,현풍졸음쉼터,01:00-02:00,4,2,0,0,0,1,0,0,0,0,1,0,0
중부내륙선,창원,현풍졸음쉼터,02:00-03:00,7,5,0,1,0,1,0,0,0,0,0,0,0
중부내륙선,창원,현풍졸음쉼터,03:00-04:00,5,0,0,0,0,2,0,2,0,0,1,0,0
중부내륙선,창원,현풍졸음쉼터,04:00-05:00,4,0,0,3,0,0,0,0,0,0,1,0,0
중부내륙선,창원,현풍졸음쉼터,05:00-06:00,9,2,0,5,0,1,0,1,0,0,0,0,0
중부내륙선,창원,현풍졸음쉼터,06:00-07:00,9,2,0,6,0,1,0,0,0,0,0,0,0
중부내륙선,양평,창녕졸음쉼터,07:00-08:00,34,17,0,6,1,5,2,3,0,0,0,0,0
중부내륙선,양평,창녕졸음쉼터,08:00-09:00,47,31,0,6,0,2,1,3,0,0,3,0,1
중부내륙선,양평,창녕졸음쉼터,09:00-10:00,62,30,0,10,5,8,2,1,0,0,0,3,3
중부내륙선,양평,창녕졸음쉼터,10:00-11:00,69,33,0,12,8,4,3,6,0,0,1,0,2
중부내륙선,양평,창녕졸음쉼터,11:00-12:00,66,28,0,12,8,9,2,4,0,0,2,0,1
중부내륙선,양평,창녕졸음쉼터,12:00-13:00,77,40,0,13,6,9,4,0,0,0,2,0,3
중부내륙선,양평,창녕졸음쉼터,13:00-14:00,72,40,0,13,5,9,2,1,0,0,1,0,1
중부내륙선,양평,창녕졸음쉼터,14:00-15:00,68,41,0,13,7,1,1,2,0,0,3,0,0
중부내륙선,양평,창녕졸음쉼터,15:00-16:00,68,34,1,14,5,9,1,2,0,0,1,0,1
중부내륙선,양평,창녕졸음쉼터,16:00-17:00,79,47,0,23,0,4,0,4,0,0,1,0,0
중부내륙선,양평,창녕졸음쉼터,17:00-18:00,53,41,0,3,0,6,2,1,0,0,0,0,0
중부내륙선,양평,창녕졸음쉼터,18:00-19:00,30,13,0,6,4,2,1,0,0,0,4,0,0
중부내륙선,양평,창녕졸음쉼터,19:00-20:00,28,15,0,4,0,4,1,1,0,0,2,0,1
중부내륙선,양평,창녕졸음쉼터,20:00-21:00,22,14,0,3,1,2,0,1,0,0,0,0,1
중부내륙선,양평,창녕졸음쉼터,21:00-22:00,14,9,0,1,1,1,0,0,0,0,0,0,2
중부내륙선,양평,창녕졸음쉼터,22:00-23:00,11,3,0,0,0,2,0,0,0,0,4,0,2
중부내륙선,양평,창녕졸음쉼터,23:00-24:00,12,2,0,1,1,3,0,0,0,0,3,0,2
중부내륙선,양평,창녕졸음쉼터,00:00-01:00,8,1,0,2,1,0,0,0,0,0,2,0,2
중부내륙선,양평,창녕졸음쉼터,01:00-02:00,10,7,0,0,1,1,0,0,0,0,1,0,0
중부내륙선,양평,창녕졸음쉼터,02:00-03:00,8,0,0,2,1,0,0,0,0,0,2,0,3
중부내륙선,양평,창녕졸음쉼터,03:00-04:00,8,3,0,2,1,1,0,1,0,0,0,0,0
중부내륙선,양평,창녕졸음쉼터,04:00-05:00,9,2,0,2,1,2,0,0,0,0,2,0,0
중부내륙선,양평,창녕졸음쉼터,05:00-06:00,9,5,0,3,0,0,0,1,0,0,0,0,0
중부내륙선,양평,창녕졸음쉼터,06:00-07:00,33,12,0,8,6,1,0,3,0,0,1,0,2
중부내륙선,창원,창녕졸음쉼터,07:00-08:00,26,7,0,5,1,7,4,1,0,0,1,0,0
중부내륙선,창원,창녕졸음쉼터,08:00-09:00,22,12,0,5,0,5,0,0,0,0,0,0,0
중부내륙선,창원,창녕졸음쉼터,09:00-10:00,31,17,0,6,3,5,0,0,0,0,0,0,0
중부내륙선,창원,창녕졸음쉼터,10:00-11:00,41,22,0,7,6,2,1,2,0,0,1,0,0
중부내륙선,창원,창녕졸음쉼터,11:00-12:00,28,13,0,4,3,3,0,2,0,0,3,0,0
중부내륙선,창원,창녕졸음쉼터,12:00-13:00,23,9,0,4,3,2,1,0,0,0,2,0,2
중부내륙선,창원,창녕졸음쉼터,13:00-14:00,34,12,0,9,2,4,0,2,0,0,2,0,3
중부내륙선,창원,창녕졸음쉼터,14:00-15:00,37,26,0,5,2,2,1,0,0,0,1,0,0
중부내륙선,창원,창녕졸음쉼터,15:00-16:00,42,29,0,5,3,1,0,1,0,0,2,0,1
중부내륙선,창원,창녕졸음쉼터,16:00-17:00,34,20,0,5,2,4,1,2,0,0,0,0,0
중부내륙선,창원,창녕졸음쉼터,17:00-18:00,34,20,0,5,2,2,1,2,0,0,0,0,2
중부내륙선,창원,창녕졸음쉼터,18:00-19:00,29,17,0,4,0,1,0,0,0,0,3,0,4
중부내륙선,창원,창녕졸음쉼터,19:00-20:00,27,17,0,4,2,0,0,0,0,0,3,0,1
중부내륙선,창원,창녕졸음쉼터,20:00-21:00,15,8,0,1,1,1,1,1,0,0,1,0,1
중부내륙선,창원,창녕졸음쉼터,21:00-22:00,24,13,0,0,1,5,1,1,0,0,2,0,1
중부내륙선,창원,창녕졸음쉼터,22:00-23:00,13,4,0,1,3,4,0,1,0,0,0,0,0
중부내륙선,창원,창녕졸음쉼터,23:00-24:00,16,6,0,0,3,3,3,1,0,0,0,0,0
중부내륙선,창원,창녕졸음쉼터,00:00-01:00,16,5,0,2,0,6,0,1,0,0,2,0,0
중부내륙선,창원,창녕졸음쉼터,01:00-02:00,8,3,0,0,0,1,1,3,0,0,0,0,0
중부내륙선,창원,창녕졸음쉼터,02:00-03:00,5,2,0,1,1,1,0,0,0,0,0,0,0
중부내륙선,창원,창녕졸음쉼터,03:00-04:00,9,1,0,0,1,2,1,3,0,0,0,0,1
중부내륙선,창원,창녕졸음쉼터,04:00-05:00,15,4,0,2,0,2,2,3,0,0,2,0,0
중부내륙선,창원,창녕졸음쉼터,05:00-06:00,9,2,0,1,0,2,0,4,0,0,0,0,0
중부내륙선,창원,창녕졸음쉼터,06:00-07:00,25,8,1,4,3,2,3,1,0,0,3,0,0
중부선,하남,도척졸음쉼터,07:00-08:00,29,23,0,3,1,0,1,0,0,0,0,0,1
중부선,하남,도척졸음쉼터,08:00-09:00,47,27,1,12,5,2,0,0,0,0,0,0,0
중부선,하남,도척졸음쉼터,09:00-10:00,50,32,1,11,3,3,0,0,0,0,0,0,0
중부선,하남,도척졸음쉼터,10:00-11:00,49,30,2,7,8,1,1,0,0,0,0,0,0
중부선,하남,도척졸음쉼터,11:00-12:00,38,20,0,11,3,2,1,0,0,0,1,0,0
중부선,하남,도척졸음쉼터,12:00-13:00,27,18,0,5,3,0,1,0,0,0,0,0,0
중부선,하남,도척졸음쉼터,13:00-14:00,43,28,0,6,6,0,1,2,0,0,0,0,0
중부선,하남,도척졸음쉼터,14:00-15:00,52,34,0,15,2,0,0,1,0,0,0,0,0
중부선,하남,도척졸음쉼터,15:00-16:00,40,30,0,7,2,1,0,0,0,0,0,0,0
중부선,하남,도척졸음쉼터,16:00-17:00,49,35,0,11,3,0,0,0,0,0,0,0,0
중부선,하남,도척졸음쉼터,17:00-18:00,73,58,0,12,3,0,0,0,0,0,0,0,0
중부선,하남,도척졸음쉼터,18:00-19:00,29,17,0,7,2,2,0,0,0,0,1,0,0
중부선,하남,도척졸음쉼터,19:00-20:00,33,22,0,9,1,0,0,1,0,0,0,0,0
중부선,하남,도척졸음쉼터,20:00-21:00,14,8,0,4,0,1,0,0,0,0,1,0,0
중부선,하남,도척졸음쉼터,21:00-22:00,11,9,0,1,0,1,0,0,0,0,0,0,0
중부선,하남,도척졸음쉼터,22:00-23:00,5,3,0,1,1,0,0,0,0,0,0,0,0
중부선,하남,도척졸음쉼터,23:00-24:00,5,3,0,0,0,1,0,0,0,0,1,0,0
중부선,하남,도척졸음쉼터,00:00-01:00,4,2,0,1,1,0,0,0,0,0,0,0,0
중부선,하남,도척졸음쉼터,01:00-02:00,2,1,0,0,0,0,0,0,0,0,1,0,0
중부선,하남,도척졸음쉼터,02:00-03:00,4,2,0,0,0,1,0,0,0,0,1,0,0
중부선,하남,도척졸음쉼터,03:00-04:00,2,0,0,0,1,0,0,0,0,0,0,0,1
중부선,하남,도척졸음쉼터,04:00-05:00,3,1,0,0,1,1,0,0,0,0,0,0,0
중부선,하남,도척졸음쉼터,05:00-06:00,11,3,0,4,1,2,0,1,0,0,0,0,0
중부선,하남,도척졸음쉼터,06:00-07:00,15,4,0,5,3,1,0,2,0,0,0,0,0
중부선,통영,모가졸음쉼터,07:00-08:00,63,40,0,14,5,2,0,1,0,0,1,0,0
중부선,통영,모가졸음쉼터,08:00-09:00,70,51,0,14,1,3,1,0,0,0,0,0,0
중부선,통영,모가졸음쉼터,09:00-10:00,78,51,0,12,4,6,3,2,0,0,0,0,0
중부선,통영,모가졸음쉼터,10:00-11:00,85,59,0,14,3,4,5,0,0,0,0,0,0
중부선,통영,모가졸음쉼터,11:00-12:00,81,62,1,8,5,2,2,1,0,0,0,0,0
중부선,통영,모가졸음쉼터,12:00-13:00,87,59,0,16,7,2,1,2,0,0,0,0,0
중부선,통영,모가졸음쉼터,13:00-14:00,72,43,0,16,5,3,3,2,0,0,0,0,0
중부선,통영,모가졸음쉼터,14:00-15:00,62,37,0,16,5,3,0,1,0,0,0,0,0
중부선,통영,모가졸음쉼터,15:00-16:00,51,32,0,11,3,1,3,0,0,0,0,0,1
중부선,통영,모가졸음쉼터,16:00-17:00,66,42,0,18,3,2,1,0,0,0,0,0,0
중부선,통영,모가졸음쉼터,17:00-18:00,43,28,0,5,3,6,1,0,0,0,0,0,0
중부선,통영,모가졸음쉼터,18:00-19:00,40,27,0,5,2,5,0,1,0,0,0,0,0
중부선,통영,모가졸음쉼터,19:00-20:00,21,16,0,1,0,2,1,1,0,0,0,0,0
중부선,통영,모가졸음쉼터,20:00-21:00,19,11,0,1,1,6,0,0,0,0,0,0,0
중부선,통영,모가졸음쉼터,21:00-22:00,12,5,0,4,0,3,0,0,0,0,0,0,0
중부선,통영,모가졸음쉼터,22:00-23:00,6,2,0,1,1,0,0,0,0,0,2,0,0
중부선,통영,모가졸음쉼터,23:00-24:00,3,2,0,0,0,1,0,0,0,0,0,0,0
중부선,통영,모가졸음쉼터,00:00-01:00,10,3,0,2,0,2,1,0,0,0,1,0,1
중부선,통영,모가졸음쉼터,01:00-02:00,8,3,0,1,0,1,1,0,0,0,2,0,0
중부선,통영,모가졸음쉼터,02:00-03:00,12,4,1,2,1,3,0,0,1,0,0,0,0
중부선,통영,모가졸음쉼터,03:00-04:00,4,0,1,1,0,0,1,0,0,0,1,0,0
중부선,통영,모가졸음쉼터,04:00-05:00,5,3,0,1,0,0,1,0,0,0,0,0,0
중부선,통영,모가졸음쉼터,05:00-06:00,28,18,0,2,1,2,3,1,0,0,1,0,0
중부선,통영,모가졸음쉼터,06:00-07:00,56,36,0,14,2,2,2,0,0,0,0,0,0
중부선,하남,대소졸음쉼터,07:00-08:00,31,21,0,2,2,5,1,0,0,0,0,0,0
중부선,하남,대소졸음쉼터,08:00-09:00,34,25,0,4,1,3,1,0,0,0,0,0,0
중부선,하남,대소졸음쉼터,09:00-10:00,41,28,0,4,5,2,0,2,0,0,0,0,0
중부선,하남,대소졸음쉼터,10:00-11:00,44,28,0,12,1,2,0,1,0,0,0,0,0
중부선,하남,대소졸음쉼터,11:00-12:00,32,18,0,6,4,2,1,0,1,0,0,0,0
중부선,하남,대소졸음쉼터,12:00-13:00,33,22,0,7,0,1,2,1,0,0,0,0,0
중부선,하남,대소졸음쉼터,13:00-14:00,48,29,1,13,2,2,1,0,0,0,0,0,0
중부선,하남,대소졸음쉼터,14:00-15:00,53,38,0,8,2,4,0,1,0,0,0,0,0
중부선,하남,대소졸음쉼터,15:00-16:00,57,44,0,10,0,2,0,1,0,0,0,0,0
중부선,하남,대소졸음쉼터,16:00-17:00,48,40,0,6,2,0,0,0,0,0,0,0,0
중부선,하남,대소졸음쉼터,17:00-18:00,53,48,0,3,1,1,0,0,0,0,0,0,0
중부선,하남,대소졸음쉼터,18:00-19:00,30,25,0,3,2,0,0,0,0,0,0,0,0
중부선,하남,대소졸음쉼터,19:00-20:00,22,16,0,1,2,0,3,0,0,0,0,0,0
중부선,하남,대소졸음쉼터,20:00-21:00,12,11,0,1,0,0,0,0,0,0,0,0,0
중부선,하남,대소졸음쉼터,21:00-22:00,19,12,0,1,0,3,2,1,0,0,0,0,0
중부선,하남,대소졸음쉼터,22:00-23:00,9,6,0,1,1,0,0,0,0,0,1,0,0
중부선,하남,대소졸음쉼터,23:00-24:00,9,4,0,0,1,2,2,0,0,0,0,0,0
중부선,하남,대소졸음쉼터,00:00-01:00,7,4,0,1,1,1,0,0,0,0,0,0,0
중부선,하남,대소졸음쉼터,01:00-02:00,4,0,0,0,0,3,0,0,0,0,1,0,0
중부선,하남,대소졸음쉼터,02:00-03:00,2,0,0,0,1,1,0,0,0,0,0,0,0
중부선,하남,대소졸음쉼터,03:00-04:00,6,2,0,2,0,0,1,0,0,0,1,0,0
중부선,하남,대소졸음쉼터,04:00-05:00,4,2,0,1,0,1,0,0,0,0,0,0,0
중부선,하남,대소졸음쉼터,05:00-06:00,6,3,0,0,1,0,1,0,0,0,1,0,0
중부선,하남,대소졸음쉼터,06:00-07:00,16,9,0,3,1,2,0,1,0,0,0,0,0
중부선,통영,농다리졸음쉼터,07:00-08:00,44,25,0,12,3,2,1,1,0,0,0,0,0
중부선,통영,농다리졸음쉼터,08:00-09:00,54,40,0,7,4,2,0,0,0,0,1,0,0
중부선,통영,농다리졸음쉼터,09:00-10:00,68,50,0,16,1,1,0,0,0,0,0,0,0
중부선,통영,농다리졸음쉼터,10:00-11:00,80,53,1,20,2,1,1,1,0,0,0,1,0
중부선,통영,농다리졸음쉼터,11:00-12:00,73,51,0,12,2,2,2,2,0,0,2,0,0
중부선,통영,농다리졸음쉼터,12:00-13:00,78,49,0,13,10,5,0,1,0,0,0,0,0
중부선,통영,농다리졸음쉼터,13:00-14:00,85,66,0,14,3,1,0,1,0,0,0,0,0
중부선,통영,농다리졸음쉼터,14:00-15:00,73,53,0,11,4,4,0,1,0,0,0,0,0
중부선,통영,농다리졸음쉼터,15:00-16:00,98,83,0,11,2,2,0,0,0,0,0,0,0
중부선,통영,농다리졸음쉼터,16:00-17:00,74,67,0,5,0,1,1,0,0,0,0,0,0
중부선,통영,농다리졸음쉼터,17:00-18:00,67,48,1,8,5,4,1,0,0,0,0,0,0
중부선,통영,농다리졸음쉼터,18:00-19:00,38,26,1,10,0,0,0,1,0,0,0,0,0
중부선,통영,농다리졸음쉼터,19:00-20:00,35,29,0,2,0,2,1,0,0,0,1,0,0
중부선,통영,농다리졸음쉼터,20:00-21:00,26,21,0,4,0,0,0,0,0,0,1,0,0
중부선,통영,농다리졸음쉼터,21:00-22:00,25,16,0,2,1,2,1,1,0,0,2,0,0
중부선,통영,농다리졸음쉼터,22:00-23:00,19,12,0,1,2,3,0,0,0,0,1,0,0
중부선,통영,농다리졸음쉼터,23:00-24:00,23,13,0,2,0,1,2,3,0,0,2,0,0
중부선,통영,농다리졸음쉼터,00:00-01:00,9,3,0,1,0,2,0,0,0,0,3,0,0
중부선,통영,농다리졸음쉼터,01:00-02:00,8,0,0,1,2,0,2,1,0,0,2,0,0
중부선,통영,농다리졸음쉼터,02:00-03:00,12,2,0,5,1,2,1,0,0,0,0,1,0
중부선,통영,농다리졸음쉼터,03:00-04:00,6,2,0,0,2,1,0,0,0,0,1,0,0
중부선,통영,농다리졸음쉼터,04:00-05:00,6,1,0,1,2,0,0,1,0,0,1,0,0
중부선,통영,농다리졸음쉼터,05:00-06:00,19,9,0,4,3,2,0,0,0,0,1,0,0
중부선,통영,농다리졸음쉼터,06:00-07:00,35,19,0,7,4,2,2,0,0,0,1,0,0
중앙선,춘천,횡성졸음쉼터,07:00-08:00,13,7,0,2,4,0,0,0,0,0,0,0,0
중앙선,춘천,횡성졸음쉼터,08:00-09:00,25,13,1,4,6,0,1,0,0,0,0,0,0
중앙선,춘천,횡성졸음쉼터,09:00-10:00,31,18,1,8,2,1,1,0,0,0,0,0,0
중앙선,춘천,횡성졸음쉼터,10:00-11:00,31,24,0,5,2,0,0,0,0,0,0,0,0
중앙선,춘천,횡성졸음쉼터,11:00-12:00,25,20,0,3,2,0,0,0,0,0,0,0,0
중앙선,춘천,횡성졸음쉼터,12:00-13:00,24,20,0,0,2,2,0,0,0,0,0,0,0
중앙선,춘천,횡성졸음쉼터,13:00-14:00,25,22,0,2,0,0,1,0,0,0,0,0,0
중앙선,춘천,횡성졸음쉼터,14:00-15:00,28,20,0,3,3,0,2,0,0,0,0,0,0
중앙선,춘천,횡성졸음쉼터,15:00-16:00,20,14,0,4,2,0,0,0,0,0,0,0,0
중앙선,춘천,횡성졸음쉼터,16:00-17:00,22,17,0,3,2,0,0,0,0,0,0,0,0
중앙선,춘천,횡성졸음쉼터,17:00-18:00,28,18,1,7,0,2,0,0,0,0,0,0,0
중앙선,춘천,횡성졸음쉼터,18:00-19:00,20,20,0,0,0,0,0,0,0,0,0,0,0
중앙선,춘천,횡성졸음쉼터,19:00-20:00,9,7,0,1,0,0,1,0,0,0,0,0,0
중앙선,춘천,횡성졸음쉼터,20:00-21:00,13,12,0,0,0,0,0,1,0,0,0,0,0
중앙선,춘천,횡성졸음쉼터,21:00-22:00,8,6,0,1,1,0,0,0,0,0,0,0,0
중앙선,춘천,횡성졸음쉼터,22:00-23:00,2,1,0,0,0,1,0,0,0,0,0,0,0
중앙선,춘천,횡성졸음쉼터,23:00-24:00,1,1,0,0,0,0,0,0,0,0,0,0,0
중앙선,춘천,횡성졸음쉼터,00:00-01:00,3,2,0,1,0,0,0,0,0,0,0,0,0
중앙선,춘천,횡성졸음쉼터,01:00-02:00,3,1,0,1,0,1,0,0,0,0,0,0,0
중앙선,춘천,횡성졸음쉼터,02:00-03:00,5,1,0,0,3,0,0,0,0,0,1,0,0
중앙선,춘천,횡성졸음쉼터,03:00-04:00,4,0,0,1,2,0,0,0,0,0,0,0,1
중앙선,춘천,횡성졸음쉼터,04:00-05:00,3,0,0,1,1,1,0,0,0,0,0,0,0
중앙선,춘천,횡성졸음쉼터,05:00-06:00,3,2,0,0,0,1,0,0,0,0,0,0,0
중앙선,춘천,횡성졸음쉼터,06:00-07:00,13,7,0,1,2,3,0,0,0,0,0,0,0
중앙선,부산,횡성졸음쉼터,07:00-08:00,21,11,0,5,3,1,0,0,0,0,1,0,0
중앙선,부산,횡성졸음쉼터,08:00-09:00,24,13,1,4,6,0,0,0,0,0,0,0,0
중앙선,부산,횡성졸음쉼터,09:00-10:00,32,24,0,5,1,2,0,0,0,0,0,0,0
중앙선,부산,횡성졸음쉼터,10:00-11:00,30,25,0,4,0,1,0,0,0,0,0,0,0
중앙선,부산,횡성졸음쉼터,11:00-12:00,33,29,0,2,1,0,0,1,0,0,0,0,0
중앙선,부산,횡성졸음쉼터,12:00-13:00,32,21,0,6,1,1,1,0,0,0,1,0,1
중앙선,부산,횡성졸음쉼터,13:00-14:00,33,28,0,4,0,1,0,0,0,0,0,0,0
중앙선,부산,횡성졸음쉼터,14:00-15:00,46,34,0,7,5,0,0,0,0,0,0,0,0
중앙선,부산,횡성졸음쉼터,15:00-16:00,45,37,0,5,3,0,0,0,0,0,0,0,0
중앙선,부산,횡성졸음쉼터,16:00-17:00,60,50,1,7,1,0,0,0,0,0,1,0,0
중앙선,부산,횡성졸음쉼터,17:00-18:00,38,33,1,3,0,1,0,0,0,0,0,0,0
중앙선,부산,횡성졸음쉼터,18:00-19:00,19,19,0,0,0,0,0,0,0,0,0,0,0
중앙선,부산,횡성졸음쉼터,19:00-20:00,13,11,0,2,0,0,0,0,0,0,0,0,0
중앙선,부산,횡성졸음쉼터,20:00-21:00,9,9,0,0,0,0,0,0,0,0,0,0,0
중앙선,부산,횡성졸음쉼터,21:00-22:00,6,5,0,1,0,0,0,0,0,0,0,0,0
중앙선,부산,횡성졸음쉼터,22:00-23:00,3,2,0,1,0,0,0,0,0,0,0,0,0
중앙선,부산,횡성졸음쉼터,23:00-24:00,0,0,0,0,0,0,0,0,0,0,0,0,0
중앙선,부산,횡성졸음쉼터,00:00-01:00,1,1,0,0,0,0,0,0,0,0,0,0,0
중앙선,부산,횡성졸음쉼터,01:00-02:00,1,0,0,0,1,0,0,0,0,0,0,0,0
중앙선,부산,횡성졸음쉼터,02:00-03:00,2,0,0,0,0,0,0,1,0,0,1,0,0
중앙선,부산,횡성졸음쉼터,03:00-04:00,1,0,0,0,0,0,0,0,0,0,1,0,0
중앙선,부산,횡성졸음쉼터,04:00-05:00,0,0,0,0,0,0,0,0,0,0,0,0,0
중앙선,부산,횡성졸음쉼터,05:00-06:00,0,0,0,0,0,0,0,0,0,0,0,0,0
중앙선,부산,횡성졸음쉼터,06:00-07:00,3,1,0,2,0,0,0,0,0,0,0,0,0
중앙선,춘천,봉양졸음쉼터,07:00-08:00,24,15,0,4,2,1,2,0,0,0,0,0,0
중앙선,춘천,봉양졸음쉼터,08:00-09:00,16,12,0,2,1,1,0,0,0,0,0,0,0
중앙선,춘천,봉양졸음쉼터,09:00-10:00,17,10,0,4,1,2,0,0,0,0,0,0,0
중앙선,춘천,봉양졸음쉼터,10:00-11:00,20,15,0,2,1,2,0,0,0,0,0,0,0
중앙선,춘천,봉양졸음쉼터,11:00-12:00,19,14,0,4,1,0,0,0,0,0,0,0,0
중앙선,춘천,봉양졸음쉼터,12:00-13:00,22,15,0,4,1,1,0,1,0,0,0,0,0
중앙선,춘천,봉양졸음쉼터,13:00-14:00,41,33,0,4,0,2,2,0,0,0,0,0,0
중앙선,춘천,봉양졸음쉼터,14:00-15:00,30,24,0,4,2,0,0,0,0,0,0,0,0
중앙선,춘천,봉양졸음쉼터,15:00-16:00,18,15,0,2,1,0,0,0,0,0,0,0,0
중앙선,춘천,봉양졸음쉼터,16:00-17:00,51,41,5,2,1,0,1,1,0,0,0,0,0
중앙선,춘천,봉양졸음쉼터,17:00-18:00,46,35,2,7,0,1,1,0,0,0,0,0,0
중앙선,춘천,봉양졸음쉼터,18:00-19:00,48,34,6,5,1,0,1,0,0,0,1,0,0
중앙선,춘천,봉양졸음쉼터,19:00-20:00,20,16,1,0,1,0,1,1,0,0,0,0,0
중앙선,춘천,봉양졸음쉼터,20:00-21:00,8,6,0,2,0,0,0,0,0,0,0,0,0
중앙선,춘천,봉양졸음쉼터,21:00-22:00,6,5,0,0,0,0,0,1,0,0,0,0,0
중앙선,춘천,봉양졸음쉼터,22:00-23:00,7,6,0,1,0,0,0,0,0,0,0,0,0
중앙선,춘천,봉양졸음쉼터,23:00-24:00,6,6,0,0,0,0,0,0,0,0,0,0,0
중앙선,춘천,봉양졸음쉼터,00:00-01:00,4,2,0,1,1,0,0,0,0,0,0,0,0
중앙선,춘천,봉양졸음쉼터,01:00-02:00,1,1,0,0,0,0,0,0,0,0,0,0,0
중앙선,춘천,봉양졸음쉼터,02:00-03:00,2,1,0,0,0,0,1,0,0,0,0,0,0
중앙선,춘천,봉양졸음쉼터,03:00-04:00,4,4,0,0,0,0,0,0,0,0,0,0,0
중앙선,춘천,봉양졸음쉼터,04:00-05:00,1,1,0,0,0,0,0,0,0,0,0,0,0
중앙선,춘천,봉양졸음쉼터,05:00-06:00,5,4,0,1,0,0,0,0,0,0,0,0,0
중앙선,춘천,봉양졸음쉼터,06:00-07:00,8,7,0,1,0,0,0,0,0,0,0,0,0
중앙선,부산,안평졸음쉼터,07:00-08:00,11,10,0,1,0,0,0,0,0,0,0,0,0
중앙선,부산,안평졸음쉼터,08:00-09:00,11,10,0,1,0,0,0,0,0,0,0,0,0
중앙선,부산,안평졸음쉼터,09:00-10:00,13,10,0,1,1,0,0,0,0,0,1,0,0
중앙선,부산,안평졸음쉼터,10:00-11:00,16,12,0,2,0,1,0,0,0,0,0,0,1
중앙선,부산,안평졸음쉼터,11:00-12:00,23,15,0,5,2,0,0,0,0,0,1,0,0
중앙선,부산,안평졸음쉼터,12:00-13:00,21,16,0,5,0,0,0,0,0,0,0,0,0
중앙선,부산,안평졸음쉼터,13:00-14:00,31,26,1,1,3,0,0,0,0,0,0,0,0
중앙선,부산,안평졸음쉼터,14:00-15:00,43,30,0,7,3,1,1,0,0,1,0,0,0
중앙선,부산,안평졸음쉼터,15:00-16:00,52,39,0,10,2,1,0,0,0,0,0,0,0
중앙선,부산,안평졸음쉼터,16:00-17:00,56,45,0,9,0,1,0,1,0,0,0,0,0
중앙선,부산,안평졸음쉼터,17:00-18:00,32,28,0,4,0,0,0,0,0,0,0,0,0
중앙선,부산,안평졸음쉼터,18:00-19:00,15,11,0,3,1,0,0,0,0,0,0,0,0
중앙선,부산,안평졸음쉼터,19:00-20:00,16,11,1,4,0,0,0,0,0,0,0,0,0
중앙선,부산,안평졸음쉼터,20:00-21:00,8,7,0,1,0,0,0,0,0,0,0,0,0
중앙선,부산,안평졸음쉼터,21:00-22:00,4,3,0,1,0,0,0,0,0,0,0,0,0
중앙선,부산,안평졸음쉼터,22:00-23:00,7,6,0,0,1,0,0,0,0,0,0,0,0
중앙선,부산,안평졸음쉼터,23:00-24:00,5,3,0,2,0,0,0,0,0,0,0,0,0
중앙선,부산,안평졸음쉼터,00:00-01:00,2,1,0,0,0,0,1,0,0,0,0,0,0
중앙선,부산,안평졸음쉼터,01:00-02:00,3,1,0,2,0,0,0,0,0,0,0,0,0
중앙선,부산,안평졸음쉼터,02:00-03:00,4,3,0,0,0,0,1,0,0,0,0,0,0
중앙선,부산,안평졸음쉼터,03:00-04:00,1,1,0,0,0,0,0,0,0,0,0,0,0
중앙선,부산,안평졸음쉼터,04:00-05:00,4,1,0,1,0,1,1,0,0,0,0,0,0
중앙선,부산,안평졸음쉼터,05:00-06:00,5,5,0,0,0,0,0,0,0,0,0,0,0
중앙선,부산,안평졸음쉼터,06:00-07:00,5,4,0,0,0,0,1,0,0,0,0,0,0
중앙선,춘천,읍내졸음쉼터,07:00-08:00,12,8,0,2,0,1,1,0,0,0,0,0,0
중앙선,춘천,읍내졸음쉼터,08:00-09:00,20,15,0,3,0,1,0,1,0,0,0,0,0
중앙선,춘천,읍내졸음쉼터,09:00-10:00,30,22,0,5,0,0,0,3,0,0,0,0,0
중앙선,춘천,읍내졸음쉼터,10:00-11:00,32,22,1,6,1,2,0,0,0,0,0,0,0
중앙선,춘천,읍내졸음쉼터,11:00-12:00,29,19,0,9,0,0,1,0,0,0,0,0,0
중앙선,춘천,읍내졸음쉼터,12:00-13:00,12,8,0,1,1,0,0,1,0,0,0,0,1
중앙선,춘천,읍내졸음쉼터,13:00-14:00,23,14,0,7,1,0,0,1,0,0,0,0,0
중앙선,춘천,읍내졸음쉼터,14:00-15:00,24,18,0,6,0,0,0,0,0,0,0,0,0
중앙선,춘천,읍내졸음쉼터,15:00-16:00,27,19,0,6,1,1,0,0,0,0,0,0,0
중앙선,춘천,읍내졸음쉼터,16:00-17:00,21,14,0,5,2,0,0,0,0,0,0,0,0
중앙선,춘천,읍내졸음쉼터,17:00-18:00,14,12,0,2,0,0,0,0,0,0,0,0,0
중앙선,춘천,읍내졸음쉼터,18:00-19:00,11,11,0,0,0,0,0,0,0,0,0,0,0
중앙선,춘천,읍내졸음쉼터,19:00-20:00,9,7,0,1,1,0,0,0,0,0,0,0,0
중앙선,춘천,읍내졸음쉼터,20:00-21:00,4,3,0,0,0,0,0,1,0,0,0,0,0
중앙선,춘천,읍내졸음쉼터,21:00-22:00,11,7,0,1,0,0,0,1,0,0,1,0,1
중앙선,춘천,읍내졸음쉼터,22:00-23:00,7,5,0,1,0,0,0,1,0,0,0,0,0
중앙선,춘천,읍내졸음쉼터,23:00-24:00,2,2,0,0,0,0,0,0,0,0,0,0,0
중앙선,춘천,읍내졸음쉼터,00:00-01:00,2,1,0,0,0,1,0,0,0,0,0,0,0
중앙선,춘천,읍내졸음쉼터,01:00-02:00,0,0,0,0,0,0,0,0,0,0,0,0,0
중앙선,춘천,읍내졸음쉼터,02:00-03:00,1,1,0,0,0,0,0,0,0,0,0,0,0
중앙선,춘천,읍내졸음쉼터,03:00-04:00,0,0,0,0,0,0,0,0,0,0,0,0,0
중앙선,춘천,읍내졸음쉼터,04:00-05:00,4,1,0,1,0,0,0,2,0,0,0,0,0
중앙선,춘천,읍내졸음쉼터,05:00-06:00,9,4,0,3,1,0,0,0,0,0,1,0,0
중앙선,춘천,읍내졸음쉼터,06:00-07:00,10,6,0,4,0,0,0,0,0,0,0,0,0
중앙선,춘천,보문졸음쉼터,07:00-08:00,15,8,0,5,0,2,0,0,0,0,0,0,0
중앙선,춘천,보문졸음쉼터,08:00-09:00,14,12,0,2,0,0,0,0,0,0,0,0,0
중앙선,춘천,보문졸음쉼터,09:00-10:00,23,15,2,5,1,0,0,0,0,0,0,0,0
중앙선,춘천,보문졸음쉼터,10:00-11:00,35,28,2,1,2,0,0,2,0,0,0,0,0
중앙선,춘천,보문졸음쉼터,11:00-12:00,22,19,0,1,2,0,0,0,0,0,0,0,0
중앙선,춘천,보문졸음쉼터,12:00-13:00,23,20,0,3,0,0,0,0,0,0,0,0,0
중앙선,춘천,보문졸음쉼터,13:00-14:00,23,17,0,4,1,0,0,1,0,0,0,0,0
중앙선,춘천,보문졸음쉼터,14:00-15:00,22,17,0,4,1,0,0,0,0,0,0,0,0
중앙선,춘천,보문졸음쉼터,15:00-16:00,20,15,0,5,0,0,0,0,0,0,0,0,0
중앙선,춘천,보문졸음쉼터,16:00-17:00,17,15,0,2,0,0,0,0,0,0,0,0,0
중앙선,춘천,보문졸음쉼터,17:00-18:00,19,17,0,2,0,0,0,0,0,0,0,0,0
중앙선,춘천,보문졸음쉼터,18:00-19:00,12,11,0,1,0,0,0,0,0,0,0,0,0
중앙선,춘천,보문졸음쉼터,19:00-20:00,7,5,0,1,0,1,0,0,0,0,0,0,0
중앙선,춘천,보문졸음쉼터,20:00-21:00,7,6,0,1,0,0,0,0,0,0,0,0,0
중앙선,춘천,보문졸음쉼터,21:00-22:00,3,2,0,0,0,1,0,0,0,0,0,0,0
중앙선,춘천,보문졸음쉼터,22:00-23:00,4,3,0,0,0,0,0,1,0,0,0,0,0
중앙선,춘천,보문졸음쉼터,23:00-24:00,3,0,0,0,1,1,0,0,0,0,0,0,1
중앙선,춘천,보문졸음쉼터,00:00-01:00,2,2,0,0,0,0,0,0,0,0,0,0,0
중앙선,춘천,보문졸음쉼터,01:00-02:00,0,0,0,0,0,0,0,0,0,0,0,0,0
중앙선,춘천,보문졸음쉼터,02:00-03:00,2,2,0,0,0,0,0,0,0,0,0,0,0
중앙선,춘천,보문졸음쉼터,03:00-04:00,1,0,0,0,1,0,0,0,0,0,0,0,0
중앙선,춘천,보문졸음쉼터,04:00-05:00,0,0,0,0,0,0,0,0,0,0,0,0,0
중앙선,춘천,보문졸음쉼터,05:00-06:00,8,4,0,1,1,0,0,1,0,0,1,0,0
중앙선,춘천,보문졸음쉼터,06:00-07:00,7,2,0,4,1,0,0,0,0,0,0,0,0
중앙선,부산,풍산졸음쉼터,07:00-08:00,17,14,0,2,1,0,0,0,0,0,0,0,0
중앙선,부산,풍산졸음쉼터,08:00-09:00,13,10,0,1,0,0,2,0,0,0,0,0,0
중앙선,부산,풍산졸음쉼터,09:00-10:00,13,10,0,2,1,0,0,0,0,0,0,0,0
중앙선,부산,풍산졸음쉼터,10:00-11:00,19,17,0,2,0,0,0,0,0,0,0,0,0
중앙선,부산,풍산졸음쉼터,11:00-12:00,17,15,1,1,0,0,0,0,0,0,0,0,0
중앙선,부산,풍산졸음쉼터,12:00-13:00,20,13,0,5,1,0,0,1,0,0,0,0,0
중앙선,부산,풍산졸음쉼터,13:00-14:00,18,11,0,7,0,0,0,0,0,0,0,0,0
중앙선,부산,풍산졸음쉼터,14:00-15:00,20,14,0,6,0,0,0,0,0,0,0,0,0
중앙선,부산,풍산졸음쉼터,15:00-16:00,43,34,0,8,1,0,0,0,0,0,0,0,0
중앙선,부산,풍산졸음쉼터,16:00-17:00,35,29,0,5,1,0,0,0,0,0,0,0,0
중앙선,부산,풍산졸음쉼터,17:00-18:00,31,25,0,4,0,0,2,0,0,0,0,0,0
중앙선,부산,풍산졸음쉼터,18:00-19:00,13,9,1,3,0,0,0,0,0,0,0,0,0
중앙선,부산,풍산졸음쉼터,19:00-20:00,14,8,0,6,0,0,0,0,0,0,0,0,0
중앙선,부산,풍산졸음쉼터,20:00-21:00,11,11,0,0,0,0,0,0,0,0,0,0,0
중앙선,부산,풍산졸음쉼터,21:00-22:00,9,7,0,2,0,0,0,0,0,0,0,0,0
중앙선,부산,풍산졸음쉼터,22:00-23:00,4,4,0,0,0,0,0,0,0,0,0,0,0
중앙선,부산,풍산졸음쉼터,23:00-24:00,5,4,0,0,0,0,0,1,0,0,0,0,0
중앙선,부산,풍산졸음쉼터,00:00-01:00,5,4,0,1,0,0,0,0,0,0,0,0,0
중앙선,부산,풍산졸음쉼터,01:00-02:00,7,6,0,0,0,0,1,0,0,0,0,0,0
중앙선,부산,풍산졸음쉼터,02:00-03:00,3,2,0,0,1,0,0,0,0,0,0,0,0
중앙선,부산,풍산졸음쉼터,03:00-04:00,5,4,0,0,0,0,0,1,0,0,0,0,0
중앙선,부산,풍산졸음쉼터,04:00-05:00,5,4,0,1,0,0,0,0,0,0,0,0,0
중앙선,부산,풍산졸음쉼터,05:00-06:00,7,5,0,0,1,0,1,0,0,0,0,0,0
중앙선,부산,풍산졸음쉼터,06:00-07:00,5,4,0,0,1,0,0,0,0,0,0,0,0
통영대전선,통영,금산졸음쉼터,07:00-08:00,18,11,0,4,2,1,0,0,0,0,0,0,0
통영대전선,통영,금산졸음쉼터,08:00-09:00,20,13,1,4,1,1,0,0,0,0,0,0,0
통영대전선,통영,금산졸음쉼터,09:00-10:00,20,15,1,4,0,0,0,0,0,0,0,0,0
통영대전선,통영,금산졸음쉼터,10:00-11:00,16,12,0,4,0,0,0,0,0,0,0,0,0
통영대전선,통영,금산졸음쉼터,11:00-12:00,25,16,0,5,3,1,0,0,0,0,0,0,0
통영대전선,통영,금산졸음쉼터,12:00-13:00,27,17,0,6,2,1,1,0,0,0,0,0,0
통영대전선,통영,금산졸음쉼터,13:00-14:00,25,14,0,6,3,2,0,0,0,0,0,0,0
통영대전선,통영,금산졸음쉼터,14:00-15:00,18,11,0,4,3,0,0,0,0,0,0,0,0
통영대전선,통영,금산졸음쉼터,15:00-16:00,26,19,0,5,0,1,0,0,0,0,0,0,1
통영대전선,통영,금산졸음쉼터,16:00-17:00,28,21,0,2,2,2,0,0,0,0,0,1,0
통영대전선,통영,금산졸음쉼터,17:00-18:00,7,5,0,2,0,0,0,0,0,0,0,0,0
통영대전선,통영,금산졸음쉼터,18:00-19:00,8,5,0,0,0,3,0,0,0,0,0,0,0
통영대전선,통영,금산졸음쉼터,19:00-20:00,11,7,0,2,1,1,0,0,0,0,0,0,0
통영대전선,통영,금산졸음쉼터,20:00-21:00,6,3,3,0,0,0,0,0,0,0,0,0,0
통영대전선,통영,금산졸음쉼터,21:00-22:00,4,4,0,0,0,0,0,0,0,0,0,0,0
통영대전선,통영,금산졸음쉼터,22:00-23:00,3,2,1,0,0,0,0,0,0,0,0,0,0
통영대전선,통영,금산졸음쉼터,23:00-24:00,4,3,0,0,1,0,0,0,0,0,0,0,0
통영대전선,통영,금산졸음쉼터,00:00-01:00,3,1,0,2,0,0,0,0,0,0,0,0,0
통영대전선,통영,금산졸음쉼터,01:00-02:00,2,1,0,1,0,0,0,0,0,0,0,0,0
통영대전선,통영,금산졸음쉼터,02:00-03:00,3,2,0,0,0,1,0,0,0,0,0,0,0
통영대전선,통영,금산졸음쉼터,03:00-04:00,2,1,0,1,0,0,0,0,0,0,0,0,0
통영대전선,통영,금산졸음쉼터,04:00-05:00,8,2,0,2,2,2,0,0,0,0,0,0,0
통영대전선,통영,금산졸음쉼터,05:00-06:00,6,3,0,2,1,0,0,0,0,0,0,0,0
통영대전선,통영,금산졸음쉼터,06:00-07:00,12,8,0,4,0,0,0,0,0,0,0,0,0
통영대전선,하남,무주졸음쉼터,07:00-08:00,5,3,0,1,0,1,0,0,0,0,0,0,0
통영대전선,하남,무주졸음쉼터,08:00-09:00,7,5,0,0,1,0,0,0,0,0,1,0,0
통영대전선,하남,무주졸음쉼터,09:00-10:00,15,13,0,2,0,0,0,0,0,0,0,0,0
통영대전선,하남,무주졸음쉼터,10:00-11:00,15,10,0,3,2,0,0,0,0,0,0,0,0
통영대전선,하남,무주졸음쉼터,11:00-12:00,18,15,0,2,1,0,0,0,0,0,0,0,0
통영대전선,하남,무주졸음쉼터,12:00-13:00,24,19,0,3,0,1,0,1,0,0,0,0,0
통영대전선,하남,무주졸음쉼터,13:00-14:00,26,22,0,3,0,1,0,0,0,0,0,0,0
통영대전선,하남,무주졸음쉼터,14:00-15:00,31,27,0,2,0,1,0,1,0,0,0,0,0
통영대전선,하남,무주졸음쉼터,15:00-16:00,22,18,0,4,0,0,0,0,0,0,0,0,0
통영대전선,하남,무주졸음쉼터,16:00-17:00,22,19,0,3,0,0,0,0,0,0,0,0,0
통영대전선,하남,무주졸음쉼터,17:00-18:00,28,23,0,3,1,1,0,0,0,0,0,0,0
통영대전선,하남,무주졸음쉼터,18:00-19:00,14,11,0,2,0,1,0,0,0,0,0,0,0
통영대전선,하남,무주졸음쉼터,19:00-20:00,18,15,0,3,0,0,0,0,0,0,0,0,0
통영대전선,하남,무주졸음쉼터,20:00-21:00,5,3,0,0,0,2,0,0,0,0,0,0,0
통영대전선,하남,무주졸음쉼터,21:00-22:00,8,5,0,1,0,2,0,0,0,0,0,0,0
통영대전선,하남,무주졸음쉼터,22:00-23:00,3,1,0,0,0,2,0,0,0,0,0,0,0
통영대전선,하남,무주졸음쉼터,23:00-24:00,2,2,0,0,0,0,0,0,0,0,0,0,0
통영대전선,하남,무주졸음쉼터,00:00-01:00,4,2,0,0,0,2,0,0,0,0,0,0,0
통영대전선,하남,무주졸음쉼터,01:00-02:00,3,3,0,0,0,0,0,0,0,0,0,0,0
통영대전선,하남,무주졸음쉼터,02:00-03:00,4,2,0,1,0,0,0,1,0,0,0,0,0
통영대전선,하남,무주졸음쉼터,03:00-04:00,3,2,0,0,0,0,0,0,0,0,1,0,0
통영대전선,하남,무주졸음쉼터,04:00-05:00,0,0,0,0,0,0,0,0,0,0,0,0,0
통영대전선,하남,무주졸음쉼터,05:00-06:00,1,1,0,0,0,0,0,0,0,0,0,0,0
통영대전선,하남,무주졸음쉼터,06:00-07:00,4,1,0,0,1,1,0,0,0,0,1,0,0
통영대전선,통영,서하졸음쉼터,07:00-08:00,18,13,0,3,2,0,0,0,0,0,0,0,0
통영대전선,통영,서하졸음쉼터,08:00-09:00,27,15,1,8,2,0,0,1,0,0,0,0,0
통영대전선,통영,서하졸음쉼터,09:00-10:00,30,25,0,2,2,1,0,0,0,0,0,0,0
통영대전선,통영,서하졸음쉼터,10:00-11:00,30,27,0,3,0,0,0,0,0,0,0,0,0
통영대전선,통영,서하졸음쉼터,11:00-12:00,39,30,1,5,2,0,0,1,0,0,0,0,0
통영대전선,통영,서하졸음쉼터,12:00-13:00,23,19,0,4,0,0,0,0,0,0,0,0,0
통영대전선,통영,서하졸음쉼터,13:00-14:00,30,22,0,5,3,0,0,0,0,0,0,0,0
통영대전선,통영,서하졸음쉼터,14:00-15:00,44,36,0,5,0,3,0,0,0,0,0,0,0
통영대전선,통영,서하졸음쉼터,15:00-16:00,35,27,1,4,2,0,0,1,0,0,0,0,0
통영대전선,통영,서하졸음쉼터,16:00-17:00,33,29,0,3,1,0,0,0,0,0,0,0,0
통영대전선,통영,서하졸음쉼터,17:00-18:00,38,33,1,4,0,0,0,0,0,0,0,0,0
통영대전선,통영,서하졸음쉼터,18:00-19:00,16,16,0,0,0,0,0,0,0,0,0,0,0
통영대전선,통영,서하졸음쉼터,19:00-20:00,20,19,0,1,0,0,0,0,0,0,0,0,0
통영대전선,통영,서하졸음쉼터,20:00-21:00,8,8,0,0,0,0,0,0,0,0,0,0,0
통영대전선,통영,서하졸음쉼터,21:00-22:00,13,11,1,1,0,0,0,0,0,0,0,0,0
통영대전선,통영,서하졸음쉼터,22:00-23:00,12,9,0,2,1,0,0,0,0,0,0,0,0
통영대전선,통영,서하졸음쉼터,23:00-24:00,11,9,0,0,2,0,0,0,0,0,0,0,0
통영대전선,통영,서하졸음쉼터,00:00-01:00,4,4,0,0,0,0,0,0,0,0,0,0,0
통영대전선,통영,서하졸음쉼터,01:00-02:00,6,4,0,1,1,0,0,0,0,0,0,0,0
통영대전선,통영,서하졸음쉼터,02:00-03:00,4,1,0,2,1,0,0,0,0,0,0,0,0
통영대전선,통영,서하졸음쉼터,03:00-04:00,4,2,0,0,2,0,0,0,0,0,0,0,0
통영대전선,통영,서하졸음쉼터,04:00-05:00,5,3,0,1,0,0,0,1,0,0,0,0,0
통영대전선,통영,서하졸음쉼터,05:00-06:00,9,3,0,3,2,0,0,1,0,0,0,0,0
통영대전선,통영,서하졸음쉼터,06:00-07:00,11,10,0,1,0,0,0,0,0,0,0,0,0
통영대전선,하남,서하졸음쉼터,07:00-08:00,20,11,0,5,4,0,0,0,0,0,0,0,0
통영대전선,하남,서하졸음쉼터,08:00-09:00,21,16,0,1,2,1,1,0,0,0,0,0,0
통영대전선,하남,서하졸음쉼터,09:00-10:00,30,22,0,2,0,2,4,0,0,0,0,0,0
통영대전선,하남,서하졸음쉼터,10:00-11:00,20,18,0,1,1,0,0,0,0,0,0,0,0
통영대전선,하남,서하졸음쉼터,11:00-12:00,15,12,0,2,0,0,1,0,0,0,0,0,0
통영대전선,하남,서하졸음쉼터,12:00-13:00,18,13,0,2,0,2,1,0,0,0,0,0,0
통영대전선,하남,서하졸음쉼터,13:00-14:00,20,19,0,1,0,0,0,0,0,0,0,0,0
통영대전선,하남,서하졸음쉼터,14:00-15:00,26,21,0,2,0,2,0,1,0,0,0,0,0
통영대전선,하남,서하졸음쉼터,15:00-16:00,22,20,0,1,0,1,0,0,0,0,0,0,0
통영대전선,하남,서하졸음쉼터,16:00-17:00,27,20,0,4,1,1,0,0,0,0,0,0,1
통영대전선,하남,서하졸음쉼터,17:00-18:00,16,14,0,0,1,0,0,0,0,0,0,0,1
통영대전선,하남,서하졸음쉼터,18:00-19:00,15,12,0,1,0,2,0,0,0,0,0,0,0
통영대전선,하남,서하졸음쉼터,19:00-20:00,11,9,0,0,1,1,0,0,0,0,0,0,0
통영대전선,하남,서하졸음쉼터,20:00-21:00,8,5,0,2,0,0,1,0,0,0,0,0,0
통영대전선,하남,서하졸음쉼터,21:00-22:00,13,5,0,2,0,3,0,1,0,0,1,0,1
통영대전선,하남,서하졸음쉼터,22:00-23:00,4,3,0,0,0,0,1,0,0,0,0,0,0
통영대전선,하남,서하졸음쉼터,23:00-24:00,1,1,0,0,0,0,0,0,0,0,0,0,0
통영대전선,하남,서하졸음쉼터,00:00-01:00,5,4,0,0,0,0,0,0,0,0,1,0,0
통영대전선,하남,서하졸음쉼터,01:00-02:00,0,0,0,0,0,0,0,0,0,0,0,0,0
통영대전선,하남,서하졸음쉼터,02:00-03:00,3,2,0,0,0,0,0,0,0,0,1,0,0
통영대전선,하남,서하졸음쉼터,03:00-04:00,5,3,0,1,0,0,0,0,0,0,1,0,0
통영대전선,하남,서하졸음쉼터,04:00-05:00,4,1,0,1,0,0,0,1,0,0,1,0,0
통영대전선,하남,서하졸음쉼터,05:00-06:00,10,4,0,2,1,1,0,0,0,0,0,0,2
통영대전선,하남,서하졸음쉼터,06:00-07:00,5,4,0,0,0,0,0,0,0,0,1,0,0
통영대전선,통영,수동졸음쉼터,07:00-08:00,7,4,0,0,1,1,0,1,0,0,0,0,0
통영대전선,통영,수동졸음쉼터,08:00-09:00,13,10,0,2,0,0,1,0,0,0,0,0,0
통영대전선,통영,수동졸음쉼터,09:00-10:00,12,10,0,0,0,1,1,0,0,0,0,0,0
통영대전선,통영,수동졸음쉼터,10:00-11:00,26,12,0,4,4,4,0,0,0,0,1,0,1
통영대전선,통영,수동졸음쉼터,11:00-12:00,29,15,0,5,1,3,4,1,0,0,0,0,0
통영대전선,통영,수동졸음쉼터,12:00-13:00,19,9,1,2,3,0,2,1,0,0,0,0,1
통영대전선,통영,수동졸음쉼터,13:00-14:00,21,16,0,2,0,2,0,0,0,0,1,0,0
통영대전선,통영,수동졸음쉼터,14:00-15:00,21,11,0,5,2,1,0,1,0,0,0,0,1
통영대전선,통영,수동졸음쉼터,15:00-16:00,30,25,1,4,0,0,0,0,0,0,0,0,0
통영대전선,통영,수동졸음쉼터,16:00-17:00,19,17,0,0,1,1,0,0,0,0,0,0,0
통영대전선,통영,수동졸음쉼터,17:00-18:00,20,14,0,4,1,1,0,0,0,0,0,0,0
통영대전선,통영,수동졸음쉼터,18:00-19:00,5,4,0,0,1,0,0,0,0,0,0,0,0
통영대전선,통영,수동졸음쉼터,19:00-20:00,7,7,0,0,0,0,0,0,0,0,0,0,0
통영대전선,통영,수동졸음쉼터,20:00-21:00,7,3,0,2,0,2,0,0,0,0,0,0,0
통영대전선,통영,수동졸음쉼터,21:00-22:00,6,5,0,1,0,0,0,0,0,0,0,0,0
통영대전선,통영,수동졸음쉼터,22:00-23:00,7,2,1,1,0,1,0,1,0,0,0,0,1
통영대전선,통영,수동졸음쉼터,23:00-24:00,5,4,0,0,0,1,0,0,0,0,0,0,0
통영대전선,통영,수동졸음쉼터,00:00-01:00,5,3,0,0,0,1,0,0,0,0,1,0,0
통영대전선,통영,수동졸음쉼터,01:00-02:00,5,3,0,0,0,2,0,0,0,0,0,0,0
통영대전선,통영,수동졸음쉼터,02:00-03:00,4,2,0,0,1,0,0,1,0,0,0,0,0
통영대전선,통영,수동졸음쉼터,03:00-04:00,3,1,0,0,0,2,0,0,0,0,0,0,0
통영대전선,통영,수동졸음쉼터,04:00-05:00,5,0,0,1,2,0,0,2,0,0,0,0,0
통영대전선,통영,수동졸음쉼터,05:00-06:00,3,1,0,0,0,1,0,0,0,0,1,0,0
통영대전선,통영,수동졸음쉼터,06:00-07:00,5,2,0,0,1,0,0,1,0,0,0,0,1
통영대전선,통영,금서졸음쉼터,07:00-08:00,8,4,0,0,2,2,0,0,0,0,0,0,0
통영대전선,통영,금서졸음쉼터,08:00-09:00,12,7,0,3,1,0,0,1,0,0,0,0,0
통영대전선,통영,금서졸음쉼터,09:00-10:00,8,3,0,2,1,2,0,0,0,0,0,0,0
통영대전선,통영,금서졸음쉼터,10:00-11:00,7,5,0,1,0,1,0,0,0,0,0,0,0
통영대전선,통영,금서졸음쉼터,11:00-12:00,15,12,0,0,0,2,0,0,0,0,1,0,0
통영대전선,통영,금서졸음쉼터,12:00-13:00,20,16,0,2,0,2,0,0,0,0,0,0,0
통영대전선,통영,금서졸음쉼터,13:00-14:00,14,7,0,6,0,0,1,0,0,0,0,0,0
통영대전선,통영,금서졸음쉼터,14:00-15:00,9,6,0,1,0,1,0,0,0,0,1,0,0
통영대전선,통영,금서졸음쉼터,15:00-16:00,12,11,0,0,0,1,0,0,0,0,0,0,0
통영대전선,통영,금서졸음쉼터,16:00-17:00,14,10,0,0,4,0,0,0,0,0,0,0,0
통영대전선,통영,금서졸음쉼터,17:00-18:00,16,15,0,0,0,1,0,0,0,0,0,0,0
통영대전선,통영,금서졸음쉼터,18:00-19:00,17,13,0,2,1,0,0,0,0,0,1,0,0
통영대전선,통영,금서졸음쉼터,19:00-20:00,4,3,0,1,0,0,0,0,0,0,0,0,0
통영대전선,통영,금서졸음쉼터,20:00-21:00,8,8,0,0,0,0,0,0,0,0,0,0,0
통영대전선,통영,금서졸음쉼터,21:00-22:00,8,7,0,1,0,0,0,0,0,0,0,0,0
통영대전선,통영,금서졸음쉼터,22:00-23:00,7,3,0,0,2,1,1,0,0,0,0,0,0
통영대전선,통영,금서졸음쉼터,23:00-24:00,6,4,0,0,1,1,0,0,0,0,0,0,0
통영대전선,통영,금서졸음쉼터,00:00-01:00,3,3,0,0,0,0,0,0,0,0,0,0,0
통영대전선,통영,금서졸음쉼터,01:00-02:00,3,1,0,2,0,0,0,0,0,0,0,0,0
통영대전선,통영,금서졸음쉼터,02:00-03:00,4,3,0,0,0,1,0,0,0,0,0,0,0
통영대전선,통영,금서졸음쉼터,03:00-04:00,4,1,0,0,1,1,1,0,0,0,0,0,0
통영대전선,통영,금서졸음쉼터,04:00-05:00,6,2,0,4,0,0,0,0,0,0,0,0,0
통영대전선,통영,금서졸음쉼터,05:00-06:00,6,3,0,0,0,2,0,0,0,0,1,0,0
통영대전선,통영,금서졸음쉼터,06:00-07:00,2,2,0,0,0,0,0,0,0,0,0,0,0
통영대전선,하남,금서졸음쉼터,07:00-08:00,5,1,1,1,2,0,0,0,0,0,0,0,0
통영대전선,하남,금서졸음쉼터,08:00-09:00,16,13,0,1,0,2,0,0,0,0,0,0,0
통영대전선,하남,금서졸음쉼터,09:00-10:00,13,10,0,2,0,0,0,1,0,0,0,0,0
통영대전선,하남,금서졸음쉼터,10:00-11:00,27,19,0,5,2,0,1,0,0,0,0,0,0
통영대전선,하남,금서졸음쉼터,11:00-12:00,19,11,0,7,0,0,0,1,0,0,0,0,0
통영대전선,하남,금서졸음쉼터,12:00-13:00,24,17,0,6,1,0,0,0,0,0,0,0,0
통영대전선,하남,금서졸음쉼터,13:00-14:00,20,15,0,0,2,1,1,1,0,0,0,0,0
통영대전선,하남,금서졸음쉼터,14:00-15:00,23,17,0,4,1,1,0,0,0,0,0,0,0
통영대전선,하남,금서졸음쉼터,15:00-16:00,15,15,0,0,0,0,0,0,0,0,0,0,0
통영대전선,하남,금서졸음쉼터,16:00-17:00,14,10,0,3,1,0,0,0,0,0,0,0,0
통영대전선,하남,금서졸음쉼터,17:00-18:00,22,13,0,4,1,2,0,2,0,0,0,0,0
통영대전선,하남,금서졸음쉼터,18:00-19:00,11,11,0,0,0,0,0,0,0,0,0,0,0
통영대전선,하남,금서졸음쉼터,19:00-20:00,11,7,0,2,0,0,1,0,0,0,0,0,1
통영대전선,하남,금서졸음쉼터,20:00-21:00,10,7,0,1,0,1,0,0,0,0,0,0,1
통영대전선,하남,금서졸음쉼터,21:00-22:00,7,5,0,0,0,1,1,0,0,0,0,0,0
통영대전선,하남,금서졸음쉼터,22:00-23:00,4,2,0,0,0,1,0,0,0,0,1,0,0
통영대전선,하남,금서졸음쉼터,23:00-24:00,3,3,0,0,0,0,0,0,0,0,0,0,0
통영대전선,하남,금서졸음쉼터,00:00-01:00,7,4,0,2,0,0,0,0,0,0,0,0,1
통영대전선,하남,금서졸음쉼터,01:00-02:00,1,1,0,0,0,0,0,0,0,0,0,0,0
통영대전선,하남,금서졸음쉼터,02:00-03:00,2,1,0,0,0,1,0,0,0,0,0,0,0
통영대전선,하남,금서졸음쉼터,03:00-04:00,3,2,0,0,0,0,0,0,0,0,1,0,0
통영대전선,하남,금서졸음쉼터,04:00-05:00,1,0,0,0,1,0,0,0,0,0,0,0,0
통영대전선,하남,금서졸음쉼터,05:00-06:00,4,2,0,1,0,0,0,0,0,0,1,0,0
통영대전선,하남,금서졸음쉼터,06:00-07:00,10,1,0,2,1,3,1,0,0,0,1,0,1
통영대전선,하남,진주졸음쉼터,07:00-08:00,10,7,0,1,0,2,0,0,0,0,0,0,0
통영대전선,하남,진주졸음쉼터,08:00-09:00,18,16,0,1,1,0,0,0,0,0,0,0,0
통영대전선,하남,진주졸음쉼터,09:00-10:00,24,17,0,2,2,2,0,0,0,0,1,0,0
통영대전선,하남,진주졸음쉼터,10:00-11:00,33,20,1,8,1,2,0,1,0,0,0,0,0
통영대전선,하남,진주졸음쉼터,11:00-12:00,26,20,0,4,2,0,0,0,0,0,0,0,0
통영대전선,하남,진주졸음쉼터,12:00-13:00,15,9,0,3,2,0,1,0,0,0,0,0,0
통영대전선,하남,진주졸음쉼터,13:00-14:00,15,11,0,4,0,0,0,0,0,0,0,0,0
통영대전선,하남,진주졸음쉼터,14:00-15:00,17,14,0,0,2,1,0,0,0,0,0,0,0
통영대전선,하남,진주졸음쉼터,15:00-16:00,26,16,0,7,1,1,1,0,0,0,0,0,0
통영대전선,하남,진주졸음쉼터,16:00-17:00,18,13,0,4,1,0,0,0,0,0,0,0,0
통영대전선,하남,진주졸음쉼터,17:00-18:00,19,15,1,2,0,1,0,0,0,0,0,0,0
통영대전선,하남,진주졸음쉼터,18:00-19:00,14,10,0,2,2,0,0,0,0,0,0,0,0
통영대전선,하남,진주졸음쉼터,19:00-20:00,12,8,0,1,1,2,0,0,0,0,0,0,0
통영대전선,하남,진주졸음쉼터,20:00-21:00,3,2,0,1,0,0,0,0,0,0,0,0,0
통영대전선,하남,진주졸음쉼터,21:00-22:00,1,1,0,0,0,0,0,0,0,0,0,0,0
통영대전선,하남,진주졸음쉼터,22:00-23:00,2,2,0,0,0,0,0,0,0,0,0,0,0
통영대전선,하남,진주졸음쉼터,23:00-24:00,2,1,0,1,0,0,0,0,0,0,0,0,0
통영대전선,하남,진주졸음쉼터,00:00-01:00,4,3,0,1,0,0,0,0,0,0,0,0,0
통영대전선,하남,진주졸음쉼터,01:00-02:00,1,0,0,0,0,0,0,0,0,0,1,0,0
통영대전선,하남,진주졸음쉼터,02:00-03:00,2,1,0,0,0,1,0,0,0,0,0,0,0
통영대전선,하남,진주졸음쉼터,03:00-04:00,1,0,0,0,1,0,0,0,0,0,0,0,0
통영대전선,하남,진주졸음쉼터,04:00-05:00,3,0,0,0,2,1,0,0,0,0,0,0,0
통영대전선,하남,진주졸음쉼터,05:00-06:00,3,2,0,0,0,1,0,0,0,0,0,0,0
통영대전선,하남,진주졸음쉼터,06:00-07:00,9,7,0,1,0,1,0,0,0,0,0,0,0
통영대전선,통영,진주졸음쉼터,07:00-08:00,11,4,0,4,1,0,1,1,0,0,0,0,0
통영대전선,통영,진주졸음쉼터,08:00-09:00,21,15,0,3,1,1,0,1,0,0,0,0,0
통영대전선,통영,진주졸음쉼터,09:00-10:00,21,18,0,3,0,0,0,0,0,0,0,0,0
통영대전선,통영,진주졸음쉼터,10:00-11:00,24,11,0,7,1,2,0,2,0,0,0,0,1
통영대전선,통영,진주졸음쉼터,11:00-12:00,23,17,0,3,0,1,0,1,0,0,0,0,1
통영대전선,통영,진주졸음쉼터,12:00-13:00,36,25,0,2,1,2,1,2,0,0,3,0,0
통영대전선,통영,진주졸음쉼터,13:00-14:00,36,22,0,8,0,4,0,1,0,0,1,0,0
통영대전선,통영,진주졸음쉼터,14:00-15:00,42,31,0,5,4,0,0,1,0,0,0,0,1
통영대전선,통영,진주졸음쉼터,15:00-16:00,39,30,1,4,2,1,0,1,0,0,0,0,0
통영대전선,통영,진주졸음쉼터,16:00-17:00,27,22,0,3,2,0,0,0,0,0,0,0,0
통영대전선,통영,진주졸음쉼터,17:00-18:00,30,21,0,4,2,2,0,0,0,0,1,0,0
통영대전선,통영,진주졸음쉼터,18:00-19:00,17,15,0,0,0,2,0,0,0,0,0,0,0
통영대전선,통영,진주졸음쉼터,19:00-20:00,15,9,0,5,1,0,0,0,0,0,0,0,0
통영대전선,통영,진주졸음쉼터,20:00-21:00,15,12,0,1,2,0,0,0,0,0,0,0,0
통영대전선,통영,진주졸음쉼터,21:00-22:00,6,5,0,0,0,1,0,0,0,0,0,0,0
통영대전선,통영,진주졸음쉼터,22:00-23:00,3,3,0,0,0,0,0,0,0,0,0,0,0
통영대전선,통영,진주졸음쉼터,23:00-24:00,6,3,0,1,0,1,0,1,0,0,0,0,0
통영대전선,통영,진주졸음쉼터,00:00-01:00,4,4,0,0,0,0,0,0,0,0,0,0,0
통영대전선,통영,진주졸음쉼터,01:00-02:00,2,1,0,0,0,1,0,0,0,0,0,0,0
통영대전선,통영,진주졸음쉼터,02:00-03:00,4,2,0,0,0,1,0,1,0,0,0,0,0
통영대전선,통영,진주졸음쉼터,03:00-04:00,5,4,0,1,0,0,0,0,0,0,0,0,0
통영대전선,통영,진주졸음쉼터,04:00-05:00,5,2,0,0,0,0,0,3,0,0,0,0,0
통영대전선,통영,진주졸음쉼터,05:00-06:00,5,1,0,2,0,2,0,0,0,0,0,0,0
통영대전선,통영,진주졸음쉼터,06:00-07:00,16,1,0,5,2,3,0,2,0,0,3,0,0
통영대전선,하남,금곡졸음쉼터,07:00-08:00,2,1,0,1,0,0,0,0,0,0,0,0,0
통영대전선,하남,금곡졸음쉼터,08:00-09:00,9,6,1,1,0,1,0,0,0,0,0,0,0
통영대전선,하남,금곡졸음쉼터,09:00-10:00,16,12,0,2,1,1,0,0,0,0,0,0,0
통영대전선,하남,금곡졸음쉼터,10:00-11:00,11,6,0,5,0,0,0,0,0,0,0,0,0
통영대전선,하남,금곡졸음쉼터,11:00-12:00,12,8,0,1,2,0,0,0,0,0,1,0,0
통영대전선,하남,금곡졸음쉼터,12:00-13:00,16,9,0,2,1,1,0,0,0,0,2,0,1
통영대전선,하남,금곡졸음쉼터,13:00-14:00,8,7,0,0,1,0,0,0,0,0,0,0,0
통영대전선,하남,금곡졸음쉼터,14:00-15:00,12,6,0,4,2,0,0,0,0,0,0,0,0
통영대전선,하남,금곡졸음쉼터,15:00-16:00,14,11,0,1,1,0,0,0,0,0,1,0,0
통영대전선,하남,금곡졸음쉼터,16:00-17:00,12,9,0,2,0,0,0,0,0,0,1,0,0
통영대전선,하남,금곡졸음쉼터,17:00-18:00,15,11,0,4,0,0,0,0,0,0,0,0,0
통영대전선,하남,금곡졸음쉼터,18:00-19:00,10,10,0,0,0,0,0,0,0,0,0,0,0
통영대전선,하남,금곡졸음쉼터,19:00-20:00,7,7,0,0,0,0,0,0,0,0,0,0,0
통영대전선,하남,금곡졸음쉼터,20:00-21:00,2,2,0,0,0,0,0,0,0,0,0,0,0
통영대전선,하남,금곡졸음쉼터,21:00-22:00,2,2,0,0,0,0,0,0,0,0,0,0,0
통영대전선,하남,금곡졸음쉼터,22:00-23:00,3,2,0,1,0,0,0,0,0,0,0,0,0
통영대전선,하남,금곡졸음쉼터,23:00-24:00,4,4,0,0,0,0,0,0,0,0,0,0,0
통영대전선,하남,금곡졸음쉼터,00:00-01:00,0,0,0,0,0,0,0,0,0,0,0,0,0
통영대전선,하남,금곡졸음쉼터,01:00-02:00,0,0,0,0,0,0,0,0,0,0,0,0,0
통영대전선,하남,금곡졸음쉼터,02:00-03:00,4,3,0,0,0,1,0,0,0,0,0,0,0
통영대전선,하남,금곡졸음쉼터,03:00-04:00,0,0,0,0,0,0,0,0,0,0,0,0,0
통영대전선,하남,금곡졸음쉼터,04:00-05:00,0,0,0,0,0,0,0,0,0,0,0,0,0
통영대전선,하남,금곡졸음쉼터,05:00-06:00,1,1,0,0,0,0,0,0,0,0,0,0,0
통영대전선,하남,금곡졸음쉼터,06:00-07:00,1,1,0,0,0,0,0,0,0,0,0,0,0
통영대전선,통영,고성졸음쉼터,07:00-08:00,28,15,0,6,5,0,0,0,0,0,1,0,1
통영대전선,통영,고성졸음쉼터,08:00-09:00,30,21,0,6,2,0,0,0,0,0,1,0,0
통영대전선,통영,고성졸음쉼터,09:00-10:00,48,34,0,8,3,3,0,0,0,0,0,0,0
통영대전선,통영,고성졸음쉼터,10:00-11:00,34,26,0,4,2,1,0,0,0,0,0,0,1
통영대전선,통영,고성졸음쉼터,11:00-12:00,40,31,0,7,2,0,0,0,0,0,0,0,0
통영대전선,통영,고성졸음쉼터,12:00-13:00,36,31,0,4,0,0,0,1,0,0,0,0,0
통영대전선,통영,고성졸음쉼터,13:00-14:00,30,24,0,3,2,1,0,0,0,0,0,0,0
통영대전선,통영,고성졸음쉼터,14:00-15:00,35,30,0,5,0,0,0,0,0,0,0,0,0
통영대전선,통영,고성졸음쉼터,15:00-16:00,41,33,2,6,0,0,0,0,0,0,0,0,0
통영대전선,통영,고성졸음쉼터,16:00-17:00,35,28,1,5,0,1,0,0,0,0,0,0,0
통영대전선,통영,고성졸음쉼터,17:00-18:00,25,23,0,1,1,0,0,0,0,0,0,0,0
통영대전선,통영,고성졸음쉼터,18:00-19:00,20,19,0,1,0,0,0,0,0,0,0,0,0
통영대전선,통영,고성졸음쉼터,19:00-20:00,22,19,0,2,1,0,0,0,0,0,0,0,0
통영대전선,통영,고성졸음쉼터,20:00-21:00,13,11,1,1,0,0,0,0,0,0,0,0,0
통영대전선,통영,고성졸음쉼터,21:00-22:00,14,13,0,0,1,0,0,0,0,0,0,0,0
통영대전선,통영,고성졸음쉼터,22:00-23:00,9,9,0,0,0,0,0,0,0,0,0,0,0
통영대전선,통영,고성졸음쉼터,23:00-24:00,7,6,0,0,0,0,0,1,0,0,0,0,0
통영대전선,통영,고성졸음쉼터,00:00-01:00,9,8,0,0,1,0,0,0,0,0,0,0,0
통영대전선,통영,고성졸음쉼터,01:00-02:00,1,1,0,0,0,0,0,0,0,0,0,0,0
통영대전선,통영,고성졸음쉼터,02:00-03:00,4,2,0,0,0,0,0,1,0,0,0,0,1
통영대전선,통영,고성졸음쉼터,03:00-04:00,6,4,0,1,1,0,0,0,0,0,0,0,0
통영대전선,통영,고성졸음쉼터,04:00-05:00,8,5,0,1,2,0,0,0,0,0,0,0,0
통영대전선,통영,고성졸음쉼터,05:00-06:00,11,6,0,2,1,1,1,0,0,0,0,0,0
통영대전선,통영,고성졸음쉼터,06:00-07:00,16,5,0,6,4,0,0,0,0,0,1,0,0
통영대전선,하남,고성졸음쉼터,07:00-08:00,24,15,0,4,3,1,1,0,0,0,0,0,0
통영대전선,하남,고성졸음쉼터,08:00-09:00,29,22,0,1,1,3,0,0,0,0,2,0,0
통영대전선,하남,고성졸음쉼터,09:00-10:00,36,19,3,5,2,1,3,2,0,0,0,0,1
통영대전선,하남,고성졸음쉼터,10:00-11:00,29,21,0,4,1,1,0,1,0,0,1,0,0
통영대전선,하남,고성졸음쉼터,11:00-12:00,30,21,0,4,4,1,0,0,0,0,0,0,0
통영대전선,하남,고성졸음쉼터,12:00-13:00,49,36,0,8,2,0,2,1,0,0,0,0,0
통영대전선,하남,고성졸음쉼터,13:00-14:00,38,25,0,10,3,0,0,0,0,0,0,0,0
통영대전선,하남,고성졸음쉼터,14:00-15:00,41,31,0,4,2,2,0,0,0,0,1,1,0
통영대전선,하남,고성졸음쉼터,15:00-16:00,48,33,0,11,3,1,0,0,0,0,0,0,0
통영대전선,하남,고성졸음쉼터,16:00-17:00,34,29,0,4,0,0,1,0,0,0,0,0,0
통영대전선,하남,고성졸음쉼터,17:00-18:00,38,31,0,6,1,0,0,0,0,0,0,0,0
통영대전선,하남,고성졸음쉼터,18:00-19:00,18,15,0,3,0,0,0,0,0,0,0,0,0
통영대전선,하남,고성졸음쉼터,19:00-20:00,13,11,0,2,0,0,0,0,0,0,0,0,0
통영대전선,하남,고성졸음쉼터,20:00-21:00,20,17,0,1,1,0,1,0,0,0,0,0,0
통영대전선,하남,고성졸음쉼터,21:00-22:00,5,4,0,1,0,0,0,0,0,0,0,0,0
통영대전선,하남,고성졸음쉼터,22:00-23:00,7,5,0,2,0,0,0,0,0,0,0,0,0
통영대전선,하남,고성졸음쉼터,23:00-24:00,5,3,0,0,1,0,0,1,0,0,0,0,0
통영대전선,하남,고성졸음쉼터,00:00-01:00,5,4,0,0,0,0,1,0,0,0,0,0,0
통영대전선,하남,고성졸음쉼터,01:00-02:00,4,4,0,0,0,0,0,0,0,0,0,0,0
통영대전선,하남,고성졸음쉼터,02:00-03:00,4,4,0,0,0,0,0,0,0,0,0,0,0
통영대전선,하남,고성졸음쉼터,03:00-04:00,4,3,0,1,0,0,0,0,0,0,0,0,0
통영대전선,하남,고성졸음쉼터,04:00-05:00,3,3,0,0,0,0,0,0,0,0,0,0,0
통영대전선,하남,고성졸음쉼터,05:00-06:00,7,4,0,3,0,0,0,0,0,0,0,0,0
통영대전선,하남,고성졸음쉼터,06:00-07:00,11,7,0,1,1,0,2,0,0,0,0,0,0
평택제천선,평택,금성졸음쉼터,07:00-08:00,11,6,0,2,0,0,0,0,0,0,3,0,0
평택제천선,평택,금성졸음쉼터,08:00-09:00,11,1,0,5,1,0,2,1,0,0,1,0,0
평택제천선,평택,금성졸음쉼터,09:00-10:00,13,6,0,5,1,1,0,0,0,0,0,0,0
평택제천선,평택,금성졸음쉼터,10:00-11:00,19,13,1,1,1,2,0,1,0,0,0,0,0
평택제천선,평택,금성졸음쉼터,11:00-12:00,16,5,0,6,0,3,0,0,0,0,2,0,0
평택제천선,평택,금성졸음쉼터,12:00-13:00,15,8,0,4,0,1,1,0,0,0,1,0,0
평택제천선,평택,금성졸음쉼터,13:00-14:00,19,17,0,0,0,1,0,1,0,0,0,0,0
평택제천선,평택,금성졸음쉼터,14:00-15:00,22,16,0,2,2,1,0,0,0,0,1,0,0
평택제천선,평택,금성졸음쉼터,15:00-16:00,22,15,0,5,1,0,0,0,0,0,1,0,0
평택제천선,평택,금성졸음쉼터,16:00-17:00,19,13,0,1,0,3,1,0,0,0,1,0,0
평택제천선,평택,금성졸음쉼터,17:00-18:00,16,13,0,2,0,0,0,0,0,0,1,0,0
평택제천선,평택,금성졸음쉼터,18:00-19:00,15,10,1,1,0,1,0,1,0,0,1,0,0
평택제천선,평택,금성졸음쉼터,19:00-20:00,8,6,0,1,0,0,0,0,0,0,1,0,0
평택제천선,평택,금성졸음쉼터,20:00-21:00,5,2,0,1,0,1,0,1,0,0,0,0,0
평택제천선,평택,금성졸음쉼터,21:00-22:00,4,3,0,0,0,1,0,0,0,0,0,0,0
평택제천선,평택,금성졸음쉼터,22:00-23:00,5,3,0,0,0,0,0,0,0,0,2,0,0
평택제천선,평택,금성졸음쉼터,23:00-24:00,2,1,0,0,0,0,0,0,0,0,1,0,0
평택제천선,평택,금성졸음쉼터,00:00-01:00,1,1,0,0,0,0,0,0,0,0,0,0,0
평택제천선,평택,금성졸음쉼터,01:00-02:00,3,2,0,0,0,0,0,1,0,0,0,0,0
평택제천선,평택,금성졸음쉼터,02:00-03:00,0,0,0,0,0,0,0,0,0,0,0,0,0
평택제천선,평택,금성졸음쉼터,03:00-04:00,4,1,0,0,0,0,1,0,0,0,2,0,0
평택제천선,평택,금성졸음쉼터,04:00-05:00,5,4,0,0,0,0,1,0,0,0,0,0,0
평택제천선,평택,금성졸음쉼터,05:00-06:00,6,0,0,1,1,1,0,0,0,0,3,0,0
평택제천선,평택,금성졸음쉼터,06:00-07:00,5,3,0,0,0,0,0,0,0,0,2,0,0
평택제천선,제천,광혜원졸음쉼터,07:00-08:00,24,19,0,1,2,1,0,0,0,0,1,0,0
평택제천선,제천,광혜원졸음쉼터,08:00-09:00,31,19,0,3,2,5,1,0,0,0,1,0,0
평택제천선,제천,광혜원졸음쉼터,09:00-10:00,34,17,0,10,3,1,1,0,0,0,1,1,0
평택제천선,제천,광혜원졸음쉼터,10:00-11:00,42,28,0,7,0,3,1,2,0,0,0,0,1
평택제천선,제천,광혜원졸음쉼터,11:00-12:00,34,17,0,8,6,2,0,1,0,0,0,0,0
평택제천선,제천,광혜원졸음쉼터,12:00-13:00,36,23,0,8,1,2,1,0,0,0,1,0,0
평택제천선,제천,광혜원졸음쉼터,13:00-14:00,52,34,0,11,2,3,0,1,0,0,1,0,0
평택제천선,제천,광혜원졸음쉼터,14:00-15:00,36,21,0,7,3,3,0,1,0,0,0,0,1
평택제천선,제천,광혜원졸음쉼터,15:00-16:00,30,18,0,5,4,2,0,1,0,0,0,0,0
평택제천선,제천,광혜원졸음쉼터,16:00-17:00,22,12,0,7,2,1,0,0,0,0,0,0,0
평택제천선,제천,광혜원졸음쉼터,17:00-18:00,22,12,0,4,2,1,1,0,0,0,2,0,0
평택제천선,제천,광혜원졸음쉼터,18:00-19:00,13,7,0,2,2,0,1,1,0,0,0,0,0
평택제천선,제천,광혜원졸음쉼터,19:00-20:00,17,11,0,4,0,1,0,1,0,0,0,0,0
평택제천선,제천,광혜원졸음쉼터,20:00-21:00,2,2,0,0,0,0,0,0,0,0,0,0,0
평택제천선,제천,광혜원졸음쉼터,21:00-22:00,10,7,0,1,0,2,0,0,0,0,0,0,0
평택제천선,제천,광혜원졸음쉼터,22:00-23:00,4,2,0,1,0,1,0,0,0,0,0,0,0
평택제천선,제천,광혜원졸음쉼터,23:00-24:00,4,1,0,0,0,2,0,0,0,0,1,0,0
평택제천선,제천,광혜원졸음쉼터,00:00-01:00,1,0,0,0,0,0,0,1,0,0,0,0,0
평택제천선,제천,광혜원졸음쉼터,01:00-02:00,6,4,0,0,1,1,0,0,0,0,0,0,0
평택제천선,제천,광혜원졸음쉼터,02:00-03:00,2,1,0,0,0,0,0,0,0,0,1,0,0
평택제천선,제천,광혜원졸음쉼터,03:00-04:00,4,0,0,0,0,2,0,1,0,0,1,0,0
평택제천선,제천,광혜원졸음쉼터,04:00-05:00,8,3,0,3,1,0,0,1,0,0,0,0,0
평택제천선,제천,광혜원졸음쉼터,05:00-06:00,7,2,0,1,1,2,1,0,0,0,0,0,0
평택제천선,제천,광혜원졸음쉼터,06:00-07:00,17,11,0,3,2,0,0,0,0,0,1,0,0
호남선,순천,삼례졸음쉼터,07:00-08:00,23,12,0,8,1,1,0,0,0,0,0,1,0
호남선,순천,삼례졸음쉼터,08:00-09:00,25,21,0,3,0,0,0,1,0,0,0,0,0
호남선,순천,삼례졸음쉼터,09:00-10:00,36,30,0,4,2,0,0,0,0,0,0,0,0
호남선,순천,삼례졸음쉼터,10:00-11:00,35,28,0,7,0,0,0,0,0,0,0,0,0
호남선,순천,삼례졸음쉼터,11:00-12:00,34,29,0,5,0,0,0,0,0,0,0,0,0
호남선,순천,삼례졸음쉼터,12:00-13:00,39,31,0,3,0,3,0,0,0,0,0,1,1
호남선,순천,삼례졸음쉼터,13:00-14:00,29,22,0,6,0,1,0,0,0,0,0,0,0
호남선,순천,삼례졸음쉼터,14:00-15:00,38,25,0,6,2,2,1,1,0,0,0,1,0
호남선,순천,삼례졸음쉼터,15:00-16:00,59,50,0,8,1,0,0,0,0,0,0,0,0
호남선,순천,삼례졸음쉼터,16:00-17:00,47,40,0,6,0,0,0,1,0,0,0,0,0
호남선,순천,삼례졸음쉼터,17:00-18:00,37,36,0,1,0,0,0,0,0,0,0,0,0
호남선,순천,삼례졸음쉼터,18:00-19:00,31,27,0,2,0,2,0,0,0,0,0,0,0
호남선,순천,삼례졸음쉼터,19:00-20:00,22,16,0,4,1,0,0,0,0,0,0,1,0
호남선,순천,삼례졸음쉼터,20:00-21:00,27,24,0,2,0,1,0,0,0,0,0,0,0
호남선,순천,삼례졸음쉼터,21:00-22:00,15,11,0,2,0,2,0,0,0,0,0,0,0
호남선,순천,삼례졸음쉼터,22:00-23:00,16,12,0,2,0,1,1,0,0,0,0,0,0
호남선,순천,삼례졸음쉼터,23:00-24:00,5,3,0,2,0,0,0,0,0,0,0,0,0
호남선,순천,삼례졸음쉼터,00:00-01:00,9,6,0,2,0,0,0,0,0,0,0,1,0
호남선,순천,삼례졸음쉼터,01:00-02:00,4,3,0,0,0,0,0,0,0,0,1,0,0
호남선,순천,삼례졸음쉼터,02:00-03:00,6,3,0,1,0,1,1,0,0,0,0,0,0
호남선,순천,삼례졸음쉼터,03:00-04:00,3,2,0,1,0,0,0,0,0,0,0,0,0
호남선,순천,삼례졸음쉼터,04:00-05:00,6,1,0,2,0,1,1,0,0,0,1,0,0
호남선,순천,삼례졸음쉼터,05:00-06:00,6,1,0,0,0,3,1,0,0,0,1,0,0
호남선,순천,삼례졸음쉼터,06:00-07:00,21,12,0,5,2,1,0,0,0,0,0,1,0
호남선,천안,전주졸음쉼터,07:00-08:00,10,6,0,4,0,0,0,0,0,0,0,0,0
호남선,천안,전주졸음쉼터,08:00-09:00,12,8,0,3,0,1,0,0,0,0,0,0,0
호남선,천안,전주졸음쉼터,09:00-10:00,21,15,0,5,0,0,1,0,0,0,0,0,0
호남선,천안,전주졸음쉼터,10:00-11:00,38,28,1,5,0,2,0,1,0,0,1,0,0
호남선,천안,전주졸음쉼터,11:00-12:00,24,13,0,7,3,0,1,0,0,0,0,0,0
호남선,천안,전주졸음쉼터,12:00-13:00,19,16,0,1,1,0,1,0,0,0,0,0,0
호남선,천안,전주졸음쉼터,13:00-14:00,33,25,0,5,0,1,2,0,0,0,0,0,0
호남선,천안,전주졸음쉼터,14:00-15:00,26,21,0,5,0,0,0,0,0,0,0,0,0
호남선,천안,전주졸음쉼터,15:00-16:00,26,22,0,3,0,1,0,0,0,0,0,0,0
호남선,천안,전주졸음쉼터,16:00-17:00,22,15,1,4,2,0,0,0,0,0,0,0,0
호남선,천안,전주졸음쉼터,17:00-18:00,23,18,0,3,1,1,0,0,0,0,0,0,0
호남선,천안,전주졸음쉼터,18:00-19:00,16,11,0,4,0,1,0,0,0,0,0,0,0
호남선,천안,전주졸음쉼터,19:00-20:00,7,5,0,0,1,0,0,0,0,0,1,0,0
호남선,천안,전주졸음쉼터,20:00-21:00,2,2,0,0,0,0,0,0,0,0,0,0,0
호남선,천안,전주졸음쉼터,21:00-22:00,7,5,0,1,0,1,0,0,0,0,0,0,0
호남선,천안,전주졸음쉼터,22:00-23:00,4,2,0,1,0,1,0,0,0,0,0,0,0
호남선,천안,전주졸음쉼터,23:00-24:00,1,1,0,0,0,0,0,0,0,0,0,0,0
호남선,천안,전주졸음쉼터,00:00-01:00,2,1,0,0,1,0,0,0,0,0,0,0,0
호남선,천안,전주졸음쉼터,01:00-02:00,2,1,0,0,0,1,0,0,0,0,0,0,0
호남선,천안,전주졸음쉼터,02:00-03:00,5,1,0,2,0,0,1,0,0,0,1,0,0
호남선,천안,전주졸음쉼터,03:00-04:00,2,1,0,0,1,0,0,0,0,0,0,0,0
호남선,천안,전주졸음쉼터,04:00-05:00,3,1,0,0,0,2,0,0,0,0,0,0,0
호남선,천안,전주졸음쉼터,05:00-06:00,5,3,0,2,0,0,0,0,0,0,0,0,0
호남선,천안,전주졸음쉼터,06:00-07:00,5,4,0,1,0,0,0,0,0,0,0,0,0
호남선,순천,내장산졸음쉼터,07:00-08:00,12,8,0,3,0,0,1,0,0,0,0,0,0
호남선,순천,내장산졸음쉼터,08:00-09:00,21,14,0,5,0,2,0,0,0,0,0,0,0
호남선,순천,내장산졸음쉼터,09:00-10:00,28,21,0,4,3,0,0,0,0,0,0,0,0
호남선,순천,내장산졸음쉼터,10:00-11:00,26,20,0,5,0,0,0,1,0,0,0,0,0
호남선,순천,내장산졸음쉼터,11:00-12:00,24,17,0,6,1,0,0,0,0,0,0,0,0
호남선,순천,내장산졸음쉼터,12:00-13:00,31,22,0,9,0,0,0,0,0,0,0,0,0
호남선,순천,내장산졸음쉼터,13:00-14:00,26,17,0,8,1,0,0,0,0,0,0,0,0
호남선,순천,내장산졸음쉼터,14:00-15:00,29,25,0,3,1,0,0,0,0,0,0,0,0
호남선,순천,내장산졸음쉼터,15:00-16:00,36,23,0,13,0,0,0,0,0,0,0,0,0
호남선,순천,내장산졸음쉼터,16:00-17:00,33,29,0,4,0,0,0,0,0,0,0,0,0
호남선,순천,내장산졸음쉼터,17:00-18:00,29,22,0,6,0,1,0,0,0,0,0,0,0
호남선,순천,내장산졸음쉼터,18:00-19:00,20,16,0,2,1,1,0,0,0,0,0,0,0
호남선,순천,내장산졸음쉼터,19:00-20:00,11,9,0,2,0,0,0,0,0,0,0,0,0
호남선,순천,내장산졸음쉼터,20:00-21:00,11,10,0,1,0,0,0,0,0,0,0,0,0
호남선,순천,내장산졸음쉼터,21:00-22:00,13,10,0,2,0,0,0,1,0,0,0,0,0
호남선,순천,내장산졸음쉼터,22:00-23:00,6,5,1,0,0,0,0,0,0,0,0,0,0
호남선,순천,내장산졸음쉼터,23:00-24:00,6,5,0,1,0,0,0,0,0,0,0,0,0
호남선,순천,내장산졸음쉼터,00:00-01:00,6,4,0,0,1,1,0,0,0,0,0,0,0
호남선,순천,내장산졸음쉼터,01:00-02:00,1,1,0,0,0,0,0,0,0,0,0,0,0
호남선,순천,내장산졸음쉼터,02:00-03:00,2,1,0,0,0,1,0,0,0,0,0,0,0
호남선,순천,내장산졸음쉼터,03:00-04:00,3,3,0,0,0,0,0,0,0,0,0,0,0
호남선,순천,내장산졸음쉼터,04:00-05:00,4,1,0,1,0,1,1,0,0,0,0,0,0
호남선,순천,내장산졸음쉼터,05:00-06:00,8,4,0,2,0,1,0,0,0,0,1,0,0
호남선,순천,내장산졸음쉼터,06:00-07:00,10,3,0,2,3,1,1,0,0,0,0,0,0
호남선,천안,내장산졸음쉼터,07:00-08:00,21,10,0,8,2,1,0,0,0,0,0,0,0
호남선,천안,내장산졸음쉼터,08:00-09:00,22,17,0,2,0,1,0,1,0,0,1,0,0
호남선,천안,내장산졸음쉼터,09:00-10:00,31,24,0,2,2,3,0,0,0,0,0,0,0
호남선,천안,내장산졸음쉼터,10:00-11:00,27,19,0,5,1,1,0,1,0,0,0,0,0
호남선,천안,내장산졸음쉼터,11:00-12:00,45,36,0,6,2,1,0,0,0,0,0,0,0
호남선,천안,내장산졸음쉼터,12:00-13:00,34,22,0,8,3,0,1,0,0,0,0,0,0
호남선,천안,내장산졸음쉼터,13:00-14:00,28,22,0,2,1,1,0,2,0,0,0,0,0
호남선,천안,내장산졸음쉼터,14:00-15:00,40,25,0,12,2,0,1,0,0,0,0,0,0
호남선,천안,내장산졸음쉼터,15:00-16:00,34,26,0,5,1,2,0,0,0,0,0,0,0
호남선,천안,내장산졸음쉼터,16:00-17:00,41,33,0,5,2,1,0,0,0,0,0,0,0
호남선,천안,내장산졸음쉼터,17:00-18:00,25,22,0,1,0,1,1,0,0,0,0,0,0
호남선,천안,내장산졸음쉼터,18:00-19:00,13,12,0,0,0,0,1,0,0,0,0,0,0
호남선,천안,내장산졸음쉼터,19:00-20:00,10,8,0,1,0,1,0,0,0,0,0,0,0
호남선,천안,내장산졸음쉼터,20:00-21:00,10,8,0,0,1,0,0,1,0,0,0,0,0
호남선,천안,내장산졸음쉼터,21:00-22:00,8,6,0,0,1,0,1,0,0,0,0,0,0
호남선,천안,내장산졸음쉼터,22:00-23:00,8,7,0,0,0,1,0,0,0,0,0,0,0
호남선,천안,내장산졸음쉼터,23:00-24:00,3,2,0,1,0,0,0,0,0,0,0,0,0
호남선,천안,내장산졸음쉼터,00:00-01:00,6,3,0,0,0,2,1,0,0,0,0,0,0
호남선,천안,내장산졸음쉼터,01:00-02:00,5,3,0,0,1,0,1,0,0,0,0,0,0
호남선,천안,내장산졸음쉼터,02:00-03:00,2,0,0,1,1,0,0,0,0,0,0,0,0
호남선,천안,내장산졸음쉼터,03:00-04:00,3,3,0,0,0,0,0,0,0,0,0,0,0
호남선,천안,내장산졸음쉼터,04:00-05:00,4,4,0,0,0,0,0,0,0,0,0,0,0
호남선,천안,내장산졸음쉼터,05:00-06:00,4,1,0,1,1,0,0,1,0,0,0,0,0
호남선,천안,내장산졸음쉼터,06:00-07:00,7,4,0,0,2,0,0,1,0,0,0,0,0
호남선,순천,장성졸음쉼터,07:00-08:00,12,12,0,6,4,0,0,0,0,0,0,0,0
호남선,순천,장성졸음쉼터,08:00-09:00,9,9,0,4,2,1,0,0,0,0,0,0,0
호남선,순천,장성졸음쉼터,09:00-10:00,25,25,0,10,2,1,0,0,0,0,0,0,0
호남선,순천,장성졸음쉼터,10:00-11:00,16,16,0,7,1,1,0,0,0,0,0,0,0
호남선,순천,장성졸음쉼터,11:00-12:00,27,27,0,7,0,0,0,1,0,0,0,0,0
호남선,순천,장성졸음쉼터,12:00-13:00,22,22,0,6,0,0,0,0,0,0,0,0,0
호남선,순천,장성졸음쉼터,13:00-14:00,24,24,0,7,1,1,0,0,0,0,0,0,0
호남선,순천,장성졸음쉼터,14:00-15:00,24,24,0,8,1,1,0,0,0,0,0,0,0
호남선,순천,장성졸음쉼터,15:00-16:00,39,39,0,9,2,1,0,1,0,0,0,0,0
호남선,순천,장성졸음쉼터,16:00-17:00,36,36,0,4,1,0,0,0,0,0,0,0,0
호남선,순천,장성졸음쉼터,17:00-18:00,30,30,0,4,1,1,0,0,0,0,0,0,0
호남선,순천,장성졸음쉼터,18:00-19:00,25,25,0,4,1,1,0,0,0,0,0,0,0
호남선,순천,장성졸음쉼터,19:00-20:00,19,19,0,0,0,0,0,0,0,0,0,0,0
호남선,순천,장성졸음쉼터,20:00-21:00,13,13,0,0,2,1,0,0,0,0,0,0,0
호남선,순천,장성졸음쉼터,21:00-22:00,7,7,0,2,0,1,0,0,0,0,1,0,0
호남선,순천,장성졸음쉼터,22:00-23:00,10,10,0,1,1,1,0,2,0,0,0,0,0
호남선,순천,장성졸음쉼터,23:00-24:00,10,10,0,0,1,0,0,0,0,0,0,0,0
호남선,순천,장성졸음쉼터,00:00-01:00,5,5,0,1,0,0,0,0,0,0,0,0,0
호남선,순천,장성졸음쉼터,01:00-02:00,2,2,0,1,1,0,0,0,0,0,0,0,0
호남선,순천,장성졸음쉼터,02:00-03:00,2,2,0,0,1,0,0,1,0,0,0,0,0
호남선,순천,장성졸음쉼터,03:00-04:00,0,0,0,1,2,0,1,0,0,0,0,0,0
호남선,순천,장성졸음쉼터,04:00-05:00,1,1,0,0,0,1,1,3,0,0,0,0,0
호남선,순천,장성졸음쉼터,05:00-06:00,5,5,0,2,4,4,0,1,0,0,0,0,0
호남선,순천,장성졸음쉼터,06:00-07:00,4,4,0,3,1,0,0,0,0,0,0,0,0
호남선,천안,동광주졸음쉼터,07:00-08:00,8,3,0,1,1,2,1,0,0,0,0,0,0
호남선,천안,동광주졸음쉼터,08:00-09:00,6,6,0,0,0,0,0,0,0,0,0,0,0
호남선,천안,동광주졸음쉼터,09:00-10:00,9,5,0,2,1,1,0,0,0,0,0,0,0
호남선,천안,동광주졸음쉼터,10:00-11:00,6,3,1,0,0,1,0,0,0,0,1,0,0
호남선,천안,동광주졸음쉼터,11:00-12:00,13,4,0,3,3,2,1,0,0,0,0,0,0
호남선,천안,동광주졸음쉼터,12:00-13:00,10,3,2,3,0,0,1,0,0,0,1,0,0
호남선,천안,동광주졸음쉼터,13:00-14:00,17,13,0,2,0,1,0,0,0,0,1,0,0
호남선,천안,동광주졸음쉼터,14:00-15:00,4,3,0,0,0,1,0,0,0,0,0,0,0
호남선,천안,동광주졸음쉼터,15:00-16:00,12,9,0,2,0,0,1,0,0,0,0,0,0
호남선,천안,동광주졸음쉼터,16:00-17:00,5,3,0,2,0,0,0,0,0,0,0,0,0
호남선,천안,동광주졸음쉼터,17:00-18:00,14,10,0,3,0,1,0,0,0,0,0,0,0
호남선,천안,동광주졸음쉼터,18:00-19:00,18,13,0,3,1,1,0,0,0,0,0,0,0
호남선,천안,동광주졸음쉼터,19:00-20:00,12,9,0,2,1,0,0,0,0,0,0,0,0
호남선,천안,동광주졸음쉼터,20:00-21:00,7,5,0,0,1,0,1,0,0,0,0,0,0
호남선,천안,동광주졸음쉼터,21:00-22:00,3,2,0,1,0,0,0,0,0,0,0,0,0
호남선,천안,동광주졸음쉼터,22:00-23:00,4,4,0,0,0,0,0,0,0,0,0,0,0
호남선,천안,동광주졸음쉼터,23:00-24:00,3,0,0,0,0,0,0,1,0,0,2,0,0
호남선,천안,동광주졸음쉼터,00:00-01:00,1,0,0,0,1,0,0,0,0,0,0,0,0
호남선,천안,동광주졸음쉼터,01:00-02:00,0,0,0,0,0,0,0,0,0,0,0,0,0
호남선,천안,동광주졸음쉼터,02:00-03:00,4,0,0,1,1,1,1,0,0,0,0,0,0
호남선,천안,동광주졸음쉼터,03:00-04:00,0,0,0,0,0,0,0,0,0,0,0,0,0
호남선,천안,동광주졸음쉼터,04:00-05:00,5,2,0,0,0,1,1,0,0,0,1,0,0
호남선,천안,동광주졸음쉼터,05:00-06:00,1,0,0,0,0,0,0,0,0,0,1,0,0
호남선,천안,동광주졸음쉼터,06:00-07:00,5,1,0,0,0,1,0,2,0,0,1,0,0
호남선,순천,대덕졸음쉼터,07:00-08:00,16,12,0,4,0,0,0,0,0,0,0,0,0
호남선,순천,대덕졸음쉼터,08:00-09:00,15,13,0,1,0,1,0,0,0,0,0,0,0
호남선,순천,대덕졸음쉼터,09:00-10:00,24,18,0,3,1,0,1,0,0,0,1,0,0
호남선,순천,대덕졸음쉼터,10:00-11:00,24,18,1,5,0,0,0,0,0,0,0,0,0
호남선,순천,대덕졸음쉼터,11:00-12:00,22,16,0,2,3,1,0,0,0,0,0,0,0
호남선,순천,대덕졸음쉼터,12:00-13:00,18,14,0,3,0,1,0,0,0,0,0,0,0
호남선,순천,대덕졸음쉼터,13:00-14:00,22,15,0,7,0,0,0,0,0,0,0,0,0
호남선,순천,대덕졸음쉼터,14:00-15:00,18,17,0,1,0,0,0,0,0,0,0,0,0
호남선,순천,대덕졸음쉼터,15:00-16:00,18,14,1,1,0,1,0,0,0,0,1,0,0
호남선,순천,대덕졸음쉼터,16:00-17:00,22,21,0,1,0,0,0,0,0,0,0,0,0
호남선,순천,대덕졸음쉼터,17:00-18:00,14,12,0,2,0,0,0,0,0,0,0,0,0
호남선,순천,대덕졸음쉼터,18:00-19:00,10,9,0,1,0,0,0,0,0,0,0,0,0
호남선,순천,대덕졸음쉼터,19:00-20:00,6,6,0,0,0,0,0,0,0,0,0,0,0
호남선,순천,대덕졸음쉼터,20:00-21:00,6,6,0,0,0,0,0,0,0,0,0,0,0
호남선,순천,대덕졸음쉼터,21:00-22:00,6,5,0,1,0,0,0,0,0,0,0,0,0
호남선,순천,대덕졸음쉼터,22:00-23:00,5,5,0,0,0,0,0,0,0,0,0,0,0
호남선,순천,대덕졸음쉼터,23:00-24:00,0,0,0,0,0,0,0,0,0,0,0,0,0
호남선,순천,대덕졸음쉼터,00:00-01:00,4,3,0,1,0,0,0,0,0,0,0,0,0
호남선,순천,대덕졸음쉼터,01:00-02:00,1,0,0,0,1,0,0,0,0,0,0,0,0
호남선,순천,대덕졸음쉼터,02:00-03:00,4,3,0,0,1,0,0,0,0,0,0,0,0
호남선,순천,대덕졸음쉼터,03:00-04:00,2,2,0,0,0,0,0,0,0,0,0,0,0
호남선,순천,대덕졸음쉼터,04:00-05:00,2,1,0,0,0,1,0,0,0,0,0,0,0
호남선,순천,대덕졸음쉼터,05:00-06:00,2,1,0,0,0,1,0,0,0,0,0,0,0
호남선,순천,대덕졸음쉼터,06:00-07:00,11,9,0,1,1,0,0,0,0,0,0,0,0
호남선,천안,주암졸음쉼터,07:00-08:00,14,9,0,3,0,1,0,0,0,0,1,0,0
호남선,천안,주암졸음쉼터,08:00-09:00,22,18,1,3,0,0,0,0,0,0,0,0,0
호남선,천안,주암졸음쉼터,09:00-10:00,21,13,0,7,0,1,0,0,0,0,0,0,0
호남선,천안,주암졸음쉼터,10:00-11:00,14,11,0,2,1,0,0,0,0,0,0,0,0
호남선,천안,주암졸음쉼터,11:00-12:00,21,18,0,2,1,0,0,0,0,0,0,0,0
호남선,천안,주암졸음쉼터,12:00-13:00,24,14,0,7,2,0,1,0,0,0,0,0,0
호남선,천안,주암졸음쉼터,13:00-14:00,34,26,0,6,0,1,1,0,0,0,0,0,0
호남선,천안,주암졸음쉼터,14:00-15:00,27,24,0,2,1,0,0,0,0,0,0,0,0
호남선,천안,주암졸음쉼터,15:00-16:00,26,20,0,3,3,0,0,0,0,0,0,0,0
호남선,천안,주암졸음쉼터,16:00-17:00,28,27,0,1,0,0,0,0,0,0,0,0,0
호남선,천안,주암졸음쉼터,17:00-18:00,17,14,0,3,0,0,0,0,0,0,0,0,0
호남선,천안,주암졸음쉼터,18:00-19:00,16,14,0,2,0,0,0,0,0,0,0,0,0
호남선,천안,주암졸음쉼터,19:00-20:00,17,17,0,0,0,0,0,0,0,0,0,0,0
호남선,천안,주암졸음쉼터,20:00-21:00,8,6,0,0,0,0,2,0,0,0,0,0,0
호남선,천안,주암졸음쉼터,21:00-22:00,3,3,0,0,0,0,0,0,0,0,0,0,0
호남선,천안,주암졸음쉼터,22:00-23:00,9,5,0,0,2,2,0,0,0,0,0,0,0
호남선,천안,주암졸음쉼터,23:00-24:00,2,1,0,1,0,0,0,0,0,0,0,0,0
호남선,천안,주암졸음쉼터,00:00-01:00,2,1,0,1,0,0,0,0,0,0,0,0,0
호남선,천안,주암졸음쉼터,01:00-02:00,0,0,0,0,0,0,0,0,0,0,0,0,0
호남선,천안,주암졸음쉼터,02:00-03:00,2,2,0,0,0,0,0,0,0,0,0,0,0
호남선,천안,주암졸음쉼터,03:00-04:00,1,1,0,0,0,0,0,0,0,0,0,0,0
호남선,천안,주암졸음쉼터,04:00-05:00,2,0,0,1,0,0,0,0,0,0,1,0,0
호남선,천안,주암졸음쉼터,05:00-06:00,1,1,0,0,0,0,0,0,0,0,0,0,0
호남선,천안,주암졸음쉼터,06:00-07:00,5,4,0,1,0,0,0,0,0,0,0,0,0
호남지선,논산,서대전졸음쉼터,07:00-08:00,22,18,0,1,1,2,0,0,0,0,0,0,0
호남지선,논산,서대전졸음쉼터,08:00-09:00,36,28,1,6,0,1,0,0,0,0,0,0,0
호남지선,논산,서대전졸음쉼터,09:00-10:00,31,24,0,6,0,1,0,0,0,0,0,0,0
호남지선,논산,서대전졸음쉼터,10:00-11:00,31,19,0,6,2,2,1,0,0,0,0,0,1
호남지선,논산,서대전졸음쉼터,11:00-12:00,35,29,0,4,0,0,0,1,0,0,1,0,0
호남지선,논산,서대전졸음쉼터,12:00-13:00,30,24,0,5,0,0,0,1,0,0,0,0,0
호남지선,논산,서대전졸음쉼터,13:00-14:00,24,18,0,5,1,0,0,0,0,0,0,0,0
호남지선,논산,서대전졸음쉼터,14:00-15:00,43,29,1,8,4,0,1,0,0,0,0,0,0
호남지선,논산,서대전졸음쉼터,15:00-16:00,35,29,0,4,2,0,0,0,0,0,0,0,0
호남지선,논산,서대전졸음쉼터,16:00-17:00,36,29,0,4,2,1,0,0,0,0,0,0,0
호남지선,논산,서대전졸음쉼터,17:00-18:00,35,30,0,4,1,0,0,0,0,0,0,0,0
호남지선,논산,서대전졸음쉼터,18:00-19:00,36,29,0,3,2,0,0,1,0,0,0,1,0
호남지선,논산,서대전졸음쉼터,19:00-20:00,23,17,0,2,1,3,0,0,0,0,0,0,0
호남지선,논산,서대전졸음쉼터,20:00-21:00,15,10,0,3,0,1,0,0,0,0,0,1,0
호남지선,논산,서대전졸음쉼터,21:00-22:00,15,10,0,2,2,1,0,0,0,0,0,0,0
호남지선,논산,서대전졸음쉼터,22:00-23:00,8,5,0,0,2,0,0,0,1,0,0,0,0
호남지선,논산,서대전졸음쉼터,23:00-24:00,6,4,0,0,0,1,0,0,0,0,0,1,0
호남지선,논산,서대전졸음쉼터,00:00-01:00,5,3,0,0,1,0,0,1,0,0,0,0,0
호남지선,논산,서대전졸음쉼터,01:00-02:00,6,2,0,0,3,0,0,0,1,0,0,0,0
호남지선,논산,서대전졸음쉼터,02:00-03:00,5,5,0,0,0,0,0,0,0,0,0,0,0
호남지선,논산,서대전졸음쉼터,03:00-04:00,2,1,0,0,0,0,0,1,0,0,0,0,0
호남지선,논산,서대전졸음쉼터,04:00-05:00,9,4,0,1,0,0,1,0,1,0,2,0,0
호남지선,논산,서대전졸음쉼터,05:00-06:00,4,3,0,0,0,1,0,0,0,0,0,0,0
호남지선,논산,서대전졸음쉼터,06:00-07:00,10,7,0,0,1,0,1,1,0,0,0,0,0
호남지선,논산,북대전졸음쉼터,07:00-08:00,30,12,1,12,1,4,0,0,0,0,0,0,0
호남지선,논산,북대전졸음쉼터,08:00-09:00,46,37,0,7,0,1,0,1,0,0,0,0,0
호남지선,논산,북대전졸음쉼터,09:00-10:00,35,30,0,2,2,0,0,0,0,0,0,0,1
호남지선,논산,북대전졸음쉼터,10:00-11:00,46,39,0,4,1,1,1,0,0,0,0,0,0
호남지선,논산,북대전졸음쉼터,11:00-12:00,57,34,0,11,1,4,3,2,0,0,2,0,0
호남지선,논산,북대전졸음쉼터,12:00-13:00,68,39,0,10,4,3,4,8,0,0,0,0,0
호남지선,논산,북대전졸음쉼터,13:00-14:00,54,36,0,8,1,3,0,3,0,0,3,0,0
호남지선,논산,북대전졸음쉼터,14:00-15:00,56,36,0,10,8,1,0,1,0,0,0,0,0
호남지선,논산,북대전졸음쉼터,15:00-16:00,49,32,0,8,3,2,1,2,0,0,1,0,0
호남지선,논산,북대전졸음쉼터,16:00-17:00,50,34,0,7,4,2,2,1,0,0,0,0,0
호남지선,논산,북대전졸음쉼터,17:00-18:00,51,39,0,8,1,2,0,1,0,0,0,0,0
호남지선,논산,북대전졸음쉼터,18:00-19:00,34,27,1,3,0,2,0,0,0,0,0,0,1
호남지선,논산,북대전졸음쉼터,19:00-20:00,25,19,0,1,0,4,0,1,0,0,0,0,0
호남지선,논산,북대전졸음쉼터,20:00-21:00,28,20,0,2,0,2,1,1,0,0,2,0,0
호남지선,논산,북대전졸음쉼터,21:00-22:00,20,12,0,2,2,2,0,1,0,0,0,1,0
호남지선,논산,북대전졸음쉼터,22:00-23:00,17,12,0,1,0,1,2,1,0,0,0,0,0
호남지선,논산,북대전졸음쉼터,23:00-24:00,12,7,0,1,0,0,2,2,0,0,0,0,0
호남지선,논산,북대전졸음쉼터,00:00-01:00,7,1,0,0,1,2,2,1,0,0,0,0,0
호남지선,논산,북대전졸음쉼터,01:00-02:00,9,1,0,2,3,0,2,0,0,0,0,0,1
호남지선,논산,북대전졸음쉼터,02:00-03:00,9,2,0,1,1,1,2,0,0,0,1,0,1
호남지선,논산,북대전졸음쉼터,03:00-04:00,6,3,0,0,0,0,1,0,0,0,1,1,0
호남지선,논산,북대전졸음쉼터,04:00-05:00,11,5,0,0,1,3,1,1,0,0,0,0,0
호남지선,논산,북대전졸음쉼터,05:00-06:00,14,2,0,4,0,1,4,0,0,1,1,0,1
호남지선,논산,북대전졸음쉼터,06:00-07:00,17,8,0,3,1,4,0,0,0,0,1,0,0
호남지선,논산,논산졸음쉼터,07:00-08:00,29,15,0,5,4,2,2,0,0,0,1,0,0
호남지선,논산,논산졸음쉼터,08:00-09:00,36,26,0,4,3,3,0,0,0,0,0,0,0
호남지선,논산,논산졸음쉼터,09:00-10:00,47,32,0,10,3,1,0,1,0,0,0,0,0
호남지선,논산,논산졸음쉼터,10:00-11:00,42,26,0,13,3,0,0,0,0,0,0,0,0
호남지선,논산,논산졸음쉼터,11:00-12:00,34,23,0,5,2,2,0,0,0,0,1,0,1
호남지선,논산,논산졸음쉼터,12:00-13:00,40,26,0,6,3,1,0,2,0,0,2,0,0
호남지선,논산,논산졸음쉼터,13:00-14:00,50,32,0,12,0,3,2,1,0,0,0,0,0
호남지선,논산,논산졸음쉼터,14:00-15:00,35,28,0,5,0,1,1,0,0,0,0,0,0
호남지선,논산,논산졸음쉼터,15:00-16:00,32,27,0,3,1,1,0,0,0,0,0,0,0
호남지선,논산,논산졸음쉼터,16:00-17:00,36,30,1,0,1,3,1,0,0,0,0,0,0
호남지선,논산,논산졸음쉼터,17:00-18:00,34,27,1,3,2,1,0,0,0,0,0,0,0
호남지선,논산,논산졸음쉼터,18:00-19:00,23,18,0,3,0,1,0,0,0,0,0,0,1
호남지선,논산,논산졸음쉼터,19:00-20:00,23,18,0,0,0,4,0,1,0,0,0,0,0
호남지선,논산,논산졸음쉼터,20:00-21:00,14,10,0,1,0,1,2,0,0,0,0,0,0
호남지선,논산,논산졸음쉼터,21:00-22:00,8,5,0,2,0,1,0,0,0,0,0,0,0
호남지선,논산,논산졸음쉼터,22:00-23:00,7,2,0,2,1,1,0,0,0,0,1,0,0
호남지선,논산,논산졸음쉼터,23:00-24:00,5,4,0,0,0,1,0,0,0,0,0,0,0
호남지선,논산,논산졸음쉼터,00:00-01:00,8,5,0,1,1,1,0,0,0,0,0,0,0
호남지선,논산,논산졸음쉼터,01:00-02:00,5,2,0,0,0,0,1,0,0,0,2,0,0
호남지선,논산,논산졸음쉼터,02:00-03:00,4,0,0,2,0,1,1,0,0,0,0,0,0
호남지선,논산,논산졸음쉼터,03:00-04:00,4,2,0,0,2,0,0,0,0,0,0,0,0
호남지선,논산,논산졸음쉼터,04:00-05:00,4,3,0,0,0,1,0,0,0,0,0,0,0
호남지선,논산,논산졸음쉼터,05:00-06:00,12,2,0,4,1,3,1,1,0,0,0,0,0
호남지선,논산,논산졸음쉼터,06:00-07:00,14,9,0,2,1,0,2,0,0,0,0,0,0
호남지선,회덕,논산졸음쉼터,07:00-08:00,13,8,0,2,2,0,1,0,0,0,0,0,0
호남지선,회덕,논산졸음쉼터,08:00-09:00,22,11,0,9,0,0,2,0,0,0,0,0,0
호남지선,회덕,논산졸음쉼터,09:00-10:00,24,14,0,3,0,6,1,0,0,0,0,0,0
호남지선,회덕,논산졸음쉼터,10:00-11:00,37,17,0,11,3,3,2,1,0,0,0,0,0
호남지선,회덕,논산졸음쉼터,11:00-12:00,38,26,0,7,1,4,0,0,0,0,0,0,0
호남지선,회덕,논산졸음쉼터,12:00-13:00,27,12,0,9,1,2,2,0,0,0,0,1,0
호남지선,회덕,논산졸음쉼터,13:00-14:00,38,30,0,3,2,2,0,1,0,0,0,0,0
호남지선,회덕,논산졸음쉼터,14:00-15:00,43,25,0,14,1,2,1,0,0,0,0,0,0
호남지선,회덕,논산졸음쉼터,15:00-16:00,56,43,0,8,1,4,0,0,0,0,0,0,0
호남지선,회덕,논산졸음쉼터,16:00-17:00,58,45,1,9,0,2,0,0,0,0,1,0,0
호남지선,회덕,논산졸음쉼터,17:00-18:00,48,38,0,5,0,4,0,1,0,0,0,0,0
호남지선,회덕,논산졸음쉼터,18:00-19:00,27,23,0,2,0,2,0,0,0,0,0,0,0
호남지선,회덕,논산졸음쉼터,19:00-20:00,33,24,0,6,1,1,1,0,0,0,0,0,0
호남지선,회덕,논산졸음쉼터,20:00-21:00,10,8,0,2,0,0,0,0,0,0,0,0,0
호남지선,회덕,논산졸음쉼터,21:00-22:00,9,4,0,2,0,1,2,0,0,0,0,0,0
호남지선,회덕,논산졸음쉼터,22:00-23:00,16,9,0,2,0,1,1,0,0,1,2,0,0
호남지선,회덕,논산졸음쉼터,23:00-24:00,11,9,0,0,0,1,1,0,0,0,0,0,0
호남지선,회덕,논산졸음쉼터,00:00-01:00,5,3,0,1,0,1,0,0,0,0,0,0,0
호남지선,회덕,논산졸음쉼터,01:00-02:00,5,1,0,0,0,3,1,0,0,0,0,0,0
호남지선,회덕,논산졸음쉼터,02:00-03:00,7,2,0,0,1,1,0,3,0,0,0,0,0
호남지선,회덕,논산졸음쉼터,03:00-04:00,2,2,0,0,0,0,0,0,0,0,0,0,0
호남지선,회덕,논산졸음쉼터,04:00-05:00,7,4,0,2,0,1,0,0,0,0,0,0,0
호남지선,회덕,논산졸음쉼터,05:00-06:00,6,3,0,0,0,1,0,2,0,0,0,0,0
호남지선,회덕,논산졸음쉼터,06:00-07:00,14,6,0,3,1,3,1,0,0,0,0,0,0
