노선,방향,명칭,시간,총합계,1종,2종,3종,4종,5종,6종,7종,8종,9종,10종,11종,12종
경부선,부산,오산,07:00-08:00,36,25,1,8,2,0,0,0,0,0,0,0,0
경부선,부산,오산,08:00-09:00,63,52,0,10,1,0,0,0,0,0,0,0,0
경부선,부산,오산,09:00-10:00,72,58,0,9,5,0,0,0,0,0,0,0,0
경부선,부산,오산,10:00-11:00,62,50,0,8,2,2,0,0,0,0,0,0,0
경부선,부산,오산,11:00-12:00,64,53,0,9,0,1,1,0,0,0,0,0,0
경부선,부산,오산,12:00-13:00,86,71,0,12,2,0,1,0,0,0,0,0,0
경부선,부산,오산,13:00-14:00,78,63,0,11,2,2,0,0,0,0,0,0,0
경부선,부산,오산,14:00-15:00,81,68,0,12,1,0,0,0,0,0,0,0,0
경부선,부산,오산,15:00-16:00,67,54,0,7,3,2,1,0,0,0,0,0,0
경부선,부산,오산,16:00-17:00,57,53,0,4,0,0,0,0,0,0,0,0,0
경부선,부산,오산,17:00-18:00,62,54,0,7,0,1,0,0,0,0,0,0,0
경부선,부산,오산,18:00-19:00,48,40,0,6,1,0,0,1,0,0,0,0,0
경부선,부산,오산,19:00-20:00,34,28,1,1,2,1,0,1,0,0,0,0,0
경부선,부산,오산,20:00-21:00,27,26,0,1,0,0,0,0,0,0,0,0,0
경부선,부산,오산,21:00-22:00,33,24,0,6,0,3,0,0,0,0,0,0,0
경부선,부산,오산,22:00-23:00,16,11,0,1,1,1,0,2,0,0,0,0,0
경부선,부산,오산,23:00-24:00,11,9,1,1,0,0,0,0,0,0,0,0,0
경부선,부산,오산,00:00-01:00,12,7,0,2,0,2,0,0,0,0,1,0,0
경부선,부산,오산,01:00-02:00,5,3,0,1,0,0,0,1,0,0,0,0,0
경부선,부산,오산,02:00-03:00,8,4,0,1,1,1,0,1,0,0,0,0,0
경부선,부산,오산,03:00-04:00,9,5,0,2,2,0,0,0,0,0,0,0,0
경부선,부산,오산,04:00-05:00,9,5,0,3,1,0,0,0,0,0,0,0,0
경부선,부산,오산,05:00-06:00,15,9,0,2,1,3,0,0,0,0,0,0,0
경부선,부산,오산,06:00-07:00,35,19,0,10,3,2,1,0,0,0,0,0,0
경부선,부산,남사,07:00-08:00,36,31,0,5,0,0,0,0,0,0,0,0,0
경부선,부산,남사,08:00-09:00,44,35,0,6,0,2,1,0,0,0,0,0,0
경부선,부산,남사,09:00-10:00,49,34,0,9,4,1,1,0,0,0,0,0,0
경부선,부산,남사,10:00-11:00,46,36,0,6,2,1,1,0,0,0,0,0,0
경부선,부산,남사,11:00-12:00,56,47,0,5,0,4,0,0,0,0,0,0,0
경부선,부산,남사,12:00-13:00,59,48,0,5,1,4,1,0,0,0,0,0,0
경부선,부산,남사,13:00-14:00,64,55,1,5,1,1,1,0,0,0,0,0,0
경부선,부산,남사,14:00-15:00,68,57,0,7,3,1,0,0,0,0,0,0,0
경부선,부산,남사,15:00-16:00,42,33,0,7,0,1,1,0,0,0,0,0,0
경부선,부산,남사,16:00-17:00,54,41,0,8,3,1,0,1,0,0,0,0,0
경부선,부산,남사,17:00-18:00,33,27,0,3,1,0,2,0,0,0,0,0,0
경부선,부산,남사,18:00-19:00,33,28,0,3,0,2,0,0,0,0,0,0,0
경부선,부산,남사,19:00-20:00,15,12,0,2,1,0,0,0,0,0,0,0,0
경부선,부산,남사,20:00-21:00,25,22,0,1,0,1,1,0,0,0,0,0,0
경부선,부산,남사,21:00-22:00,21,19,0,2,0,0,0,0,0,0,0,0,0
경부선,부산,남사,22:00-23:00,12,9,0,1,0,0,1,1,0,0,0,0,0
경부선,부산,남사,23:00-24:00,11,10,0,0,0,1,0,0,0,0,0,0,0
경부선,부산,남사,00:00-01:00,9,3,0,2,1,1,1,0,0,0,1,0,0
경부선,부산,남사,01:00-02:00,5,4,0,1,0,0,0,0,0,0,0,0,0
경부선,부산,남사,02:00-03:00,7,4,0,1,0,2,0,0,0,0,0,0,0
경부선,부산,남사,03:00-04:00,4,2,0,1,0,0,1,0,0,0,0,0,0
경부선,부산,남사,04:00-05:00,9,7,0,1,0,0,1,0,0,0,0,0,0
경부선,부산,남사,05:00-06:00,20,12,0,5,2,0,1,0,0,0,0,0,0
경부선,부산,남사,06:00-07:00,27,20,0,4,1,1,1,0,0,0,0,0,0
경부선,서울,청성,07:00-08:00,13,7,0,4,0,1,0,1,0,0,0,0,0
경부선,서울,청성,08:00-09:00,14,9,0,4,1,0,0,0,0,0,0,0,0
경부선,서울,청성,09:00-10:00,16,6,0,4,2,0,1,0,0,1,1,0,1
경부선,서울,청성,10:00-11:00,20,13,0,4,1,1,0,1,0,0,0,0,0
경부선,서울,청성,11:00-12:00,20,12,0,3,2,2,0,0,0,1,0,0,0
경부선,서울,청성,12:00-13:00,21,15,0,4,2,0,0,0,0,0,0,0,0
경부선,서울,청성,13:00-14:00,20,16,1,1,1,1,0,0,0,0,0,0,0
경부선,서울,청성,14:00-15:00,15,11,0,4,0,0,0,0,0,0,0,0,0
경부선,서울,청성,15:00-16:00,17,13,0,3,1,0,0,0,0,0,0,0,0
경부선,서울,청성,16:00-17:00,22,18,0,2,1,0,1,0,0,0,0,0,0
경부선,서울,청성,17:00-18:00,10,6,0,2,1,0,1,0,0,0,0,0,0
경부선,서울,청성,18:00-19:00,11,8,0,0,1,0,0,0,0,0,1,0,1
경부선,서울,청성,19:00-20:00,10,6,0,1,1,1,0,0,0,0,1,0,0
경부선,서울,청성,20:00-21:00,5,4,0,0,0,1,0,0,0,0,0,0,0
경부선,서울,청성,21:00-22:00,8,3,0,3,0,2,0,0,0,0,0,0,0
경부선,서울,청성,22:00-23:00,13,8,0,1,0,0,0,2,0,0,2,0,0
경부선,서울,청성,23:00-24:00,6,2,0,0,0,2,0,2,0,0,0,0,0
경부선,서울,청성,00:00-01:00,6,0,0,1,2,2,0,1,0,0,0,0,0
경부선,서울,청성,01:00-02:00,5,1,0,1,0,1,0,0,0,0,1,0,1
경부선,서울,청성,02:00-03:00,0,0,0,0,0,0,0,0,0,0,0,0,0
경부선,서울,청성,03:00-04:00,2,1,0,1,0,0,0,0,0,0,0,0,0
경부선,서울,청성,04:00-05:00,3,0,0,0,0,1,0,0,0,0,0,1,1
경부선,서울,청성,05:00-06:00,4,0,0,1,0,2,0,0,0,0,0,0,1
경부선,서울,청성,06:00-07:00,3,1,0,0,1,1,0,0,0,0,0,0,0
경부선,부산,추풍령,07:00-08:00,8,3,0,1,0,2,0,1,0,0,1,0,0
경부선,부산,추풍령,08:00-09:00,9,4,0,1,1,3,0,0,0,0,0,0,0
경부선,부산,추풍령,09:00-10:00,21,13,0,7,0,0,1,0,0,0,0,0,0
경부선,부산,추풍령,10:00-11:00,15,9,0,2,2,2,0,0,0,0,0,0,0
경부선,부산,추풍령,11:00-12:00,13,8,0,4,0,0,0,0,0,0,0,0,1
경부선,부산,추풍령,12:00-13:00,18,11,0,4,1,2,0,0,0,0,0,0,0
경부선,부산,추풍령,13:00-14:00,11,8,0,1,1,1,0,0,0,0,0,0,0
경부선,부산,추풍령,14:00-15:00,12,7,0,2,1,2,0,0,0,0,0,0,0
경부선,부산,추풍령,15:00-16:00,20,15,0,3,2,0,0,0,0,0,0,0,0
경부선,부산,추풍령,16:00-17:00,21,14,0,2,2,0,0,0,0,0,3,0,0
경부선,부산,추풍령,17:00-18:00,11,9,0,0,0,1,0,0,0,0,1,0,0
경부선,부산,추풍령,18:00-19:00,17,12,0,1,1,2,1,0,0,0,0,0,0
경부선,부산,추풍령,19:00-20:00,11,8,0,1,1,1,0,0,0,0,0,0,0
경부선,부산,추풍령,20:00-21:00,11,7,0,0,1,1,0,1,0,0,1,0,0
경부선,부산,추풍령,21:00-22:00,10,6,0,1,1,0,0,1,0,0,1,0,0
경부선,부산,추풍령,22:00-23:00,7,3,0,0,0,2,0,1,0,0,0,0,1
경부선,부산,추풍령,23:00-24:00,6,5,0,0,0,0,1,0,0,0,0,0,0
경부선,부산,추풍령,00:00-01:00,2,0,0,0,0,1,0,1,0,0,0,0,0
경부선,부산,추풍령,01:00-02:00,3,0,0,0,1,1,0,1,0,0,0,0,0
경부선,부산,추풍령,02:00-03:00,2,0,0,0,0,1,0,0,0,0,1,0,0
경부선,부산,추풍령,03:00-04:00,4,0,0,1,0,3,0,0,0,0,0,0,0
경부선,부산,추풍령,04:00-05:00,4,0,0,0,0,1,1,1,0,0,1,0,0
경부선,부산,추풍령,05:00-06:00,10,0,0,3,2,3,0,0,0,0,2,0,0
경부선,부산,추풍령,06:00-07:00,7,0,0,2,0,3,0,0,0,0,2,0,0
경부선,서울,추풍령,07:00-08:00,4,2,0,0,0,0,0,1,0,0,0,0,1
경부선,서울,추풍령,08:00-09:00,3,1,0,0,0,1,1,0,0,0,0,0,0
경부선,서울,추풍령,09:00-10:00,2,2,0,0,0,0,0,0,0,0,0,0,0
경부선,서울,추풍령,10:00-11:00,18,6,0,4,5,2,0,1,0,0,0,0,0
경부선,서울,추풍령,11:00-12:00,13,10,0,1,1,0,1,0,0,0,0,0,0
경부선,서울,추풍령,12:00-13:00,11,4,0,2,1,3,0,1,0,0,0,0,0
경부선,서울,추풍령,13:00-14:00,9,5,0,1,1,2,0,0,0,0,0,0,0
경부선,서울,추풍령,14:00-15:00,16,10,0,3,2,1,0,0,0,0,0,0,0
경부선,서울,추풍령,15:00-16:00,14,6,0,2,3,2,0,1,0,0,0,0,0
경부선,서울,추풍령,16:00-17:00,11,6,0,3,0,2,0,0,0,0,0,0,0
경부선,서울,추풍령,17:00-18:00,10,4,0,1,2,2,0,1,0,0,0,0,0
경부선,서울,추풍령,18:00-19:00,4,3,0,0,1,0,0,0,0,0,0,0,0
경부선,서울,추풍령,19:00-20:00,7,1,0,0,1,1,1,3,0,0,0,0,0
경부선,서울,추풍령,20:00-21:00,10,5,0,1,0,2,0,2,0,0,0,0,0
경부선,서울,추풍령,21:00-22:00,2,0,0,0,0,0,1,0,0,0,1,0,0
경부선,서울,추풍령,22:00-23:00,4,0,0,0,1,1,0,2,0,0,0,0,0
경부선,서울,추풍령,23:00-24:00,3,1,0,0,0,1,0,1,0,0,0,0,0
경부선,서울,추풍령,00:00-01:00,3,0,0,0,0,0,0,0,0,0,2,0,1
경부선,서울,추풍령,01:00-02:00,4,1,0,0,0,2,0,0,0,0,0,0,1
경부선,서울,추풍령,02:00-03:00,2,1,0,0,0,0,0,0,0,0,1,0,0
경부선,서울,추풍령,03:00-04:00,2,0,0,0,0,1,0,0,0,0,0,0,1
경부선,서울,추풍령,04:00-05:00,4,1,0,0,0,2,0,1,0,0,0,0,0
경부선,서울,추풍령,05:00-06:00,1,0,0,0,0,0,0,0,0,0,0,0,1
경부선,서울,추풍령,06:00-07:00,3,0,0,0,0,1,1,0,0,0,0,1,0
경부선,부산,대신,07:00-08:00,5,0,0,0,2,0,2,0,1,0,0,0,0
경부선,부산,대신,08:00-09:00,6,4,1,0,1,0,0,0,0,0,0,0,0
경부선,부산,대신,09:00-10:00,15,10,0,2,1,0,1,0,0,0,0,0,1
경부선,부산,대신,10:00-11:00,14,7,0,3,2,0,0,0,1,1,0,0,0
경부선,부산,대신,11:00-12:00,7,5,0,0,2,0,0,0,0,0,0,0,0
경부선,부산,대신,12:00-13:00,16,12,0,1,1,1,1,0,0,0,0,0,0
경부선,부산,대신,13:00-14:00,19,11,0,4,3,1,0,0,0,0,0,0,0
경부선,부산,대신,14:00-15:00,14,8,0,3,2,0,1,0,0,0,0,0,0
경부선,부산,대신,15:00-16:00,13,7,0,3,2,1,0,0,0,0,0,0,0
경부선,부산,대신,16:00-17:00,16,9,0,6,1,0,0,0,0,0,0,0,0
경부선,부산,대신,17:00-18:00,20,13,0,6,1,0,0,0,0,0,0,0,0
경부선,부산,대신,18:00-19:00,11,8,0,2,1,0,0,0,0,0,0,0,0
경부선,부산,대신,19:00-20:00,4,2,0,1,1,0,0,0,0,0,0,0,0
경부선,부산,대신,20:00-21:00,7,5,0,2,0,0,0,0,0,0,0,0,0
경부선,부산,대신,21:00-22:00,9,4,0,0,3,2,0,0,0,0,0,0,0
경부선,부산,대신,22:00-23:00,2,1,0,0,1,0,0,0,0,0,0,0,0
경부선,부산,대신,23:00-24:00,4,3,0,0,0,0,0,1,0,0,0,0,0
경부선,부산,대신,00:00-01:00,4,2,0,0,0,1,1,0,0,0,0,0,0
경부선,부산,대신,01:00-02:00,0,0,0,0,0,0,0,0,0,0,0,0,0
경부선,부산,대신,02:00-03:00,5,1,0,1,1,1,1,0,0,0,0,0,0
경부선,부산,대신,03:00-04:00,3,0,0,1,2,0,0,0,0,0,0,0,0
경부선,부산,대신,04:00-05:00,0,0,0,0,0,0,0,0,0,0,0,0,0
경부선,부산,대신,05:00-06:00,6,1,0,0,3,0,0,0,0,0,0,0,2
경부선,부산,대신,06:00-07:00,5,0,0,1,0,3,1,0,0,0,0,0,0
경부선,서울,대신,07:00-08:00,11,3,0,4,2,0,1,0,0,0,0,0,1
경부선,서울,대신,08:00-09:00,24,13,0,4,3,2,1,1,0,0,0,0,0
경부선,서울,대신,09:00-10:00,35,20,0,9,2,1,2,0,0,0,0,0,1
경부선,서울,대신,10:00-11:00,30,20,0,3,5,2,0,0,0,0,0,0,0
경부선,서울,대신,11:00-12:00,50,30,0,9,5,6,0,0,0,0,0,0,0
경부선,서울,대신,12:00-13:00,30,18,0,6,3,1,1,0,0,0,1,0,0
경부선,서울,대신,13:00-14:00,37,25,0,6,5,0,1,0,0,0,0,0,0
경부선,서울,대신,14:00-15:00,30,22,0,4,3,1,0,0,0,0,0,0,0
경부선,서울,대신,15:00-16:00,31,26,0,2,1,2,0,0,0,0,0,0,0
경부선,서울,대신,16:00-17:00,29,20,0,4,5,0,0,0,0,0,0,0,0
경부선,서울,대신,17:00-18:00,19,15,0,1,1,1,1,0,0,0,0,0,0
경부선,서울,대신,18:00-19:00,14,9,0,1,1,3,0,0,0,0,0,0,0
경부선,서울,대신,19:00-20:00,17,12,0,1,2,2,0,0,0,0,0,0,0
경부선,서울,대신,20:00-21:00,14,6,0,1,0,3,0,2,1,0,0,0,1
경부선,서울,대신,21:00-22:00,6,1,0,0,0,4,1,0,0,0,0,0,0
경부선,서울,대신,22:00-23:00,14,4,0,0,3,2,0,3,0,0,0,0,2
경부선,서울,대신,23:00-24:00,6,3,0,0,1,2,0,0,0,0,0,0,0
경부선,서울,대신,00:00-01:00,9,3,0,0,2,0,1,0,1,0,1,0,1
경부선,서울,대신,01:00-02:00,8,1,0,0,3,2,0,1,0,0,0,0,1
경부선,서울,대신,02:00-03:00,6,1,0,0,1,0,1,1,0,0,0,0,2
경부선,서울,대신,03:00-04:00,2,1,0,0,0,0,0,1,0,0,0,0,0
경부선,서울,대신,04:00-05:00,2,0,0,2,0,0,0,0,0,0,0,0,0
경부선,서울,대신,05:00-06:00,8,3,0,1,2,1,0,1,0,0,0,0,0
경부선,서울,대신,06:00-07:00,11,3,0,4,2,0,0,0,0,0,1,0,1
경부선,서울,석적,07:00-08:00,23,15,0,4,3,1,0,0,0,0,0,0,0
경부선,서울,석적,08:00-09:00,23,16,0,4,3,0,0,0,0,0,0,0,0
경부선,서울,석적,09:00-10:00,25,18,0,5,1,0,1,0,0,0,0,0,0
경부선,서울,석적,10:00-11:00,38,23,0,9,5,1,0,0,0,0,0,0,0
경부선,서울,석적,11:00-12:00,33,18,0,10,3,1,0,1,0,0,0,0,0
경부선,서울,석적,12:00-13:00,35,25,0,6,3,1,0,0,0,0,0,0,0
경부선,서울,석적,13:00-14:00,29,14,0,12,0,1,2,0,0,0,0,0,0
경부선,서울,석적,14:00-15:00,34,23,0,7,2,1,1,0,0,0,0,0,0
경부선,서울,석적,15:00-16:00,28,21,0,3,4,0,0,0,0,0,0,0,0
경부선,서울,석적,16:00-17:00,23,19,0,3,0,0,1,0,0,0,0,0,0
경부선,서울,석적,17:00-18:00,22,21,0,0,1,0,0,0,0,0,0,0,0
경부선,서울,석적,18:00-19:00,17,13,0,1,1,2,0,0,0,0,0,0,0
경부선,서울,석적,19:00-20:00,17,15,1,0,0,0,0,1,0,0,0,0,0
경부선,서울,석적,20:00-21:00,8,6,0,1,0,1,0,0,0,0,0,0,0
경부선,서울,석적,21:00-22:00,6,4,0,0,1,1,0,0,0,0,0,0,0
경부선,서울,석적,22:00-23:00,7,1,0,2,0,1,1,1,0,0,1,0,0
경부선,서울,석적,23:00-24:00,5,4,0,0,0,1,0,0,0,0,0,0,0
경부선,서울,석적,00:00-01:00,6,2,0,0,0,2,0,2,0,0,0,0,0
경부선,서울,석적,01:00-02:00,2,0,0,1,0,1,0,0,0,0,0,0,0
경부선,서울,석적,02:00-03:00,1,1,0,0,0,0,0,0,0,0,0,0,0
경부선,서울,석적,03:00-04:00,3,0,0,0,1,1,0,0,1,0,0,0,0
경부선,서울,석적,04:00-05:00,7,2,0,1,0,1,2,1,0,0,0,0,0
경부선,서울,석적,05:00-06:00,4,1,0,2,0,0,1,0,0,0,0,0,0
경부선,서울,석적,06:00-07:00,10,2,0,3,2,2,0,0,0,0,1,0,0
경부선,부산,북안,07:00-08:00,10,4,0,2,2,0,2,0,0,0,0,0,0
경부선,부산,북안,08:00-09:00,13,9,0,3,1,0,0,0,0,0,0,0,0
경부선,부산,북안,09:00-10:00,15,8,0,4,1,2,0,0,0,0,0,0,0
경부선,부산,북안,10:00-11:00,16,9,0,3,1,2,0,0,0,0,1,0,0
경부선,부산,북안,11:00-12:00,16,9,0,4,0,1,1,0,0,0,1,0,0
경부선,부산,북안,12:00-13:00,17,6,0,3,0,6,0,1,0,0,1,0,0
경부선,부산,북안,13:00-14:00,16,8,0,3,0,1,1,2,0,0,1,0,0
경부선,부산,북안,14:00-15:00,20,11,0,5,1,1,0,1,0,0,1,0,0
경부선,부산,북안,15:00-16:00,12,6,0,4,1,0,0,0,0,0,1,0,0
경부선,부산,북안,16:00-17:00,26,19,0,7,0,0,0,0,0,0,0,0,0
경부선,부산,북안,17:00-18:00,19,17,0,1,0,1,0,0,0,0,0,0,0
경부선,부산,북안,18:00-19:00,12,8,0,1,0,1,2,0,0,0,0,0,0
경부선,부산,북안,19:00-20:00,11,7,0,3,1,0,0,0,0,0,0,0,0
경부선,부산,북안,20:00-21:00,3,3,0,0,0,0,0,0,0,0,0,0,0
경부선,부산,북안,21:00-22:00,3,1,0,1,1,0,0,0,0,0,0,0,0
경부선,부산,북안,22:00-23:00,7,5,0,0,0,0,0,1,0,0,1,0,0
경부선,부산,북안,23:00-24:00,5,4,0,0,0,0,0,0,0,0,1,0,0
경부선,부산,북안,00:00-01:00,2,1,0,0,0,0,0,0,0,0,1,0,0
경부선,부산,북안,01:00-02:00,1,0,0,0,0,1,0,0,0,0,0,0,0
경부선,부산,북안,02:00-03:00,1,0,0,1,0,0,0,0,0,0,0,0,0
경부선,부산,북안,03:00-04:00,1,0,0,0,0,0,0,0,0,0,1,0,0
경부선,부산,북안,04:00-05:00,4,0,0,2,1,0,1,0,0,0,0,0,0
경부선,부산,북안,05:00-06:00,7,1,0,1,0,2,3,0,0,0,0,0,0
경부선,부산,북안,06:00-07:00,7,0,0,1,1,3,0,2,0,0,0,0,0
경부선,서울,북안,07:00-08:00,6,4,0,0,1,0,0,0,0,0,1,0,0
경부선,서울,북안,08:00-09:00,11,6,0,1,2,1,0,1,0,0,0,0,0
경부선,서울,북안,09:00-10:00,10,1,0,1,6,1,0,1,0,0,0,0,0
경부선,서울,북안,10:00-11:00,12,7,0,2,2,1,0,0,0,0,0,0,0
경부선,서울,북안,11:00-12:00,15,8,0,5,0,1,1,0,0,0,0,0,0
경부선,서울,북안,12:00-13:00,19,6,0,5,3,2,3,0,0,0,0,0,0
경부선,서울,북안,13:00-14:00,19,13,0,3,1,1,1,0,0,0,0,0,0
경부선,서울,북안,14:00-15:00,27,13,0,5,4,2,0,1,0,0,2,0,0
경부선,서울,북안,15:00-16:00,28,17,0,9,1,0,0,1,0,0,0,0,0
경부선,서울,북안,16:00-17:00,26,14,0,7,1,3,1,0,0,0,0,0,0
경부선,서울,북안,17:00-18:00,21,12,0,3,2,1,0,3,0,0,0,0,0
경부선,서울,북안,18:00-19:00,13,9,0,3,0,0,0,1,0,0,0,0,0
경부선,서울,북안,19:00-20:00,13,7,0,0,1,2,1,2,0,0,0,0,0
경부선,서울,북안,20:00-21:00,6,4,0,0,0,0,1,0,0,0,1,0,0
경부선,서울,북안,21:00-22:00,6,5,0,1,0,0,0,0,0,0,0,0,0
경부선,서울,북안,22:00-23:00,4,2,0,1,0,0,0,0,0,0,1,0,0
경부선,서울,북안,23:00-24:00,0,0,0,0,0,0,0,0,0,0,0,0,0
경부선,서울,북안,00:00-01:00,0,0,0,0,0,0,0,0,0,0,0,0,0
경부선,서울,북안,01:00-02:00,0,0,0,0,0,0,0,0,0,0,0,0,0
경부선,서울,북안,02:00-03:00,3,1,0,0,1,1,0,0,0,0,0,0,0
경부선,서울,북안,03:00-04:00,3,0,0,2,0,0,1,0,0,0,0,0,0
경부선,서울,북안,04:00-05:00,1,0,0,0,0,0,0,0,0,0,1,0,0
경부선,서울,북안,05:00-06:00,1,0,0,0,0,0,0,1,0,0,0,0,0
경부선,서울,북안,06:00-07:00,6,3,0,0,1,1,1,0,0,0,0,0,0
경부선,서울,내남,07:00-08:00,15,8,0,0,4,0,0,1,0,0,2,0,0
경부선,서울,내남,08:00-09:00,24,13,0,4,4,2,0,0,0,0,1,0,0
경부선,서울,내남,09:00-10:00,29,16,0,3,2,5,0,3,0,0,0,0,0
경부선,서울,내남,10:00-11:00,40,24,0,6,5,2,2,0,0,0,1,0,0
경부선,서울,내남,11:00-12:00,22,17,0,3,1,0,1,0,0,0,0,0,0
경부선,서울,내남,12:00-13:00,32,20,0,6,2,1,1,2,0,0,0,0,0
경부선,서울,내남,13:00-14:00,30,21,0,8,1,0,0,0,0,0,0,0,0
경부선,서울,내남,14:00-15:00,39,29,0,6,1,2,0,0,0,0,1,0,0
경부선,서울,내남,15:00-16:00,33,23,0,6,2,1,1,0,0,0,0,0,0
경부선,서울,내남,16:00-17:00,36,26,0,6,1,2,0,1,0,0,0,0,0
경부선,서울,내남,17:00-18:00,25,21,0,2,1,0,0,1,0,0,0,0,0
경부선,서울,내남,18:00-19:00,12,10,0,0,1,0,0,0,0,0,1,0,0
경부선,서울,내남,19:00-20:00,13,9,0,3,1,0,0,0,0,0,0,0,0
경부선,서울,내남,20:00-21:00,7,4,0,0,0,1,1,1,0,0,0,0,0
경부선,서울,내남,21:00-22:00,9,6,0,1,0,1,0,1,0,0,0,0,0
경부선,서울,내남,22:00-23:00,4,3,0,0,0,0,0,1,0,0,0,0,0
경부선,서울,내남,23:00-24:00,4,1,0,1,0,1,0,1,0,0,0,0,0
경부선,서울,내남,00:00-01:00,5,2,0,0,0,2,0,0,0,0,1,0,0
경부선,서울,내남,01:00-02:00,5,3,0,0,0,1,0,0,0,0,1,0,0
경부선,서울,내남,02:00-03:00,2,0,0,0,1,0,0,1,0,0,0,0,0
경부선,서울,내남,03:00-04:00,2,1,0,0,1,0,0,0,0,0,0,0,0
경부선,서울,내남,04:00-05:00,1,0,0,0,0,0,1,0,0,0,0,0,0
경부선,서울,내남,05:00-06:00,10,7,0,1,1,0,0,1,0,0,0,0,0
경부선,서울,내남,06:00-07:00,13,8,0,3,1,1,0,0,0,0,0,0,0
경부선,부산,언양,07:00-08:00,20,5,0,5,2,4,3,0,0,0,1,0,0
경부선,부산,언양,08:00-09:00,20,11,0,1,4,3,0,1,0,0,0,0,0
경부선,부산,언양,09:00-10:00,19,11,0,5,2,0,0,1,0,0,0,0,0
경부선,부산,언양,10:00-11:00,34,13,0,10,6,0,2,2,0,0,1,0,0
경부선,부산,언양,11:00-12:00,25,11,0,5,1,3,2,2,0,0,1,0,0
경부선,부산,언양,12:00-13:00,30,13,0,5,4,3,0,2,0,0,3,0,0
경부선,부산,언양,13:00-14:00,33,16,0,8,2,3,1,2,0,0,1,0,0
경부선,부산,언양,14:00-15:00,36,18,1,6,3,3,0,3,0,0,1,0,1
경부선,부산,언양,15:00-16:00,51,28,0,11,7,3,1,1,0,0,0,0,0
경부선,부산,언양,16:00-17:00,40,27,0,6,4,0,0,2,0,0,0,0,1
경부선,부산,언양,17:00-18:00,23,14,1,2,1,0,1,2,0,0,2,0,0
경부선,부산,언양,18:00-19:00,18,13,0,2,0,2,0,1,0,0,0,0,0
경부선,부산,언양,19:00-20:00,15,12,0,1,0,1,0,0,0,0,0,0,1
경부선,부산,언양,20:00-21:00,17,14,0,2,0,0,0,1,0,0,0,0,0
경부선,부산,언양,21:00-22:00,10,9,0,0,0,1,0,0,0,0,0,0,0
경부선,부산,언양,22:00-23:00,11,5,0,1,0,3,1,1,0,0,0,0,0
경부선,부산,언양,23:00-24:00,8,3,0,0,1,3,0,1,0,0,0,0,0
경부선,부산,언양,00:00-01:00,10,6,0,1,2,1,0,0,0,0,0,0,0
경부선,부산,언양,01:00-02:00,5,3,0,2,0,0,0,0,0,0,0,0,0
경부선,부산,언양,02:00-03:00,2,0,0,1,0,0,1,0,0,0,0,0,0
경부선,부산,언양,03:00-04:00,4,1,0,0,0,2,0,1,0,0,0,0,0
경부선,부산,언양,04:00-05:00,8,1,0,0,2,2,1,1,0,0,1,0,0
경부선,부산,언양,05:00-06:00,13,1,0,0,3,6,1,2,0,0,0,0,0
경부선,부산,언양,06:00-07:00,15,1,0,3,3,6,2,0,0,0,0,0,0
경부선,부산,양산,07:00-08:00,21,11,2,5,1,1,0,1,0,0,0,0,0
경부선,부산,양산,08:00-09:00,15,5,0,6,0,3,0,1,0,0,0,0,0
경부선,부산,양산,09:00-10:00,32,15,0,9,5,2,0,1,0,0,0,0,0
경부선,부산,양산,10:00-11:00,27,10,0,10,5,1,1,0,0,0,0,0,0
경부선,부산,양산,11:00-12:00,28,13,0,6,3,2,1,3,0,0,0,0,0
경부선,부산,양산,12:00-13:00,30,16,0,8,2,3,0,1,0,0,0,0,0
경부선,부산,양산,13:00-14:00,45,31,0,7,6,0,1,0,0,0,0,0,0
경부선,부산,양산,14:00-15:00,52,37,0,11,0,3,0,0,0,0,1,0,0
경부선,부산,양산,15:00-16:00,57,33,0,15,4,1,1,0,0,0,2,0,1
경부선,부산,양산,16:00-17:00,60,43,1,14,0,0,2,0,0,0,0,0,0
경부선,부산,양산,17:00-18:00,61,44,1,11,2,3,0,0,0,0,0,0,0
경부선,부산,양산,18:00-19:00,44,38,0,5,0,0,1,0,0,0,0,0,0
경부선,부산,양산,19:00-20:00,30,27,0,1,1,1,0,0,0,0,0,0,0
경부선,부산,양산,20:00-21:00,25,24,0,0,0,1,0,0,0,0,0,0,0
경부선,부산,양산,21:00-22:00,13,11,1,0,0,1,0,0,0,0,0,0,0
경부선,부산,양산,22:00-23:00,12,10,0,2,0,0,0,0,0,0,0,0,0
경부선,부산,양산,23:00-24:00,9,7,0,0,0,1,0,0,0,0,1,0,0
경부선,부산,양산,00:00-01:00,5,1,0,1,0,2,0,0,0,0,1,0,0
경부선,부산,양산,01:00-02:00,5,2,0,2,0,1,0,0,0,0,0,0,0
경부선,부산,양산,02:00-03:00,4,2,0,0,1,1,0,0,0,0,0,0,0
경부선,부산,양산,03:00-04:00,6,2,0,1,0,1,1,0,0,0,1,0,0
경부선,부산,양산,04:00-05:00,5,2,0,1,0,1,1,0,0,0,0,0,0
경부선,부산,양산,05:00-06:00,4,1,0,3,0,0,0,0,0,0,0,0,0
경부선,부산,양산,06:00-07:00,14,4,0,4,1,1,2,1,0,0,1,0,0
경부선,서울,양산,07:00-08:00,35,22,0,2,8,2,0,0,0,0,0,0,1
경부선,서울,양산,08:00-09:00,30,15,0,2,10,1,1,1,0,0,0,0,0
경부선,서울,양산,09:00-10:00,60,29,2,12,7,4,2,3,0,0,0,0,1
경부선,서울,양산,10:00-11:00,71,37,0,25,5,2,1,1,0,0,0,0,0
경부선,서울,양산,11:00-12:00,66,34,0,28,2,0,1,1,0,0,0,0,0
경부선,서울,양산,12:00-13:00,62,34,0,16,4,4,2,2,0,0,0,0,0
경부선,서울,양산,13:00-14:00,50,26,0,14,3,4,2,0,0,0,1,0,0
경부선,서울,양산,14:00-15:00,64,43,0,15,2,2,1,0,0,0,1,0,0
경부선,서울,양산,15:00-16:00,72,41,0,24,3,1,2,1,0,0,0,0,0
경부선,서울,양산,16:00-17:00,77,54,0,21,2,0,0,0,0,0,0,0,0
경부선,서울,양산,17:00-18:00,55,42,0,11,2,0,0,0,0,0,0,0,0
경부선,서울,양산,18:00-19:00,34,27,0,5,1,0,0,0,0,0,1,0,0
경부선,서울,양산,19:00-20:00,30,27,0,1,0,1,0,0,0,0,1,0,0
경부선,서울,양산,20:00-21:00,15,12,0,2,0,1,0,0,0,0,0,0,0
경부선,서울,양산,21:00-22:00,12,8,0,2,1,0,1,0,0,0,0,0,0
경부선,서울,양산,22:00-23:00,7,5,0,1,0,0,1,0,0,0,0,0,0
경부선,서울,양산,23:00-24:00,9,5,0,1,0,1,1,1,0,0,0,0,0
경부선,서울,양산,00:00-01:00,4,2,0,0,0,0,1,0,0,0,0,0,1
경부선,서울,양산,01:00-02:00,5,3,0,0,1,0,0,1,0,0,0,0,0
경부선,서울,양산,02:00-03:00,4,2,0,1,0,0,0,1,0,0,0,0,0
경부선,서울,양산,03:00-04:00,1,1,0,0,0,0,0,0,0,0,0,0,0
경부선,서울,양산,04:00-05:00,4,0,0,1,1,0,0,0,0,0,1,0,1
경부선,서울,양산,05:00-06:00,13,8,0,1,2,0,0,1,0,0,1,0,0
경부선,서울,양산,06:00-07:00,18,9,0,3,0,2,3,0,0,0,1,0,0
고창담양선,담양,태령,07:00-08:00,6,6,0,0,0,0,0,0,0,0,0,0,0
고창담양선,담양,태령,08:00-09:00,11,7,0,1,2,1,0,0,0,0,0,0,0
고창담양선,담양,태령,09:00-10:00,17,11,0,3,1,0,1,0,0,0,1,0,0
고창담양선,담양,태령,10:00-11:00,9,7,0,2,0,0,0,0,0,0,0,0,0
고창담양선,담양,태령,11:00-12:00,15,10,0,3,0,1,0,0,0,0,1,0,0
고창담양선,담양,태령,12:00-13:00,13,6,0,4,1,0,0,1,0,0,1,0,0
고창담양선,담양,태령,13:00-14:00,16,10,0,2,2,1,0,1,0,0,0,0,0
고창담양선,담양,태령,14:00-15:00,17,14,0,2,0,0,0,0,0,0,1,0,0
고창담양선,담양,태령,15:00-16:00,16,11,0,3,0,1,1,0,0,0,0,0,0
고창담양선,담양,태령,16:00-17:00,16,14,0,1,1,0,0,0,0,0,0,0,0
고창담양선,담양,태령,17:00-18:00,8,7,0,0,0,1,0,0,0,0,0,0,0
고창담양선,담양,태령,18:00-19:00,20,19,0,0,0,0,1,0,0,0,0,0,0
고창담양선,담양,태령,19:00-20:00,8,8,0,0,0,0,0,0,0,0,0,0,0
고창담양선,담양,태령,20:00-21:00,7,5,0,1,0,1,0,0,0,0,0,0,0
고창담양선,담양,태령,21:00-22:00,5,4,0,1,0,0,0,0,0,0,0,0,0
고창담양선,담양,태령,22:00-23:00,1,0,0,0,0,1,0,0,0,0,0,0,0
고창담양선,담양,태령,23:00-24:00,0,0,0,0,0,0,0,0,0,0,0,0,0
고창담양선,담양,태령,00:00-01:00,0,0,0,0,0,0,0,0,0,0,0,0,0
고창담양선,담양,태령,01:00-02:00,2,1,0,0,0,0,0,1,0,0,0,0,0
고창담양선,담양,태령,02:00-03:00,2,0,0,0,1,1,0,0,0,0,0,0,0
고창담양선,담양,태령,03:00-04:00,0,0,0,0,0,0,0,0,0,0,0,0,0
고창담양선,담양,태령,04:00-05:00,1,1,0,0,0,0,0,0,0,0,0,0,0
고창담양선,담양,태령,05:00-06:00,3,2,0,0,0,0,0,1,0,0,0,0,0
고창담양선,담양,태령,06:00-07:00,9,5,0,2,0,1,0,0,0,0,1,0,0
무안광주·광주대구선,광주,대강,07:00-08:00,6,3,0,0,2,0,0,1,0,0,0,0,0
무안광주·광주대구선,광주,대강,08:00-09:00,10,8,0,0,1,1,0,0,0,0,0,0,0
무안광주·광주대구선,광주,대강,09:00-10:00,12,10,0,0,1,1,0,0,0,0,0,0,0
무안광주·광주대구선,광주,대강,10:00-11:00,16,13,0,2,1,0,0,0,0,0,0,0,0
무안광주·광주대구선,광주,대강,11:00-12:00,18,13,0,2,1,2,0,0,0,0,0,0,0
무안광주·광주대구선,광주,대강,12:00-13:00,11,7,0,2,1,1,0,0,0,0,0,0,0
무안광주·광주대구선,광주,대강,13:00-14:00,18,11,0,3,3,0,0,1,0,0,0,0,0
무안광주·광주대구선,광주,대강,14:00-15:00,18,13,0,4,0,1,0,0,0,0,0,0,0
무안광주·광주대구선,광주,대강,15:00-16:00,14,12,0,0,2,0,0,0,0,0,0,0,0
무안광주·광주대구선,광주,대강,16:00-17:00,22,14,0,5,1,2,0,0,0,0,0,0,0
무안광주·광주대구선,광주,대강,17:00-18:00,22,20,0,2,0,0,0,0,0,0,0,0,0
무안광주·광주대구선,광주,대강,18:00-19:00,10,7,0,3,0,0,0,0,0,0,0,0,0
무안광주·광주대구선,광주,대강,19:00-20:00,11,9,0,2,0,0,0,0,0,0,0,0,0
무안광주·광주대구선,광주,대강,20:00-21:00,7,5,0,1,1,0,0,0,0,0,0,0,0
무안광주·광주대구선,광주,대강,21:00-22:00,3,2,0,0,0,1,0,0,0,0,0,0,0
무안광주·광주대구선,광주,대강,22:00-23:00,7,5,0,1,0,0,1,0,0,0,0,0,0
무안광주·광주대구선,광주,대강,23:00-24:00,0,0,0,0,0,0,0,0,0,0,0,0,0
무안광주·광주대구선,광주,대강,00:00-01:00,2,1,0,0,0,1,0,0,0,0,0,0,0
무안광주·광주대구선,광주,대강,01:00-02:00,2,2,0,0,0,0,0,0,0,0,0,0,0
무안광주·광주대구선,광주,대강,02:00-03:00,1,1,0,0,0,0,0,0,0,0,0,0,0
무안광주·광주대구선,광주,대강,03:00-04:00,2,0,0,1,1,0,0,0,0,0,0,0,0
무안광주·광주대구선,광주,대강,04:00-05:00,4,1,0,1,1,1,0,0,0,0,0,0,0
무안광주·광주대구선,광주,대강,05:00-06:00,6,1,0,1,2,1,1,0,0,0,0,0,0
무안광주·광주대구선,광주,대강,06:00-07:00,6,3,0,2,1,0,0,0,0,0,0,0,0
무안광주·광주대구선,광주,남상,07:00-08:00,10,5,0,2,3,0,0,0,0,0,0,0,0
무안광주·광주대구선,광주,남상,08:00-09:00,10,8,0,2,0,0,0,0,0,0,0,0,0
무안광주·광주대구선,광주,남상,09:00-10:00,15,7,0,3,2,3,0,0,0,0,0,0,0
무안광주·광주대구선,광주,남상,10:00-11:00,23,17,0,4,0,2,0,0,0,0,0,0,0
무안광주·광주대구선,광주,남상,11:00-12:00,17,11,0,4,1,1,0,0,0,0,0,0,0
무안광주·광주대구선,광주,남상,12:00-13:00,20,13,0,5,0,0,1,1,0,0,0,0,0
무안광주·광주대구선,광주,남상,13:00-14:00,21,12,0,8,0,0,1,0,0,0,0,0,0
무안광주·광주대구선,광주,남상,14:00-15:00,13,7,0,4,1,1,0,0,0,0,0,0,0
무안광주·광주대구선,광주,남상,15:00-16:00,23,15,0,7,0,0,0,1,0,0,0,0,0
무안광주·광주대구선,광주,남상,16:00-17:00,9,7,0,1,0,0,0,1,0,0,0,0,0
무안광주·광주대구선,광주,남상,17:00-18:00,15,12,0,2,0,0,1,0,0,0,0,0,0
무안광주·광주대구선,광주,남상,18:00-19:00,6,4,0,1,0,1,0,0,0,0,0,0,0
무안광주·광주대구선,광주,남상,19:00-20:00,7,5,0,0,1,0,1,0,0,0,0,0,0
무안광주·광주대구선,광주,남상,20:00-21:00,12,8,0,2,0,0,1,1,0,0,0,0,0
무안광주·광주대구선,광주,남상,21:00-22:00,4,2,0,0,0,1,0,1,0,0,0,0,0
무안광주·광주대구선,광주,남상,22:00-23:00,3,2,0,1,0,0,0,0,0,0,0,0,0
무안광주·광주대구선,광주,남상,23:00-24:00,3,1,0,0,0,0,1,1,0,0,0,0,0
무안광주·광주대구선,광주,남상,00:00-01:00,3,3,0,0,0,0,0,0,0,0,0,0,0
무안광주·광주대구선,광주,남상,01:00-02:00,1,0,0,1,0,0,0,0,0,0,0,0,0
무안광주·광주대구선,광주,남상,02:00-03:00,3,3,0,0,0,0,0,0,0,0,0,0,0
무안광주·광주대구선,광주,남상,03:00-04:00,1,0,0,0,0,0,0,1,0,0,0,0,0
무안광주·광주대구선,광주,남상,04:00-05:00,2,0,0,1,1,0,0,0,0,0,0,0,0
무안광주·광주대구선,광주,남상,05:00-06:00,11,3,0,4,2,1,0,1,0,0,0,0,0
무안광주·광주대구선,광주,남상,06:00-07:00,13,6,0,4,2,1,0,0,0,0,0,0,0
무안광주·광주대구선,대구,남상,07:00-08:00,19,8,0,6,3,0,0,2,0,0,0,0,0
무안광주·광주대구선,대구,남상,08:00-09:00,9,4,0,1,2,2,0,0,0,0,0,0,0
무안광주·광주대구선,대구,남상,09:00-10:00,8,4,0,2,2,0,0,0,0,0,0,0,0
무안광주·광주대구선,대구,남상,10:00-11:00,12,9,0,2,1,0,0,0,0,0,0,0,0
무안광주·광주대구선,대구,남상,11:00-12:00,18,8,0,2,3,2,2,1,0,0,0,0,0
무안광주·광주대구선,대구,남상,12:00-13:00,21,8,0,4,7,2,0,0,0,0,0,0,0
무안광주·광주대구선,대구,남상,13:00-14:00,15,7,0,4,3,0,1,0,0,0,0,0,0
무안광주·광주대구선,대구,남상,14:00-15:00,18,10,1,4,2,1,0,0,0,0,0,0,0
무안광주·광주대구선,대구,남상,15:00-16:00,23,18,0,1,1,3,0,0,0,0,0,0,0
무안광주·광주대구선,대구,남상,16:00-17:00,15,11,0,3,0,1,0,0,0,0,0,0,0
무안광주·광주대구선,대구,남상,17:00-18:00,14,7,0,6,1,0,0,0,0,0,0,0,0
무안광주·광주대구선,대구,남상,18:00-19:00,12,9,0,1,1,1,0,0,0,0,0,0,0
무안광주·광주대구선,대구,남상,19:00-20:00,7,3,0,1,1,2,0,0,0,0,0,0,0
무안광주·광주대구선,대구,남상,20:00-21:00,4,2,0,0,1,1,0,0,0,0,0,0,0
무안광주·광주대구선,대구,남상,21:00-22:00,3,2,0,1,0,0,0,0,0,0,0,0,0
무안광주·광주대구선,대구,남상,22:00-23:00,6,0,0,1,1,3,0,1,0,0,0,0,0
무안광주·광주대구선,대구,남상,23:00-24:00,4,2,0,1,1,0,0,0,0,0,0,0,0
무안광주·광주대구선,대구,남상,00:00-01:00,1,0,0,0,0,1,0,0,0,0,0,0,0
무안광주·광주대구선,대구,남상,01:00-02:00,1,0,0,0,0,0,1,0,0,0,0,0,0
무안광주·광주대구선,대구,남상,02:00-03:00,1,1,0,0,0,0,0,0,0,0,0,0,0
무안광주·광주대구선,대구,남상,03:00-04:00,0,0,0,0,0,0,0,0,0,0,0,0,0
무안광주·광주대구선,대구,남상,04:00-05:00,2,1,0,1,0,0,0,0,0,0,0,0,0
무안광주·광주대구선,대구,남상,05:00-06:00,1,1,0,0,0,0,0,0,0,0,0,0,0
무안광주·광주대구선,대구,남상,06:00-07:00,7,2,0,0,1,4,0,0,0,0,0,0,0
무안광주·광주대구선,광주,쌍림,07:00-08:00,15,12,0,3,0,0,0,0,0,0,0,0,0
무안광주·광주대구선,광주,쌍림,08:00-09:00,25,19,0,5,1,0,0,0,0,0,0,0,0
무안광주·광주대구선,광주,쌍림,09:00-10:00,20,12,0,4,3,1,0,0,0,0,0,0,0
무안광주·광주대구선,광주,쌍림,10:00-11:00,31,25,0,5,1,0,0,0,0,0,0,0,0
무안광주·광주대구선,광주,쌍림,11:00-12:00,34,26,0,5,2,1,0,0,0,0,0,0,0
무안광주·광주대구선,광주,쌍림,12:00-13:00,26,15,0,9,2,0,0,0,0,0,0,0,0
무안광주·광주대구선,광주,쌍림,13:00-14:00,20,14,0,3,2,1,0,0,0,0,0,0,0
무안광주·광주대구선,광주,쌍림,14:00-15:00,27,17,1,6,3,0,0,0,0,0,0,0,0
무안광주·광주대구선,광주,쌍림,15:00-16:00,27,20,0,5,2,0,0,0,0,0,0,0,0
무안광주·광주대구선,광주,쌍림,16:00-17:00,25,19,0,5,1,0,0,0,0,0,0,0,0
무안광주·광주대구선,광주,쌍림,17:00-18:00,20,14,0,1,4,1,0,0,0,0,0,0,0
무안광주·광주대구선,광주,쌍림,18:00-19:00,16,13,0,3,0,0,0,0,0,0,0,0,0
무안광주·광주대구선,광주,쌍림,19:00-20:00,10,8,0,0,1,1,0,0,0,0,0,0,0
무안광주·광주대구선,광주,쌍림,20:00-21:00,10,10,0,0,0,0,0,0,0,0,0,0,0
무안광주·광주대구선,광주,쌍림,21:00-22:00,7,4,0,1,1,1,0,0,0,0,0,0,0
무안광주·광주대구선,광주,쌍림,22:00-23:00,2,2,0,0,0,0,0,0,0,0,0,0,0
무안광주·광주대구선,광주,쌍림,23:00-24:00,7,6,0,1,0,0,0,0,0,0,0,0,0
무안광주·광주대구선,광주,쌍림,00:00-01:00,3,1,0,0,0,0,1,0,0,0,0,0,1
무안광주·광주대구선,광주,쌍림,01:00-02:00,5,4,0,1,0,0,0,0,0,0,0,0,0
무안광주·광주대구선,광주,쌍림,02:00-03:00,1,1,0,0,0,0,0,0,0,0,0,0,0
무안광주·광주대구선,광주,쌍림,03:00-04:00,3,1,0,0,0,0,0,1,0,0,0,0,1
무안광주·광주대구선,광주,쌍림,04:00-05:00,7,3,0,1,0,1,1,1,0,0,0,0,0
무안광주·광주대구선,광주,쌍림,05:00-06:00,8,3,0,1,2,0,1,0,0,0,0,0,1
무안광주·광주대구선,광주,쌍림,06:00-07:00,12,8,0,3,1,0,0,0,0,0,0,0,0
무안광주·광주대구선,대구,고령,07:00-08:00,13,6,1,3,1,1,1,0,0,0,0,0,0
무안광주·광주대구선,대구,고령,08:00-09:00,13,7,0,2,0,3,1,0,0,0,0,0,0
무안광주·광주대구선,대구,고령,09:00-10:00,28,12,0,8,3,3,0,1,0,0,1,0,0
무안광주·광주대구선,대구,고령,10:00-11:00,35,19,1,6,5,2,1,0,0,0,1,0,0
무안광주·광주대구선,대구,고령,11:00-12:00,34,21,0,6,0,6,1,0,0,0,0,0,0
무안광주·광주대구선,대구,고령,12:00-13:00,36,22,0,9,1,2,1,0,0,0,1,0,0
무안광주·광주대구선,대구,고령,13:00-14:00,38,23,0,9,0,5,1,0,0,0,0,0,0
무안광주·광주대구선,대구,고령,14:00-15:00,27,20,0,1,0,2,1,2,0,0,1,0,0
무안광주·광주대구선,대구,고령,15:00-16:00,42,29,0,9,1,1,0,0,0,0,1,0,1
무안광주·광주대구선,대구,고령,16:00-17:00,43,32,0,6,3,2,0,0,0,0,0,0,0
무안광주·광주대구선,대구,고령,17:00-18:00,42,33,1,4,3,0,1,0,0,0,0,0,0
무안광주·광주대구선,대구,고령,18:00-19:00,28,23,0,3,1,1,0,0,0,0,0,0,0
무안광주·광주대구선,대구,고령,19:00-20:00,21,17,0,1,2,1,0,0,0,0,0,0,0
무안광주·광주대구선,대구,고령,20:00-21:00,13,11,0,0,0,1,1,0,0,0,0,0,0
무안광주·광주대구선,대구,고령,21:00-22:00,12,10,0,1,0,1,0,0,0,0,0,0,0
무안광주·광주대구선,대구,고령,22:00-23:00,6,4,0,1,1,0,0,0,0,0,0,0,0
무안광주·광주대구선,대구,고령,23:00-24:00,8,4,0,3,0,1,0,0,0,0,0,0,0
무안광주·광주대구선,대구,고령,00:00-01:00,4,2,0,1,0,1,0,0,0,0,0,0,0
무안광주·광주대구선,대구,고령,01:00-02:00,6,1,0,2,0,2,1,0,0,0,0,0,0
무안광주·광주대구선,대구,고령,02:00-03:00,1,1,0,0,0,0,0,0,0,0,0,0,0
무안광주·광주대구선,대구,고령,03:00-04:00,2,1,0,0,0,1,0,0,0,0,0,0,0
무안광주·광주대구선,대구,고령,04:00-05:00,7,2,0,1,1,1,1,0,0,0,1,0,0
무안광주·광주대구선,대구,고령,05:00-06:00,8,2,0,1,2,3,0,0,0,0,0,0,0
무안광주·광주대구선,대구,고령,06:00-07:00,11,7,0,0,1,3,0,0,0,0,0,0,0
남해제1지선,산인,창원,07:00-08:00,28,21,2,2,2,0,1,0,0,0,0,0,0
남해제1지선,산인,창원,08:00-09:00,26,10,0,11,4,0,1,0,0,0,0,0,0
남해제1지선,산인,창원,09:00-10:00,50,26,1,17,3,2,0,0,1,0,0,0,0
남해제1지선,산인,창원,10:00-11:00,51,36,0,9,2,3,0,1,0,0,0,0,0
남해제1지선,산인,창원,11:00-12:00,44,27,0,11,1,2,1,1,0,0,0,0,1
남해제1지선,산인,창원,12:00-13:00,44,28,0,8,2,3,0,1,0,0,2,0,0
남해제1지선,산인,창원,13:00-14:00,29,20,0,6,2,1,0,0,0,0,0,0,0
남해제1지선,산인,창원,14:00-15:00,36,27,0,5,4,0,0,0,0,0,0,0,0
남해제1지선,산인,창원,15:00-16:00,26,20,0,1,4,0,0,1,0,0,0,0,0
남해제1지선,산인,창원,16:00-17:00,34,24,0,6,1,2,0,0,0,0,0,0,1
남해제1지선,산인,창원,17:00-18:00,32,27,0,3,1,1,0,0,0,0,0,0,0
남해제1지선,산인,창원,18:00-19:00,27,20,1,5,0,0,0,0,0,0,0,0,1
남해제1지선,산인,창원,19:00-20:00,20,19,0,0,0,0,0,0,1,0,0,0,0
남해제1지선,산인,창원,20:00-21:00,12,11,0,0,0,0,0,0,0,0,0,0,1
남해제1지선,산인,창원,21:00-22:00,9,6,0,0,1,1,0,0,0,0,1,0,0
남해제1지선,산인,창원,22:00-23:00,9,7,0,2,0,0,0,0,0,0,0,0,0
남해제1지선,산인,창원,23:00-24:00,3,2,0,1,0,0,0,0,0,0,0,0,0
남해제1지선,산인,창원,00:00-01:00,6,2,0,3,0,0,1,0,0,0,0,0,0
남해제1지선,산인,창원,01:00-02:00,3,2,0,1,0,0,0,0,0,0,0,0,0
남해제1지선,산인,창원,02:00-03:00,2,1,0,0,0,0,0,1,0,0,0,0,0
남해제1지선,산인,창원,03:00-04:00,4,0,0,2,1,0,0,1,0,0,0,0,0
남해제1지선,산인,창원,04:00-05:00,2,0,0,0,1,0,0,1,0,0,0,0,0
남해제1지선,산인,창원,05:00-06:00,7,3,0,3,1,0,0,0,0,0,0,0,0
남해제1지선,산인,창원,06:00-07:00,13,7,0,3,1,0,1,1,0,0,0,0,0
남해제1지선,창원,창원,07:00-08:00,26,16,0,6,3,1,0,0,0,0,0,0,0
남해제1지선,창원,창원,08:00-09:00,23,11,0,6,1,3,2,0,0,0,0,0,0
남해제1지선,창원,창원,09:00-10:00,36,21,1,7,3,2,1,1,0,0,0,0,0
남해제1지선,창원,창원,10:00-11:00,42,23,0,13,5,1,0,0,0,0,0,0,0
남해제1지선,창원,창원,11:00-12:00,62,34,0,16,8,2,1,1,0,0,0,0,0
남해제1지선,창원,창원,12:00-13:00,40,24,0,11,3,2,0,0,0,0,0,0,0
남해제1지선,창원,창원,13:00-14:00,46,35,0,8,1,1,0,1,0,0,0,0,0
남해제1지선,창원,창원,14:00-15:00,67,43,1,14,4,2,2,0,0,0,1,0,0
남해제1지선,창원,창원,15:00-16:00,58,38,0,16,2,0,1,0,0,0,0,0,1
남해제1지선,창원,창원,16:00-17:00,80,62,0,14,3,1,0,0,0,0,0,0,0
남해제1지선,창원,창원,17:00-18:00,48,28,1,14,2,0,0,1,0,0,0,0,2
남해제1지선,창원,창원,18:00-19:00,50,40,0,9,1,0,0,0,0,0,0,0,0
남해제1지선,창원,창원,19:00-20:00,23,19,0,3,0,0,0,1,0,0,0,0,0
남해제1지선,창원,창원,20:00-21:00,21,19,0,1,1,0,0,0,0,0,0,0,0
남해제1지선,창원,창원,21:00-22:00,12,10,0,1,1,0,0,0,0,0,0,0,0
남해제1지선,창원,창원,22:00-23:00,12,9,0,3,0,0,0,0,0,0,0,0,0
남해제1지선,창원,창원,23:00-24:00,4,4,0,0,0,0,0,0,0,0,0,0,0
남해제1지선,창원,창원,00:00-01:00,8,6,0,0,1,0,0,0,0,0,1,0,0
남해제1지선,창원,창원,01:00-02:00,3,2,0,1,0,0,0,0,0,0,0,0,0
남해제1지선,창원,창원,02:00-03:00,2,1,0,0,1,0,0,0,0,0,0,0,0
남해제1지선,창원,창원,03:00-04:00,1,0,0,0,0,0,0,1,0,0,0,0,0
남해제1지선,창원,창원,04:00-05:00,1,0,0,0,0,1,0,0,0,0,0,0,0
남해제1지선,창원,창원,05:00-06:00,10,4,0,1,0,1,1,1,0,0,1,0,1
남해제1지선,창원,창원,06:00-07:00,8,4,0,2,1,1,0,0,0,0,0,0,0
남해선,부산,광양,07:00-08:00,7,1,0,1,1,1,1,0,0,0,2,0,0
남해선,부산,광양,08:00-09:00,9,4,0,1,0,1,0,1,0,0,1,0,1
남해선,부산,광양,09:00-10:00,14,5,1,4,0,2,0,1,0,0,1,0,0
남해선,부산,광양,10:00-11:00,10,8,0,0,0,1,0,0,0,0,1,0,0
남해선,부산,광양,11:00-12:00,12,7,0,1,1,2,0,0,0,0,1,0,0
남해선,부산,광양,12:00-13:00,4,0,0,1,0,0,2,1,0,0,0,0,0
남해선,부산,광양,13:00-14:00,8,5,0,1,0,1,0,0,0,0,0,0,1
남해선,부산,광양,14:00-15:00,12,7,0,3,0,1,1,0,0,0,0,0,0
남해선,부산,광양,15:00-16:00,10,10,0,0,0,0,0,0,0,0,0,0,0
남해선,부산,광양,16:00-17:00,14,11,0,0,3,0,0,0,0,0,0,0,0
남해선,부산,광양,17:00-18:00,10,6,0,2,0,1,0,0,0,0,1,0,0
남해선,부산,광양,18:00-19:00,8,7,0,0,1,0,0,0,0,0,0,0,0
남해선,부산,광양,19:00-20:00,9,7,0,0,0,1,0,0,0,0,1,0,0
남해선,부산,광양,20:00-21:00,2,2,0,0,0,0,0,0,0,0,0,0,0
남해선,부산,광양,21:00-22:00,7,4,0,1,1,0,0,0,0,0,1,0,0
남해선,부산,광양,22:00-23:00,6,3,1,0,1,0,0,1,0,0,0,0,0
남해선,부산,광양,23:00-24:00,1,0,0,0,0,0,1,0,0,0,0,0,0
남해선,부산,광양,00:00-01:00,4,4,0,0,0,0,0,0,0,0,0,0,0
남해선,부산,광양,01:00-02:00,1,0,0,0,0,0,0,1,0,0,0,0,0
남해선,부산,광양,02:00-03:00,1,1,0,0,0,0,0,0,0,0,0,0,0
남해선,부산,광양,03:00-04:00,2,0,0,0,0,1,1,0,0,0,0,0,0
남해선,부산,광양,04:00-05:00,2,0,0,0,0,1,0,1,0,0,0,0,0
남해선,부산,광양,05:00-06:00,5,2,0,1,1,1,0,0,0,0,0,0,0
남해선,부산,광양,06:00-07:00,4,1,0,1,0,0,0,1,0,0,1,0,0
남해선,순천,광양,07:00-08:00,8,5,0,1,2,0,0,0,0,0,0,0,0
남해선,순천,광양,08:00-09:00,22,8,0,3,3,4,2,0,0,0,2,0,0
남해선,순천,광양,09:00-10:00,12,8,0,3,1,0,0,0,0,0,0,0,0
남해선,순천,광양,10:00-11:00,7,5,0,0,2,0,0,0,0,0,0,0,0
남해선,순천,광양,11:00-12:00,15,8,0,1,0,3,1,0,0,0,2,0,0
남해선,순천,광양,12:00-13:00,11,5,0,0,0,3,1,0,0,0,2,0,0
남해선,순천,광양,13:00-14:00,8,5,0,1,0,0,0,2,0,0,0,0,0
남해선,순천,광양,14:00-15:00,14,8,0,3,0,2,0,0,0,0,1,0,0
남해선,순천,광양,15:00-16:00,21,17,0,1,1,0,0,1,0,0,0,0,1
남해선,순천,광양,16:00-17:00,11,10,0,1,0,0,0,0,0,0,0,0,0
남해선,순천,광양,17:00-18:00,14,9,0,2,2,1,0,0,0,0,0,0,0
남해선,순천,광양,18:00-19:00,9,5,0,3,1,0,0,0,0,0,0,0,0
남해선,순천,광양,19:00-20:00,9,9,0,0,0,0,0,0,0,0,0,0,0
남해선,순천,광양,20:00-21:00,8,4,0,1,0,1,1,1,0,0,0,0,0
남해선,순천,광양,21:00-22:00,8,4,0,2,0,2,0,0,0,0,0,0,0
남해선,순천,광양,22:00-23:00,3,3,0,0,0,0,0,0,0,0,0,0,0
남해선,순천,광양,23:00-24:00,2,2,0,0,0,0,0,0,0,0,0,0,0
남해선,순천,광양,00:00-01:00,4,0,0,2,0,1,0,0,0,0,1,0,0
남해선,순천,광양,01:00-02:00,1,0,0,0,1,0,0,0,0,0,0,0,0
남해선,순천,광양,02:00-03:00,1,0,0,0,0,0,0,0,0,0,0,0,1
남해선,순천,광양,03:00-04:00,2,1,0,1,0,0,0,0,0,0,0,0,0
남해선,순천,광양,04:00-05:00,6,3,0,1,0,1,0,0,0,0,0,0,1
남해선,순천,광양,05:00-06:00,8,3,0,2,0,1,0,1,0,0,0,0,1
남해선,순천,광양,06:00-07:00,5,2,0,0,2,1,0,0,0,0,0,0,0
남해선,부산,곤양,07:00-08:00,6,4,0,1,1,0,0,0,0,0,0,0,0
남해선,부산,곤양,08:00-09:00,10,3,0,4,2,0,0,1,0,0,0,0,0
남해선,부산,곤양,09:00-10:00,14,9,0,2,2,0,0,1,0,0,0,0,0
남해선,부산,곤양,10:00-11:00,19,11,2,1,2,1,0,2,0,0,0,0,0
남해선,부산,곤양,11:00-12:00,20,10,0,6,1,0,1,1,0,0,1,0,0
남해선,부산,곤양,12:00-13:00,26,17,0,4,2,0,0,1,0,0,2,0,0
남해선,부산,곤양,13:00-14:00,26,18,0,5,1,1,1,0,0,0,0,0,0
남해선,부산,곤양,14:00-15:00,31,20,0,8,1,1,0,0,0,0,1,0,0
남해선,부산,곤양,15:00-16:00,33,27,0,4,1,0,0,0,0,0,0,0,1
남해선,부산,곤양,16:00-17:00,37,29,0,7,0,1,0,0,0,0,0,0,0
남해선,부산,곤양,17:00-18:00,21,13,0,5,1,0,0,1,0,0,1,0,0
남해선,부산,곤양,18:00-19:00,28,25,0,3,0,0,0,0,0,0,0,0,0
남해선,부산,곤양,19:00-20:00,12,7,0,3,1,0,0,0,0,0,1,0,0
남해선,부산,곤양,20:00-21:00,11,9,0,1,1,0,0,0,0,0,0,0,0
남해선,부산,곤양,21:00-22:00,4,3,0,0,1,0,0,0,0,0,0,0,0
남해선,부산,곤양,22:00-23:00,1,1,0,0,0,0,0,0,0,0,0,0,0
남해선,부산,곤양,23:00-24:00,3,3,0,0,0,0,0,0,0,0,0,0,0
남해선,부산,곤양,00:00-01:00,3,1,0,1,0,1,0,0,0,0,0,0,0
남해선,부산,곤양,01:00-02:00,3,1,0,2,0,0,0,0,0,0,0,0,0
남해선,부산,곤양,02:00-03:00,1,0,0,0,1,0,0,0,0,0,0,0,0
남해선,부산,곤양,03:00-04:00,6,2,0,0,0,1,0,2,0,0,0,0,1
남해선,부산,곤양,04:00-05:00,3,1,0,0,0,0,1,1,0,0,0,0,0
남해선,부산,곤양,05:00-06:00,1,1,0,0,0,0,0,0,0,0,0,0,0
남해선,부산,곤양,06:00-07:00,8,2,0,5,0,0,0,1,0,0,0,0,0
남해선,영암,강진,07:00-08:00,4,4,0,0,0,0,0,0,0,0,0,0,0
남해선,영암,강진,08:00-09:00,11,8,0,1,1,0,0,1,0,0,0,0,0
남해선,영암,강진,09:00-10:00,8,6,0,1,0,0,0,1,0,0,0,0,0
남해선,영암,강진,10:00-11:00,19,14,0,3,1,1,0,0,0,0,0,0,0
남해선,영암,강진,11:00-12:00,12,10,0,1,0,0,0,1,0,0,0,0,0
남해선,영암,강진,12:00-13:00,6,4,0,1,0,0,1,0,0,0,0,0,0
남해선,영암,강진,13:00-14:00,16,10,0,4,1,0,0,1,0,0,0,0,0
남해선,영암,강진,14:00-15:00,11,7,0,3,1,0,0,0,0,0,0,0,0
남해선,영암,강진,15:00-16:00,14,10,0,3,0,0,0,1,0,0,0,0,0
남해선,영암,강진,16:00-17:00,17,11,1,4,0,0,1,0,0,0,0,0,0
남해선,영암,강진,17:00-18:00,7,5,0,2,0,0,0,0,0,0,0,0,0
남해선,영암,강진,18:00-19:00,6,6,0,0,0,0,0,0,0,0,0,0,0
남해선,영암,강진,19:00-20:00,7,5,0,1,0,1,0,0,0,0,0,0,0
남해선,영암,강진,20:00-21:00,5,5,0,0,0,0,0,0,0,0,0,0,0
남해선,영암,강진,21:00-22:00,1,0,0,1,0,0,0,0,0,0,0,0,0
남해선,영암,강진,22:00-23:00,2,1,0,0,0,1,0,0,0,0,0,0,0
남해선,영암,강진,23:00-24:00,3,2,0,0,0,1,0,0,0,0,0,0,0
남해선,영암,강진,00:00-01:00,1,1,0,0,0,0,0,0,0,0,0,0,0
남해선,영암,강진,01:00-02:00,1,0,0,0,0,1,0,0,0,0,0,0,0
남해선,영암,강진,02:00-03:00,2,1,0,1,0,0,0,0,0,0,0,0,0
남해선,영암,강진,03:00-04:00,0,0,0,0,0,0,0,0,0,0,0,0,0
남해선,영암,강진,04:00-05:00,2,2,0,0,0,0,0,0,0,0,0,0,0
남해선,영암,강진,05:00-06:00,2,2,0,0,0,0,0,0,0,0,0,0,0
남해선,영암,강진,06:00-07:00,2,1,0,0,0,0,0,1,0,0,0,0,0
동해·울산포항선,포항,화산,07:00-08:00,9,7,0,2,0,0,0,0,0,0,0,0,0
동해·울산포항선,포항,화산,08:00-09:00,18,10,0,7,1,0,0,0,0,0,0,0,0
동해·울산포항선,포항,화산,09:00-10:00,20,16,0,3,0,0,1,0,0,0,0,0,0
동해·울산포항선,포항,화산,10:00-11:00,17,12,0,4,1,0,0,0,0,0,0,0,0
동해·울산포항선,포항,화산,11:00-12:00,20,16,0,3,1,0,0,0,0,0,0,0,0
동해·울산포항선,포항,화산,12:00-13:00,22,19,0,3,0,0,0,0,0,0,0,0,0
동해·울산포항선,포항,화산,13:00-14:00,23,15,0,6,1,0,1,0,0,0,0,0,0
동해·울산포항선,포항,화산,14:00-15:00,20,14,0,4,0,0,1,0,0,0,0,0,1
동해·울산포항선,포항,화산,15:00-16:00,20,14,0,3,0,3,0,0,0,0,0,0,0
동해·울산포항선,포항,화산,16:00-17:00,18,14,0,2,0,1,0,1,0,0,0,0,0
동해·울산포항선,포항,화산,17:00-18:00,5,2,0,2,1,0,0,0,0,0,0,0,0
동해·울산포항선,포항,화산,18:00-19:00,10,8,0,2,0,0,0,0,0,0,0,0,0
동해·울산포항선,포항,화산,19:00-20:00,10,10,0,0,0,0,0,0,0,0,0,0,0
동해·울산포항선,포항,화산,20:00-21:00,4,3,0,0,0,0,0,0,1,0,0,0,0
동해·울산포항선,포항,화산,21:00-22:00,5,5,0,0,0,0,0,0,0,0,0,0,0
동해·울산포항선,포항,화산,22:00-23:00,1,1,0,0,0,0,0,0,0,0,0,0,0
동해·울산포항선,포항,화산,23:00-24:00,0,0,0,0,0,0,0,0,0,0,0,0,0
동해·울산포항선,포항,화산,00:00-01:00,4,3,0,0,0,1,0,0,0,0,0,0,0
동해·울산포항선,포항,화산,01:00-02:00,7,7,0,0,0,0,0,0,0,0,0,0,0
동해·울산포항선,포항,화산,02:00-03:00,2,1,0,1,0,0,0,0,0,0,0,0,0
동해·울산포항선,포항,화산,03:00-04:00,0,0,0,0,0,0,0,0,0,0,0,0,0
동해·울산포항선,포항,화산,04:00-05:00,1,0,0,0,1,0,0,0,0,0,0,0,0
동해·울산포항선,포항,화산,05:00-06:00,4,3,0,0,0,1,0,0,0,0,0,0,0
동해·울산포항선,포항,화산,06:00-07:00,4,3,0,1,0,0,0,0,0,0,0,0,0
동해·울산포항선,대구,기계,07:00-08:00,2,1,0,0,1,0,0,0,0,0,0,0,0
동해·울산포항선,대구,기계,08:00-09:00,4,4,0,0,0,0,0,0,0,0,0,0,0
동해·울산포항선,대구,기계,09:00-10:00,22,19,0,2,0,0,0,0,0,0,1,0,0
동해·울산포항선,대구,기계,10:00-11:00,11,8,0,1,2,0,0,0,0,0,0,0,0
동해·울산포항선,대구,기계,11:00-12:00,12,8,0,2,1,0,0,0,0,0,1,0,0
동해·울산포항선,대구,기계,12:00-13:00,12,9,0,2,1,0,0,0,0,0,0,0,0
동해·울산포항선,대구,기계,13:00-14:00,21,16,0,5,0,0,0,0,0,0,0,0,0
동해·울산포항선,대구,기계,14:00-15:00,25,19,0,6,0,0,0,0,0,0,0,0,0
동해·울산포항선,대구,기계,15:00-16:00,26,20,0,6,0,0,0,0,0,0,0,0,0
동해·울산포항선,대구,기계,16:00-17:00,26,21,0,4,1,0,0,0,0,0,0,0,0
동해·울산포항선,대구,기계,17:00-18:00,21,20,0,1,0,0,0,0,0,0,0,0,0
동해·울산포항선,대구,기계,18:00-19:00,17,15,0,2,0,0,0,0,0,0,0,0,0
동해·울산포항선,대구,기계,19:00-20:00,9,8,0,0,0,1,0,0,0,0,0,0,0
동해·울산포항선,대구,기계,20:00-21:00,4,3,0,1,0,0,0,0,0,0,0,0,0
동해·울산포항선,대구,기계,21:00-22:00,3,3,0,0,0,0,0,0,0,0,0,0,0
동해·울산포항선,대구,기계,22:00-23:00,5,5,0,0,0,0,0,0,0,0,0,0,0
동해·울산포항선,대구,기계,23:00-24:00,5,5,0,0,0,0,0,0,0,0,0,0,0
동해·울산포항선,대구,기계,00:00-01:00,3,3,0,0,0,0,0,0,0,0,0,0,0
동해·울산포항선,대구,기계,01:00-02:00,0,0,0,0,0,0,0,0,0,0,0,0,0
동해·울산포항선,대구,기계,02:00-03:00,0,0,0,0,0,0,0,0,0,0,0,0,0
동해·울산포항선,대구,기계,03:00-04:00,1,1,0,0,0,0,0,0,0,0,0,0,0
동해·울산포항선,대구,기계,04:00-05:00,0,0,0,0,0,0,0,0,0,0,0,0,0
동해·울산포항선,대구,기계,05:00-06:00,4,3,0,0,1,0,0,0,0,0,0,0,0
동해·울산포항선,대구,기계,06:00-07:00,3,2,0,0,1,0,0,0,0,0,0,0,0
부산외곽순환선,기장,일광,07:00-08:00,29,18,0,5,0,2,1,2,0,0,0,0,1
부산외곽순환선,기장,일광,08:00-09:00,48,29,0,12,3,2,0,2,0,0,0,0,0
부산외곽순환선,기장,일광,09:00-10:00,51,33,0,8,4,4,0,1,0,0,1,0,0
부산외곽순환선,기장,일광,10:00-11:00,63,46,0,15,1,1,0,0,0,0,0,0,0
부산외곽순환선,기장,일광,11:00-12:00,52,43,0,6,0,0,0,1,0,0,2,0,0
부산외곽순환선,기장,일광,12:00-13:00,71,56,0,11,1,1,1,0,0,0,1,0,0
부산외곽순환선,기장,일광,13:00-14:00,58,39,0,12,4,0,1,0,0,0,2,0,0
부산외곽순환선,기장,일광,14:00-15:00,79,59,0,16,2,1,1,0,0,0,0,0,0
부산외곽순환선,기장,일광,15:00-16:00,65,51,0,11,1,1,0,1,0,0,0,0,0
부산외곽순환선,기장,일광,16:00-17:00,72,59,0,10,1,1,0,1,0,0,0,0,0
부산외곽순환선,기장,일광,17:00-18:00,64,51,0,11,0,0,0,1,0,0,0,0,1
부산외곽순환선,기장,일광,18:00-19:00,75,67,0,7,0,0,0,1,0,0,0,0,0
부산외곽순환선,기장,일광,19:00-20:00,37,33,0,4,0,0,0,0,0,0,0,0,0
부산외곽순환선,기장,일광,20:00-21:00,23,17,0,5,0,0,0,0,0,0,1,0,0
부산외곽순환선,기장,일광,21:00-22:00,23,21,0,0,0,0,0,1,0,0,1,0,0
부산외곽순환선,기장,일광,22:00-23:00,18,17,0,1,0,0,0,0,0,0,0,0,0
부산외곽순환선,기장,일광,23:00-24:00,9,6,0,2,0,0,1,0,0,0,0,0,0
부산외곽순환선,기장,일광,00:00-01:00,3,3,0,0,0,0,0,0,0,0,0,0,0
부산외곽순환선,기장,일광,01:00-02:00,9,7,0,1,0,1,0,0,0,0,0,0,0
부산외곽순환선,기장,일광,02:00-03:00,3,3,0,0,0,0,0,0,0,0,0,0,0
부산외곽순환선,기장,일광,03:00-04:00,5,1,0,0,0,1,0,2,0,0,1,0,0
부산외곽순환선,기장,일광,04:00-05:00,11,7,0,1,1,1,0,1,0,0,0,0,0
부산외곽순환선,기장,일광,05:00-06:00,15,9,0,3,0,0,0,1,0,0,1,1,0
부산외곽순환선,기장,일광,06:00-07:00,24,19,0,2,0,0,2,1,0,0,0,0,0
부산외곽순환선,창원,일광,07:00-08:00,28,19,0,6,2,0,0,1,0,0,0,0,0
부산외곽순환선,창원,일광,08:00-09:00,22,14,0,2,2,1,0,1,0,0,2,0,0
부산외곽순환선,창원,일광,09:00-10:00,37,21,0,6,6,3,1,0,0,0,0,0,0
부산외곽순환선,창원,일광,10:00-11:00,27,14,0,6,3,4,0,0,0,0,0,0,0
부산외곽순환선,창원,일광,11:00-12:00,35,16,0,12,3,2,0,2,0,0,0,0,0
부산외곽순환선,창원,일광,12:00-13:00,42,24,0,11,1,1,3,0,0,0,2,0,0
부산외곽순환선,창원,일광,13:00-14:00,37,19,0,9,4,3,0,2,0,0,0,0,0
부산외곽순환선,창원,일광,14:00-15:00,45,22,0,14,5,2,0,1,0,0,1,0,0
부산외곽순환선,창원,일광,15:00-16:00,39,21,0,12,3,1,1,1,0,0,0,0,0
부산외곽순환선,창원,일광,16:00-17:00,56,46,0,5,3,2,0,0,0,0,0,0,0
부산외곽순환선,창원,일광,17:00-18:00,32,23,0,6,1,0,0,1,0,0,1,0,0
부산외곽순환선,창원,일광,18:00-19:00,33,32,0,1,0,0,0,0,0,0,0,0,0
부산외곽순환선,창원,일광,19:00-20:00,24,15,0,7,2,0,0,0,0,0,0,0,0
부산외곽순환선,창원,일광,20:00-21:00,10,6,0,4,0,0,0,0,0,0,0,0,0
부산외곽순환선,창원,일광,21:00-22:00,14,12,0,1,0,1,0,0,0,0,0,0,0
부산외곽순환선,창원,일광,22:00-23:00,9,9,0,0,0,0,0,0,0,0,0,0,0
부산외곽순환선,창원,일광,23:00-24:00,7,5,0,2,0,0,0,0,0,0,0,0,0
부산외곽순환선,창원,일광,00:00-01:00,4,4,0,0,0,0,0,0,0,0,0,0,0
부산외곽순환선,창원,일광,01:00-02:00,3,3,0,0,0,0,0,0,0,0,0,0,0
부산외곽순환선,창원,일광,02:00-03:00,1,0,0,1,0,0,0,0,0,0,0,0,0
부산외곽순환선,창원,일광,03:00-04:00,2,1,0,0,0,0,0,0,0,0,1,0,0
부산외곽순환선,창원,일광,04:00-05:00,1,0,0,0,1,0,0,0,0,0,0,0,0
부산외곽순환선,창원,일광,05:00-06:00,3,2,0,0,0,0,0,0,0,0,1,0,0
부산외곽순환선,창원,일광,06:00-07:00,16,10,0,3,0,0,1,2,0,0,0,0,0
서울양양선,서울,북방,07:00-08:00,10,8,0,2,0,0,0,0,0,0,0,0,0
서울양양선,서울,북방,08:00-09:00,7,6,0,1,0,0,0,0,0,0,0,0,0
서울양양선,서울,북방,09:00-10:00,5,3,0,1,1,0,0,0,0,0,0,0,0
서울양양선,서울,북방,10:00-11:00,21,17,0,2,1,1,0,0,0,0,0,0,0
서울양양선,서울,북방,11:00-12:00,20,15,0,1,4,0,0,0,0,0,0,0,0
서울양양선,서울,북방,12:00-13:00,8,6,0,1,0,1,0,0,0,0,0,0,0
서울양양선,서울,북방,13:00-14:00,23,17,0,5,1,0,0,0,0,0,0,0,0
서울양양선,서울,북방,14:00-15:00,24,22,0,2,0,0,0,0,0,0,0,0,0
서울양양선,서울,북방,15:00-16:00,35,34,0,0,0,0,0,1,0,0,0,0,0
서울양양선,서울,북방,16:00-17:00,32,29,0,3,0,0,0,0,0,0,0,0,0
서울양양선,서울,북방,17:00-18:00,31,23,1,6,0,1,0,0,0,0,0,0,0
서울양양선,서울,북방,18:00-19:00,34,31,0,3,0,0,0,0,0,0,0,0,0
서울양양선,서울,북방,19:00-20:00,22,19,0,2,0,1,0,0,0,0,0,0,0
서울양양선,서울,북방,20:00-21:00,14,14,0,0,0,0,0,0,0,0,0,0,0
서울양양선,서울,북방,21:00-22:00,9,7,0,1,0,1,0,0,0,0,0,0,0
서울양양선,서울,북방,22:00-23:00,9,6,0,2,0,1,0,0,0,0,0,0,0
서울양양선,서울,북방,23:00-24:00,4,2,0,0,0,0,0,1,0,0,1,0,0
서울양양선,서울,북방,00:00-01:00,4,3,0,0,0,0,0,1,0,0,0,0,0
서울양양선,서울,북방,01:00-02:00,1,1,0,0,0,0,0,0,0,0,0,0,0
서울양양선,서울,북방,02:00-03:00,0,0,0,0,0,0,0,0,0,0,0,0,0
서울양양선,서울,북방,03:00-04:00,0,0,0,0,0,0,0,0,0,0,0,0,0
서울양양선,서울,북방,04:00-05:00,2,1,1,0,0,0,0,0,0,0,0,0,0
서울양양선,서울,북방,05:00-06:00,4,4,0,0,0,0,0,0,0,0,0,0,0
서울양양선,서울,북방,06:00-07:00,2,1,0,1,0,0,0,0,0,0,0,0,0
서울양양선,서울,서종,07:00-08:00,9,8,0,1,0,0,0,0,0,0,0,0,0
서울양양선,서울,서종,08:00-09:00,17,8,0,7,0,2,0,0,0,0,0,0,0
서울양양선,서울,서종,09:00-10:00,19,13,0,4,1,0,0,1,0,0,0,0,0
서울양양선,서울,서종,10:00-11:00,26,23,0,3,0,0,0,0,0,0,0,0,0
서울양양선,서울,서종,11:00-12:00,30,23,0,6,0,1,0,0,0,0,0,0,0
서울양양선,서울,서종,12:00-13:00,30,25,1,2,1,0,1,0,0,0,0,0,0
서울양양선,서울,서종,13:00-14:00,48,43,0,3,0,0,2,0,0,0,0,0,0
서울양양선,서울,서종,14:00-15:00,74,66,0,6,2,0,0,0,0,0,0,0,0
서울양양선,서울,서종,15:00-16:00,54,48,0,6,0,0,0,0,0,0,0,0,0
서울양양선,서울,서종,16:00-17:00,61,53,0,6,0,1,0,1,0,0,0,0,0
서울양양선,서울,서종,17:00-18:00,40,38,0,2,0,0,0,0,0,0,0,0,0
서울양양선,서울,서종,18:00-19:00,42,37,0,5,0,0,0,0,0,0,0,0,0
서울양양선,서울,서종,19:00-20:00,27,24,0,2,1,0,0,0,0,0,0,0,0
서울양양선,서울,서종,20:00-21:00,18,17,0,1,0,0,0,0,0,0,0,0,0
서울양양선,서울,서종,21:00-22:00,14,13,0,1,0,0,0,0,0,0,0,0,0
서울양양선,서울,서종,22:00-23:00,10,7,0,2,0,1,0,0,0,0,0,0,0
서울양양선,서울,서종,23:00-24:00,7,6,0,0,0,0,1,0,0,0,0,0,0
서울양양선,서울,서종,00:00-01:00,1,1,0,0,0,0,0,0,0,0,0,0,0
서울양양선,서울,서종,01:00-02:00,2,1,0,1,0,0,0,0,0,0,0,0,0
서울양양선,서울,서종,02:00-03:00,2,2,0,0,0,0,0,0,0,0,0,0,0
서울양양선,서울,서종,03:00-04:00,6,5,0,0,0,0,1,0,0,0,0,0,0
서울양양선,서울,서종,04:00-05:00,5,4,0,1,0,0,0,0,0,0,0,0,0
서울양양선,서울,서종,05:00-06:00,6,5,0,1,0,0,0,0,0,0,0,0,0
서울양양선,서울,서종,06:00-07:00,9,7,0,1,0,1,0,0,0,0,0,0,0
서천공주선,서천,시초,07:00-08:00,9,6,0,1,2,0,0,0,0,0,0,0,0
서천공주선,서천,시초,08:00-09:00,14,7,0,1,6,0,0,0,0,0,0,0,0
서천공주선,서천,시초,09:00-10:00,14,9,0,3,2,0,0,0,0,0,0,0,0
서천공주선,서천,시초,10:00-11:00,18,11,1,2,2,1,1,0,0,0,0,0,0
서천공주선,서천,시초,11:00-12:00,11,7,0,3,1,0,0,0,0,0,0,0,0
서천공주선,서천,시초,12:00-13:00,13,11,0,2,0,0,0,0,0,0,0,0,0
서천공주선,서천,시초,13:00-14:00,9,6,0,2,0,1,0,0,0,0,0,0,0
서천공주선,서천,시초,14:00-15:00,14,10,0,2,0,1,0,1,0,0,0,0,0
서천공주선,서천,시초,15:00-16:00,14,9,0,4,1,0,0,0,0,0,0,0,0
서천공주선,서천,시초,16:00-17:00,10,6,0,3,1,0,0,0,0,0,0,0,0
서천공주선,서천,시초,17:00-18:00,15,14,0,1,0,0,0,0,0,0,0,0,0
서천공주선,서천,시초,18:00-19:00,9,8,0,0,1,0,0,0,0,0,0,0,0
서천공주선,서천,시초,19:00-20:00,7,6,0,0,0,1,0,0,0,0,0,0,0
서천공주선,서천,시초,20:00-21:00,7,5,0,1,1,0,0,0,0,0,0,0,0
서천공주선,서천,시초,21:00-22:00,4,2,0,0,1,1,0,0,0,0,0,0,0
서천공주선,서천,시초,22:00-23:00,5,4,0,0,0,0,0,0,0,0,1,0,0
서천공주선,서천,시초,23:00-24:00,5,5,0,0,0,0,0,0,0,0,0,0,0
서천공주선,서천,시초,00:00-01:00,3,3,0,0,0,0,0,0,0,0,0,0,0
서천공주선,서천,시초,01:00-02:00,1,1,0,0,0,0,0,0,0,0,0,0,0
서천공주선,서천,시초,02:00-03:00,2,2,0,0,0,0,0,0,0,0,0,0,0
서천공주선,서천,시초,03:00-04:00,0,0,0,0,0,0,0,0,0,0,0,0,0
서천공주선,서천,시초,04:00-05:00,1,1,0,0,0,0,0,0,0,0,0,0,0
서천공주선,서천,시초,05:00-06:00,4,2,0,1,0,1,0,0,0,0,0,0,0
서천공주선,서천,시초,06:00-07:00,0,0,0,0,0,0,0,0,0,0,0,0,0
서천공주선,공주,부여,07:00-08:00,5,2,0,0,1,0,1,0,0,0,1,0,0
서천공주선,공주,부여,08:00-09:00,7,4,0,1,1,1,0,0,0,0,0,0,0
서천공주선,공주,부여,09:00-10:00,5,3,0,2,0,0,0,0,0,0,0,0,0
서천공주선,공주,부여,10:00-11:00,14,11,0,1,1,0,1,0,0,0,0,0,0
서천공주선,공주,부여,11:00-12:00,22,15,0,2,3,2,0,0,0,0,0,0,0
서천공주선,공주,부여,12:00-13:00,11,9,0,1,1,0,0,0,0,0,0,0,0
서천공주선,공주,부여,13:00-14:00,10,8,0,0,2,0,0,0,0,0,0,0,0
서천공주선,공주,부여,14:00-15:00,14,13,0,1,0,0,0,0,0,0,0,0,0
서천공주선,공주,부여,15:00-16:00,20,18,0,1,0,1,0,0,0,0,0,0,0
서천공주선,공주,부여,16:00-17:00,24,20,0,2,1,0,1,0,0,0,0,0,0
서천공주선,공주,부여,17:00-18:00,18,16,0,1,1,0,0,0,0,0,0,0,0
서천공주선,공주,부여,18:00-19:00,14,13,0,1,0,0,0,0,0,0,0,0,0
서천공주선,공주,부여,19:00-20:00,8,3,0,4,1,0,0,0,0,0,0,0,0
서천공주선,공주,부여,20:00-21:00,4,3,0,0,0,1,0,0,0,0,0,0,0
서천공주선,공주,부여,21:00-22:00,4,2,0,0,0,2,0,0,0,0,0,0,0
서천공주선,공주,부여,22:00-23:00,6,4,0,1,1,0,0,0,0,0,0,0,0
서천공주선,공주,부여,23:00-24:00,3,2,0,0,1,0,0,0,0,0,0,0,0
서천공주선,공주,부여,00:00-01:00,1,0,0,1,0,0,0,0,0,0,0,0,0
서천공주선,공주,부여,01:00-02:00,2,1,0,0,0,1,0,0,0,0,0,0,0
서천공주선,공주,부여,02:00-03:00,4,3,0,0,1,0,0,0,0,0,0,0,0
서천공주선,공주,부여,03:00-04:00,0,0,0,0,0,0,0,0,0,0,0,0,0
서천공주선,공주,부여,04:00-05:00,1,0,0,1,0,0,0,0,0,0,0,0,0
서천공주선,공주,부여,05:00-06:00,3,2,0,0,0,1,0,0,0,0,0,0,0
서천공주선,공주,부여,06:00-07:00,2,1,0,1,0,0,0,0,0,0,0,0,0
서해안선,목포,서서울,07:00-08:00,27,16,0,3,3,3,0,2,0,0,0,0,0
서해안선,목포,서서울,08:00-09:00,26,13,0,2,3,3,0,3,0,0,1,0,1
서해안선,목포,서서울,09:00-10:00,36,17,0,1,8,7,2,0,0,0,1,0,0
서해안선,목포,서서울,10:00-11:00,16,6,0,2,3,3,0,1,0,0,1,0,0
서해안선,목포,서서울,11:00-12:00,19,11,0,2,5,1,0,0,0,0,0,0,0
서해안선,목포,서서울,12:00-13:00,27,18,0,3,2,3,0,1,0,0,0,0,0
서해안선,목포,서서울,13:00-14:00,45,25,0,7,3,7,1,2,0,0,0,0,0
서해안선,목포,서서울,14:00-15:00,36,17,0,8,6,4,0,0,0,0,0,0,1
서해안선,목포,서서울,15:00-16:00,44,27,0,5,1,5,2,3,0,0,1,0,0
서해안선,목포,서서울,16:00-17:00,25,15,0,2,2,4,0,1,0,0,0,0,1
서해안선,목포,서서울,17:00-18:00,33,24,0,5,1,2,0,0,0,0,1,0,0
서해안선,목포,서서울,18:00-19:00,29,19,0,6,2,1,1,0,0,0,0,0,0
서해안선,목포,서서울,19:00-20:00,24,15,0,3,1,4,0,0,0,0,1,0,0
서해안선,목포,서서울,20:00-21:00,12,8,0,0,1,0,1,1,0,0,1,0,0
서해안선,목포,서서울,21:00-22:00,10,6,0,0,0,2,1,0,0,0,1,0,0
서해안선,목포,서서울,22:00-23:00,14,6,0,2,0,1,0,1,0,0,1,0,3
서해안선,목포,서서울,23:00-24:00,12,7,0,0,1,0,1,1,0,0,0,0,2
서해안선,목포,서서울,00:00-01:00,8,5,0,1,0,1,1,0,0,0,0,0,0
서해안선,목포,서서울,01:00-02:00,4,2,0,0,0,1,0,0,0,0,1,0,0
서해안선,목포,서서울,02:00-03:00,5,4,0,0,0,1,0,0,0,0,0,0,0
서해안선,목포,서서울,03:00-04:00,4,2,0,1,0,0,1,0,0,0,0,0,0
서해안선,목포,서서울,04:00-05:00,10,2,0,1,2,3,1,0,0,0,0,0,1
서해안선,목포,서서울,05:00-06:00,9,1,0,0,1,3,2,2,0,0,0,0,0
서해안선,목포,서서울,06:00-07:00,20,10,0,1,3,4,1,1,0,0,0,0,0
서해안선,목포,당진,07:00-08:00,39,25,0,9,2,2,0,0,0,0,0,1,0
서해안선,목포,당진,08:00-09:00,51,39,0,7,5,0,0,0,0,0,0,0,0
서해안선,목포,당진,09:00-10:00,68,52,0,6,6,3,1,0,0,0,0,0,0
서해안선,목포,당진,10:00-11:00,78,61,0,9,5,1,1,1,0,0,0,0,0
서해안선,목포,당진,11:00-12:00,80,56,0,14,3,2,1,4,0,0,0,0,0
서해안선,목포,당진,12:00-13:00,70,54,0,6,3,2,2,2,0,0,1,0,0
서해안선,목포,당진,13:00-14:00,88,64,0,9,4,4,1,6,0,0,0,0,0
서해안선,목포,당진,14:00-15:00,75,58,0,11,5,1,0,0,0,0,0,0,0
서해안선,목포,당진,15:00-16:00,59,46,0,6,4,2,0,1,0,0,0,0,0
서해안선,목포,당진,16:00-17:00,52,37,0,8,2,5,0,0,0,0,0,0,0
서해안선,목포,당진,17:00-18:00,48,38,0,3,1,1,0,2,0,0,3,0,0
서해안선,목포,당진,18:00-19:00,20,18,0,1,0,0,0,0,0,0,1,0,0
서해안선,목포,당진,19:00-20:00,33,27,0,3,0,0,0,2,0,0,1,0,0
서해안선,목포,당진,20:00-21:00,18,14,0,2,1,1,0,0,0,0,0,0,0
서해안선,목포,당진,21:00-22:00,30,22,0,1,3,3,0,0,0,0,1,0,0
서해안선,목포,당진,22:00-23:00,15,11,0,1,0,0,0,0,0,1,2,0,0
서해안선,목포,당진,23:00-24:00,18,12,0,3,2,0,0,0,0,0,1,0,0
서해안선,목포,당진,00:00-01:00,15,11,0,1,1,0,1,1,0,0,0,0,0
서해안선,목포,당진,01:00-02:00,13,9,0,2,2,0,0,0,0,0,0,0,0
서해안선,목포,당진,02:00-03:00,15,12,0,1,0,0,0,1,0,0,1,0,0
서해안선,목포,당진,03:00-04:00,15,12,0,1,1,0,0,0,0,0,1,0,0
서해안선,목포,당진,04:00-05:00,11,9,0,1,1,0,0,0,0,0,0,0,0
서해안선,목포,당진,05:00-06:00,27,14,1,3,2,2,1,0,0,0,4,0,0
서해안선,목포,당진,06:00-07:00,39,25,0,4,7,2,0,0,0,0,1,0,0
서해안선,서울,용연,07:00-08:00,21,12,0,2,2,1,2,2,0,0,0,0,0
서해안선,서울,용연,08:00-09:00,27,19,0,2,5,0,0,0,0,0,1,0,0
서해안선,서울,용연,09:00-10:00,27,19,0,5,2,0,1,0,0,0,0,0,0
서해안선,서울,용연,10:00-11:00,36,21,0,9,4,1,0,0,0,0,1,0,0
서해안선,서울,용연,11:00-12:00,40,23,0,7,3,1,1,1,1,0,3,0,0
서해안선,서울,용연,12:00-13:00,50,38,0,8,3,1,0,0,0,0,0,0,0
서해안선,서울,용연,13:00-14:00,63,50,1,5,4,2,1,0,0,0,0,0,0
서해안선,서울,용연,14:00-15:00,46,38,0,7,1,0,0,0,0,0,0,0,0
서해안선,서울,용연,15:00-16:00,68,54,0,13,1,0,0,0,0,0,0,0,0
서해안선,서울,용연,16:00-17:00,55,48,0,4,2,1,0,0,0,0,0,0,0
서해안선,서울,용연,17:00-18:00,55,50,0,3,2,0,0,0,0,0,0,0,0
서해안선,서울,용연,18:00-19:00,51,48,0,3,0,0,0,0,0,0,0,0,0
서해안선,서울,용연,19:00-20:00,35,31,0,3,1,0,0,0,0,0,0,0,0
서해안선,서울,용연,20:00-21:00,28,23,0,3,1,1,0,0,0,0,0,0,0
서해안선,서울,용연,21:00-22:00,22,17,0,4,1,0,0,0,0,0,0,0,0
서해안선,서울,용연,22:00-23:00,10,8,0,0,1,1,0,0,0,0,0,0,0
서해안선,서울,용연,23:00-24:00,12,8,0,3,1,0,0,0,0,0,0,0,0
서해안선,서울,용연,00:00-01:00,10,9,0,1,0,0,0,0,0,0,0,0,0
서해안선,서울,용연,01:00-02:00,7,5,0,0,0,1,1,0,0,0,0,0,0
서해안선,서울,용연,02:00-03:00,8,5,0,0,1,0,0,2,0,0,0,0,0
서해안선,서울,용연,03:00-04:00,6,5,0,0,1,0,0,0,0,0,0,0,0
서해안선,서울,용연,04:00-05:00,3,0,0,0,0,2,0,0,0,0,0,0,1
서해안선,서울,용연,05:00-06:00,10,6,0,2,0,0,0,1,0,0,1,0,0
서해안선,서울,용연,06:00-07:00,13,3,0,3,3,3,0,0,0,0,0,0,1
서해안선,목포,서김제,07:00-08:00,11,8,0,3,0,0,0,0,0,0,0,0,0
서해안선,목포,서김제,08:00-09:00,8,7,0,0,0,0,0,0,0,0,1,0,0
서해안선,목포,서김제,09:00-10:00,15,11,0,3,0,0,0,1,0,0,0,0,0
서해안선,목포,서김제,10:00-11:00,17,15,1,0,0,1,0,0,0,0,0,0,0
서해안선,목포,서김제,11:00-12:00,12,6,0,5,0,1,0,0,0,0,0,0,0
서해안선,목포,서김제,12:00-13:00,8,7,0,1,0,0,0,0,0,0,0,0,0
서해안선,목포,서김제,13:00-14:00,27,20,0,3,1,0,1,2,0,0,0,0,0
서해안선,목포,서김제,14:00-15:00,24,19,0,3,1,0,0,0,0,0,1,0,0
서해안선,목포,서김제,15:00-16:00,16,13,0,2,1,0,0,0,0,0,0,0,0
서해안선,목포,서김제,16:00-17:00,25,22,1,2,0,0,0,0,0,0,0,0,0
서해안선,목포,서김제,17:00-18:00,24,18,1,4,1,0,0,0,0,0,0,0,0
서해안선,목포,서김제,18:00-19:00,12,11,0,1,0,0,0,0,0,0,0,0,0
서해안선,목포,서김제,19:00-20:00,6,5,0,0,0,1,0,0,0,0,0,0,0
서해안선,목포,서김제,20:00-21:00,7,5,0,1,1,0,0,0,0,0,0,0,0
서해안선,목포,서김제,21:00-22:00,5,4,0,0,0,1,0,0,0,0,0,0,0
서해안선,목포,서김제,22:00-23:00,3,3,0,0,0,0,0,0,0,0,0,0,0
서해안선,목포,서김제,23:00-24:00,3,2,0,1,0,0,0,0,0,0,0,0,0
서해안선,목포,서김제,00:00-01:00,5,5,0,0,0,0,0,0,0,0,0,0,0
서해안선,목포,서김제,01:00-02:00,2,2,0,0,0,0,0,0,0,0,0,0,0
서해안선,목포,서김제,02:00-03:00,2,1,0,1,0,0,0,0,0,0,0,0,0
서해안선,목포,서김제,03:00-04:00,1,1,0,0,0,0,0,0,0,0,0,0,0
서해안선,목포,서김제,04:00-05:00,7,2,0,2,2,1,0,0,0,0,0,0,0
서해안선,목포,서김제,05:00-06:00,6,4,0,2,0,0,0,0,0,0,0,0,0
서해안선,목포,서김제,06:00-07:00,2,1,0,0,0,1,0,0,0,0,0,0,0
서해안선,서울,서김제,07:00-08:00,11,7,0,3,1,0,0,0,0,0,0,0,0
서해안선,서울,서김제,08:00-09:00,9,6,0,2,1,0,0,0,0,0,0,0,0
서해안선,서울,서김제,09:00-10:00,16,9,0,4,1,0,0,0,0,0,2,0,0
서해안선,서울,서김제,10:00-11:00,26,20,0,3,2,0,1,0,0,0,0,0,0
서해안선,서울,서김제,11:00-12:00,27,21,0,4,0,1,1,0,0,0,0,0,0
서해안선,서울,서김제,12:00-13:00,24,18,0,5,0,0,0,0,0,0,1,0,0
서해안선,서울,서김제,13:00-14:00,25,21,0,4,0,0,0,0,0,0,0,0,0
서해안선,서울,서김제,14:00-15:00,34,30,0,1,3,0,0,0,0,0,0,0,0
서해안선,서울,서김제,15:00-16:00,29,22,0,5,1,1,0,0,0,0,0,0,0
서해안선,서울,서김제,16:00-17:00,31,26,1,4,0,0,0,0,0,0,0,0,0
서해안선,서울,서김제,17:00-18:00,26,22,0,4,0,0,0,0,0,0,0,0,0
서해안선,서울,서김제,18:00-19:00,13,10,0,1,0,2,0,0,0,0,0,0,0
서해안선,서울,서김제,19:00-20:00,11,7,0,3,1,0,0,0,0,0,0,0,0
서해안선,서울,서김제,20:00-21:00,12,10,0,1,0,0,1,0,0,0,0,0,0
서해안선,서울,서김제,21:00-22:00,6,4,0,1,0,0,1,0,0,0,0,0,0
서해안선,서울,서김제,22:00-23:00,3,1,0,2,0,0,0,0,0,0,0,0,0
서해안선,서울,서김제,23:00-24:00,4,2,0,0,1,1,0,0,0,0,0,0,0
서해안선,서울,서김제,00:00-01:00,3,1,0,1,1,0,0,0,0,0,0,0,0
서해안선,서울,서김제,01:00-02:00,4,3,0,0,0,1,0,0,0,0,0,0,0
서해안선,서울,서김제,02:00-03:00,5,3,0,0,0,2,0,0,0,0,0,0,0
서해안선,서울,서김제,03:00-04:00,2,2,0,0,0,0,0,0,0,0,0,0,0
서해안선,서울,서김제,04:00-05:00,5,3,0,2,0,0,0,0,0,0,0,0,0
서해안선,서울,서김제,05:00-06:00,3,1,0,1,0,1,0,0,0,0,0,0,0
서해안선,서울,서김제,06:00-07:00,8,3,0,3,0,0,1,0,0,0,1,0,0
서해안선,목포,춘장대,07:00-08:00,7,3,1,3,0,0,0,0,0,0,0,0,0
서해안선,목포,춘장대,08:00-09:00,6,4,0,1,1,0,0,0,0,0,0,0,0
서해안선,목포,춘장대,09:00-10:00,9,3,0,3,1,0,0,1,0,1,0,0,0
서해안선,목포,춘장대,10:00-11:00,16,11,0,4,1,0,0,0,0,0,0,0,0
서해안선,목포,춘장대,11:00-12:00,9,6,0,2,0,0,1,0,0,0,0,0,0
서해안선,목포,춘장대,12:00-13:00,8,5,0,1,0,0,2,0,0,0,0,0,0
서해안선,목포,춘장대,13:00-14:00,17,11,0,3,3,0,0,0,0,0,0,0,0
서해안선,목포,춘장대,14:00-15:00,11,9,0,0,2,0,0,0,0,0,0,0,0
서해안선,목포,춘장대,15:00-16:00,12,12,0,0,0,0,0,0,0,0,0,0,0
서해안선,목포,춘장대,16:00-17:00,17,14,0,3,0,0,0,0,0,0,0,0,0
서해안선,목포,춘장대,17:00-18:00,8,7,0,1,0,0,0,0,0,0,0,0,0
서해안선,목포,춘장대,18:00-19:00,12,12,0,0,0,0,0,0,0,0,0,0,0
서해안선,목포,춘장대,19:00-20:00,4,4,0,0,0,0,0,0,0,0,0,0,0
서해안선,목포,춘장대,20:00-21:00,8,8,0,0,0,0,0,0,0,0,0,0,0
서해안선,목포,춘장대,21:00-22:00,5,2,0,1,1,1,0,0,0,0,0,0,0
서해안선,목포,춘장대,22:00-23:00,2,1,0,0,0,0,1,0,0,0,0,0,0
서해안선,목포,춘장대,23:00-24:00,3,2,0,1,0,0,0,0,0,0,0,0,0
서해안선,목포,춘장대,00:00-01:00,3,3,0,0,0,0,0,0,0,0,0,0,0
서해안선,목포,춘장대,01:00-02:00,5,3,0,1,0,0,1,0,0,0,0,0,0
서해안선,목포,춘장대,02:00-03:00,1,0,0,0,0,1,0,0,0,0,0,0,0
서해안선,목포,춘장대,03:00-04:00,1,1,0,0,0,0,0,0,0,0,0,0,0
서해안선,목포,춘장대,04:00-05:00,1,1,0,0,0,0,0,0,0,0,0,0,0
서해안선,목포,춘장대,05:00-06:00,0,0,0,0,0,0,0,0,0,0,0,0,0
서해안선,목포,춘장대,06:00-07:00,1,1,0,0,0,0,0,0,0,0,0,0,0
서해안선,서울,춘장대,07:00-08:00,14,10,0,3,0,1,0,0,0,0,0,0,0
서해안선,서울,춘장대,08:00-09:00,14,12,0,2,0,0,0,0,0,0,0,0,0
서해안선,서울,춘장대,09:00-10:00,16,9,0,6,1,0,0,0,0,0,0,0,0
서해안선,서울,춘장대,10:00-11:00,21,18,0,2,0,0,0,0,0,0,0,0,1
서해안선,서울,춘장대,11:00-12:00,24,16,0,7,0,0,0,0,0,0,1,0,0
서해안선,서울,춘장대,12:00-13:00,29,20,0,5,4,0,0,0,0,0,0,0,0
서해안선,서울,춘장대,13:00-14:00,34,26,0,6,1,0,0,0,0,0,1,0,0
서해안선,서울,춘장대,14:00-15:00,30,23,0,2,0,2,1,2,0,0,0,0,0
서해안선,서울,춘장대,15:00-16:00,35,30,0,3,0,1,1,0,0,0,0,0,0
서해안선,서울,춘장대,16:00-17:00,19,18,0,1,0,0,0,0,0,0,0,0,0
서해안선,서울,춘장대,17:00-18:00,21,19,0,1,0,1,0,0,0,0,0,0,0
서해안선,서울,춘장대,18:00-19:00,15,11,0,3,0,1,0,0,0,0,0,0,0
서해안선,서울,춘장대,19:00-20:00,9,8,0,1,0,0,0,0,0,0,0,0,0
서해안선,서울,춘장대,20:00-21:00,8,5,0,2,0,1,0,0,0,0,0,0,0
서해안선,서울,춘장대,21:00-22:00,10,8,0,2,0,0,0,0,0,0,0,0,0
서해안선,서울,춘장대,22:00-23:00,3,3,0,0,0,0,0,0,0,0,0,0,0
서해안선,서울,춘장대,23:00-24:00,8,7,0,1,0,0,0,0,0,0,0,0,0
서해안선,서울,춘장대,00:00-01:00,6,5,0,0,1,0,0,0,0,0,0,0,0
서해안선,서울,춘장대,01:00-02:00,5,4,0,1,0,0,0,0,0,0,0,0,0
서해안선,서울,춘장대,02:00-03:00,7,5,0,0,1,1,0,0,0,0,0,0,0
서해안선,서울,춘장대,03:00-04:00,12,9,0,1,2,0,0,0,0,0,0,0,0
서해안선,서울,춘장대,04:00-05:00,6,4,0,1,0,0,0,0,0,0,1,0,0
서해안선,서울,춘장대,05:00-06:00,2,2,0,0,0,0,0,0,0,0,0,0,0
서해안선,서울,춘장대,06:00-07:00,13,9,1,2,0,0,1,0,0,0,0,0,0
서해안선,목포,서천,07:00-08:00,8,6,0,2,0,0,0,0,0,0,0,0,0
서해안선,목포,서천,08:00-09:00,5,4,0,0,0,0,1,0,0,0,0,0,0
서해안선,목포,서천,09:00-10:00,10,8,0,0,1,0,0,0,0,0,1,0,0
서해안선,목포,서천,10:00-11:00,12,8,0,1,2,0,1,0,0,0,0,0,0
서해안선,목포,서천,11:00-12:00,8,6,0,2,0,0,0,0,0,0,0,0,0
서해안선,목포,서천,12:00-13:00,7,5,0,2,0,0,0,0,0,0,0,0,0
서해안선,목포,서천,13:00-14:00,10,7,0,2,0,0,0,1,0,0,0,0,0
서해안선,목포,서천,14:00-15:00,18,12,0,3,3,0,0,0,0,0,0,0,0
서해안선,목포,서천,15:00-16:00,20,16,0,4,0,0,0,0,0,0,0,0,0
서해안선,목포,서천,16:00-17:00,13,8,0,3,1,1,0,0,0,0,0,0,0
서해안선,목포,서천,17:00-18:00,17,12,0,3,2,0,0,0,0,0,0,0,0
서해안선,목포,서천,18:00-19:00,8,5,0,2,1,0,0,0,0,0,0,0,0
서해안선,목포,서천,19:00-20:00,7,5,0,1,0,1,0,0,0,0,0,0,0
서해안선,목포,서천,20:00-21:00,11,10,0,1,0,0,0,0,0,0,0,0,0
서해안선,목포,서천,21:00-22:00,4,1,0,1,1,1,0,0,0,0,0,0,0
서해안선,목포,서천,22:00-23:00,2,1,0,0,0,1,0,0,0,0,0,0,0
서해안선,목포,서천,23:00-24:00,2,2,0,0,0,0,0,0,0,0,0,0,0
서해안선,목포,서천,00:00-01:00,2,1,0,0,0,1,0,0,0,0,0,0,0
서해안선,목포,서천,01:00-02:00,2,1,0,0,0,0,0,1,0,0,0,0,0
서해안선,목포,서천,02:00-03:00,2,1,0,0,0,1,0,0,0,0,0,0,0
서해안선,목포,서천,03:00-04:00,1,0,0,0,0,1,0,0,0,0,0,0,0
서해안선,목포,서천,04:00-05:00,3,0,0,0,3,0,0,0,0,0,0,0,0
서해안선,목포,서천,05:00-06:00,5,3,0,1,0,1,0,0,0,0,0,0,0
서해안선,목포,서천,06:00-07:00,0,0,0,0,0,0,0,0,0,0,0,0,0
서해안선,서울,서천,07:00-08:00,5,2,0,3,0,0,0,0,0,0,0,0,0
서해안선,서울,서천,08:00-09:00,7,5,0,1,0,1,0,0,0,0,0,0,0
서해안선,서울,서천,09:00-10:00,8,7,0,0,1,0,0,0,0,0,0,0,0
서해안선,서울,서천,10:00-11:00,6,5,0,0,1,0,0,0,0,0,0,0,0
서해안선,서울,서천,11:00-12:00,6,2,0,2,0,2,0,0,0,0,0,0,0
서해안선,서울,서천,12:00-13:00,6,5,0,0,1,0,0,0,0,0,0,0,0
서해안선,서울,서천,13:00-14:00,11,10,0,0,0,0,0,1,0,0,0,0,0
서해안선,서울,서천,14:00-15:00,9,8,0,0,1,0,0,0,0,0,0,0,0
서해안선,서울,서천,15:00-16:00,13,13,0,0,0,0,0,0,0,0,0,0,0
서해안선,서울,서천,16:00-17:00,12,10,0,2,0,0,0,0,0,0,0,0,0
서해안선,서울,서천,17:00-18:00,11,8,0,3,0,0,0,0,0,0,0,0,0
서해안선,서울,서천,18:00-19:00,7,2,0,2,2,1,0,0,0,0,0,0,0
서해안선,서울,서천,19:00-20:00,7,5,0,1,1,0,0,0,0,0,0,0,0
서해안선,서울,서천,20:00-21:00,7,5,0,0,1,1,0,0,0,0,0,0,0
서해안선,서울,서천,21:00-22:00,4,4,0,0,0,0,0,0,0,0,0,0,0
서해안선,서울,서천,22:00-23:00,1,1,0,0,0,0,0,0,0,0,0,0,0
서해안선,서울,서천,23:00-24:00,2,1,0,1,0,0,0,0,0,0,0,0,0
서해안선,서울,서천,00:00-01:00,2,1,0,1,0,0,0,0,0,0,0,0,0
서해안선,서울,서천,01:00-02:00,1,0,0,0,1,0,0,0,0,0,0,0,0
서해안선,서울,서천,02:00-03:00,1,1,0,0,0,0,0,0,0,0,0,0,0
서해안선,서울,서천,03:00-04:00,3,2,0,1,0,0,0,0,0,0,0,0,0
서해안선,서울,서천,04:00-05:00,3,2,0,1,0,0,0,0,0,0,0,0,0
서해안선,서울,서천,05:00-06:00,2,0,0,0,0,0,0,1,0,0,0,1,0
서해안선,서울,서천,06:00-07:00,2,1,0,0,0,0,0,1,0,0,0,0,0
수도권제1순환선,판교-일산,김포,07:00-08:00,70,49,1,13,2,3,1,1,0,0,0,0,0
수도권제1순환선,판교-일산,김포,08:00-09:00,101,70,2,20,5,3,0,0,0,0,1,0,0
수도권제1순환선,판교-일산,김포,09:00-10:00,112,85,1,16,6,2,1,1,0,0,0,0,0
수도권제1순환선,판교-일산,김포,10:00-11:00,105,76,1,17,5,3,1,1,0,0,1,0,0
수도권제1순환선,판교-일산,김포,11:00-12:00,112,72,2,29,2,4,0,1,0,0,1,0,1
수도권제1순환선,판교-일산,김포,12:00-13:00,126,86,1,28,5,3,0,1,0,0,1,0,1
수도권제1순환선,판교-일산,김포,13:00-14:00,165,114,1,38,8,2,1,1,0,0,0,0,0
수도권제1순환선,판교-일산,김포,14:00-15:00,142,106,2,22,6,1,4,1,0,0,0,0,0
수도권제1순환선,판교-일산,김포,15:00-16:00,165,113,1,42,4,1,1,2,0,0,1,0,0
수도권제1순환선,판교-일산,김포,16:00-17:00,141,105,3,25,3,2,1,2,0,0,0,0,0
수도권제1순환선,판교-일산,김포,17:00-18:00,137,110,1,21,4,0,0,0,0,0,0,0,1
수도권제1순환선,판교-일산,김포,18:00-19:00,108,90,2,12,0,1,1,2,0,0,0,0,0
수도권제1순환선,판교-일산,김포,19:00-20:00,105,89,0,12,3,0,1,0,0,0,0,0,0
수도권제1순환선,판교-일산,김포,20:00-21:00,78,67,1,6,1,2,0,0,0,0,1,0,0
수도권제1순환선,판교-일산,김포,21:00-22:00,63,51,3,4,2,2,0,0,0,0,1,0,0
수도권제1순환선,판교-일산,김포,22:00-23:00,29,21,2,2,0,1,0,1,0,0,2,0,0
수도권제1순환선,판교-일산,김포,23:00-24:00,17,8,1,2,2,2,0,1,0,0,1,0,0
수도권제1순환선,판교-일산,김포,00:00-01:00,12,3,1,3,2,2,0,0,0,0,1,0,0
수도권제1순환선,판교-일산,김포,01:00-02:00,8,5,0,0,0,1,0,0,0,0,1,0,1
수도권제1순환선,판교-일산,김포,02:00-03:00,4,2,0,1,0,1,0,0,0,0,0,0,0
수도권제1순환선,판교-일산,김포,03:00-04:00,12,6,0,1,1,1,0,3,0,0,0,0,0
수도권제1순환선,판교-일산,김포,04:00-05:00,14,5,0,3,1,3,1,0,0,0,0,0,1
수도권제1순환선,판교-일산,김포,05:00-06:00,30,20,0,4,0,2,1,1,0,0,2,0,0
수도권제1순환선,판교-일산,김포,06:00-07:00,50,30,0,13,4,2,0,1,0,0,0,0,0
수도권제1순환선,판교-구리,김포,07:00-08:00,48,37,0,8,3,0,0,0,0,0,0,0,0
수도권제1순환선,판교-구리,김포,08:00-09:00,80,55,0,13,7,3,2,0,0,0,0,0,0
수도권제1순환선,판교-구리,김포,09:00-10:00,74,46,0,16,8,3,0,0,0,0,1,0,0
수도권제1순환선,판교-구리,김포,10:00-11:00,86,53,0,22,9,1,0,1,0,0,0,0,0
수도권제1순환선,판교-구리,김포,11:00-12:00,77,41,0,26,7,2,1,0,0,0,0,0,0
수도권제1순환선,판교-구리,김포,12:00-13:00,85,49,0,25,7,2,2,0,0,0,0,0,0
수도권제1순환선,판교-구리,김포,13:00-14:00,91,58,0,18,12,3,0,0,0,0,0,0,0
수도권제1순환선,판교-구리,김포,14:00-15:00,112,79,0,27,4,0,1,1,0,0,0,0,0
수도권제1순환선,판교-구리,김포,15:00-16:00,114,85,0,21,6,2,0,0,0,0,0,0,0
수도권제1순환선,판교-구리,김포,16:00-17:00,109,77,0,31,1,0,0,0,0,0,0,0,0
수도권제1순환선,판교-구리,김포,17:00-18:00,328,257,2,53,10,2,1,0,0,0,3,0,0
수도권제1순환선,판교-구리,김포,18:00-19:00,289,235,3,40,7,2,1,1,0,0,0,0,0
수도권제1순환선,판교-구리,김포,19:00-20:00,82,61,0,16,3,2,0,0,0,0,0,0,0
수도권제1순환선,판교-구리,김포,20:00-21:00,64,57,0,4,3,0,0,0,0,0,0,0,0
수도권제1순환선,판교-구리,김포,21:00-22:00,54,46,0,7,0,1,0,0,0,0,0,0,0
수도권제1순환선,판교-구리,김포,22:00-23:00,29,24,0,2,1,1,1,0,0,0,0,0,0
수도권제1순환선,판교-구리,김포,23:00-24:00,17,12,0,2,3,0,0,0,0,0,0,0,0
수도권제1순환선,판교-구리,김포,00:00-01:00,6,3,0,1,1,1,0,0,0,0,0,0,0
수도권제1순환선,판교-구리,김포,01:00-02:00,15,10,0,3,2,0,0,0,0,0,0,0,0
수도권제1순환선,판교-구리,김포,02:00-03:00,9,8,0,1,0,0,0,0,0,0,0,0,0
수도권제1순환선,판교-구리,김포,03:00-04:00,7,3,0,3,1,0,0,0,0,0,0,0,0
수도권제1순환선,판교-구리,김포,04:00-05:00,11,7,0,1,3,0,0,0,0,0,0,0,0
수도권제1순환선,판교-구리,김포,05:00-06:00,21,9,0,6,1,3,1,1,0,0,0,0,0
수도권제1순환선,판교-구리,김포,06:00-07:00,43,30,2,8,3,0,0,0,0,0,0,0,0
수도권제1순환선,판교-일산,시흥,07:00-08:00,15,5,0,4,2,0,3,1,0,0,0,0,0
수도권제1순환선,판교-일산,시흥,08:00-09:00,31,18,0,6,5,0,2,0,0,0,0,0,0
수도권제1순환선,판교-일산,시흥,09:00-10:00,33,19,0,8,2,4,0,0,0,0,0,0,0
수도권제1순환선,판교-일산,시흥,10:00-11:00,37,19,0,11,5,1,1,0,0,0,0,0,0
수도권제1순환선,판교-일산,시흥,11:00-12:00,28,20,0,6,2,0,0,0,0,0,0,0,0
수도권제1순환선,판교-일산,시흥,12:00-13:00,40,21,0,14,4,1,0,0,0,0,0,0,0
수도권제1순환선,판교-일산,시흥,13:00-14:00,61,44,0,11,4,1,1,0,0,0,0,0,0
수도권제1순환선,판교-일산,시흥,14:00-15:00,45,27,0,11,4,3,0,0,0,0,0,0,0
수도권제1순환선,판교-일산,시흥,15:00-16:00,62,40,0,15,5,0,2,0,0,0,0,0,0
수도권제1순환선,판교-일산,시흥,16:00-17:00,53,38,0,11,3,0,1,0,0,0,0,0,0
수도권제1순환선,판교-일산,시흥,17:00-18:00,55,45,1,8,0,1,0,0,0,0,0,0,0
수도권제1순환선,판교-일산,시흥,18:00-19:00,74,63,1,8,2,0,0,0,0,0,0,0,0
수도권제1순환선,판교-일산,시흥,19:00-20:00,60,58,0,2,0,0,0,0,0,0,0,0,0
수도권제1순환선,판교-일산,시흥,20:00-21:00,24,20,0,1,1,1,0,1,0,0,0,0,0
수도권제1순환선,판교-일산,시흥,21:00-22:00,28,22,0,5,1,0,0,0,0,0,0,0,0
수도권제1순환선,판교-일산,시흥,22:00-23:00,18,16,0,0,0,2,0,0,0,0,0,0,0
수도권제1순환선,판교-일산,시흥,23:00-24:00,12,10,0,1,1,0,0,0,0,0,0,0,0
수도권제1순환선,판교-일산,시흥,00:00-01:00,3,1,0,1,1,0,0,0,0,0,0,0,0
수도권제1순환선,판교-일산,시흥,01:00-02:00,6,3,0,1,0,2,0,0,0,0,0,0,0
수도권제1순환선,판교-일산,시흥,02:00-03:00,4,0,0,1,1,1,0,1,0,0,0,0,0
수도권제1순환선,판교-일산,시흥,03:00-04:00,1,0,0,1,0,0,0,0,0,0,0,0,0
수도권제1순환선,판교-일산,시흥,04:00-05:00,2,1,0,1,0,0,0,0,0,0,0,0,0
수도권제1순환선,판교-일산,시흥,05:00-06:00,7,1,0,1,0,3,0,1,0,0,1,0,0
수도권제1순환선,판교-일산,시흥,06:00-07:00,9,1,0,0,3,4,0,0,0,0,0,0,1
수도권제1순환선,판교-구리,시흥,07:00-08:00,13,11,0,2,0,0,0,0,0,0,0,0,0
수도권제1순환선,판교-구리,시흥,08:00-09:00,15,11,0,1,1,1,0,0,0,0,0,0,1
수도권제1순환선,판교-구리,시흥,09:00-10:00,29,19,0,6,1,2,0,0,0,0,0,0,1
수도권제1순환선,판교-구리,시흥,10:00-11:00,23,17,0,3,3,0,0,0,0,0,0,0,0
수도권제1순환선,판교-구리,시흥,11:00-12:00,20,12,0,4,1,2,0,0,0,0,1,0,0
수도권제1순환선,판교-구리,시흥,12:00-13:00,15,10,0,2,1,2,0,0,0,0,0,0,0
수도권제1순환선,판교-구리,시흥,13:00-14:00,16,8,0,3,2,2,1,0,0,0,0,0,0
수도권제1순환선,판교-구리,시흥,14:00-15:00,18,12,0,3,1,2,0,0,0,0,0,0,0
수도권제1순환선,판교-구리,시흥,15:00-16:00,36,24,0,8,1,3,0,0,0,0,0,0,0
수도권제1순환선,판교-구리,시흥,16:00-17:00,24,19,0,5,0,0,0,0,0,0,0,0,0
수도권제1순환선,판교-구리,시흥,17:00-18:00,29,24,0,3,0,1,1,0,0,0,0,0,0
수도권제1순환선,판교-구리,시흥,18:00-19:00,28,23,0,3,0,2,0,0,0,0,0,0,0
수도권제1순환선,판교-구리,시흥,19:00-20:00,14,10,0,3,0,1,0,0,0,0,0,0,0
수도권제1순환선,판교-구리,시흥,20:00-21:00,13,9,0,2,0,0,2,0,0,0,0,0,0
수도권제1순환선,판교-구리,시흥,21:00-22:00,8,7,0,0,0,1,0,0,0,0,0,0,0
수도권제1순환선,판교-구리,시흥,22:00-23:00,4,2,0,0,0,1,1,0,0,0,0,0,0
수도권제1순환선,판교-구리,시흥,23:00-24:00,1,1,0,0,0,0,0,0,0,0,0,0,0
수도권제1순환선,판교-구리,시흥,00:00-01:00,2,1,0,0,0,0,1,0,0,0,0,0,0
수도권제1순환선,판교-구리,시흥,01:00-02:00,1,1,0,0,0,0,0,0,0,0,0,0,0
수도권제1순환선,판교-구리,시흥,02:00-03:00,0,0,0,0,0,0,0,0,0,0,0,0,0
수도권제1순환선,판교-구리,시흥,03:00-04:00,4,1,0,1,1,0,1,0,0,0,0,0,0
수도권제1순환선,판교-구리,시흥,04:00-05:00,1,0,0,0,0,1,0,0,0,0,0,0,0
수도권제1순환선,판교-구리,시흥,05:00-06:00,9,4,0,3,0,2,0,0,0,0,0,0,0
수도권제1순환선,판교-구리,시흥,06:00-07:00,11,6,0,2,0,1,2,0,0,0,0,0,0
수도권제1순환선,판교-구리,청계,07:00-08:00,447,324,0,66,17,13,14,3,2,0,8,0,0
수도권제1순환선,판교-구리,청계,08:00-09:00,643,491,0,81,24,19,11,7,1,0,9,0,0
수도권제1순환선,판교-구리,청계,09:00-10:00,478,298,0,92,27,21,23,9,0,0,8,0,0
수도권제1순환선,판교-구리,청계,10:00-11:00,377,171,0,103,24,41,18,10,0,0,8,1,1
수도권제1순환선,판교-구리,청계,11:00-12:00,104,48,0,29,12,8,2,0,1,0,3,0,1
수도권제1순환선,판교-구리,청계,12:00-13:00,68,32,0,27,3,4,1,0,0,0,1,0,0
수도권제1순환선,판교-구리,청계,13:00-14:00,61,41,0,13,2,2,2,0,1,0,0,0,0
수도권제1순환선,판교-구리,청계,14:00-15:00,61,37,0,21,0,1,0,0,0,0,2,0,0
수도권제1순환선,판교-구리,청계,15:00-16:00,72,49,0,17,2,4,0,0,0,0,0,0,0
수도권제1순환선,판교-구리,청계,16:00-17:00,62,44,0,16,1,0,0,1,0,0,0,0,0
수도권제1순환선,판교-구리,청계,17:00-18:00,62,53,0,8,1,0,0,0,0,0,0,0,0
수도권제1순환선,판교-구리,청계,18:00-19:00,56,46,0,9,0,1,0,0,0,0,0,0,0
수도권제1순환선,판교-구리,청계,19:00-20:00,39,33,0,4,0,2,0,0,0,0,0,0,0
수도권제1순환선,판교-구리,청계,20:00-21:00,25,15,0,6,0,3,0,0,0,0,1,0,0
수도권제1순환선,판교-구리,청계,21:00-22:00,15,11,0,0,1,2,1,0,0,0,0,0,0
수도권제1순환선,판교-구리,청계,22:00-23:00,16,13,0,2,0,0,0,0,0,0,1,0,0
수도권제1순환선,판교-구리,청계,23:00-24:00,16,12,0,1,0,1,1,0,0,0,1,0,0
수도권제1순환선,판교-구리,청계,00:00-01:00,7,2,0,1,1,3,0,0,0,0,0,0,0
수도권제1순환선,판교-구리,청계,01:00-02:00,11,7,0,2,1,1,0,0,0,0,0,0,0
수도권제1순환선,판교-구리,청계,02:00-03:00,6,2,0,3,0,0,0,1,0,0,0,0,0
수도권제1순환선,판교-구리,청계,03:00-04:00,7,3,0,2,0,1,1,0,0,0,0,0,0
수도권제1순환선,판교-구리,청계,04:00-05:00,12,4,0,3,0,2,0,1,0,0,2,0,0
수도권제1순환선,판교-구리,청계,05:00-06:00,28,11,0,4,0,3,4,4,0,0,2,0,0
수도권제1순환선,판교-구리,청계,06:00-07:00,35,19,0,4,1,5,2,1,0,0,2,0,1
수도권제1순환선,판교-구리,성남,07:00-08:00,116,83,1,25,4,1,2,0,0,0,0,0,0
수도권제1순환선,판교-구리,성남,08:00-09:00,92,71,0,18,1,1,0,1,0,0,0,0,0
수도권제1순환선,판교-구리,성남,09:00-10:00,110,81,0,17,9,2,0,1,0,0,0,0,0
수도권제1순환선,판교-구리,성남,10:00-11:00,140,96,1,31,8,3,0,1,0,0,0,0,0
수도권제1순환선,판교-구리,성남,11:00-12:00,106,67,0,30,2,4,1,1,0,0,0,0,1
수도권제1순환선,판교-구리,성남,12:00-13:00,111,80,0,20,8,3,0,0,0,0,0,0,0
수도권제1순환선,판교-구리,성남,13:00-14:00,121,88,1,25,5,1,0,1,0,0,0,0,0
수도권제1순환선,판교-구리,성남,14:00-15:00,139,94,0,38,2,2,0,2,0,0,1,0,0
수도권제1순환선,판교-구리,성남,15:00-16:00,124,84,0,30,6,1,2,1,0,0,0,0,0
수도권제1순환선,판교-구리,성남,16:00-17:00,134,105,0,24,2,0,3,0,0,0,0,0,0
수도권제1순환선,판교-구리,성남,17:00-18:00,139,111,0,25,1,1,1,0,0,0,0,0,0
수도권제1순환선,판교-구리,성남,18:00-19:00,111,92,0,14,3,1,0,0,0,0,1,0,0
수도권제1순환선,판교-구리,성남,19:00-20:00,78,68,0,6,1,2,0,1,0,0,0,0,0
수도권제1순환선,판교-구리,성남,20:00-21:00,74,65,0,7,0,0,2,0,0,0,0,0,0
수도권제1순환선,판교-구리,성남,21:00-22:00,63,50,0,6,2,4,0,1,0,0,0,0,0
수도권제1순환선,판교-구리,성남,22:00-23:00,42,32,0,4,3,3,0,0,0,0,0,0,0
수도권제1순환선,판교-구리,성남,23:00-24:00,26,20,0,1,3,1,0,0,0,0,1,0,0
수도권제1순환선,판교-구리,성남,00:00-01:00,17,8,0,5,2,1,1,0,0,0,0,0,0
수도권제1순환선,판교-구리,성남,01:00-02:00,13,5,0,3,1,2,1,1,0,0,0,0,0
수도권제1순환선,판교-구리,성남,02:00-03:00,10,5,0,0,1,3,0,0,0,0,1,0,0
수도권제1순환선,판교-구리,성남,03:00-04:00,16,4,0,7,1,1,2,0,0,0,1,0,0
수도권제1순환선,판교-구리,성남,04:00-05:00,24,3,0,9,1,6,3,1,0,0,1,0,0
수도권제1순환선,판교-구리,성남,05:00-06:00,43,23,0,5,4,4,6,1,0,0,0,0,0
수도권제1순환선,판교-구리,성남,06:00-07:00,79,48,0,19,7,3,1,1,0,0,0,0,0
수도권제1순환선,판교-일산,구리남양주,07:00-08:00,40,35,0,4,1,0,0,0,0,0,0,0,0
수도권제1순환선,판교-일산,구리남양주,08:00-09:00,42,38,0,4,0,0,0,0,0,0,0,0,0
수도권제1순환선,판교-일산,구리남양주,09:00-10:00,40,31,0,9,0,0,0,0,0,0,0,0,0
수도권제1순환선,판교-일산,구리남양주,10:00-11:00,37,29,0,8,0,0,0,0,0,0,0,0,0
수도권제1순환선,판교-일산,구리남양주,11:00-12:00,48,36,0,11,1,0,0,0,0,0,0,0,0
수도권제1순환선,판교-일산,구리남양주,12:00-13:00,52,41,0,11,0,0,0,0,0,0,0,0,0
수도권제1순환선,판교-일산,구리남양주,13:00-14:00,51,45,0,6,0,0,0,0,0,0,0,0,0
수도권제1순환선,판교-일산,구리남양주,14:00-15:00,58,44,0,13,1,0,0,0,0,0,0,0,0
수도권제1순환선,판교-일산,구리남양주,15:00-16:00,67,60,0,7,0,0,0,0,0,0,0,0,0
수도권제1순환선,판교-일산,구리남양주,16:00-17:00,50,39,0,10,1,0,0,0,0,0,0,0,0
수도권제1순환선,판교-일산,구리남양주,17:00-18:00,48,39,0,8,1,0,0,0,0,0,0,0,0
수도권제1순환선,판교-일산,구리남양주,18:00-19:00,52,46,0,6,0,0,0,0,0,0,0,0,0
수도권제1순환선,판교-일산,구리남양주,19:00-20:00,41,37,0,2,2,0,0,0,0,0,0,0,0
수도권제1순환선,판교-일산,구리남양주,20:00-21:00,13,10,0,2,0,0,0,1,0,0,0,0,0
수도권제1순환선,판교-일산,구리남양주,21:00-22:00,37,35,0,0,2,0,0,0,0,0,0,0,0
수도권제1순환선,판교-일산,구리남양주,22:00-23:00,5,4,0,1,0,0,0,0,0,0,0,0,0
수도권제1순환선,판교-일산,구리남양주,23:00-24:00,4,2,0,0,1,1,0,0,0,0,0,0,0
수도권제1순환선,판교-일산,구리남양주,00:00-01:00,2,0,0,0,2,0,0,0,0,0,0,0,0
수도권제1순환선,판교-일산,구리남양주,01:00-02:00,5,4,0,0,0,1,0,0,0,0,0,0,0
수도권제1순환선,판교-일산,구리남양주,02:00-03:00,1,1,0,0,0,0,0,0,0,0,0,0,0
수도권제1순환선,판교-일산,구리남양주,03:00-04:00,5,2,0,2,1,0,0,0,0,0,0,0,0
수도권제1순환선,판교-일산,구리남양주,04:00-05:00,3,2,0,1,0,0,0,0,0,0,0,0,0
수도권제1순환선,판교-일산,구리남양주,05:00-06:00,24,23,0,1,0,0,0,0,0,0,0,0,0
수도권제1순환선,판교-일산,구리남양주,06:00-07:00,22,16,0,5,1,0,0,0,0,0,0,0,0
영동선,강릉,적금,07:00-08:00,13,5,0,4,2,2,0,0,0,0,0,0,0
영동선,강릉,적금,08:00-09:00,24,10,0,9,1,2,1,0,0,0,1,0,0
영동선,강릉,적금,09:00-10:00,20,10,0,5,1,3,0,1,0,0,0,0,0
영동선,강릉,적금,10:00-11:00,26,19,2,4,1,0,0,0,0,0,0,0,0
영동선,강릉,적금,11:00-12:00,23,13,0,8,1,0,0,0,0,0,1,0,0
영동선,강릉,적금,12:00-13:00,34,28,0,3,2,1,0,0,0,0,0,0,0
영동선,강릉,적금,13:00-14:00,29,18,0,6,4,0,0,1,0,0,0,0,0
영동선,강릉,적금,14:00-15:00,33,24,0,7,1,0,1,0,0,0,0,0,0
영동선,강릉,적금,15:00-16:00,20,15,0,3,1,1,0,0,0,0,0,0,0
영동선,강릉,적금,16:00-17:00,27,19,1,4,0,1,1,1,0,0,0,0,0
영동선,강릉,적금,17:00-18:00,13,9,0,4,0,0,0,0,0,0,0,0,0
영동선,강릉,적금,18:00-19:00,18,13,1,4,0,0,0,0,0,0,0,0,0
영동선,강릉,적금,19:00-20:00,7,7,0,0,0,0,0,0,0,0,0,0,0
영동선,강릉,적금,20:00-21:00,11,9,0,0,1,0,0,1,0,0,0,0,0
영동선,강릉,적금,21:00-22:00,4,3,0,0,0,0,0,1,0,0,0,0,0
영동선,강릉,적금,22:00-23:00,3,1,0,0,0,1,1,0,0,0,0,0,0
영동선,강릉,적금,23:00-24:00,2,2,0,0,0,0,0,0,0,0,0,0,0
영동선,강릉,적금,00:00-01:00,7,4,0,1,0,1,0,1,0,0,0,0,0
영동선,강릉,적금,01:00-02:00,3,1,0,0,2,0,0,0,0,0,0,0,0
영동선,강릉,적금,02:00-03:00,3,0,0,1,1,0,1,0,0,0,0,0,0
영동선,강릉,적금,03:00-04:00,0,0,0,0,0,0,0,0,0,0,0,0,0
영동선,강릉,적금,04:00-05:00,7,3,0,1,1,2,0,0,0,0,0,0,0
영동선,강릉,적금,05:00-06:00,11,7,0,0,1,2,0,1,0,0,0,0,0
영동선,강릉,적금,06:00-07:00,11,6,0,3,0,2,0,0,0,0,0,0,0
영동선,인천,적금,07:00-08:00,14,6,0,6,0,2,0,0,0,0,0,0,0
영동선,인천,적금,08:00-09:00,17,11,1,0,3,1,1,0,0,0,0,0,0
영동선,인천,적금,09:00-10:00,19,11,0,5,1,2,0,0,0,0,0,0,0
영동선,인천,적금,10:00-11:00,19,9,0,3,2,4,1,0,0,0,0,0,0
영동선,인천,적금,11:00-12:00,28,14,0,6,5,3,0,0,0,0,0,0,0
영동선,인천,적금,12:00-13:00,27,16,0,5,3,2,1,0,0,0,0,0,0
영동선,인천,적금,13:00-14:00,38,28,0,9,0,1,0,0,0,0,0,0,0
영동선,인천,적금,14:00-15:00,34,26,0,4,1,2,0,1,0,0,0,0,0
영동선,인천,적금,15:00-16:00,37,29,0,6,1,1,0,0,0,0,0,0,0
영동선,인천,적금,16:00-17:00,31,25,0,6,0,0,0,0,0,0,0,0,0
영동선,인천,적금,17:00-18:00,33,29,0,3,0,0,0,1,0,0,0,0,0
영동선,인천,적금,18:00-19:00,34,30,0,2,1,0,1,0,0,0,0,0,0
영동선,인천,적금,19:00-20:00,12,9,0,2,0,0,1,0,0,0,0,0,0
영동선,인천,적금,20:00-21:00,16,14,0,2,0,0,0,0,0,0,0,0,0
영동선,인천,적금,21:00-22:00,10,8,0,0,0,1,1,0,0,0,0,0,0
영동선,인천,적금,22:00-23:00,5,4,0,0,1,0,0,0,0,0,0,0,0
영동선,인천,적금,23:00-24:00,5,3,0,2,0,0,0,0,0,0,0,0,0
영동선,인천,적금,00:00-01:00,2,1,0,1,0,0,0,0,0,0,0,0,0
영동선,인천,적금,01:00-02:00,0,0,0,0,0,0,0,0,0,0,0,0,0
영동선,인천,적금,02:00-03:00,1,1,0,0,0,0,0,0,0,0,0,0,0
영동선,인천,적금,03:00-04:00,3,3,0,0,0,0,0,0,0,0,0,0,0
영동선,인천,적금,04:00-05:00,2,1,0,0,1,0,0,0,0,0,0,0,0
영동선,인천,적금,05:00-06:00,3,3,0,0,0,0,0,0,0,0,0,0,0
영동선,인천,적금,06:00-07:00,2,0,0,0,1,1,0,0,0,0,0,0,0
영동선,강릉,소초,07:00-08:00,19,13,0,3,2,0,0,0,0,0,1,0,0
영동선,강릉,소초,08:00-09:00,36,31,0,2,0,3,0,0,0,0,0,0,0
영동선,강릉,소초,09:00-10:00,30,24,0,5,1,0,0,0,0,0,0,0,0
영동선,강릉,소초,10:00-11:00,39,33,0,5,0,1,0,0,0,0,0,0,0
영동선,강릉,소초,11:00-12:00,31,26,0,4,0,1,0,0,0,0,0,0,0
영동선,강릉,소초,12:00-13:00,33,31,0,1,0,1,0,0,0,0,0,0,0
영동선,강릉,소초,13:00-14:00,35,32,0,3,0,0,0,0,0,0,0,0,0
영동선,강릉,소초,14:00-15:00,41,33,1,4,3,0,0,0,0,0,0,0,0
영동선,강릉,소초,15:00-16:00,33,32,0,1,0,0,0,0,0,0,0,0,0
영동선,강릉,소초,16:00-17:00,26,22,0,4,0,0,0,0,0,0,0,0,0
영동선,강릉,소초,17:00-18:00,25,20,0,5,0,0,0,0,0,0,0,0,0
영동선,강릉,소초,18:00-19:00,13,10,0,3,0,0,0,0,0,0,0,0,0
영동선,강릉,소초,19:00-20:00,8,8,0,0,0,0,0,0,0,0,0,0,0
영동선,강릉,소초,20:00-21:00,11,8,0,0,1,2,0,0,0,0,0,0,0
영동선,강릉,소초,21:00-22:00,5,4,0,1,0,0,0,0,0,0,0,0,0
영동선,강릉,소초,22:00-23:00,10,7,0,1,0,1,1,0,0,0,0,0,0
영동선,강릉,소초,23:00-24:00,5,4,0,1,0,0,0,0,0,0,0,0,0
영동선,강릉,소초,00:00-01:00,7,7,0,0,0,0,0,0,0,0,0,0,0
영동선,강릉,소초,01:00-02:00,8,6,0,1,0,1,0,0,0,0,0,0,0
영동선,강릉,소초,02:00-03:00,3,1,0,1,0,0,0,0,0,0,0,0,1
영동선,강릉,소초,03:00-04:00,1,0,0,0,0,0,1,0,0,0,0,0,0
영동선,강릉,소초,04:00-05:00,8,3,0,3,1,1,0,0,0,0,0,0,0
영동선,강릉,소초,05:00-06:00,13,4,1,3,1,4,0,0,0,0,0,0,0
영동선,강릉,소초,06:00-07:00,17,12,0,2,1,2,0,0,0,0,0,0,0
영동선,강릉,삽교,07:00-08:00,13,6,0,4,2,1,0,0,0,0,0,0,0
영동선,강릉,삽교,08:00-09:00,14,7,0,3,0,2,2,0,0,0,0,0,0
영동선,강릉,삽교,09:00-10:00,14,9,0,1,1,2,1,0,0,0,0,0,0
영동선,강릉,삽교,10:00-11:00,19,11,0,4,1,2,1,0,0,0,0,0,0
영동선,강릉,삽교,11:00-12:00,22,12,1,4,1,4,0,0,0,0,0,0,0
영동선,강릉,삽교,12:00-13:00,18,14,0,3,0,1,0,0,0,0,0,0,0
영동선,강릉,삽교,13:00-14:00,25,19,0,3,1,2,0,0,0,0,0,0,0
영동선,강릉,삽교,14:00-15:00,22,19,0,1,1,1,0,0,0,0,0,0,0
영동선,강릉,삽교,15:00-16:00,20,17,0,3,0,0,0,0,0,0,0,0,0
영동선,강릉,삽교,16:00-17:00,12,8,0,1,2,0,0,0,0,0,1,0,0
영동선,강릉,삽교,17:00-18:00,10,10,0,0,0,0,0,0,0,0,0,0,0
영동선,강릉,삽교,18:00-19:00,9,8,0,1,0,0,0,0,0,0,0,0,0
영동선,강릉,삽교,19:00-20:00,7,5,1,1,0,0,0,0,0,0,0,0,0
영동선,강릉,삽교,20:00-21:00,9,9,0,0,0,0,0,0,0,0,0,0,0
영동선,강릉,삽교,21:00-22:00,2,1,0,1,0,0,0,0,0,0,0,0,0
영동선,강릉,삽교,22:00-23:00,5,5,0,0,0,0,0,0,0,0,0,0,0
영동선,강릉,삽교,23:00-24:00,8,6,0,0,0,0,2,0,0,0,0,0,0
영동선,강릉,삽교,00:00-01:00,3,2,0,0,1,0,0,0,0,0,0,0,0
영동선,강릉,삽교,01:00-02:00,2,1,0,1,0,0,0,0,0,0,0,0,0
영동선,강릉,삽교,02:00-03:00,6,1,0,0,1,3,1,0,0,0,0,0,0
영동선,강릉,삽교,03:00-04:00,1,1,0,0,0,0,0,0,0,0,0,0,0
영동선,강릉,삽교,04:00-05:00,9,3,0,2,3,1,0,0,0,0,0,0,0
영동선,강릉,삽교,05:00-06:00,6,3,0,1,0,2,0,0,0,0,0,0,0
영동선,강릉,삽교,06:00-07:00,3,0,0,1,1,1,0,0,0,0,0,0,0
영동선,인천,삽교,07:00-08:00,10,7,0,1,1,0,1,0,0,0,0,0,0
영동선,인천,삽교,08:00-09:00,18,8,0,8,0,2,0,0,0,0,0,0,0
영동선,인천,삽교,09:00-10:00,23,13,0,3,3,3,1,0,0,0,0,0,0
영동선,인천,삽교,10:00-11:00,28,18,0,3,1,3,1,1,0,0,1,0,0
영동선,인천,삽교,11:00-12:00,28,16,0,5,1,3,1,2,0,0,0,0,0
영동선,인천,삽교,12:00-13:00,22,14,0,2,2,1,1,0,0,0,2,0,0
영동선,인천,삽교,13:00-14:00,38,32,0,3,2,0,1,0,0,0,0,0,0
영동선,인천,삽교,14:00-15:00,46,36,0,6,2,1,1,0,0,0,0,0,0
영동선,인천,삽교,15:00-16:00,48,42,0,5,1,0,0,0,0,0,0,0,0
영동선,인천,삽교,16:00-17:00,44,37,0,3,3,0,0,1,0,0,0,0,0
영동선,인천,삽교,17:00-18:00,44,33,0,8,3,0,0,0,0,0,0,0,0
영동선,인천,삽교,18:00-19:00,21,14,0,7,0,0,0,0,0,0,0,0,0
영동선,인천,삽교,19:00-20:00,20,17,0,1,1,1,0,0,0,0,0,0,0
영동선,인천,삽교,20:00-21:00,11,6,0,2,0,2,0,1,0,0,0,0,0
영동선,인천,삽교,21:00-22:00,3,2,0,1,0,0,0,0,0,0,0,0,0
영동선,인천,삽교,22:00-23:00,8,5,0,2,0,1,0,0,0,0,0,0,0
영동선,인천,삽교,23:00-24:00,5,5,0,0,0,0,0,0,0,0,0,0,0
영동선,인천,삽교,00:00-01:00,4,3,0,0,0,0,0,0,0,0,1,0,0
영동선,인천,삽교,01:00-02:00,2,2,0,0,0,0,0,0,0,0,0,0,0
영동선,인천,삽교,02:00-03:00,0,0,0,0,0,0,0,0,0,0,0,0,0
영동선,인천,삽교,03:00-04:00,2,1,0,0,0,0,1,0,0,0,0,0,0
영동선,인천,삽교,04:00-05:00,5,4,0,1,0,0,0,0,0,0,0,0,0
영동선,인천,삽교,05:00-06:00,4,2,0,1,0,1,0,0,0,0,0,0,0
영동선,인천,삽교,06:00-07:00,7,3,0,0,0,1,2,1,0,0,0,0,0
영동선,강릉,월정,07:00-08:00,23,4,0,5,3,2,7,2,0,0,0,0,0
영동선,강릉,월정,08:00-09:00,19,13,0,5,0,1,0,0,0,0,0,0,0
영동선,강릉,월정,09:00-10:00,21,14,0,5,1,1,0,0,0,0,0,0,0
영동선,강릉,월정,10:00-11:00,23,20,0,3,0,0,0,0,0,0,0,0,0
영동선,강릉,월정,11:00-12:00,14,12,0,1,0,0,0,1,0,0,0,0,0
영동선,강릉,월정,12:00-13:00,22,14,0,6,2,0,0,0,0,0,0,0,0
영동선,강릉,월정,13:00-14:00,39,32,0,4,1,1,0,0,0,0,1,0,0
영동선,강릉,월정,14:00-15:00,32,29,0,1,0,2,0,0,0,0,0,0,0
영동선,강릉,월정,15:00-16:00,36,29,0,3,2,0,1,0,0,0,1,0,0
영동선,강릉,월정,16:00-17:00,28,24,1,3,0,0,0,0,0,0,0,0,0
영동선,강릉,월정,17:00-18:00,21,18,1,2,0,0,0,0,0,0,0,0,0
영동선,강릉,월정,18:00-19:00,14,13,0,1,0,0,0,0,0,0,0,0,0
영동선,강릉,월정,19:00-20:00,16,14,0,1,1,0,0,0,0,0,0,0,0
영동선,강릉,월정,20:00-21:00,4,3,0,0,1,0,0,0,0,0,0,0,0
영동선,강릉,월정,21:00-22:00,10,7,0,1,0,2,0,0,0,0,0,0,0
영동선,강릉,월정,22:00-23:00,7,4,0,1,0,1,0,0,0,0,1,0,0
영동선,강릉,월정,23:00-24:00,5,5,0,0,0,0,0,0,0,0,0,0,0
영동선,강릉,월정,00:00-01:00,4,2,0,0,0,0,2,0,0,0,0,0,0
영동선,강릉,월정,01:00-02:00,1,1,0,0,0,0,0,0,0,0,0,0,0
영동선,강릉,월정,02:00-03:00,7,0,0,0,6,0,0,0,0,0,1,0,0
영동선,강릉,월정,03:00-04:00,8,1,0,0,4,1,1,1,0,0,0,0,0
영동선,강릉,월정,04:00-05:00,9,3,0,2,1,0,3,0,0,0,0,0,0
영동선,강릉,월정,05:00-06:00,12,1,0,2,2,4,1,1,0,0,0,0,1
영동선,강릉,월정,06:00-07:00,19,5,0,3,8,2,0,0,0,0,1,0,0
영동선,인천,대관령,07:00-08:00,8,5,0,2,0,1,0,0,0,0,0,0,0
영동선,인천,대관령,08:00-09:00,15,10,0,4,1,0,0,0,0,0,0,0,0
영동선,인천,대관령,09:00-10:00,17,10,0,4,0,1,1,0,0,0,0,0,1
영동선,인천,대관령,10:00-11:00,18,11,0,2,2,3,0,0,0,0,0,0,0
영동선,인천,대관령,11:00-12:00,30,19,0,6,1,3,1,0,0,0,0,0,0
영동선,인천,대관령,12:00-13:00,14,12,0,2,0,0,0,0,0,0,0,0,0
영동선,인천,대관령,13:00-14:00,24,17,0,3,2,0,1,1,0,0,0,0,0
영동선,인천,대관령,14:00-15:00,23,19,0,1,2,0,1,0,0,0,0,0,0
영동선,인천,대관령,15:00-16:00,27,23,0,2,1,0,1,0,0,0,0,0,0
영동선,인천,대관령,16:00-17:00,12,8,0,3,0,0,1,0,0,0,0,0,0
영동선,인천,대관령,17:00-18:00,15,10,0,4,1,0,0,0,0,0,0,0,0
영동선,인천,대관령,18:00-19:00,13,13,0,0,0,0,0,0,0,0,0,0,0
영동선,인천,대관령,19:00-20:00,11,6,1,3,0,1,0,0,0,0,0,0,0
영동선,인천,대관령,20:00-21:00,5,4,0,0,0,0,0,0,0,0,1,0,0
영동선,인천,대관령,21:00-22:00,6,4,0,0,1,0,0,1,0,0,0,0,0
영동선,인천,대관령,22:00-23:00,7,7,0,0,0,0,0,0,0,0,0,0,0
영동선,인천,대관령,23:00-24:00,1,1,0,0,0,0,0,0,0,0,0,0,0
영동선,인천,대관령,00:00-01:00,1,0,0,0,0,1,0,0,0,0,0,0,0
영동선,인천,대관령,01:00-02:00,1,0,0,0,1,0,0,0,0,0,0,0,0
영동선,인천,대관령,02:00-03:00,1,0,0,0,0,1,0,0,0,0,0,0,0
영동선,인천,대관령,03:00-04:00,0,0,0,0,0,0,0,0,0,0,0,0,0
영동선,인천,대관령,04:00-05:00,3,2,0,1,0,0,0,0,0,0,0,0,0
영동선,인천,대관령,05:00-06:00,3,2,0,0,0,0,1,0,0,0,0,0,0
영동선,인천,대관령,06:00-07:00,5,3,1,0,0,0,0,0,0,0,1,0,0
제2중부선,통영,상번천,07:00-08:00,52,35,1,9,5,1,0,0,0,0,0,0,1
제2중부선,통영,상번천,08:00-09:00,58,46,0,8,3,1,0,0,0,0,0,0,0
제2중부선,통영,상번천,09:00-10:00,57,38,0,12,4,1,1,1,0,0,0,0,0
제2중부선,통영,상번천,10:00-11:00,63,48,0,12,2,1,0,0,0,0,0,0,0
제2중부선,통영,상번천,11:00-12:00,73,53,0,14,5,0,0,1,0,0,0,0,0
제2중부선,통영,상번천,12:00-13:00,78,59,0,15,2,1,0,0,0,0,1,0,0
제2중부선,통영,상번천,13:00-14:00,75,59,0,7,7,0,0,2,0,0,0,0,0
제2중부선,통영,상번천,14:00-15:00,80,56,2,12,3,5,1,0,0,0,1,0,0
제2중부선,통영,상번천,15:00-16:00,58,44,0,10,3,0,0,0,0,0,1,0,0
제2중부선,통영,상번천,16:00-17:00,49,36,1,6,4,1,0,0,0,0,1,0,0
제2중부선,통영,상번천,17:00-18:00,57,46,0,6,4,1,0,0,0,0,0,0,0
제2중부선,통영,상번천,18:00-19:00,40,33,0,2,2,1,1,0,0,0,1,0,0
제2중부선,통영,상번천,19:00-20:00,32,20,1,6,3,2,0,0,0,0,0,0,0
제2중부선,통영,상번천,20:00-21:00,17,12,0,1,3,0,1,0,0,0,0,0,0
제2중부선,통영,상번천,21:00-22:00,18,5,0,6,5,1,0,1,0,0,0,0,0
제2중부선,통영,상번천,22:00-23:00,4,3,0,0,0,0,0,1,0,0,0,0,0
제2중부선,통영,상번천,23:00-24:00,7,6,0,0,0,1,0,0,0,0,0,0,0
제2중부선,통영,상번천,00:00-01:00,2,2,0,0,0,0,0,0,0,0,0,0,0
제2중부선,통영,상번천,01:00-02:00,5,3,0,0,0,2,0,0,0,0,0,0,0
제2중부선,통영,상번천,02:00-03:00,3,1,0,1,1,0,0,0,0,0,0,0,0
제2중부선,통영,상번천,03:00-04:00,3,1,0,2,0,0,0,0,0,0,0,0,0
제2중부선,통영,상번천,04:00-05:00,5,1,0,1,1,1,0,0,0,0,1,0,0
제2중부선,통영,상번천,05:00-06:00,17,14,0,2,1,0,0,0,0,0,0,0,0
제2중부선,통영,상번천,06:00-07:00,24,18,0,3,2,1,0,0,0,0,0,0,0
제2중부선,하남,상번천,07:00-08:00,31,16,0,9,4,0,1,1,0,0,0,0,0
제2중부선,하남,상번천,08:00-09:00,46,31,1,8,2,1,1,2,0,0,0,0,0
제2중부선,하남,상번천,09:00-10:00,55,41,1,10,1,1,0,1,0,0,0,0,0
제2중부선,하남,상번천,10:00-11:00,65,42,0,16,5,2,0,0,0,0,0,0,0
제2중부선,하남,상번천,11:00-12:00,45,29,0,9,2,4,0,1,0,0,0,0,0
제2중부선,하남,상번천,12:00-13:00,66,41,0,18,3,2,2,0,0,0,0,0,0
제2중부선,하남,상번천,13:00-14:00,69,53,0,11,2,1,1,1,0,0,0,0,0
제2중부선,하남,상번천,14:00-15:00,101,89,0,9,3,0,0,0,0,0,0,0,0
제2중부선,하남,상번천,15:00-16:00,97,87,0,6,4,0,0,0,0,0,0,0,0
제2중부선,하남,상번천,16:00-17:00,85,62,0,20,2,0,1,0,0,0,0,0,0
제2중부선,하남,상번천,17:00-18:00,96,87,0,9,0,0,0,0,0,0,0,0,0
제2중부선,하남,상번천,18:00-19:00,101,83,0,13,4,1,0,0,0,0,0,0,0
제2중부선,하남,상번천,19:00-20:00,77,64,3,7,3,0,0,0,0,0,0,0,0
제2중부선,하남,상번천,20:00-21:00,27,23,0,3,0,0,1,0,0,0,0,0,0
제2중부선,하남,상번천,21:00-22:00,27,21,0,2,0,2,0,2,0,0,0,0,0
제2중부선,하남,상번천,22:00-23:00,20,17,0,1,1,0,1,0,0,0,0,0,0
제2중부선,하남,상번천,23:00-24:00,15,10,0,3,0,1,0,0,0,0,1,0,0
제2중부선,하남,상번천,00:00-01:00,7,6,0,1,0,0,0,0,0,0,0,0,0
제2중부선,하남,상번천,01:00-02:00,4,2,0,0,0,1,0,1,0,0,0,0,0
제2중부선,하남,상번천,02:00-03:00,7,1,0,2,1,1,1,0,0,0,1,0,0
제2중부선,하남,상번천,03:00-04:00,3,1,0,0,1,0,0,0,0,0,1,0,0
제2중부선,하남,상번천,04:00-05:00,8,3,0,0,0,3,1,1,0,0,0,0,0
제2중부선,하남,상번천,05:00-06:00,15,6,0,2,0,4,1,2,0,0,0,0,0
제2중부선,하남,상번천,06:00-07:00,13,4,0,4,2,3,0,0,0,0,0,0,0
통영대전·중부선,하남,금산,07:00-08:00,9,6,0,2,0,1,0,0,0,0,0,0,0
통영대전·중부선,하남,금산,08:00-09:00,10,7,0,1,1,0,0,0,0,0,1,0,0
통영대전·중부선,하남,금산,09:00-10:00,19,15,0,2,0,0,1,1,0,0,0,0,0
통영대전·중부선,하남,금산,10:00-11:00,22,16,0,2,0,3,1,0,0,0,0,0,0
통영대전·중부선,하남,금산,11:00-12:00,23,18,0,2,3,0,0,0,0,0,0,0,0
통영대전·중부선,하남,금산,12:00-13:00,18,12,0,6,0,0,0,0,0,0,0,0,0
통영대전·중부선,하남,금산,13:00-14:00,24,21,0,0,2,1,0,0,0,0,0,0,0
통영대전·중부선,하남,금산,14:00-15:00,27,20,0,5,0,1,1,0,0,0,0,0,0
통영대전·중부선,하남,금산,15:00-16:00,21,17,0,2,0,0,1,0,0,0,1,0,0
통영대전·중부선,하남,금산,16:00-17:00,24,21,0,1,0,1,1,0,0,0,0,0,0
통영대전·중부선,하남,금산,17:00-18:00,23,20,0,2,0,1,0,0,0,0,0,0,0
통영대전·중부선,하남,금산,18:00-19:00,17,15,0,0,2,0,0,0,0,0,0,0,0
통영대전·중부선,하남,금산,19:00-20:00,10,10,0,0,0,0,0,0,0,0,0,0,0
통영대전·중부선,하남,금산,20:00-21:00,14,12,0,2,0,0,0,0,0,0,0,0,0
통영대전·중부선,하남,금산,21:00-22:00,12,7,0,3,0,2,0,0,0,0,0,0,0
통영대전·중부선,하남,금산,22:00-23:00,2,2,0,0,0,0,0,0,0,0,0,0,0
통영대전·중부선,하남,금산,23:00-24:00,3,2,0,0,0,0,1,0,0,0,0,0,0
통영대전·중부선,하남,금산,00:00-01:00,3,2,0,0,0,1,0,0,0,0,0,0,0
통영대전·중부선,하남,금산,01:00-02:00,1,1,0,0,0,0,0,0,0,0,0,0,0
통영대전·중부선,하남,금산,02:00-03:00,1,1,0,0,0,0,0,0,0,0,0,0,0
통영대전·중부선,하남,금산,03:00-04:00,1,0,0,0,1,0,0,0,0,0,0,0,0
통영대전·중부선,하남,금산,04:00-05:00,4,2,0,1,1,0,0,0,0,0,0,0,0
통영대전·중부선,하남,금산,05:00-06:00,4,4,0,0,0,0,0,0,0,0,0,0,0
통영대전·중부선,하남,금산,06:00-07:00,6,4,0,2,0,0,0,0,0,0,0,0,0
통영대전·중부선,통영,무주,07:00-08:00,6,6,0,0,0,0,0,0,0,0,0,0,0
통영대전·중부선,통영,무주,08:00-09:00,7,5,0,2,0,0,0,0,0,0,0,0,0
통영대전·중부선,통영,무주,09:00-10:00,6,4,0,1,0,0,1,0,0,0,0,0,0
통영대전·중부선,통영,무주,10:00-11:00,14,9,0,1,0,4,0,0,0,0,0,0,0
통영대전·중부선,통영,무주,11:00-12:00,18,15,0,0,2,1,0,0,0,0,0,0,0
통영대전·중부선,통영,무주,12:00-13:00,7,5,0,0,0,1,1,0,0,0,0,0,0
통영대전·중부선,통영,무주,13:00-14:00,18,13,0,5,0,0,0,0,0,0,0,0,0
통영대전·중부선,통영,무주,14:00-15:00,17,15,0,2,0,0,0,0,0,0,0,0,0
통영대전·중부선,통영,무주,15:00-16:00,6,6,0,0,0,0,0,0,0,0,0,0,0
통영대전·중부선,통영,무주,16:00-17:00,9,8,0,1,0,0,0,0,0,0,0,0,0
통영대전·중부선,통영,무주,17:00-18:00,10,10,0,0,0,0,0,0,0,0,0,0,0
통영대전·중부선,통영,무주,18:00-19:00,8,6,0,1,0,1,0,0,0,0,0,0,0
통영대전·중부선,통영,무주,19:00-20:00,5,3,0,2,0,0,0,0,0,0,0,0,0
통영대전·중부선,통영,무주,20:00-21:00,7,7,0,0,0,0,0,0,0,0,0,0,0
통영대전·중부선,통영,무주,21:00-22:00,3,2,0,0,0,1,0,0,0,0,0,0,0
통영대전·중부선,통영,무주,22:00-23:00,2,1,0,0,0,1,0,0,0,0,0,0,0
통영대전·중부선,통영,무주,23:00-24:00,5,3,0,1,0,1,0,0,0,0,0,0,0
통영대전·중부선,통영,무주,00:00-01:00,2,1,0,0,0,1,0,0,0,0,0,0,0
통영대전·중부선,통영,무주,01:00-02:00,4,3,0,0,0,1,0,0,0,0,0,0,0
통영대전·중부선,통영,무주,02:00-03:00,2,1,0,0,0,0,1,0,0,0,0,0,0
통영대전·중부선,통영,무주,03:00-04:00,1,0,0,1,0,0,0,0,0,0,0,0,0
통영대전·중부선,통영,무주,04:00-05:00,4,0,0,0,0,4,0,0,0,0,0,0,0
통영대전·중부선,통영,무주,05:00-06:00,4,1,0,2,0,1,0,0,0,0,0,0,0
통영대전·중부선,통영,무주,06:00-07:00,5,4,0,0,0,1,0,0,0,0,0,0,0
통영대전·중부선,통영,번천,07:00-08:00,27,14,0,8,3,2,0,0,0,0,0,0,0
통영대전·중부선,통영,번천,08:00-09:00,41,28,3,6,4,0,0,0,0,0,0,0,0
통영대전·중부선,통영,번천,09:00-10:00,57,38,1,12,5,1,0,0,0,0,0,0,0
통영대전·중부선,통영,번천,10:00-11:00,59,34,0,15,6,3,1,0,0,0,0,0,0
통영대전·중부선,통영,번천,11:00-12:00,48,34,0,11,2,1,0,0,0,0,0,0,0
통영대전·중부선,통영,번천,12:00-13:00,80,48,0,24,6,2,0,0,0,0,0,0,0
통영대전·중부선,통영,번천,13:00-14:00,73,38,0,26,4,4,0,0,0,0,1,0,0
통영대전·중부선,통영,번천,14:00-15:00,55,35,0,18,0,2,0,0,0,0,0,0,0
통영대전·중부선,통영,번천,15:00-16:00,48,25,0,16,2,3,1,1,0,0,0,0,0
통영대전·중부선,통영,번천,16:00-17:00,57,33,0,18,4,2,0,0,0,0,0,0,0
통영대전·중부선,통영,번천,17:00-18:00,47,38,0,5,3,1,0,0,0,0,0,0,0
통영대전·중부선,통영,번천,18:00-19:00,23,18,0,5,0,0,0,0,0,0,0,0,0
통영대전·중부선,통영,번천,19:00-20:00,38,34,0,3,1,0,0,0,0,0,0,0,0
통영대전·중부선,통영,번천,20:00-21:00,29,20,0,6,2,1,0,0,0,0,0,0,0
통영대전·중부선,통영,번천,21:00-22:00,16,9,0,4,1,2,0,0,0,0,0,0,0
통영대전·중부선,통영,번천,22:00-23:00,6,6,0,0,0,0,0,0,0,0,0,0,0
통영대전·중부선,통영,번천,23:00-24:00,4,1,0,3,0,0,0,0,0,0,0,0,0
통영대전·중부선,통영,번천,00:00-01:00,6,1,0,3,1,1,0,0,0,0,0,0,0
통영대전·중부선,통영,번천,01:00-02:00,7,2,0,4,0,1,0,0,0,0,0,0,0
통영대전·중부선,통영,번천,02:00-03:00,4,0,0,2,1,1,0,0,0,0,0,0,0
통영대전·중부선,통영,번천,03:00-04:00,5,2,0,2,0,1,0,0,0,0,0,0,0
통영대전·중부선,통영,번천,04:00-05:00,7,3,0,3,1,0,0,0,0,0,0,0,0
통영대전·중부선,통영,번천,05:00-06:00,17,8,0,5,2,0,2,0,0,0,0,0,0
통영대전·중부선,통영,번천,06:00-07:00,29,15,0,11,1,2,0,0,0,0,0,0,0
통영대전·중부선,하남,번천,07:00-08:00,25,13,0,5,1,5,0,0,0,0,1,0,0
통영대전·중부선,하남,번천,08:00-09:00,34,20,0,10,2,2,0,0,0,0,0,0,0
통영대전·중부선,하남,번천,09:00-10:00,22,11,0,8,1,1,0,0,0,0,1,0,0
통영대전·중부선,하남,번천,10:00-11:00,38,27,0,9,0,2,0,0,0,0,0,0,0
통영대전·중부선,하남,번천,11:00-12:00,33,12,0,12,5,3,1,0,0,0,0,0,0
통영대전·중부선,하남,번천,12:00-13:00,38,19,0,13,3,1,2,0,0,0,0,0,0
통영대전·중부선,하남,번천,13:00-14:00,52,26,0,15,7,4,0,0,0,0,0,0,0
통영대전·중부선,하남,번천,14:00-15:00,49,30,1,13,3,0,1,0,0,0,1,0,0
통영대전·중부선,하남,번천,15:00-16:00,29,19,0,9,1,0,0,0,0,0,0,0,0
통영대전·중부선,하남,번천,16:00-17:00,13,7,0,4,1,1,0,0,0,0,0,0,0
통영대전·중부선,하남,번천,17:00-18:00,9,7,0,1,0,1,0,0,0,0,0,0,0
통영대전·중부선,하남,번천,18:00-19:00,13,10,0,1,1,0,1,0,0,0,0,0,0
통영대전·중부선,하남,번천,19:00-20:00,19,14,0,4,0,0,0,1,0,0,0,0,0
통영대전·중부선,하남,번천,20:00-21:00,23,20,1,1,0,1,0,0,0,0,0,0,0
통영대전·중부선,하남,번천,21:00-22:00,17,12,0,3,1,0,0,1,0,0,0,0,0
통영대전·중부선,하남,번천,22:00-23:00,7,5,0,1,0,1,0,0,0,0,0,0,0
통영대전·중부선,하남,번천,23:00-24:00,11,11,0,0,0,0,0,0,0,0,0,0,0
통영대전·중부선,하남,번천,00:00-01:00,10,6,0,3,0,1,0,0,0,0,0,0,0
통영대전·중부선,하남,번천,01:00-02:00,7,4,0,2,0,1,0,0,0,0,0,0,0
통영대전·중부선,하남,번천,02:00-03:00,7,0,0,1,3,2,1,0,0,0,0,0,0
통영대전·중부선,하남,번천,03:00-04:00,8,3,0,4,1,0,0,0,0,0,0,0,0
통영대전·중부선,하남,번천,04:00-05:00,8,2,0,3,1,1,1,0,0,0,0,0,0
통영대전·중부선,하남,번천,05:00-06:00,10,3,3,1,1,1,0,1,0,0,0,0,0
통영대전·중부선,하남,번천,06:00-07:00,17,7,0,5,3,1,1,0,0,0,0,0,0
통영대전·중부선,통영,도척,07:00-08:00,27,15,0,12,0,0,0,0,0,0,0,0,0
통영대전·중부선,통영,도척,08:00-09:00,34,21,0,5,3,4,1,0,0,0,0,0,0
통영대전·중부선,통영,도척,09:00-10:00,32,13,0,10,3,5,1,0,0,0,0,0,0
통영대전·중부선,통영,도척,10:00-11:00,28,13,0,6,4,5,0,0,0,0,0,0,0
통영대전·중부선,통영,도척,11:00-12:00,39,23,0,7,7,2,0,0,0,0,0,0,0
통영대전·중부선,통영,도척,12:00-13:00,40,21,1,10,5,3,0,0,0,0,0,0,0
통영대전·중부선,통영,도척,13:00-14:00,40,25,0,12,2,1,0,0,0,0,0,0,0
통영대전·중부선,통영,도척,14:00-15:00,35,19,0,7,6,2,1,0,0,0,0,0,0
통영대전·중부선,통영,도척,15:00-16:00,31,19,0,6,5,1,0,0,0,0,0,0,0
통영대전·중부선,통영,도척,16:00-17:00,25,13,0,6,2,3,0,1,0,0,0,0,0
통영대전·중부선,통영,도척,17:00-18:00,13,6,0,2,3,1,1,0,0,0,0,0,0
통영대전·중부선,통영,도척,18:00-19:00,24,17,0,3,1,2,1,0,0,0,0,0,0
통영대전·중부선,통영,도척,19:00-20:00,9,6,0,1,1,1,0,0,0,0,0,0,0
통영대전·중부선,통영,도척,20:00-21:00,13,10,0,1,2,0,0,0,0,0,0,0,0
통영대전·중부선,통영,도척,21:00-22:00,5,2,0,1,1,1,0,0,0,0,0,0,0
통영대전·중부선,통영,도척,22:00-23:00,13,4,0,5,0,3,0,0,0,0,1,0,0
통영대전·중부선,통영,도척,23:00-24:00,16,7,0,3,3,1,0,0,1,0,0,0,1
통영대전·중부선,통영,도척,00:00-01:00,1,1,0,0,0,0,0,0,0,0,0,0,0
통영대전·중부선,통영,도척,01:00-02:00,6,2,0,2,2,0,0,0,0,0,0,0,0
통영대전·중부선,통영,도척,02:00-03:00,4,0,0,0,3,0,0,1,0,0,0,0,0
통영대전·중부선,통영,도척,03:00-04:00,4,0,0,2,1,1,0,0,0,0,0,0,0
통영대전·중부선,통영,도척,04:00-05:00,8,1,0,3,2,2,0,0,0,0,0,0,0
통영대전·중부선,통영,도척,05:00-06:00,15,6,0,4,3,2,0,0,0,0,0,0,0
통영대전·중부선,통영,도척,06:00-07:00,25,13,0,5,3,0,3,1,0,0,0,0,0
통영대전·중부선,하남,모가,07:00-08:00,18,9,0,2,5,2,0,0,0,0,0,0,0
통영대전·중부선,하남,모가,08:00-09:00,31,11,0,7,4,8,0,0,0,0,1,0,0
통영대전·중부선,하남,모가,09:00-10:00,38,21,0,9,6,2,0,0,0,0,0,0,0
통영대전·중부선,하남,모가,10:00-11:00,44,30,0,6,7,0,1,0,0,0,0,0,0
통영대전·중부선,하남,모가,11:00-12:00,44,21,0,9,7,4,3,0,0,0,0,0,0
통영대전·중부선,하남,모가,12:00-13:00,45,35,0,4,3,1,1,0,0,0,1,0,0
통영대전·중부선,하남,모가,13:00-14:00,50,40,0,3,5,2,0,0,0,0,0,0,0
통영대전·중부선,하남,모가,14:00-15:00,65,48,0,9,5,2,1,0,0,0,0,0,0
통영대전·중부선,하남,모가,15:00-16:00,59,44,0,7,2,4,1,0,0,0,0,1,0
통영대전·중부선,하남,모가,16:00-17:00,64,48,0,10,3,3,0,0,0,0,0,0,0
통영대전·중부선,하남,모가,17:00-18:00,78,67,0,9,0,1,0,0,0,0,1,0,0
통영대전·중부선,하남,모가,18:00-19:00,58,51,0,6,1,0,0,0,0,0,0,0,0
통영대전·중부선,하남,모가,19:00-20:00,28,22,0,3,0,1,1,0,0,0,1,0,0
통영대전·중부선,하남,모가,20:00-21:00,28,24,0,2,0,1,1,0,0,0,0,0,0
통영대전·중부선,하남,모가,21:00-22:00,22,14,0,4,1,2,0,0,0,0,1,0,0
통영대전·중부선,하남,모가,22:00-23:00,15,11,0,2,1,1,0,0,0,0,0,0,0
통영대전·중부선,하남,모가,23:00-24:00,13,11,0,0,1,1,0,0,0,0,0,0,0
통영대전·중부선,하남,모가,00:00-01:00,7,2,0,0,2,2,1,0,0,0,0,0,0
통영대전·중부선,하남,모가,01:00-02:00,8,4,0,0,2,1,0,0,0,0,1,0,0
통영대전·중부선,하남,모가,02:00-03:00,10,1,0,0,2,2,3,0,0,0,2,0,0
통영대전·중부선,하남,모가,03:00-04:00,4,1,0,0,1,1,0,0,0,0,1,0,0
통영대전·중부선,하남,모가,04:00-05:00,9,4,0,0,3,1,0,0,0,0,1,0,0
통영대전·중부선,하남,모가,05:00-06:00,13,1,0,3,3,4,2,0,0,0,0,0,0
통영대전·중부선,하남,모가,06:00-07:00,14,6,0,0,1,4,2,0,0,0,1,0,0
통영대전·중부선,통영,일죽,07:00-08:00,46,29,0,4,9,1,3,0,0,0,0,0,0
통영대전·중부선,통영,일죽,08:00-09:00,44,30,0,9,3,2,0,0,0,0,0,0,0
통영대전·중부선,통영,일죽,09:00-10:00,58,39,0,9,6,3,0,1,0,0,0,0,0
통영대전·중부선,통영,일죽,10:00-11:00,47,32,0,10,3,2,0,0,0,0,0,0,0
통영대전·중부선,통영,일죽,11:00-12:00,48,27,0,13,8,0,0,0,0,0,0,0,0
통영대전·중부선,통영,일죽,12:00-13:00,36,24,0,6,5,1,0,0,0,0,0,0,0
통영대전·중부선,통영,일죽,13:00-14:00,59,45,0,9,3,2,0,0,0,0,0,0,0
통영대전·중부선,통영,일죽,14:00-15:00,53,37,0,9,7,0,0,0,0,0,0,0,0
통영대전·중부선,통영,일죽,15:00-16:00,70,51,0,13,4,1,1,0,0,0,0,0,0
통영대전·중부선,통영,일죽,16:00-17:00,49,35,0,11,2,1,0,0,0,0,0,0,0
통영대전·중부선,통영,일죽,17:00-18:00,44,31,0,8,4,1,0,0,0,0,0,0,0
통영대전·중부선,통영,일죽,18:00-19:00,39,32,0,4,1,1,0,1,0,0,0,0,0
통영대전·중부선,통영,일죽,19:00-20:00,25,16,0,7,2,0,0,0,0,0,0,0,0
통영대전·중부선,통영,일죽,20:00-21:00,26,19,0,3,2,1,1,0,0,0,0,0,0
통영대전·중부선,통영,일죽,21:00-22:00,17,13,0,1,1,2,0,0,0,0,0,0,0
통영대전·중부선,통영,일죽,22:00-23:00,15,14,0,0,1,0,0,0,0,0,0,0,0
통영대전·중부선,통영,일죽,23:00-24:00,10,7,0,0,2,0,1,0,0,0,0,0,0
통영대전·중부선,통영,일죽,00:00-01:00,11,5,0,1,4,0,0,0,0,0,1,0,0
통영대전·중부선,통영,일죽,01:00-02:00,10,2,0,1,0,5,0,0,0,0,2,0,0
통영대전·중부선,통영,일죽,02:00-03:00,5,0,0,3,2,0,0,0,0,0,0,0,0
통영대전·중부선,통영,일죽,03:00-04:00,6,1,0,2,1,2,0,0,0,0,0,0,0
통영대전·중부선,통영,일죽,04:00-05:00,5,2,0,1,2,0,0,0,0,0,0,0,0
통영대전·중부선,통영,일죽,05:00-06:00,10,4,0,4,2,0,0,0,0,0,0,0,0
통영대전·중부선,통영,일죽,06:00-07:00,26,14,0,5,4,1,0,1,0,0,1,0,0
통영대전·중부선,하남,일죽,07:00-08:00,11,5,0,1,2,2,1,0,0,0,0,0,0
통영대전·중부선,하남,일죽,08:00-09:00,22,12,0,5,5,0,0,0,0,0,0,0,0
통영대전·중부선,하남,일죽,09:00-10:00,32,21,1,7,0,0,2,0,0,0,1,0,0
통영대전·중부선,하남,일죽,10:00-11:00,39,20,0,9,7,1,2,0,0,0,0,0,0
통영대전·중부선,하남,일죽,11:00-12:00,29,16,0,6,2,2,0,3,0,0,0,0,0
통영대전·중부선,하남,일죽,12:00-13:00,34,21,0,6,2,1,2,2,0,0,0,0,0
통영대전·중부선,하남,일죽,13:00-14:00,33,19,0,9,4,1,0,0,0,0,0,0,0
통영대전·중부선,하남,일죽,14:00-15:00,56,29,0,18,5,3,0,1,0,0,0,0,0
통영대전·중부선,하남,일죽,15:00-16:00,86,59,0,14,5,2,3,3,0,0,0,0,0
통영대전·중부선,하남,일죽,16:00-17:00,62,47,1,9,4,0,1,0,0,0,0,0,0
통영대전·중부선,하남,일죽,17:00-18:00,32,24,0,5,0,2,1,0,0,0,0,0,0
통영대전·중부선,하남,일죽,18:00-19:00,26,18,1,4,2,0,0,0,0,0,1,0,0
통영대전·중부선,하남,일죽,19:00-20:00,27,23,0,1,3,0,0,0,0,0,0,0,0
통영대전·중부선,하남,일죽,20:00-21:00,14,10,0,2,1,0,0,0,0,0,1,0,0
통영대전·중부선,하남,일죽,21:00-22:00,15,13,0,1,0,0,1,0,0,0,0,0,0
통영대전·중부선,하남,일죽,22:00-23:00,13,5,0,4,1,0,1,1,0,0,1,0,0
통영대전·중부선,하남,일죽,23:00-24:00,6,3,0,0,1,0,1,0,0,0,1,0,0
통영대전·중부선,하남,일죽,00:00-01:00,8,5,0,2,0,1,0,0,0,0,0,0,0
통영대전·중부선,하남,일죽,01:00-02:00,4,4,0,0,0,0,0,0,0,0,0,0,0
통영대전·중부선,하남,일죽,02:00-03:00,6,3,0,1,1,1,0,0,0,0,0,0,0
통영대전·중부선,하남,일죽,03:00-04:00,2,0,0,0,1,0,0,1,0,0,0,0,0
통영대전·중부선,하남,일죽,04:00-05:00,6,2,0,0,1,1,0,1,0,0,0,0,1
통영대전·중부선,하남,일죽,05:00-06:00,10,4,1,2,0,2,0,0,0,0,1,0,0
통영대전·중부선,하남,일죽,06:00-07:00,10,4,0,1,1,2,0,1,0,0,1,0,0
통영대전·중부선,하남,진천,07:00-08:00,41,30,1,2,1,6,1,0,0,0,0,0,0
통영대전·중부선,하남,진천,08:00-09:00,43,26,1,9,3,1,2,1,0,0,0,0,0
통영대전·중부선,하남,진천,09:00-10:00,41,32,0,3,2,2,0,1,0,0,1,0,0
통영대전·중부선,하남,진천,10:00-11:00,43,23,0,10,6,3,0,1,0,0,0,0,0
통영대전·중부선,하남,진천,11:00-12:00,48,32,0,9,3,4,0,0,0,0,0,0,0
통영대전·중부선,하남,진천,12:00-13:00,35,17,0,8,5,4,0,1,0,0,0,0,0
통영대전·중부선,하남,진천,13:00-14:00,43,29,1,8,2,2,0,0,0,0,1,0,0
통영대전·중부선,하남,진천,14:00-15:00,37,22,0,12,1,1,0,1,0,0,0,0,0
통영대전·중부선,하남,진천,15:00-16:00,57,35,1,14,2,3,1,0,0,0,1,0,0
통영대전·중부선,하남,진천,16:00-17:00,57,39,0,15,0,1,0,1,0,0,1,0,0
통영대전·중부선,하남,진천,17:00-18:00,41,27,0,9,1,2,1,0,0,0,1,0,0
통영대전·중부선,하남,진천,18:00-19:00,36,32,0,2,1,1,0,0,0,0,0,0,0
통영대전·중부선,하남,진천,19:00-20:00,23,19,0,2,0,1,1,0,0,0,0,0,0
통영대전·중부선,하남,진천,20:00-21:00,11,5,0,5,1,0,0,0,0,0,0,0,0
통영대전·중부선,하남,진천,21:00-22:00,16,11,0,5,0,0,0,0,0,0,0,0,0
통영대전·중부선,하남,진천,22:00-23:00,13,9,0,1,1,2,0,0,0,0,0,0,0
통영대전·중부선,하남,진천,23:00-24:00,9,6,0,1,0,0,0,0,0,0,2,0,0
통영대전·중부선,하남,진천,00:00-01:00,6,5,0,0,0,1,0,0,0,0,0,0,0
통영대전·중부선,하남,진천,01:00-02:00,4,2,0,0,0,1,0,0,0,0,1,0,0
통영대전·중부선,하남,진천,02:00-03:00,1,1,0,0,0,0,0,0,0,0,0,0,0
통영대전·중부선,하남,진천,03:00-04:00,5,2,0,1,1,1,0,0,0,0,0,0,0
통영대전·중부선,하남,진천,04:00-05:00,7,0,1,0,1,2,1,0,0,0,2,0,0
통영대전·중부선,하남,진천,05:00-06:00,19,3,1,6,1,5,1,0,0,0,2,0,0
통영대전·중부선,하남,진천,06:00-07:00,24,8,0,4,1,7,3,1,0,0,0,0,0
통영대전·중부선,통영,오창,07:00-08:00,3,1,0,1,0,1,0,0,0,0,0,0,0
통영대전·중부선,통영,오창,08:00-09:00,7,2,0,4,0,1,0,0,0,0,0,0,0
통영대전·중부선,통영,오창,09:00-10:00,15,7,1,6,1,0,0,0,0,0,0,0,0
통영대전·중부선,통영,오창,10:00-11:00,9,6,0,2,0,1,0,0,0,0,0,0,0
통영대전·중부선,통영,오창,11:00-12:00,31,14,0,8,1,4,1,2,0,0,0,1,0
통영대전·중부선,통영,오창,12:00-13:00,34,19,0,9,2,4,0,0,0,0,0,0,0
통영대전·중부선,통영,오창,13:00-14:00,21,8,0,9,1,0,0,3,0,0,0,0,0
통영대전·중부선,통영,오창,14:00-15:00,15,8,0,7,0,0,0,0,0,0,0,0,0
통영대전·중부선,통영,오창,15:00-16:00,32,17,0,11,2,2,0,0,0,0,0,0,0
통영대전·중부선,통영,오창,16:00-17:00,19,13,0,5,0,1,0,0,0,0,0,0,0
통영대전·중부선,통영,오창,17:00-18:00,23,15,0,6,1,1,0,0,0,0,0,0,0
통영대전·중부선,통영,오창,18:00-19:00,32,24,0,7,0,1,0,0,0,0,0,0,0
통영대전·중부선,통영,오창,19:00-20:00,24,18,0,4,1,1,0,0,0,0,0,0,0
통영대전·중부선,통영,오창,20:00-21:00,20,10,0,6,2,2,0,0,0,0,0,0,0
통영대전·중부선,통영,오창,21:00-22:00,17,12,0,2,1,2,0,0,0,0,0,0,0
통영대전·중부선,통영,오창,22:00-23:00,15,7,0,5,2,1,0,0,0,0,0,0,0
통영대전·중부선,통영,오창,23:00-24:00,5,2,0,3,0,0,0,0,0,0,0,0,0
통영대전·중부선,통영,오창,00:00-01:00,2,1,0,1,0,0,0,0,0,0,0,0,0
통영대전·중부선,통영,오창,01:00-02:00,3,2,0,1,0,0,0,0,0,0,0,0,0
통영대전·중부선,통영,오창,02:00-03:00,4,1,0,3,0,0,0,0,0,0,0,0,0
통영대전·중부선,통영,오창,03:00-04:00,2,0,0,2,0,0,0,0,0,0,0,0,0
통영대전·중부선,통영,오창,04:00-05:00,6,0,0,6,0,0,0,0,0,0,0,0,0
통영대전·중부선,통영,오창,05:00-06:00,5,0,0,3,2,0,0,0,0,0,0,0,0
통영대전·중부선,통영,오창,06:00-07:00,6,3,0,2,0,1,0,0,0,0,0,0,0
통영대전·중부선,하남,오창,07:00-08:00,2,0,0,1,1,0,0,0,0,0,0,0,0
통영대전·중부선,하남,오창,08:00-09:00,16,11,0,2,2,0,0,1,0,0,0,0,0
통영대전·중부선,하남,오창,09:00-10:00,29,21,0,6,0,1,0,0,0,0,1,0,0
통영대전·중부선,하남,오창,10:00-11:00,26,17,0,8,1,0,0,0,0,0,0,0,0
통영대전·중부선,하남,오창,11:00-12:00,40,26,0,9,2,1,0,1,0,0,1,0,0
통영대전·중부선,하남,오창,12:00-13:00,24,15,0,5,2,2,0,0,0,0,0,0,0
통영대전·중부선,하남,오창,13:00-14:00,43,29,0,8,1,3,1,0,0,0,1,0,0
통영대전·중부선,하남,오창,14:00-15:00,54,42,1,5,2,3,0,1,0,0,0,0,0
통영대전·중부선,하남,오창,15:00-16:00,51,41,1,7,1,1,0,0,0,0,0,0,0
통영대전·중부선,하남,오창,16:00-17:00,52,40,0,10,1,1,0,0,0,0,0,0,0
통영대전·중부선,하남,오창,17:00-18:00,47,42,0,3,1,1,0,0,0,0,0,0,0
통영대전·중부선,하남,오창,18:00-19:00,28,24,0,1,1,2,0,0,0,0,0,0,0
통영대전·중부선,하남,오창,19:00-20:00,18,15,0,3,0,0,0,0,0,0,0,0,0
통영대전·중부선,하남,오창,20:00-21:00,14,14,0,0,0,0,0,0,0,0,0,0,0
통영대전·중부선,하남,오창,21:00-22:00,14,10,0,2,0,1,0,0,0,0,0,0,1
통영대전·중부선,하남,오창,22:00-23:00,11,9,0,2,0,0,0,0,0,0,0,0,0
통영대전·중부선,하남,오창,23:00-24:00,7,5,0,0,0,1,0,0,0,0,1,0,0
통영대전·중부선,하남,오창,00:00-01:00,5,1,0,0,3,0,0,1,0,0,0,0,0
통영대전·중부선,하남,오창,01:00-02:00,9,4,0,1,2,1,0,0,0,0,0,0,1
통영대전·중부선,하남,오창,02:00-03:00,4,0,0,1,0,2,0,0,0,0,0,0,1
통영대전·중부선,하남,오창,03:00-04:00,8,2,0,1,2,1,1,1,0,0,0,0,0
통영대전·중부선,하남,오창,04:00-05:00,14,4,0,2,0,5,1,1,0,0,1,0,0
통영대전·중부선,하남,오창,05:00-06:00,5,0,0,1,2,2,0,0,0,0,0,0,0
통영대전·중부선,하남,오창,06:00-07:00,18,8,0,1,1,3,2,1,0,0,1,0,1
통영대전·중부선,하남,수동,07:00-08:00,14,5,0,3,2,1,1,0,0,0,2,0,0
통영대전·중부선,하남,수동,08:00-09:00,11,9,0,2,0,0,0,0,0,0,0,0,0
통영대전·중부선,하남,수동,09:00-10:00,15,8,0,3,2,2,0,0,0,0,0,0,0
통영대전·중부선,하남,수동,10:00-11:00,18,9,0,3,1,3,0,1,0,0,1,0,0
통영대전·중부선,하남,수동,11:00-12:00,22,10,0,3,1,5,2,1,0,0,0,0,0
통영대전·중부선,하남,수동,12:00-13:00,17,8,0,3,1,1,3,1,0,0,0,0,0
통영대전·중부선,하남,수동,13:00-14:00,30,10,0,8,1,2,3,4,0,0,2,0,0
통영대전·중부선,하남,수동,14:00-15:00,16,9,0,1,3,1,2,0,0,0,0,0,0
통영대전·중부선,하남,수동,15:00-16:00,19,14,0,0,2,2,0,0,0,0,1,0,0
통영대전·중부선,하남,수동,16:00-17:00,17,16,0,1,0,0,0,0,0,0,0,0,0
통영대전·중부선,하남,수동,17:00-18:00,18,7,0,3,3,3,0,0,0,0,2,0,0
통영대전·중부선,하남,수동,18:00-19:00,6,4,0,0,1,1,0,0,0,0,0,0,0
통영대전·중부선,하남,수동,19:00-20:00,4,2,0,1,1,0,0,0,0,0,0,0,0
통영대전·중부선,하남,수동,20:00-21:00,7,1,0,2,2,1,0,0,0,0,1,0,0
통영대전·중부선,하남,수동,21:00-22:00,5,2,0,1,1,1,0,0,0,0,0,0,0
통영대전·중부선,하남,수동,22:00-23:00,5,0,0,0,0,1,1,2,0,0,1,0,0
통영대전·중부선,하남,수동,23:00-24:00,2,0,0,0,0,1,0,0,0,0,1,0,0
통영대전·중부선,하남,수동,00:00-01:00,4,4,0,0,0,0,0,0,0,0,0,0,0
통영대전·중부선,하남,수동,01:00-02:00,1,0,0,0,0,0,0,0,0,0,0,0,1
통영대전·중부선,하남,수동,02:00-03:00,3,2,0,0,0,1,0,0,0,0,0,0,0
통영대전·중부선,하남,수동,03:00-04:00,3,1,0,0,1,0,0,0,0,0,1,0,0
통영대전·중부선,하남,수동,04:00-05:00,2,2,0,0,0,0,0,0,0,0,0,0,0
통영대전·중부선,하남,수동,05:00-06:00,3,0,0,1,0,0,0,0,0,0,1,0,1
통영대전·중부선,하남,수동,06:00-07:00,8,3,0,0,2,3,0,0,0,0,0,0,0
통영대전·중부선,통영,금곡,07:00-08:00,8,5,0,1,1,1,0,0,0,0,0,0,0
통영대전·중부선,통영,금곡,08:00-09:00,8,6,0,1,1,0,0,0,0,0,0,0,0
통영대전·중부선,통영,금곡,09:00-10:00,13,11,0,1,1,0,0,0,0,0,0,0,0
통영대전·중부선,통영,금곡,10:00-11:00,19,16,0,3,0,0,0,0,0,0,0,0,0
통영대전·중부선,통영,금곡,11:00-12:00,20,17,0,2,0,1,0,0,0,0,0,0,0
통영대전·중부선,통영,금곡,12:00-13:00,10,7,0,2,1,0,0,0,0,0,0,0,0
통영대전·중부선,통영,금곡,13:00-14:00,19,13,0,5,0,1,0,0,0,0,0,0,0
통영대전·중부선,통영,금곡,14:00-15:00,17,17,0,0,0,0,0,0,0,0,0,0,0
통영대전·중부선,통영,금곡,15:00-16:00,25,19,0,4,1,0,1,0,0,0,0,0,0
통영대전·중부선,통영,금곡,16:00-17:00,25,20,1,4,0,0,0,0,0,0,0,0,0
통영대전·중부선,통영,금곡,17:00-18:00,12,11,0,1,0,0,0,0,0,0,0,0,0
통영대전·중부선,통영,금곡,18:00-19:00,10,10,0,0,0,0,0,0,0,0,0,0,0
통영대전·중부선,통영,금곡,19:00-20:00,6,4,0,2,0,0,0,0,0,0,0,0,0
통영대전·중부선,통영,금곡,20:00-21:00,2,2,0,0,0,0,0,0,0,0,0,0,0
통영대전·중부선,통영,금곡,21:00-22:00,4,2,0,0,2,0,0,0,0,0,0,0,0
통영대전·중부선,통영,금곡,22:00-23:00,6,5,0,1,0,0,0,0,0,0,0,0,0
통영대전·중부선,통영,금곡,23:00-24:00,3,2,0,1,0,0,0,0,0,0,0,0,0
통영대전·중부선,통영,금곡,00:00-01:00,4,3,0,1,0,0,0,0,0,0,0,0,0
통영대전·중부선,통영,금곡,01:00-02:00,0,0,0,0,0,0,0,0,0,0,0,0,0
통영대전·중부선,통영,금곡,02:00-03:00,3,1,0,0,0,2,0,0,0,0,0,0,0
통영대전·중부선,통영,금곡,03:00-04:00,2,2,0,0,0,0,0,0,0,0,0,0,0
통영대전·중부선,통영,금곡,04:00-05:00,6,5,0,0,1,0,0,0,0,0,0,0,0
통영대전·중부선,통영,금곡,05:00-06:00,4,1,0,1,1,1,0,0,0,0,0,0,0
통영대전·중부선,통영,금곡,06:00-07:00,3,2,0,0,1,0,0,0,0,0,0,0,0
중부내륙선,창원,가남,07:00-08:00,37,22,1,10,3,0,1,0,0,0,0,0,0
중부내륙선,창원,가남,08:00-09:00,26,17,0,8,0,1,0,0,0,0,0,0,0
중부내륙선,창원,가남,09:00-10:00,61,48,2,6,2,1,1,0,0,0,0,0,1
중부내륙선,창원,가남,10:00-11:00,55,43,0,5,2,3,2,0,0,0,0,0,0
중부내륙선,창원,가남,11:00-12:00,71,53,0,9,3,1,2,2,0,0,1,0,0
중부내륙선,창원,가남,12:00-13:00,53,40,0,8,2,1,0,2,0,0,0,0,0
중부내륙선,창원,가남,13:00-14:00,66,58,0,4,1,2,0,1,0,0,0,0,0
중부내륙선,창원,가남,14:00-15:00,67,51,0,9,2,2,0,0,0,0,3,0,0
중부내륙선,창원,가남,15:00-16:00,55,43,0,3,2,3,0,1,0,0,3,0,0
중부내륙선,창원,가남,16:00-17:00,48,37,0,6,3,1,1,0,0,0,0,0,0
중부내륙선,창원,가남,17:00-18:00,36,26,1,4,0,3,0,1,0,0,0,0,1
중부내륙선,창원,가남,18:00-19:00,32,22,0,6,0,3,0,1,0,0,0,0,0
중부내륙선,창원,가남,19:00-20:00,14,12,0,1,1,0,0,0,0,0,0,0,0
중부내륙선,창원,가남,20:00-21:00,16,10,0,2,0,2,2,0,0,0,0,0,0
중부내륙선,창원,가남,21:00-22:00,12,8,0,2,1,1,0,0,0,0,0,0,0
중부내륙선,창원,가남,22:00-23:00,14,10,0,2,0,1,0,1,0,0,0,0,0
중부내륙선,창원,가남,23:00-24:00,7,4,0,0,0,2,1,0,0,0,0,0,0
중부내륙선,창원,가남,00:00-01:00,7,2,0,4,1,0,0,0,0,0,0,0,0
중부내륙선,창원,가남,01:00-02:00,7,4,0,1,1,0,1,0,0,0,0,0,0
중부내륙선,창원,가남,02:00-03:00,3,1,0,2,0,0,0,0,0,0,0,0,0
중부내륙선,창원,가남,03:00-04:00,5,3,0,0,2,0,0,0,0,0,0,0,0
중부내륙선,창원,가남,04:00-05:00,8,4,0,2,0,2,0,0,0,0,0,0,0
중부내륙선,창원,가남,05:00-06:00,15,5,0,5,2,2,1,0,0,0,0,0,0
중부내륙선,창원,가남,06:00-07:00,26,16,1,4,1,1,0,1,0,0,2,0,0
중부내륙선,양평,앙성,07:00-08:00,15,10,0,3,1,0,0,0,0,0,1,0,0
중부내륙선,양평,앙성,08:00-09:00,27,21,0,1,4,1,0,0,0,0,0,0,0
중부내륙선,양평,앙성,09:00-10:00,23,21,1,0,1,0,0,0,0,0,0,0,0
중부내륙선,양평,앙성,10:00-11:00,34,25,0,4,1,3,0,1,0,0,0,0,0
중부내륙선,양평,앙성,11:00-12:00,21,13,0,8,0,0,0,0,0,0,0,0,0
중부내륙선,양평,앙성,12:00-13:00,37,28,0,9,0,0,0,0,0,0,0,0,0
중부내륙선,양평,앙성,13:00-14:00,50,40,0,8,1,1,0,0,0,0,0,0,0
중부내륙선,양평,앙성,14:00-15:00,53,46,0,2,3,1,1,0,0,0,0,0,0
중부내륙선,양평,앙성,15:00-16:00,63,53,0,9,1,0,0,0,0,0,0,0,0
중부내륙선,양평,앙성,16:00-17:00,49,44,1,3,0,0,1,0,0,0,0,0,0
중부내륙선,양평,앙성,17:00-18:00,54,48,0,6,0,0,0,0,0,0,0,0,0
중부내륙선,양평,앙성,18:00-19:00,40,34,0,6,0,0,0,0,0,0,0,0,0
중부내륙선,양평,앙성,19:00-20:00,32,26,0,6,0,0,0,0,0,0,0,0,0
중부내륙선,양평,앙성,20:00-21:00,23,18,1,4,0,0,0,0,0,0,0,0,0
중부내륙선,양평,앙성,21:00-22:00,23,17,0,2,2,2,0,0,0,0,0,0,0
중부내륙선,양평,앙성,22:00-23:00,9,8,1,0,0,0,0,0,0,0,0,0,0
중부내륙선,양평,앙성,23:00-24:00,15,10,0,2,0,3,0,0,0,0,0,0,0
중부내륙선,양평,앙성,00:00-01:00,17,14,0,1,2,0,0,0,0,0,0,0,0
중부내륙선,양평,앙성,01:00-02:00,9,6,0,1,0,1,1,0,0,0,0,0,0
중부내륙선,양평,앙성,02:00-03:00,4,3,0,0,0,0,1,0,0,0,0,0,0
중부내륙선,양평,앙성,03:00-04:00,4,3,0,0,0,1,0,0,0,0,0,0,0
중부내륙선,양평,앙성,04:00-05:00,6,5,0,1,0,0,0,0,0,0,0,0,0
중부내륙선,양평,앙성,05:00-06:00,13,4,0,5,3,1,0,0,0,0,0,0,0
중부내륙선,양평,앙성,06:00-07:00,14,9,0,3,2,0,0,0,0,0,0,0,0
중부내륙선,창원,노은,07:00-08:00,31,19,0,8,3,0,1,0,0,0,0,0,0
중부내륙선,창원,노은,08:00-09:00,26,15,0,4,4,2,0,0,0,0,1,0,0
중부내륙선,창원,노은,09:00-10:00,31,24,0,5,0,0,2,0,0,0,0,0,0
중부내륙선,창원,노은,10:00-11:00,42,32,0,7,2,1,0,0,0,0,0,0,0
중부내륙선,창원,노은,11:00-12:00,55,41,0,4,6,1,3,0,0,0,0,0,0
중부내륙선,창원,노은,12:00-13:00,49,34,0,9,2,3,1,0,0,0,0,0,0
중부내륙선,창원,노은,13:00-14:00,41,30,0,5,2,1,2,0,0,0,1,0,0
중부내륙선,창원,노은,14:00-15:00,44,30,0,7,1,4,0,1,0,0,0,0,1
중부내륙선,창원,노은,15:00-16:00,42,36,0,5,1,0,0,0,0,0,0,0,0
중부내륙선,창원,노은,16:00-17:00,46,38,1,2,3,2,0,0,0,0,0,0,0
중부내륙선,창원,노은,17:00-18:00,27,22,0,1,2,0,0,1,0,0,0,0,1
중부내륙선,창원,노은,18:00-19:00,22,16,0,2,2,2,0,0,0,0,0,0,0
중부내륙선,창원,노은,19:00-20:00,15,12,0,1,0,1,0,1,0,0,0,0,0
중부내륙선,창원,노은,20:00-21:00,13,12,0,1,0,0,0,0,0,0,0,0,0
중부내륙선,창원,노은,21:00-22:00,12,7,0,1,0,1,2,1,0,0,0,0,0
중부내륙선,창원,노은,22:00-23:00,6,6,0,0,0,0,0,0,0,0,0,0,0
중부내륙선,창원,노은,23:00-24:00,12,6,0,1,1,3,0,1,0,0,0,0,0
중부내륙선,창원,노은,00:00-01:00,7,6,0,0,1,0,0,0,0,0,0,0,0
중부내륙선,창원,노은,01:00-02:00,14,4,0,2,3,3,2,0,0,0,0,0,0
중부내륙선,창원,노은,02:00-03:00,8,4,0,1,2,0,1,0,0,0,0,0,0
중부내륙선,창원,노은,03:00-04:00,4,2,0,0,1,0,1,0,0,0,0,0,0
중부내륙선,창원,노은,04:00-05:00,13,6,0,3,3,1,0,0,0,0,0,0,0
중부내륙선,창원,노은,05:00-06:00,7,3,0,3,0,0,0,0,0,0,1,0,0
중부내륙선,창원,노은,06:00-07:00,23,13,0,5,3,1,1,0,0,0,0,0,0
중부내륙선,창원,문경,07:00-08:00,24,17,0,4,1,1,1,0,0,0,0,0,0
중부내륙선,창원,문경,08:00-09:00,26,16,0,6,3,0,0,1,0,0,0,0,0
중부내륙선,창원,문경,09:00-10:00,26,20,0,5,1,0,0,0,0,0,0,0,0
중부내륙선,창원,문경,10:00-11:00,36,29,0,3,4,0,0,0,0,0,0,0,0
중부내륙선,창원,문경,11:00-12:00,41,38,0,2,1,0,0,0,0,0,0,0,0
중부내륙선,창원,문경,12:00-13:00,26,20,0,4,1,1,0,0,0,0,0,0,0
중부내륙선,창원,문경,13:00-14:00,37,30,0,6,1,0,0,0,0,0,0,0,0
중부내륙선,창원,문경,14:00-15:00,40,30,0,5,3,0,0,0,0,0,1,0,1
중부내륙선,창원,문경,15:00-16:00,41,37,0,1,1,2,0,0,0,0,0,0,0
중부내륙선,창원,문경,16:00-17:00,37,33,0,3,1,0,0,0,0,0,0,0,0
중부내륙선,창원,문경,17:00-18:00,32,25,0,6,1,0,0,0,0,0,0,0,0
중부내륙선,창원,문경,18:00-19:00,28,27,0,0,1,0,0,0,0,0,0,0,0
중부내륙선,창원,문경,19:00-20:00,19,16,0,1,1,1,0,0,0,0,0,0,0
중부내륙선,창원,문경,20:00-21:00,13,10,0,1,2,0,0,0,0,0,0,0,0
중부내륙선,창원,문경,21:00-22:00,15,12,0,1,0,1,0,1,0,0,0,0,0
중부내륙선,창원,문경,22:00-23:00,7,7,0,0,0,0,0,0,0,0,0,0,0
중부내륙선,창원,문경,23:00-24:00,11,3,0,1,2,4,0,0,0,0,1,0,0
중부내륙선,창원,문경,00:00-01:00,2,1,0,0,1,0,0,0,0,0,0,0,0
중부내륙선,창원,문경,01:00-02:00,6,5,0,0,1,0,0,0,0,0,0,0,0
중부내륙선,창원,문경,02:00-03:00,5,4,0,1,0,0,0,0,0,0,0,0,0
중부내륙선,창원,문경,03:00-04:00,3,2,0,1,0,0,0,0,0,0,0,0,0
중부내륙선,창원,문경,04:00-05:00,6,1,0,1,2,1,1,0,0,0,0,0,0
중부내륙선,창원,문경,05:00-06:00,16,8,0,3,4,0,1,0,0,0,0,0,0
중부내륙선,창원,문경,06:00-07:00,15,6,0,8,1,0,0,0,0,0,0,0,0
중부내륙선,양평,낙상,07:00-08:00,15,10,0,2,2,1,0,0,0,0,0,0,0
중부내륙선,양평,낙상,08:00-09:00,25,21,0,3,0,1,0,0,0,0,0,0,0
중부내륙선,양평,낙상,09:00-10:00,22,15,0,3,1,0,1,2,0,0,0,0,0
중부내륙선,양평,낙상,10:00-11:00,34,17,0,13,1,2,1,0,0,0,0,0,0
중부내륙선,양평,낙상,11:00-12:00,27,23,0,4,0,0,0,0,0,0,0,0,0
중부내륙선,양평,낙상,12:00-13:00,37,29,0,3,2,3,0,0,0,0,0,0,0
중부내륙선,양평,낙상,13:00-14:00,41,30,0,9,0,2,0,0,0,0,0,0,0
중부내륙선,양평,낙상,14:00-15:00,45,33,0,12,0,0,0,0,0,0,0,0,0
중부내륙선,양평,낙상,15:00-16:00,42,30,1,9,2,0,0,0,0,0,0,0,0
중부내륙선,양평,낙상,16:00-17:00,39,34,0,4,1,0,0,0,0,0,0,0,0
중부내륙선,양평,낙상,17:00-18:00,34,28,0,4,0,2,0,0,0,0,0,0,0
중부내륙선,양평,낙상,18:00-19:00,27,23,0,2,0,2,0,0,0,0,0,0,0
중부내륙선,양평,낙상,19:00-20:00,21,16,0,4,0,0,1,0,0,0,0,0,0
중부내륙선,양평,낙상,20:00-21:00,22,17,0,2,0,2,0,1,0,0,0,0,0
중부내륙선,양평,낙상,21:00-22:00,12,4,0,2,0,3,1,1,0,0,0,0,1
중부내륙선,양평,낙상,22:00-23:00,10,8,0,1,1,0,0,0,0,0,0,0,0
중부내륙선,양평,낙상,23:00-24:00,12,6,0,1,0,2,2,1,0,0,0,0,0
중부내륙선,양평,낙상,00:00-01:00,2,0,0,0,0,1,0,1,0,0,0,0,0
중부내륙선,양평,낙상,01:00-02:00,0,0,0,0,0,0,0,0,0,0,0,0,0
중부내륙선,양평,낙상,02:00-03:00,0,0,0,0,0,0,0,0,0,0,0,0,0
중부내륙선,양평,낙상,03:00-04:00,0,0,0,0,0,0,0,0,0,0,0,0,0
중부내륙선,양평,낙상,04:00-05:00,0,0,0,0,0,0,0,0,0,0,0,0,0
중부내륙선,양평,낙상,05:00-06:00,12,4,0,6,0,1,1,0,0,0,0,0,0
중부내륙선,양평,낙상,06:00-07:00,13,7,0,3,0,1,2,0,0,0,0,0,0
중부내륙선,창원,아포,07:00-08:00,16,7,0,6,2,1,0,0,0,0,0,0,0
중부내륙선,창원,아포,08:00-09:00,18,17,0,1,0,0,0,0,0,0,0,0,0
중부내륙선,창원,아포,09:00-10:00,27,21,0,5,1,0,0,0,0,0,0,0,0
중부내륙선,창원,아포,10:00-11:00,27,17,1,6,3,0,0,0,0,0,0,0,0
중부내륙선,창원,아포,11:00-12:00,33,19,0,7,5,2,0,0,0,0,0,0,0
중부내륙선,창원,아포,12:00-13:00,36,24,0,5,5,1,0,1,0,0,0,0,0
중부내륙선,창원,아포,13:00-14:00,46,30,0,8,5,2,1,0,0,0,0,0,0
중부내륙선,창원,아포,14:00-15:00,44,30,0,8,5,1,0,0,0,0,0,0,0
중부내륙선,창원,아포,15:00-16:00,42,31,0,5,3,3,0,0,0,0,0,0,0
중부내륙선,창원,아포,16:00-17:00,29,22,0,4,2,0,0,0,0,0,1,0,0
중부내륙선,창원,아포,17:00-18:00,30,15,0,9,0,3,0,1,0,0,1,0,1
중부내륙선,창원,아포,18:00-19:00,30,23,0,2,0,4,1,0,0,0,0,0,0
중부내륙선,창원,아포,19:00-20:00,23,20,0,0,0,3,0,0,0,0,0,0,0
중부내륙선,창원,아포,20:00-21:00,18,10,0,5,0,1,0,2,0,0,0,0,0
중부내륙선,창원,아포,21:00-22:00,8,4,0,2,1,1,0,0,0,0,0,0,0
중부내륙선,창원,아포,22:00-23:00,13,11,0,0,0,2,0,0,0,0,0,0,0
중부내륙선,창원,아포,23:00-24:00,17,8,0,4,4,0,0,1,0,0,0,0,0
중부내륙선,창원,아포,00:00-01:00,13,4,0,4,1,1,3,0,0,0,0,0,0
중부내륙선,창원,아포,01:00-02:00,8,3,0,1,1,2,1,0,0,0,0,0,0
중부내륙선,창원,아포,02:00-03:00,14,8,0,1,0,0,2,3,0,0,0,0,0
중부내륙선,창원,아포,03:00-04:00,11,2,0,3,3,2,1,0,0,0,0,0,0
중부내륙선,창원,아포,04:00-05:00,7,0,0,2,1,4,0,0,0,0,0,0,0
중부내륙선,창원,아포,05:00-06:00,10,2,0,2,2,3,1,0,0,0,0,0,0
중부내륙선,창원,아포,06:00-07:00,19,7,0,2,5,4,1,0,0,0,0,0,0
중앙선,부산,홍천강,07:00-08:00,22,16,0,1,2,1,1,1,0,0,0,0,0
중앙선,부산,홍천강,08:00-09:00,23,13,0,4,2,3,0,0,0,0,1,0,0
중앙선,부산,홍천강,09:00-10:00,27,13,2,4,5,1,0,1,0,0,1,0,0
중앙선,부산,홍천강,10:00-11:00,32,25,0,2,4,1,0,0,0,0,0,0,0
중앙선,부산,홍천강,11:00-12:00,31,22,0,2,2,1,0,1,0,0,3,0,0
중앙선,부산,홍천강,12:00-13:00,35,23,0,3,6,2,0,1,0,0,0,0,0
중앙선,부산,홍천강,13:00-14:00,29,15,0,9,5,0,0,0,0,0,0,0,0
중앙선,부산,홍천강,14:00-15:00,35,27,1,3,2,1,1,0,0,0,0,0,0
중앙선,부산,홍천강,15:00-16:00,44,31,0,9,1,2,0,1,0,0,0,0,0
중앙선,부산,홍천강,16:00-17:00,33,24,0,4,3,2,0,0,0,0,0,0,0
중앙선,부산,홍천강,17:00-18:00,30,22,1,6,0,1,0,0,0,0,0,0,0
중앙선,부산,홍천강,18:00-19:00,18,14,0,2,1,1,0,0,0,0,0,0,0
중앙선,부산,홍천강,19:00-20:00,14,12,0,2,0,0,0,0,0,0,0,0,0
중앙선,부산,홍천강,20:00-21:00,7,5,0,1,0,1,0,0,0,0,0,0,0
중앙선,부산,홍천강,21:00-22:00,6,4,0,0,0,1,0,1,0,0,0,0,0
중앙선,부산,홍천강,22:00-23:00,2,2,0,0,0,0,0,0,0,0,0,0,0
중앙선,부산,홍천강,23:00-24:00,2,1,0,0,0,0,0,0,0,0,1,0,0
중앙선,부산,홍천강,00:00-01:00,1,0,0,0,0,0,0,0,0,0,1,0,0
중앙선,부산,홍천강,01:00-02:00,3,1,0,1,0,0,0,0,0,0,1,0,0
중앙선,부산,홍천강,02:00-03:00,4,3,0,1,0,0,0,0,0,0,0,0,0
중앙선,부산,홍천강,03:00-04:00,0,0,0,0,0,0,0,0,0,0,0,0,0
중앙선,부산,홍천강,04:00-05:00,1,1,0,0,0,0,0,0,0,0,0,0,0
중앙선,부산,홍천강,05:00-06:00,8,3,0,2,0,1,1,0,0,0,1,0,0
중앙선,부산,홍천강,06:00-07:00,10,5,0,2,2,1,0,0,0,0,0,0,0
중앙선,부산,만종,07:00-08:00,30,16,0,6,3,3,0,0,0,0,2,0,0
중앙선,부산,만종,08:00-09:00,23,16,0,2,2,0,1,0,0,0,1,0,1
중앙선,부산,만종,09:00-10:00,34,25,0,3,4,0,0,1,0,0,1,0,0
중앙선,부산,만종,10:00-11:00,23,18,0,2,2,0,0,0,0,0,1,0,0
중앙선,부산,만종,11:00-12:00,29,23,0,3,1,1,0,0,0,0,1,0,0
중앙선,부산,만종,12:00-13:00,7,3,0,4,0,0,0,0,0,0,0,0,0
중앙선,부산,만종,13:00-14:00,31,27,0,2,0,1,0,0,0,0,1,0,0
중앙선,부산,만종,14:00-15:00,35,30,0,1,1,2,1,0,0,0,0,0,0
중앙선,부산,만종,15:00-16:00,41,32,0,6,1,1,1,0,0,0,0,0,0
중앙선,부산,만종,16:00-17:00,35,27,0,4,1,2,0,1,0,0,0,0,0
중앙선,부산,만종,17:00-18:00,32,26,0,3,2,0,1,0,0,0,0,0,0
중앙선,부산,만종,18:00-19:00,31,19,0,5,4,0,0,0,0,0,3,0,0
중앙선,부산,만종,19:00-20:00,20,19,0,0,1,0,0,0,0,0,0,0,0
중앙선,부산,만종,20:00-21:00,15,12,0,2,1,0,0,0,0,0,0,0,0
중앙선,부산,만종,21:00-22:00,13,13,0,0,0,0,0,0,0,0,0,0,0
중앙선,부산,만종,22:00-23:00,10,6,0,2,0,1,0,1,0,0,0,0,0
중앙선,부산,만종,23:00-24:00,8,6,0,1,0,0,0,0,0,0,1,0,0
중앙선,부산,만종,00:00-01:00,3,2,0,0,0,0,0,0,0,0,1,0,0
중앙선,부산,만종,01:00-02:00,3,1,0,0,0,1,0,0,0,0,1,0,0
중앙선,부산,만종,02:00-03:00,3,3,0,0,0,0,0,0,0,0,0,0,0
중앙선,부산,만종,03:00-04:00,5,1,0,1,1,1,1,0,0,0,0,0,0
중앙선,부산,만종,04:00-05:00,5,2,0,1,1,0,0,1,0,0,0,0,0
중앙선,부산,만종,05:00-06:00,12,6,0,1,2,3,0,0,0,0,0,0,0
중앙선,부산,만종,06:00-07:00,21,12,0,1,3,3,0,0,0,0,1,0,1
중앙선,춘천,만종,07:00-08:00,12,10,0,1,0,0,0,1,0,0,0,0,0
중앙선,춘천,만종,08:00-09:00,16,11,1,2,1,0,0,0,0,0,1,0,0
중앙선,춘천,만종,09:00-10:00,16,14,1,1,0,0,0,0,0,0,0,0,0
중앙선,춘천,만종,10:00-11:00,18,9,0,4,2,1,0,1,0,0,1,0,0
중앙선,춘천,만종,11:00-12:00,19,14,0,2,2,0,0,0,0,0,0,0,1
중앙선,춘천,만종,12:00-13:00,28,23,0,4,0,1,0,0,0,0,0,0,0
중앙선,춘천,만종,13:00-14:00,26,20,0,6,0,0,0,0,0,0,0,0,0
중앙선,춘천,만종,14:00-15:00,25,23,0,1,1,0,0,0,0,0,0,0,0
중앙선,춘천,만종,15:00-16:00,21,13,0,5,1,1,0,1,0,0,0,0,0
중앙선,춘천,만종,16:00-17:00,28,23,0,2,2,1,0,0,0,0,0,0,0
중앙선,춘천,만종,17:00-18:00,12,9,0,2,1,0,0,0,0,0,0,0,0
중앙선,춘천,만종,18:00-19:00,29,21,1,4,0,2,0,0,0,0,1,0,0
중앙선,춘천,만종,19:00-20:00,19,16,0,2,0,1,0,0,0,0,0,0,0
중앙선,춘천,만종,20:00-21:00,15,13,0,0,1,0,1,0,0,0,0,0,0
중앙선,춘천,만종,21:00-22:00,9,9,0,0,0,0,0,0,0,0,0,0,0
중앙선,춘천,만종,22:00-23:00,10,8,0,1,0,0,0,0,0,0,0,0,1
중앙선,춘천,만종,23:00-24:00,6,5,0,0,0,0,0,0,0,0,1,0,0
중앙선,춘천,만종,00:00-01:00,7,6,0,0,0,1,0,0,0,0,0,0,0
중앙선,춘천,만종,01:00-02:00,1,0,0,0,0,0,0,1,0,0,0,0,0
중앙선,춘천,만종,02:00-03:00,3,3,0,0,0,0,0,0,0,0,0,0,0
중앙선,춘천,만종,03:00-04:00,4,3,0,0,0,0,0,1,0,0,0,0,0
중앙선,춘천,만종,04:00-05:00,5,4,0,0,1,0,0,0,0,0,0,0,0
중앙선,춘천,만종,05:00-06:00,5,2,0,1,0,0,1,0,0,0,1,0,0
중앙선,춘천,만종,06:00-07:00,9,7,0,1,0,1,0,0,0,0,0,0,0
중앙선,부산,안평,07:00-08:00,6,5,0,0,0,0,0,0,0,0,1,0,0
중앙선,부산,안평,08:00-09:00,8,6,0,1,1,0,0,0,0,0,0,0,0
중앙선,부산,안평,09:00-10:00,13,8,0,2,1,2,0,0,0,0,0,0,0
중앙선,부산,안평,10:00-11:00,15,10,0,2,0,1,1,1,0,0,0,0,0
중앙선,부산,안평,11:00-12:00,14,11,0,2,1,0,0,0,0,0,0,0,0
중앙선,부산,안평,12:00-13:00,14,12,0,1,0,0,1,0,0,0,0,0,0
중앙선,부산,안평,13:00-14:00,37,28,0,7,2,0,0,0,0,0,0,0,0
중앙선,부산,안평,14:00-15:00,36,29,0,5,2,0,0,0,0,0,0,0,0
중앙선,부산,안평,15:00-16:00,35,28,0,4,2,0,0,0,0,0,1,0,0
중앙선,부산,안평,16:00-17:00,37,28,0,6,3,0,0,0,0,0,0,0,0
중앙선,부산,안평,17:00-18:00,24,23,0,0,1,0,0,0,0,0,0,0,0
중앙선,부산,안평,18:00-19:00,13,10,0,3,0,0,0,0,0,0,0,0,0
중앙선,부산,안평,19:00-20:00,12,11,0,1,0,0,0,0,0,0,0,0,0
중앙선,부산,안평,20:00-21:00,9,6,1,0,1,0,0,1,0,0,0,0,0
중앙선,부산,안평,21:00-22:00,5,4,0,0,0,0,1,0,0,0,0,0,0
중앙선,부산,안평,22:00-23:00,5,4,0,1,0,0,0,0,0,0,0,0,0
중앙선,부산,안평,23:00-24:00,5,4,0,1,0,0,0,0,0,0,0,0,0
중앙선,부산,안평,00:00-01:00,3,1,0,0,0,0,0,1,0,0,1,0,0
중앙선,부산,안평,01:00-02:00,1,1,0,0,0,0,0,0,0,0,0,0,0
중앙선,부산,안평,02:00-03:00,2,2,0,0,0,0,0,0,0,0,0,0,0
중앙선,부산,안평,03:00-04:00,1,1,0,0,0,0,0,0,0,0,0,0,0
중앙선,부산,안평,04:00-05:00,3,1,0,2,0,0,0,0,0,0,0,0,0
중앙선,부산,안평,05:00-06:00,5,3,0,1,0,0,0,0,0,0,1,0,0
중앙선,부산,안평,06:00-07:00,6,5,0,1,0,0,0,0,0,0,0,0,0
중앙선,춘천,안평,07:00-08:00,13,9,0,2,2,0,0,0,0,0,0,0,0
중앙선,춘천,안평,08:00-09:00,14,10,0,3,1,0,0,0,0,0,0,0,0
중앙선,춘천,안평,09:00-10:00,21,14,0,3,3,1,0,0,0,0,0,0,0
중앙선,춘천,안평,10:00-11:00,12,8,0,3,1,0,0,0,0,0,0,0,0
중앙선,춘천,안평,11:00-12:00,23,16,0,3,2,1,0,1,0,0,0,0,0
중앙선,춘천,안평,12:00-13:00,22,20,0,1,0,0,1,0,0,0,0,0,0
중앙선,춘천,안평,13:00-14:00,22,11,0,3,2,2,1,1,0,0,2,0,0
중앙선,춘천,안평,14:00-15:00,21,18,0,1,0,1,0,1,0,0,0,0,0
중앙선,춘천,안평,15:00-16:00,15,14,0,0,1,0,0,0,0,0,0,0,0
중앙선,춘천,안평,16:00-17:00,18,13,0,3,1,1,0,0,0,0,0,0,0
중앙선,춘천,안평,17:00-18:00,10,8,0,1,0,0,0,0,0,0,1,0,0
중앙선,춘천,안평,18:00-19:00,13,9,0,3,1,0,0,0,0,0,0,0,0
중앙선,춘천,안평,19:00-20:00,12,8,0,3,0,1,0,0,0,0,0,0,0
중앙선,춘천,안평,20:00-21:00,9,9,0,0,0,0,0,0,0,0,0,0,0
중앙선,춘천,안평,21:00-22:00,1,1,0,0,0,0,0,0,0,0,0,0,0
중앙선,춘천,안평,22:00-23:00,3,1,0,0,1,0,0,0,0,0,1,0,0
중앙선,춘천,안평,23:00-24:00,3,2,0,0,0,1,0,0,0,0,0,0,0
중앙선,춘천,안평,00:00-01:00,1,1,0,0,0,0,0,0,0,0,0,0,0
중앙선,춘천,안평,01:00-02:00,3,2,0,0,0,0,0,1,0,0,0,0,0
중앙선,춘천,안평,02:00-03:00,4,0,0,2,0,1,0,0,0,0,1,0,0
중앙선,춘천,안평,03:00-04:00,1,0,0,0,0,0,1,0,0,0,0,0,0
중앙선,춘천,안평,04:00-05:00,4,2,0,1,0,0,1,0,0,0,0,0,0
중앙선,춘천,안평,05:00-06:00,8,6,0,0,2,0,0,0,0,0,0,0,0
중앙선,춘천,안평,06:00-07:00,11,5,0,3,1,0,1,0,0,0,1,0,0
중앙선,부산,명곡,07:00-08:00,7,6,0,0,0,1,0,0,0,0,0,0,0
중앙선,부산,명곡,08:00-09:00,9,6,0,2,0,0,1,0,0,0,0,0,0
중앙선,부산,명곡,09:00-10:00,14,8,0,2,3,1,0,0,0,0,0,0,0
중앙선,부산,명곡,10:00-11:00,10,7,0,3,0,0,0,0,0,0,0,0,0
중앙선,부산,명곡,11:00-12:00,18,13,0,3,1,1,0,0,0,0,0,0,0
중앙선,부산,명곡,12:00-13:00,13,7,0,5,0,0,0,1,0,0,0,0,0
중앙선,부산,명곡,13:00-14:00,30,23,0,6,1,0,0,0,0,0,0,0,0
중앙선,부산,명곡,14:00-15:00,26,23,0,3,0,0,0,0,0,0,0,0,0
중앙선,부산,명곡,15:00-16:00,24,16,0,6,1,1,0,0,0,0,0,0,0
중앙선,부산,명곡,16:00-17:00,40,34,0,5,1,0,0,0,0,0,0,0,0
중앙선,부산,명곡,17:00-18:00,24,19,0,4,1,0,0,0,0,0,0,0,0
중앙선,부산,명곡,18:00-19:00,29,24,0,2,2,1,0,0,0,0,0,0,0
중앙선,부산,명곡,19:00-20:00,19,14,0,4,1,0,0,0,0,0,0,0,0
중앙선,부산,명곡,20:00-21:00,12,9,0,1,1,1,0,0,0,0,0,0,0
중앙선,부산,명곡,21:00-22:00,6,6,0,0,0,0,0,0,0,0,0,0,0
중앙선,부산,명곡,22:00-23:00,6,3,0,3,0,0,0,0,0,0,0,0,0
중앙선,부산,명곡,23:00-24:00,7,7,0,0,0,0,0,0,0,0,0,0,0
중앙선,부산,명곡,00:00-01:00,2,2,0,0,0,0,0,0,0,0,0,0,0
중앙선,부산,명곡,01:00-02:00,0,0,0,0,0,0,0,0,0,0,0,0,0
중앙선,부산,명곡,02:00-03:00,0,0,0,0,0,0,0,0,0,0,0,0,0
중앙선,부산,명곡,03:00-04:00,1,1,0,0,0,0,0,0,0,0,0,0,0
중앙선,부산,명곡,04:00-05:00,1,1,0,0,0,0,0,0,0,0,0,0,0
중앙선,부산,명곡,05:00-06:00,7,4,0,2,0,0,0,0,0,0,1,0,0
중앙선,부산,명곡,06:00-07:00,5,1,0,2,1,1,0,0,0,0,0,0,0
중앙선,춘천,명곡,07:00-08:00,17,13,0,3,1,0,0,0,0,0,0,0,0
중앙선,춘천,명곡,08:00-09:00,8,6,0,2,0,0,0,0,0,0,0,0,0
중앙선,춘천,명곡,09:00-10:00,14,12,0,1,0,0,1,0,0,0,0,0,0
중앙선,춘천,명곡,10:00-11:00,18,13,0,5,0,0,0,0,0,0,0,0,0
중앙선,춘천,명곡,11:00-12:00,15,12,0,2,1,0,0,0,0,0,0,0,0
중앙선,춘천,명곡,12:00-13:00,22,17,0,3,2,0,0,0,0,0,0,0,0
중앙선,춘천,명곡,13:00-14:00,17,11,0,5,0,1,0,0,0,0,0,0,0
중앙선,춘천,명곡,14:00-15:00,20,14,0,4,2,0,0,0,0,0,0,0,0
중앙선,춘천,명곡,15:00-16:00,23,17,0,6,0,0,0,0,0,0,0,0,0
중앙선,춘천,명곡,16:00-17:00,16,13,0,1,1,1,0,0,0,0,0,0,0
중앙선,춘천,명곡,17:00-18:00,11,11,0,0,0,0,0,0,0,0,0,0,0
중앙선,춘천,명곡,18:00-19:00,16,11,0,1,1,1,2,0,0,0,0,0,0
중앙선,춘천,명곡,19:00-20:00,9,8,0,0,0,1,0,0,0,0,0,0,0
중앙선,춘천,명곡,20:00-21:00,5,5,0,0,0,0,0,0,0,0,0,0,0
중앙선,춘천,명곡,21:00-22:00,8,7,0,1,0,0,0,0,0,0,0,0,0
중앙선,춘천,명곡,22:00-23:00,6,5,0,1,0,0,0,0,0,0,0,0,0
중앙선,춘천,명곡,23:00-24:00,0,0,0,0,0,0,0,0,0,0,0,0,0
중앙선,춘천,명곡,00:00-01:00,1,0,0,0,0,1,0,0,0,0,0,0,0
중앙선,춘천,명곡,01:00-02:00,1,1,0,0,0,0,0,0,0,0,0,0,0
중앙선,춘천,명곡,02:00-03:00,1,0,0,0,0,1,0,0,0,0,0,0,0
중앙선,춘천,명곡,03:00-04:00,2,0,0,1,0,0,1,0,0,0,0,0,0
중앙선,춘천,명곡,04:00-05:00,3,3,0,0,0,0,0,0,0,0,0,0,0
중앙선,춘천,명곡,05:00-06:00,6,4,0,1,0,0,0,0,0,0,1,0,0
중앙선,춘천,명곡,06:00-07:00,12,5,0,5,0,1,0,1,0,0,0,0,0
중앙선,부산,죽령,07:00-08:00,14,9,0,2,2,1,0,0,0,0,0,0,0
중앙선,부산,죽령,08:00-09:00,13,7,0,5,1,0,0,0,0,0,0,0,0
중앙선,부산,죽령,09:00-10:00,16,13,0,1,0,1,0,0,0,0,0,1,0
중앙선,부산,죽령,10:00-11:00,28,17,0,6,2,1,2,0,0,0,0,0,0
중앙선,부산,죽령,11:00-12:00,12,10,0,2,0,0,0,0,0,0,0,0,0
중앙선,부산,죽령,12:00-13:00,17,12,0,2,0,0,3,0,0,0,0,0,0
중앙선,부산,죽령,13:00-14:00,20,16,0,1,0,1,1,0,0,0,1,0,0
중앙선,부산,죽령,14:00-15:00,25,18,0,2,0,1,2,0,0,0,2,0,0
중앙선,부산,죽령,15:00-16:00,30,25,0,1,1,0,2,0,0,0,1,0,0
중앙선,부산,죽령,16:00-17:00,26,18,0,3,0,3,1,0,0,0,1,0,0
중앙선,부산,죽령,17:00-18:00,16,14,0,2,0,0,0,0,0,0,0,0,0
중앙선,부산,죽령,18:00-19:00,18,14,0,3,0,0,1,0,0,0,0,0,0
중앙선,부산,죽령,19:00-20:00,11,7,0,3,0,0,1,0,0,0,0,0,0
중앙선,부산,죽령,20:00-21:00,15,12,0,1,0,2,0,0,0,0,0,0,0
중앙선,부산,죽령,21:00-22:00,5,3,0,1,1,0,0,0,0,0,0,0,0
중앙선,부산,죽령,22:00-23:00,4,3,0,0,0,1,0,0,0,0,0,0,0
중앙선,부산,죽령,23:00-24:00,3,2,0,0,0,0,1,0,0,0,0,0,0
중앙선,부산,죽령,00:00-01:00,4,2,0,0,0,1,1,0,0,0,0,0,0
중앙선,부산,죽령,01:00-02:00,0,0,0,0,0,0,0,0,0,0,0,0,0
중앙선,부산,죽령,02:00-03:00,2,1,0,0,0,0,1,0,0,0,0,0,0
중앙선,부산,죽령,03:00-04:00,1,1,0,0,0,0,0,0,0,0,0,0,0
중앙선,부산,죽령,04:00-05:00,3,1,0,1,0,1,0,0,0,0,0,0,0
중앙선,부산,죽령,05:00-06:00,5,1,0,2,0,2,0,0,0,0,0,0,0
중앙선,부산,죽령,06:00-07:00,10,4,0,2,2,0,2,0,0,0,0,0,0
중앙선,춘천,죽령,07:00-08:00,10,5,0,3,0,0,1,0,0,0,1,0,0
중앙선,춘천,죽령,08:00-09:00,9,4,0,3,0,1,1,0,0,0,0,0,0
중앙선,춘천,죽령,09:00-10:00,14,10,1,1,0,1,1,0,0,0,0,0,0
중앙선,춘천,죽령,10:00-11:00,13,11,0,0,0,1,1,0,0,0,0,0,0
중앙선,춘천,죽령,11:00-12:00,16,14,0,2,0,0,0,0,0,0,0,0,0
중앙선,춘천,죽령,12:00-13:00,17,13,0,2,0,1,1,0,0,0,0,0,0
중앙선,춘천,죽령,13:00-14:00,28,23,0,4,0,0,1,0,0,0,0,0,0
중앙선,춘천,죽령,14:00-15:00,14,11,0,3,0,0,0,0,0,0,0,0,0
중앙선,춘천,죽령,15:00-16:00,16,12,0,2,0,1,1,0,0,0,0,0,0
중앙선,춘천,죽령,16:00-17:00,20,18,0,2,0,0,0,0,0,0,0,0,0
중앙선,춘천,죽령,17:00-18:00,13,11,0,1,0,1,0,0,0,0,0,0,0
중앙선,춘천,죽령,18:00-19:00,10,8,0,2,0,0,0,0,0,0,0,0,0
중앙선,춘천,죽령,19:00-20:00,3,3,0,0,0,0,0,0,0,0,0,0,0
중앙선,춘천,죽령,20:00-21:00,3,2,0,0,1,0,0,0,0,0,0,0,0
중앙선,춘천,죽령,21:00-22:00,8,7,0,0,0,0,1,0,0,0,0,0,0
중앙선,춘천,죽령,22:00-23:00,4,2,0,1,0,0,1,0,0,0,0,0,0
중앙선,춘천,죽령,23:00-24:00,1,0,0,0,0,0,1,0,0,0,0,0,0
중앙선,춘천,죽령,00:00-01:00,2,2,0,0,0,0,0,0,0,0,0,0,0
중앙선,춘천,죽령,01:00-02:00,1,0,0,0,0,0,1,0,0,0,0,0,0
중앙선,춘천,죽령,02:00-03:00,2,1,0,0,0,1,0,0,0,0,0,0,0
중앙선,춘천,죽령,03:00-04:00,1,0,0,0,0,0,1,0,0,0,0,0,0
중앙선,춘천,죽령,04:00-05:00,2,0,0,0,0,1,0,0,0,0,0,0,1
중앙선,춘천,죽령,05:00-06:00,5,0,0,3,0,1,1,0,0,0,0,0,0
중앙선,춘천,죽령,06:00-07:00,5,5,0,0,0,0,0,0,0,0,0,0,0
당진영덕선,청주,회인,07:00-08:00,11,5,0,4,1,0,0,1,0,0,0,0,0
당진영덕선,청주,회인,08:00-09:00,17,11,0,5,0,0,0,1,0,0,0,0,0
당진영덕선,청주,회인,09:00-10:00,22,19,0,3,0,0,0,0,0,0,0,0,0
당진영덕선,청주,회인,10:00-11:00,20,13,0,6,0,0,0,1,0,0,0,0,0
당진영덕선,청주,회인,11:00-12:00,25,20,0,3,1,0,0,0,0,0,0,1,0
당진영덕선,청주,회인,12:00-13:00,21,17,0,1,2,1,0,0,0,0,0,0,0
당진영덕선,청주,회인,13:00-14:00,21,15,0,5,1,0,0,0,0,0,0,0,0
당진영덕선,청주,회인,14:00-15:00,32,23,0,7,1,1,0,0,0,0,0,0,0
당진영덕선,청주,회인,15:00-16:00,40,34,0,5,0,1,0,0,0,0,0,0,0
당진영덕선,청주,회인,16:00-17:00,45,41,0,4,0,0,0,0,0,0,0,0,0
당진영덕선,청주,회인,17:00-18:00,23,20,0,1,0,0,2,0,0,0,0,0,0
당진영덕선,청주,회인,18:00-19:00,22,20,0,2,0,0,0,0,0,0,0,0,0
당진영덕선,청주,회인,19:00-20:00,26,23,0,1,1,0,0,1,0,0,0,0,0
당진영덕선,청주,회인,20:00-21:00,10,8,0,2,0,0,0,0,0,0,0,0,0
당진영덕선,청주,회인,21:00-22:00,12,6,0,4,1,1,0,0,0,0,0,0,0
당진영덕선,청주,회인,22:00-23:00,14,13,0,0,0,0,1,0,0,0,0,0,0
당진영덕선,청주,회인,23:00-24:00,8,5,0,1,2,0,0,0,0,0,0,0,0
당진영덕선,청주,회인,00:00-01:00,7,2,0,2,1,2,0,0,0,0,0,0,0
당진영덕선,청주,회인,01:00-02:00,4,2,0,1,1,0,0,0,0,0,0,0,0
당진영덕선,청주,회인,02:00-03:00,0,0,0,0,0,0,0,0,0,0,0,0,0
당진영덕선,청주,회인,03:00-04:00,2,0,0,0,0,2,0,0,0,0,0,0,0
당진영덕선,청주,회인,04:00-05:00,7,2,0,1,0,4,0,0,0,0,0,0,0
당진영덕선,청주,회인,05:00-06:00,8,5,0,1,0,1,1,0,0,0,0,0,0
당진영덕선,청주,회인,06:00-07:00,10,5,0,4,0,1,0,0,0,0,0,0,0
당진영덕선,영덕,상주,07:00-08:00,10,10,0,0,0,0,0,0,0,0,0,0,0
당진영덕선,영덕,상주,08:00-09:00,9,7,0,2,0,0,0,0,0,0,0,0,0
당진영덕선,영덕,상주,09:00-10:00,17,13,0,4,0,0,0,0,0,0,0,0,0
당진영덕선,영덕,상주,10:00-11:00,17,13,0,2,1,0,0,0,0,0,1,0,0
당진영덕선,영덕,상주,11:00-12:00,21,16,0,2,1,2,0,0,0,0,0,0,0
당진영덕선,영덕,상주,12:00-13:00,20,13,0,3,2,0,0,1,0,0,1,0,0
당진영덕선,영덕,상주,13:00-14:00,25,19,0,5,1,0,0,0,0,0,0,0,0
당진영덕선,영덕,상주,14:00-15:00,20,19,0,1,0,0,0,0,0,0,0,0,0
당진영덕선,영덕,상주,15:00-16:00,30,20,0,9,0,0,0,0,0,0,0,0,1
당진영덕선,영덕,상주,16:00-17:00,21,18,0,1,2,0,0,0,0,0,0,0,0
당진영덕선,영덕,상주,17:00-18:00,22,22,0,0,0,0,0,0,0,0,0,0,0
당진영덕선,영덕,상주,18:00-19:00,17,13,0,4,0,0,0,0,0,0,0,0,0
당진영덕선,영덕,상주,19:00-20:00,13,12,0,1,0,0,0,0,0,0,0,0,0
당진영덕선,영덕,상주,20:00-21:00,5,2,0,1,1,0,0,1,0,0,0,0,0
당진영덕선,영덕,상주,21:00-22:00,13,9,0,4,0,0,0,0,0,0,0,0,0
당진영덕선,영덕,상주,22:00-23:00,7,6,0,0,0,0,0,1,0,0,0,0,0
당진영덕선,영덕,상주,23:00-24:00,5,5,0,0,0,0,0,0,0,0,0,0,0
당진영덕선,영덕,상주,00:00-01:00,5,4,0,1,0,0,0,0,0,0,0,0,0
당진영덕선,영덕,상주,01:00-02:00,3,3,0,0,0,0,0,0,0,0,0,0,0
당진영덕선,영덕,상주,02:00-03:00,3,0,0,3,0,0,0,0,0,0,0,0,0
당진영덕선,영덕,상주,03:00-04:00,0,0,0,0,0,0,0,0,0,0,0,0,0
당진영덕선,영덕,상주,04:00-05:00,3,1,0,1,0,1,0,0,0,0,0,0,0
당진영덕선,영덕,상주,05:00-06:00,4,1,0,2,0,1,0,0,0,0,0,0,0
당진영덕선,영덕,상주,06:00-07:00,7,3,0,3,0,0,1,0,0,0,0,0,0
평택제천선,평택,송탄,07:00-08:00,22,13,0,5,0,3,0,1,0,0,0,0,0
평택제천선,평택,송탄,08:00-09:00,27,14,0,4,3,3,0,1,0,0,2,0,0
평택제천선,평택,송탄,09:00-10:00,26,9,0,5,3,4,3,2,0,0,0,0,0
평택제천선,평택,송탄,10:00-11:00,30,13,0,5,8,2,0,1,0,0,1,0,0
평택제천선,평택,송탄,11:00-12:00,32,12,0,7,8,4,0,0,0,0,1,0,0
평택제천선,평택,송탄,12:00-13:00,26,9,0,7,4,2,1,2,0,0,1,0,0
평택제천선,평택,송탄,13:00-14:00,31,15,0,9,1,2,2,2,0,0,0,0,0
평택제천선,평택,송탄,14:00-15:00,59,27,0,17,6,5,1,3,0,0,0,0,0
평택제천선,평택,송탄,15:00-16:00,47,31,0,7,2,3,0,4,0,0,0,0,0
평택제천선,평택,송탄,16:00-17:00,32,16,1,6,5,2,1,1,0,0,0,0,0
평택제천선,평택,송탄,17:00-18:00,32,18,0,9,2,0,0,3,0,0,0,0,0
평택제천선,평택,송탄,18:00-19:00,29,17,5,2,2,1,0,1,0,0,1,0,0
평택제천선,평택,송탄,19:00-20:00,26,11,7,3,3,1,0,1,0,0,0,0,0
평택제천선,평택,송탄,20:00-21:00,18,10,2,2,0,4,0,0,0,0,0,0,0
평택제천선,평택,송탄,21:00-22:00,9,3,0,1,0,3,0,0,0,0,2,0,0
평택제천선,평택,송탄,22:00-23:00,8,5,0,0,0,2,0,1,0,0,0,0,0
평택제천선,평택,송탄,23:00-24:00,4,2,0,0,0,0,0,1,0,0,0,0,1
평택제천선,평택,송탄,00:00-01:00,4,0,0,0,1,1,0,2,0,0,0,0,0
평택제천선,평택,송탄,01:00-02:00,7,2,0,0,2,1,0,1,0,0,0,1,0
평택제천선,평택,송탄,02:00-03:00,2,0,0,0,0,0,0,1,0,0,1,0,0
평택제천선,평택,송탄,03:00-04:00,9,1,0,0,3,4,0,1,0,0,0,0,0
평택제천선,평택,송탄,04:00-05:00,5,1,0,0,0,1,1,1,0,0,1,0,0
평택제천선,평택,송탄,05:00-06:00,18,6,0,3,0,4,0,3,0,0,2,0,0
평택제천선,평택,송탄,06:00-07:00,14,5,0,2,1,3,0,3,0,0,0,0,0
평택제천선,제천,송탄,07:00-08:00,23,6,0,7,4,4,0,2,0,0,0,0,0
평택제천선,제천,송탄,08:00-09:00,23,5,0,8,6,1,1,1,0,0,1,0,0
평택제천선,제천,송탄,09:00-10:00,25,10,0,3,9,2,1,0,0,0,0,0,0
평택제천선,제천,송탄,10:00-11:00,32,19,0,6,2,4,1,0,0,0,0,0,0
평택제천선,제천,송탄,11:00-12:00,29,13,0,9,5,0,0,1,0,0,0,0,1
평택제천선,제천,송탄,12:00-13:00,27,8,0,7,7,1,1,1,0,0,1,0,1
평택제천선,제천,송탄,13:00-14:00,61,31,0,13,7,6,1,2,0,0,0,0,1
평택제천선,제천,송탄,14:00-15:00,48,27,0,14,3,2,2,0,0,0,0,0,0
평택제천선,제천,송탄,15:00-16:00,41,18,0,10,6,4,1,1,0,0,1,0,0
평택제천선,제천,송탄,16:00-17:00,32,17,0,7,6,2,0,0,0,0,0,0,0
평택제천선,제천,송탄,17:00-18:00,20,13,0,3,2,1,0,1,0,0,0,0,0
평택제천선,제천,송탄,18:00-19:00,20,13,0,3,0,3,1,0,0,0,0,0,0
평택제천선,제천,송탄,19:00-20:00,10,7,0,2,1,0,0,0,0,0,0,0,0
평택제천선,제천,송탄,20:00-21:00,14,9,0,2,3,0,0,0,0,0,0,0,0
평택제천선,제천,송탄,21:00-22:00,10,5,0,0,2,2,0,0,0,0,1,0,0
평택제천선,제천,송탄,22:00-23:00,4,1,0,0,2,0,1,0,0,0,0,0,0
평택제천선,제천,송탄,23:00-24:00,4,0,0,1,2,0,0,0,0,0,1,0,0
평택제천선,제천,송탄,00:00-01:00,6,2,0,0,3,0,0,0,0,0,0,0,1
평택제천선,제천,송탄,01:00-02:00,3,0,0,1,1,1,0,0,0,0,0,0,0
평택제천선,제천,송탄,02:00-03:00,1,1,0,0,0,0,0,0,0,0,0,0,0
평택제천선,제천,송탄,03:00-04:00,4,2,0,0,1,1,0,0,0,0,0,0,0
평택제천선,제천,송탄,04:00-05:00,4,2,0,0,2,0,0,0,0,0,0,0,0
평택제천선,제천,송탄,05:00-06:00,12,2,0,3,1,1,0,2,0,0,3,0,0
평택제천선,제천,송탄,06:00-07:00,9,4,0,2,1,1,0,0,0,0,1,0,0
평택제천선,평택,중앙탑,07:00-08:00,7,5,0,2,0,0,0,0,0,0,0,0,0
평택제천선,평택,중앙탑,08:00-09:00,12,5,0,3,0,1,1,0,0,0,2,0,0
평택제천선,평택,중앙탑,09:00-10:00,20,11,0,6,0,1,2,0,0,0,0,0,0
평택제천선,평택,중앙탑,10:00-11:00,25,12,0,7,3,2,0,0,0,0,1,0,0
평택제천선,평택,중앙탑,11:00-12:00,17,11,0,4,1,1,0,0,0,0,0,0,0
평택제천선,평택,중앙탑,12:00-13:00,24,9,0,8,4,0,2,0,0,0,1,0,0
평택제천선,평택,중앙탑,13:00-14:00,28,22,0,3,0,2,1,0,0,0,0,0,0
평택제천선,평택,중앙탑,14:00-15:00,38,27,0,8,2,0,0,1,0,0,0,0,0
평택제천선,평택,중앙탑,15:00-16:00,30,23,0,5,1,0,0,0,0,0,1,0,0
평택제천선,평택,중앙탑,16:00-17:00,28,23,0,3,2,0,0,0,0,0,0,0,0
평택제천선,평택,중앙탑,17:00-18:00,25,17,0,7,0,0,0,0,0,0,1,0,0
평택제천선,평택,중앙탑,18:00-19:00,17,16,0,1,0,0,0,0,0,0,0,0,0
평택제천선,평택,중앙탑,19:00-20:00,14,10,0,3,0,1,0,0,0,0,0,0,0
평택제천선,평택,중앙탑,20:00-21:00,11,9,1,0,0,0,0,0,0,0,1,0,0
평택제천선,평택,중앙탑,21:00-22:00,6,3,0,1,1,0,0,1,0,0,0,0,0
평택제천선,평택,중앙탑,22:00-23:00,2,1,0,1,0,0,0,0,0,0,0,0,0
평택제천선,평택,중앙탑,23:00-24:00,5,2,0,2,0,0,0,0,0,0,1,0,0
평택제천선,평택,중앙탑,00:00-01:00,4,2,0,0,0,0,0,0,0,0,2,0,0
평택제천선,평택,중앙탑,01:00-02:00,0,0,0,0,0,0,0,0,0,0,0,0,0
평택제천선,평택,중앙탑,02:00-03:00,3,1,0,1,0,0,1,0,0,0,0,0,0
평택제천선,평택,중앙탑,03:00-04:00,3,1,0,1,0,0,1,0,0,0,0,0,0
평택제천선,평택,중앙탑,04:00-05:00,0,0,0,0,0,0,0,0,0,0,0,0,0
평택제천선,평택,중앙탑,05:00-06:00,5,1,0,0,1,0,1,0,0,0,2,0,0
평택제천선,평택,중앙탑,06:00-07:00,6,1,0,3,0,0,1,0,0,0,1,0,0
평택제천선,제천,중앙탑,07:00-08:00,14,7,0,4,0,2,0,0,0,0,1,0,0
평택제천선,제천,중앙탑,08:00-09:00,24,15,0,4,0,2,0,1,0,0,2,0,0
평택제천선,제천,중앙탑,09:00-10:00,17,13,0,1,2,1,0,0,0,0,0,0,0
평택제천선,제천,중앙탑,10:00-11:00,37,27,0,6,1,2,1,0,0,0,0,0,0
평택제천선,제천,중앙탑,11:00-12:00,44,34,0,9,0,1,0,0,0,0,0,0,0
평택제천선,제천,중앙탑,12:00-13:00,28,22,0,3,0,3,0,0,0,0,0,0,0
평택제천선,제천,중앙탑,13:00-14:00,44,31,0,6,2,2,0,0,0,0,3,0,0
평택제천선,제천,중앙탑,14:00-15:00,37,24,0,5,4,0,1,2,0,0,1,0,0
평택제천선,제천,중앙탑,15:00-16:00,26,20,0,2,2,0,0,1,0,0,1,0,0
평택제천선,제천,중앙탑,16:00-17:00,35,28,0,4,1,1,0,0,0,0,1,0,0
평택제천선,제천,중앙탑,17:00-18:00,31,26,0,2,1,1,0,0,0,0,1,0,0
평택제천선,제천,중앙탑,18:00-19:00,26,21,1,4,0,0,0,0,0,0,0,0,0
평택제천선,제천,중앙탑,19:00-20:00,15,10,0,4,0,1,0,0,0,0,0,0,0
평택제천선,제천,중앙탑,20:00-21:00,6,5,0,1,0,0,0,0,0,0,0,0,0
평택제천선,제천,중앙탑,21:00-22:00,6,4,0,2,0,0,0,0,0,0,0,0,0
평택제천선,제천,중앙탑,22:00-23:00,1,1,0,0,0,0,0,0,0,0,0,0,0
평택제천선,제천,중앙탑,23:00-24:00,3,2,0,0,0,0,1,0,0,0,0,0,0
평택제천선,제천,중앙탑,00:00-01:00,5,2,0,1,0,2,0,0,0,0,0,0,0
평택제천선,제천,중앙탑,01:00-02:00,1,0,0,1,0,0,0,0,0,0,0,0,0
평택제천선,제천,중앙탑,02:00-03:00,3,1,0,1,0,0,0,1,0,0,0,0,0
평택제천선,제천,중앙탑,03:00-04:00,3,0,0,2,0,1,0,0,0,0,0,0,0
평택제천선,제천,중앙탑,04:00-05:00,6,1,0,0,2,1,0,0,0,0,2,0,0
평택제천선,제천,중앙탑,05:00-06:00,6,3,0,0,0,2,0,0,0,0,1,0,0
평택제천선,제천,중앙탑,06:00-07:00,13,7,0,2,1,2,0,0,0,0,0,0,1
평택제천선,평택,금성,07:00-08:00,4,1,0,2,0,0,0,1,0,0,0,0,0
평택제천선,평택,금성,08:00-09:00,11,5,0,1,1,2,1,0,0,0,1,0,0
평택제천선,평택,금성,09:00-10:00,12,5,0,1,2,3,1,0,0,0,0,0,0
평택제천선,평택,금성,10:00-11:00,15,10,0,3,0,1,1,0,0,0,0,0,0
평택제천선,평택,금성,11:00-12:00,12,8,0,1,1,0,1,0,0,0,1,0,0
평택제천선,평택,금성,12:00-13:00,11,5,0,1,2,1,1,1,0,0,0,0,0
평택제천선,평택,금성,13:00-14:00,21,11,0,3,3,1,1,1,0,0,1,0,0
평택제천선,평택,금성,14:00-15:00,13,4,0,4,1,1,1,0,0,0,2,0,0
평택제천선,평택,금성,15:00-16:00,24,14,0,6,1,0,0,3,0,0,0,0,0
평택제천선,평택,금성,16:00-17:00,22,20,0,1,0,0,1,0,0,0,0,0,0
평택제천선,평택,금성,17:00-18:00,15,10,0,1,1,0,2,0,0,0,1,0,0
평택제천선,평택,금성,18:00-19:00,9,8,0,1,0,0,0,0,0,0,0,0,0
평택제천선,평택,금성,19:00-20:00,4,4,0,0,0,0,0,0,0,0,0,0,0
평택제천선,평택,금성,20:00-21:00,3,1,0,0,0,2,0,0,0,0,0,0,0
평택제천선,평택,금성,21:00-22:00,2,1,0,0,0,0,0,0,0,0,1,0,0
평택제천선,평택,금성,22:00-23:00,1,1,0,0,0,0,0,0,0,0,0,0,0
평택제천선,평택,금성,23:00-24:00,3,2,0,0,0,0,0,1,0,0,0,0,0
평택제천선,평택,금성,00:00-01:00,0,0,0,0,0,0,0,0,0,0,0,0,0
평택제천선,평택,금성,01:00-02:00,2,2,0,0,0,0,0,0,0,0,0,0,0
평택제천선,평택,금성,02:00-03:00,3,3,0,0,0,0,0,0,0,0,0,0,0
평택제천선,평택,금성,03:00-04:00,4,2,0,0,0,1,0,0,0,0,1,0,0
평택제천선,평택,금성,04:00-05:00,3,1,0,0,0,0,0,1,0,0,1,0,0
평택제천선,평택,금성,05:00-06:00,3,1,0,1,0,0,0,1,0,0,0,0,0
평택제천선,평택,금성,06:00-07:00,7,4,0,0,0,0,1,1,0,0,1,0,0
평택제천선,제천,금성,07:00-08:00,12,8,0,3,1,0,0,0,0,0,0,0,0
평택제천선,제천,금성,08:00-09:00,11,7,0,1,0,0,1,2,0,0,0,0,0
평택제천선,제천,금성,09:00-10:00,19,14,1,3,0,0,0,0,0,0,1,0,0
평택제천선,제천,금성,10:00-11:00,30,19,0,6,3,0,0,1,0,0,1,0,0
평택제천선,제천,금성,11:00-12:00,20,16,0,3,0,1,0,0,0,0,0,0,0
평택제천선,제천,금성,12:00-13:00,38,27,0,8,0,0,0,3,0,0,0,0,0
평택제천선,제천,금성,13:00-14:00,36,25,0,3,2,3,1,0,0,0,2,0,0
평택제천선,제천,금성,14:00-15:00,37,28,0,4,2,1,1,0,0,0,1,0,0
평택제천선,제천,금성,15:00-16:00,22,18,0,2,1,0,0,0,0,0,1,0,0
평택제천선,제천,금성,16:00-17:00,29,19,1,4,1,1,1,0,0,0,2,0,0
평택제천선,제천,금성,17:00-18:00,23,17,0,1,1,0,0,2,0,0,2,0,0
평택제천선,제천,금성,18:00-19:00,13,10,0,1,1,0,1,0,0,0,0,0,0
평택제천선,제천,금성,19:00-20:00,10,10,0,0,0,0,0,0,0,0,0,0,0
평택제천선,제천,금성,20:00-21:00,9,7,0,0,0,1,0,1,0,0,0,0,0
평택제천선,제천,금성,21:00-22:00,4,2,0,0,0,0,1,1,0,0,0,0,0
평택제천선,제천,금성,22:00-23:00,6,2,0,1,1,1,0,0,0,0,1,0,0
평택제천선,제천,금성,23:00-24:00,7,6,0,0,0,0,0,1,0,0,0,0,0
평택제천선,제천,금성,00:00-01:00,1,1,0,0,0,0,0,0,0,0,0,0,0
평택제천선,제천,금성,01:00-02:00,0,0,0,0,0,0,0,0,0,0,0,0,0
평택제천선,제천,금성,02:00-03:00,1,0,0,1,0,0,0,0,0,0,0,0,0
평택제천선,제천,금성,03:00-04:00,1,0,0,0,0,0,0,0,0,0,1,0,0
평택제천선,제천,금성,04:00-05:00,9,3,0,0,0,1,3,0,0,0,2,0,0
평택제천선,제천,금성,05:00-06:00,3,0,0,3,0,0,0,0,0,0,0,0,0
평택제천선,제천,금성,06:00-07:00,12,4,0,2,3,1,0,1,0,0,1,0,0
평택제천선,평택,광혜원,07:00-08:00,14,8,0,1,3,0,0,1,0,0,1,0,0
평택제천선,평택,광혜원,08:00-09:00,13,4,0,4,1,3,1,0,0,0,0,0,0
평택제천선,평택,광혜원,09:00-10:00,17,6,0,5,4,0,1,0,0,0,1,0,0
평택제천선,평택,광혜원,10:00-11:00,23,10,0,6,4,1,1,1,0,0,0,0,0
평택제천선,평택,광혜원,11:00-12:00,20,12,0,5,1,0,0,2,0,0,0,0,0
평택제천선,평택,광혜원,12:00-13:00,28,17,0,2,5,2,0,1,0,0,1,0,0
평택제천선,평택,광혜원,13:00-14:00,26,17,0,5,3,1,0,0,0,0,0,0,0
평택제천선,평택,광혜원,14:00-15:00,42,29,0,7,2,2,1,1,0,0,0,0,0
평택제천선,평택,광혜원,15:00-16:00,41,27,0,6,6,1,1,0,0,0,0,0,0
평택제천선,평택,광혜원,16:00-17:00,27,21,0,2,2,2,0,0,0,0,0,0,0
평택제천선,평택,광혜원,17:00-18:00,19,12,0,2,3,2,0,0,0,0,0,0,0
평택제천선,평택,광혜원,18:00-19:00,28,21,0,6,0,1,0,0,0,0,0,0,0
평택제천선,평택,광혜원,19:00-20:00,14,11,0,1,2,0,0,0,0,0,0,0,0
평택제천선,평택,광혜원,20:00-21:00,12,11,0,1,0,0,0,0,0,0,0,0,0
평택제천선,평택,광혜원,21:00-22:00,12,9,0,2,1,0,0,0,0,0,0,0,0
평택제천선,평택,광혜원,22:00-23:00,6,3,0,0,1,2,0,0,0,0,0,0,0
평택제천선,평택,광혜원,23:00-24:00,5,3,0,0,0,0,0,0,0,0,2,0,0
평택제천선,평택,광혜원,00:00-01:00,2,1,0,0,1,0,0,0,0,0,0,0,0
평택제천선,평택,광혜원,01:00-02:00,2,0,0,0,2,0,0,0,0,0,0,0,0
평택제천선,평택,광혜원,02:00-03:00,2,0,0,0,0,1,0,1,0,0,0,0,0
평택제천선,평택,광혜원,03:00-04:00,1,1,0,0,0,0,0,0,0,0,0,0,0
평택제천선,평택,광혜원,04:00-05:00,3,1,0,0,0,2,0,0,0,0,0,0,0
평택제천선,평택,광혜원,05:00-06:00,10,2,0,3,1,1,0,2,0,0,1,0,0
평택제천선,평택,광혜원,06:00-07:00,7,2,0,1,1,0,1,1,0,0,1,0,0
평택제천선,천안,삼례,07:00-08:00,9,7,0,0,0,2,0,0,0,0,0,0,0
평택제천선,천안,삼례,08:00-09:00,12,9,0,1,0,0,0,2,0,0,0,0,0
평택제천선,천안,삼례,09:00-10:00,19,13,0,3,1,2,0,0,0,0,0,0,0
평택제천선,천안,삼례,10:00-11:00,30,15,0,5,4,4,1,0,0,0,1,0,0
평택제천선,천안,삼례,11:00-12:00,18,8,0,2,5,2,1,0,0,0,0,0,0
평택제천선,천안,삼례,12:00-13:00,17,7,3,3,0,4,0,0,0,0,0,0,0
평택제천선,천안,삼례,13:00-14:00,24,20,0,3,0,1,0,0,0,0,0,0,0
평택제천선,천안,삼례,14:00-15:00,18,12,0,5,0,1,0,0,0,0,0,0,0
평택제천선,천안,삼례,15:00-16:00,38,25,1,4,4,1,2,1,0,0,0,0,0
평택제천선,천안,삼례,16:00-17:00,36,29,0,3,2,2,0,0,0,0,0,0,0
평택제천선,천안,삼례,17:00-18:00,26,19,0,4,0,2,0,1,0,0,0,0,0
평택제천선,천안,삼례,18:00-19:00,7,6,0,1,0,0,0,0,0,0,0,0,0
평택제천선,천안,삼례,19:00-20:00,11,9,0,2,0,0,0,0,0,0,0,0,0
평택제천선,천안,삼례,20:00-21:00,8,6,0,0,0,1,0,1,0,0,0,0,0
평택제천선,천안,삼례,21:00-22:00,7,5,0,0,0,2,0,0,0,0,0,0,0
평택제천선,천안,삼례,22:00-23:00,1,1,0,0,0,0,0,0,0,0,0,0,0
평택제천선,천안,삼례,23:00-24:00,2,2,0,0,0,0,0,0,0,0,0,0,0
평택제천선,천안,삼례,00:00-01:00,2,0,0,0,0,2,0,0,0,0,0,0,0
평택제천선,천안,삼례,01:00-02:00,5,3,0,0,1,0,0,1,0,0,0,0,0
평택제천선,천안,삼례,02:00-03:00,5,2,0,1,0,0,0,1,0,0,1,0,0
평택제천선,천안,삼례,03:00-04:00,5,2,0,0,0,2,1,0,0,0,0,0,0
평택제천선,천안,삼례,04:00-05:00,3,2,0,1,0,0,0,0,0,0,0,0,0
평택제천선,천안,삼례,05:00-06:00,4,0,0,2,1,0,0,1,0,0,0,0,0
평택제천선,천안,삼례,06:00-07:00,12,5,1,3,1,1,0,0,0,0,0,0,1
호남선,순천,전주,07:00-08:00,16,4,0,2,6,3,1,0,0,0,0,0,0
호남선,순천,전주,08:00-09:00,18,10,0,3,2,2,1,0,0,0,0,0,0
호남선,순천,전주,09:00-10:00,15,15,0,0,0,0,0,0,0,0,0,0,0
호남선,순천,전주,10:00-11:00,23,12,0,5,2,2,1,1,0,0,0,0,0
호남선,순천,전주,11:00-12:00,19,10,0,4,2,2,1,0,0,0,0,0,0
호남선,순천,전주,12:00-13:00,19,4,1,7,2,4,1,0,0,0,0,0,0
호남선,순천,전주,13:00-14:00,22,12,0,3,3,2,1,0,0,0,0,0,1
호남선,순천,전주,14:00-15:00,14,5,0,7,2,0,0,0,0,0,0,0,0
호남선,순천,전주,15:00-16:00,15,5,0,5,2,2,0,1,0,0,0,0,0
호남선,순천,전주,16:00-17:00,12,10,0,1,0,1,0,0,0,0,0,0,0
호남선,순천,전주,17:00-18:00,16,12,0,2,2,0,0,0,0,0,0,0,0
호남선,순천,전주,18:00-19:00,13,9,0,0,3,1,0,0,0,0,0,0,0
호남선,순천,전주,19:00-20:00,15,9,1,3,0,1,1,0,0,0,0,0,0
호남선,순천,전주,20:00-21:00,6,5,0,0,1,0,0,0,0,0,0,0,0
호남선,순천,전주,21:00-22:00,10,5,0,1,3,0,0,1,0,0,0,0,0
호남선,순천,전주,22:00-23:00,2,1,0,1,0,0,0,0,0,0,0,0,0
호남선,순천,전주,23:00-24:00,5,1,0,1,0,0,1,2,0,0,0,0,0
호남선,순천,전주,00:00-01:00,4,2,0,0,0,2,0,0,0,0,0,0,0
호남선,순천,전주,01:00-02:00,4,2,0,0,1,1,0,0,0,0,0,0,0
호남선,순천,전주,02:00-03:00,4,1,0,0,3,0,0,0,0,0,0,0,0
호남선,순천,전주,03:00-04:00,3,0,0,0,0,3,0,0,0,0,0,0,0
호남선,순천,전주,04:00-05:00,7,1,0,0,2,4,0,0,0,0,0,0,0
호남선,순천,전주,05:00-06:00,5,0,0,4,1,0,0,0,0,0,0,0,0
호남선,순천,전주,06:00-07:00,8,1,0,0,3,3,1,0,0,0,0,0,0
호남선,천안,전주,07:00-08:00,8,4,2,1,1,0,0,0,0,0,0,0,0
호남선,천안,전주,08:00-09:00,12,8,0,3,1,0,0,0,0,0,0,0,0
호남선,천안,전주,09:00-10:00,19,14,0,1,3,1,0,0,0,0,0,0,0
호남선,천안,전주,10:00-11:00,13,4,0,6,1,1,1,0,0,0,0,0,0
호남선,천안,전주,11:00-12:00,18,11,0,4,3,0,0,0,0,0,0,0,0
호남선,천안,전주,12:00-13:00,16,9,0,5,1,1,0,0,0,0,0,0,0
호남선,천안,전주,13:00-14:00,21,13,0,4,2,0,2,0,0,0,0,0,0
호남선,천안,전주,14:00-15:00,20,16,0,1,2,1,0,0,0,0,0,0,0
호남선,천안,전주,15:00-16:00,13,6,0,2,5,0,0,0,0,0,0,0,0
호남선,천안,전주,16:00-17:00,8,2,0,4,2,0,0,0,0,0,0,0,0
호남선,천안,전주,17:00-18:00,11,8,0,2,1,0,0,0,0,0,0,0,0
호남선,천안,전주,18:00-19:00,17,14,0,1,2,0,0,0,0,0,0,0,0
호남선,천안,전주,19:00-20:00,10,9,0,0,0,0,1,0,0,0,0,0,0
호남선,천안,전주,20:00-21:00,5,4,0,0,1,0,0,0,0,0,0,0,0
호남선,천안,전주,21:00-22:00,7,4,0,1,0,1,0,0,0,0,0,0,1
호남선,천안,전주,22:00-23:00,2,0,0,1,1,0,0,0,0,0,0,0,0
호남선,천안,전주,23:00-24:00,4,4,0,0,0,0,0,0,0,0,0,0,0
호남선,천안,전주,00:00-01:00,2,2,0,0,0,0,0,0,0,0,0,0,0
호남선,천안,전주,01:00-02:00,1,0,1,0,0,0,0,0,0,0,0,0,0
호남선,천안,전주,02:00-03:00,1,1,0,0,0,0,0,0,0,0,0,0,0
호남선,천안,전주,03:00-04:00,1,0,0,0,0,1,0,0,0,0,0,0,0
호남선,천안,전주,04:00-05:00,1,0,0,0,0,1,0,0,0,0,0,0,0
호남선,천안,전주,05:00-06:00,5,2,0,1,1,1,0,0,0,0,0,0,0
호남선,천안,전주,06:00-07:00,4,1,0,1,1,1,0,0,0,0,0,0,0
호남선,천안,서전주,07:00-08:00,8,4,0,4,0,0,0,0,0,0,0,0,0
호남선,천안,서전주,08:00-09:00,17,9,1,5,1,1,0,0,0,0,0,0,0
호남선,천안,서전주,09:00-10:00,16,9,0,6,0,0,0,1,0,0,0,0,0
호남선,천안,서전주,10:00-11:00,11,8,0,2,0,0,0,1,0,0,0,0,0
호남선,천안,서전주,11:00-12:00,14,7,0,4,2,1,0,0,0,0,0,0,0
호남선,천안,서전주,12:00-13:00,18,12,0,3,1,1,0,1,0,0,0,0,0
호남선,천안,서전주,13:00-14:00,24,19,0,4,0,1,0,0,0,0,0,0,0
호남선,천안,서전주,14:00-15:00,16,12,0,1,3,0,0,0,0,0,0,0,0
호남선,천안,서전주,15:00-16:00,16,13,0,1,0,1,0,1,0,0,0,0,0
호남선,천안,서전주,16:00-17:00,11,11,0,0,0,0,0,0,0,0,0,0,0
호남선,천안,서전주,17:00-18:00,14,10,0,2,1,0,1,0,0,0,0,0,0
호남선,천안,서전주,18:00-19:00,17,13,0,4,0,0,0,0,0,0,0,0,0
호남선,천안,서전주,19:00-20:00,14,13,0,1,0,0,0,0,0,0,0,0,0
호남선,천안,서전주,20:00-21:00,9,7,0,2,0,0,0,0,0,0,0,0,0
호남선,천안,서전주,21:00-22:00,3,1,0,0,1,1,0,0,0,0,0,0,0
호남선,천안,서전주,22:00-23:00,2,1,0,0,0,1,0,0,0,0,0,0,0
호남선,천안,서전주,23:00-24:00,4,3,0,0,0,0,1,0,0,0,0,0,0
호남선,천안,서전주,00:00-01:00,3,2,0,0,0,1,0,0,0,0,0,0,0
호남선,천안,서전주,01:00-02:00,2,0,0,2,0,0,0,0,0,0,0,0,0
호남선,천안,서전주,02:00-03:00,2,2,0,0,0,0,0,0,0,0,0,0,0
호남선,천안,서전주,03:00-04:00,0,0,0,0,0,0,0,0,0,0,0,0,0
호남선,천안,서전주,04:00-05:00,4,0,0,2,0,2,0,0,0,0,0,0,0
호남선,천안,서전주,05:00-06:00,1,0,0,1,0,0,0,0,0,0,0,0,0
호남선,천안,서전주,06:00-07:00,9,2,0,4,0,2,0,1,0,0,0,0,0
호남선,천안,태인,07:00-08:00,9,6,0,2,1,0,0,0,0,0,0,0,0
호남선,천안,태인,08:00-09:00,5,3,0,1,1,0,0,0,0,0,0,0,0
호남선,천안,태인,09:00-10:00,18,12,0,4,1,1,0,0,0,0,0,0,0
호남선,천안,태인,10:00-11:00,23,19,0,1,2,0,0,1,0,0,0,0,0
호남선,천안,태인,11:00-12:00,16,10,0,1,3,1,0,1,0,0,0,0,0
호남선,천안,태인,12:00-13:00,21,14,0,3,2,1,0,1,0,0,0,0,0
호남선,천안,태인,13:00-14:00,22,18,0,2,0,1,1,0,0,0,0,0,0
호남선,천안,태인,14:00-15:00,27,19,0,5,0,3,0,0,0,0,0,0,0
호남선,천안,태인,15:00-16:00,28,26,0,1,0,0,1,0,0,0,0,0,0
호남선,천안,태인,16:00-17:00,25,21,0,1,2,0,1,0,0,0,0,0,0
호남선,천안,태인,17:00-18:00,25,20,0,0,5,0,0,0,0,0,0,0,0
호남선,천안,태인,18:00-19:00,14,14,0,0,0,0,0,0,0,0,0,0,0
호남선,천안,태인,19:00-20:00,15,13,0,1,0,1,0,0,0,0,0,0,0
호남선,천안,태인,20:00-21:00,14,11,0,0,1,1,0,0,0,0,0,0,1
호남선,천안,태인,21:00-22:00,3,2,0,1,0,0,0,0,0,0,0,0,0
호남선,천안,태인,22:00-23:00,6,5,0,1,0,0,0,0,0,0,0,0,0
호남선,천안,태인,23:00-24:00,3,1,0,1,0,1,0,0,0,0,0,0,0
호남선,천안,태인,00:00-01:00,1,1,0,0,0,0,0,0,0,0,0,0,0
호남선,천안,태인,01:00-02:00,2,2,0,0,0,0,0,0,0,0,0,0,0
호남선,천안,태인,02:00-03:00,2,2,0,0,0,0,0,0,0,0,0,0,0
호남선,천안,태인,03:00-04:00,3,1,0,0,1,1,0,0,0,0,0,0,0
호남선,천안,태인,04:00-05:00,3,1,0,0,0,0,1,1,0,0,0,0,0
호남선,천안,태인,05:00-06:00,3,2,0,0,1,0,0,0,0,0,0,0,0
호남선,천안,태인,06:00-07:00,2,0,0,1,0,1,0,0,0,0,0,0,0
호남선,순천,정우,07:00-08:00,7,0,0,6,0,0,0,0,0,0,0,0,1
호남선,순천,정우,08:00-09:00,1,0,0,1,0,0,0,0,0,0,0,0,0
호남선,순천,정우,09:00-10:00,1,0,0,0,1,0,0,0,0,0,0,0,0
호남선,순천,정우,10:00-11:00,0,0,0,0,0,0,0,0,0,0,0,0,0
호남선,순천,정우,11:00-12:00,3,2,0,1,0,0,0,0,0,0,0,0,0
호남선,순천,정우,12:00-13:00,2,1,0,1,0,0,0,0,0,0,0,0,0
호남선,순천,정우,13:00-14:00,2,2,0,0,0,0,0,0,0,0,0,0,0
호남선,순천,정우,14:00-15:00,1,1,0,0,0,0,0,0,0,0,0,0,0
호남선,순천,정우,15:00-16:00,8,6,0,1,0,1,0,0,0,0,0,0,0
호남선,순천,정우,16:00-17:00,3,3,0,0,0,0,0,0,0,0,0,0,0
호남선,순천,정우,17:00-18:00,1,0,0,1,0,0,0,0,0,0,0,0,0
호남선,순천,정우,18:00-19:00,0,0,0,0,0,0,0,0,0,0,0,0,0
호남선,순천,정우,19:00-20:00,1,0,0,1,0,0,0,0,0,0,0,0,0
호남선,순천,정우,20:00-21:00,1,1,0,0,0,0,0,0,0,0,0,0,0
호남선,순천,정우,21:00-22:00,0,0,0,0,0,0,0,0,0,0,0,0,0
호남선,순천,정우,22:00-23:00,0,0,0,0,0,0,0,0,0,0,0,0,0
호남선,순천,정우,23:00-24:00,2,0,0,2,0,0,0,0,0,0,0,0,0
호남선,순천,정우,00:00-01:00,0,0,0,0,0,0,0,0,0,0,0,0,0
호남선,순천,정우,01:00-02:00,0,0,0,0,0,0,0,0,0,0,0,0,0
호남선,순천,정우,02:00-03:00,0,0,0,0,0,0,0,0,0,0,0,0,0
호남선,순천,정우,03:00-04:00,0,0,0,0,0,0,0,0,0,0,0,0,0
호남선,순천,정우,04:00-05:00,1,0,0,0,1,0,0,0,0,0,0,0,0
호남선,순천,정우,05:00-06:00,1,0,0,1,0,0,0,0,0,0,0,0,0
호남선,순천,정우,06:00-07:00,2,0,0,2,0,0,0,0,0,0,0,0,0
호남선,천안,정우,07:00-08:00,11,7,0,2,0,1,1,0,0,0,0,0,0
호남선,천안,정우,08:00-09:00,9,6,0,1,2,0,0,0,0,0,0,0,0
호남선,천안,정우,09:00-10:00,2,1,0,1,0,0,0,0,0,0,0,0,0
호남선,천안,정우,10:00-11:00,3,2,0,0,1,0,0,0,0,0,0,0,0
호남선,천안,정우,11:00-12:00,1,1,0,0,0,0,0,0,0,0,0,0,0
호남선,천안,정우,12:00-13:00,1,1,0,0,0,0,0,0,0,0,0,0,0
호남선,천안,정우,13:00-14:00,3,3,0,0,0,0,0,0,0,0,0,0,0
호남선,천안,정우,14:00-15:00,2,1,0,1,0,0,0,0,0,0,0,0,0
호남선,천안,정우,15:00-16:00,5,2,0,0,0,0,2,0,0,0,0,0,1
호남선,천안,정우,16:00-17:00,3,1,0,0,2,0,0,0,0,0,0,0,0
호남선,천안,정우,17:00-18:00,1,0,0,1,0,0,0,0,0,0,0,0,0
호남선,천안,정우,18:00-19:00,1,0,0,0,0,0,1,0,0,0,0,0,0
호남선,천안,정우,19:00-20:00,3,0,0,1,0,0,2,0,0,0,0,0,0
호남선,천안,정우,20:00-21:00,2,1,0,1,0,0,0,0,0,0,0,0,0
호남선,천안,정우,21:00-22:00,4,2,0,0,1,1,0,0,0,0,0,0,0
호남선,천안,정우,22:00-23:00,2,1,0,0,0,1,0,0,0,0,0,0,0
호남선,천안,정우,23:00-24:00,2,2,0,0,0,0,0,0,0,0,0,0,0
호남선,천안,정우,00:00-01:00,3,3,0,0,0,0,0,0,0,0,0,0,0
호남선,천안,정우,01:00-02:00,0,0,0,0,0,0,0,0,0,0,0,0,0
호남선,천안,정우,02:00-03:00,1,0,0,0,0,0,0,1,0,0,0,0,0
호남선,천안,정우,03:00-04:00,0,0,0,0,0,0,0,0,0,0,0,0,0
호남선,천안,정우,04:00-05:00,0,0,0,0,0,0,0,0,0,0,0,0,0
호남선,천안,정우,05:00-06:00,1,0,0,1,0,0,0,0,0,0,0,0,0
호남선,천안,정우,06:00-07:00,2,1,0,0,0,1,0,0,0,0,0,0,0
호남선,천안,장성,07:00-08:00,7,5,0,1,1,0,0,0,0,0,0,0,0
호남선,천안,장성,08:00-09:00,15,8,0,1,3,3,0,0,0,0,0,0,0
호남선,천안,장성,09:00-10:00,22,18,0,1,1,2,0,0,0,0,0,0,0
호남선,천안,장성,10:00-11:00,29,16,0,7,3,2,0,1,0,0,0,0,0
호남선,천안,장성,11:00-12:00,28,18,0,6,3,1,0,0,0,0,0,0,0
호남선,천안,장성,12:00-13:00,31,24,0,3,1,2,1,0,0,0,0,0,0
호남선,천안,장성,13:00-14:00,19,13,0,2,1,1,1,0,0,0,1,0,0
호남선,천안,장성,14:00-15:00,35,27,0,6,1,1,0,0,0,0,0,0,0
호남선,천안,장성,15:00-16:00,27,19,0,5,1,1,1,0,0,0,0,0,0
호남선,천안,장성,16:00-17:00,21,17,0,1,2,1,0,0,0,0,0,0,0
호남선,천안,장성,17:00-18:00,11,9,0,0,0,2,0,0,0,0,0,0,0
호남선,천안,장성,18:00-19:00,12,10,0,2,0,0,0,0,0,0,0,0,0
호남선,천안,장성,19:00-20:00,9,8,0,0,0,1,0,0,0,0,0,0,0
호남선,천안,장성,20:00-21:00,11,8,0,1,0,2,0,0,0,0,0,0,0
호남선,천안,장성,21:00-22:00,14,8,0,0,1,4,0,0,0,0,0,0,1
호남선,천안,장성,22:00-23:00,8,4,0,1,1,2,0,0,0,0,0,0,0
호남선,천안,장성,23:00-24:00,6,3,0,2,0,1,0,0,0,0,0,0,0
호남선,천안,장성,00:00-01:00,7,6,0,0,0,1,0,0,0,0,0,0,0
호남선,천안,장성,01:00-02:00,3,2,0,1,0,0,0,0,0,0,0,0,0
호남선,천안,장성,02:00-03:00,3,3,0,0,0,0,0,0,0,0,0,0,0
호남선,천안,장성,03:00-04:00,0,0,0,0,0,0,0,0,0,0,0,0,0
호남선,천안,장성,04:00-05:00,7,5,0,0,1,0,0,0,0,1,0,0,0
호남선,천안,장성,05:00-06:00,2,1,0,1,0,0,0,0,0,0,0,0,0
호남선,천안,장성,06:00-07:00,6,3,0,2,1,0,0,0,0,0,0,0,0
호남선,천안,삼기,07:00-08:00,14,7,0,2,2,1,0,0,0,0,2,0,0
호남선,천안,삼기,08:00-09:00,14,10,0,2,1,0,1,0,0,0,0,0,0
호남선,천안,삼기,09:00-10:00,14,13,0,1,0,0,0,0,0,0,0,0,0
호남선,천안,삼기,10:00-11:00,18,13,0,5,0,0,0,0,0,0,0,0,0
호남선,천안,삼기,11:00-12:00,24,19,0,2,2,1,0,0,0,0,0,0,0
호남선,천안,삼기,12:00-13:00,22,11,0,6,1,2,0,2,0,0,0,0,0
호남선,천안,삼기,13:00-14:00,24,16,0,1,4,2,0,1,0,0,0,0,0
호남선,천안,삼기,14:00-15:00,22,20,0,0,1,1,0,0,0,0,0,0,0
호남선,천안,삼기,15:00-16:00,24,19,0,4,1,0,0,0,0,0,0,0,0
호남선,천안,삼기,16:00-17:00,30,25,0,5,0,0,0,0,0,0,0,0,0
호남선,천안,삼기,17:00-18:00,33,22,0,10,1,0,0,0,0,0,0,0,0
호남선,천안,삼기,18:00-19:00,22,16,0,6,0,0,0,0,0,0,0,0,0
호남선,천안,삼기,19:00-20:00,20,17,1,1,0,0,1,0,0,0,0,0,0
호남선,천안,삼기,20:00-21:00,8,5,0,3,0,0,0,0,0,0,0,0,0
호남선,천안,삼기,21:00-22:00,4,4,0,0,0,0,0,0,0,0,0,0,0
호남선,천안,삼기,22:00-23:00,7,5,0,0,0,1,0,0,0,0,1,0,0
호남선,천안,삼기,23:00-24:00,2,1,0,1,0,0,0,0,0,0,0,0,0
호남선,천안,삼기,00:00-01:00,1,1,0,0,0,0,0,0,0,0,0,0,0
호남선,천안,삼기,01:00-02:00,4,2,0,1,0,1,0,0,0,0,0,0,0
호남선,천안,삼기,02:00-03:00,1,0,0,1,0,0,0,0,0,0,0,0,0
호남선,천안,삼기,03:00-04:00,1,0,0,0,1,0,0,0,0,0,0,0,0
호남선,천안,삼기,04:00-05:00,2,0,0,1,0,0,0,0,0,0,1,0,0
호남선,천안,삼기,05:00-06:00,8,3,0,1,2,1,0,1,0,0,0,0,0
호남선,천안,삼기,06:00-07:00,11,10,0,1,0,0,0,0,0,0,0,0,0
호남선,순천,삼기,07:00-08:00,9,4,0,3,2,0,0,0,0,0,0,0,0
호남선,순천,삼기,08:00-09:00,12,6,0,3,3,0,0,0,0,0,0,0,0
호남선,순천,삼기,09:00-10:00,17,9,0,5,2,0,1,0,0,0,0,0,0
호남선,순천,삼기,10:00-11:00,17,13,0,4,0,0,0,0,0,0,0,0,0
호남선,순천,삼기,11:00-12:00,15,7,0,4,1,1,0,1,0,0,1,0,0
호남선,순천,삼기,12:00-13:00,8,6,0,0,0,0,0,0,0,0,2,0,0
호남선,순천,삼기,13:00-14:00,19,12,0,6,1,0,0,0,0,0,0,0,0
호남선,순천,삼기,14:00-15:00,25,21,0,2,1,1,0,0,0,0,0,0,0
호남선,순천,삼기,15:00-16:00,15,9,1,4,0,1,0,0,0,0,0,0,0
호남선,순천,삼기,16:00-17:00,10,7,0,3,0,0,0,0,0,0,0,0,0
호남선,순천,삼기,17:00-18:00,19,15,0,2,0,1,0,1,0,0,0,0,0
호남선,순천,삼기,18:00-19:00,15,13,0,1,1,0,0,0,0,0,0,0,0
호남선,순천,삼기,19:00-20:00,9,8,0,1,0,0,0,0,0,0,0,0,0
호남선,순천,삼기,20:00-21:00,6,6,0,0,0,0,0,0,0,0,0,0,0
호남선,순천,삼기,21:00-22:00,10,10,0,0,0,0,0,0,0,0,0,0,0
호남선,순천,삼기,22:00-23:00,3,2,0,1,0,0,0,0,0,0,0,0,0
호남선,순천,삼기,23:00-24:00,2,2,0,0,0,0,0,0,0,0,0,0,0
호남선,순천,삼기,00:00-01:00,1,1,0,0,0,0,0,0,0,0,0,0,0
호남선,순천,삼기,01:00-02:00,1,1,0,0,0,0,0,0,0,0,0,0,0
호남선,순천,삼기,02:00-03:00,1,1,0,0,0,0,0,0,0,0,0,0,0
호남선,순천,삼기,03:00-04:00,1,1,0,0,0,0,0,0,0,0,0,0,0
호남선,순천,삼기,04:00-05:00,5,4,0,0,0,0,0,1,0,0,0,0,0
호남선,순천,삼기,05:00-06:00,3,2,0,1,0,0,0,0,0,0,0,0,0
호남선,순천,삼기,06:00-07:00,4,2,0,1,0,1,0,0,0,0,0,0,0
호남선,천안,주암,07:00-08:00,9,7,0,2,0,0,0,0,0,0,0,0,0
호남선,천안,주암,08:00-09:00,15,12,0,2,1,0,0,0,0,0,0,0,0
호남선,천안,주암,09:00-10:00,11,7,0,3,1,0,0,0,0,0,0,0,0
호남선,천안,주암,10:00-11:00,17,14,0,2,1,0,0,0,0,0,0,0,0
호남선,천안,주암,11:00-12:00,17,11,0,3,3,0,0,0,0,0,0,0,0
호남선,천안,주암,12:00-13:00,33,24,0,7,0,2,0,0,0,0,0,0,0
호남선,천안,주암,13:00-14:00,24,18,0,6,0,0,0,0,0,0,0,0,0
호남선,천안,주암,14:00-15:00,23,18,0,3,1,1,0,0,0,0,0,0,0
호남선,천안,주암,15:00-16:00,23,18,0,4,0,0,0,0,0,0,1,0,0
호남선,천안,주암,16:00-17:00,19,16,0,1,1,1,0,0,0,0,0,0,0
호남선,천안,주암,17:00-18:00,26,20,0,5,1,0,0,0,0,0,0,0,0
호남선,천안,주암,18:00-19:00,9,6,0,3,0,0,0,0,0,0,0,0,0
호남선,천안,주암,19:00-20:00,10,9,0,0,0,0,0,1,0,0,0,0,0
호남선,천안,주암,20:00-21:00,16,15,0,1,0,0,0,0,0,0,0,0,0
호남선,천안,주암,21:00-22:00,9,7,0,1,1,0,0,0,0,0,0,0,0
호남선,천안,주암,22:00-23:00,5,5,0,0,0,0,0,0,0,0,0,0,0
호남선,천안,주암,23:00-24:00,8,7,0,0,0,0,0,0,0,0,1,0,0
호남선,천안,주암,00:00-01:00,1,1,0,0,0,0,0,0,0,0,0,0,0
호남선,천안,주암,01:00-02:00,1,1,0,0,0,0,0,0,0,0,0,0,0
호남선,천안,주암,02:00-03:00,4,3,0,0,0,1,0,0,0,0,0,0,0
호남선,천안,주암,03:00-04:00,4,2,0,2,0,0,0,0,0,0,0,0,0
호남선,천안,주암,04:00-05:00,5,2,0,1,1,0,0,1,0,0,0,0,0
호남선,천안,주암,05:00-06:00,4,2,0,1,0,0,0,0,0,0,0,0,1
호남선,천안,주암,06:00-07:00,6,4,0,1,0,1,0,0,0,0,0,0,0
호남선,순천,주암,07:00-08:00,6,5,0,1,0,0,0,0,0,0,0,0,0
호남선,순천,주암,08:00-09:00,9,6,0,3,0,0,0,0,0,0,0,0,0
호남선,순천,주암,09:00-10:00,7,5,0,1,0,0,0,1,0,0,0,0,0
호남선,순천,주암,10:00-11:00,21,13,0,4,2,2,0,0,0,0,0,0,0
호남선,순천,주암,11:00-12:00,11,9,0,2,0,0,0,0,0,0,0,0,0
호남선,순천,주암,12:00-13:00,12,9,0,1,0,1,0,0,0,0,0,0,1
호남선,순천,주암,13:00-14:00,11,10,0,1,0,0,0,0,0,0,0,0,0
호남선,순천,주암,14:00-15:00,12,11,0,0,1,0,0,0,0,0,0,0,0
호남선,순천,주암,15:00-16:00,10,10,0,0,0,0,0,0,0,0,0,0,0
호남선,순천,주암,16:00-17:00,19,18,0,0,1,0,0,0,0,0,0,0,0
호남선,순천,주암,17:00-18:00,6,6,0,0,0,0,0,0,0,0,0,0,0
호남선,순천,주암,18:00-19:00,6,6,0,0,0,0,0,0,0,0,0,0,0
호남선,순천,주암,19:00-20:00,5,4,0,0,1,0,0,0,0,0,0,0,0
호남선,순천,주암,20:00-21:00,2,2,0,0,0,0,0,0,0,0,0,0,0
호남선,순천,주암,21:00-22:00,5,3,0,1,0,0,0,1,0,0,0,0,0
호남선,순천,주암,22:00-23:00,1,1,0,0,0,0,0,0,0,0,0,0,0
호남선,순천,주암,23:00-24:00,1,1,0,0,0,0,0,0,0,0,0,0,0
호남선,순천,주암,00:00-01:00,1,0,0,0,0,0,0,1,0,0,0,0,0
호남선,순천,주암,01:00-02:00,1,1,0,0,0,0,0,0,0,0,0,0,0
호남선,순천,주암,02:00-03:00,0,0,0,0,0,0,0,0,0,0,0,0,0
호남선,순천,주암,03:00-04:00,2,2,0,0,0,0,0,0,0,0,0,0,0
호남선,순천,주암,04:00-05:00,0,0,0,0,0,0,0,0,0,0,0,0,0
호남선,순천,주암,05:00-06:00,1,0,0,1,0,0,0,0,0,0,0,0,0
호남선,순천,주암,06:00-07:00,2,0,0,2,0,0,0,0,0,0,0,0,0
호남선의지선,회덕,유성,07:00-08:00,19,16,0,3,0,0,0,0,0,0,0,0,0
호남선의지선,회덕,유성,08:00-09:00,23,12,0,7,3,0,0,0,0,0,0,1,0
호남선의지선,회덕,유성,09:00-10:00,36,24,0,6,4,1,1,0,0,0,0,0,0
호남선의지선,회덕,유성,10:00-11:00,40,31,0,4,4,1,0,0,0,0,0,0,0
호남선의지선,회덕,유성,11:00-12:00,42,33,0,2,5,0,1,1,0,0,0,0,0
호남선의지선,회덕,유성,12:00-13:00,42,32,0,3,3,3,1,0,0,0,0,0,0
호남선의지선,회덕,유성,13:00-14:00,44,35,0,7,1,0,1,0,0,0,0,0,0
호남선의지선,회덕,유성,14:00-15:00,49,41,1,4,1,1,0,0,0,0,0,1,0
호남선의지선,회덕,유성,15:00-16:00,53,44,0,7,2,0,0,0,0,0,0,0,0
호남선의지선,회덕,유성,16:00-17:00,50,42,0,4,3,1,0,0,0,0,0,0,0
호남선의지선,회덕,유성,17:00-18:00,40,34,0,3,2,1,0,0,0,0,0,0,0
호남선의지선,회덕,유성,18:00-19:00,30,26,0,3,0,0,1,0,0,0,0,0,0
호남선의지선,회덕,유성,19:00-20:00,15,13,0,1,0,1,0,0,0,0,0,0,0
호남선의지선,회덕,유성,20:00-21:00,28,22,0,3,0,3,0,0,0,0,0,0,0
호남선의지선,회덕,유성,21:00-22:00,13,11,0,1,0,1,0,0,0,0,0,0,0
호남선의지선,회덕,유성,22:00-23:00,8,6,0,1,0,0,1,0,0,0,0,0,0
호남선의지선,회덕,유성,23:00-24:00,8,5,0,1,0,1,1,0,0,0,0,0,0
호남선의지선,회덕,유성,00:00-01:00,5,4,0,0,0,1,0,0,0,0,0,0,0
호남선의지선,회덕,유성,01:00-02:00,5,2,0,0,1,1,0,0,0,0,1,0,0
호남선의지선,회덕,유성,02:00-03:00,5,3,0,0,0,2,0,0,0,0,0,0,0
호남선의지선,회덕,유성,03:00-04:00,4,3,0,0,1,0,0,0,0,0,0,0,0
호남선의지선,회덕,유성,04:00-05:00,6,3,0,0,1,1,0,0,0,0,1,0,0
호남선의지선,회덕,유성,05:00-06:00,7,3,0,2,0,0,2,0,0,0,0,0,0
호남선의지선,회덕,유성,06:00-07:00,10,6,0,1,0,2,1,0,0,0,0,0,0
호남선의지선,회덕,북대전,07:00-08:00,24,21,0,0,2,1,0,0,0,0,0,0,0
호남선의지선,회덕,북대전,08:00-09:00,16,13,0,1,1,1,0,0,0,0,0,0,0
호남선의지선,회덕,북대전,09:00-10:00,22,10,0,4,3,3,1,0,0,0,1,0,0
호남선의지선,회덕,북대전,10:00-11:00,37,26,0,8,2,0,1,0,0,0,0,0,0
호남선의지선,회덕,북대전,11:00-12:00,25,21,0,3,0,1,0,0,0,0,0,0,0
호남선의지선,회덕,북대전,12:00-13:00,24,18,0,1,4,0,0,0,0,0,0,0,1
호남선의지선,회덕,북대전,13:00-14:00,26,20,0,4,0,0,1,0,0,0,0,0,1
호남선의지선,회덕,북대전,14:00-15:00,34,25,0,5,1,2,1,0,0,0,0,0,0
호남선의지선,회덕,북대전,15:00-16:00,35,27,0,4,2,2,0,0,0,0,0,0,0
호남선의지선,회덕,북대전,16:00-17:00,49,39,0,8,1,1,0,0,0,0,0,0,0
호남선의지선,회덕,북대전,17:00-18:00,35,30,0,4,0,0,1,0,0,0,0,0,0
호남선의지선,회덕,북대전,18:00-19:00,22,21,0,1,0,0,0,0,0,0,0,0,0
호남선의지선,회덕,북대전,19:00-20:00,25,17,0,5,1,1,0,0,0,0,1,0,0
호남선의지선,회덕,북대전,20:00-21:00,8,6,0,2,0,0,0,0,0,0,0,0,0
호남선의지선,회덕,북대전,21:00-22:00,9,9,0,0,0,0,0,0,0,0,0,0,0
호남선의지선,회덕,북대전,22:00-23:00,7,5,0,1,0,1,0,0,0,0,0,0,0
호남선의지선,회덕,북대전,23:00-24:00,10,8,0,0,1,0,0,0,0,0,1,0,0
호남선의지선,회덕,북대전,00:00-01:00,6,3,0,0,1,0,0,0,0,0,2,0,0
호남선의지선,회덕,북대전,01:00-02:00,3,1,0,0,0,1,0,1,0,0,0,0,0
호남선의지선,회덕,북대전,02:00-03:00,3,2,0,0,0,1,0,0,0,0,0,0,0
호남선의지선,회덕,북대전,03:00-04:00,5,0,0,1,0,3,1,0,0,0,0,0,0
호남선의지선,회덕,북대전,04:00-05:00,3,1,0,0,0,1,1,0,0,0,0,0,0
호남선의지선,회덕,북대전,05:00-06:00,5,2,0,1,0,2,0,0,0,0,0,0,0
호남선의지선,회덕,북대전,06:00-07:00,7,3,0,2,0,1,1,0,0,0,0,0,0
경부선,부산,양산,07:00-08:00,13,7,2,3,0,0,1,0,0,0,0,0,0
경부선,부산,양산,08:00-09:00,22,7,0,3,3,4,2,1,0,0,2,0,0
경부선,부산,양산,09:00-10:00,42,16,0,14,5,4,2,0,0,0,1,0,0
경부선,부산,양산,10:00-11:00,36,19,0,11,5,1,0,0,0,0,0,0,0
경부선,부산,양산,11:00-12:00,28,15,0,5,5,1,0,1,0,0,1,0,0
경부선,부산,양산,12:00-13:00,44,28,0,11,2,2,1,0,0,0,0,0,0
경부선,부산,양산,13:00-14:00,53,33,0,16,3,1,0,0,0,0,0,0,0
경부선,부산,양산,14:00-15:00,48,38,0,8,1,1,0,0,0,0,0,0,0
경부선,부산,양산,15:00-16:00,64,42,0,13,3,3,2,1,0,0,0,0,0
경부선,부산,양산,16:00-17:00,61,47,0,8,2,4,0,0,0,0,0,0,0
경부선,부산,양산,17:00-18:00,40,36,1,2,0,1,0,0,0,0,0,0,0
경부선,부산,양산,18:00-19:00,44,37,0,5,0,0,0,2,0,0,0,0,0
경부선,부산,양산,19:00-20:00,21,15,1,4,0,0,0,0,0,0,1,0,0
경부선,부산,양산,20:00-21:00,19,15,1,0,0,2,1,0,0,0,0,0,0
경부선,부산,양산,21:00-22:00,13,10,0,0,1,2,0,0,0,0,0,0,0
경부선,부산,양산,22:00-23:00,9,9,0,0,0,0,0,0,0,0,0,0,0
경부선,부산,양산,23:00-24:00,13,11,0,0,0,1,0,1,0,0,0,0,0
경부선,부산,양산,00:00-01:00,6,6,0,0,0,0,0,0,0,0,0,0,0
경부선,부산,양산,01:00-02:00,3,2,0,1,0,0,0,0,0,0,0,0,0
경부선,부산,양산,02:00-03:00,7,3,0,1,2,0,1,0,0,0,0,0,0
경부선,부산,양산,03:00-04:00,4,2,0,0,1,1,0,0,0,0,0,0,0
경부선,부산,양산,04:00-05:00,4,0,0,1,0,2,1,0,0,0,0,0,0
경부선,부산,양산,05:00-06:00,9,2,0,3,2,1,1,0,0,0,0,0,0
경부선,부산,양산,06:00-07:00,11,5,1,2,1,1,0,1,0,0,0,0,0
경부선,서울,삼남,07:00-08:00,11,5,0,2,0,2,2,0,0,0,0,0,0
경부선,서울,삼남,08:00-09:00,29,14,0,7,4,2,0,2,0,0,0,0,0
경부선,서울,삼남,09:00-10:00,54,28,0,12,8,2,0,2,0,0,1,0,1
경부선,서울,삼남,10:00-11:00,70,53,0,10,2,1,1,1,0,0,2,0,0
경부선,서울,삼남,11:00-12:00,62,45,0,7,4,2,2,1,0,0,1,0,0
경부선,서울,삼남,12:00-13:00,44,23,0,11,6,2,1,0,0,0,1,0,0
경부선,서울,삼남,13:00-14:00,58,39,0,9,3,2,3,2,0,0,0,0,0
경부선,서울,삼남,14:00-15:00,58,41,0,10,2,4,0,1,0,0,0,0,0
경부선,서울,삼남,15:00-16:00,53,35,1,12,3,1,1,0,0,0,0,0,0
경부선,서울,삼남,16:00-17:00,40,31,0,5,1,0,1,2,0,0,0,0,0
경부선,서울,삼남,17:00-18:00,46,36,0,5,2,1,0,2,0,0,0,0,0
경부선,서울,삼남,18:00-19:00,21,18,0,2,0,0,0,1,0,0,0,0,0
경부선,서울,삼남,19:00-20:00,27,23,0,1,2,1,0,0,0,0,0,0,0
경부선,서울,삼남,20:00-21:00,17,14,1,1,0,0,0,1,0,0,0,0,0
경부선,서울,삼남,21:00-22:00,13,12,0,0,0,1,0,0,0,0,0,0,0
경부선,서울,삼남,22:00-23:00,11,7,0,0,1,0,0,1,0,0,1,1,0
경부선,서울,삼남,23:00-24:00,2,2,0,0,0,0,0,0,0,0,0,0,0
경부선,서울,삼남,00:00-01:00,5,4,0,0,0,0,1,0,0,0,0,0,0
경부선,서울,삼남,01:00-02:00,5,2,0,1,1,0,0,0,0,0,0,0,1
경부선,서울,삼남,02:00-03:00,2,1,0,0,0,1,0,0,0,0,0,0,0
경부선,서울,삼남,03:00-04:00,5,2,0,3,0,0,0,0,0,0,0,0,0
경부선,서울,삼남,04:00-05:00,4,0,0,2,0,0,0,2,0,0,0,0,0
경부선,서울,삼남,05:00-06:00,10,2,0,1,1,1,2,1,0,0,2,0,0
경부선,서울,삼남,06:00-07:00,19,10,1,5,1,0,0,0,0,0,2,0,0
경부선,부산,검단,07:00-08:00,42,22,0,12,5,3,0,0,0,0,0,0,0
경부선,부산,검단,08:00-09:00,33,16,0,9,3,3,1,1,0,0,0,0,0
경부선,부산,검단,09:00-10:00,37,21,0,12,3,0,0,0,0,0,1,0,0
경부선,부산,검단,10:00-11:00,46,24,0,16,2,3,0,1,0,0,0,0,0
경부선,부산,검단,11:00-12:00,43,29,0,10,2,0,1,0,0,0,1,0,0
경부선,부산,검단,12:00-13:00,54,29,0,16,3,5,1,0,0,0,0,0,0
경부선,부산,검단,13:00-14:00,51,26,0,15,3,3,1,1,0,0,2,0,0
경부선,부산,검단,14:00-15:00,73,42,0,19,7,2,2,1,0,0,0,0,0
경부선,부산,검단,15:00-16:00,85,52,0,24,6,2,0,0,0,0,1,0,0
경부선,부산,검단,16:00-17:00,75,55,0,15,4,0,0,0,0,0,1,0,0
경부선,부산,검단,17:00-18:00,66,52,0,7,6,0,1,0,0,0,0,0,0
경부선,부산,검단,18:00-19:00,32,22,0,7,2,1,0,0,0,0,0,0,0
경부선,부산,검단,19:00-20:00,34,27,0,1,3,1,1,0,0,0,1,0,0
경부선,부산,검단,20:00-21:00,20,14,0,3,0,3,0,0,0,0,0,0,0
경부선,부산,검단,21:00-22:00,21,17,0,3,0,1,0,0,0,0,0,0,0
경부선,부산,검단,22:00-23:00,10,7,0,1,2,0,0,0,0,0,0,0,0
경부선,부산,검단,23:00-24:00,15,13,0,2,0,0,0,0,0,0,0,0,0
경부선,부산,검단,00:00-01:00,12,8,0,1,1,2,0,0,0,0,0,0,0
경부선,부산,검단,01:00-02:00,7,3,0,0,0,2,0,1,0,0,1,0,0
경부선,부산,검단,02:00-03:00,9,2,0,2,2,3,0,0,0,0,0,0,0
경부선,부산,검단,03:00-04:00,8,2,0,1,0,3,1,0,0,0,1,0,0
경부선,부산,검단,04:00-05:00,13,2,0,5,3,3,0,0,0,0,0,0,0
경부선,부산,검단,05:00-06:00,9,2,0,2,2,3,0,0,0,0,0,0,0
경부선,부산,검단,06:00-07:00,20,7,0,4,1,4,1,1,0,0,2,0,0
경부선,서울,검단,07:00-08:00,34,21,0,5,5,2,1,0,0,0,0,0,0
경부선,서울,검단,08:00-09:00,51,23,0,18,6,2,1,1,0,0,0,0,0
경부선,서울,검단,09:00-10:00,52,25,0,21,4,2,0,0,0,0,0,0,0
경부선,서울,검단,10:00-11:00,68,37,0,22,1,6,2,0,0,0,0,0,0
경부선,서울,검단,11:00-12:00,65,36,0,22,2,4,1,0,0,0,0,0,0
경부선,서울,검단,12:00-13:00,66,40,0,20,3,1,2,0,0,0,0,0,0
경부선,서울,검단,13:00-14:00,83,53,0,21,2,6,0,0,0,0,1,0,0
경부선,서울,검단,14:00-15:00,73,46,0,24,1,2,0,0,0,0,0,0,0
경부선,서울,검단,15:00-16:00,96,67,0,16,7,4,1,0,0,0,1,0,0
경부선,서울,검단,16:00-17:00,65,31,0,29,4,1,0,0,0,0,0,0,0
경부선,서울,검단,17:00-18:00,59,43,0,13,1,1,1,0,0,0,0,0,0
경부선,서울,검단,18:00-19:00,50,38,0,7,1,1,0,1,0,0,2,0,0
경부선,서울,검단,19:00-20:00,39,30,0,1,2,0,3,2,0,0,1,0,0
경부선,서울,검단,20:00-21:00,26,20,0,4,0,2,0,0,0,0,0,0,0
경부선,서울,검단,21:00-22:00,11,7,0,3,0,0,0,0,0,0,1,0,0
경부선,서울,검단,22:00-23:00,9,6,0,1,0,0,1,0,0,0,1,0,0
경부선,서울,검단,23:00-24:00,13,8,0,0,0,0,2,0,0,0,1,0,2
경부선,서울,검단,00:00-01:00,13,4,0,3,3,1,0,1,0,0,1,0,0
경부선,서울,검단,01:00-02:00,4,3,0,0,0,1,0,0,0,0,0,0,0
경부선,서울,검단,02:00-03:00,3,2,0,0,0,1,0,0,0,0,0,0,0
경부선,서울,검단,03:00-04:00,6,1,0,3,1,0,0,0,0,0,1,0,0
경부선,서울,검단,04:00-05:00,8,3,0,3,0,1,0,0,0,0,1,0,0
경부선,서울,검단,05:00-06:00,8,0,0,1,0,4,2,1,0,0,0,0,0
경부선,서울,검단,06:00-07:00,15,6,1,4,0,1,2,1,0,0,0,0,0
경부선,서울,지천,07:00-08:00,28,15,1,6,3,1,2,0,0,0,0,0,0
경부선,서울,지천,08:00-09:00,43,30,0,6,4,3,0,0,0,0,0,0,0
경부선,서울,지천,09:00-10:00,48,28,0,15,2,3,0,0,0,0,0,0,0
경부선,서울,지천,10:00-11:00,40,24,0,9,4,2,1,0,0,0,0,0,0
경부선,서울,지천,11:00-12:00,54,35,0,8,1,8,0,2,0,0,0,0,0
경부선,서울,지천,12:00-13:00,36,25,0,8,1,1,0,1,0,0,0,0,0
경부선,서울,지천,13:00-14:00,58,35,0,15,5,3,0,0,0,0,0,0,0
경부선,서울,지천,14:00-15:00,63,43,0,14,3,2,1,0,0,0,0,0,0
경부선,서울,지천,15:00-16:00,49,31,0,14,1,3,0,0,0,0,0,0,0
경부선,서울,지천,16:00-17:00,44,28,0,12,4,0,0,0,0,0,0,0,0
경부선,서울,지천,17:00-18:00,32,25,0,3,2,1,0,1,0,0,0,0,0
경부선,서울,지천,18:00-19:00,35,30,1,1,3,0,0,0,0,0,0,0,0
경부선,서울,지천,19:00-20:00,25,19,0,1,2,1,1,0,0,0,1,0,0
경부선,서울,지천,20:00-21:00,13,10,0,3,0,0,0,0,0,0,0,0,0
경부선,서울,지천,21:00-22:00,13,10,0,1,0,1,0,0,0,0,0,0,1
경부선,서울,지천,22:00-23:00,16,8,0,3,1,3,0,0,0,0,1,0,0
경부선,서울,지천,23:00-24:00,11,4,0,1,0,4,0,0,0,0,2,0,0
경부선,서울,지천,00:00-01:00,16,13,0,0,0,2,0,0,0,0,0,0,1
경부선,서울,지천,01:00-02:00,4,2,0,0,1,1,0,0,0,0,0,0,0
경부선,서울,지천,02:00-03:00,6,2,0,0,2,2,0,0,0,0,0,0,0
경부선,서울,지천,03:00-04:00,2,2,0,0,0,0,0,0,0,0,0,0,0
경부선,서울,지천,04:00-05:00,10,2,0,0,3,3,1,0,0,0,1,0,0
경부선,서울,지천,05:00-06:00,11,4,0,2,2,2,0,0,0,0,1,0,0
경부선,서울,지천,06:00-07:00,20,11,1,6,1,1,0,0,0,0,0,0,0
경부선,부산,선기,07:00-08:00,11,5,0,2,1,2,1,0,0,0,0,0,0
경부선,부산,선기,08:00-09:00,15,7,0,3,0,3,0,1,0,0,1,0,0
경부선,부산,선기,09:00-10:00,13,7,0,4,0,2,0,0,0,0,0,0,0
경부선,부산,선기,10:00-11:00,28,16,0,11,1,0,0,0,0,0,0,0,0
경부선,부산,선기,11:00-12:00,19,6,0,3,7,3,0,0,0,0,0,0,0
경부선,부산,선기,12:00-13:00,21,12,0,3,6,0,0,0,0,0,0,0,0
경부선,부산,선기,13:00-14:00,28,17,0,3,2,5,0,1,0,0,0,0,0
경부선,부산,선기,14:00-15:00,27,15,0,7,3,2,0,0,0,0,0,0,0
경부선,부산,선기,15:00-16:00,34,26,0,3,3,0,1,1,0,0,0,0,0
경부선,부산,선기,16:00-17:00,28,15,0,8,4,1,0,0,0,0,0,0,0
경부선,부산,선기,17:00-18:00,29,19,0,4,2,2,1,1,0,0,0,0,0
경부선,부산,선기,18:00-19:00,12,8,0,2,0,1,1,0,0,0,0,0,0
경부선,부산,선기,19:00-20:00,12,7,0,2,2,0,0,0,0,0,0,0,1
경부선,부산,선기,20:00-21:00,19,11,0,3,3,1,0,0,0,0,1,0,0
경부선,부산,선기,21:00-22:00,8,5,0,0,2,0,0,1,0,0,0,0,0
경부선,부산,선기,22:00-23:00,14,10,0,1,2,1,0,0,0,0,0,0,0
경부선,부산,선기,23:00-24:00,4,2,0,1,0,0,0,0,0,0,1,0,0
경부선,부산,선기,00:00-01:00,8,3,0,0,1,2,1,1,0,0,0,0,0
경부선,부산,선기,01:00-02:00,5,4,0,0,0,1,0,0,0,0,0,0,0
경부선,부산,선기,02:00-03:00,5,1,0,0,1,2,0,1,0,0,0,0,0
경부선,부산,선기,03:00-04:00,4,0,0,0,2,2,0,0,0,0,0,0,0
경부선,부산,선기,04:00-05:00,10,3,0,2,1,3,1,0,0,0,0,0,0
경부선,부산,선기,05:00-06:00,8,3,0,0,2,1,0,1,0,0,1,0,0
경부선,부산,선기,06:00-07:00,12,1,0,3,3,4,0,0,0,0,1,0,0
경부선,서울,선기,07:00-08:00,21,13,0,5,0,3,0,0,0,0,0,0,0
경부선,서울,선기,08:00-09:00,17,11,0,5,1,0,0,0,0,0,0,0,0
경부선,서울,선기,09:00-10:00,29,15,0,8,4,1,0,0,0,0,1,0,0
경부선,서울,선기,10:00-11:00,21,10,0,4,4,1,2,0,0,0,0,0,0
경부선,서울,선기,11:00-12:00,41,25,1,9,2,3,1,0,0,0,0,0,0
경부선,서울,선기,12:00-13:00,31,21,0,7,1,1,1,0,0,0,0,0,0
경부선,서울,선기,13:00-14:00,28,22,0,3,2,0,0,1,0,0,0,0,0
경부선,서울,선기,14:00-15:00,34,27,1,4,1,0,0,1,0,0,0,0,0
경부선,서울,선기,15:00-16:00,36,34,0,2,0,0,0,0,0,0,0,0,0
경부선,서울,선기,16:00-17:00,27,21,0,4,2,0,0,0,0,0,0,0,0
경부선,서울,선기,17:00-18:00,23,13,0,2,3,3,2,0,0,0,0,0,0
경부선,서울,선기,18:00-19:00,26,22,0,1,1,2,0,0,0,0,0,0,0
경부선,서울,선기,19:00-20:00,19,14,0,2,0,2,0,1,0,0,0,0,0
경부선,서울,선기,20:00-21:00,8,5,0,2,0,0,0,0,0,0,1,0,0
경부선,서울,선기,21:00-22:00,6,4,0,1,1,0,0,0,0,0,0,0,0
경부선,서울,선기,22:00-23:00,17,7,0,3,2,3,0,1,0,0,1,0,0
경부선,서울,선기,23:00-24:00,6,3,0,0,1,0,0,0,0,0,1,0,1
경부선,서울,선기,00:00-01:00,9,5,0,0,0,0,1,0,0,0,1,0,2
경부선,서울,선기,01:00-02:00,7,1,0,1,0,2,0,1,0,0,2,0,0
경부선,서울,선기,02:00-03:00,8,5,0,0,1,1,1,0,0,0,0,0,0
경부선,서울,선기,03:00-04:00,6,1,0,1,1,1,1,0,0,0,0,0,1
경부선,서울,선기,04:00-05:00,3,0,0,1,0,0,1,1,0,0,0,0,0
경부선,서울,선기,05:00-06:00,9,1,0,1,2,1,3,1,0,0,0,0,0
경부선,서울,선기,06:00-07:00,12,5,0,2,0,3,0,1,0,0,1,0,0
경부선,부산,봉산,07:00-08:00,13,8,0,1,1,2,1,0,0,0,0,0,0
경부선,부산,봉산,08:00-09:00,6,4,0,1,1,0,0,0,0,0,0,0,0
경부선,부산,봉산,09:00-10:00,17,16,0,0,1,0,0,0,0,0,0,0,0
경부선,부산,봉산,10:00-11:00,15,10,0,2,1,0,0,1,0,0,1,0,0
경부선,부산,봉산,11:00-12:00,19,13,0,0,4,1,0,0,0,0,1,0,0
경부선,부산,봉산,12:00-13:00,18,12,0,1,3,1,0,0,0,0,0,0,1
경부선,부산,봉산,13:00-14:00,17,14,0,0,1,0,1,0,0,0,0,0,1
경부선,부산,봉산,14:00-15:00,19,17,0,2,0,0,0,0,0,0,0,0,0
경부선,부산,봉산,15:00-16:00,30,25,0,2,1,2,0,0,0,0,0,0,0
경부선,부산,봉산,16:00-17:00,19,16,0,3,0,0,0,0,0,0,0,0,0
경부선,부산,봉산,17:00-18:00,19,13,0,5,0,1,0,0,0,0,0,0,0
경부선,부산,봉산,18:00-19:00,12,8,0,1,2,1,0,0,0,0,0,0,0
경부선,부산,봉산,19:00-20:00,12,7,0,5,0,0,0,0,0,0,0,0,0
경부선,부산,봉산,20:00-21:00,6,4,0,0,0,2,0,0,0,0,0,0,0
경부선,부산,봉산,21:00-22:00,1,0,0,0,0,1,0,0,0,0,0,0,0
경부선,부산,봉산,22:00-23:00,8,3,0,3,1,0,1,0,0,0,0,0,0
경부선,부산,봉산,23:00-24:00,4,2,0,1,0,0,0,0,0,0,1,0,0
경부선,부산,봉산,00:00-01:00,1,0,0,0,0,1,0,0,0,0,0,0,0
경부선,부산,봉산,01:00-02:00,3,1,0,0,0,1,0,1,0,0,0,0,0
경부선,부산,봉산,02:00-03:00,0,0,0,0,0,0,0,0,0,0,0,0,0
경부선,부산,봉산,03:00-04:00,0,0,0,0,0,0,0,0,0,0,0,0,0
경부선,부산,봉산,04:00-05:00,3,1,0,0,1,0,0,0,0,0,1,0,0
경부선,부산,봉산,05:00-06:00,6,2,0,0,0,3,1,0,0,0,0,0,0
경부선,부산,봉산,06:00-07:00,3,1,0,0,0,2,0,0,0,0,0,0,0
경부선,서울,봉산,07:00-08:00,11,5,0,2,1,2,1,0,0,0,0,0,0
경부선,서울,봉산,08:00-09:00,15,7,0,3,0,3,0,1,0,0,1,0,0
경부선,서울,봉산,09:00-10:00,13,7,0,4,0,2,0,0,0,0,0,0,0
경부선,서울,봉산,10:00-11:00,28,16,0,11,1,0,0,0,0,0,0,0,0
경부선,서울,봉산,11:00-12:00,19,6,0,3,7,3,0,0,0,0,0,0,0
경부선,서울,봉산,12:00-13:00,21,12,0,3,6,0,0,0,0,0,0,0,0
경부선,서울,봉산,13:00-14:00,28,17,0,3,2,5,0,1,0,0,0,0,0
경부선,서울,봉산,14:00-15:00,27,15,0,7,3,2,0,0,0,0,0,0,0
경부선,서울,봉산,15:00-16:00,34,26,0,3,3,0,1,1,0,0,0,0,0
경부선,서울,봉산,16:00-17:00,28,15,0,8,4,1,0,0,0,0,0,0,0
경부선,서울,봉산,17:00-18:00,29,19,0,4,2,2,1,1,0,0,0,0,0
경부선,서울,봉산,18:00-19:00,12,8,0,2,0,1,1,0,0,0,0,0,0
경부선,서울,봉산,19:00-20:00,12,7,0,2,2,0,0,0,0,0,0,0,1
경부선,서울,봉산,20:00-21:00,19,11,0,3,3,1,0,0,0,0,1,0,0
경부선,서울,봉산,21:00-22:00,8,5,0,0,2,0,0,1,0,0,0,0,0
경부선,서울,봉산,22:00-23:00,14,10,0,1,2,1,0,0,0,0,0,0,0
경부선,서울,봉산,23:00-24:00,4,2,0,1,0,0,0,0,0,0,1,0,0
경부선,서울,봉산,00:00-01:00,8,3,0,0,1,2,1,1,0,0,0,0,0
경부선,서울,봉산,01:00-02:00,5,4,0,0,0,1,0,0,0,0,0,0,0
경부선,서울,봉산,02:00-03:00,5,1,0,0,1,2,0,1,0,0,0,0,0
경부선,서울,봉산,03:00-04:00,4,0,0,0,2,2,0,0,0,0,0,0,0
경부선,서울,봉산,04:00-05:00,10,3,0,2,1,3,1,0,0,0,0,0,0
경부선,서울,봉산,05:00-06:00,8,3,0,0,2,1,0,1,0,0,1,0,0
경부선,서울,봉산,06:00-07:00,12,1,0,3,3,4,0,0,0,0,1,0,0
경부선,서울,청성,07:00-08:00,8,4,0,4,0,0,0,0,0,0,0,0,0
경부선,서울,청성,08:00-09:00,8,4,0,2,2,0,0,0,0,0,0,0,0
경부선,서울,청성,09:00-10:00,14,9,0,3,1,1,0,0,0,0,0,0,0
경부선,서울,청성,10:00-11:00,15,9,1,3,1,1,0,0,0,0,0,0,0
경부선,서울,청성,11:00-12:00,20,13,0,4,1,1,1,0,0,0,0,0,0
경부선,서울,청성,12:00-13:00,17,11,0,3,1,0,0,2,0,0,0,0,0
경부선,서울,청성,13:00-14:00,22,15,0,3,0,3,0,1,0,0,0,0,0
경부선,서울,청성,14:00-15:00,22,15,0,4,1,2,0,0,0,0,0,0,0
경부선,서울,청성,15:00-16:00,23,20,0,1,0,1,0,1,0,0,0,0,0
경부선,서울,청성,16:00-17:00,21,18,0,3,0,0,0,0,0,0,0,0,0
경부선,서울,청성,17:00-18:00,18,15,0,1,1,1,0,0,0,0,0,0,0
경부선,서울,청성,18:00-19:00,17,15,0,1,1,0,0,0,0,0,0,0,0
경부선,서울,청성,19:00-20:00,10,8,0,1,0,1,0,0,0,0,0,0,0
경부선,서울,청성,20:00-21:00,11,9,0,0,0,0,1,0,0,0,1,0,0
경부선,서울,청성,21:00-22:00,7,3,0,1,1,2,0,0,0,0,0,0,0
경부선,서울,청성,22:00-23:00,9,6,0,2,0,0,0,1,0,0,0,0,0
경부선,서울,청성,23:00-24:00,7,6,0,1,0,0,0,0,0,0,0,0,0
경부선,서울,청성,00:00-01:00,2,1,0,0,1,0,0,0,0,0,0,0,0
경부선,서울,청성,01:00-02:00,3,2,0,0,1,0,0,0,0,0,0,0,0
경부선,서울,청성,02:00-03:00,0,0,0,0,0,0,0,0,0,0,0,0,0
경부선,서울,청성,03:00-04:00,0,0,0,0,0,0,0,0,0,0,0,0,0
경부선,서울,청성,04:00-05:00,0,0,0,0,0,0,0,0,0,0,0,0,0
경부선,서울,청성,05:00-06:00,1,0,0,1,0,0,0,0,0,0,0,0,0
경부선,서울,청성,06:00-07:00,7,1,0,2,1,1,0,0,0,0,1,0,1
경부선,부산,옥천,07:00-08:00,37,30,0,5,1,1,0,0,0,0,0,0,0
경부선,부산,옥천,08:00-09:00,28,20,0,4,2,1,1,0,0,0,0,0,0
경부선,부산,옥천,09:00-10:00,44,24,0,9,6,3,2,0,0,0,0,0,0
경부선,부산,옥천,10:00-11:00,36,24,0,5,3,2,1,1,0,0,0,0,0
경부선,부산,옥천,11:00-12:00,32,22,0,8,0,1,0,1,0,0,0,0,0
경부선,부산,옥천,12:00-13:00,33,18,0,8,1,1,0,1,0,0,0,0,4
경부선,부산,옥천,13:00-14:00,32,24,0,2,1,0,0,2,0,0,1,0,2
경부선,부산,옥천,14:00-15:00,43,32,0,9,1,0,0,1,0,0,0,0,0
경부선,부산,옥천,15:00-16:00,54,31,0,17,4,0,0,1,0,0,0,0,1
경부선,부산,옥천,16:00-17:00,36,26,0,6,2,2,0,0,0,0,0,0,0
경부선,부산,옥천,17:00-18:00,35,21,0,6,4,2,0,1,0,0,0,0,1
경부선,부산,옥천,18:00-19:00,28,18,1,5,1,2,0,0,0,0,0,0,1
경부선,부산,옥천,19:00-20:00,0,0,0,0,0,0,0,0,0,0,0,0,0
경부선,부산,옥천,20:00-21:00,0,0,0,0,0,0,0,0,0,0,0,0,0
경부선,부산,옥천,21:00-22:00,0,0,0,0,0,0,0,0,0,0,0,0,0
경부선,부산,옥천,22:00-23:00,0,0,0,0,0,0,0,0,0,0,0,0,0
경부선,부산,옥천,23:00-24:00,0,0,0,0,0,0,0,0,0,0,0,0,0
경부선,부산,옥천,00:00-01:00,0,0,0,0,0,0,0,0,0,0,0,0,0
경부선,부산,옥천,01:00-02:00,0,0,0,0,0,0,0,0,0,0,0,0,0
경부선,부산,옥천,02:00-03:00,0,0,0,0,0,0,0,0,0,0,0,0,0
경부선,부산,옥천,03:00-04:00,0,0,0,0,0,0,0,0,0,0,0,0,0
경부선,부산,옥천,04:00-05:00,0,0,0,0,0,0,0,0,0,0,0,0,0
경부선,부산,옥천,05:00-06:00,0,0,0,0,0,0,0,0,0,0,0,0,0
경부선,부산,옥천,06:00-07:00,0,0,0,0,0,0,0,0,0,0,0,0,0
경부선,부산,신탄진,07:00-08:00,38,23,2,3,5,2,1,1,0,0,1,0,0
경부선,부산,신탄진,08:00-09:00,41,26,0,6,1,1,1,2,0,0,3,0,1
경부선,부산,신탄진,09:00-10:00,55,34,1,7,8,2,1,2,0,0,0,0,0
경부선,부산,신탄진,10:00-11:00,63,31,0,20,4,2,0,5,0,0,1,0,0
경부선,부산,신탄진,11:00-12:00,63,41,0,11,6,3,0,1,0,0,1,0,0
경부선,부산,신탄진,12:00-13:00,72,41,2,8,6,3,2,5,0,0,3,0,2
경부선,부산,신탄진,13:00-14:00,55,44,0,4,2,3,0,2,0,0,0,0,0
경부선,부산,신탄진,14:00-15:00,63,37,0,18,6,1,1,0,0,0,0,0,0
경부선,부산,신탄진,15:00-16:00,70,51,0,11,1,1,1,2,0,0,3,0,0
경부선,부산,신탄진,16:00-17:00,57,48,0,6,1,1,0,1,0,0,0,0,0
경부선,부산,신탄진,17:00-18:00,58,42,0,8,4,2,0,2,0,0,0,0,0
경부선,부산,신탄진,18:00-19:00,48,41,0,3,2,2,0,0,0,0,0,0,0
경부선,부산,신탄진,19:00-20:00,29,19,0,3,3,2,0,1,0,0,1,0,0
경부선,부산,신탄진,20:00-21:00,24,16,0,2,0,2,2,0,0,0,1,0,1
경부선,부산,신탄진,21:00-22:00,17,11,0,3,1,1,0,1,0,0,0,0,0
경부선,부산,신탄진,22:00-23:00,11,8,0,2,1,0,0,0,0,0,0,0,0
경부선,부산,신탄진,23:00-24:00,10,4,0,2,0,1,1,0,0,0,2,0,0
경부선,부산,신탄진,00:00-01:00,10,3,0,1,2,2,0,1,0,0,1,0,0
경부선,부산,신탄진,01:00-02:00,6,1,0,2,0,0,1,0,0,0,2,0,0
경부선,부산,신탄진,02:00-03:00,9,2,0,3,1,2,0,0,0,0,1,0,0
경부선,부산,신탄진,03:00-04:00,8,2,0,0,0,2,0,0,0,0,4,0,0
경부선,부산,신탄진,04:00-05:00,12,2,0,3,1,1,0,3,0,0,1,0,1
경부선,부산,신탄진,05:00-06:00,10,4,0,2,0,3,0,0,0,0,1,0,0
경부선,부산,신탄진,06:00-07:00,20,10,0,0,4,4,0,0,0,0,2,0,0
경부선,서울,옥산,07:00-08:00,12,1,0,4,5,2,0,0,0,0,0,0,0
경부선,서울,옥산,08:00-09:00,14,3,0,3,3,2,1,0,0,0,1,1,0
경부선,서울,옥산,09:00-10:00,18,8,0,2,5,1,0,0,1,0,1,0,0
경부선,서울,옥산,10:00-11:00,6,4,0,0,2,0,0,0,0,0,0,0,0
경부선,서울,옥산,11:00-12:00,14,2,0,2,3,7,0,0,0,0,0,0,0
경부선,서울,옥산,12:00-13:00,14,2,0,3,2,3,2,0,0,0,2,0,0
경부선,서울,옥산,13:00-14:00,15,8,0,3,1,3,0,0,0,0,0,0,0
경부선,서울,옥산,14:00-15:00,12,6,0,2,2,2,0,0,0,0,0,0,0
경부선,서울,옥산,15:00-16:00,11,5,0,1,3,2,0,0,0,0,0,0,0
경부선,서울,옥산,16:00-17:00,10,5,0,0,2,2,0,0,0,0,0,0,1
경부선,서울,옥산,17:00-18:00,9,4,0,0,1,2,2,0,0,0,0,0,0
경부선,서울,옥산,18:00-19:00,7,2,0,0,3,2,0,0,0,0,0,0,0
경부선,서울,옥산,19:00-20:00,1,0,0,0,0,0,0,0,0,0,1,0,0
경부선,서울,옥산,20:00-21:00,8,3,0,0,1,0,3,0,0,0,0,1,0
경부선,서울,옥산,21:00-22:00,3,1,0,0,1,1,0,0,0,0,0,0,0
경부선,서울,옥산,22:00-23:00,5,0,0,1,0,3,1,0,0,0,0,0,0
경부선,서울,옥산,23:00-24:00,5,0,0,0,1,0,4,0,0,0,0,0,0
경부선,서울,옥산,00:00-01:00,0,0,0,0,0,0,0,0,0,0,0,0,0
경부선,서울,옥산,01:00-02:00,3,1,0,0,0,1,1,0,0,0,0,0,0
경부선,서울,옥산,02:00-03:00,1,0,0,0,0,0,1,0,0,0,0,0,0
경부선,서울,옥산,03:00-04:00,3,0,0,0,0,2,0,0,0,0,1,0,0
경부선,서울,옥산,04:00-05:00,8,0,0,0,4,3,0,0,0,0,0,0,1
경부선,서울,옥산,05:00-06:00,2,0,0,0,0,1,0,0,0,0,1,0,0
경부선,서울,옥산,06:00-07:00,10,3,0,1,1,4,0,0,0,0,1,0,0
경부선,부산,연곡,07:00-08:00,58,44,0,11,2,0,1,0,0,0,0,0,0
경부선,부산,연곡,08:00-09:00,68,53,2,8,2,2,0,1,0,0,0,0,0
경부선,부산,연곡,09:00-10:00,78,63,0,8,7,0,0,0,0,0,0,0,0
경부선,부산,연곡,10:00-11:00,81,50,0,15,6,5,2,3,0,0,0,0,0
경부선,부산,연곡,11:00-12:00,72,50,0,10,3,6,0,3,0,0,0,0,0
경부선,부산,연곡,12:00-13:00,91,56,0,15,9,8,2,1,0,0,0,0,0
경부선,부산,연곡,13:00-14:00,94,70,0,11,7,2,0,4,0,0,0,0,0
경부선,부산,연곡,14:00-15:00,71,51,0,12,3,1,2,1,0,0,1,0,0
경부선,부산,연곡,15:00-16:00,58,37,0,10,5,3,1,2,0,0,0,0,0
경부선,부산,연곡,16:00-17:00,67,47,0,6,7,5,1,1,0,0,0,0,0
경부선,부산,연곡,17:00-18:00,57,39,0,10,2,1,1,2,0,0,2,0,0
경부선,부산,연곡,18:00-19:00,44,31,0,9,0,4,0,0,0,0,0,0,0
경부선,부산,연곡,19:00-20:00,35,31,0,1,0,3,0,0,0,0,0,0,0
경부선,부산,연곡,20:00-21:00,24,21,0,1,0,2,0,0,0,0,0,0,0
경부선,부산,연곡,21:00-22:00,13,10,0,0,1,1,0,0,0,0,1,0,0
경부선,부산,연곡,22:00-23:00,18,10,1,1,1,4,1,0,0,0,0,0,0
경부선,부산,연곡,23:00-24:00,15,11,0,1,1,1,0,0,0,0,0,1,0
경부선,부산,연곡,00:00-01:00,12,4,0,3,1,4,0,0,0,0,0,0,0
경부선,부산,연곡,01:00-02:00,5,1,0,0,0,2,0,1,0,0,1,0,0
경부선,부산,연곡,02:00-03:00,12,3,0,1,2,4,1,1,0,0,0,0,0
경부선,부산,연곡,03:00-04:00,6,0,0,1,2,1,1,0,0,0,1,0,0
경부선,부산,연곡,04:00-05:00,9,5,0,0,3,1,0,0,0,0,0,0,0
경부선,부산,연곡,05:00-06:00,15,5,0,1,3,3,1,0,0,0,2,0,0
경부선,부산,연곡,06:00-07:00,37,16,0,9,5,4,0,1,0,0,0,0,2
경부선,부산,오산,07:00-08:00,57,47,0,7,2,1,0,0,0,0,0,0,0
경부선,부산,오산,08:00-09:00,61,51,0,6,3,1,0,0,0,0,0,0,0
경부선,부산,오산,09:00-10:00,15,14,0,1,0,0,0,0,0,0,0,0,0
경부선,부산,오산,10:00-11:00,15,11,0,3,1,0,0,0,0,0,0,0,0
경부선,부산,오산,11:00-12:00,100,77,0,17,5,1,0,0,0,0,0,0,0
경부선,부산,오산,12:00-13:00,95,81,0,12,1,1,0,0,0,0,0,0,0
경부선,부산,오산,13:00-14:00,51,39,0,11,1,0,0,0,0,0,0,0,0
경부선,부산,오산,14:00-15:00,60,47,0,12,1,0,0,0,0,0,0,0,0
경부선,부산,오산,15:00-16:00,62,51,0,9,2,0,0,0,0,0,0,0,0
경부선,부산,오산,16:00-17:00,72,59,0,11,1,0,0,1,0,0,0,0,0
경부선,부산,오산,17:00-18:00,53,43,0,8,1,0,0,0,0,0,1,0,0
경부선,부산,오산,18:00-19:00,51,41,0,8,2,0,0,0,0,0,0,0,0
경부선,부산,오산,19:00-20:00,41,37,0,4,0,0,0,0,0,0,0,0,0
경부선,부산,오산,20:00-21:00,29,25,1,3,0,0,0,0,0,0,0,0,0
경부선,부산,오산,21:00-22:00,27,23,0,1,2,1,0,0,0,0,0,0,0
경부선,부산,오산,22:00-23:00,17,16,0,0,0,0,0,1,0,0,0,0,0
경부선,부산,오산,23:00-24:00,15,12,0,1,1,1,0,0,0,0,0,0,0
경부선,부산,오산,00:00-01:00,12,5,0,2,3,0,2,0,0,0,0,0,0
경부선,부산,오산,01:00-02:00,8,5,0,1,1,1,0,0,0,0,0,0,0
경부선,부산,오산,02:00-03:00,6,3,0,1,0,1,0,1,0,0,0,0,0
경부선,부산,오산,03:00-04:00,10,3,0,1,5,1,0,0,0,0,0,0,0
경부선,부산,오산,04:00-05:00,7,3,0,2,1,1,0,0,0,0,0,0,0
경부선,부산,오산,05:00-06:00,22,9,3,8,2,0,0,0,0,0,0,0,0
경부선,부산,오산,06:00-07:00,30,13,1,12,3,1,0,0,0,0,0,0,0
경부선,서울,오산,07:00-08:00,31,19,0,8,3,1,0,0,0,0,0,0,0
경부선,서울,오산,08:00-09:00,42,29,0,7,4,1,1,0,0,0,0,0,0
경부선,서울,오산,09:00-10:00,36,23,0,8,5,0,0,0,0,0,0,0,0
경부선,서울,오산,10:00-11:00,41,23,0,10,6,1,1,0,0,0,0,0,0
경부선,서울,오산,11:00-12:00,58,41,1,14,2,0,0,0,0,0,0,0,0
경부선,서울,오산,12:00-13:00,55,37,1,13,1,2,0,0,0,0,0,1,0
경부선,서울,오산,13:00-14:00,63,41,1,16,3,1,0,0,0,0,1,0,0
경부선,서울,오산,14:00-15:00,58,42,0,15,0,0,1,0,0,0,0,0,0
경부선,서울,오산,15:00-16:00,14,5,0,7,2,0,0,0,0,0,0,0,0
경부선,서울,오산,16:00-17:00,49,41,0,7,1,0,0,0,0,0,0,0,0
경부선,서울,오산,17:00-18:00,52,39,0,10,3,0,0,0,0,0,0,0,0
경부선,서울,오산,18:00-19:00,35,32,0,3,0,0,0,0,0,0,0,0,0
경부선,서울,오산,19:00-20:00,31,24,0,5,2,0,0,0,0,0,0,0,0
경부선,서울,오산,20:00-21:00,46,38,1,3,2,1,0,1,0,0,0,0,0
경부선,서울,오산,21:00-22:00,36,31,1,2,1,1,0,0,0,0,0,0,0
경부선,서울,오산,22:00-23:00,32,29,0,3,0,0,0,0,0,0,0,0,0
경부선,서울,오산,23:00-24:00,20,15,0,3,0,1,0,0,0,0,0,0,1
경부선,서울,오산,00:00-01:00,17,14,0,1,1,1,0,0,0,0,0,0,0
경부선,서울,오산,01:00-02:00,14,10,0,1,1,1,0,1,0,0,0,0,0
경부선,서울,오산,02:00-03:00,8,4,0,2,0,2,0,0,0,0,0,0,0
경부선,서울,오산,03:00-04:00,14,4,0,1,3,4,0,1,0,0,1,0,0
경부선,서울,오산,04:00-05:00,7,3,0,0,1,2,0,0,0,0,1,0,0
경부선,서울,오산,05:00-06:00,17,6,0,6,1,3,1,0,0,0,0,0,0
경부선,서울,오산,06:00-07:00,29,14,0,5,6,4,0,0,0,0,0,0,0
남해선,순천,강진,07:00-08:00,2,1,0,1,0,0,0,0,0,0,0,0,0
남해선,순천,강진,08:00-09:00,0,0,0,0,0,0,0,0,0,0,0,0,0
남해선,순천,강진,09:00-10:00,7,5,0,0,0,1,0,1,0,0,0,0,0
남해선,순천,강진,10:00-11:00,6,4,0,2,0,0,0,0,0,0,0,0,0
남해선,순천,강진,11:00-12:00,11,7,0,3,0,0,0,0,0,0,1,0,0
남해선,순천,강진,12:00-13:00,13,10,0,3,0,0,0,0,0,0,0,0,0
남해선,순천,강진,13:00-14:00,9,9,0,0,0,0,0,0,0,0,0,0,0
남해선,순천,강진,14:00-15:00,11,8,0,2,1,0,0,0,0,0,0,0,0
남해선,순천,강진,15:00-16:00,12,10,0,2,0,0,0,0,0,0,0,0,0
남해선,순천,강진,16:00-17:00,16,12,0,3,0,1,0,0,0,0,0,0,0
남해선,순천,강진,17:00-18:00,5,4,0,0,0,0,0,1,0,0,0,0,0
남해선,순천,강진,18:00-19:00,5,4,0,0,0,0,0,1,0,0,0,0,0
남해선,순천,강진,19:00-20:00,4,4,0,0,0,0,0,0,0,0,0,0,0
남해선,순천,강진,20:00-21:00,0,0,0,0,0,0,0,0,0,0,0,0,0
남해선,순천,강진,21:00-22:00,0,0,0,0,0,0,0,0,0,0,0,0,0
남해선,순천,강진,22:00-23:00,1,1,0,0,0,0,0,0,0,0,0,0,0
남해선,순천,강진,23:00-24:00,5,3,0,1,1,0,0,0,0,0,0,0,0
남해선,순천,강진,00:00-01:00,0,0,0,0,0,0,0,0,0,0,0,0,0
남해선,순천,강진,01:00-02:00,2,1,0,1,0,0,0,0,0,0,0,0,0
남해선,순천,강진,02:00-03:00,1,0,0,0,0,1,0,0,0,0,0,0,0
남해선,순천,강진,03:00-04:00,1,1,0,0,0,0,0,0,0,0,0,0,0
남해선,순천,강진,04:00-05:00,0,0,0,0,0,0,0,0,0,0,0,0,0
남해선,순천,강진,05:00-06:00,1,0,0,0,1,0,0,0,0,0,0,0,0
남해선,순천,강진,06:00-07:00,2,0,0,2,0,0,0,0,0,0,0,0,0
남해선,영암,벌교,07:00-08:00,14,9,0,4,1,0,0,0,0,0,0,0,0
남해선,영암,벌교,08:00-09:00,15,9,0,5,1,0,0,0,0,0,0,0,0
남해선,영암,벌교,09:00-10:00,24,19,0,4,1,0,0,0,0,0,0,0,0
남해선,영암,벌교,10:00-11:00,24,21,0,1,1,0,0,0,0,0,0,0,1
남해선,영암,벌교,11:00-12:00,25,19,0,3,1,0,1,0,0,0,1,0,0
남해선,영암,벌교,12:00-13:00,35,24,0,8,1,0,0,1,0,0,1,0,0
남해선,영암,벌교,13:00-14:00,21,14,0,5,1,1,0,0,0,0,0,0,0
남해선,영암,벌교,14:00-15:00,30,28,0,1,1,0,0,0,0,0,0,0,0
남해선,영암,벌교,15:00-16:00,20,17,0,3,0,0,0,0,0,0,0,0,0
남해선,영암,벌교,16:00-17:00,29,22,1,6,0,0,0,0,0,0,0,0,0
남해선,영암,벌교,17:00-18:00,21,19,0,1,1,0,0,0,0,0,0,0,0
남해선,영암,벌교,18:00-19:00,8,6,0,1,0,0,1,0,0,0,0,0,0
남해선,영암,벌교,19:00-20:00,13,8,0,4,0,1,0,0,0,0,0,0,0
남해선,영암,벌교,20:00-21:00,1,1,0,0,0,0,0,0,0,0,0,0,0
남해선,영암,벌교,21:00-22:00,7,6,0,1,0,0,0,0,0,0,0,0,0
남해선,영암,벌교,22:00-23:00,4,4,0,0,0,0,0,0,0,0,0,0,0
남해선,영암,벌교,23:00-24:00,3,3,0,0,0,0,0,0,0,0,0,0,0
남해선,영암,벌교,00:00-01:00,5,4,0,1,0,0,0,0,0,0,0,0,0
남해선,영암,벌교,01:00-02:00,1,0,0,0,0,1,0,0,0,0,0,0,0
남해선,영암,벌교,02:00-03:00,2,1,0,0,1,0,0,0,0,0,0,0,0
남해선,영암,벌교,03:00-04:00,3,0,0,1,0,2,0,0,0,0,0,0,0
남해선,영암,벌교,04:00-05:00,6,3,0,2,0,0,0,1,0,0,0,0,0
남해선,영암,벌교,05:00-06:00,7,5,0,1,1,0,0,0,0,0,0,0,0
남해선,영암,벌교,06:00-07:00,7,3,0,1,1,2,0,0,0,0,0,0,0
남해선,순천,순천,07:00-08:00,13,8,0,4,0,0,0,0,0,0,1,0,0
남해선,순천,순천,08:00-09:00,11,8,0,3,0,0,0,0,0,0,0,0,0
남해선,순천,순천,09:00-10:00,20,10,0,3,3,3,0,0,0,0,1,0,0
남해선,순천,순천,10:00-11:00,8,7,0,0,0,0,0,0,0,0,1,0,0
남해선,순천,순천,11:00-12:00,13,7,0,4,1,0,1,0,0,0,0,0,0
남해선,순천,순천,12:00-13:00,23,16,0,5,2,0,0,0,0,0,0,0,0
남해선,순천,순천,13:00-14:00,19,16,0,2,1,0,0,0,0,0,0,0,0
남해선,순천,순천,14:00-15:00,12,8,0,4,0,0,0,0,0,0,0,0,0
남해선,순천,순천,15:00-16:00,18,11,0,7,0,0,0,0,0,0,0,0,0
남해선,순천,순천,16:00-17:00,19,13,0,4,0,1,0,0,0,0,1,0,0
남해선,순천,순천,17:00-18:00,15,11,0,3,1,0,0,0,0,0,0,0,0
남해선,순천,순천,18:00-19:00,17,15,0,2,0,0,0,0,0,0,0,0,0
남해선,순천,순천,19:00-20:00,9,9,0,0,0,0,0,0,0,0,0,0,0
남해선,순천,순천,20:00-21:00,4,4,0,0,0,0,0,0,0,0,0,0,0
남해선,순천,순천,21:00-22:00,7,3,0,0,1,1,1,0,0,0,1,0,0
남해선,순천,순천,22:00-23:00,6,5,0,0,0,1,0,0,0,0,0,0,0
남해선,순천,순천,23:00-24:00,0,0,0,0,0,0,0,0,0,0,0,0,0
남해선,순천,순천,00:00-01:00,2,2,0,0,0,0,0,0,0,0,0,0,0
남해선,순천,순천,01:00-02:00,0,0,0,0,0,0,0,0,0,0,0,0,0
남해선,순천,순천,02:00-03:00,3,2,0,1,0,0,0,0,0,0,0,0,0
남해선,순천,순천,03:00-04:00,0,0,0,0,0,0,0,0,0,0,0,0,0
남해선,순천,순천,04:00-05:00,3,0,0,0,1,2,0,0,0,0,0,0,0
남해선,순천,순천,05:00-06:00,2,0,0,1,0,0,1,0,0,0,0,0,0
남해선,순천,순천,06:00-07:00,6,5,0,0,0,0,0,0,0,0,1,0,0
남해선,순천,곤양,07:00-08:00,16,11,1,1,2,0,0,1,0,0,0,0,0
남해선,순천,곤양,08:00-09:00,19,11,0,6,1,0,0,0,0,0,1,0,0
남해선,순천,곤양,09:00-10:00,26,20,0,5,0,0,0,1,0,0,0,0,0
남해선,순천,곤양,10:00-11:00,27,15,1,5,4,1,1,0,0,0,0,0,0
남해선,순천,곤양,11:00-12:00,38,19,0,4,1,2,5,4,0,0,2,0,1
남해선,순천,곤양,12:00-13:00,36,17,0,8,2,2,0,4,0,0,2,0,1
남해선,순천,곤양,13:00-14:00,26,20,0,3,0,2,0,0,1,0,0,0,0
남해선,순천,곤양,14:00-15:00,19,14,0,2,0,0,1,1,0,0,1,0,0
남해선,순천,곤양,15:00-16:00,28,24,0,0,1,0,0,0,0,0,1,0,2
남해선,순천,곤양,16:00-17:00,28,21,0,2,0,0,0,1,0,0,3,0,1
남해선,순천,곤양,17:00-18:00,9,7,0,0,1,1,0,0,0,0,0,0,0
남해선,순천,곤양,18:00-19:00,6,4,0,1,0,1,0,0,0,0,0,0,0
남해선,순천,곤양,19:00-20:00,7,3,0,2,1,0,0,1,0,0,0,0,0
남해선,순천,곤양,20:00-21:00,8,4,0,1,0,1,0,0,0,0,2,0,0
남해선,순천,곤양,21:00-22:00,5,4,0,0,0,0,0,1,0,0,0,0,0
남해선,순천,곤양,22:00-23:00,5,2,0,0,1,1,0,0,0,0,1,0,0
남해선,순천,곤양,23:00-24:00,5,3,0,1,0,0,0,0,0,0,1,0,0
남해선,순천,곤양,00:00-01:00,3,1,0,0,0,1,1,0,0,0,0,0,0
남해선,순천,곤양,01:00-02:00,8,3,0,0,0,4,0,0,0,0,1,0,0
남해선,순천,곤양,02:00-03:00,3,2,0,0,0,1,0,0,0,0,0,0,0
남해선,순천,곤양,03:00-04:00,2,1,0,0,0,0,0,1,0,0,0,0,0
남해선,순천,곤양,04:00-05:00,3,0,0,2,0,0,0,1,0,0,0,0,0
남해선,순천,곤양,05:00-06:00,9,3,0,3,0,1,0,1,0,0,1,0,0
남해선,순천,곤양,06:00-07:00,12,3,0,3,3,0,0,1,0,0,2,0,0
남해선,순천,지수,07:00-08:00,33,16,0,5,6,1,0,2,0,0,3,0,0
남해선,순천,지수,08:00-09:00,42,23,0,11,2,2,1,3,0,0,0,0,0
남해선,순천,지수,09:00-10:00,62,46,0,9,4,1,0,1,0,0,0,0,1
남해선,순천,지수,10:00-11:00,72,53,0,13,2,1,0,3,0,0,0,0,0
남해선,순천,지수,11:00-12:00,83,49,0,18,3,3,1,7,0,0,1,0,1
남해선,순천,지수,12:00-13:00,49,31,0,12,3,0,0,1,0,0,1,0,1
남해선,순천,지수,13:00-14:00,57,38,0,11,2,0,0,4,0,0,1,0,1
남해선,순천,지수,14:00-15:00,48,28,0,7,2,2,1,2,0,0,4,0,2
남해선,순천,지수,15:00-16:00,55,37,0,13,1,0,0,2,0,0,1,0,1
남해선,순천,지수,16:00-17:00,35,25,0,7,1,1,0,0,0,0,1,0,0
남해선,순천,지수,17:00-18:00,39,29,1,4,0,2,0,2,0,0,1,0,0
남해선,순천,지수,18:00-19:00,29,23,1,2,2,0,0,1,0,0,0,0,0
남해선,순천,지수,19:00-20:00,37,27,0,4,2,2,0,2,0,0,0,0,0
남해선,순천,지수,20:00-21:00,16,12,0,3,1,0,0,0,0,0,0,0,0
남해선,순천,지수,21:00-22:00,13,9,0,2,0,1,0,1,0,0,0,0,0
남해선,순천,지수,22:00-23:00,10,9,0,0,0,0,1,0,0,0,0,0,0
남해선,순천,지수,23:00-24:00,6,5,0,0,0,1,0,0,0,0,0,0,0
남해선,순천,지수,00:00-01:00,6,3,0,1,1,0,0,1,0,0,0,0,0
남해선,순천,지수,01:00-02:00,4,3,0,0,0,1,0,0,0,0,0,0,0
남해선,순천,지수,02:00-03:00,8,5,0,1,1,1,0,0,0,0,0,0,0
남해선,순천,지수,03:00-04:00,11,3,0,1,2,0,0,3,0,0,2,0,0
남해선,순천,지수,04:00-05:00,10,1,0,2,2,2,0,3,0,0,0,0,0
남해선,순천,지수,05:00-06:00,11,4,0,3,1,1,1,0,0,0,1,0,0
남해선,순천,지수,06:00-07:00,17,8,0,3,3,0,0,2,0,0,1,0,0
남해선,부산,지수,07:00-08:00,24,16,0,4,0,3,0,0,0,0,1,0,0
남해선,부산,지수,08:00-09:00,32,17,0,6,6,0,2,1,0,0,0,0,0
남해선,부산,지수,09:00-10:00,29,17,0,2,3,3,0,0,0,0,2,0,2
남해선,부산,지수,10:00-11:00,51,27,0,14,3,1,2,4,0,0,0,0,0
남해선,부산,지수,11:00-12:00,50,22,1,9,3,6,1,2,0,0,2,0,4
남해선,부산,지수,12:00-13:00,54,28,0,6,4,5,1,4,0,0,3,0,3
남해선,부산,지수,13:00-14:00,65,34,0,16,4,5,2,0,0,0,2,0,2
남해선,부산,지수,14:00-15:00,60,32,0,14,3,2,3,2,0,0,2,0,2
남해선,부산,지수,15:00-16:00,58,42,0,7,2,4,0,1,0,0,2,0,0
남해선,부산,지수,16:00-17:00,70,51,0,15,4,0,0,0,0,0,0,0,0
남해선,부산,지수,17:00-18:00,51,31,0,10,7,2,0,0,0,0,0,0,1
남해선,부산,지수,18:00-19:00,59,42,1,6,3,2,1,3,0,0,0,0,1
남해선,부산,지수,19:00-20:00,40,23,0,12,3,0,0,2,0,0,0,0,0
남해선,부산,지수,20:00-21:00,22,15,0,2,4,0,1,0,0,0,0,0,0
남해선,부산,지수,21:00-22:00,7,4,0,1,0,2,0,0,0,0,0,0,0
남해선,부산,지수,22:00-23:00,13,8,0,1,2,2,0,0,0,0,0,0,0
남해선,부산,지수,23:00-24:00,11,1,0,3,2,3,1,0,0,0,1,0,0
남해선,부산,지수,00:00-01:00,5,3,0,0,0,1,0,1,0,0,0,0,0
남해선,부산,지수,01:00-02:00,9,4,0,1,2,0,0,1,0,0,1,0,0
남해선,부산,지수,02:00-03:00,2,1,0,1,0,0,0,0,0,0,0,0,0
남해선,부산,지수,03:00-04:00,10,1,0,2,1,2,0,3,0,0,1,0,0
남해선,부산,지수,04:00-05:00,12,1,0,1,3,3,1,2,0,0,1,0,0
남해선,부산,지수,05:00-06:00,11,1,0,1,3,3,0,2,0,0,1,0,0
남해선,부산,지수,06:00-07:00,12,5,0,0,0,2,1,3,0,0,0,0,1
남해선,부산,북창원,07:00-08:00,15,9,0,0,1,3,2,0,0,0,0,0,0
남해선,부산,북창원,08:00-09:00,30,18,0,4,3,3,1,0,0,0,0,0,1
남해선,부산,북창원,09:00-10:00,28,15,0,8,3,1,1,0,0,0,0,0,0
남해선,부산,북창원,10:00-11:00,45,30,0,9,4,1,1,0,0,0,0,0,0
남해선,부산,북창원,11:00-12:00,26,19,0,6,1,0,0,0,0,0,0,0,0
남해선,부산,북창원,12:00-13:00,52,34,0,12,2,3,0,1,0,0,0,0,0
남해선,부산,북창원,13:00-14:00,49,34,0,9,4,1,1,0,0,0,0,0,0
남해선,부산,북창원,14:00-15:00,37,34,0,0,2,0,0,0,0,0,0,0,1
남해선,부산,북창원,15:00-16:00,47,36,0,9,0,0,1,0,0,0,1,0,0
남해선,부산,북창원,16:00-17:00,31,25,0,3,2,0,0,1,0,0,0,0,0
남해선,부산,북창원,17:00-18:00,40,31,0,7,2,0,0,0,0,0,0,0,0
남해선,부산,북창원,18:00-19:00,29,23,1,1,1,2,0,1,0,0,0,0,0
남해선,부산,북창원,19:00-20:00,21,18,0,2,0,0,0,0,0,0,1,0,0
남해선,부산,북창원,20:00-21:00,18,15,0,3,0,0,0,0,0,0,0,0,0
남해선,부산,북창원,21:00-22:00,27,23,0,2,0,1,0,0,0,0,1,0,0
남해선,부산,북창원,22:00-23:00,16,12,0,1,0,1,1,0,0,0,0,0,1
남해선,부산,북창원,23:00-24:00,11,8,0,0,0,0,2,1,0,0,0,0,0
남해선,부산,북창원,00:00-01:00,7,6,0,1,0,0,0,0,0,0,0,0,0
남해선,부산,북창원,01:00-02:00,8,3,0,1,0,1,0,2,0,0,1,0,0
남해선,부산,북창원,02:00-03:00,7,3,0,0,0,3,0,1,0,0,0,0,0
남해선,부산,북창원,03:00-04:00,5,1,0,3,0,1,0,0,0,0,0,0,0
남해선,부산,북창원,04:00-05:00,9,3,0,1,0,1,1,2,0,0,1,0,0
남해선,부산,북창원,05:00-06:00,4,1,0,1,0,2,0,0,0,0,0,0,0
남해선,부산,북창원,06:00-07:00,14,5,0,4,0,4,0,1,0,0,0,0,0
남해선,순천,진례,07:00-08:00,50,37,0,7,5,0,0,0,0,0,1,0,0
남해선,순천,진례,08:00-09:00,51,30,0,13,4,3,0,0,0,0,1,0,0
남해선,순천,진례,09:00-10:00,51,27,0,15,3,3,2,1,0,0,0,0,0
남해선,순천,진례,10:00-11:00,52,25,0,15,5,2,2,3,0,0,0,0,0
남해선,순천,진례,11:00-12:00,43,23,1,15,1,1,1,1,0,0,0,0,0
남해선,순천,진례,12:00-13:00,38,18,0,13,4,2,0,1,0,0,0,0,0
남해선,순천,진례,13:00-14:00,42,25,0,13,2,1,1,0,0,0,0,0,0
남해선,순천,진례,14:00-15:00,59,30,0,17,8,3,1,0,0,0,0,0,0
남해선,순천,진례,15:00-16:00,56,30,0,19,4,2,1,0,0,0,0,0,0
남해선,순천,진례,16:00-17:00,50,27,0,13,5,3,0,1,0,0,0,0,1
남해선,순천,진례,17:00-18:00,50,30,0,11,4,3,0,0,0,0,2,0,0
남해선,순천,진례,18:00-19:00,18,13,0,1,1,2,0,0,0,0,1,0,0
남해선,순천,진례,19:00-20:00,19,14,0,4,1,0,0,0,0,0,0,0,0
남해선,순천,진례,20:00-21:00,8,6,0,0,0,0,0,0,0,0,0,0,2
남해선,순천,진례,21:00-22:00,10,5,0,1,1,0,0,0,0,0,1,0,2
남해선,순천,진례,22:00-23:00,10,6,0,0,1,0,1,0,0,0,1,0,1
남해선,순천,진례,23:00-24:00,12,5,0,0,3,0,0,0,0,0,1,0,3
남해선,순천,진례,00:00-01:00,3,2,0,1,0,0,0,0,0,0,0,0,0
남해선,순천,진례,01:00-02:00,3,0,2,0,0,0,0,0,0,0,0,0,1
남해선,순천,진례,02:00-03:00,6,3,0,0,0,0,0,0,0,0,1,0,2
남해선,순천,진례,03:00-04:00,4,2,0,0,0,2,0,0,0,0,0,0,0
남해선,순천,진례,04:00-05:00,7,4,0,1,0,0,0,0,0,0,2,0,0
남해선,순천,진례,05:00-06:00,14,8,0,2,1,1,1,0,0,0,0,0,1
남해선,순천,진례,06:00-07:00,22,14,0,5,1,1,0,0,0,0,1,0,0
남해선,부산,진례,07:00-08:00,33,13,0,11,3,1,2,2,0,0,1,0,0
남해선,부산,진례,08:00-09:00,28,13,0,8,4,2,0,0,0,0,1,0,0
남해선,부산,진례,09:00-10:00,39,20,0,11,5,2,0,0,0,0,1,0,0
남해선,부산,진례,10:00-11:00,35,18,0,6,9,1,0,0,0,0,0,0,1
남해선,부산,진례,11:00-12:00,49,16,0,13,7,3,2,5,0,0,2,0,1
남해선,부산,진례,12:00-13:00,27,10,0,7,4,2,1,2,0,0,0,0,1
남해선,부산,진례,13:00-14:00,49,19,0,14,6,3,2,1,0,0,3,0,1
남해선,부산,진례,14:00-15:00,55,27,0,15,6,2,0,0,0,0,4,0,1
남해선,부산,진례,15:00-16:00,62,31,0,20,7,3,0,0,0,0,0,0,1
남해선,부산,진례,16:00-17:00,50,36,0,11,0,1,1,0,0,0,0,0,1
남해선,부산,진례,17:00-18:00,32,17,1,4,3,2,0,1,0,0,2,0,2
남해선,부산,진례,18:00-19:00,19,13,0,1,0,1,0,0,0,0,2,0,2
남해선,부산,진례,19:00-20:00,20,15,0,2,1,2,0,0,0,0,0,0,0
남해선,부산,진례,20:00-21:00,15,10,0,0,1,2,0,0,0,0,0,0,2
남해선,부산,진례,21:00-22:00,17,7,0,2,0,4,0,2,0,0,1,0,1
남해선,부산,진례,22:00-23:00,11,6,0,1,1,2,0,0,0,0,1,0,0
남해선,부산,진례,23:00-24:00,9,3,0,0,2,4,0,0,0,0,0,0,0
남해선,부산,진례,00:00-01:00,7,0,0,1,1,4,1,0,0,0,0,0,0
남해선,부산,진례,01:00-02:00,9,2,0,2,3,0,1,1,0,0,0,0,0
남해선,부산,진례,02:00-03:00,7,2,0,0,1,2,0,0,0,0,2,0,0
남해선,부산,진례,03:00-04:00,7,2,0,0,2,2,0,1,0,0,0,0,0
남해선,부산,진례,04:00-05:00,10,2,0,1,1,3,1,1,0,0,1,0,0
남해선,부산,진례,05:00-06:00,11,4,0,1,0,0,0,5,0,0,1,0,0
남해선,부산,진례,06:00-07:00,21,6,0,4,2,7,0,1,0,0,0,0,1
남해선,순천,김해,07:00-08:00,31,15,1,9,2,4,0,0,0,0,0,0,0
남해선,순천,김해,08:00-09:00,40,21,0,9,5,1,0,0,0,0,0,0,4
남해선,순천,김해,09:00-10:00,41,28,0,8,1,4,0,0,0,0,0,0,0
남해선,순천,김해,10:00-11:00,38,26,0,6,5,0,0,1,0,0,0,0,0
남해선,순천,김해,11:00-12:00,44,31,1,9,1,1,0,0,0,0,1,0,0
남해선,순천,김해,12:00-13:00,53,35,0,9,3,3,2,0,0,0,1,0,0
남해선,순천,김해,13:00-14:00,43,32,1,7,2,0,0,0,0,0,1,0,0
남해선,순천,김해,14:00-15:00,49,39,0,8,1,0,0,0,0,0,1,0,0
남해선,순천,김해,15:00-16:00,44,28,0,13,0,3,0,0,0,0,0,0,0
남해선,순천,김해,16:00-17:00,59,47,0,11,1,0,0,0,0,0,0,0,0
남해선,순천,김해,17:00-18:00,28,23,0,4,1,0,0,0,0,0,0,0,0
남해선,순천,김해,18:00-19:00,25,22,0,3,0,0,0,0,0,0,0,0,0
남해선,순천,김해,19:00-20:00,31,29,0,1,0,0,1,0,0,0,0,0,0
남해선,순천,김해,20:00-21:00,7,7,0,0,0,0,0,0,0,0,0,0,0
남해선,순천,김해,21:00-22:00,9,9,0,0,0,0,0,0,0,0,0,0,0
남해선,순천,김해,22:00-23:00,12,12,0,0,0,0,0,0,0,0,0,0,0
남해선,순천,김해,23:00-24:00,7,5,0,1,0,0,0,0,0,0,1,0,0
남해선,순천,김해,00:00-01:00,10,9,0,0,1,0,0,0,0,0,0,0,0
남해선,순천,김해,01:00-02:00,4,3,0,0,0,0,0,1,0,0,0,0,0
남해선,순천,김해,02:00-03:00,1,0,0,0,1,0,0,0,0,0,0,0,0
남해선,순천,김해,03:00-04:00,4,2,0,0,0,1,1,0,0,0,0,0,0
남해선,순천,김해,04:00-05:00,4,3,0,1,0,0,0,0,0,0,0,0,0
남해선,순천,김해,05:00-06:00,10,3,0,1,1,0,4,0,0,0,0,0,1
남해선,순천,김해,06:00-07:00,14,8,1,3,0,1,0,0,0,0,1,0,0
남해선,부산,김해,07:00-08:00,13,7,1,3,2,0,0,0,0,0,0,0,0
남해선,부산,김해,08:00-09:00,28,23,0,2,2,1,0,0,0,0,0,0,0
남해선,부산,김해,09:00-10:00,24,21,0,3,0,0,0,0,0,0,0,0,0
남해선,부산,김해,10:00-11:00,44,30,0,11,0,1,0,0,0,0,1,0,1
남해선,부산,김해,11:00-12:00,34,22,0,10,1,0,0,0,0,0,1,0,0
남해선,부산,김해,12:00-13:00,46,32,0,11,0,0,0,3,0,0,0,0,0
남해선,부산,김해,13:00-14:00,53,41,0,6,3,2,0,1,0,0,0,0,0
남해선,부산,김해,14:00-15:00,50,38,0,10,1,0,0,1,0,0,0,0,0
남해선,부산,김해,15:00-16:00,82,63,0,14,0,1,2,2,0,0,0,0,0
남해선,부산,김해,16:00-17:00,71,55,0,13,1,1,0,1,0,0,0,0,0
남해선,부산,김해,17:00-18:00,42,37,0,5,0,0,0,0,0,0,0,0,0
남해선,부산,김해,18:00-19:00,37,35,0,2,0,0,0,0,0,0,0,0,0
남해선,부산,김해,19:00-20:00,31,27,0,1,0,2,0,0,0,0,1,0,0
남해선,부산,김해,20:00-21:00,22,21,1,0,0,0,0,0,0,0,0,0,0
남해선,부산,김해,21:00-22:00,14,11,0,1,0,2,0,0,0,0,0,0,0
남해선,부산,김해,22:00-23:00,16,12,0,3,1,0,0,0,0,0,0,0,0
남해선,부산,김해,23:00-24:00,10,9,0,0,1,0,0,0,0,0,0,0,0
남해선,부산,김해,00:00-01:00,2,2,0,0,0,0,0,0,0,0,0,0,0
남해선,부산,김해,01:00-02:00,5,3,0,1,0,0,1,0,0,0,0,0,0
남해선,부산,김해,02:00-03:00,5,4,0,0,1,0,0,0,0,0,0,0,0
남해선,부산,김해,03:00-04:00,8,4,0,0,2,0,1,1,0,0,0,0,0
남해선,부산,김해,04:00-05:00,4,1,0,1,1,1,0,0,0,0,0,0,0
남해선,부산,김해,05:00-06:00,8,3,0,2,0,0,2,1,0,0,0,0,0
남해선,부산,김해,06:00-07:00,7,4,0,1,0,0,0,2,0,0,0,0,0
무안광주·광주대구선,대구,담양,07:00-08:00,13,10,0,2,1,0,0,0,0,0,0,0,0
무안광주·광주대구선,대구,담양,08:00-09:00,15,8,0,2,0,3,0,2,0,0,0,0,0
무안광주·광주대구선,대구,담양,09:00-10:00,13,7,0,4,2,0,0,0,0,0,0,0,0
무안광주·광주대구선,대구,담양,10:00-11:00,25,21,0,4,0,0,0,0,0,0,0,0,0
무안광주·광주대구선,대구,담양,11:00-12:00,21,13,0,3,2,2,1,0,0,0,0,0,0
무안광주·광주대구선,대구,담양,12:00-13:00,21,12,0,7,1,1,0,0,0,0,0,0,0
무안광주·광주대구선,대구,담양,13:00-14:00,19,13,0,6,0,0,0,0,0,0,0,0,0
무안광주·광주대구선,대구,담양,14:00-15:00,17,13,0,3,1,0,0,0,0,0,0,0,0
무안광주·광주대구선,대구,담양,15:00-16:00,20,17,1,2,0,0,0,0,0,0,0,0,0
무안광주·광주대구선,대구,담양,16:00-17:00,20,16,0,3,0,0,0,1,0,0,0,0,0
무안광주·광주대구선,대구,담양,17:00-18:00,14,10,0,4,0,0,0,0,0,0,0,0,0
무안광주·광주대구선,대구,담양,18:00-19:00,8,7,0,1,0,0,0,0,0,0,0,0,0
무안광주·광주대구선,대구,담양,19:00-20:00,8,6,0,0,1,0,0,0,0,0,1,0,0
무안광주·광주대구선,대구,담양,20:00-21:00,4,4,0,0,0,0,0,0,0,0,0,0,0
무안광주·광주대구선,대구,담양,21:00-22:00,4,2,0,1,1,0,0,0,0,0,0,0,0
무안광주·광주대구선,대구,담양,22:00-23:00,3,3,0,0,0,0,0,0,0,0,0,0,0
무안광주·광주대구선,대구,담양,23:00-24:00,1,0,0,0,1,0,0,0,0,0,0,0,0
무안광주·광주대구선,대구,담양,00:00-01:00,1,1,0,0,0,0,0,0,0,0,0,0,0
무안광주·광주대구선,대구,담양,01:00-02:00,3,3,0,0,0,0,0,0,0,0,0,0,0
무안광주·광주대구선,대구,담양,02:00-03:00,1,0,0,0,1,0,0,0,0,0,0,0,0
무안광주·광주대구선,대구,담양,03:00-04:00,0,0,0,0,0,0,0,0,0,0,0,0,0
무안광주·광주대구선,대구,담양,04:00-05:00,1,0,0,0,1,0,0,0,0,0,0,0,0
무안광주·광주대구선,대구,담양,05:00-06:00,1,1,0,0,0,0,0,0,0,0,0,0,0
무안광주·광주대구선,대구,담양,06:00-07:00,10,7,0,1,2,0,0,0,0,0,0,0,0
서해안선,목포,몽탄,07:00-08:00,25,14,0,6,2,2,0,0,0,0,1,0,0
서해안선,목포,몽탄,08:00-09:00,31,17,0,9,1,3,0,0,0,0,1,0,0
서해안선,목포,몽탄,09:00-10:00,21,17,0,3,0,1,0,0,0,0,0,0,0
서해안선,목포,몽탄,10:00-11:00,25,16,0,6,2,0,0,1,0,0,0,0,0
서해안선,목포,몽탄,11:00-12:00,24,18,0,6,0,0,0,0,0,0,0,0,0
서해안선,목포,몽탄,12:00-13:00,16,12,0,3,0,1,0,0,0,0,0,0,0
서해안선,목포,몽탄,13:00-14:00,22,16,0,5,1,0,0,0,0,0,0,0,0
서해안선,목포,몽탄,14:00-15:00,24,18,0,4,1,1,0,0,0,0,0,0,0
서해안선,목포,몽탄,15:00-16:00,23,15,0,5,1,2,0,0,0,0,0,0,0
서해안선,목포,몽탄,16:00-17:00,18,14,0,2,0,1,1,0,0,0,0,0,0
서해안선,목포,몽탄,17:00-18:00,16,12,0,2,1,0,0,1,0,0,0,0,0
서해안선,목포,몽탄,18:00-19:00,13,11,0,0,2,0,0,0,0,0,0,0,0
서해안선,목포,몽탄,19:00-20:00,10,8,0,2,0,0,0,0,0,0,0,0,0
서해안선,목포,몽탄,20:00-21:00,10,9,0,0,0,1,0,0,0,0,0,0,0
서해안선,목포,몽탄,21:00-22:00,6,0,0,3,0,2,1,0,0,0,0,0,0
서해안선,목포,몽탄,22:00-23:00,9,7,0,0,0,2,0,0,0,0,0,0,0
서해안선,목포,몽탄,23:00-24:00,5,2,0,2,1,0,0,0,0,0,0,0,0
서해안선,목포,몽탄,00:00-01:00,2,2,0,0,0,0,0,0,0,0,0,0,0
서해안선,목포,몽탄,01:00-02:00,6,5,0,0,0,0,0,1,0,0,0,0,0
서해안선,목포,몽탄,02:00-03:00,2,1,0,0,1,0,0,0,0,0,0,0,0
서해안선,목포,몽탄,03:00-04:00,3,2,0,0,0,1,0,0,0,0,0,0,0
서해안선,목포,몽탄,04:00-05:00,5,3,0,0,2,0,0,0,0,0,0,0,0
서해안선,목포,몽탄,05:00-06:00,6,4,0,2,0,0,0,0,0,0,0,0,0
서해안선,목포,몽탄,06:00-07:00,8,5,0,1,0,2,0,0,0,0,0,0,0
서해안선,서울,몽탄,07:00-08:00,11,8,0,2,1,0,0,0,0,0,0,0,0
서해안선,서울,몽탄,08:00-09:00,20,15,0,3,1,0,0,1,0,0,0,0,0
서해안선,서울,몽탄,09:00-10:00,27,17,0,6,1,1,1,0,0,0,0,0,1
서해안선,서울,몽탄,10:00-11:00,24,19,0,3,1,1,0,0,0,0,0,0,0
서해안선,서울,몽탄,11:00-12:00,27,20,1,2,3,1,0,0,0,0,0,0,0
서해안선,서울,몽탄,12:00-13:00,21,19,0,2,0,0,0,0,0,0,0,0,0
서해안선,서울,몽탄,13:00-14:00,30,25,0,4,0,1,0,0,0,0,0,0,0
서해안선,서울,몽탄,14:00-15:00,30,24,1,4,1,0,0,0,0,0,0,0,0
서해안선,서울,몽탄,15:00-16:00,50,40,0,10,0,0,0,0,0,0,0,0,0
서해안선,서울,몽탄,16:00-17:00,37,28,0,7,1,1,0,0,0,0,0,0,0
서해안선,서울,몽탄,17:00-18:00,30,23,0,4,1,0,0,2,0,0,0,0,0
서해안선,서울,몽탄,18:00-19:00,18,15,0,2,0,0,1,0,0,0,0,0,0
서해안선,서울,몽탄,19:00-20:00,15,14,0,1,0,0,0,0,0,0,0,0,0
서해안선,서울,몽탄,20:00-21:00,8,6,0,2,0,0,0,0,0,0,0,0,0
서해안선,서울,몽탄,21:00-22:00,9,6,0,0,0,0,0,3,0,0,0,0,0
서해안선,서울,몽탄,22:00-23:00,10,10,0,0,0,0,0,0,0,0,0,0,0
서해안선,서울,몽탄,23:00-24:00,10,7,0,0,0,2,0,1,0,0,0,0,0
서해안선,서울,몽탄,00:00-01:00,3,2,0,0,0,0,0,1,0,0,0,0,0
서해안선,서울,몽탄,01:00-02:00,2,2,0,0,0,0,0,0,0,0,0,0,0
서해안선,서울,몽탄,02:00-03:00,1,1,0,0,0,0,0,0,0,0,0,0,0
서해안선,서울,몽탄,03:00-04:00,0,0,0,0,0,0,0,0,0,0,0,0,0
서해안선,서울,몽탄,04:00-05:00,4,3,0,1,0,0,0,0,0,0,0,0,0
서해안선,서울,몽탄,05:00-06:00,10,7,1,1,0,0,1,0,0,0,0,0,0
서해안선,서울,몽탄,06:00-07:00,7,3,0,3,1,0,0,0,0,0,0,0,0
서해안선,서울,영광,07:00-08:00,3,3,0,0,0,0,0,0,0,0,0,0,0
서해안선,서울,영광,08:00-09:00,4,2,0,1,0,0,1,0,0,0,0,0,0
서해안선,서울,영광,09:00-10:00,4,2,0,1,0,1,0,0,0,0,0,0,0
서해안선,서울,영광,10:00-11:00,6,4,0,1,0,1,0,0,0,0,0,0,0
서해안선,서울,영광,11:00-12:00,17,12,0,4,0,0,1,0,0,0,0,0,0
서해안선,서울,영광,12:00-13:00,13,7,0,3,1,2,0,0,0,0,0,0,0
서해안선,서울,영광,13:00-14:00,23,16,0,4,1,0,1,1,0,0,0,0,0
서해안선,서울,영광,14:00-15:00,11,9,0,2,0,0,0,0,0,0,0,0,0
서해안선,서울,영광,15:00-16:00,19,16,0,2,1,0,0,0,0,0,0,0,0
서해안선,서울,영광,16:00-17:00,7,4,0,2,0,1,0,0,0,0,0,0,0
서해안선,서울,영광,17:00-18:00,6,5,0,1,0,0,0,0,0,0,0,0,0
서해안선,서울,영광,18:00-19:00,7,4,0,3,0,0,0,0,0,0,0,0,0
서해안선,서울,영광,19:00-20:00,3,2,0,1,0,0,0,0,0,0,0,0,0
서해안선,서울,영광,20:00-21:00,5,5,0,0,0,0,0,0,0,0,0,0,0
서해안선,서울,영광,21:00-22:00,0,0,0,0,0,0,0,0,0,0,0,0,0
서해안선,서울,영광,22:00-23:00,4,1,0,0,0,3,0,0,0,0,0,0,0
서해안선,서울,영광,23:00-24:00,4,4,0,0,0,0,0,0,0,0,0,0,0
서해안선,서울,영광,00:00-01:00,0,0,0,0,0,0,0,0,0,0,0,0,0
서해안선,서울,영광,01:00-02:00,3,1,0,1,0,1,0,0,0,0,0,0,0
서해안선,서울,영광,02:00-03:00,0,0,0,0,0,0,0,0,0,0,0,0,0
서해안선,서울,영광,03:00-04:00,1,0,0,0,0,1,0,0,0,0,0,0,0
서해안선,서울,영광,04:00-05:00,0,0,0,0,0,0,0,0,0,0,0,0,0
서해안선,서울,영광,05:00-06:00,0,0,0,0,0,0,0,0,0,0,0,0,0
서해안선,서울,영광,06:00-07:00,2,2,0,0,0,0,0,0,0,0,0,0,0
서해안선,목포,고창,07:00-08:00,11,4,0,2,1,3,0,1,0,0,0,0,0
서해안선,목포,고창,08:00-09:00,10,8,0,1,0,1,0,0,0,0,0,0,0
서해안선,목포,고창,09:00-10:00,12,8,0,1,1,1,1,0,0,0,0,0,0
서해안선,목포,고창,10:00-11:00,13,8,0,4,0,0,0,1,0,0,0,0,0
서해안선,목포,고창,11:00-12:00,16,13,0,0,1,0,1,1,0,0,0,0,0
서해안선,목포,고창,12:00-13:00,15,12,0,1,0,0,1,1,0,0,0,0,0
서해안선,목포,고창,13:00-14:00,10,7,0,2,0,1,0,0,0,0,0,0,0
서해안선,목포,고창,14:00-15:00,11,7,0,2,0,0,1,1,0,0,0,0,0
서해안선,목포,고창,15:00-16:00,14,12,0,2,0,0,0,0,0,0,0,0,0
서해안선,목포,고창,16:00-17:00,6,6,0,0,0,0,0,0,0,0,0,0,0
서해안선,목포,고창,17:00-18:00,11,11,0,0,0,0,0,0,0,0,0,0,0
서해안선,목포,고창,18:00-19:00,9,7,0,1,0,0,0,1,0,0,0,0,0
서해안선,목포,고창,19:00-20:00,2,2,0,0,0,0,0,0,0,0,0,0,0
서해안선,목포,고창,20:00-21:00,5,4,0,0,0,0,1,0,0,0,0,0,0
서해안선,목포,고창,21:00-22:00,4,3,0,0,0,1,0,0,0,0,0,0,0
서해안선,목포,고창,22:00-23:00,1,0,0,0,0,0,1,0,0,0,0,0,0
서해안선,목포,고창,23:00-24:00,4,3,0,0,0,0,0,1,0,0,0,0,0
서해안선,목포,고창,00:00-01:00,2,2,0,0,0,0,0,0,0,0,0,0,0
서해안선,목포,고창,01:00-02:00,1,1,0,0,0,0,0,0,0,0,0,0,0
서해안선,목포,고창,02:00-03:00,3,2,0,0,1,0,0,0,0,0,0,0,0
서해안선,목포,고창,03:00-04:00,0,0,0,0,0,0,0,0,0,0,0,0,0
서해안선,목포,고창,04:00-05:00,5,1,0,1,0,1,1,1,0,0,0,0,0
서해안선,목포,고창,05:00-06:00,3,1,0,0,0,2,0,0,0,0,0,0,0
서해안선,목포,고창,06:00-07:00,7,3,0,2,0,2,0,0,0,0,0,0,0
서해안선,목포,줄포,07:00-08:00,18,10,0,4,3,1,0,0,0,0,0,0,0
서해안선,목포,줄포,08:00-09:00,27,20,0,6,1,0,0,0,0,0,0,0,0
서해안선,목포,줄포,09:00-10:00,29,16,1,10,0,0,1,1,0,0,0,0,0
서해안선,목포,줄포,10:00-11:00,23,17,0,3,0,2,1,0,0,0,0,0,0
서해안선,목포,줄포,11:00-12:00,37,33,0,1,1,0,1,1,0,0,0,0,0
서해안선,목포,줄포,12:00-13:00,35,29,0,3,0,2,0,1,0,0,0,0,0
서해안선,목포,줄포,13:00-14:00,33,26,0,5,2,0,0,0,0,0,0,0,0
서해안선,목포,줄포,14:00-15:00,44,31,0,9,2,1,0,1,0,0,0,0,0
서해안선,목포,줄포,15:00-16:00,34,24,0,5,2,2,1,0,0,0,0,0,0
서해안선,목포,줄포,16:00-17:00,43,35,0,8,0,0,0,0,0,0,0,0,0
서해안선,목포,줄포,17:00-18:00,43,37,0,5,0,1,0,0,0,0,0,0,0
서해안선,목포,줄포,18:00-19:00,26,20,0,2,1,1,1,1,0,0,0,0,0
서해안선,목포,줄포,19:00-20:00,22,19,0,1,1,1,0,0,0,0,0,0,0
서해안선,목포,줄포,20:00-21:00,14,12,0,1,0,1,0,0,0,0,0,0,0
서해안선,목포,줄포,21:00-22:00,11,5,0,1,1,4,0,0,0,0,0,0,0
서해안선,목포,줄포,22:00-23:00,12,7,0,2,0,1,1,0,0,0,1,0,0
서해안선,목포,줄포,23:00-24:00,13,9,0,2,1,0,0,1,0,0,0,0,0
서해안선,목포,줄포,00:00-01:00,11,6,0,2,0,1,1,1,0,0,0,0,0
서해안선,목포,줄포,01:00-02:00,3,1,0,1,0,0,0,1,0,0,0,0,0
서해안선,목포,줄포,02:00-03:00,2,0,0,1,0,0,0,1,0,0,0,0,0
서해안선,목포,줄포,03:00-04:00,13,9,0,1,0,3,0,0,0,0,0,0,0
서해안선,목포,줄포,04:00-05:00,13,7,0,2,2,2,0,0,0,0,0,0,0
서해안선,목포,줄포,05:00-06:00,13,6,0,2,3,0,0,1,0,0,1,0,0
서해안선,목포,줄포,06:00-07:00,12,5,1,5,0,1,0,0,0,0,0,0,0
서해안선,서울,무창포,07:00-08:00,3,2,0,0,1,0,0,0,0,0,0,0,0
서해안선,서울,무창포,08:00-09:00,6,3,0,1,0,2,0,0,0,0,0,0,0
서해안선,서울,무창포,09:00-10:00,10,7,0,3,0,0,0,0,0,0,0,0,0
서해안선,서울,무창포,10:00-11:00,14,8,0,3,1,1,1,0,0,0,0,0,0
서해안선,서울,무창포,11:00-12:00,9,4,0,3,0,1,1,0,0,0,0,0,0
서해안선,서울,무창포,12:00-13:00,21,13,0,6,0,0,1,1,0,0,0,0,0
서해안선,서울,무창포,13:00-14:00,18,15,0,2,1,0,0,0,0,0,0,0,0
서해안선,서울,무창포,14:00-15:00,11,9,0,1,0,0,1,0,0,0,0,0,0
서해안선,서울,무창포,15:00-16:00,27,23,0,3,0,1,0,0,0,0,0,0,0
서해안선,서울,무창포,16:00-17:00,19,17,0,2,0,0,0,0,0,0,0,0,0
서해안선,서울,무창포,17:00-18:00,14,13,0,1,0,0,0,0,0,0,0,0,0
서해안선,서울,무창포,18:00-19:00,9,8,0,1,0,0,0,0,0,0,0,0,0
서해안선,서울,무창포,19:00-20:00,4,2,0,2,0,0,0,0,0,0,0,0,0
서해안선,서울,무창포,20:00-21:00,5,3,0,2,0,0,0,0,0,0,0,0,0
서해안선,서울,무창포,21:00-22:00,3,2,0,1,0,0,0,0,0,0,0,0,0
서해안선,서울,무창포,22:00-23:00,5,3,0,0,0,2,0,0,0,0,0,0,0
서해안선,서울,무창포,23:00-24:00,4,2,0,1,1,0,0,0,0,0,0,0,0
서해안선,서울,무창포,00:00-01:00,1,0,0,0,0,0,1,0,0,0,0,0,0
서해안선,서울,무창포,01:00-02:00,2,0,0,1,0,1,0,0,0,0,0,0,0
서해안선,서울,무창포,02:00-03:00,1,0,0,0,0,1,0,0,0,0,0,0,0
서해안선,서울,무창포,03:00-04:00,6,3,0,0,1,1,1,0,0,0,0,0,0
서해안선,서울,무창포,04:00-05:00,4,2,0,2,0,0,0,0,0,0,0,0,0
서해안선,서울,무창포,05:00-06:00,4,2,0,1,1,0,0,0,0,0,0,0,0
서해안선,서울,무창포,06:00-07:00,11,5,0,3,2,0,0,0,0,0,1,0,0
서해안선,서울,갈산,07:00-08:00,5,4,0,1,0,0,0,0,0,0,0,0,0
서해안선,서울,갈산,08:00-09:00,6,1,1,2,1,0,1,0,0,0,0,0,0
서해안선,서울,갈산,09:00-10:00,4,3,0,1,0,0,0,0,0,0,0,0,0
서해안선,서울,갈산,10:00-11:00,14,7,0,3,1,1,0,2,0,0,0,0,0
서해안선,서울,갈산,11:00-12:00,15,13,0,1,0,0,0,1,0,0,0,0,0
서해안선,서울,갈산,12:00-13:00,15,9,0,4,0,2,0,0,0,0,0,0,0
서해안선,서울,갈산,13:00-14:00,21,15,0,3,2,0,1,0,0,0,0,0,0
서해안선,서울,갈산,14:00-15:00,17,15,0,2,0,0,0,0,0,0,0,0,0
서해안선,서울,갈산,15:00-16:00,17,10,0,5,2,0,0,0,0,0,0,0,0
서해안선,서울,갈산,16:00-17:00,22,22,0,0,0,0,0,0,0,0,0,0,0
서해안선,서울,갈산,17:00-18:00,39,32,0,7,0,0,0,0,0,0,0,0,0
서해안선,서울,갈산,18:00-19:00,20,18,0,2,0,0,0,0,0,0,0,0,0
서해안선,서울,갈산,19:00-20:00,11,11,0,0,0,0,0,0,0,0,0,0,0
서해안선,서울,갈산,20:00-21:00,11,5,0,0,0,1,5,0,0,0,0,0,0
서해안선,서울,갈산,21:00-22:00,8,6,0,0,1,0,0,0,0,0,1,0,0
서해안선,서울,갈산,22:00-23:00,4,4,0,0,0,0,0,0,0,0,0,0,0
서해안선,서울,갈산,23:00-24:00,5,2,0,1,0,0,2,0,0,0,0,0,0
서해안선,서울,갈산,00:00-01:00,5,3,0,0,0,0,2,0,0,0,0,0,0
서해안선,서울,갈산,01:00-02:00,4,3,0,0,1,0,0,0,0,0,0,0,0
서해안선,서울,갈산,02:00-03:00,1,1,0,0,0,0,0,0,0,0,0,0,0
서해안선,서울,갈산,03:00-04:00,1,1,0,0,0,0,0,0,0,0,0,0,0
서해안선,서울,갈산,04:00-05:00,4,2,0,1,0,1,0,0,0,0,0,0,0
서해안선,서울,갈산,05:00-06:00,3,3,0,0,0,0,0,0,0,0,0,0,0
서해안선,서울,갈산,06:00-07:00,8,4,0,1,1,1,1,0,0,0,0,0,0
서해안선,목포,고북,07:00-08:00,12,10,0,1,1,0,0,0,0,0,0,0,0
서해안선,목포,고북,08:00-09:00,9,5,0,2,2,0,0,0,0,0,0,0,0
서해안선,목포,고북,09:00-10:00,9,8,0,1,0,0,0,0,0,0,0,0,0
서해안선,목포,고북,10:00-11:00,13,12,0,0,1,0,0,0,0,0,0,0,0
서해안선,목포,고북,11:00-12:00,13,11,0,2,0,0,0,0,0,0,0,0,0
서해안선,목포,고북,12:00-13:00,15,10,0,3,1,0,0,1,0,0,0,0,0
서해안선,목포,고북,13:00-14:00,23,13,0,6,2,2,0,0,0,0,0,0,0
서해안선,목포,고북,14:00-15:00,21,16,1,3,0,1,0,0,0,0,0,0,0
서해안선,목포,고북,15:00-16:00,21,17,0,4,0,0,0,0,0,0,0,0,0
서해안선,목포,고북,16:00-17:00,21,18,0,3,0,0,0,0,0,0,0,0,0
서해안선,목포,고북,17:00-18:00,20,17,0,3,0,0,0,0,0,0,0,0,0
서해안선,목포,고북,18:00-19:00,10,8,0,2,0,0,0,0,0,0,0,0,0
서해안선,목포,고북,19:00-20:00,8,7,0,1,0,0,0,0,0,0,0,0,0
서해안선,목포,고북,20:00-21:00,6,5,0,1,0,0,0,0,0,0,0,0,0
서해안선,목포,고북,21:00-22:00,6,6,0,0,0,0,0,0,0,0,0,0,0
서해안선,목포,고북,22:00-23:00,9,7,0,1,0,0,1,0,0,0,0,0,0
서해안선,목포,고북,23:00-24:00,7,6,0,1,0,0,0,0,0,0,0,0,0
서해안선,목포,고북,00:00-01:00,3,2,0,1,0,0,0,0,0,0,0,0,0
서해안선,목포,고북,01:00-02:00,6,5,0,1,0,0,0,0,0,0,0,0,0
서해안선,목포,고북,02:00-03:00,6,6,0,0,0,0,0,0,0,0,0,0,0
서해안선,목포,고북,03:00-04:00,14,12,0,2,0,0,0,0,0,0,0,0,0
서해안선,목포,고북,04:00-05:00,13,11,0,1,1,0,0,0,0,0,0,0,0
서해안선,목포,고북,05:00-06:00,4,4,0,0,0,0,0,0,0,0,0,0,0
서해안선,목포,고북,06:00-07:00,8,5,0,3,0,0,0,0,0,0,0,0,0
서해안선,목포,서산,07:00-08:00,19,11,0,7,1,0,0,0,0,0,0,0,0
서해안선,목포,서산,08:00-09:00,28,20,0,5,2,0,0,1,0,0,0,0,0
서해안선,목포,서산,09:00-10:00,31,25,0,4,2,0,0,0,0,0,0,0,0
서해안선,목포,서산,10:00-11:00,54,42,1,7,2,2,0,0,0,0,0,0,0
서해안선,목포,서산,11:00-12:00,37,30,0,6,1,0,0,0,0,0,0,0,0
서해안선,목포,서산,12:00-13:00,30,26,0,2,1,0,0,1,0,0,0,0,0
서해안선,목포,서산,13:00-14:00,62,53,0,4,2,3,0,0,0,0,0,0,0
서해안선,목포,서산,14:00-15:00,89,78,0,8,3,0,0,0,0,0,0,0,0
서해안선,목포,서산,15:00-16:00,33,21,0,7,5,0,0,0,0,0,0,0,0
서해안선,목포,서산,16:00-17:00,35,31,0,2,2,0,0,0,0,0,0,0,0
서해안선,목포,서산,17:00-18:00,30,23,0,5,2,0,0,0,0,0,0,0,0
서해안선,목포,서산,18:00-19:00,20,15,0,2,3,0,0,0,0,0,0,0,0
서해안선,목포,서산,19:00-20:00,16,14,0,2,0,0,0,0,0,0,0,0,0
서해안선,목포,서산,20:00-21:00,12,11,0,0,0,1,0,0,0,0,0,0,0
서해안선,목포,서산,21:00-22:00,10,8,0,1,0,0,1,0,0,0,0,0,0
서해안선,목포,서산,22:00-23:00,11,10,0,0,1,0,0,0,0,0,0,0,0
서해안선,목포,서산,23:00-24:00,4,1,0,1,1,0,0,0,0,0,1,0,0
서해안선,목포,서산,00:00-01:00,3,2,0,0,1,0,0,0,0,0,0,0,0
서해안선,목포,서산,01:00-02:00,15,15,0,0,0,0,0,0,0,0,0,0,0
서해안선,목포,서산,02:00-03:00,9,7,0,1,0,1,0,0,0,0,0,0,0
서해안선,목포,서산,03:00-04:00,12,11,0,0,0,1,0,0,0,0,0,0,0
서해안선,목포,서산,04:00-05:00,10,7,0,0,2,1,0,0,0,0,0,0,0
서해안선,목포,서산,05:00-06:00,11,9,0,2,0,0,0,0,0,0,0,0,0
서해안선,목포,서산,06:00-07:00,14,8,0,3,3,0,0,0,0,0,0,0,0
서해안선,서울,용연,07:00-08:00,30,17,0,8,3,0,1,1,0,0,0,0,0
서해안선,서울,용연,08:00-09:00,49,24,0,18,5,1,1,0,0,0,0,0,0
서해안선,서울,용연,09:00-10:00,51,40,0,8,3,0,0,0,0,0,0,0,0
서해안선,서울,용연,10:00-11:00,60,34,0,15,5,5,0,0,0,0,1,0,0
서해안선,서울,용연,11:00-12:00,57,42,0,10,3,2,0,0,0,0,0,0,0
서해안선,서울,용연,12:00-13:00,48,32,0,11,3,1,0,1,0,0,0,0,0
서해안선,서울,용연,13:00-14:00,92,77,0,12,3,0,0,0,0,0,0,0,0
서해안선,서울,용연,14:00-15:00,78,64,1,10,2,0,1,0,0,0,0,0,0
서해안선,서울,용연,15:00-16:00,86,72,0,14,0,0,0,0,0,0,0,0,0
서해안선,서울,용연,16:00-17:00,106,99,0,6,0,1,0,0,0,0,0,0,0
서해안선,서울,용연,17:00-18:00,107,97,1,9,0,0,0,0,0,0,0,0,0
서해안선,서울,용연,18:00-19:00,82,71,0,7,2,1,1,0,0,0,0,0,0
서해안선,서울,용연,19:00-20:00,64,56,0,5,2,0,1,0,0,0,0,0,0
서해안선,서울,용연,20:00-21:00,37,30,0,5,0,0,2,0,0,0,0,0,0
서해안선,서울,용연,21:00-22:00,35,25,0,5,1,3,1,0,0,0,0,0,0
서해안선,서울,용연,22:00-23:00,14,10,0,1,2,0,0,1,0,0,0,0,0
서해안선,서울,용연,23:00-24:00,13,8,0,1,1,2,1,0,0,0,0,0,0
서해안선,서울,용연,00:00-01:00,6,4,0,1,0,1,0,0,0,0,0,0,0
서해안선,서울,용연,01:00-02:00,6,3,0,2,0,0,1,0,0,0,0,0,0
서해안선,서울,용연,02:00-03:00,11,6,0,2,1,2,0,0,0,0,0,0,0
서해안선,서울,용연,03:00-04:00,2,1,0,1,0,0,0,0,0,0,0,0,0
서해안선,서울,용연,04:00-05:00,10,5,0,1,2,2,0,0,0,0,0,0,0
서해안선,서울,용연,05:00-06:00,18,8,0,3,1,4,0,2,0,0,0,0,0
서해안선,서울,용연,06:00-07:00,23,9,0,6,3,3,2,0,0,0,0,0,0
서해안선,서울,당진,07:00-08:00,17,8,0,3,3,1,2,0,0,0,0,0,0
서해안선,서울,당진,08:00-09:00,19,9,0,4,2,3,1,0,0,0,0,0,0
서해안선,서울,당진,09:00-10:00,34,17,0,7,3,2,4,0,0,0,1,0,0
서해안선,서울,당진,10:00-11:00,34,23,0,3,1,2,4,0,0,0,1,0,0
서해안선,서울,당진,11:00-12:00,35,21,0,3,4,4,1,0,0,0,2,0,0
서해안선,서울,당진,12:00-13:00,39,25,0,5,4,2,2,0,0,0,1,0,0
서해안선,서울,당진,13:00-14:00,48,30,0,13,1,4,0,0,0,0,0,0,0
서해안선,서울,당진,14:00-15:00,47,35,0,7,3,1,0,0,0,0,1,0,0
서해안선,서울,당진,15:00-16:00,47,33,0,10,3,0,1,0,0,0,0,0,0
서해안선,서울,당진,16:00-17:00,89,71,2,9,5,2,0,0,0,0,0,0,0
서해안선,서울,당진,17:00-18:00,75,69,0,5,1,0,0,0,0,0,0,0,0
서해안선,서울,당진,18:00-19:00,53,43,0,7,1,2,0,0,0,0,0,0,0
서해안선,서울,당진,19:00-20:00,19,14,0,4,0,1,0,0,0,0,0,0,0
서해안선,서울,당진,20:00-21:00,12,10,0,0,0,2,0,0,0,0,0,0,0
서해안선,서울,당진,21:00-22:00,14,10,0,1,0,0,2,0,0,0,1,0,0
서해안선,서울,당진,22:00-23:00,13,9,0,0,0,1,3,0,0,0,0,0,0
서해안선,서울,당진,23:00-24:00,7,2,0,1,0,1,1,0,0,0,1,0,1
서해안선,서울,당진,00:00-01:00,3,1,0,1,0,1,0,0,0,0,0,0,0
서해안선,서울,당진,01:00-02:00,8,3,0,2,0,1,2,0,0,0,0,0,0
서해안선,서울,당진,02:00-03:00,11,4,0,1,3,3,0,0,0,0,0,0,0
서해안선,서울,당진,03:00-04:00,6,1,0,0,2,1,1,0,0,0,1,0,0
서해안선,서울,당진,04:00-05:00,9,2,0,1,2,1,3,0,0,0,0,0,0
서해안선,서울,당진,05:00-06:00,8,2,0,1,1,3,1,0,0,0,0,0,0
서해안선,서울,당진,06:00-07:00,17,10,0,5,0,0,2,0,0,0,0,0,0
서해안선,목포,향남,07:00-08:00,51,44,0,4,1,2,0,0,0,0,0,0,0
서해안선,목포,향남,08:00-09:00,51,43,0,4,3,1,0,0,0,0,0,0,0
서해안선,목포,향남,09:00-10:00,42,30,0,7,3,2,0,0,0,0,0,0,0
서해안선,목포,향남,10:00-11:00,93,58,0,22,9,2,1,0,0,0,1,0,0
서해안선,목포,향남,11:00-12:00,88,72,0,11,3,0,1,0,0,0,1,0,0
서해안선,목포,향남,12:00-13:00,66,44,0,16,3,2,1,0,0,0,0,0,0
서해안선,목포,향남,13:00-14:00,52,43,0,6,1,0,2,0,0,0,0,0,0
서해안선,목포,향남,14:00-15:00,49,42,0,7,0,0,0,0,0,0,0,0,0
서해안선,목포,향남,15:00-16:00,59,45,0,8,1,5,0,0,0,0,0,0,0
서해안선,목포,향남,16:00-17:00,45,34,0,5,3,3,0,0,0,0,0,0,0
서해안선,목포,향남,17:00-18:00,31,25,0,3,3,0,0,0,0,0,0,0,0
서해안선,목포,향남,18:00-19:00,17,13,0,3,0,1,0,0,0,0,0,0,0
서해안선,목포,향남,19:00-20:00,16,14,0,1,1,0,0,0,0,0,0,0,0
서해안선,목포,향남,20:00-21:00,16,13,0,0,3,0,0,0,0,0,0,0,0
서해안선,목포,향남,21:00-22:00,6,6,0,0,0,0,0,0,0,0,0,0,0
서해안선,목포,향남,22:00-23:00,10,8,0,0,1,1,0,0,0,0,0,0,0
서해안선,목포,향남,23:00-24:00,7,7,0,0,0,0,0,0,0,0,0,0,0
서해안선,목포,향남,00:00-01:00,3,2,0,1,0,0,0,0,0,0,0,0,0
서해안선,목포,향남,01:00-02:00,5,2,0,1,1,1,0,0,0,0,0,0,0
서해안선,목포,향남,02:00-03:00,5,2,0,0,1,0,2,0,0,0,0,0,0
서해안선,목포,향남,03:00-04:00,8,7,0,1,0,0,0,0,0,0,0,0,0
서해안선,목포,향남,04:00-05:00,9,4,0,3,0,0,1,0,0,0,1,0,0
서해안선,목포,향남,05:00-06:00,21,11,0,2,3,1,4,0,0,0,0,0,0
서해안선,목포,향남,06:00-07:00,48,23,0,19,3,1,1,0,0,0,1,0,0
서해안선,서울,서서울,07:00-08:00,44,29,0,4,1,7,2,0,0,0,0,0,1
서해안선,서울,서서울,08:00-09:00,63,41,0,6,6,8,1,0,0,0,0,0,1
서해안선,서울,서서울,09:00-10:00,70,48,0,11,5,5,1,0,0,0,0,0,0
서해안선,서울,서서울,10:00-11:00,76,52,1,9,6,7,1,0,0,0,0,0,0
서해안선,서울,서서울,11:00-12:00,108,52,0,21,14,19,1,0,0,0,1,0,0
서해안선,서울,서서울,12:00-13:00,114,61,0,22,15,12,4,0,0,0,0,0,0
서해안선,서울,서서울,13:00-14:00,114,73,0,16,8,11,6,0,0,0,0,0,0
서해안선,서울,서서울,14:00-15:00,121,75,0,23,5,11,5,0,0,0,1,0,1
서해안선,서울,서서울,15:00-16:00,135,77,0,24,8,16,9,0,0,0,1,0,0
서해안선,서울,서서울,16:00-17:00,151,113,0,19,6,7,5,0,0,0,1,0,0
서해안선,서울,서서울,17:00-18:00,137,109,1,17,3,5,2,0,0,0,0,0,0
서해안선,서울,서서울,18:00-19:00,147,116,0,15,10,5,1,0,0,0,0,0,0
서해안선,서울,서서울,19:00-20:00,134,111,0,9,10,4,0,0,0,0,0,0,0
서해안선,서울,서서울,20:00-21:00,108,86,0,7,1,8,4,0,0,0,2,0,0
서해안선,서울,서서울,21:00-22:00,36,27,0,5,0,2,0,0,1,0,1,0,0
서해안선,서울,서서울,22:00-23:00,39,31,0,1,4,2,0,0,0,0,1,0,0
서해안선,서울,서서울,23:00-24:00,17,13,0,0,2,2,0,0,0,0,0,0,0
서해안선,서울,서서울,00:00-01:00,12,8,0,1,0,2,1,0,0,0,0,0,0
서해안선,서울,서서울,01:00-02:00,17,5,0,1,1,5,2,0,0,0,1,0,2
서해안선,서울,서서울,02:00-03:00,7,4,0,0,2,1,0,0,0,0,0,0,0
서해안선,서울,서서울,03:00-04:00,4,1,1,1,0,1,0,0,0,0,0,0,0
서해안선,서울,서서울,04:00-05:00,16,6,0,2,2,4,2,0,0,0,0,0,0
서해안선,서울,서서울,05:00-06:00,27,12,0,1,6,7,1,0,0,0,0,0,0
서해안선,서울,서서울,06:00-07:00,33,11,0,5,5,12,0,0,0,0,0,0,0
울산선,언양,울산,07:00-08:00,9,6,0,2,1,0,0,0,0,0,0,0,0
울산선,언양,울산,08:00-09:00,24,17,0,6,1,0,0,0,0,0,0,0,0
울산선,언양,울산,09:00-10:00,28,15,0,11,0,0,0,2,0,0,0,0,0
울산선,언양,울산,10:00-11:00,21,16,0,2,1,1,0,1,0,0,0,0,0
울산선,언양,울산,11:00-12:00,18,13,0,3,1,1,0,0,0,0,0,0,0
울산선,언양,울산,12:00-13:00,30,22,0,7,1,0,0,0,0,0,0,0,0
울산선,언양,울산,13:00-14:00,34,24,0,8,0,1,0,1,0,0,0,0,0
울산선,언양,울산,14:00-15:00,33,22,0,9,2,0,0,0,0,0,0,0,0
울산선,언양,울산,15:00-16:00,26,20,0,3,3,0,0,0,0,0,0,0,0
울산선,언양,울산,16:00-17:00,24,20,0,4,0,0,0,0,0,0,0,0,0
울산선,언양,울산,17:00-18:00,19,13,0,3,2,1,0,0,0,0,0,0,0
울산선,언양,울산,18:00-19:00,19,17,0,0,1,1,0,0,0,0,0,0,0
울산선,언양,울산,19:00-20:00,3,3,0,0,0,0,0,0,0,0,0,0,0
울산선,언양,울산,20:00-21:00,9,8,0,1,0,0,0,0,0,0,0,0,0
울산선,언양,울산,21:00-22:00,1,1,0,0,0,0,0,0,0,0,0,0,0
울산선,언양,울산,22:00-23:00,2,2,0,0,0,0,0,0,0,0,0,0,0
울산선,언양,울산,23:00-24:00,0,0,0,0,0,0,0,0,0,0,0,0,0
울산선,언양,울산,00:00-01:00,4,2,0,0,2,0,0,0,0,0,0,0,0
울산선,언양,울산,01:00-02:00,1,1,0,0,0,0,0,0,0,0,0,0,0
울산선,언양,울산,02:00-03:00,0,0,0,0,0,0,0,0,0,0,0,0,0
울산선,언양,울산,03:00-04:00,0,0,0,0,0,0,0,0,0,0,0,0,0
울산선,언양,울산,04:00-05:00,4,1,0,2,0,1,0,0,0,0,0,0,0
울산선,언양,울산,05:00-06:00,2,2,0,0,0,0,0,0,0,0,0,0,0
울산선,언양,울산,06:00-07:00,7,6,0,1,0,0,0,0,0,0,0,0,0
울산선,울산,울산,07:00-08:00,53,19,0,18,6,9,0,0,0,0,1,0,0
울산선,울산,울산,08:00-09:00,64,33,0,17,7,5,0,1,0,0,1,0,0
울산선,울산,울산,09:00-10:00,80,52,0,16,10,0,0,1,0,0,1,0,0
울산선,울산,울산,10:00-11:00,70,47,0,13,4,3,0,1,0,0,2,0,0
울산선,울산,울산,11:00-12:00,75,49,1,10,9,5,0,1,0,0,0,0,0
울산선,울산,울산,12:00-13:00,89,57,0,20,3,4,0,2,0,0,3,0,0
울산선,울산,울산,13:00-14:00,89,57,0,22,4,3,0,2,0,0,0,0,1
울산선,울산,울산,14:00-15:00,67,48,0,12,3,2,0,2,0,0,0,0,0
울산선,울산,울산,15:00-16:00,81,62,1,10,3,3,0,2,0,0,0,0,0
울산선,울산,울산,16:00-17:00,85,71,0,10,1,1,1,0,0,0,1,0,0
울산선,울산,울산,17:00-18:00,67,54,0,9,2,1,1,0,0,0,0,0,0
울산선,울산,울산,18:00-19:00,49,39,0,4,1,1,0,2,0,0,1,0,1
울산선,울산,울산,19:00-20:00,44,37,0,4,2,1,0,0,0,0,0,0,0
울산선,울산,울산,20:00-21:00,24,20,0,2,1,1,0,0,0,0,0,0,0
울산선,울산,울산,21:00-22:00,18,15,0,2,1,0,0,0,0,0,0,0,0
울산선,울산,울산,22:00-23:00,17,16,0,0,0,0,0,1,0,0,0,0,0
울산선,울산,울산,23:00-24:00,8,7,0,0,0,1,0,0,0,0,0,0,0
울산선,울산,울산,00:00-01:00,7,5,0,1,1,0,0,0,0,0,0,0,0
울산선,울산,울산,01:00-02:00,5,4,0,1,0,0,0,0,0,0,0,0,0
울산선,울산,울산,02:00-03:00,5,4,0,0,0,1,0,0,0,0,0,0,0
울산선,울산,울산,03:00-04:00,5,2,0,1,0,2,0,0,0,0,0,0,0
울산선,울산,울산,04:00-05:00,10,0,0,4,1,1,1,1,0,0,1,1,0
울산선,울산,울산,05:00-06:00,21,4,0,6,2,4,2,1,0,0,2,0,0
울산선,울산,울산,06:00-07:00,35,10,0,11,2,7,0,4,0,0,1,0,0
익산포항선,익산,완주,07:00-08:00,7,4,0,2,1,0,0,0,0,0,0,0,0
익산포항선,익산,완주,08:00-09:00,15,9,0,4,0,0,1,0,0,0,1,0,0
익산포항선,익산,완주,09:00-10:00,19,13,0,4,0,1,0,0,0,0,0,0,1
익산포항선,익산,완주,10:00-11:00,26,17,1,4,2,1,0,0,0,0,1,0,0
익산포항선,익산,완주,11:00-12:00,13,10,0,2,0,1,0,0,0,0,0,0,0
익산포항선,익산,완주,12:00-13:00,20,13,0,6,0,1,0,0,0,0,0,0,0
익산포항선,익산,완주,13:00-14:00,23,18,0,4,0,0,0,0,0,0,1,0,0
익산포항선,익산,완주,14:00-15:00,31,25,0,4,1,1,0,0,0,0,0,0,0
익산포항선,익산,완주,15:00-16:00,41,34,0,3,2,0,1,1,0,0,0,0,0
익산포항선,익산,완주,16:00-17:00,20,16,1,1,2,0,0,0,0,0,0,0,0
익산포항선,익산,완주,17:00-18:00,25,19,0,3,1,0,0,0,0,0,2,0,0
익산포항선,익산,완주,18:00-19:00,21,16,1,3,1,0,0,0,0,0,0,0,0
익산포항선,익산,완주,19:00-20:00,8,7,0,1,0,0,0,0,0,0,0,0,0
익산포항선,익산,완주,20:00-21:00,15,8,0,6,1,0,0,0,0,0,0,0,0
익산포항선,익산,완주,21:00-22:00,13,10,0,2,0,1,0,0,0,0,0,0,0
익산포항선,익산,완주,22:00-23:00,12,4,0,0,3,3,0,2,0,0,0,0,0
익산포항선,익산,완주,23:00-24:00,3,1,0,1,0,0,0,1,0,0,0,0,0
익산포항선,익산,완주,00:00-01:00,4,3,0,1,0,0,0,0,0,0,0,0,0
익산포항선,익산,완주,01:00-02:00,3,2,0,1,0,0,0,0,0,0,0,0,0
익산포항선,익산,완주,02:00-03:00,4,2,0,0,0,0,0,1,0,0,1,0,0
익산포항선,익산,완주,03:00-04:00,1,0,0,0,0,0,0,1,0,0,0,0,0
익산포항선,익산,완주,04:00-05:00,5,1,0,0,0,3,0,1,0,0,0,0,0
익산포항선,익산,완주,05:00-06:00,6,2,0,1,0,1,0,1,0,0,1,0,0
익산포항선,익산,완주,06:00-07:00,10,6,0,0,0,3,0,0,0,0,1,0,0
익산포항선,장수,완주,07:00-08:00,14,4,0,3,5,0,0,1,1,0,0,0,0
익산포항선,장수,완주,08:00-09:00,15,6,0,8,0,1,0,0,0,0,0,0,0
익산포항선,장수,완주,09:00-10:00,22,18,1,2,0,1,0,0,0,0,0,0,0
익산포항선,장수,완주,10:00-11:00,23,17,0,4,2,0,0,0,0,0,0,0,0
익산포항선,장수,완주,11:00-12:00,16,12,1,2,1,0,0,0,0,0,0,0,0
익산포항선,장수,완주,12:00-13:00,14,10,0,3,0,1,0,0,0,0,0,0,0
익산포항선,장수,완주,13:00-14:00,16,13,0,3,0,0,0,0,0,0,0,0,0
익산포항선,장수,완주,14:00-15:00,22,16,0,1,3,1,1,0,0,0,0,0,0
익산포항선,장수,완주,15:00-16:00,18,15,0,3,0,0,0,0,0,0,0,0,0
익산포항선,장수,완주,16:00-17:00,21,18,0,2,0,1,0,0,0,0,0,0,0
익산포항선,장수,완주,17:00-18:00,20,18,0,1,1,0,0,0,0,0,0,0,0
익산포항선,장수,완주,18:00-19:00,17,11,0,4,1,1,0,0,0,0,0,0,0
익산포항선,장수,완주,19:00-20:00,8,6,0,2,0,0,0,0,0,0,0,0,0
익산포항선,장수,완주,20:00-21:00,9,4,0,3,1,1,0,0,0,0,0,0,0
익산포항선,장수,완주,21:00-22:00,5,4,0,1,0,0,0,0,0,0,0,0,0
익산포항선,장수,완주,22:00-23:00,3,3,0,0,0,0,0,0,0,0,0,0,0
익산포항선,장수,완주,23:00-24:00,9,7,0,2,0,0,0,0,0,0,0,0,0
익산포항선,장수,완주,00:00-01:00,7,0,0,0,4,2,1,0,0,0,0,0,0
익산포항선,장수,완주,01:00-02:00,6,3,0,0,3,0,0,0,0,0,0,0,0
익산포항선,장수,완주,02:00-03:00,3,2,0,1,0,0,0,0,0,0,0,0,0
익산포항선,장수,완주,03:00-04:00,1,1,0,0,0,0,0,0,0,0,0,0,0
익산포항선,장수,완주,04:00-05:00,4,2,0,2,0,0,0,0,0,0,0,0,0
익산포항선,장수,완주,05:00-06:00,6,3,0,1,1,1,0,0,0,0,0,0,0
익산포항선,장수,완주,06:00-07:00,15,5,0,7,1,1,0,0,1,0,0,0,0
익산포항선,익산,마이산,07:00-08:00,4,2,0,0,1,0,0,1,0,0,0,0,0
익산포항선,익산,마이산,08:00-09:00,14,2,0,4,4,3,1,0,0,0,0,0,0
익산포항선,익산,마이산,09:00-10:00,9,7,0,1,1,0,0,0,0,0,0,0,0
익산포항선,익산,마이산,10:00-11:00,14,10,0,1,1,0,1,0,0,0,1,0,0
익산포항선,익산,마이산,11:00-12:00,11,7,0,1,2,0,1,0,0,0,0,0,0
익산포항선,익산,마이산,12:00-13:00,17,5,0,6,4,1,1,0,0,0,0,0,0
익산포항선,익산,마이산,13:00-14:00,20,13,0,4,2,0,0,1,0,0,0,0,0
익산포항선,익산,마이산,14:00-15:00,9,7,0,2,0,0,0,0,0,0,0,0,0
익산포항선,익산,마이산,15:00-16:00,19,9,0,4,5,0,0,1,0,0,0,0,0
익산포항선,익산,마이산,16:00-17:00,14,10,0,3,1,0,0,0,0,0,0,0,0
익산포항선,익산,마이산,17:00-18:00,10,4,0,3,1,0,1,1,0,0,0,0,0
익산포항선,익산,마이산,18:00-19:00,8,7,0,1,0,0,0,0,0,0,0,0,0
익산포항선,익산,마이산,19:00-20:00,11,7,0,3,1,0,0,0,0,0,0,0,0
익산포항선,익산,마이산,20:00-21:00,3,2,0,0,1,0,0,0,0,0,0,0,0
익산포항선,익산,마이산,21:00-22:00,4,2,0,0,1,0,0,0,0,0,0,1,0
익산포항선,익산,마이산,22:00-23:00,6,3,0,1,1,1,0,0,0,0,0,0,0
익산포항선,익산,마이산,23:00-24:00,1,0,0,0,0,0,0,0,0,0,1,0,0
익산포항선,익산,마이산,00:00-01:00,1,1,0,0,0,0,0,0,0,0,0,0,0
익산포항선,익산,마이산,01:00-02:00,3,2,0,0,0,1,0,0,0,0,0,0,0
익산포항선,익산,마이산,02:00-03:00,4,1,0,0,0,0,1,0,0,0,0,1,1
익산포항선,익산,마이산,03:00-04:00,1,0,0,0,0,0,0,0,0,0,0,1,0
익산포항선,익산,마이산,04:00-05:00,6,0,0,1,3,2,0,0,0,0,0,0,0
익산포항선,익산,마이산,05:00-06:00,4,0,0,0,1,1,1,0,0,0,0,0,1
익산포항선,익산,마이산,06:00-07:00,6,0,0,3,3,0,0,0,0,0,0,0,0
익산포항선,장수,마이산,07:00-08:00,8,3,0,4,1,0,0,0,0,0,0,0,0
익산포항선,장수,마이산,08:00-09:00,8,7,0,1,0,0,0,0,0,0,0,0,0
익산포항선,장수,마이산,09:00-10:00,10,6,0,3,1,0,0,0,0,0,0,0,0
익산포항선,장수,마이산,10:00-11:00,18,10,0,3,0,3,1,0,0,0,1,0,0
익산포항선,장수,마이산,11:00-12:00,11,5,0,3,1,2,0,0,0,0,0,0,0
익산포항선,장수,마이산,12:00-13:00,9,7,0,1,1,0,0,0,0,0,0,0,0
익산포항선,장수,마이산,13:00-14:00,18,12,0,1,3,1,1,0,0,0,0,0,0
익산포항선,장수,마이산,14:00-15:00,17,15,0,0,0,2,0,0,0,0,0,0,0
익산포항선,장수,마이산,15:00-16:00,14,11,0,2,1,0,0,0,0,0,0,0,0
익산포항선,장수,마이산,16:00-17:00,15,15,0,0,0,0,0,0,0,0,0,0,0
익산포항선,장수,마이산,17:00-18:00,10,7,0,1,2,0,0,0,0,0,0,0,0
익산포항선,장수,마이산,18:00-19:00,9,9,0,0,0,0,0,0,0,0,0,0,0
익산포항선,장수,마이산,19:00-20:00,8,7,1,0,0,0,0,0,0,0,0,0,0
익산포항선,장수,마이산,20:00-21:00,7,4,0,2,0,0,1,0,0,0,0,0,0
익산포항선,장수,마이산,21:00-22:00,4,2,0,0,0,2,0,0,0,0,0,0,0
익산포항선,장수,마이산,22:00-23:00,4,1,0,0,2,0,1,0,0,0,0,0,0
익산포항선,장수,마이산,23:00-24:00,1,1,0,0,0,0,0,0,0,0,0,0,0
익산포항선,장수,마이산,00:00-01:00,2,2,0,0,0,0,0,0,0,0,0,0,0
익산포항선,장수,마이산,01:00-02:00,1,1,0,0,0,0,0,0,0,0,0,0,0
익산포항선,장수,마이산,02:00-03:00,2,0,0,0,1,0,1,0,0,0,0,0,0
익산포항선,장수,마이산,03:00-04:00,2,1,0,0,0,0,1,0,0,0,0,0,0
익산포항선,장수,마이산,04:00-05:00,3,1,0,0,1,0,1,0,0,0,0,0,0
익산포항선,장수,마이산,05:00-06:00,8,2,0,3,1,2,0,0,0,0,0,0,0
익산포항선,장수,마이산,06:00-07:00,8,7,0,1,0,0,0,0,0,0,0,0,0
호남선,천안,주암,07:00-08:00,9,6,0,1,1,0,0,0,0,0,0,0,1
호남선,천안,주암,08:00-09:00,13,9,0,3,0,1,0,0,0,0,0,0,0
호남선,천안,주암,09:00-10:00,17,14,1,1,0,1,0,0,0,0,0,0,0
호남선,천안,주암,10:00-11:00,18,11,0,1,4,0,0,0,0,0,0,2,0
호남선,천안,주암,11:00-12:00,13,10,0,1,1,1,0,0,0,0,0,0,0
호남선,천안,주암,12:00-13:00,19,16,0,2,1,0,0,0,0,0,0,0,0
호남선,천안,주암,13:00-14:00,33,26,0,6,0,1,0,0,0,0,0,0,0
호남선,천안,주암,14:00-15:00,21,16,0,4,1,0,0,0,0,0,0,0,0
호남선,천안,주암,15:00-16:00,28,21,0,3,3,0,1,0,0,0,0,0,0
호남선,천안,주암,16:00-17:00,20,15,0,4,1,0,0,0,0,0,0,0,0
호남선,천안,주암,17:00-18:00,24,19,0,4,1,0,0,0,0,0,0,0,0
호남선,천안,주암,18:00-19:00,14,12,0,2,0,0,0,0,0,0,0,0,0
호남선,천안,주암,19:00-20:00,9,9,0,0,0,0,0,0,0,0,0,0,0
호남선,천안,주암,20:00-21:00,6,6,0,0,0,0,0,0,0,0,0,0,0
호남선,천안,주암,21:00-22:00,5,4,0,0,1,0,0,0,0,0,0,0,0
호남선,천안,주암,22:00-23:00,4,3,0,0,0,1,0,0,0,0,0,0,0
호남선,천안,주암,23:00-24:00,3,2,0,1,0,0,0,0,0,0,0,0,0
호남선,천안,주암,00:00-01:00,0,0,0,0,0,0,0,0,0,0,0,0,0
호남선,천안,주암,01:00-02:00,1,0,0,0,1,0,0,0,0,0,0,0,0
호남선,천안,주암,02:00-03:00,2,2,0,0,0,0,0,0,0,0,0,0,0
호남선,천안,주암,03:00-04:00,1,0,0,1,0,0,0,0,0,0,0,0,0
호남선,천안,주암,04:00-05:00,1,0,0,0,0,1,0,0,0,0,0,0,0
호남선,천안,주암,05:00-06:00,3,1,0,0,1,0,1,0,0,0,0,0,0
호남선,천안,주암,06:00-07:00,6,2,0,2,1,1,0,0,0,0,0,0,0
호남선,순천,대덕,07:00-08:00,6,3,0,2,1,0,0,0,0,0,0,0,0
호남선,순천,대덕,08:00-09:00,5,2,0,3,0,0,0,0,0,0,0,0,0
호남선,순천,대덕,09:00-10:00,13,8,0,3,2,0,0,0,0,0,0,0,0
호남선,순천,대덕,10:00-11:00,23,18,0,2,3,0,0,0,0,0,0,0,0
호남선,순천,대덕,11:00-12:00,15,14,0,1,0,0,0,0,0,0,0,0,0
호남선,순천,대덕,12:00-13:00,18,14,0,2,0,1,0,1,0,0,0,0,0
호남선,순천,대덕,13:00-14:00,14,11,0,1,2,0,0,0,0,0,0,0,0
호남선,순천,대덕,14:00-15:00,12,10,0,1,1,0,0,0,0,0,0,0,0
호남선,순천,대덕,15:00-16:00,11,9,0,2,0,0,0,0,0,0,0,0,0
호남선,순천,대덕,16:00-17:00,12,11,0,1,0,0,0,0,0,0,0,0,0
호남선,순천,대덕,17:00-18:00,10,10,0,0,0,0,0,0,0,0,0,0,0
호남선,순천,대덕,18:00-19:00,12,9,0,2,1,0,0,0,0,0,0,0,0
호남선,순천,대덕,19:00-20:00,3,3,0,0,0,0,0,0,0,0,0,0,0
호남선,순천,대덕,20:00-21:00,5,4,0,0,0,1,0,0,0,0,0,0,0
호남선,순천,대덕,21:00-22:00,5,5,0,0,0,0,0,0,0,0,0,0,0
호남선,순천,대덕,22:00-23:00,6,5,0,1,0,0,0,0,0,0,0,0,0
호남선,순천,대덕,23:00-24:00,1,1,0,0,0,0,0,0,0,0,0,0,0
호남선,순천,대덕,00:00-01:00,1,0,0,1,0,0,0,0,0,0,0,0,0
호남선,순천,대덕,01:00-02:00,1,1,0,0,0,0,0,0,0,0,0,0,0
호남선,순천,대덕,02:00-03:00,0,0,0,0,0,0,0,0,0,0,0,0,0
호남선,순천,대덕,03:00-04:00,1,1,0,0,0,0,0,0,0,0,0,0,0
호남선,순천,대덕,04:00-05:00,1,0,0,0,1,0,0,0,0,0,0,0,0
호남선,순천,대덕,05:00-06:00,3,1,0,0,2,0,0,0,0,0,0,0,0
호남선,순천,대덕,06:00-07:00,7,1,0,4,0,1,1,0,0,0,0,0,0
호남선,천안,광산,07:00-08:00,13,12,0,0,0,0,0,1,0,0,0,0,0
호남선,천안,광산,08:00-09:00,20,9,0,2,3,4,1,1,0,0,0,0,0
호남선,천안,광산,09:00-10:00,19,10,0,5,2,1,1,0,0,0,0,0,0
호남선,천안,광산,10:00-11:00,20,13,0,4,1,1,0,1,0,0,0,0,0
호남선,천안,광산,11:00-12:00,19,13,0,4,0,2,0,0,0,0,0,0,0
호남선,천안,광산,12:00-13:00,16,11,0,0,2,3,0,0,0,0,0,0,0
호남선,천안,광산,13:00-14:00,21,15,0,5,1,0,0,0,0,0,0,0,0
호남선,천안,광산,14:00-15:00,24,15,0,5,2,2,0,0,0,0,0,0,0
호남선,천안,광산,15:00-16:00,16,13,0,3,0,0,0,0,0,0,0,0,0
호남선,천안,광산,16:00-17:00,15,14,0,1,0,0,0,0,0,0,0,0,0
호남선,천안,광산,17:00-18:00,11,10,0,0,1,0,0,0,0,0,0,0,0
호남선,천안,광산,18:00-19:00,15,10,0,4,1,0,0,0,0,0,0,0,0
호남선,천안,광산,19:00-20:00,9,6,0,2,0,0,0,1,0,0,0,0,0
호남선,천안,광산,20:00-21:00,10,2,0,4,1,1,2,0,0,0,0,0,0
호남선,천안,광산,21:00-22:00,1,0,0,1,0,0,0,0,0,0,0,0,0
호남선,천안,광산,22:00-23:00,3,0,0,0,0,2,1,0,0,0,0,0,0
호남선,천안,광산,23:00-24:00,6,2,0,1,0,0,3,0,0,0,0,0,0
호남선,천안,광산,00:00-01:00,4,0,0,2,1,0,1,0,0,0,0,0,0
호남선,천안,광산,01:00-02:00,0,0,0,0,0,0,0,0,0,0,0,0,0
호남선,천안,광산,02:00-03:00,0,0,0,0,0,0,0,0,0,0,0,0,0
호남선,천안,광산,03:00-04:00,2,0,0,1,1,0,0,0,0,0,0,0,0
호남선,천안,광산,04:00-05:00,1,0,0,0,1,0,0,0,0,0,0,0,0
호남선,천안,광산,05:00-06:00,1,1,0,0,0,0,0,0,0,0,0,0,0
호남선,천안,광산,06:00-07:00,4,3,0,0,0,0,0,0,0,0,0,0,1
호남선,순천,장성,07:00-08:00,16,9,0,4,1,0,0,2,0,0,0,0,0
호남선,순천,장성,08:00-09:00,13,11,0,1,1,0,0,0,0,0,0,0,0
호남선,순천,장성,09:00-10:00,21,14,0,5,2,0,0,0,0,0,0,0,0
호남선,순천,장성,10:00-11:00,22,13,0,6,2,1,0,0,0,0,0,0,0
호남선,순천,장성,11:00-12:00,30,19,0,8,0,1,2,0,0,0,0,0,0
호남선,순천,장성,12:00-13:00,22,13,0,2,1,3,1,2,0,0,0,0,0
호남선,순천,장성,13:00-14:00,29,20,0,4,1,0,2,1,0,0,1,0,0
호남선,순천,장성,14:00-15:00,35,23,0,3,8,1,0,0,0,0,0,0,0
호남선,순천,장성,15:00-16:00,21,17,0,1,2,0,0,1,0,0,0,0,0
호남선,순천,장성,16:00-17:00,32,24,0,7,1,0,0,0,0,0,0,0,0
호남선,순천,장성,17:00-18:00,25,21,0,3,0,0,0,1,0,0,0,0,0
호남선,순천,장성,18:00-19:00,30,25,2,1,1,1,0,0,0,0,0,0,0
호남선,순천,장성,19:00-20:00,18,14,0,2,2,0,0,0,0,0,0,0,0
호남선,순천,장성,20:00-21:00,12,9,0,0,2,1,0,0,0,0,0,0,0
호남선,순천,장성,21:00-22:00,14,12,0,1,0,1,0,0,0,0,0,0,0
호남선,순천,장성,22:00-23:00,8,5,0,1,0,0,0,2,0,0,0,0,0
호남선,순천,장성,23:00-24:00,7,4,0,0,0,3,0,0,0,0,0,0,0
호남선,순천,장성,00:00-01:00,10,7,0,1,0,2,0,0,0,0,0,0,0
호남선,순천,장성,01:00-02:00,4,4,0,0,0,0,0,0,0,0,0,0,0
호남선,순천,장성,02:00-03:00,5,2,0,0,0,3,0,0,0,0,0,0,0
호남선,순천,장성,03:00-04:00,3,1,0,0,0,2,0,0,0,0,0,0,0
호남선,순천,장성,04:00-05:00,9,2,0,1,1,4,0,1,0,0,0,0,0
호남선,순천,장성,05:00-06:00,6,2,0,0,1,1,1,0,0,0,0,1,0
호남선,순천,장성,06:00-07:00,13,6,0,3,3,1,0,0,0,0,0,0,0
호남선,순천,내장산,07:00-08:00,14,6,0,2,4,2,0,0,0,0,0,0,0
호남선,순천,내장산,08:00-09:00,17,13,0,3,1,0,0,0,0,0,0,0,0
호남선,순천,내장산,09:00-10:00,14,10,0,1,3,0,0,0,0,0,0,0,0
호남선,순천,내장산,10:00-11:00,19,16,0,2,1,0,0,0,0,0,0,0,0
호남선,순천,내장산,11:00-12:00,22,14,0,6,1,0,1,0,0,0,0,0,0
호남선,순천,내장산,12:00-13:00,14,7,0,4,1,2,0,0,0,0,0,0,0
호남선,순천,내장산,13:00-14:00,20,15,1,0,4,0,0,0,0,0,0,0,0
호남선,순천,내장산,14:00-15:00,26,20,0,2,4,0,0,0,0,0,0,0,0
호남선,순천,내장산,15:00-16:00,22,17,0,2,1,2,0,0,0,0,0,0,0
호남선,순천,내장산,16:00-17:00,29,23,0,4,2,0,0,0,0,0,0,0,0
호남선,순천,내장산,17:00-18:00,26,25,0,1,0,0,0,0,0,0,0,0,0
호남선,순천,내장산,18:00-19:00,27,22,0,4,0,1,0,0,0,0,0,0,0
호남선,순천,내장산,19:00-20:00,14,9,1,4,0,0,0,0,0,0,0,0,0
호남선,순천,내장산,20:00-21:00,17,17,0,0,0,0,0,0,0,0,0,0,0
호남선,순천,내장산,21:00-22:00,5,5,0,0,0,0,0,0,0,0,0,0,0
호남선,순천,내장산,22:00-23:00,8,6,0,0,0,2,0,0,0,0,0,0,0
호남선,순천,내장산,23:00-24:00,2,1,0,1,0,0,0,0,0,0,0,0,0
호남선,순천,내장산,00:00-01:00,7,3,0,0,3,1,0,0,0,0,0,0,0
호남선,순천,내장산,01:00-02:00,2,1,0,0,1,0,0,0,0,0,0,0,0
호남선,순천,내장산,02:00-03:00,4,3,0,0,1,0,0,0,0,0,0,0,0
호남선,순천,내장산,03:00-04:00,3,2,0,0,1,0,0,0,0,0,0,0,0
호남선,순천,내장산,04:00-05:00,5,1,0,0,2,1,1,0,0,0,0,0,0
호남선,순천,내장산,05:00-06:00,9,2,0,1,1,4,1,0,0,0,0,0,0
호남선,순천,내장산,06:00-07:00,8,2,0,2,1,3,0,0,0,0,0,0,0
호남선,천안,내장산,07:00-08:00,18,10,0,2,2,3,1,0,0,0,0,0,0
호남선,천안,내장산,08:00-09:00,19,13,0,4,2,0,0,0,0,0,0,0,0
호남선,천안,내장산,09:00-10:00,23,17,0,4,1,1,0,0,0,0,0,0,0
호남선,천안,내장산,10:00-11:00,25,16,0,7,1,0,1,0,0,0,0,0,0
호남선,천안,내장산,11:00-12:00,32,20,0,9,1,1,0,1,0,0,0,0,0
호남선,천안,내장산,12:00-13:00,20,13,0,6,0,1,0,0,0,0,0,0,0
호남선,천안,내장산,13:00-14:00,25,21,0,3,1,0,0,0,0,0,0,0,0
호남선,천안,내장산,14:00-15:00,31,25,0,5,1,0,0,0,0,0,0,0,0
호남선,천안,내장산,15:00-16:00,27,19,0,6,2,0,0,0,0,0,0,0,0
호남선,천안,내장산,16:00-17:00,26,18,0,5,1,1,1,0,0,0,0,0,0
호남선,천안,내장산,17:00-18:00,24,19,0,3,2,0,0,0,0,0,0,0,0
호남선,천안,내장산,18:00-19:00,9,7,0,1,0,1,0,0,0,0,0,0,0
호남선,천안,내장산,19:00-20:00,16,13,0,3,0,0,0,0,0,0,0,0,0
호남선,천안,내장산,20:00-21:00,10,10,0,0,0,0,0,0,0,0,0,0,0
호남선,천안,내장산,21:00-22:00,3,2,0,1,0,0,0,0,0,0,0,0,0
호남선,천안,내장산,22:00-23:00,3,1,0,0,0,2,0,0,0,0,0,0,0
호남선,천안,내장산,23:00-24:00,7,3,0,1,0,3,0,0,0,0,0,0,0
호남선,천안,내장산,00:00-01:00,2,2,0,0,0,0,0,0,0,0,0,0,0
호남선,천안,내장산,01:00-02:00,1,0,0,0,0,0,0,0,0,0,1,0,0
호남선,천안,내장산,02:00-03:00,1,1,0,0,0,0,0,0,0,0,0,0,0
호남선,천안,내장산,03:00-04:00,2,2,0,0,0,0,0,0,0,0,0,0,0
호남선,천안,내장산,04:00-05:00,5,2,0,0,2,1,0,0,0,0,0,0,0
호남선,천안,내장산,05:00-06:00,7,4,0,1,1,1,0,0,0,0,0,0,0
호남선,천안,내장산,06:00-07:00,7,5,0,2,0,0,0,0,0,0,0,0,0
호남선,천안,전주,07:00-08:00,10,6,0,1,1,2,0,0,0,0,0,0,0
호남선,천안,전주,08:00-09:00,10,5,0,3,0,1,1,0,0,0,0,0,0
호남선,천안,전주,09:00-10:00,13,7,0,3,1,1,0,0,0,0,0,0,1
호남선,천안,전주,10:00-11:00,23,13,0,4,2,3,1,0,0,0,0,0,0
호남선,천안,전주,11:00-12:00,12,12,0,0,0,0,0,0,0,0,0,0,0
호남선,천안,전주,12:00-13:00,15,8,0,4,3,0,0,0,0,0,0,0,0
호남선,천안,전주,13:00-14:00,15,11,0,2,1,1,0,0,0,0,0,0,0
호남선,천안,전주,14:00-15:00,23,16,0,3,2,1,0,0,0,0,1,0,0
호남선,천안,전주,15:00-16:00,17,12,0,1,2,1,1,0,0,0,0,0,0
호남선,천안,전주,16:00-17:00,16,14,0,0,1,1,0,0,0,0,0,0,0
호남선,천안,전주,17:00-18:00,17,15,0,0,1,1,0,0,0,0,0,0,0
호남선,천안,전주,18:00-19:00,13,12,0,0,0,0,1,0,0,0,0,0,0
호남선,천안,전주,19:00-20:00,6,5,0,1,0,0,0,0,0,0,0,0,0
호남선,천안,전주,20:00-21:00,8,4,0,1,1,1,1,0,0,0,0,0,0
호남선,천안,전주,21:00-22:00,7,5,0,1,1,0,0,0,0,0,0,0,0
호남선,천안,전주,22:00-23:00,9,5,0,0,0,2,1,0,0,0,1,0,0
호남선,천안,전주,23:00-24:00,5,1,0,1,0,3,0,0,0,0,0,0,0
호남선,천안,전주,00:00-01:00,2,1,0,0,0,0,1,0,0,0,0,0,0
호남선,천안,전주,01:00-02:00,2,2,0,0,0,0,0,0,0,0,0,0,0
호남선,천안,전주,02:00-03:00,3,2,0,0,0,0,1,0,0,0,0,0,0
호남선,천안,전주,03:00-04:00,3,1,0,0,1,1,0,0,0,0,0,0,0
호남선,천안,전주,04:00-05:00,3,2,0,0,0,1,0,0,0,0,0,0,0
호남선,천안,전주,05:00-06:00,5,3,0,1,1,0,0,0,0,0,0,0,0
호남선,천안,전주,06:00-07:00,4,1,0,0,1,2,0,0,0,0,0,0,0
호남선,순천,삼례,07:00-08:00,25,17,0,5,0,1,1,0,0,0,1,0,0
호남선,순천,삼례,08:00-09:00,26,17,0,5,1,2,1,0,0,0,0,0,0
호남선,순천,삼례,09:00-10:00,32,22,0,7,0,2,1,0,0,0,0,0,0
호남선,순천,삼례,10:00-11:00,26,19,0,4,2,1,0,0,0,0,0,0,0
호남선,순천,삼례,11:00-12:00,35,27,0,2,0,5,1,0,0,0,0,0,0
호남선,순천,삼례,12:00-13:00,25,20,0,1,2,1,1,0,0,0,0,0,0
호남선,순천,삼례,13:00-14:00,34,28,0,4,1,1,0,0,0,0,0,0,0
호남선,순천,삼례,14:00-15:00,35,31,0,3,1,0,0,0,0,0,0,0,0
호남선,순천,삼례,15:00-16:00,37,31,0,4,1,1,0,0,0,0,0,0,0
호남선,순천,삼례,16:00-17:00,35,27,0,6,2,0,0,0,0,0,0,0,0
호남선,순천,삼례,17:00-18:00,43,38,0,5,0,0,0,0,0,0,0,0,0
호남선,순천,삼례,18:00-19:00,29,25,0,3,0,1,0,0,0,0,0,0,0
호남선,순천,삼례,19:00-20:00,17,17,0,0,0,0,0,0,0,0,0,0,0
호남선,순천,삼례,20:00-21:00,16,12,0,1,0,1,1,0,0,0,1,0,0
호남선,순천,삼례,21:00-22:00,17,14,0,1,0,2,0,0,0,0,0,0,0
호남선,순천,삼례,22:00-23:00,14,10,0,2,1,1,0,0,0,0,0,0,0
호남선,순천,삼례,23:00-24:00,9,8,0,0,0,1,0,0,0,0,0,0,0
호남선,순천,삼례,00:00-01:00,9,7,0,0,0,2,0,0,0,0,0,0,0
호남선,순천,삼례,01:00-02:00,14,10,0,0,1,3,0,0,0,0,0,0,0
호남선,순천,삼례,02:00-03:00,8,6,0,0,0,1,1,0,0,0,0,0,0
호남선,순천,삼례,03:00-04:00,6,2,0,0,1,3,0,0,0,0,0,0,0
호남선,순천,삼례,04:00-05:00,6,1,0,2,0,2,0,1,0,0,0,0,0
호남선,순천,삼례,05:00-06:00,7,4,0,1,1,1,0,0,0,0,0,0,0
호남선,순천,삼례,06:00-07:00,13,7,0,3,1,1,1,0,0,0,0,0,0
세종포천선(구리~포천),구리,소흘,07:00-08:00,8,3,0,4,0,0,0,1,0,0,0,0,0
세종포천선(구리~포천),구리,소흘,08:00-09:00,22,11,0,5,3,2,1,0,0,0,0,0,0
세종포천선(구리~포천),구리,소흘,09:00-10:00,40,21,0,10,6,1,2,0,0,0,0,0,0
세종포천선(구리~포천),구리,소흘,10:00-11:00,30,14,0,12,2,1,1,0,0,0,0,0,0
세종포천선(구리~포천),구리,소흘,11:00-12:00,36,22,0,7,4,1,1,0,0,0,1,0,0
세종포천선(구리~포천),구리,소흘,12:00-13:00,44,24,0,13,3,2,2,0,0,0,0,0,0
세종포천선(구리~포천),구리,소흘,13:00-14:00,44,27,0,12,3,1,1,0,0,0,0,0,0
세종포천선(구리~포천),구리,소흘,14:00-15:00,47,32,0,9,2,2,0,2,0,0,0,0,0
세종포천선(구리~포천),구리,소흘,15:00-16:00,51,39,0,10,1,0,1,0,0,0,0,0,0
세종포천선(구리~포천),구리,소흘,16:00-17:00,34,26,1,6,1,0,0,0,0,0,0,0,0
세종포천선(구리~포천),구리,소흘,17:00-18:00,30,22,0,5,1,1,1,0,0,0,0,0,0
세종포천선(구리~포천),구리,소흘,18:00-19:00,39,33,0,4,0,1,1,0,0,0,0,0,0
세종포천선(구리~포천),구리,소흘,19:00-20:00,31,26,0,2,0,2,0,0,0,0,0,0,1
세종포천선(구리~포천),구리,소흘,20:00-21:00,13,8,0,3,1,1,0,0,0,0,0,0,0
세종포천선(구리~포천),구리,소흘,21:00-22:00,12,9,0,2,0,0,0,0,0,0,1,0,0
세종포천선(구리~포천),구리,소흘,22:00-23:00,10,8,0,1,0,0,0,0,0,0,1,0,0
세종포천선(구리~포천),구리,소흘,23:00-24:00,0,0,0,0,0,0,0,0,0,0,0,0,0
세종포천선(구리~포천),구리,소흘,00:00-01:00,8,3,0,2,0,1,1,0,0,0,1,0,0
세종포천선(구리~포천),구리,소흘,01:00-02:00,3,2,0,1,0,0,0,0,0,0,0,0,0
세종포천선(구리~포천),구리,소흘,02:00-03:00,1,0,0,0,0,0,0,0,0,0,1,0,0
세종포천선(구리~포천),구리,소흘,03:00-04:00,2,0,0,0,0,0,1,1,0,0,0,0,0
세종포천선(구리~포천),구리,소흘,04:00-05:00,0,0,0,0,0,0,0,0,0,0,0,0,0
세종포천선(구리~포천),구리,소흘,05:00-06:00,8,4,0,0,0,2,2,0,0,0,0,0,0
세종포천선(구리~포천),구리,소흘,06:00-07:00,6,3,0,2,1,0,0,0,0,0,0,0,0
세종포천선(구리~포천),포천,소흘,07:00-08:00,35,22,0,5,1,4,0,2,0,0,1,0,0
세종포천선(구리~포천),포천,소흘,08:00-09:00,33,16,0,10,3,0,0,2,0,0,2,0,0
세종포천선(구리~포천),포천,소흘,09:00-10:00,48,26,0,16,4,0,0,1,0,0,1,0,0
세종포천선(구리~포천),포천,소흘,10:00-11:00,55,41,0,11,3,0,0,0,0,0,0,0,0
세종포천선(구리~포천),포천,소흘,11:00-12:00,44,29,0,9,4,1,1,0,0,0,0,0,0
세종포천선(구리~포천),포천,소흘,12:00-13:00,36,24,0,9,2,0,1,0,0,0,0,0,0
세종포천선(구리~포천),포천,소흘,13:00-14:00,52,34,0,12,4,2,0,0,0,0,0,0,0
세종포천선(구리~포천),포천,소흘,14:00-15:00,46,30,0,11,4,0,0,1,0,0,0,0,0
세종포천선(구리~포천),포천,소흘,15:00-16:00,57,35,0,18,3,0,1,0,0,0,0,0,0
세종포천선(구리~포천),포천,소흘,16:00-17:00,31,20,0,6,4,1,0,0,0,0,0,0,0
세종포천선(구리~포천),포천,소흘,17:00-18:00,31,16,2,9,2,2,0,0,0,0,0,0,0
세종포천선(구리~포천),포천,소흘,18:00-19:00,9,8,0,0,1,0,0,0,0,0,0,0,0
세종포천선(구리~포천),포천,소흘,19:00-20:00,6,5,0,1,0,0,0,0,0,0,0,0,0
세종포천선(구리~포천),포천,소흘,20:00-21:00,16,14,0,1,1,0,0,0,0,0,0,0,0
세종포천선(구리~포천),포천,소흘,21:00-22:00,7,5,0,0,1,1,0,0,0,0,0,0,0
세종포천선(구리~포천),포천,소흘,22:00-23:00,5,4,0,1,0,0,0,0,0,0,0,0,0
세종포천선(구리~포천),포천,소흘,23:00-24:00,7,5,0,0,0,1,0,1,0,0,0,0,0
세종포천선(구리~포천),포천,소흘,00:00-01:00,3,3,0,0,0,0,0,0,0,0,0,0,0
세종포천선(구리~포천),포천,소흘,01:00-02:00,4,4,0,0,0,0,0,0,0,0,0,0,0
세종포천선(구리~포천),포천,소흘,02:00-03:00,1,1,0,0,0,0,0,0,0,0,0,0,0
세종포천선(구리~포천),포천,소흘,03:00-04:00,1,0,0,0,0,1,0,0,0,0,0,0,0
세종포천선(구리~포천),포천,소흘,04:00-05:00,4,2,0,0,1,0,1,0,0,0,0,0,0
세종포천선(구리~포천),포천,소흘,05:00-06:00,13,6,0,4,1,0,0,1,0,0,1,0,0
세종포천선(구리~포천),포천,소흘,06:00-07:00,31,16,0,8,2,0,1,1,0,0,3,0,0
당진영덕선,영덕,탄부,07:00-08:00,21,15,0,3,2,0,0,1,0,0,0,0,0
당진영덕선,영덕,탄부,08:00-09:00,25,19,0,4,1,1,0,0,0,0,0,0,0
당진영덕선,영덕,탄부,09:00-10:00,30,26,0,3,1,0,0,0,0,0,0,0,0
당진영덕선,영덕,탄부,10:00-11:00,57,48,0,8,0,1,0,0,0,0,0,0,0
당진영덕선,영덕,탄부,11:00-12:00,34,30,0,2,1,0,0,0,0,0,0,0,1
당진영덕선,영덕,탄부,12:00-13:00,37,27,0,8,0,1,0,0,0,0,1,0,0
당진영덕선,영덕,탄부,13:00-14:00,44,33,0,7,1,1,0,2,0,0,0,0,0
당진영덕선,영덕,탄부,14:00-15:00,32,27,0,4,1,0,0,0,0,0,0,0,0
당진영덕선,영덕,탄부,15:00-16:00,42,38,0,3,1,0,0,0,0,0,0,0,0
당진영덕선,영덕,탄부,16:00-17:00,38,30,0,6,0,1,0,1,0,0,0,0,0
당진영덕선,영덕,탄부,17:00-18:00,39,29,0,7,2,0,0,1,0,0,0,0,0
당진영덕선,영덕,탄부,18:00-19:00,34,31,0,1,1,1,0,0,0,0,0,0,0
당진영덕선,영덕,탄부,19:00-20:00,23,19,0,2,1,1,0,0,0,0,0,0,0
당진영덕선,영덕,탄부,20:00-21:00,18,15,0,2,0,1,0,0,0,0,0,0,0
당진영덕선,영덕,탄부,21:00-22:00,16,12,0,1,0,2,0,1,0,0,0,0,0
당진영덕선,영덕,탄부,22:00-23:00,20,14,0,1,3,2,0,0,0,0,0,0,0
당진영덕선,영덕,탄부,23:00-24:00,22,17,0,3,0,2,0,0,0,0,0,0,0
당진영덕선,영덕,탄부,00:00-01:00,12,8,0,3,1,0,0,0,0,0,0,0,0
당진영덕선,영덕,탄부,01:00-02:00,4,1,0,2,0,0,0,0,0,0,0,0,1
당진영덕선,영덕,탄부,02:00-03:00,9,4,0,5,0,0,0,0,0,0,0,0,0
당진영덕선,영덕,탄부,03:00-04:00,8,4,0,2,0,2,0,0,0,0,0,0,0
당진영덕선,영덕,탄부,04:00-05:00,6,2,1,2,1,0,0,0,0,0,0,0,0
당진영덕선,영덕,탄부,05:00-06:00,11,6,0,1,1,3,0,0,0,0,0,0,0
당진영덕선,영덕,탄부,06:00-07:00,25,16,0,4,2,3,0,0,0,0,0,0,0
당진영덕선,청주,상주,07:00-08:00,6,5,0,0,0,0,0,1,0,0,0,0,0
당진영덕선,청주,상주,08:00-09:00,13,7,0,2,2,1,0,0,0,0,1,0,0
당진영덕선,청주,상주,09:00-10:00,14,11,0,2,0,1,0,0,0,0,0,0,0
당진영덕선,청주,상주,10:00-11:00,19,15,0,2,1,0,0,1,0,0,0,0,0
당진영덕선,청주,상주,11:00-12:00,21,17,0,1,0,3,0,0,0,0,0,0,0
당진영덕선,청주,상주,12:00-13:00,23,12,0,7,1,1,1,1,0,0,0,0,0
당진영덕선,청주,상주,13:00-14:00,27,15,0,7,2,0,1,1,0,0,1,0,0
당진영덕선,청주,상주,14:00-15:00,28,23,0,5,0,0,0,0,0,0,0,0,0
당진영덕선,청주,상주,15:00-16:00,33,30,0,2,1,0,0,0,0,0,0,0,0
당진영덕선,청주,상주,16:00-17:00,24,21,0,3,0,0,0,0,0,0,0,0,0
당진영덕선,청주,상주,17:00-18:00,23,20,0,2,1,0,0,0,0,0,0,0,0
당진영덕선,청주,상주,18:00-19:00,19,15,0,2,0,1,1,0,0,0,0,0,0
당진영덕선,청주,상주,19:00-20:00,13,12,0,0,0,1,0,0,0,0,0,0,0
당진영덕선,청주,상주,20:00-21:00,19,17,0,1,1,0,0,0,0,0,0,0,0
당진영덕선,청주,상주,21:00-22:00,4,4,0,0,0,0,0,0,0,0,0,0,0
당진영덕선,청주,상주,22:00-23:00,7,5,0,1,0,1,0,0,0,0,0,0,0
당진영덕선,청주,상주,23:00-24:00,3,2,0,0,0,0,0,1,0,0,0,0,0
당진영덕선,청주,상주,00:00-01:00,4,2,0,1,0,1,0,0,0,0,0,0,0
당진영덕선,청주,상주,01:00-02:00,3,1,0,0,1,1,0,0,0,0,0,0,0
당진영덕선,청주,상주,02:00-03:00,5,2,0,1,1,1,0,0,0,0,0,0,0
당진영덕선,청주,상주,03:00-04:00,4,3,0,0,0,0,0,0,0,0,1,0,0
당진영덕선,청주,상주,04:00-05:00,2,0,0,0,0,2,0,0,0,0,0,0,0
당진영덕선,청주,상주,05:00-06:00,6,3,0,1,1,0,0,0,0,0,0,0,1
당진영덕선,청주,상주,06:00-07:00,6,4,0,0,2,0,0,0,0,0,0,0,0
당진영덕선,영덕,상주,07:00-08:00,6,3,0,1,0,1,0,1,0,0,0,0,0
당진영덕선,영덕,상주,08:00-09:00,23,16,0,5,2,0,0,0,0,0,0,0,0
당진영덕선,영덕,상주,09:00-10:00,19,14,0,4,0,0,1,0,0,0,0,0,0
당진영덕선,영덕,상주,10:00-11:00,19,15,0,3,0,0,1,0,0,0,0,0,0
당진영덕선,영덕,상주,11:00-12:00,30,20,0,7,1,2,0,0,0,0,0,0,0
당진영덕선,영덕,상주,12:00-13:00,21,15,1,1,1,2,1,0,0,0,0,0,0
당진영덕선,영덕,상주,13:00-14:00,30,22,0,6,1,1,0,0,0,0,0,0,0
당진영덕선,영덕,상주,14:00-15:00,27,24,0,3,0,0,0,0,0,0,0,0,0
당진영덕선,영덕,상주,15:00-16:00,19,15,0,4,0,0,0,0,0,0,0,0,0
당진영덕선,영덕,상주,16:00-17:00,26,19,0,6,1,0,0,0,0,0,0,0,0
당진영덕선,영덕,상주,17:00-18:00,24,21,0,2,0,1,0,0,0,0,0,0,0
당진영덕선,영덕,상주,18:00-19:00,24,18,0,5,0,1,0,0,0,0,0,0,0
당진영덕선,영덕,상주,19:00-20:00,12,9,0,0,0,0,3,0,0,0,0,0,0
당진영덕선,영덕,상주,20:00-21:00,12,10,0,0,1,1,0,0,0,0,0,0,0
당진영덕선,영덕,상주,21:00-22:00,7,5,0,1,1,0,0,0,0,0,0,0,0
당진영덕선,영덕,상주,22:00-23:00,5,4,0,0,0,1,0,0,0,0,0,0,0
당진영덕선,영덕,상주,23:00-24:00,3,3,0,0,0,0,0,0,0,0,0,0,0
당진영덕선,영덕,상주,00:00-01:00,3,2,0,1,0,0,0,0,0,0,0,0,0
당진영덕선,영덕,상주,01:00-02:00,2,2,0,0,0,0,0,0,0,0,0,0,0
당진영덕선,영덕,상주,02:00-03:00,2,1,0,0,0,0,1,0,0,0,0,0,0
당진영덕선,영덕,상주,03:00-04:00,3,0,1,1,1,0,0,0,0,0,0,0,0
당진영덕선,영덕,상주,04:00-05:00,2,0,0,1,0,1,0,0,0,0,0,0,0
당진영덕선,영덕,상주,05:00-06:00,6,2,0,1,1,1,1,0,0,0,0,0,0
당진영덕선,영덕,상주,06:00-07:00,9,5,0,1,1,1,0,0,0,0,1,0,0
당진영덕선,대전,금남,07:00-08:00,8,6,0,0,2,0,0,0,0,0,0,0,0
당진영덕선,대전,금남,08:00-09:00,13,11,0,2,0,0,0,0,0,0,0,0,0
당진영덕선,대전,금남,09:00-10:00,16,12,0,1,0,1,2,0,0,0,0,0,0
당진영덕선,대전,금남,10:00-11:00,20,14,0,6,0,0,0,0,0,0,0,0,0
당진영덕선,대전,금남,11:00-12:00,20,15,0,4,1,0,0,0,0,0,0,0,0
당진영덕선,대전,금남,12:00-13:00,20,15,0,3,1,0,1,0,0,0,0,0,0
당진영덕선,대전,금남,13:00-14:00,33,23,0,5,3,1,0,0,0,0,0,0,1
당진영덕선,대전,금남,14:00-15:00,27,21,0,6,0,0,0,0,0,0,0,0,0
당진영덕선,대전,금남,15:00-16:00,28,22,0,5,1,0,0,0,0,0,0,0,0
당진영덕선,대전,금남,16:00-17:00,37,27,0,6,2,2,0,0,0,0,0,0,0
당진영덕선,대전,금남,17:00-18:00,29,24,1,3,1,0,0,0,0,0,0,0,0
당진영덕선,대전,금남,18:00-19:00,22,18,0,1,1,0,1,1,0,0,0,0,0
당진영덕선,대전,금남,19:00-20:00,10,10,0,0,0,0,0,0,0,0,0,0,0
당진영덕선,대전,금남,20:00-21:00,11,11,0,0,0,0,0,0,0,0,0,0,0
당진영덕선,대전,금남,21:00-22:00,11,8,0,1,0,1,1,0,0,0,0,0,0
당진영덕선,대전,금남,22:00-23:00,7,5,0,0,0,1,1,0,0,0,0,0,0
당진영덕선,대전,금남,23:00-24:00,3,2,0,1,0,0,0,0,0,0,0,0,0
당진영덕선,대전,금남,00:00-01:00,1,0,0,0,0,1,0,0,0,0,0,0,0
당진영덕선,대전,금남,01:00-02:00,3,1,0,0,1,0,1,0,0,0,0,0,0
당진영덕선,대전,금남,02:00-03:00,1,0,0,0,0,0,0,0,0,0,1,0,0
당진영덕선,대전,금남,03:00-04:00,2,0,0,0,1,1,0,0,0,0,0,0,0
당진영덕선,대전,금남,04:00-05:00,6,2,0,3,0,0,1,0,0,0,0,0,0
당진영덕선,대전,금남,05:00-06:00,6,1,0,2,1,2,0,0,0,0,0,0,0
당진영덕선,대전,금남,06:00-07:00,7,4,0,2,0,1,0,0,0,0,0,0,0
당진영덕선,영덕,삼춘,07:00-08:00,6,1,0,2,1,0,1,1,0,0,0,0,0
당진영덕선,영덕,삼춘,08:00-09:00,10,7,0,2,1,0,0,0,0,0,0,0,0
당진영덕선,영덕,삼춘,09:00-10:00,10,7,0,1,1,1,0,0,0,0,0,0,0
당진영덕선,영덕,삼춘,10:00-11:00,13,10,0,3,0,0,0,0,0,0,0,0,0
당진영덕선,영덕,삼춘,11:00-12:00,13,10,0,1,0,2,0,0,0,0,0,0,0
당진영덕선,영덕,삼춘,12:00-13:00,9,6,0,3,0,0,0,0,0,0,0,0,0
당진영덕선,영덕,삼춘,13:00-14:00,8,7,0,1,0,0,0,0,0,0,0,0,0
당진영덕선,영덕,삼춘,14:00-15:00,14,9,0,5,0,0,0,0,0,0,0,0,0
당진영덕선,영덕,삼춘,15:00-16:00,15,13,0,2,0,0,0,0,0,0,0,0,0
당진영덕선,영덕,삼춘,16:00-17:00,12,9,0,2,0,1,0,0,0,0,0,0,0
당진영덕선,영덕,삼춘,17:00-18:00,6,3,0,2,1,0,0,0,0,0,0,0,0
당진영덕선,영덕,삼춘,18:00-19:00,3,2,0,0,0,1,0,0,0,0,0,0,0
당진영덕선,영덕,삼춘,19:00-20:00,1,1,0,0,0,0,0,0,0,0,0,0,0
당진영덕선,영덕,삼춘,20:00-21:00,2,2,0,0,0,0,0,0,0,0,0,0,0
당진영덕선,영덕,삼춘,21:00-22:00,2,0,0,1,1,0,0,0,0,0,0,0,0
당진영덕선,영덕,삼춘,22:00-23:00,2,2,0,0,0,0,0,0,0,0,0,0,0
당진영덕선,영덕,삼춘,23:00-24:00,1,1,0,0,0,0,0,0,0,0,0,0,0
당진영덕선,영덕,삼춘,00:00-01:00,4,3,0,0,1,0,0,0,0,0,0,0,0
당진영덕선,영덕,삼춘,01:00-02:00,1,1,0,0,0,0,0,0,0,0,0,0,0
당진영덕선,영덕,삼춘,02:00-03:00,1,1,0,0,0,0,0,0,0,0,0,0,0
당진영덕선,영덕,삼춘,03:00-04:00,1,0,0,0,0,1,0,0,0,0,0,0,0
당진영덕선,영덕,삼춘,04:00-05:00,0,0,0,0,0,0,0,0,0,0,0,0,0
당진영덕선,영덕,삼춘,05:00-06:00,6,2,0,1,0,2,1,0,0,0,0,0,0
당진영덕선,영덕,삼춘,06:00-07:00,5,1,2,1,0,0,0,1,0,0,0,0,0
당진영덕선,청주,하화,07:00-08:00,2,1,0,1,0,0,0,0,0,0,0,0,0
당진영덕선,청주,하화,08:00-09:00,7,5,0,1,1,0,0,0,0,0,0,0,0
당진영덕선,청주,하화,09:00-10:00,8,5,0,2,0,1,0,0,0,0,0,0,0
당진영덕선,청주,하화,10:00-11:00,10,6,0,2,1,1,0,0,0,0,0,0,0
당진영덕선,청주,하화,11:00-12:00,8,7,0,1,0,0,0,0,0,0,0,0,0
당진영덕선,청주,하화,12:00-13:00,11,8,0,1,1,1,0,0,0,0,0,0,0
당진영덕선,청주,하화,13:00-14:00,12,9,0,2,1,0,0,0,0,0,0,0,0
당진영덕선,청주,하화,14:00-15:00,17,14,0,3,0,0,0,0,0,0,0,0,0
당진영덕선,청주,하화,15:00-16:00,13,12,0,0,1,0,0,0,0,0,0,0,0
당진영덕선,청주,하화,16:00-17:00,13,12,1,0,0,0,0,0,0,0,0,0,0
당진영덕선,청주,하화,17:00-18:00,16,12,0,1,2,0,1,0,0,0,0,0,0
당진영덕선,청주,하화,18:00-19:00,5,5,0,0,0,0,0,0,0,0,0,0,0
당진영덕선,청주,하화,19:00-20:00,5,2,0,1,1,0,1,0,0,0,0,0,0
당진영덕선,청주,하화,20:00-21:00,5,3,0,1,0,0,0,0,0,0,1,0,0
당진영덕선,청주,하화,21:00-22:00,0,0,0,0,0,0,0,0,0,0,0,0,0
당진영덕선,청주,하화,22:00-23:00,0,0,0,0,0,0,0,0,0,0,0,0,0
당진영덕선,청주,하화,23:00-24:00,2,2,0,0,0,0,0,0,0,0,0,0,0
당진영덕선,청주,하화,00:00-01:00,2,2,0,0,0,0,0,0,0,0,0,0,0
당진영덕선,청주,하화,01:00-02:00,1,1,0,0,0,0,0,0,0,0,0,0,0
당진영덕선,청주,하화,02:00-03:00,0,0,0,0,0,0,0,0,0,0,0,0,0
당진영덕선,청주,하화,03:00-04:00,0,0,0,0,0,0,0,0,0,0,0,0,0
당진영덕선,청주,하화,04:00-05:00,0,0,0,0,0,0,0,0,0,0,0,0,0
당진영덕선,청주,하화,05:00-06:00,2,1,0,1,0,0,0,0,0,0,0,0,0
당진영덕선,청주,하화,06:00-07:00,1,1,0,0,0,0,0,0,0,0,0,0,0
당진영덕선,영덕,묵계,07:00-08:00,4,4,0,0,0,0,0,0,0,0,0,0,0
당진영덕선,영덕,묵계,08:00-09:00,6,4,0,2,0,0,0,0,0,0,0,0,0
당진영덕선,영덕,묵계,09:00-10:00,9,4,0,4,0,0,1,0,0,0,0,0,0
당진영덕선,영덕,묵계,10:00-11:00,10,8,0,1,1,0,0,0,0,0,0,0,0
당진영덕선,영덕,묵계,11:00-12:00,10,9,0,1,0,0,0,0,0,0,0,0,0
당진영덕선,영덕,묵계,12:00-13:00,12,10,0,2,0,0,0,0,0,0,0,0,0
당진영덕선,영덕,묵계,13:00-14:00,8,6,0,2,0,0,0,0,0,0,0,0,0
당진영덕선,영덕,묵계,14:00-15:00,10,8,0,2,0,0,0,0,0,0,0,0,0
당진영덕선,영덕,묵계,15:00-16:00,8,7,0,1,0,0,0,0,0,0,0,0,0
당진영덕선,영덕,묵계,16:00-17:00,9,7,0,2,0,0,0,0,0,0,0,0,0
당진영덕선,영덕,묵계,17:00-18:00,6,6,0,0,0,0,0,0,0,0,0,0,0
당진영덕선,영덕,묵계,18:00-19:00,3,2,0,1,0,0,0,0,0,0,0,0,0
당진영덕선,영덕,묵계,19:00-20:00,5,4,0,1,0,0,0,0,0,0,0,0,0
당진영덕선,영덕,묵계,20:00-21:00,1,1,0,0,0,0,0,0,0,0,0,0,0
당진영덕선,영덕,묵계,21:00-22:00,1,1,0,0,0,0,0,0,0,0,0,0,0
당진영덕선,영덕,묵계,22:00-23:00,3,3,0,0,0,0,0,0,0,0,0,0,0
당진영덕선,영덕,묵계,23:00-24:00,0,0,0,0,0,0,0,0,0,0,0,0,0
당진영덕선,영덕,묵계,00:00-01:00,2,2,0,0,0,0,0,0,0,0,0,0,0
당진영덕선,영덕,묵계,01:00-02:00,2,2,0,0,0,0,0,0,0,0,0,0,0
당진영덕선,영덕,묵계,02:00-03:00,1,0,0,1,0,0,0,0,0,0,0,0,0
당진영덕선,영덕,묵계,03:00-04:00,1,0,0,0,1,0,0,0,0,0,0,0,0
당진영덕선,영덕,묵계,04:00-05:00,1,0,0,1,0,0,0,0,0,0,0,0,0
당진영덕선,영덕,묵계,05:00-06:00,3,3,0,0,0,0,0,0,0,0,0,0,0
당진영덕선,영덕,묵계,06:00-07:00,3,2,0,1,0,0,0,0,0,0,0,0,0
당진영덕선,청주,지품,07:00-08:00,9,8,0,0,1,0,0,0,0,0,0,0,0
당진영덕선,청주,지품,08:00-09:00,11,10,0,1,0,0,0,0,0,0,0,0,0
당진영덕선,청주,지품,09:00-10:00,11,9,0,2,0,0,0,0,0,0,0,0,0
당진영덕선,청주,지품,10:00-11:00,16,11,0,5,0,0,0,0,0,0,0,0,0
당진영덕선,청주,지품,11:00-12:00,20,14,0,2,1,0,1,0,0,0,2,0,0
당진영덕선,청주,지품,12:00-13:00,10,8,0,1,0,1,0,0,0,0,0,0,0
당진영덕선,청주,지품,13:00-14:00,16,15,0,1,0,0,0,0,0,0,0,0,0
당진영덕선,청주,지품,14:00-15:00,22,17,0,3,2,0,0,0,0,0,0,0,0
당진영덕선,청주,지품,15:00-16:00,13,12,0,1,0,0,0,0,0,0,0,0,0
당진영덕선,청주,지품,16:00-17:00,21,14,0,4,3,0,0,0,0,0,0,0,0
당진영덕선,청주,지품,17:00-18:00,12,12,0,0,0,0,0,0,0,0,0,0,0
당진영덕선,청주,지품,18:00-19:00,10,8,0,2,0,0,0,0,0,0,0,0,0
당진영덕선,청주,지품,19:00-20:00,3,3,0,0,0,0,0,0,0,0,0,0,0
당진영덕선,청주,지품,20:00-21:00,10,9,1,0,0,0,0,0,0,0,0,0,0
당진영덕선,청주,지품,21:00-22:00,2,2,0,0,0,0,0,0,0,0,0,0,0
당진영덕선,청주,지품,22:00-23:00,3,3,0,0,0,0,0,0,0,0,0,0,0
당진영덕선,청주,지품,23:00-24:00,1,1,0,0,0,0,0,0,0,0,0,0,0
당진영덕선,청주,지품,00:00-01:00,2,2,0,0,0,0,0,0,0,0,0,0,0
당진영덕선,청주,지품,01:00-02:00,0,0,0,0,0,0,0,0,0,0,0,0,0
당진영덕선,청주,지품,02:00-03:00,1,1,0,0,0,0,0,0,0,0,0,0,0
당진영덕선,청주,지품,03:00-04:00,0,0,0,0,0,0,0,0,0,0,0,0,0
당진영덕선,청주,지품,04:00-05:00,1,1,0,0,0,0,0,0,0,0,0,0,0
당진영덕선,청주,지품,05:00-06:00,2,1,0,0,0,0,1,0,0,0,0,0,0
당진영덕선,청주,지품,06:00-07:00,6,4,0,2,0,0,0,0,0,0,0,0,0
당진영덕선,영덕,수암,07:00-08:00,6,4,0,2,0,0,0,0,0,0,0,0,0
당진영덕선,영덕,수암,08:00-09:00,10,7,0,3,0,0,0,0,0,0,0,0,0
당진영덕선,영덕,수암,09:00-10:00,12,10,0,1,1,0,0,0,0,0,0,0,0
당진영덕선,영덕,수암,10:00-11:00,7,5,0,2,0,0,0,0,0,0,0,0,0
당진영덕선,영덕,수암,11:00-12:00,10,9,0,1,0,0,0,0,0,0,0,0,0
당진영덕선,영덕,수암,12:00-13:00,7,6,0,1,0,0,0,0,0,0,0,0,0
당진영덕선,영덕,수암,13:00-14:00,13,9,0,2,1,0,1,0,0,0,0,0,0
당진영덕선,영덕,수암,14:00-15:00,19,14,0,4,0,0,0,1,0,0,0,0,0
당진영덕선,영덕,수암,15:00-16:00,14,12,0,1,0,0,0,0,0,0,1,0,0
당진영덕선,영덕,수암,16:00-17:00,17,15,0,1,0,1,0,0,0,0,0,0,0
당진영덕선,영덕,수암,17:00-18:00,3,3,0,0,0,0,0,0,0,0,0,0,0
당진영덕선,영덕,수암,18:00-19:00,8,7,0,0,0,0,0,0,0,0,1,0,0
당진영덕선,영덕,수암,19:00-20:00,3,2,0,1,0,0,0,0,0,0,0,0,0
당진영덕선,영덕,수암,20:00-21:00,6,6,0,0,0,0,0,0,0,0,0,0,0
당진영덕선,영덕,수암,21:00-22:00,0,0,0,0,0,0,0,0,0,0,0,0,0
당진영덕선,영덕,수암,22:00-23:00,2,2,0,0,0,0,0,0,0,0,0,0,0
당진영덕선,영덕,수암,23:00-24:00,2,1,0,0,0,1,0,0,0,0,0,0,0
당진영덕선,영덕,수암,00:00-01:00,1,1,0,0,0,0,0,0,0,0,0,0,0
당진영덕선,영덕,수암,01:00-02:00,0,0,0,0,0,0,0,0,0,0,0,0,0
당진영덕선,영덕,수암,02:00-03:00,2,1,0,0,1,0,0,0,0,0,0,0,0
당진영덕선,영덕,수암,03:00-04:00,1,1,0,0,0,0,0,0,0,0,0,0,0
당진영덕선,영덕,수암,04:00-05:00,3,0,0,1,0,0,0,2,0,0,0,0,0
당진영덕선,영덕,수암,05:00-06:00,3,1,0,0,0,2,0,0,0,0,0,0,0
당진영덕선,영덕,수암,06:00-07:00,4,1,0,2,1,0,0,0,0,0,0,0,0
통영대전·중부선,통영,고성,07:00-08:00,29,13,0,9,5,2,0,0,0,0,0,0,0
통영대전·중부선,통영,고성,08:00-09:00,27,19,0,6,2,0,0,0,0,0,0,0,0
통영대전·중부선,통영,고성,09:00-10:00,28,17,2,4,5,0,0,0,0,0,0,0,0
통영대전·중부선,통영,고성,10:00-11:00,34,27,0,4,2,0,0,0,0,0,0,0,1
통영대전·중부선,통영,고성,11:00-12:00,42,35,0,6,1,0,0,0,0,0,0,0,0
통영대전·중부선,통영,고성,12:00-13:00,33,26,0,3,2,0,1,0,0,0,0,0,1
통영대전·중부선,통영,고성,13:00-14:00,34,28,0,4,1,0,0,1,0,0,0,0,0
통영대전·중부선,통영,고성,14:00-15:00,33,25,0,7,1,0,0,0,0,0,0,0,0
통영대전·중부선,통영,고성,15:00-16:00,27,22,0,3,1,0,0,0,0,0,0,0,1
통영대전·중부선,통영,고성,16:00-17:00,23,21,0,2,0,0,0,0,0,0,0,0,0
통영대전·중부선,통영,고성,17:00-18:00,26,24,0,1,0,0,0,0,0,0,0,0,1
통영대전·중부선,통영,고성,18:00-19:00,14,10,0,2,1,0,1,0,0,0,0,0,0
통영대전·중부선,통영,고성,19:00-20:00,11,9,0,2,0,0,0,0,0,0,0,0,0
통영대전·중부선,통영,고성,20:00-21:00,12,9,0,3,0,0,0,0,0,0,0,0,0
통영대전·중부선,통영,고성,21:00-22:00,7,6,0,0,1,0,0,0,0,0,0,0,0
통영대전·중부선,통영,고성,22:00-23:00,9,7,0,0,0,2,0,0,0,0,0,0,0
통영대전·중부선,통영,고성,23:00-24:00,6,6,0,0,0,0,0,0,0,0,0,0,0
통영대전·중부선,통영,고성,00:00-01:00,5,3,0,0,1,1,0,0,0,0,0,0,0
통영대전·중부선,통영,고성,01:00-02:00,6,6,0,0,0,0,0,0,0,0,0,0,0
통영대전·중부선,통영,고성,02:00-03:00,6,4,0,1,1,0,0,0,0,0,0,0,0
통영대전·중부선,통영,고성,03:00-04:00,4,2,0,1,1,0,0,0,0,0,0,0,0
통영대전·중부선,통영,고성,04:00-05:00,4,1,0,1,2,0,0,0,0,0,0,0,0
통영대전·중부선,통영,고성,05:00-06:00,3,2,0,1,0,0,0,0,0,0,0,0,0
통영대전·중부선,통영,고성,06:00-07:00,18,7,0,5,4,0,0,1,0,0,0,0,1
통영대전·중부선,하남,고성,07:00-08:00,13,10,0,2,1,0,0,0,0,0,0,0,0
통영대전·중부선,하남,고성,08:00-09:00,36,27,0,5,2,1,1,0,0,0,0,0,0
통영대전·중부선,하남,고성,09:00-10:00,27,15,0,8,2,2,0,0,0,0,0,0,0
통영대전·중부선,하남,고성,10:00-11:00,26,18,0,4,2,2,0,0,0,0,0,0,0
통영대전·중부선,하남,고성,11:00-12:00,32,19,0,8,3,0,2,0,0,0,0,0,0
통영대전·중부선,하남,고성,12:00-13:00,23,16,0,4,1,2,0,0,0,0,0,0,0
통영대전·중부선,하남,고성,13:00-14:00,36,30,0,3,1,1,1,0,0,0,0,0,0
통영대전·중부선,하남,고성,14:00-15:00,38,24,1,10,2,1,0,0,0,0,0,0,0
통영대전·중부선,하남,고성,15:00-16:00,44,32,1,9,1,0,1,0,0,0,0,0,0
통영대전·중부선,하남,고성,16:00-17:00,40,31,0,4,3,1,0,0,0,0,1,0,0
통영대전·중부선,하남,고성,17:00-18:00,29,24,0,4,1,0,0,0,0,0,0,0,0
통영대전·중부선,하남,고성,18:00-19:00,20,15,1,3,1,0,0,0,0,0,0,0,0
통영대전·중부선,하남,고성,19:00-20:00,11,9,0,2,0,0,0,0,0,0,0,0,0
통영대전·중부선,하남,고성,20:00-21:00,7,6,0,1,0,0,0,0,0,0,0,0,0
통영대전·중부선,하남,고성,21:00-22:00,3,2,0,1,0,0,0,0,0,0,0,0,0
통영대전·중부선,하남,고성,22:00-23:00,4,4,0,0,0,0,0,0,0,0,0,0,0
통영대전·중부선,하남,고성,23:00-24:00,6,6,0,0,0,0,0,0,0,0,0,0,0
통영대전·중부선,하남,고성,00:00-01:00,2,2,0,0,0,0,0,0,0,0,0,0,0
통영대전·중부선,하남,고성,01:00-02:00,1,1,0,0,0,0,0,0,0,0,0,0,0
통영대전·중부선,하남,고성,02:00-03:00,1,1,0,0,0,0,0,0,0,0,0,0,0
통영대전·중부선,하남,고성,03:00-04:00,1,1,0,0,0,0,0,0,0,0,0,0,0
통영대전·중부선,하남,고성,04:00-05:00,3,2,0,0,0,1,0,0,0,0,0,0,0
통영대전·중부선,하남,고성,05:00-06:00,3,1,0,1,0,0,0,0,0,0,1,0,0
통영대전·중부선,하남,고성,06:00-07:00,7,3,0,2,1,1,0,0,0,0,0,0,0
통영대전·중부선,하남,금곡,07:00-08:00,4,4,0,0,0,0,0,0,0,0,0,0,0
통영대전·중부선,하남,금곡,08:00-09:00,10,3,0,4,1,2,0,0,0,0,0,0,0
통영대전·중부선,하남,금곡,09:00-10:00,12,8,0,2,1,1,0,0,0,0,0,0,0
통영대전·중부선,하남,금곡,10:00-11:00,5,5,0,0,0,0,0,0,0,0,0,0,0
통영대전·중부선,하남,금곡,11:00-12:00,7,4,0,1,1,1,0,0,0,0,0,0,0
통영대전·중부선,하남,금곡,12:00-13:00,8,5,0,1,1,0,0,1,0,0,0,0,0
통영대전·중부선,하남,금곡,13:00-14:00,11,9,0,1,0,1,0,0,0,0,0,0,0
통영대전·중부선,하남,금곡,14:00-15:00,6,5,0,0,0,0,1,0,0,0,0,0,0
통영대전·중부선,하남,금곡,15:00-16:00,7,6,0,1,0,0,0,0,0,0,0,0,0
통영대전·중부선,하남,금곡,16:00-17:00,14,9,0,4,1,0,0,0,0,0,0,0,0
통영대전·중부선,하남,금곡,17:00-18:00,12,10,0,2,0,0,0,0,0,0,0,0,0
통영대전·중부선,하남,금곡,18:00-19:00,5,3,0,1,1,0,0,0,0,0,0,0,0
통영대전·중부선,하남,금곡,19:00-20:00,7,6,0,0,1,0,0,0,0,0,0,0,0
통영대전·중부선,하남,금곡,20:00-21:00,1,1,0,0,0,0,0,0,0,0,0,0,0
통영대전·중부선,하남,금곡,21:00-22:00,2,2,0,0,0,0,0,0,0,0,0,0,0
통영대전·중부선,하남,금곡,22:00-23:00,2,2,0,0,0,0,0,0,0,0,0,0,0
통영대전·중부선,하남,금곡,23:00-24:00,0,0,0,0,0,0,0,0,0,0,0,0,0
통영대전·중부선,하남,금곡,00:00-01:00,0,0,0,0,0,0,0,0,0,0,0,0,0
통영대전·중부선,하남,금곡,01:00-02:00,1,0,0,0,0,0,1,0,0,0,0,0,0
통영대전·중부선,하남,금곡,02:00-03:00,0,0,0,0,0,0,0,0,0,0,0,0,0
통영대전·중부선,하남,금곡,03:00-04:00,0,0,0,0,0,0,0,0,0,0,0,0,0
통영대전·중부선,하남,금곡,04:00-05:00,1,0,0,0,1,0,0,0,0,0,0,0,0
통영대전·중부선,하남,금곡,05:00-06:00,2,2,0,0,0,0,0,0,0,0,0,0,0
통영대전·중부선,하남,금곡,06:00-07:00,3,3,0,0,0,0,0,0,0,0,0,0,0
통영대전·중부선,통영,진주,07:00-08:00,13,6,0,2,0,3,1,0,0,0,1,0,0
통영대전·중부선,통영,진주,08:00-09:00,9,6,0,2,1,0,0,0,0,0,0,0,0
통영대전·중부선,통영,진주,09:00-10:00,12,7,0,2,1,1,0,0,0,0,1,0,0
통영대전·중부선,통영,진주,10:00-11:00,28,21,0,1,2,4,0,0,0,0,0,0,0
통영대전·중부선,통영,진주,11:00-12:00,21,12,0,6,0,2,1,0,0,0,0,0,0
통영대전·중부선,통영,진주,12:00-13:00,31,20,0,5,1,2,1,0,0,0,2,0,0
통영대전·중부선,통영,진주,13:00-14:00,23,18,1,1,0,2,0,0,0,0,1,0,0
통영대전·중부선,통영,진주,14:00-15:00,29,23,0,3,1,0,1,0,0,0,1,0,0
통영대전·중부선,통영,진주,15:00-16:00,33,27,0,3,1,1,1,0,0,0,0,0,0
통영대전·중부선,통영,진주,16:00-17:00,27,23,0,3,1,0,0,0,0,0,0,0,0
통영대전·중부선,통영,진주,17:00-18:00,17,13,0,3,0,1,0,0,0,0,0,0,0
통영대전·중부선,통영,진주,18:00-19:00,9,7,0,0,0,2,0,0,0,0,0,0,0
통영대전·중부선,통영,진주,19:00-20:00,15,12,0,2,0,0,0,0,0,0,1,0,0
통영대전·중부선,통영,진주,20:00-21:00,16,14,0,2,0,0,0,0,0,0,0,0,0
통영대전·중부선,통영,진주,21:00-22:00,9,6,0,1,1,1,0,0,0,0,0,0,0
통영대전·중부선,통영,진주,22:00-23:00,7,5,0,1,0,1,0,0,0,0,0,0,0
통영대전·중부선,통영,진주,23:00-24:00,5,4,0,0,0,1,0,0,0,0,0,0,0
통영대전·중부선,통영,진주,00:00-01:00,4,0,0,1,2,1,0,0,0,0,0,0,0
통영대전·중부선,통영,진주,01:00-02:00,1,1,0,0,0,0,0,0,0,0,0,0,0
통영대전·중부선,통영,진주,02:00-03:00,3,3,0,0,0,0,0,0,0,0,0,0,0
통영대전·중부선,통영,진주,03:00-04:00,6,1,0,0,2,2,1,0,0,0,0,0,0
통영대전·중부선,통영,진주,04:00-05:00,5,1,0,2,1,0,1,0,0,0,0,0,0
통영대전·중부선,통영,진주,05:00-06:00,4,1,0,1,0,0,1,0,0,0,1,0,0
통영대전·중부선,통영,진주,06:00-07:00,10,3,0,3,3,1,0,0,0,0,0,0,0
통영대전·중부선,하남,진주,07:00-08:00,16,9,0,2,1,2,1,0,0,0,1,0,0
통영대전·중부선,하남,진주,08:00-09:00,15,12,0,1,1,1,0,0,0,0,0,0,0
통영대전·중부선,하남,진주,09:00-10:00,25,15,0,2,3,4,0,0,0,0,1,0,0
통영대전·중부선,하남,진주,10:00-11:00,24,9,0,13,1,1,0,0,0,0,0,0,0
통영대전·중부선,하남,진주,11:00-12:00,19,15,0,2,0,0,0,0,0,0,1,0,1
통영대전·중부선,하남,진주,12:00-13:00,26,15,0,5,2,2,1,0,0,0,1,0,0
통영대전·중부선,하남,진주,13:00-14:00,21,13,0,3,2,1,1,0,0,0,1,0,0
통영대전·중부선,하남,진주,14:00-15:00,27,19,0,5,2,0,0,0,0,0,0,1,0
통영대전·중부선,하남,진주,15:00-16:00,26,17,0,6,0,2,0,0,0,0,1,0,0
통영대전·중부선,하남,진주,16:00-17:00,9,7,0,0,1,1,0,0,0,0,0,0,0
통영대전·중부선,하남,진주,17:00-18:00,10,9,0,0,0,0,1,0,0,0,0,0,0
통영대전·중부선,하남,진주,18:00-19:00,12,10,0,0,0,1,0,0,0,0,1,0,0
통영대전·중부선,하남,진주,19:00-20:00,13,8,0,2,0,2,1,0,0,0,0,0,0
통영대전·중부선,하남,진주,20:00-21:00,2,0,0,0,1,0,1,0,0,0,0,0,0
통영대전·중부선,하남,진주,21:00-22:00,6,3,0,2,0,0,0,0,0,0,1,0,0
통영대전·중부선,하남,진주,22:00-23:00,1,0,0,0,0,0,0,0,0,0,1,0,0
통영대전·중부선,하남,진주,23:00-24:00,3,2,0,0,0,0,1,0,0,0,0,0,0
통영대전·중부선,하남,진주,00:00-01:00,5,2,0,1,1,1,0,0,0,0,0,0,0
통영대전·중부선,하남,진주,01:00-02:00,2,2,0,0,0,0,0,0,0,0,0,0,0
통영대전·중부선,하남,진주,02:00-03:00,0,0,0,0,0,0,0,0,0,0,0,0,0
통영대전·중부선,하남,진주,03:00-04:00,1,1,0,0,0,0,0,0,0,0,0,0,0
통영대전·중부선,하남,진주,04:00-05:00,3,0,0,0,0,1,0,0,0,0,1,0,1
통영대전·중부선,하남,진주,05:00-06:00,4,2,0,0,1,0,0,0,0,0,1,0,0
통영대전·중부선,하남,진주,06:00-07:00,9,7,0,1,0,0,1,0,0,0,0,0,0
통영대전·중부선,통영,금서,07:00-08:00,9,6,0,1,0,2,0,0,0,0,0,0,0
통영대전·중부선,통영,금서,08:00-09:00,9,5,0,1,2,0,0,1,0,0,0,0,0
통영대전·중부선,통영,금서,09:00-10:00,17,14,0,3,0,0,0,0,0,0,0,0,0
통영대전·중부선,통영,금서,10:00-11:00,14,9,0,2,2,0,0,0,0,0,1,0,0
통영대전·중부선,통영,금서,11:00-12:00,16,12,0,1,1,1,0,0,0,0,0,0,1
통영대전·중부선,통영,금서,12:00-13:00,11,8,0,0,1,1,0,1,0,0,0,0,0
통영대전·중부선,통영,금서,13:00-14:00,13,10,0,2,0,1,0,0,0,0,0,0,0
통영대전·중부선,통영,금서,14:00-15:00,11,10,0,0,0,1,0,0,0,0,0,0,0
통영대전·중부선,통영,금서,15:00-16:00,28,21,0,4,2,0,0,0,0,0,1,0,0
통영대전·중부선,통영,금서,16:00-17:00,21,19,0,1,1,0,0,0,0,0,0,0,0
통영대전·중부선,통영,금서,17:00-18:00,21,19,0,2,0,0,0,0,0,0,0,0,0
통영대전·중부선,통영,금서,18:00-19:00,10,5,0,4,0,0,0,0,0,0,1,0,0
통영대전·중부선,통영,금서,19:00-20:00,5,3,0,2,0,0,0,0,0,0,0,0,0
통영대전·중부선,통영,금서,20:00-21:00,5,4,0,1,0,0,0,0,0,0,0,0,0
통영대전·중부선,통영,금서,21:00-22:00,5,4,0,1,0,0,0,0,0,0,0,0,0
통영대전·중부선,통영,금서,22:00-23:00,6,4,0,1,0,0,0,0,0,0,1,0,0
통영대전·중부선,통영,금서,23:00-24:00,1,1,0,0,0,0,0,0,0,0,0,0,0
통영대전·중부선,통영,금서,00:00-01:00,0,0,0,0,0,0,0,0,0,0,0,0,0
통영대전·중부선,통영,금서,01:00-02:00,2,1,0,0,0,1,0,0,0,0,0,0,0
통영대전·중부선,통영,금서,02:00-03:00,4,1,0,0,0,1,0,2,0,0,0,0,0
통영대전·중부선,통영,금서,03:00-04:00,0,0,0,0,0,0,0,0,0,0,0,0,0
통영대전·중부선,통영,금서,04:00-05:00,4,1,0,1,1,1,0,0,0,0,0,0,0
통영대전·중부선,통영,금서,05:00-06:00,4,2,0,0,0,0,1,0,0,0,1,0,0
통영대전·중부선,통영,금서,06:00-07:00,8,4,0,2,1,1,0,0,0,0,0,0,0
통영대전·중부선,하남,금서,07:00-08:00,12,7,0,1,2,1,0,0,0,0,0,0,1
통영대전·중부선,하남,금서,08:00-09:00,14,7,0,2,0,1,0,3,0,0,1,0,0
통영대전·중부선,하남,금서,09:00-10:00,19,12,0,2,0,1,1,3,0,0,0,0,0
통영대전·중부선,하남,금서,10:00-11:00,21,16,0,4,1,0,0,0,0,0,0,0,0
통영대전·중부선,하남,금서,11:00-12:00,15,7,0,5,1,1,1,0,0,0,0,0,0
통영대전·중부선,하남,금서,12:00-13:00,23,15,0,3,1,2,0,2,0,0,0,0,0
통영대전·중부선,하남,금서,13:00-14:00,23,11,0,5,1,0,0,6,0,0,0,0,0
통영대전·중부선,하남,금서,14:00-15:00,24,19,1,4,0,0,0,0,0,0,0,0,0
통영대전·중부선,하남,금서,15:00-16:00,20,15,0,3,0,1,0,0,0,0,1,0,0
통영대전·중부선,하남,금서,16:00-17:00,22,16,0,5,1,0,0,0,0,0,0,0,0
통영대전·중부선,하남,금서,17:00-18:00,13,11,0,1,1,0,0,0,0,0,0,0,0
통영대전·중부선,하남,금서,18:00-19:00,15,12,0,0,1,1,0,0,0,0,0,0,1
통영대전·중부선,하남,금서,19:00-20:00,9,5,0,2,0,0,2,0,0,0,0,0,0
통영대전·중부선,하남,금서,20:00-21:00,5,5,0,0,0,0,0,0,0,0,0,0,0
통영대전·중부선,하남,금서,21:00-22:00,4,2,0,1,0,1,0,0,0,0,0,0,0
통영대전·중부선,하남,금서,22:00-23:00,2,2,0,0,0,0,0,0,0,0,0,0,0
통영대전·중부선,하남,금서,23:00-24:00,2,1,0,1,0,0,0,0,0,0,0,0,0
통영대전·중부선,하남,금서,00:00-01:00,2,1,0,0,0,1,0,0,0,0,0,0,0
통영대전·중부선,하남,금서,01:00-02:00,1,0,0,0,0,0,1,0,0,0,0,0,0
통영대전·중부선,하남,금서,02:00-03:00,3,0,0,0,0,0,1,0,0,0,1,0,1
통영대전·중부선,하남,금서,03:00-04:00,2,1,0,0,1,0,0,0,0,0,0,0,0
통영대전·중부선,하남,금서,04:00-05:00,4,1,0,1,0,2,0,0,0,0,0,0,0
통영대전·중부선,하남,금서,05:00-06:00,6,4,0,0,1,0,0,0,0,0,1,0,0
통영대전·중부선,하남,금서,06:00-07:00,5,4,0,1,0,0,0,0,0,0,0,0,0
통영대전·중부선,통영,수동,07:00-08:00,9,4,0,0,2,1,0,2,0,0,0,0,0
통영대전·중부선,통영,수동,08:00-09:00,16,9,1,4,1,0,0,0,0,0,1,0,0
통영대전·중부선,통영,수동,09:00-10:00,18,10,0,2,4,1,1,0,0,0,0,0,0
통영대전·중부선,통영,수동,10:00-11:00,21,15,0,1,1,1,0,2,0,0,0,0,1
통영대전·중부선,통영,수동,11:00-12:00,21,12,0,5,1,1,0,0,0,0,1,0,1
통영대전·중부선,통영,수동,12:00-13:00,22,13,0,1,1,2,2,1,0,0,1,0,1
통영대전·중부선,통영,수동,13:00-14:00,27,20,0,2,2,0,0,1,0,0,0,0,2
통영대전·중부선,통영,수동,14:00-15:00,15,12,0,2,0,0,1,0,0,0,0,0,0
통영대전·중부선,통영,수동,15:00-16:00,2,0,1,1,0,0,0,0,0,0,0,0,0
통영대전·중부선,통영,수동,16:00-17:00,11,8,1,2,0,0,0,0,0,0,0,0,0
통영대전·중부선,통영,수동,17:00-18:00,18,15,0,1,0,1,0,1,0,0,0,0,0
통영대전·중부선,통영,수동,18:00-19:00,9,5,0,1,1,1,0,1,0,0,0,0,0
통영대전·중부선,통영,수동,19:00-20:00,11,7,0,1,1,0,0,0,0,0,2,0,0
통영대전·중부선,통영,수동,20:00-21:00,8,5,0,0,1,2,0,0,0,0,0,0,0
통영대전·중부선,통영,수동,21:00-22:00,9,6,0,1,0,1,1,0,0,0,0,0,0
통영대전·중부선,통영,수동,22:00-23:00,4,3,0,0,0,0,0,0,0,0,0,0,1
통영대전·중부선,통영,수동,23:00-24:00,5,3,0,0,0,1,0,0,0,0,1,0,0
통영대전·중부선,통영,수동,00:00-01:00,4,1,0,1,0,1,0,1,0,0,0,0,0
통영대전·중부선,통영,수동,01:00-02:00,3,1,0,1,0,1,0,0,0,0,0,0,0
통영대전·중부선,통영,수동,02:00-03:00,0,0,0,0,0,0,0,0,0,0,0,0,0
통영대전·중부선,통영,수동,03:00-04:00,6,1,0,0,0,2,1,1,0,0,1,0,0
통영대전·중부선,통영,수동,04:00-05:00,2,0,0,0,0,1,0,0,0,0,1,0,0
통영대전·중부선,통영,수동,05:00-06:00,7,3,0,1,1,1,0,1,0,0,0,0,0
통영대전·중부선,통영,수동,06:00-07:00,14,5,0,0,4,3,0,1,0,0,0,0,1
통영대전·중부선,통영,서상,07:00-08:00,7,5,0,1,1,0,0,0,0,0,0,0,0
통영대전·중부선,통영,서상,08:00-09:00,14,12,0,1,0,1,0,0,0,0,0,0,0
통영대전·중부선,통영,서상,09:00-10:00,3,1,0,2,0,0,0,0,0,0,0,0,0
통영대전·중부선,통영,서상,10:00-11:00,0,0,0,0,0,0,0,0,0,0,0,0,0
통영대전·중부선,통영,서상,11:00-12:00,31,22,0,7,0,1,0,0,0,0,1,0,0
통영대전·중부선,통영,서상,12:00-13:00,33,26,0,2,3,0,2,0,0,0,0,0,0
통영대전·중부선,통영,서상,13:00-14:00,37,29,0,7,0,1,0,0,0,0,0,0,0
통영대전·중부선,통영,서상,14:00-15:00,35,30,1,3,1,0,0,0,0,0,0,0,0
통영대전·중부선,통영,서상,15:00-16:00,37,30,0,7,0,0,0,0,0,0,0,0,0
통영대전·중부선,통영,서상,16:00-17:00,31,29,0,2,0,0,0,0,0,0,0,0,0
통영대전·중부선,통영,서상,17:00-18:00,28,22,0,3,1,1,0,0,0,0,1,0,0
통영대전·중부선,통영,서상,18:00-19:00,21,18,0,2,1,0,0,0,0,0,0,0,0
통영대전·중부선,통영,서상,19:00-20:00,21,18,0,2,0,1,0,0,0,0,0,0,0
통영대전·중부선,통영,서상,20:00-21:00,11,8,0,1,0,2,0,0,0,0,0,0,0
통영대전·중부선,통영,서상,21:00-22:00,10,7,0,1,0,1,0,0,0,0,1,0,0
통영대전·중부선,통영,서상,22:00-23:00,12,11,0,0,0,1,0,0,0,0,0,0,0
통영대전·중부선,통영,서상,23:00-24:00,10,5,0,0,3,2,0,0,0,0,0,0,0
통영대전·중부선,통영,서상,00:00-01:00,4,4,0,0,0,0,0,0,0,0,0,0,0
통영대전·중부선,통영,서상,01:00-02:00,7,5,0,0,1,1,0,0,0,0,0,0,0
통영대전·중부선,통영,서상,02:00-03:00,6,2,0,1,2,1,0,0,0,0,0,0,0
통영대전·중부선,통영,서상,03:00-04:00,4,0,0,1,1,1,0,1,0,0,0,0,0
통영대전·중부선,통영,서상,04:00-05:00,10,4,0,3,0,1,1,1,0,0,0,0,0
통영대전·중부선,통영,서상,05:00-06:00,11,2,0,2,4,2,0,1,0,0,0,0,0
통영대전·중부선,통영,서상,06:00-07:00,10,3,0,1,2,2,1,0,0,0,1,0,0
통영대전·중부선,하남,서상,07:00-08:00,10,7,0,1,1,0,0,0,0,0,1,0,0
통영대전·중부선,하남,서상,08:00-09:00,13,7,1,2,1,1,0,0,0,0,0,0,1
통영대전·중부선,하남,서상,09:00-10:00,17,15,0,0,1,0,0,1,0,0,0,0,0
통영대전·중부선,하남,서상,10:00-11:00,13,9,0,2,1,0,0,0,0,0,1,0,0
통영대전·중부선,하남,서상,11:00-12:00,31,24,0,3,0,4,0,0,0,0,0,0,0
통영대전·중부선,하남,서상,12:00-13:00,23,18,0,1,3,0,0,0,0,0,1,0,0
통영대전·중부선,하남,서상,13:00-14:00,25,19,0,3,1,2,0,0,0,0,0,0,0
통영대전·중부선,하남,서상,14:00-15:00,25,20,0,5,0,0,0,0,0,0,0,0,0
통영대전·중부선,하남,서상,15:00-16:00,25,18,1,5,0,1,0,0,0,0,0,0,0
통영대전·중부선,하남,서상,16:00-17:00,23,17,0,2,1,1,1,1,0,0,0,0,0
통영대전·중부선,하남,서상,17:00-18:00,16,14,0,0,1,1,0,0,0,0,0,0,0
통영대전·중부선,하남,서상,18:00-19:00,21,18,0,2,0,1,0,0,0,0,0,0,0
통영대전·중부선,하남,서상,19:00-20:00,14,10,0,2,0,1,0,0,0,0,0,0,1
통영대전·중부선,하남,서상,20:00-21:00,12,5,0,0,1,3,1,1,0,0,1,0,0
통영대전·중부선,하남,서상,21:00-22:00,7,2,0,2,0,1,1,0,0,0,1,0,0
통영대전·중부선,하남,서상,22:00-23:00,4,2,0,0,0,0,0,0,0,0,1,0,1
통영대전·중부선,하남,서상,23:00-24:00,6,2,0,0,1,2,0,1,0,0,0,0,0
통영대전·중부선,하남,서상,00:00-01:00,3,3,0,0,0,0,0,0,0,0,0,0,0
통영대전·중부선,하남,서상,01:00-02:00,3,0,0,1,0,0,0,0,0,0,2,0,0
통영대전·중부선,하남,서상,02:00-03:00,0,0,0,0,0,0,0,0,0,0,0,0,0
통영대전·중부선,하남,서상,03:00-04:00,5,3,0,0,1,0,0,1,0,0,0,0,0
통영대전·중부선,하남,서상,04:00-05:00,3,1,0,0,1,0,0,0,0,0,1,0,0
통영대전·중부선,하남,서상,05:00-06:00,3,1,0,1,1,0,0,0,0,0,0,0,0
통영대전·중부선,하남,서상,06:00-07:00,8,3,0,5,0,0,0,0,0,0,0,0,0
통영대전·중부선,대전,무주,07:00-08:00,4,3,0,1,0,0,0,0,0,0,0,0,0
통영대전·중부선,대전,무주,08:00-09:00,10,8,0,1,0,0,1,0,0,0,0,0,0
통영대전·중부선,대전,무주,09:00-10:00,29,24,0,4,0,1,0,0,0,0,0,0,0
통영대전·중부선,대전,무주,10:00-11:00,16,10,0,4,1,0,0,0,0,0,1,0,0
통영대전·중부선,대전,무주,11:00-12:00,18,12,0,3,0,0,2,0,0,0,1,0,0
통영대전·중부선,대전,무주,12:00-13:00,19,13,0,4,2,0,0,0,0,0,0,0,0
통영대전·중부선,대전,무주,13:00-14:00,39,35,0,2,0,1,0,1,0,0,0,0,0
통영대전·중부선,대전,무주,14:00-15:00,29,24,0,4,1,0,0,0,0,0,0,0,0
통영대전·중부선,대전,무주,15:00-16:00,27,23,0,3,1,0,0,0,0,0,0,0,0
통영대전·중부선,대전,무주,16:00-17:00,28,22,0,4,2,0,0,0,0,0,0,0,0
통영대전·중부선,대전,무주,17:00-18:00,27,25,0,2,0,0,0,0,0,0,0,0,0
통영대전·중부선,대전,무주,18:00-19:00,10,5,0,4,1,0,0,0,0,0,0,0,0
통영대전·중부선,대전,무주,19:00-20:00,15,13,0,1,0,0,1,0,0,0,0,0,0
통영대전·중부선,대전,무주,20:00-21:00,8,7,0,1,0,0,0,0,0,0,0,0,0
통영대전·중부선,대전,무주,21:00-22:00,6,4,0,2,0,0,0,0,0,0,0,0,0
통영대전·중부선,대전,무주,22:00-23:00,7,7,0,0,0,0,0,0,0,0,0,0,0
통영대전·중부선,대전,무주,23:00-24:00,2,1,0,1,0,0,0,0,0,0,0,0,0
통영대전·중부선,대전,무주,00:00-01:00,1,1,0,0,0,0,0,0,0,0,0,0,0
통영대전·중부선,대전,무주,01:00-02:00,1,0,0,0,0,1,0,0,0,0,0,0,0
통영대전·중부선,대전,무주,02:00-03:00,0,0,0,0,0,0,0,0,0,0,0,0,0
통영대전·중부선,대전,무주,03:00-04:00,3,2,0,0,1,0,0,0,0,0,0,0,0
통영대전·중부선,대전,무주,04:00-05:00,3,2,0,0,0,1,0,0,0,0,0,0,0
통영대전·중부선,대전,무주,05:00-06:00,3,3,0,0,0,0,0,0,0,0,0,0,0
통영대전·중부선,대전,무주,06:00-07:00,4,4,0,0,0,0,0,0,0,0,0,0,0
통영대전·중부선,통영,금산,07:00-08:00,11,5,0,5,0,1,0,0,0,0,0,0,0
통영대전·중부선,통영,금산,08:00-09:00,13,10,0,3,0,0,0,0,0,0,0,0,0
통영대전·중부선,통영,금산,09:00-10:00,13,9,1,2,1,0,0,0,0,0,0,0,0
통영대전·중부선,통영,금산,10:00-11:00,17,16,0,1,0,0,0,0,0,0,0,0,0
통영대전·중부선,통영,금산,11:00-12:00,22,17,0,1,1,1,0,1,0,0,1,0,0
통영대전·중부선,통영,금산,12:00-13:00,26,18,0,6,1,0,0,1,0,0,0,0,0
통영대전·중부선,통영,금산,13:00-14:00,24,22,0,1,0,0,0,1,0,0,0,0,0
통영대전·중부선,통영,금산,14:00-15:00,29,26,0,2,1,0,0,0,0,0,0,0,0
통영대전·중부선,통영,금산,15:00-16:00,14,10,0,3,1,0,0,0,0,0,0,0,0
통영대전·중부선,통영,금산,16:00-17:00,22,20,0,1,1,0,0,0,0,0,0,0,0
통영대전·중부선,통영,금산,17:00-18:00,16,15,0,1,0,0,0,0,0,0,0,0,0
통영대전·중부선,통영,금산,18:00-19:00,8,8,0,0,0,0,0,0,0,0,0,0,0
통영대전·중부선,통영,금산,19:00-20:00,6,6,0,0,0,0,0,0,0,0,0,0,0
통영대전·중부선,통영,금산,20:00-21:00,5,3,0,1,0,1,0,0,0,0,0,0,0
통영대전·중부선,통영,금산,21:00-22:00,5,4,0,0,0,1,0,0,0,0,0,0,0
통영대전·중부선,통영,금산,22:00-23:00,4,4,0,0,0,0,0,0,0,0,0,0,0
통영대전·중부선,통영,금산,23:00-24:00,4,3,0,1,0,0,0,0,0,0,0,0,0
통영대전·중부선,통영,금산,00:00-01:00,4,3,0,1,0,0,0,0,0,0,0,0,0
통영대전·중부선,통영,금산,01:00-02:00,1,0,0,0,0,0,1,0,0,0,0,0,0
통영대전·중부선,통영,금산,02:00-03:00,2,2,0,0,0,0,0,0,0,0,0,0,0
통영대전·중부선,통영,금산,03:00-04:00,4,3,0,0,0,1,0,0,0,0,0,0,0
통영대전·중부선,통영,금산,04:00-05:00,3,1,0,0,1,1,0,0,0,0,0,0,0
통영대전·중부선,통영,금산,05:00-06:00,6,1,0,0,2,2,1,0,0,0,0,0,0
통영대전·중부선,통영,금산,06:00-07:00,6,5,0,0,0,1,0,0,0,0,0,0,0
통영대전·중부선,통영,농다리,07:00-08:00,37,18,0,10,3,3,0,1,0,0,1,0,1
통영대전·중부선,통영,농다리,08:00-09:00,52,33,0,11,1,3,0,4,0,0,0,0,0
통영대전·중부선,통영,농다리,09:00-10:00,73,53,0,9,3,5,2,0,0,0,0,0,1
통영대전·중부선,통영,농다리,10:00-11:00,84,57,1,17,3,3,0,2,0,0,0,0,1
통영대전·중부선,통영,농다리,11:00-12:00,68,51,1,9,1,3,2,1,0,0,0,0,0
통영대전·중부선,통영,농다리,12:00-13:00,66,45,0,15,1,3,1,1,0,0,0,0,0
통영대전·중부선,통영,농다리,13:00-14:00,73,53,0,10,2,1,1,5,0,0,1,0,0
통영대전·중부선,통영,농다리,14:00-15:00,93,65,0,15,3,6,1,3,0,0,0,0,0
통영대전·중부선,통영,농다리,15:00-16:00,91,67,0,15,2,4,0,2,0,0,0,0,1
통영대전·중부선,통영,농다리,16:00-17:00,74,58,0,7,2,5,0,2,0,0,0,0,0
통영대전·중부선,통영,농다리,17:00-18:00,41,38,0,2,0,1,0,0,0,0,0,0,0
통영대전·중부선,통영,농다리,18:00-19:00,46,36,0,7,1,2,0,0,0,0,0,0,0
통영대전·중부선,통영,농다리,19:00-20:00,44,33,1,7,0,1,0,1,0,0,0,0,1
통영대전·중부선,통영,농다리,20:00-21:00,26,17,0,8,0,1,0,0,0,0,0,0,0
통영대전·중부선,통영,농다리,21:00-22:00,24,16,0,2,0,3,2,0,0,0,1,0,0
통영대전·중부선,통영,농다리,22:00-23:00,18,12,0,0,0,3,0,0,0,0,3,0,0
통영대전·중부선,통영,농다리,23:00-24:00,21,8,0,3,1,4,1,1,0,0,3,0,0
통영대전·중부선,통영,농다리,00:00-01:00,14,6,0,5,0,2,0,1,0,0,0,0,0
통영대전·중부선,통영,농다리,01:00-02:00,11,4,0,1,0,1,0,3,0,0,2,0,0
통영대전·중부선,통영,농다리,02:00-03:00,8,2,0,1,1,1,1,0,0,0,2,0,0
통영대전·중부선,통영,농다리,03:00-04:00,11,3,0,4,0,1,0,2,0,0,1,0,0
통영대전·중부선,통영,농다리,04:00-05:00,4,3,0,0,0,0,0,1,0,0,0,0,0
통영대전·중부선,통영,농다리,05:00-06:00,14,6,0,1,2,3,0,2,0,0,0,0,0
통영대전·중부선,통영,농다리,06:00-07:00,20,9,0,5,2,4,0,0,0,0,0,0,0
통영대전·중부선,하남,대소,07:00-08:00,35,23,0,5,4,2,0,0,0,0,1,0,0
통영대전·중부선,하남,대소,08:00-09:00,36,25,0,3,1,3,0,3,0,0,0,1,0
통영대전·중부선,하남,대소,09:00-10:00,43,25,0,9,3,5,0,1,0,0,0,0,0
통영대전·중부선,하남,대소,10:00-11:00,34,21,0,7,4,2,0,0,0,0,0,0,0
통영대전·중부선,하남,대소,11:00-12:00,55,37,1,8,3,2,1,3,0,0,0,0,0
통영대전·중부선,하남,대소,12:00-13:00,37,22,0,5,6,2,1,0,0,0,0,0,1
통영대전·중부선,하남,대소,13:00-14:00,36,23,0,9,4,0,0,0,0,0,0,0,0
통영대전·중부선,하남,대소,14:00-15:00,48,33,0,10,4,0,0,0,0,0,1,0,0
통영대전·중부선,하남,대소,15:00-16:00,38,24,0,10,1,1,1,1,0,0,0,0,0
통영대전·중부선,하남,대소,16:00-17:00,40,26,0,11,2,1,0,0,0,0,0,0,0
통영대전·중부선,하남,대소,17:00-18:00,26,19,0,4,2,1,0,0,0,0,0,0,0
통영대전·중부선,하남,대소,18:00-19:00,39,34,0,4,1,0,0,0,0,0,0,0,0
통영대전·중부선,하남,대소,19:00-20:00,26,19,0,3,3,1,0,0,0,0,0,0,0
통영대전·중부선,하남,대소,20:00-21:00,17,14,0,2,0,0,0,0,0,0,1,0,0
통영대전·중부선,하남,대소,21:00-22:00,11,10,0,1,0,0,0,0,0,0,0,0,0
통영대전·중부선,하남,대소,22:00-23:00,4,3,0,0,0,0,1,0,0,0,0,0,0
통영대전·중부선,하남,대소,23:00-24:00,10,9,0,0,0,1,0,0,0,0,0,0,0
통영대전·중부선,하남,대소,00:00-01:00,1,0,0,0,0,0,1,0,0,0,0,0,0
통영대전·중부선,하남,대소,01:00-02:00,7,5,0,0,1,0,1,0,0,0,0,0,0
통영대전·중부선,하남,대소,02:00-03:00,4,3,0,0,1,0,0,0,0,0,0,0,0
통영대전·중부선,하남,대소,03:00-04:00,2,2,0,0,0,0,0,0,0,0,0,0,0
통영대전·중부선,하남,대소,04:00-05:00,8,1,0,2,0,2,2,0,0,0,1,0,0
통영대전·중부선,하남,대소,05:00-06:00,8,4,0,1,1,1,0,0,0,0,0,0,1
통영대전·중부선,하남,대소,06:00-07:00,17,9,0,2,2,3,1,0,0,0,0,0,0
통영대전·중부선,통영,모가,07:00-08:00,30,21,0,7,1,1,0,0,0,0,0,0,0
통영대전·중부선,통영,모가,08:00-09:00,55,42,0,7,2,1,1,0,0,0,2,0,0
통영대전·중부선,통영,모가,09:00-10:00,52,40,0,5,2,4,0,1,0,0,0,0,0
통영대전·중부선,통영,모가,10:00-11:00,58,36,0,16,6,0,0,0,0,0,0,0,0
통영대전·중부선,통영,모가,11:00-12:00,74,55,0,12,3,2,0,0,0,0,2,0,0
통영대전·중부선,통영,모가,12:00-13:00,65,48,0,4,7,4,0,0,0,0,1,0,1
통영대전·중부선,통영,모가,13:00-14:00,82,49,0,16,9,4,2,0,0,0,2,0,0
통영대전·중부선,통영,모가,14:00-15:00,71,45,0,19,4,3,0,0,0,0,0,0,0
통영대전·중부선,통영,모가,15:00-16:00,63,42,0,11,6,1,2,0,0,0,1,0,0
통영대전·중부선,통영,모가,16:00-17:00,47,31,0,8,5,3,0,0,0,0,0,0,0
통영대전·중부선,통영,모가,17:00-18:00,38,25,0,8,1,2,1,1,0,0,0,0,0
통영대전·중부선,통영,모가,18:00-19:00,26,20,0,2,2,2,0,0,0,0,0,0,0
통영대전·중부선,통영,모가,19:00-20:00,24,15,0,3,1,4,0,1,0,0,0,0,0
통영대전·중부선,통영,모가,20:00-21:00,20,13,0,4,0,2,0,0,0,0,1,0,0
통영대전·중부선,통영,모가,21:00-22:00,14,10,0,1,0,2,0,1,0,0,0,0,0
통영대전·중부선,통영,모가,22:00-23:00,16,7,0,1,1,4,1,0,0,0,2,0,0
통영대전·중부선,통영,모가,23:00-24:00,8,4,0,0,1,2,0,0,0,0,1,0,0
통영대전·중부선,통영,모가,00:00-01:00,8,1,0,1,0,4,0,0,0,0,2,0,0
통영대전·중부선,통영,모가,01:00-02:00,6,1,0,2,0,2,0,0,0,0,1,0,0
통영대전·중부선,통영,모가,02:00-03:00,12,1,0,4,2,4,0,1,0,0,0,0,0
통영대전·중부선,통영,모가,03:00-04:00,8,1,1,2,1,3,0,0,0,0,0,0,0
통영대전·중부선,통영,모가,04:00-05:00,7,2,0,0,0,2,0,0,0,0,3,0,0
통영대전·중부선,통영,모가,05:00-06:00,24,17,0,2,3,2,0,0,0,0,0,0,0
통영대전·중부선,통영,모가,06:00-07:00,42,26,0,8,4,2,1,0,0,0,1,0,0
통영대전·중부선,하남,도척,07:00-08:00,9,5,1,2,1,0,0,0,0,0,0,0,0
통영대전·중부선,하남,도척,08:00-09:00,14,10,0,4,0,0,0,0,0,0,0,0,0
통영대전·중부선,하남,도척,09:00-10:00,16,11,0,1,2,1,0,1,0,0,0,0,0
통영대전·중부선,하남,도척,10:00-11:00,25,12,0,6,2,3,1,0,1,0,0,0,0
통영대전·중부선,하남,도척,11:00-12:00,20,15,0,4,1,0,0,0,0,0,0,0,0
통영대전·중부선,하남,도척,12:00-13:00,18,8,0,8,1,1,0,0,0,0,0,0,0
통영대전·중부선,하남,도척,13:00-14:00,27,19,0,7,0,0,0,0,0,0,1,0,0
통영대전·중부선,하남,도척,14:00-15:00,35,23,0,11,0,0,1,0,0,0,0,0,0
통영대전·중부선,하남,도척,15:00-16:00,32,14,0,16,2,0,0,0,0,0,0,0,0
통영대전·중부선,하남,도척,16:00-17:00,41,30,0,10,1,0,0,0,0,0,0,0,0
통영대전·중부선,하남,도척,17:00-18:00,23,17,0,4,0,0,0,1,0,0,1,0,0
통영대전·중부선,하남,도척,18:00-19:00,15,15,0,0,0,0,0,0,0,0,0,0,0
통영대전·중부선,하남,도척,19:00-20:00,23,17,1,3,0,2,0,0,0,0,0,0,0
통영대전·중부선,하남,도척,20:00-21:00,13,7,0,4,1,0,1,0,0,0,0,0,0
통영대전·중부선,하남,도척,21:00-22:00,12,8,0,1,0,0,0,1,0,0,2,0,0
통영대전·중부선,하남,도척,22:00-23:00,16,7,0,3,0,4,0,0,0,0,2,0,0
통영대전·중부선,하남,도척,23:00-24:00,12,4,0,1,2,3,0,0,0,0,2,0,0
통영대전·중부선,하남,도척,00:00-01:00,3,0,0,2,0,0,0,0,0,0,1,0,0
통영대전·중부선,하남,도척,01:00-02:00,3,1,0,0,1,1,0,0,0,0,0,0,0
통영대전·중부선,하남,도척,02:00-03:00,3,1,0,0,1,1,0,0,0,0,0,0,0
통영대전·중부선,하남,도척,03:00-04:00,6,2,0,3,1,0,0,0,0,0,0,0,0
통영대전·중부선,하남,도척,04:00-05:00,9,3,0,4,0,2,0,0,0,0,0,0,0
통영대전·중부선,하남,도척,05:00-06:00,10,4,0,3,1,0,2,0,0,0,0,0,0
통영대전·중부선,하남,도척,06:00-07:00,6,2,0,3,0,0,0,1,0,0,0,0,0
제2중부선,하남,상번천,07:00-08:00,17,8,0,5,3,1,0,0,0,0,0,0,0
제2중부선,하남,상번천,08:00-09:00,25,17,0,6,1,0,1,0,0,0,0,0,0
제2중부선,하남,상번천,09:00-10:00,32,15,0,10,7,0,0,0,0,0,0,0,0
제2중부선,하남,상번천,10:00-11:00,43,31,0,9,3,0,0,0,0,0,0,0,0
제2중부선,하남,상번천,11:00-12:00,46,28,0,7,7,3,0,0,1,0,0,0,0
제2중부선,하남,상번천,12:00-13:00,46,33,0,9,4,0,0,0,0,0,0,0,0
제2중부선,하남,상번천,13:00-14:00,48,32,0,12,3,0,0,0,0,0,0,1,0
제2중부선,하남,상번천,14:00-15:00,65,47,0,11,4,2,0,0,0,0,0,0,1
제2중부선,하남,상번천,15:00-16:00,59,49,0,5,3,1,0,0,0,0,1,0,0
제2중부선,하남,상번천,16:00-17:00,71,57,0,8,2,2,0,1,0,1,0,0,0
제2중부선,하남,상번천,17:00-18:00,64,55,0,6,1,1,0,0,0,0,0,1,0
제2중부선,하남,상번천,18:00-19:00,40,32,0,5,1,0,2,0,0,0,0,0,0
제2중부선,하남,상번천,19:00-20:00,32,27,0,4,0,0,1,0,0,0,0,0,0
제2중부선,하남,상번천,20:00-21:00,28,26,0,1,1,0,0,0,0,0,0,0,0
제2중부선,하남,상번천,21:00-22:00,17,15,0,1,1,0,0,0,0,0,0,0,0
제2중부선,하남,상번천,22:00-23:00,13,8,0,3,2,0,0,0,0,0,0,0,0
제2중부선,하남,상번천,23:00-24:00,13,7,0,3,0,0,1,2,0,0,0,0,0
제2중부선,하남,상번천,00:00-01:00,7,3,0,0,0,2,0,2,0,0,0,0,0
제2중부선,하남,상번천,01:00-02:00,8,4,0,1,1,2,0,0,0,0,0,0,0
제2중부선,하남,상번천,02:00-03:00,7,5,0,0,1,1,0,0,0,0,0,0,0
제2중부선,하남,상번천,03:00-04:00,6,3,0,0,1,0,0,1,0,0,1,0,0
제2중부선,하남,상번천,04:00-05:00,7,3,0,0,3,0,0,1,0,0,0,0,0
제2중부선,하남,상번천,05:00-06:00,12,7,0,1,1,1,0,2,0,0,0,0,0
제2중부선,하남,상번천,06:00-07:00,14,4,0,4,2,3,0,0,0,0,1,0,0
평택제천선,평택,금성,07:00-08:00,3,1,1,0,0,0,0,0,0,0,1,0,0
평택제천선,평택,금성,08:00-09:00,10,8,0,2,0,0,0,0,0,0,0,0,0
평택제천선,평택,금성,09:00-10:00,10,5,0,1,0,1,1,2,0,0,0,0,0
평택제천선,평택,금성,10:00-11:00,18,10,0,3,1,1,1,1,0,0,1,0,0
평택제천선,평택,금성,11:00-12:00,15,9,0,1,2,0,0,0,0,0,3,0,0
평택제천선,평택,금성,12:00-13:00,10,6,0,0,0,1,0,1,0,0,2,0,0
평택제천선,평택,금성,13:00-14:00,29,18,0,4,2,2,1,2,0,0,0,0,0
평택제천선,평택,금성,14:00-15:00,26,16,0,4,2,1,0,2,0,0,1,0,0
평택제천선,평택,금성,15:00-16:00,31,25,0,5,1,0,0,0,0,0,0,0,0
평택제천선,평택,금성,16:00-17:00,24,20,0,3,1,0,0,0,0,0,0,0,0
평택제천선,평택,금성,17:00-18:00,10,7,0,2,1,0,0,0,0,0,0,0,0
평택제천선,평택,금성,18:00-19:00,8,8,0,0,0,0,0,0,0,0,0,0,0
평택제천선,평택,금성,19:00-20:00,3,3,0,0,0,0,0,0,0,0,0,0,0
평택제천선,평택,금성,20:00-21:00,5,5,0,0,0,0,0,0,0,0,0,0,0
평택제천선,평택,금성,21:00-22:00,4,1,1,0,0,1,0,1,0,0,0,0,0
평택제천선,평택,금성,22:00-23:00,2,2,0,0,0,0,0,0,0,0,0,0,0
평택제천선,평택,금성,23:00-24:00,4,3,0,0,0,0,0,0,0,0,1,0,0
평택제천선,평택,금성,00:00-01:00,1,0,0,0,0,0,0,0,0,0,1,0,0
평택제천선,평택,금성,01:00-02:00,1,0,0,0,0,0,0,0,0,0,1,0,0
평택제천선,평택,금성,02:00-03:00,3,0,0,0,0,0,0,0,0,0,3,0,0
평택제천선,평택,금성,03:00-04:00,4,2,0,0,0,0,0,1,0,0,1,0,0
평택제천선,평택,금성,04:00-05:00,3,2,0,0,0,1,0,0,0,0,0,0,0
평택제천선,평택,금성,05:00-06:00,10,3,0,2,1,0,0,2,0,0,2,0,0
평택제천선,평택,금성,06:00-07:00,5,2,0,0,0,0,0,1,0,0,2,0,0
중부내륙선,창원,창녕,07:00-08:00,24,8,1,4,3,6,1,0,0,0,1,0,0
중부내륙선,창원,창녕,08:00-09:00,38,22,0,6,2,5,2,0,0,0,1,0,0
중부내륙선,창원,창녕,09:00-10:00,46,29,0,6,5,3,0,0,0,0,2,0,1
중부내륙선,창원,창녕,10:00-11:00,32,15,0,5,6,2,2,0,0,0,1,0,1
중부내륙선,창원,창녕,11:00-12:00,34,15,0,6,5,3,4,0,0,0,0,1,0
중부내륙선,창원,창녕,12:00-13:00,45,15,0,13,4,7,1,0,0,0,3,0,2
중부내륙선,창원,창녕,13:00-14:00,40,18,0,10,3,2,5,0,0,0,2,0,0
중부내륙선,창원,창녕,14:00-15:00,41,22,0,7,4,5,1,0,0,0,0,0,2
중부내륙선,창원,창녕,15:00-16:00,36,18,0,6,3,5,1,0,0,0,1,0,2
중부내륙선,창원,창녕,16:00-17:00,38,20,0,10,2,2,1,0,0,0,3,0,0
중부내륙선,창원,창녕,17:00-18:00,27,18,0,6,1,0,1,0,0,0,1,0,0
중부내륙선,창원,창녕,18:00-19:00,28,19,0,2,0,3,1,0,0,0,3,0,0
중부내륙선,창원,창녕,19:00-20:00,19,9,0,1,2,4,1,0,0,0,2,0,0
중부내륙선,창원,창녕,20:00-21:00,6,4,0,1,0,1,0,0,0,0,0,0,0
중부내륙선,창원,창녕,21:00-22:00,29,17,0,0,2,5,2,0,0,0,2,0,1
중부내륙선,창원,창녕,22:00-23:00,20,9,0,2,0,5,3,0,0,0,0,0,1
중부내륙선,창원,창녕,23:00-24:00,20,5,0,2,2,4,6,0,0,0,1,0,0
중부내륙선,창원,창녕,00:00-01:00,11,3,0,0,1,3,4,0,0,0,0,0,0
중부내륙선,창원,창녕,01:00-02:00,6,3,0,0,0,1,2,0,0,0,0,0,0
중부내륙선,창원,창녕,02:00-03:00,7,3,0,0,1,1,2,0,0,0,0,0,0
중부내륙선,창원,창녕,03:00-04:00,10,2,0,0,3,4,1,0,0,0,0,0,0
중부내륙선,창원,창녕,04:00-05:00,12,1,0,2,2,4,2,0,0,0,1,0,0
중부내륙선,창원,창녕,05:00-06:00,19,1,0,0,5,7,4,0,0,0,1,1,0
중부내륙선,창원,창녕,06:00-07:00,18,3,1,5,4,1,4,0,0,0,0,0,0
중부내륙선,양평,창녕,07:00-08:00,18,7,0,4,2,1,3,0,0,0,0,0,1
중부내륙선,양평,창녕,08:00-09:00,30,21,0,4,3,1,0,0,0,0,1,0,0
중부내륙선,양평,창녕,09:00-10:00,56,27,0,11,3,6,5,2,0,0,0,0,2
중부내륙선,양평,창녕,10:00-11:00,74,32,0,18,9,9,4,2,0,0,0,0,0
중부내륙선,양평,창녕,11:00-12:00,61,27,0,11,5,9,3,5,0,0,1,0,0
중부내륙선,양평,창녕,12:00-13:00,73,34,1,12,13,6,0,5,0,0,1,0,1
중부내륙선,양평,창녕,13:00-14:00,53,34,0,8,3,2,1,3,0,0,1,0,1
중부내륙선,양평,창녕,14:00-15:00,54,27,0,14,4,5,0,4,0,0,0,0,0
중부내륙선,양평,창녕,15:00-16:00,58,31,0,18,2,4,0,2,0,0,1,0,0
중부내륙선,양평,창녕,16:00-17:00,58,38,0,11,4,4,0,1,0,0,0,0,0
중부내륙선,양평,창녕,17:00-18:00,49,36,0,9,0,2,2,0,0,0,0,0,0
중부내륙선,양평,창녕,18:00-19:00,32,15,1,6,0,7,0,0,0,0,2,0,1
중부내륙선,양평,창녕,19:00-20:00,22,15,0,2,0,4,0,0,0,0,0,0,1
중부내륙선,양평,창녕,20:00-21:00,21,8,0,4,2,5,0,0,0,0,2,0,0
중부내륙선,양평,창녕,21:00-22:00,13,2,1,2,1,4,1,2,0,0,0,0,0
중부내륙선,양평,창녕,22:00-23:00,14,4,0,0,1,1,1,1,0,0,3,0,3
중부내륙선,양평,창녕,23:00-24:00,13,1,0,1,1,3,0,2,0,0,4,0,1
중부내륙선,양평,창녕,00:00-01:00,8,6,0,0,0,0,0,1,0,0,0,0,1
중부내륙선,양평,창녕,01:00-02:00,8,4,0,2,1,0,0,0,0,0,0,0,1
중부내륙선,양평,창녕,02:00-03:00,10,4,0,0,1,0,0,1,0,0,2,0,2
중부내륙선,양평,창녕,03:00-04:00,4,0,0,1,0,0,0,0,0,0,1,0,2
중부내륙선,양평,창녕,04:00-05:00,7,3,0,1,1,1,0,0,0,0,1,0,0
중부내륙선,양평,창녕,05:00-06:00,11,2,0,0,3,0,0,2,0,0,2,0,2
중부내륙선,양평,창녕,06:00-07:00,22,8,0,2,2,2,0,1,0,0,4,0,3
중부내륙선,창원,현풍,07:00-08:00,14,6,0,3,1,2,0,1,0,0,1,0,0
중부내륙선,창원,현풍,08:00-09:00,9,6,0,1,1,1,0,0,0,0,0,0,0
중부내륙선,창원,현풍,09:00-10:00,12,8,0,2,1,0,0,1,0,0,0,0,0
중부내륙선,창원,현풍,10:00-11:00,19,15,0,1,0,2,0,1,0,0,0,0,0
중부내륙선,창원,현풍,11:00-12:00,16,13,0,3,0,0,0,0,0,0,0,0,0
중부내륙선,창원,현풍,12:00-13:00,19,11,0,3,2,0,0,1,0,0,2,0,0
중부내륙선,창원,현풍,13:00-14:00,21,9,0,5,2,0,1,1,0,0,3,0,0
중부내륙선,창원,현풍,14:00-15:00,29,18,0,6,1,2,0,0,0,0,0,0,2
중부내륙선,창원,현풍,15:00-16:00,33,23,0,2,1,3,0,1,0,0,2,0,1
중부내륙선,창원,현풍,16:00-17:00,24,18,0,2,0,1,0,1,0,0,2,0,0
중부내륙선,창원,현풍,17:00-18:00,19,8,0,6,1,0,1,2,0,0,1,0,0
중부내륙선,창원,현풍,18:00-19:00,24,15,0,2,1,1,0,1,0,0,1,0,3
중부내륙선,창원,현풍,19:00-20:00,11,4,0,2,1,2,0,1,0,0,0,0,1
중부내륙선,창원,현풍,20:00-21:00,9,7,0,1,0,1,0,0,0,0,0,0,0
중부내륙선,창원,현풍,21:00-22:00,15,11,0,0,1,1,0,1,0,0,1,0,0
중부내륙선,창원,현풍,22:00-23:00,6,2,0,0,0,3,0,1,0,0,0,0,0
중부내륙선,창원,현풍,23:00-24:00,13,4,0,2,0,3,1,1,0,0,1,1,0
중부내륙선,창원,현풍,00:00-01:00,10,2,0,0,1,4,0,3,0,0,0,0,0
중부내륙선,창원,현풍,01:00-02:00,4,1,0,1,1,0,0,1,0,0,0,0,0
중부내륙선,창원,현풍,02:00-03:00,7,3,0,2,0,2,0,0,0,0,0,0,0
중부내륙선,창원,현풍,03:00-04:00,3,0,0,1,0,2,0,0,0,0,0,0,0
중부내륙선,창원,현풍,04:00-05:00,6,0,0,2,1,2,0,1,0,0,0,0,0
중부내륙선,창원,현풍,05:00-06:00,3,1,0,0,0,2,0,0,0,0,0,0,0
중부내륙선,창원,현풍,06:00-07:00,8,2,0,0,0,2,0,4,0,0,0,0,0
중부내륙선,양평,개진,07:00-08:00,12,10,0,0,1,0,1,0,0,0,0,0,0
중부내륙선,양평,개진,08:00-09:00,12,3,1,3,3,1,0,0,0,0,1,0,0
중부내륙선,양평,개진,09:00-10:00,31,21,0,8,0,2,0,0,0,0,0,0,0
중부내륙선,양평,개진,10:00-11:00,24,16,0,6,1,1,0,0,0,0,0,0,0
중부내륙선,양평,개진,11:00-12:00,22,12,0,5,3,2,0,0,0,0,0,0,0
중부내륙선,양평,개진,12:00-13:00,25,17,0,3,3,2,0,0,0,0,0,0,0
중부내륙선,양평,개진,13:00-14:00,17,10,0,5,2,0,0,0,0,0,0,0,0
중부내륙선,양평,개진,14:00-15:00,19,16,0,2,1,0,0,0,0,0,0,0,0
중부내륙선,양평,개진,15:00-16:00,18,13,0,1,2,1,0,0,0,0,1,0,0
중부내륙선,양평,개진,16:00-17:00,20,15,0,2,1,1,0,1,0,0,0,0,0
중부내륙선,양평,개진,17:00-18:00,18,16,0,1,0,1,0,0,0,0,0,0,0
중부내륙선,양평,개진,18:00-19:00,10,7,0,2,0,1,0,0,0,0,0,0,0
중부내륙선,양평,개진,19:00-20:00,13,6,0,3,0,2,0,1,0,0,1,0,0
중부내륙선,양평,개진,20:00-21:00,11,8,0,1,0,1,0,0,0,0,1,0,0
중부내륙선,양평,개진,21:00-22:00,2,2,0,0,0,0,0,0,0,0,0,0,0
중부내륙선,양평,개진,22:00-23:00,5,2,0,1,0,1,0,0,0,0,0,0,1
중부내륙선,양평,개진,23:00-24:00,4,1,0,0,0,1,0,0,0,0,0,0,2
중부내륙선,양평,개진,00:00-01:00,1,0,0,0,0,0,0,0,0,0,0,0,1
중부내륙선,양평,개진,01:00-02:00,0,0,0,0,0,0,0,0,0,0,0,0,0
중부내륙선,양평,개진,02:00-03:00,0,0,0,0,0,0,0,0,0,0,0,0,0
중부내륙선,양평,개진,03:00-04:00,3,2,0,0,0,1,0,0,0,0,0,0,0
중부내륙선,양평,개진,04:00-05:00,4,2,0,1,0,1,0,0,0,0,0,0,0
중부내륙선,양평,개진,05:00-06:00,1,0,0,0,1,0,0,0,0,0,0,0,0
중부내륙선,양평,개진,06:00-07:00,4,2,0,0,1,0,0,0,0,0,1,0,0
중부내륙선,창원,오봉,07:00-08:00,5,4,0,0,1,0,0,0,0,0,0,0,0
중부내륙선,창원,오봉,08:00-09:00,13,11,0,2,0,0,0,0,0,0,0,0,0
중부내륙선,창원,오봉,09:00-10:00,12,10,0,0,1,0,1,0,0,0,0,0,0
중부내륙선,창원,오봉,10:00-11:00,7,4,1,1,0,0,0,0,0,0,1,0,0
중부내륙선,창원,오봉,11:00-12:00,17,11,0,3,0,0,0,1,0,0,1,0,1
중부내륙선,창원,오봉,12:00-13:00,9,6,0,0,1,0,1,1,0,0,0,0,0
중부내륙선,창원,오봉,13:00-14:00,20,15,0,4,0,0,1,0,0,0,0,0,0
중부내륙선,창원,오봉,14:00-15:00,15,10,0,1,0,3,1,0,0,0,0,0,0
중부내륙선,창원,오봉,15:00-16:00,18,14,0,2,1,1,0,0,0,0,0,0,0
중부내륙선,창원,오봉,16:00-17:00,14,8,0,2,1,3,0,0,0,0,0,0,0
중부내륙선,창원,오봉,17:00-18:00,11,8,0,1,0,1,0,1,0,0,0,0,0
중부내륙선,창원,오봉,18:00-19:00,10,7,0,1,0,2,0,0,0,0,0,0,0
중부내륙선,창원,오봉,19:00-20:00,15,6,0,4,1,2,0,0,0,0,2,0,0
중부내륙선,창원,오봉,20:00-21:00,5,4,0,1,0,0,0,0,0,0,0,0,0
중부내륙선,창원,오봉,21:00-22:00,8,2,0,1,1,2,0,1,0,0,1,0,0
중부내륙선,창원,오봉,22:00-23:00,3,2,0,0,0,1,0,0,0,0,0,0,0
중부내륙선,창원,오봉,23:00-24:00,6,0,0,2,0,3,0,1,0,0,0,0,0
중부내륙선,창원,오봉,00:00-01:00,5,2,0,0,0,2,0,1,0,0,0,0,0
중부내륙선,창원,오봉,01:00-02:00,5,2,0,0,0,3,0,0,0,0,0,0,0
중부내륙선,창원,오봉,02:00-03:00,1,0,0,0,0,0,0,0,0,0,1,0,0
중부내륙선,창원,오봉,03:00-04:00,0,0,0,0,0,0,0,0,0,0,0,0,0
중부내륙선,창원,오봉,04:00-05:00,2,0,0,1,0,1,0,0,0,0,0,0,0
중부내륙선,창원,오봉,05:00-06:00,7,2,0,0,1,1,1,1,0,0,1,0,0
중부내륙선,창원,오봉,06:00-07:00,7,3,0,2,1,1,0,0,0,0,0,0,0
중부내륙선,양평,선산,07:00-08:00,17,14,0,1,1,0,0,0,0,0,1,0,0
중부내륙선,양평,선산,08:00-09:00,18,13,0,3,2,0,0,0,0,0,0,0,0
중부내륙선,양평,선산,09:00-10:00,23,18,0,5,0,0,0,0,0,0,0,0,0
중부내륙선,양평,선산,10:00-11:00,27,16,0,8,1,1,0,0,0,0,1,0,0
중부내륙선,양평,선산,11:00-12:00,28,23,0,3,0,2,0,0,0,0,0,0,0
중부내륙선,양평,선산,12:00-13:00,32,26,0,5,1,0,0,0,0,0,0,0,0
중부내륙선,양평,선산,13:00-14:00,36,26,0,8,2,0,0,0,0,0,0,0,0
중부내륙선,양평,선산,14:00-15:00,31,27,0,4,0,0,0,0,0,0,0,0,0
중부내륙선,양평,선산,15:00-16:00,35,28,0,4,1,1,0,0,0,0,0,0,1
중부내륙선,양평,선산,16:00-17:00,42,34,0,6,1,1,0,0,0,0,0,0,0
중부내륙선,양평,선산,17:00-18:00,27,21,0,3,2,1,0,0,0,0,0,0,0
중부내륙선,양평,선산,18:00-19:00,18,14,0,4,0,0,0,0,0,0,0,0,0
중부내륙선,양평,선산,19:00-20:00,19,14,0,4,1,0,0,0,0,0,0,0,0
중부내륙선,양평,선산,20:00-21:00,12,7,0,2,2,1,0,0,0,0,0,0,0
중부내륙선,양평,선산,21:00-22:00,6,5,0,0,1,0,0,0,0,0,0,0,0
중부내륙선,양평,선산,22:00-23:00,6,3,0,1,2,0,0,0,0,0,0,0,0
중부내륙선,양평,선산,23:00-24:00,8,6,0,2,0,0,0,0,0,0,0,0,0
중부내륙선,양평,선산,00:00-01:00,5,3,0,1,1,0,0,0,0,0,0,0,0
중부내륙선,양평,선산,01:00-02:00,10,5,0,0,3,1,0,0,0,0,1,0,0
중부내륙선,양평,선산,02:00-03:00,6,5,0,1,0,0,0,0,0,0,0,0,0
중부내륙선,양평,선산,03:00-04:00,7,4,0,1,2,0,0,0,0,0,0,0,0
중부내륙선,양평,선산,04:00-05:00,4,2,0,0,2,0,0,0,0,0,0,0,0
중부내륙선,양평,선산,05:00-06:00,6,1,0,3,1,0,0,0,0,0,1,0,0
중부내륙선,양평,선산,06:00-07:00,12,8,0,2,1,0,0,0,0,0,1,0,0
중부내륙선,창원,사벌,07:00-08:00,19,11,0,6,2,0,0,0,0,0,0,0,0
중부내륙선,창원,사벌,08:00-09:00,21,19,0,2,0,0,0,0,0,0,0,0,0
중부내륙선,창원,사벌,09:00-10:00,33,23,0,7,3,0,0,0,0,0,0,0,0
중부내륙선,창원,사벌,10:00-11:00,25,18,0,5,0,0,0,1,0,0,1,0,0
중부내륙선,창원,사벌,11:00-12:00,28,18,0,5,2,2,0,1,0,0,0,0,0
중부내륙선,창원,사벌,12:00-13:00,40,30,0,6,0,2,0,2,0,0,0,0,0
중부내륙선,창원,사벌,13:00-14:00,46,32,0,7,4,2,0,1,0,0,0,0,0
중부내륙선,창원,사벌,14:00-15:00,58,43,1,8,2,3,0,1,0,0,0,0,0
중부내륙선,창원,사벌,15:00-16:00,51,40,0,9,1,0,0,1,0,0,0,0,0
중부내륙선,창원,사벌,16:00-17:00,32,26,0,4,1,0,0,0,0,0,1,0,0
중부내륙선,창원,사벌,17:00-18:00,43,31,0,7,1,4,0,0,0,0,0,0,0
중부내륙선,창원,사벌,18:00-19:00,35,29,0,1,1,3,0,1,0,0,0,0,0
중부내륙선,창원,사벌,19:00-20:00,25,20,1,2,0,2,0,0,0,0,0,0,0
중부내륙선,창원,사벌,20:00-21:00,18,16,0,1,0,1,0,0,0,0,0,0,0
중부내륙선,창원,사벌,21:00-22:00,18,15,0,1,0,1,0,0,0,0,1,0,0
중부내륙선,창원,사벌,22:00-23:00,15,10,0,4,0,1,0,0,0,0,0,0,0
중부내륙선,창원,사벌,23:00-24:00,10,5,0,0,2,2,1,0,0,0,0,0,0
중부내륙선,창원,사벌,00:00-01:00,15,7,0,2,2,2,2,0,0,0,0,0,0
중부내륙선,창원,사벌,01:00-02:00,11,4,0,2,3,1,0,1,0,0,0,0,0
중부내륙선,창원,사벌,02:00-03:00,15,6,0,3,2,2,2,0,0,0,0,0,0
중부내륙선,창원,사벌,03:00-04:00,8,5,0,0,1,1,1,0,0,0,0,0,0
중부내륙선,창원,사벌,04:00-05:00,12,4,0,5,1,2,0,0,0,0,0,0,0
중부내륙선,창원,사벌,05:00-06:00,16,5,0,5,5,0,1,0,0,0,0,0,0
중부내륙선,창원,사벌,06:00-07:00,18,9,1,4,0,3,1,0,0,0,0,0,0
중부내륙선,양평,문경,07:00-08:00,12,6,0,2,0,3,0,0,0,0,0,0,1
중부내륙선,양평,문경,08:00-09:00,20,14,0,4,1,0,0,0,0,0,1,0,0
중부내륙선,양평,문경,09:00-10:00,29,18,0,5,1,3,2,0,0,0,0,0,0
중부내륙선,양평,문경,10:00-11:00,28,20,0,4,2,2,0,0,0,0,0,0,0
중부내륙선,양평,문경,11:00-12:00,32,21,0,5,2,3,1,0,0,0,0,0,0
중부내륙선,양평,문경,12:00-13:00,36,27,0,5,0,3,1,0,0,0,0,0,0
중부내륙선,양평,문경,13:00-14:00,31,19,0,3,3,6,0,0,0,0,0,0,0
중부내륙선,양평,문경,14:00-15:00,37,28,0,3,3,2,1,0,0,0,0,0,0
중부내륙선,양평,문경,15:00-16:00,38,32,0,5,0,1,0,0,0,0,0,0,0
중부내륙선,양평,문경,16:00-17:00,27,20,0,4,0,2,1,0,0,0,0,0,0
중부내륙선,양평,문경,17:00-18:00,24,11,0,9,1,3,0,0,0,0,0,0,0
중부내륙선,양평,문경,18:00-19:00,28,23,0,3,0,1,1,0,0,0,0,0,0
중부내륙선,양평,문경,19:00-20:00,21,14,0,3,0,4,0,0,0,0,0,0,0
중부내륙선,양평,문경,20:00-21:00,18,12,0,0,1,2,1,0,0,0,2,0,0
중부내륙선,양평,문경,21:00-22:00,12,6,1,3,0,1,0,0,0,0,0,1,0
중부내륙선,양평,문경,22:00-23:00,11,5,0,2,0,1,1,0,0,0,1,0,1
중부내륙선,양평,문경,23:00-24:00,6,2,0,1,0,2,0,0,0,0,1,0,0
중부내륙선,양평,문경,00:00-01:00,8,5,0,0,0,2,0,0,0,0,1,0,0
중부내륙선,양평,문경,01:00-02:00,6,3,0,1,0,2,0,0,0,0,0,0,0
중부내륙선,양평,문경,02:00-03:00,3,1,0,0,0,1,0,0,0,0,1,0,0
중부내륙선,양평,문경,03:00-04:00,6,2,0,1,1,1,1,0,0,0,0,0,0
중부내륙선,양평,문경,04:00-05:00,4,0,0,2,1,1,0,0,0,0,0,0,0
중부내륙선,양평,문경,05:00-06:00,8,3,0,2,1,2,0,0,0,0,0,0,0
중부내륙선,양평,문경,06:00-07:00,12,4,0,1,2,2,0,0,0,0,3,0,0
중부내륙선,양평,대소원,07:00-08:00,19,12,0,3,1,2,0,1,0,0,0,0,0
중부내륙선,양평,대소원,08:00-09:00,23,10,1,6,2,1,0,0,0,0,3,0,0
중부내륙선,양평,대소원,09:00-10:00,26,13,0,6,6,1,0,0,0,0,0,0,0
중부내륙선,양평,대소원,10:00-11:00,35,26,0,5,0,3,0,0,0,0,1,0,0
중부내륙선,양평,대소원,11:00-12:00,40,25,0,10,2,2,1,0,0,0,0,0,0
중부내륙선,양평,대소원,12:00-13:00,30,25,0,3,1,1,0,0,0,0,0,0,0
중부내륙선,양평,대소원,13:00-14:00,57,38,1,13,3,0,2,0,0,0,0,0,0
중부내륙선,양평,대소원,14:00-15:00,47,41,0,4,1,1,0,0,0,0,0,0,0
중부내륙선,양평,대소원,15:00-16:00,61,42,0,16,2,1,0,0,0,0,0,0,0
중부내륙선,양평,대소원,16:00-17:00,39,29,0,7,2,0,1,0,0,0,0,0,0
중부내륙선,양평,대소원,17:00-18:00,39,33,0,5,1,0,0,0,0,0,0,0,0
중부내륙선,양평,대소원,18:00-19:00,27,24,0,3,0,0,0,0,0,0,0,0,0
중부내륙선,양평,대소원,19:00-20:00,25,21,0,4,0,0,0,0,0,0,0,0,0
중부내륙선,양평,대소원,20:00-21:00,17,15,0,2,0,0,0,0,0,0,0,0,0
중부내륙선,양평,대소원,21:00-22:00,21,17,0,1,2,1,0,0,0,0,0,0,0
중부내륙선,양평,대소원,22:00-23:00,19,10,0,3,1,3,1,0,0,0,0,0,1
중부내륙선,양평,대소원,23:00-24:00,17,11,0,2,0,2,0,0,0,0,2,0,0
중부내륙선,양평,대소원,00:00-01:00,15,4,0,1,2,6,2,0,0,0,0,0,0
중부내륙선,양평,대소원,01:00-02:00,8,4,0,1,0,2,1,0,0,0,0,0,0
중부내륙선,양평,대소원,02:00-03:00,9,4,0,1,0,2,0,0,0,0,2,0,0
중부내륙선,양평,대소원,03:00-04:00,10,4,0,0,0,2,1,0,0,0,1,0,2
중부내륙선,양평,대소원,04:00-05:00,11,5,0,1,0,1,0,1,0,0,1,0,2
중부내륙선,양평,대소원,05:00-06:00,15,4,0,6,0,2,1,0,0,0,1,0,1
중부내륙선,양평,대소원,06:00-07:00,20,11,0,5,1,2,0,0,0,0,1,0,0
영동선,인천,군자,07:00-08:00,51,29,0,7,9,1,2,1,0,0,1,0,1
영동선,인천,군자,08:00-09:00,51,26,0,10,10,1,1,0,0,0,1,0,2
영동선,인천,군자,09:00-10:00,66,35,1,12,8,6,2,0,0,0,0,0,2
영동선,인천,군자,10:00-11:00,117,42,0,20,5,19,11,3,4,0,9,0,4
영동선,인천,군자,11:00-12:00,65,21,0,11,11,11,4,1,1,0,4,0,1
영동선,인천,군자,12:00-13:00,61,22,0,17,7,1,8,0,0,0,6,0,0
영동선,인천,군자,13:00-14:00,91,53,1,15,10,6,1,0,1,0,4,0,0
영동선,인천,군자,14:00-15:00,80,40,0,17,15,3,2,0,0,0,3,0,0
영동선,인천,군자,15:00-16:00,78,41,0,19,11,5,2,0,0,0,0,0,0
영동선,인천,군자,16:00-17:00,63,41,0,14,7,1,0,0,0,0,0,0,0
영동선,인천,군자,17:00-18:00,58,37,1,8,9,2,1,0,0,0,0,0,0
영동선,인천,군자,18:00-19:00,62,47,0,4,10,1,0,0,0,0,0,0,0
영동선,인천,군자,19:00-20:00,73,61,0,5,4,3,0,0,0,0,0,0,0
영동선,인천,군자,20:00-21:00,69,45,0,2,5,9,5,1,0,0,1,0,1
영동선,인천,군자,21:00-22:00,16,13,1,0,0,2,0,0,0,0,0,0,0
영동선,인천,군자,22:00-23:00,24,14,0,3,1,3,0,2,0,0,1,0,0
영동선,인천,군자,23:00-24:00,13,6,0,1,2,1,0,2,0,0,0,0,1
영동선,인천,군자,00:00-01:00,10,5,0,1,2,1,1,0,0,0,0,0,0
영동선,인천,군자,01:00-02:00,9,2,0,4,0,2,0,0,0,0,1,0,0
영동선,인천,군자,02:00-03:00,14,6,0,2,1,2,1,1,0,0,0,0,1
영동선,인천,군자,03:00-04:00,5,0,0,1,2,2,0,0,0,0,0,0,0
영동선,인천,군자,04:00-05:00,7,1,0,0,2,0,1,3,0,0,0,0,0
영동선,인천,군자,05:00-06:00,27,10,0,2,2,4,1,3,0,0,5,0,0
영동선,인천,군자,06:00-07:00,49,21,0,7,11,5,4,0,0,0,1,0,0
영동선,강릉,이목,07:00-08:00,67,50,0,9,6,1,0,1,0,0,0,0,0
영동선,강릉,이목,08:00-09:00,103,76,0,22,4,1,0,0,0,0,0,0,0
영동선,강릉,이목,09:00-10:00,105,69,1,25,7,1,1,1,0,0,0,0,0
영동선,강릉,이목,10:00-11:00,103,75,0,22,4,0,1,1,0,0,0,0,0
영동선,강릉,이목,11:00-12:00,97,70,0,20,5,2,0,0,0,0,0,0,0
영동선,강릉,이목,12:00-13:00,97,56,1,20,9,4,3,1,0,0,1,0,2
영동선,강릉,이목,13:00-14:00,131,89,0,32,8,0,1,0,0,0,0,0,1
영동선,강릉,이목,14:00-15:00,138,99,0,27,6,3,1,2,0,0,0,0,0
영동선,강릉,이목,15:00-16:00,143,113,0,19,5,4,2,0,0,0,0,0,0
영동선,강릉,이목,16:00-17:00,107,94,0,9,3,1,0,0,0,0,0,0,0
영동선,강릉,이목,17:00-18:00,104,95,0,8,1,0,0,0,0,0,0,0,0
영동선,강릉,이목,18:00-19:00,98,86,0,8,1,2,0,1,0,0,0,0,0
영동선,강릉,이목,19:00-20:00,79,66,0,7,1,3,0,1,0,0,1,0,0
영동선,강릉,이목,20:00-21:00,49,43,0,5,0,1,0,0,0,0,0,0,0
영동선,강릉,이목,21:00-22:00,45,35,0,2,4,1,0,3,0,0,0,0,0
영동선,강릉,이목,22:00-23:00,16,11,0,2,0,1,0,0,0,0,2,0,0
영동선,강릉,이목,23:00-24:00,26,19,0,1,2,3,0,0,0,0,1,0,0
영동선,강릉,이목,00:00-01:00,15,7,0,1,1,5,0,1,0,0,0,0,0
영동선,강릉,이목,01:00-02:00,13,7,0,1,2,2,1,0,0,0,0,0,0
영동선,강릉,이목,02:00-03:00,11,4,0,2,3,1,1,0,0,0,0,0,0
영동선,강릉,이목,03:00-04:00,6,4,0,0,1,0,1,0,0,0,0,0,0
영동선,강릉,이목,04:00-05:00,18,12,0,3,1,2,0,0,0,0,0,0,0
영동선,강릉,이목,05:00-06:00,29,15,0,4,5,1,1,2,0,0,1,0,0
영동선,강릉,이목,06:00-07:00,43,23,1,11,2,3,2,0,0,0,1,0,0
영동선,인천,이천,07:00-08:00,28,16,0,4,4,4,0,0,0,0,0,0,0
영동선,인천,이천,08:00-09:00,30,22,0,2,2,1,2,0,0,0,0,0,1
영동선,인천,이천,09:00-10:00,39,22,0,8,3,1,2,3,0,0,0,0,0
영동선,인천,이천,10:00-11:00,39,23,0,7,1,5,1,2,0,0,0,0,0
영동선,인천,이천,11:00-12:00,41,16,0,12,4,5,3,1,0,0,0,0,0
영동선,인천,이천,12:00-13:00,54,28,0,11,6,7,1,0,0,0,0,0,1
영동선,인천,이천,13:00-14:00,73,47,0,9,5,9,2,1,0,0,0,0,0
영동선,인천,이천,14:00-15:00,90,61,0,11,6,6,4,1,0,0,1,0,0
영동선,인천,이천,15:00-16:00,67,50,0,9,5,2,0,1,0,0,0,0,0
영동선,인천,이천,16:00-17:00,64,51,0,8,3,1,1,0,0,0,0,0,0
영동선,인천,이천,17:00-18:00,57,39,0,8,5,4,0,1,0,0,0,0,0
영동선,인천,이천,18:00-19:00,50,37,1,9,1,2,0,0,0,0,0,0,0
영동선,인천,이천,19:00-20:00,33,25,0,4,1,3,0,0,0,0,0,0,0
영동선,인천,이천,20:00-21:00,37,25,1,4,0,7,0,0,0,0,0,0,0
영동선,인천,이천,21:00-22:00,4,1,0,1,1,0,0,1,0,0,0,0,0
영동선,인천,이천,22:00-23:00,0,0,0,0,0,0,0,0,0,0,0,0,0
영동선,인천,이천,23:00-24:00,0,0,0,0,0,0,0,0,0,0,0,0,0
영동선,인천,이천,00:00-01:00,0,0,0,0,0,0,0,0,0,0,0,0,0
영동선,인천,이천,01:00-02:00,0,0,0,0,0,0,0,0,0,0,0,0,0
영동선,인천,이천,02:00-03:00,0,0,0,0,0,0,0,0,0,0,0,0,0
영동선,인천,이천,03:00-04:00,0,0,0,0,0,0,0,0,0,0,0,0,0
영동선,인천,이천,04:00-05:00,0,0,0,0,0,0,0,0,0,0,0,0,0
영동선,인천,이천,05:00-06:00,11,4,0,2,1,1,1,2,0,0,0,0,0
영동선,인천,이천,06:00-07:00,23,7,1,2,3,8,0,1,0,0,1,0,0
영동선,강릉,이천,07:00-08:00,48,31,0,7,6,3,0,1,0,0,0,0,0
영동선,강릉,이천,08:00-09:00,53,35,0,12,1,2,1,1,0,0,1,0,0
영동선,강릉,이천,09:00-10:00,68,46,0,10,4,4,1,3,0,0,0,0,0
영동선,강릉,이천,10:00-11:00,65,45,0,9,4,5,0,1,0,0,1,0,0
영동선,강릉,이천,11:00-12:00,69,49,0,12,5,1,0,1,0,0,0,0,1
영동선,강릉,이천,12:00-13:00,61,39,0,9,4,7,1,1,0,0,0,0,0
영동선,강릉,이천,13:00-14:00,74,44,0,15,6,2,6,1,0,0,0,0,0
영동선,강릉,이천,14:00-15:00,47,34,0,7,3,3,0,0,0,0,0,0,0
영동선,강릉,이천,15:00-16:00,49,32,0,6,5,1,1,2,0,0,1,0,1
영동선,강릉,이천,16:00-17:00,43,30,0,3,5,3,1,0,0,0,1,0,0
영동선,강릉,이천,17:00-18:00,33,25,0,2,4,2,0,0,0,0,0,0,0
영동선,강릉,이천,18:00-19:00,20,16,0,1,1,1,1,0,0,0,0,0,0
영동선,강릉,이천,19:00-20:00,25,13,1,5,5,0,0,0,0,0,1,0,0
영동선,강릉,이천,20:00-21:00,19,11,1,1,4,1,1,0,0,0,0,0,0
영동선,강릉,이천,21:00-22:00,19,9,0,2,4,2,1,1,0,0,0,0,0
영동선,강릉,이천,22:00-23:00,14,7,0,1,3,1,1,1,0,0,0,0,0
영동선,강릉,이천,23:00-24:00,10,4,0,1,3,2,0,0,0,0,0,0,0
영동선,강릉,이천,00:00-01:00,11,4,0,1,3,3,0,0,0,0,0,0,0
영동선,강릉,이천,01:00-02:00,7,0,0,1,4,0,1,1,0,0,0,0,0
영동선,강릉,이천,02:00-03:00,9,0,0,2,3,2,1,0,0,0,0,0,1
영동선,강릉,이천,03:00-04:00,4,2,0,0,0,2,0,0,0,0,0,0,0
영동선,강릉,이천,04:00-05:00,8,1,0,2,1,1,0,1,0,0,2,0,0
영동선,강릉,이천,05:00-06:00,22,13,0,3,2,3,0,1,0,0,0,0,0
영동선,강릉,이천,06:00-07:00,31,13,0,7,7,0,3,0,0,0,1,0,0
영동선,강릉,생태습지,07:00-08:00,12,5,0,4,1,2,0,0,0,0,0,0,0
영동선,강릉,생태습지,08:00-09:00,19,11,0,2,2,4,0,0,0,0,0,0,0
영동선,강릉,생태습지,09:00-10:00,24,16,0,3,3,1,0,0,0,0,0,0,1
영동선,강릉,생태습지,10:00-11:00,26,17,0,5,3,1,0,0,0,0,0,0,0
영동선,강릉,생태습지,11:00-12:00,26,20,0,4,0,1,1,0,0,0,0,0,0
영동선,강릉,생태습지,12:00-13:00,22,15,0,0,5,0,2,0,0,0,0,0,0
영동선,강릉,생태습지,13:00-14:00,22,15,0,3,2,2,0,0,0,0,0,0,0
영동선,강릉,생태습지,14:00-15:00,28,21,0,5,1,1,0,0,0,0,0,0,0
영동선,강릉,생태습지,15:00-16:00,26,20,0,2,0,1,1,2,0,0,0,0,0
영동선,강릉,생태습지,16:00-17:00,17,14,0,2,0,1,0,0,0,0,0,0,0
영동선,강릉,생태습지,17:00-18:00,13,12,0,1,0,0,0,0,0,0,0,0,0
영동선,강릉,생태습지,18:00-19:00,24,16,0,3,2,2,1,0,0,0,0,0,0
영동선,강릉,생태습지,19:00-20:00,15,14,0,1,0,0,0,0,0,0,0,0,0
영동선,강릉,생태습지,20:00-21:00,11,10,0,0,0,0,1,0,0,0,0,0,0
영동선,강릉,생태습지,21:00-22:00,2,0,0,0,0,2,0,0,0,0,0,0,0
영동선,강릉,생태습지,22:00-23:00,7,6,0,0,0,1,0,0,0,0,0,0,0
영동선,강릉,생태습지,23:00-24:00,5,1,0,1,2,0,1,0,0,0,0,0,0
영동선,강릉,생태습지,00:00-01:00,3,1,0,0,2,0,0,0,0,0,0,0,0
영동선,강릉,생태습지,01:00-02:00,4,2,0,1,0,1,0,0,0,0,0,0,0
영동선,강릉,생태습지,02:00-03:00,3,0,0,0,3,0,0,0,0,0,0,0,0
영동선,강릉,생태습지,03:00-04:00,3,2,0,0,0,1,0,0,0,0,0,0,0
영동선,강릉,생태습지,04:00-05:00,6,1,0,1,0,3,0,1,0,0,0,0,0
영동선,강릉,생태습지,05:00-06:00,8,5,0,1,0,1,1,0,0,0,0,0,0
영동선,강릉,생태습지,06:00-07:00,7,3,0,0,0,1,1,1,0,0,1,0,0
영동선,인천,소초,07:00-08:00,10,2,0,5,0,0,0,0,0,0,1,0,2
영동선,인천,소초,08:00-09:00,23,14,2,4,1,1,0,0,0,0,0,0,1
영동선,인천,소초,09:00-10:00,43,27,0,8,1,5,1,0,0,0,1,0,0
영동선,인천,소초,10:00-11:00,40,28,0,7,2,2,1,0,0,0,0,0,0
영동선,인천,소초,11:00-12:00,42,28,1,7,1,4,1,0,0,0,0,0,0
영동선,인천,소초,12:00-13:00,41,37,0,1,0,3,0,0,0,0,0,0,0
영동선,인천,소초,13:00-14:00,56,40,0,12,1,2,1,0,0,0,0,0,0
영동선,인천,소초,14:00-15:00,56,50,0,3,0,2,1,0,0,0,0,0,0
영동선,인천,소초,15:00-16:00,88,74,1,12,0,1,0,0,0,0,0,0,0
영동선,인천,소초,16:00-17:00,50,42,0,4,1,3,0,0,0,0,0,0,0
영동선,인천,소초,17:00-18:00,35,28,0,4,1,1,0,1,0,0,0,0,0
영동선,인천,소초,18:00-19:00,27,24,0,1,2,0,0,0,0,0,0,0,0
영동선,인천,소초,19:00-20:00,23,20,0,3,0,0,0,0,0,0,0,0,0
영동선,인천,소초,20:00-21:00,23,20,0,2,1,0,0,0,0,0,0,0,0
영동선,인천,소초,21:00-22:00,9,7,0,1,0,0,0,1,0,0,0,0,0
영동선,인천,소초,22:00-23:00,10,7,0,0,1,1,0,1,0,0,0,0,0
영동선,인천,소초,23:00-24:00,2,2,0,0,0,0,0,0,0,0,0,0,0
영동선,인천,소초,00:00-01:00,1,1,0,0,0,0,0,0,0,0,0,0,0
영동선,인천,소초,01:00-02:00,3,3,0,0,0,0,0,0,0,0,0,0,0
영동선,인천,소초,02:00-03:00,2,1,0,0,0,1,0,0,0,0,0,0,0
영동선,인천,소초,03:00-04:00,8,5,0,2,0,0,0,0,0,0,1,0,0
영동선,인천,소초,04:00-05:00,3,3,0,0,0,0,0,0,0,0,0,0,0
영동선,인천,소초,05:00-06:00,3,2,0,0,0,0,0,1,0,0,0,0,0
영동선,인천,소초,06:00-07:00,11,6,0,0,2,1,0,0,0,0,2,0,0
영동선,인천,삽교,07:00-08:00,17,13,0,3,0,0,1,0,0,0,0,0,0
영동선,인천,삽교,08:00-09:00,25,16,0,3,3,1,2,0,0,0,0,0,0
영동선,인천,삽교,09:00-10:00,26,19,1,3,1,0,1,1,0,0,0,0,0
영동선,인천,삽교,10:00-11:00,27,15,0,6,1,4,1,0,0,0,0,0,0
영동선,인천,삽교,11:00-12:00,30,23,0,4,1,2,0,0,0,0,0,0,0
영동선,인천,삽교,12:00-13:00,27,24,0,0,1,1,0,1,0,0,0,0,0
영동선,인천,삽교,13:00-14:00,32,28,0,3,0,1,0,0,0,0,0,0,0
영동선,인천,삽교,14:00-15:00,48,43,0,2,1,2,0,0,0,0,0,0,0
영동선,인천,삽교,15:00-16:00,42,33,0,5,1,2,0,1,0,0,0,0,0
영동선,인천,삽교,16:00-17:00,30,25,0,3,1,0,0,0,0,0,1,0,0
영동선,인천,삽교,17:00-18:00,33,27,0,3,2,0,0,1,0,0,0,0,0
영동선,인천,삽교,18:00-19:00,19,17,0,1,1,0,0,0,0,0,0,0,0
영동선,인천,삽교,19:00-20:00,13,13,0,0,0,0,0,0,0,0,0,0,0
영동선,인천,삽교,20:00-21:00,13,10,1,1,0,0,0,1,0,0,0,0,0
영동선,인천,삽교,21:00-22:00,9,8,0,0,0,1,0,0,0,0,0,0,0
영동선,인천,삽교,22:00-23:00,6,5,0,0,0,0,0,1,0,0,0,0,0
영동선,인천,삽교,23:00-24:00,3,3,0,0,0,0,0,0,0,0,0,0,0
영동선,인천,삽교,00:00-01:00,2,1,0,0,0,0,0,0,0,0,1,0,0
영동선,인천,삽교,01:00-02:00,2,1,0,0,0,0,0,1,0,0,0,0,0
영동선,인천,삽교,02:00-03:00,2,0,0,0,1,0,1,0,0,0,0,0,0
영동선,인천,삽교,03:00-04:00,4,3,0,0,1,0,0,0,0,0,0,0,0
영동선,인천,삽교,04:00-05:00,2,1,0,1,0,0,0,0,0,0,0,0,0
영동선,인천,삽교,05:00-06:00,7,4,0,0,0,1,0,1,0,0,1,0,0
영동선,인천,삽교,06:00-07:00,5,4,0,0,1,0,0,0,0,0,0,0,0
영동선,인천,월정,07:00-08:00,8,2,0,2,1,1,1,1,0,0,0,0,0
영동선,인천,월정,08:00-09:00,10,9,0,1,0,0,0,0,0,0,0,0,0
영동선,인천,월정,09:00-10:00,19,10,0,3,1,3,2,0,0,0,0,0,0
영동선,인천,월정,10:00-11:00,24,17,0,2,2,3,0,0,0,0,0,0,0
영동선,인천,월정,11:00-12:00,14,10,0,2,1,0,0,1,0,0,0,0,0
영동선,인천,월정,12:00-13:00,22,18,0,2,0,1,0,1,0,0,0,0,0
영동선,인천,월정,13:00-14:00,24,22,0,2,0,0,0,0,0,0,0,0,0
영동선,인천,월정,14:00-15:00,30,28,0,1,0,1,0,0,0,0,0,0,0
영동선,인천,월정,15:00-16:00,33,27,0,2,2,0,1,0,0,0,1,0,0
영동선,인천,월정,16:00-17:00,17,16,0,1,0,0,0,0,0,0,0,0,0
영동선,인천,월정,17:00-18:00,21,16,0,4,0,0,1,0,0,0,0,0,0
영동선,인천,월정,18:00-19:00,16,13,0,1,0,1,1,0,0,0,0,0,0
영동선,인천,월정,19:00-20:00,11,10,0,1,0,0,0,0,0,0,0,0,0
영동선,인천,월정,20:00-21:00,4,4,0,0,0,0,0,0,0,0,0,0,0
영동선,인천,월정,21:00-22:00,5,4,0,0,0,0,0,1,0,0,0,0,0
영동선,인천,월정,22:00-23:00,3,3,0,0,0,0,0,0,0,0,0,0,0
영동선,인천,월정,23:00-24:00,2,2,0,0,0,0,0,0,0,0,0,0,0
영동선,인천,월정,00:00-01:00,2,2,0,0,0,0,0,0,0,0,0,0,0
영동선,인천,월정,01:00-02:00,2,1,0,1,0,0,0,0,0,0,0,0,0
영동선,인천,월정,02:00-03:00,2,1,0,1,0,0,0,0,0,0,0,0,0
영동선,인천,월정,03:00-04:00,1,1,0,0,0,0,0,0,0,0,0,0,0
영동선,인천,월정,04:00-05:00,2,2,0,0,0,0,0,0,0,0,0,0,0
영동선,인천,월정,05:00-06:00,8,3,1,2,2,0,0,0,0,0,0,0,0
영동선,인천,월정,06:00-07:00,7,4,0,2,0,0,0,1,0,0,0,0,0
영동선,강릉,대관령전망대,07:00-08:00,17,12,0,5,0,0,0,0,0,0,0,0,0
영동선,강릉,대관령전망대,08:00-09:00,19,13,0,5,0,1,0,0,0,0,0,0,0
영동선,강릉,대관령전망대,09:00-10:00,39,37,0,2,0,0,0,0,0,0,0,0,0
영동선,강릉,대관령전망대,10:00-11:00,60,58,0,2,0,0,0,0,0,0,0,0,0
영동선,강릉,대관령전망대,11:00-12:00,80,75,0,4,1,0,0,0,0,0,0,0,0
영동선,강릉,대관령전망대,12:00-13:00,88,84,0,3,0,0,1,0,0,0,0,0,0
영동선,강릉,대관령전망대,13:00-14:00,61,60,0,1,0,0,0,0,0,0,0,0,0
영동선,강릉,대관령전망대,14:00-15:00,81,78,0,3,0,0,0,0,0,0,0,0,0
영동선,강릉,대관령전망대,15:00-16:00,68,63,0,5,0,0,0,0,0,0,0,0,0
영동선,강릉,대관령전망대,16:00-17:00,52,46,0,5,0,0,0,0,0,0,1,0,0
영동선,강릉,대관령전망대,17:00-18:00,32,31,0,1,0,0,0,0,0,0,0,0,0
영동선,강릉,대관령전망대,18:00-19:00,9,9,0,0,0,0,0,0,0,0,0,0,0
영동선,강릉,대관령전망대,19:00-20:00,7,7,0,0,0,0,0,0,0,0,0,0,0
영동선,강릉,대관령전망대,20:00-21:00,4,3,0,1,0,0,0,0,0,0,0,0,0
영동선,강릉,대관령전망대,21:00-22:00,2,2,0,0,0,0,0,0,0,0,0,0,0
영동선,강릉,대관령전망대,22:00-23:00,5,4,0,1,0,0,0,0,0,0,0,0,0
영동선,강릉,대관령전망대,23:00-24:00,4,2,0,0,1,1,0,0,0,0,0,0,0
영동선,강릉,대관령전망대,00:00-01:00,3,2,0,1,0,0,0,0,0,0,0,0,0
영동선,강릉,대관령전망대,01:00-02:00,7,6,0,1,0,0,0,0,0,0,0,0,0
영동선,강릉,대관령전망대,02:00-03:00,2,2,0,0,0,0,0,0,0,0,0,0,0
영동선,강릉,대관령전망대,03:00-04:00,4,3,0,1,0,0,0,0,0,0,0,0,0
영동선,강릉,대관령전망대,04:00-05:00,2,1,0,0,1,0,0,0,0,0,0,0,0
영동선,강릉,대관령전망대,05:00-06:00,4,3,0,1,0,0,0,0,0,0,0,0,0
영동선,강릉,대관령전망대,06:00-07:00,12,6,0,4,0,2,0,0,0,0,0,0,0
중앙선,춘천,읍내,07:00-08:00,23,17,0,2,1,0,2,1,0,0,0,0,0
중앙선,춘천,읍내,08:00-09:00,23,14,0,5,1,2,1,0,0,0,0,0,0
중앙선,춘천,읍내,09:00-10:00,28,20,0,8,0,0,0,0,0,0,0,0,0
중앙선,춘천,읍내,10:00-11:00,35,28,0,2,4,1,0,0,0,0,0,0,0
중앙선,춘천,읍내,11:00-12:00,32,27,0,4,0,1,0,0,0,0,0,0,0
중앙선,춘천,읍내,12:00-13:00,23,16,0,2,3,1,0,1,0,0,0,0,0
중앙선,춘천,읍내,13:00-14:00,32,22,0,8,1,1,0,0,0,0,0,0,0
중앙선,춘천,읍내,14:00-15:00,22,18,0,2,0,1,1,0,0,0,0,0,0
중앙선,춘천,읍내,15:00-16:00,23,20,0,2,1,0,0,0,0,0,0,0,0
중앙선,춘천,읍내,16:00-17:00,19,16,0,3,0,0,0,0,0,0,0,0,0
중앙선,춘천,읍내,17:00-18:00,20,16,1,2,0,1,0,0,0,0,0,0,0
중앙선,춘천,읍내,18:00-19:00,15,13,1,1,0,0,0,0,0,0,0,0,0
중앙선,춘천,읍내,19:00-20:00,17,11,0,4,1,0,1,0,0,0,0,0,0
중앙선,춘천,읍내,20:00-21:00,1,1,0,0,0,0,0,0,0,0,0,0,0
중앙선,춘천,읍내,21:00-22:00,3,1,0,1,0,0,0,0,0,0,1,0,0
중앙선,춘천,읍내,22:00-23:00,3,1,0,2,0,0,0,0,0,0,0,0,0
중앙선,춘천,읍내,23:00-24:00,2,1,0,1,0,0,0,0,0,0,0,0,0
중앙선,춘천,읍내,00:00-01:00,7,4,0,0,1,1,0,0,0,0,0,0,1
중앙선,춘천,읍내,01:00-02:00,4,3,0,1,0,0,0,0,0,0,0,0,0
중앙선,춘천,읍내,02:00-03:00,8,4,0,2,0,0,2,0,0,0,0,0,0
중앙선,춘천,읍내,03:00-04:00,7,2,0,1,0,1,3,0,0,0,0,0,0
중앙선,춘천,읍내,04:00-05:00,4,2,0,2,0,0,0,0,0,0,0,0,0
중앙선,춘천,읍내,05:00-06:00,5,1,0,3,0,1,0,0,0,0,0,0,0
중앙선,춘천,읍내,06:00-07:00,11,7,0,1,0,0,2,0,0,0,0,0,1
중앙선,부산,안평,07:00-08:00,9,5,0,3,1,0,0,0,0,0,0,0,0
중앙선,부산,안평,08:00-09:00,10,8,0,0,2,0,0,0,0,0,0,0,0
중앙선,부산,안평,09:00-10:00,14,9,0,4,0,0,1,0,0,0,0,0,0
중앙선,부산,안평,10:00-11:00,13,8,0,5,0,0,0,0,0,0,0,0,0
중앙선,부산,안평,11:00-12:00,19,13,0,5,1,0,0,0,0,0,0,0,0
중앙선,부산,안평,12:00-13:00,24,17,0,4,2,0,0,1,0,0,0,0,0
중앙선,부산,안평,13:00-14:00,21,19,0,2,0,0,0,0,0,0,0,0,0
중앙선,부산,안평,14:00-15:00,31,24,0,5,2,0,0,0,0,0,0,0,0
중앙선,부산,안평,15:00-16:00,38,25,0,11,2,0,0,0,0,0,0,0,0
중앙선,부산,안평,16:00-17:00,26,18,0,5,3,0,0,0,0,0,0,0,0
중앙선,부산,안평,17:00-18:00,20,15,0,4,1,0,0,0,0,0,0,0,0
중앙선,부산,안평,18:00-19:00,13,13,0,0,0,0,0,0,0,0,0,0,0
중앙선,부산,안평,19:00-20:00,21,19,0,1,1,0,0,0,0,0,0,0,0
중앙선,부산,안평,20:00-21:00,12,8,0,2,0,1,0,1,0,0,0,0,0
중앙선,부산,안평,21:00-22:00,6,5,0,1,0,0,0,0,0,0,0,0,0
중앙선,부산,안평,22:00-23:00,6,3,0,3,0,0,0,0,0,0,0,0,0
중앙선,부산,안평,23:00-24:00,4,4,0,0,0,0,0,0,0,0,0,0,0
중앙선,부산,안평,00:00-01:00,4,3,0,0,0,1,0,0,0,0,0,0,0
중앙선,부산,안평,01:00-02:00,1,1,0,0,0,0,0,0,0,0,0,0,0
중앙선,부산,안평,02:00-03:00,3,1,0,1,0,1,0,0,0,0,0,0,0
중앙선,부산,안평,03:00-04:00,1,1,0,0,0,0,0,0,0,0,0,0,0
중앙선,부산,안평,04:00-05:00,2,2,0,0,0,0,0,0,0,0,0,0,0
중앙선,부산,안평,05:00-06:00,5,3,0,1,0,0,1,0,0,0,0,0,0
중앙선,부산,안평,06:00-07:00,8,1,0,1,5,0,1,0,0,0,0,0,0
중앙선,부산,풍산,07:00-08:00,4,4,0,0,0,0,0,0,0,0,0,0,0
중앙선,부산,풍산,08:00-09:00,12,9,0,3,0,0,0,0,0,0,0,0,0
중앙선,부산,풍산,09:00-10:00,15,12,0,3,0,0,0,0,0,0,0,0,0
중앙선,부산,풍산,10:00-11:00,19,12,0,5,0,0,2,0,0,0,0,0,0
중앙선,부산,풍산,11:00-12:00,13,9,0,2,1,0,0,0,0,0,1,0,0
중앙선,부산,풍산,12:00-13:00,25,18,0,6,0,1,0,0,0,0,0,0,0
중앙선,부산,풍산,13:00-14:00,29,23,0,3,2,1,0,0,0,0,0,0,0
중앙선,부산,풍산,14:00-15:00,30,25,0,5,0,0,0,0,0,0,0,0,0
중앙선,부산,풍산,15:00-16:00,23,19,0,4,0,0,0,0,0,0,0,0,0
중앙선,부산,풍산,16:00-17:00,21,17,0,3,0,0,0,0,0,0,1,0,0
중앙선,부산,풍산,17:00-18:00,21,15,0,3,2,1,0,0,0,0,0,0,0
중앙선,부산,풍산,18:00-19:00,21,19,0,1,0,1,0,0,0,0,0,0,0
중앙선,부산,풍산,19:00-20:00,6,6,0,0,0,0,0,0,0,0,0,0,0
중앙선,부산,풍산,20:00-21:00,6,6,0,0,0,0,0,0,0,0,0,0,0
중앙선,부산,풍산,21:00-22:00,8,8,0,0,0,0,0,0,0,0,0,0,0
중앙선,부산,풍산,22:00-23:00,4,4,0,0,0,0,0,0,0,0,0,0,0
중앙선,부산,풍산,23:00-24:00,2,1,0,0,0,1,0,0,0,0,0,0,0
중앙선,부산,풍산,00:00-01:00,1,1,0,0,0,0,0,0,0,0,0,0,0
중앙선,부산,풍산,01:00-02:00,2,2,0,0,0,0,0,0,0,0,0,0,0
중앙선,부산,풍산,02:00-03:00,2,2,0,0,0,0,0,0,0,0,0,0,0
중앙선,부산,풍산,03:00-04:00,2,1,0,0,1,0,0,0,0,0,0,0,0
중앙선,부산,풍산,04:00-05:00,0,0,0,0,0,0,0,0,0,0,0,0,0
중앙선,부산,풍산,05:00-06:00,6,4,0,1,0,0,0,1,0,0,0,0,0
중앙선,부산,풍산,06:00-07:00,8,7,0,1,0,0,0,0,0,0,0,0,0
중앙선,춘천,보문,07:00-08:00,10,7,0,1,1,0,0,0,0,0,0,0,1
중앙선,춘천,보문,08:00-09:00,12,9,0,3,0,0,0,0,0,0,0,0,0
중앙선,춘천,보문,09:00-10:00,24,18,0,4,1,1,0,0,0,0,0,0,0
중앙선,춘천,보문,10:00-11:00,21,12,0,4,4,0,1,0,0,0,0,0,0
중앙선,춘천,보문,11:00-12:00,22,16,0,3,2,0,0,1,0,0,0,0,0
중앙선,춘천,보문,12:00-13:00,24,19,0,3,1,1,0,0,0,0,0,0,0
중앙선,춘천,보문,13:00-14:00,23,17,0,3,1,2,0,0,0,0,0,0,0
중앙선,춘천,보문,14:00-15:00,16,12,0,2,0,1,0,0,0,0,1,0,0
중앙선,춘천,보문,15:00-16:00,22,19,0,2,1,0,0,0,0,0,0,0,0
중앙선,춘천,보문,16:00-17:00,21,17,0,4,0,0,0,0,0,0,0,0,0
중앙선,춘천,보문,17:00-18:00,10,9,0,1,0,0,0,0,0,0,0,0,0
중앙선,춘천,보문,18:00-19:00,8,6,0,2,0,0,0,0,0,0,0,0,0
중앙선,춘천,보문,19:00-20:00,7,6,0,1,0,0,0,0,0,0,0,0,0
중앙선,춘천,보문,20:00-21:00,11,10,0,1,0,0,0,0,0,0,0,0,0
중앙선,춘천,보문,21:00-22:00,2,2,0,0,0,0,0,0,0,0,0,0,0
중앙선,춘천,보문,22:00-23:00,1,1,0,0,0,0,0,0,0,0,0,0,0
중앙선,춘천,보문,23:00-24:00,2,2,0,0,0,0,0,0,0,0,0,0,0
중앙선,춘천,보문,00:00-01:00,1,0,0,1,0,0,0,0,0,0,0,0,0
중앙선,춘천,보문,01:00-02:00,1,1,0,0,0,0,0,0,0,0,0,0,0
중앙선,춘천,보문,02:00-03:00,2,0,0,0,1,1,0,0,0,0,0,0,0
중앙선,춘천,보문,03:00-04:00,0,0,0,0,0,0,0,0,0,0,0,0,0
중앙선,춘천,보문,04:00-05:00,1,1,0,0,0,0,0,0,0,0,0,0,0
중앙선,춘천,보문,05:00-06:00,3,1,0,0,1,0,0,0,0,0,1,0,0
중앙선,춘천,보문,06:00-07:00,5,4,0,0,0,0,0,0,0,0,1,0,0
중앙선,춘천,봉양,07:00-08:00,10,9,0,0,1,0,0,0,0,0,0,0,0
중앙선,춘천,봉양,08:00-09:00,12,9,0,2,0,1,0,0,0,0,0,0,0
중앙선,춘천,봉양,09:00-10:00,12,9,0,1,2,0,0,0,0,0,0,0,0
중앙선,춘천,봉양,10:00-11:00,15,13,0,2,0,0,0,0,0,0,0,0,0
중앙선,춘천,봉양,11:00-12:00,21,13,0,8,0,0,0,0,0,0,0,0,0
중앙선,춘천,봉양,12:00-13:00,20,17,0,2,1,0,0,0,0,0,0,0,0
중앙선,춘천,봉양,13:00-14:00,30,21,0,8,0,1,0,0,0,0,0,0,0
중앙선,춘천,봉양,14:00-15:00,38,33,0,3,2,0,0,0,0,0,0,0,0
중앙선,춘천,봉양,15:00-16:00,35,25,0,7,3,0,0,0,0,0,0,0,0
중앙선,춘천,봉양,16:00-17:00,27,26,0,1,0,0,0,0,0,0,0,0,0
중앙선,춘천,봉양,17:00-18:00,25,22,0,2,1,0,0,0,0,0,0,0,0
중앙선,춘천,봉양,18:00-19:00,14,11,0,3,0,0,0,0,0,0,0,0,0
중앙선,춘천,봉양,19:00-20:00,13,11,0,1,1,0,0,0,0,0,0,0,0
중앙선,춘천,봉양,20:00-21:00,3,3,0,0,0,0,0,0,0,0,0,0,0
중앙선,춘천,봉양,21:00-22:00,10,9,0,0,0,0,0,1,0,0,0,0,0
중앙선,춘천,봉양,22:00-23:00,8,8,0,0,0,0,0,0,0,0,0,0,0
중앙선,춘천,봉양,23:00-24:00,6,6,0,0,0,0,0,0,0,0,0,0,0
중앙선,춘천,봉양,00:00-01:00,2,2,0,0,0,0,0,0,0,0,0,0,0
중앙선,춘천,봉양,01:00-02:00,0,0,0,0,0,0,0,0,0,0,0,0,0
중앙선,춘천,봉양,02:00-03:00,1,1,0,0,0,0,0,0,0,0,0,0,0
중앙선,춘천,봉양,03:00-04:00,1,1,0,0,0,0,0,0,0,0,0,0,0
중앙선,춘천,봉양,04:00-05:00,4,4,0,0,0,0,0,0,0,0,0,0,0
중앙선,춘천,봉양,05:00-06:00,5,3,0,1,0,1,0,0,0,0,0,0,0
중앙선,춘천,봉양,06:00-07:00,9,4,0,2,3,0,0,0,0,0,0,0,0
중앙선,부산,횡성,07:00-08:00,12,8,0,1,3,0,0,0,0,0,0,0,0
중앙선,부산,횡성,08:00-09:00,25,19,0,3,2,1,0,0,0,0,0,0,0
중앙선,부산,횡성,09:00-10:00,35,29,0,2,1,2,1,0,0,0,0,0,0
중앙선,부산,횡성,10:00-11:00,54,34,1,10,7,2,0,0,0,0,0,0,0
중앙선,부산,횡성,11:00-12:00,45,37,0,3,2,2,1,0,0,0,0,0,0
중앙선,부산,횡성,12:00-13:00,35,28,0,2,3,1,0,0,0,0,1,0,0
중앙선,부산,횡성,13:00-14:00,47,36,0,5,4,1,1,0,0,0,0,0,0
중앙선,부산,횡성,14:00-15:00,43,31,0,6,4,1,0,0,0,0,1,0,0
중앙선,부산,횡성,15:00-16:00,61,52,0,6,2,1,0,0,0,0,0,0,0
중앙선,부산,횡성,16:00-17:00,53,46,0,6,1,0,0,0,0,0,0,0,0
중앙선,부산,횡성,17:00-18:00,27,24,0,3,0,0,0,0,0,0,0,0,0
중앙선,부산,횡성,18:00-19:00,26,19,0,4,3,0,0,0,0,0,0,0,0
중앙선,부산,횡성,19:00-20:00,17,14,0,1,0,1,1,0,0,0,0,0,0
중앙선,부산,횡성,20:00-21:00,6,6,0,0,0,0,0,0,0,0,0,0,0
중앙선,부산,횡성,21:00-22:00,8,7,0,0,0,1,0,0,0,0,0,0,0
중앙선,부산,횡성,22:00-23:00,3,3,0,0,0,0,0,0,0,0,0,0,0
중앙선,부산,횡성,23:00-24:00,0,0,0,0,0,0,0,0,0,0,0,0,0
중앙선,부산,횡성,00:00-01:00,4,3,0,0,0,0,1,0,0,0,0,0,0
중앙선,부산,횡성,01:00-02:00,1,0,0,0,1,0,0,0,0,0,0,0,0
중앙선,부산,횡성,02:00-03:00,3,2,0,0,1,0,0,0,0,0,0,0,0
중앙선,부산,횡성,03:00-04:00,3,0,0,0,2,1,0,0,0,0,0,0,0
중앙선,부산,횡성,04:00-05:00,2,1,0,1,0,0,0,0,0,0,0,0,0
중앙선,부산,횡성,05:00-06:00,6,4,0,2,0,0,0,0,0,0,0,0,0
중앙선,부산,횡성,06:00-07:00,6,2,0,4,0,0,0,0,0,0,0,0,0
중앙선,춘천,횡성,07:00-08:00,16,8,0,1,3,3,1,0,0,0,0,0,0
중앙선,춘천,횡성,08:00-09:00,16,12,0,3,1,0,0,0,0,0,0,0,0
중앙선,춘천,횡성,09:00-10:00,25,15,0,6,4,0,0,0,0,0,0,0,0
중앙선,춘천,횡성,10:00-11:00,28,14,0,8,3,3,0,0,0,0,0,0,0
중앙선,춘천,횡성,11:00-12:00,32,19,1,4,7,1,0,0,0,0,0,0,0
중앙선,춘천,횡성,12:00-13:00,24,21,0,1,2,0,0,0,0,0,0,0,0
중앙선,춘천,횡성,13:00-14:00,21,16,0,2,0,0,1,1,0,0,1,0,0
중앙선,춘천,횡성,14:00-15:00,33,23,0,6,4,0,0,0,0,0,0,0,0
중앙선,춘천,횡성,15:00-16:00,33,24,0,5,2,1,1,0,0,0,0,0,0
중앙선,춘천,횡성,16:00-17:00,19,15,0,3,1,0,0,0,0,0,0,0,0
중앙선,춘천,횡성,17:00-18:00,12,11,0,0,1,0,0,0,0,0,0,0,0
중앙선,춘천,횡성,18:00-19:00,27,26,0,1,0,0,0,0,0,0,0,0,0
중앙선,춘천,횡성,19:00-20:00,10,7,0,2,1,0,0,0,0,0,0,0,0
중앙선,춘천,횡성,20:00-21:00,9,7,0,1,1,0,0,0,0,0,0,0,0
중앙선,춘천,횡성,21:00-22:00,5,4,0,1,0,0,0,0,0,0,0,0,0
중앙선,춘천,횡성,22:00-23:00,9,7,0,1,0,1,0,0,0,0,0,0,0
중앙선,춘천,횡성,23:00-24:00,2,1,0,0,0,1,0,0,0,0,0,0,0
중앙선,춘천,횡성,00:00-01:00,4,2,0,1,1,0,0,0,0,0,0,0,0
중앙선,춘천,횡성,01:00-02:00,1,0,0,1,0,0,0,0,0,0,0,0,0
중앙선,춘천,횡성,02:00-03:00,4,2,0,2,0,0,0,0,0,0,0,0,0
중앙선,춘천,횡성,03:00-04:00,1,1,0,0,0,0,0,0,0,0,0,0,0
중앙선,춘천,횡성,04:00-05:00,7,0,0,1,2,1,1,1,0,0,1,0,0
중앙선,춘천,횡성,05:00-06:00,7,0,0,3,2,2,0,0,0,0,0,0,0
중앙선,춘천,횡성,06:00-07:00,6,2,0,2,2,0,0,0,0,0,0,0,0
서울양양선,서울,서종,07:00-08:00,14,11,0,3,0,0,0,0,0,0,0,0,0
서울양양선,서울,서종,08:00-09:00,16,11,0,2,1,1,0,1,0,0,0,0,0
서울양양선,서울,서종,09:00-10:00,27,21,1,5,0,0,0,0,0,0,0,0,0
서울양양선,서울,서종,10:00-11:00,33,21,0,9,1,1,1,0,0,0,0,0,0
서울양양선,서울,서종,11:00-12:00,44,32,0,10,2,0,0,0,0,0,0,0,0
서울양양선,서울,서종,12:00-13:00,31,26,0,3,1,0,1,0,0,0,0,0,0
서울양양선,서울,서종,13:00-14:00,27,23,0,3,1,0,0,0,0,0,0,0,0
서울양양선,서울,서종,14:00-15:00,60,55,0,4,1,0,0,0,0,0,0,0,0
서울양양선,서울,서종,15:00-16:00,52,46,0,6,0,0,0,0,0,0,0,0,0
서울양양선,서울,서종,16:00-17:00,56,51,0,5,0,0,0,0,0,0,0,0,0
서울양양선,서울,서종,17:00-18:00,44,40,0,3,1,0,0,0,0,0,0,0,0
서울양양선,서울,서종,18:00-19:00,39,37,0,1,1,0,0,0,0,0,0,0,0
서울양양선,서울,서종,19:00-20:00,32,31,0,1,0,0,0,0,0,0,0,0,0
서울양양선,서울,서종,20:00-21:00,20,16,0,4,0,0,0,0,0,0,0,0,0
서울양양선,서울,서종,21:00-22:00,17,16,0,0,0,0,1,0,0,0,0,0,0
서울양양선,서울,서종,22:00-23:00,9,9,0,0,0,0,0,0,0,0,0,0,0
서울양양선,서울,서종,23:00-24:00,9,8,1,0,0,0,0,0,0,0,0,0,0
서울양양선,서울,서종,00:00-01:00,4,3,0,1,0,0,0,0,0,0,0,0,0
서울양양선,서울,서종,01:00-02:00,3,2,0,0,1,0,0,0,0,0,0,0,0
서울양양선,서울,서종,02:00-03:00,3,2,0,1,0,0,0,0,0,0,0,0,0
서울양양선,서울,서종,03:00-04:00,2,2,0,0,0,0,0,0,0,0,0,0,0
서울양양선,서울,서종,04:00-05:00,2,1,0,1,0,0,0,0,0,0,0,0,0
서울양양선,서울,서종,05:00-06:00,5,4,0,1,0,0,0,0,0,0,0,0,0
서울양양선,서울,서종,06:00-07:00,8,4,0,2,2,0,0,0,0,0,0,0,0
서울양양선,양양,동산,07:00-08:00,23,15,0,5,2,1,0,0,0,0,0,0,0
서울양양선,양양,동산,08:00-09:00,24,22,1,1,0,0,0,0,0,0,0,0,0
서울양양선,양양,동산,09:00-10:00,41,30,0,6,2,2,0,1,0,0,0,0,0
서울양양선,양양,동산,10:00-11:00,40,34,0,6,0,0,0,0,0,0,0,0,0
서울양양선,양양,동산,11:00-12:00,43,39,0,3,0,1,0,0,0,0,0,0,0
서울양양선,양양,동산,12:00-13:00,58,45,0,10,1,1,0,1,0,0,0,0,0
서울양양선,양양,동산,13:00-14:00,42,33,0,7,0,0,1,1,0,0,0,0,0
서울양양선,양양,동산,14:00-15:00,34,26,0,3,0,2,0,2,0,0,1,0,0
서울양양선,양양,동산,15:00-16:00,23,17,1,3,1,0,0,1,0,0,0,0,0
서울양양선,양양,동산,16:00-17:00,21,19,0,1,1,0,0,0,0,0,0,0,0
서울양양선,양양,동산,17:00-18:00,19,16,0,2,0,0,1,0,0,0,0,0,0
서울양양선,양양,동산,18:00-19:00,9,9,0,0,0,0,0,0,0,0,0,0,0
서울양양선,양양,동산,19:00-20:00,6,6,0,0,0,0,0,0,0,0,0,0,0
서울양양선,양양,동산,20:00-21:00,5,5,0,0,0,0,0,0,0,0,0,0,0
서울양양선,양양,동산,21:00-22:00,6,6,0,0,0,0,0,0,0,0,0,0,0
서울양양선,양양,동산,22:00-23:00,3,2,0,0,0,0,0,0,0,0,0,0,1
서울양양선,양양,동산,23:00-24:00,7,4,0,0,2,0,0,0,0,0,0,0,1
서울양양선,양양,동산,00:00-01:00,2,2,0,0,0,0,0,0,0,0,0,0,0
서울양양선,양양,동산,01:00-02:00,0,0,0,0,0,0,0,0,0,0,0,0,0
서울양양선,양양,동산,02:00-03:00,1,0,0,0,0,1,0,0,0,0,0,0,0
서울양양선,양양,동산,03:00-04:00,0,0,0,0,0,0,0,0,0,0,0,0,0
서울양양선,양양,동산,04:00-05:00,4,3,0,1,0,0,0,0,0,0,0,0,0
서울양양선,양양,동산,05:00-06:00,11,5,0,3,1,2,0,0,0,0,0,0,0
서울양양선,양양,동산,06:00-07:00,12,10,0,1,0,0,0,1,0,0,0,0,0
서울양양선,서울,인제,07:00-08:00,9,7,0,1,1,0,0,0,0,0,0,0,0
서울양양선,서울,인제,08:00-09:00,22,19,0,2,0,1,0,0,0,0,0,0,0
서울양양선,서울,인제,09:00-10:00,24,22,0,0,1,1,0,0,0,0,0,0,0
서울양양선,서울,인제,10:00-11:00,20,14,0,3,0,2,0,0,0,0,1,0,0
서울양양선,서울,인제,11:00-12:00,23,19,0,2,2,0,0,0,0,0,0,0,0
서울양양선,서울,인제,12:00-13:00,34,32,0,1,1,0,0,0,0,0,0,0,0
서울양양선,서울,인제,13:00-14:00,27,25,0,1,1,0,0,0,0,0,0,0,0
서울양양선,서울,인제,14:00-15:00,50,44,0,4,2,0,0,0,0,0,0,0,0
서울양양선,서울,인제,15:00-16:00,58,50,0,5,2,0,1,0,0,0,0,0,0
서울양양선,서울,인제,16:00-17:00,51,46,0,3,0,2,0,0,0,0,0,0,0
서울양양선,서울,인제,17:00-18:00,40,35,0,3,0,0,2,0,0,0,0,0,0
서울양양선,서울,인제,18:00-19:00,26,21,0,4,1,0,0,0,0,0,0,0,0
서울양양선,서울,인제,19:00-20:00,19,18,0,1,0,0,0,0,0,0,0,0,0
서울양양선,서울,인제,20:00-21:00,15,12,0,0,1,2,0,0,0,0,0,0,0
서울양양선,서울,인제,21:00-22:00,12,11,0,1,0,0,0,0,0,0,0,0,0
서울양양선,서울,인제,22:00-23:00,6,4,0,2,0,0,0,0,0,0,0,0,0
서울양양선,서울,인제,23:00-24:00,4,3,0,0,1,0,0,0,0,0,0,0,0
서울양양선,서울,인제,00:00-01:00,10,10,0,0,0,0,0,0,0,0,0,0,0
서울양양선,서울,인제,01:00-02:00,5,4,0,1,0,0,0,0,0,0,0,0,0
서울양양선,서울,인제,02:00-03:00,1,1,0,0,0,0,0,0,0,0,0,0,0
서울양양선,서울,인제,03:00-04:00,3,1,0,0,0,1,1,0,0,0,0,0,0
서울양양선,서울,인제,04:00-05:00,0,0,0,0,0,0,0,0,0,0,0,0,0
서울양양선,서울,인제,05:00-06:00,9,5,0,0,0,2,2,0,0,0,0,0,0
서울양양선,서울,인제,06:00-07:00,4,2,0,1,0,0,1,0,0,0,0,0,0
서울양양선,양양,인제,07:00-08:00,35,25,0,6,1,1,1,0,0,0,1,0,0
서울양양선,양양,인제,08:00-09:00,47,41,0,3,1,0,1,1,0,0,0,0,0
서울양양선,양양,인제,09:00-10:00,52,42,1,8,0,0,1,0,0,0,0,0,0
서울양양선,양양,인제,10:00-11:00,49,44,0,5,0,0,0,0,0,0,0,0,0
서울양양선,양양,인제,11:00-12:00,48,44,0,3,0,1,0,0,0,0,0,0,0
서울양양선,양양,인제,12:00-13:00,43,39,0,2,0,1,1,0,0,0,0,0,0
서울양양선,양양,인제,13:00-14:00,67,60,0,4,0,2,0,1,0,0,0,0,0
서울양양선,양양,인제,14:00-15:00,55,46,0,9,0,0,0,0,0,0,0,0,0
서울양양선,양양,인제,15:00-16:00,53,49,0,3,1,0,0,0,0,0,0,0,0
서울양양선,양양,인제,16:00-17:00,30,26,0,2,0,2,0,0,0,0,0,0,0
서울양양선,양양,인제,17:00-18:00,33,31,0,2,0,0,0,0,0,0,0,0,0
서울양양선,양양,인제,18:00-19:00,23,21,0,2,0,0,0,0,0,0,0,0,0
서울양양선,양양,인제,19:00-20:00,15,14,0,1,0,0,0,0,0,0,0,0,0
서울양양선,양양,인제,20:00-21:00,11,10,0,0,0,1,0,0,0,0,0,0,0
서울양양선,양양,인제,21:00-22:00,15,11,0,3,0,1,0,0,0,0,0,0,0
서울양양선,양양,인제,22:00-23:00,7,7,0,0,0,0,0,0,0,0,0,0,0
서울양양선,양양,인제,23:00-24:00,9,7,0,1,0,0,0,1,0,0,0,0,0
서울양양선,양양,인제,00:00-01:00,9,5,0,1,0,0,0,2,0,0,1,0,0
서울양양선,양양,인제,01:00-02:00,10,8,0,1,0,0,1,0,0,0,0,0,0
서울양양선,양양,인제,02:00-03:00,2,2,0,0,0,0,0,0,0,0,0,0,0
서울양양선,양양,인제,03:00-04:00,2,1,0,0,1,0,0,0,0,0,0,0,0
서울양양선,양양,인제,04:00-05:00,8,5,0,1,0,0,2,0,0,0,0,0,0
서울양양선,양양,인제,05:00-06:00,13,8,0,1,1,0,2,1,0,0,0,0,0
서울양양선,양양,인제,06:00-07:00,25,19,0,2,1,1,0,2,0,0,0,0,0
서울양양선,서울,양양,07:00-08:00,8,6,1,0,1,0,0,0,0,0,0,0,0
서울양양선,서울,양양,08:00-09:00,17,9,0,4,3,0,1,0,0,0,0,0,0
서울양양선,서울,양양,09:00-10:00,24,18,0,3,1,2,0,0,0,0,0,0,0
서울양양선,서울,양양,10:00-11:00,23,20,0,2,1,0,0,0,0,0,0,0,0
서울양양선,서울,양양,11:00-12:00,22,19,0,1,1,1,0,0,0,0,0,0,0
서울양양선,서울,양양,12:00-13:00,33,29,0,4,0,0,0,0,0,0,0,0,0
서울양양선,서울,양양,13:00-14:00,57,52,0,2,0,1,2,0,0,0,0,0,0
서울양양선,서울,양양,14:00-15:00,67,63,0,4,0,0,0,0,0,0,0,0,0
서울양양선,서울,양양,15:00-16:00,61,53,0,6,2,0,0,0,0,0,0,0,0
서울양양선,서울,양양,16:00-17:00,66,56,0,6,4,0,0,0,0,0,0,0,0
서울양양선,서울,양양,17:00-18:00,43,41,1,1,0,0,0,0,0,0,0,0,0
서울양양선,서울,양양,18:00-19:00,21,21,0,0,0,0,0,0,0,0,0,0,0
서울양양선,서울,양양,19:00-20:00,19,19,0,0,0,0,0,0,0,0,0,0,0
서울양양선,서울,양양,20:00-21:00,9,9,0,0,0,0,0,0,0,0,0,0,0
서울양양선,서울,양양,21:00-22:00,4,4,0,0,0,0,0,0,0,0,0,0,0
서울양양선,서울,양양,22:00-23:00,4,3,0,0,1,0,0,0,0,0,0,0,0
서울양양선,서울,양양,23:00-24:00,5,3,0,1,0,0,0,1,0,0,0,0,0
서울양양선,서울,양양,00:00-01:00,2,0,0,0,0,0,2,0,0,0,0,0,0
서울양양선,서울,양양,01:00-02:00,1,1,0,0,0,0,0,0,0,0,0,0,0
서울양양선,서울,양양,02:00-03:00,2,1,0,0,0,0,0,1,0,0,0,0,0
서울양양선,서울,양양,03:00-04:00,1,1,0,0,0,0,0,0,0,0,0,0,0
서울양양선,서울,양양,04:00-05:00,3,2,0,0,0,0,1,0,0,0,0,0,0
서울양양선,서울,양양,05:00-06:00,3,1,1,0,0,0,0,1,0,0,0,0,0
서울양양선,서울,양양,06:00-07:00,6,5,0,1,0,0,0,0,0,0,0,0,0
서울양양선,양양,양양,07:00-08:00,8,6,1,0,1,0,0,0,0,0,0,0,0
서울양양선,양양,양양,08:00-09:00,17,9,0,4,3,0,1,0,0,0,0,0,0
서울양양선,양양,양양,09:00-10:00,25,19,0,3,1,2,0,0,0,0,0,0,0
서울양양선,양양,양양,10:00-11:00,22,19,0,2,1,0,0,0,0,0,0,0,0
서울양양선,양양,양양,11:00-12:00,23,20,0,1,1,0,1,0,0,0,0,0,0
서울양양선,양양,양양,12:00-13:00,33,29,0,3,1,0,0,0,0,0,0,0,0
서울양양선,양양,양양,13:00-14:00,57,52,0,1,1,1,2,0,0,0,0,0,0
서울양양선,양양,양양,14:00-15:00,69,65,0,3,1,0,0,0,0,0,0,0,0
서울양양선,양양,양양,15:00-16:00,61,53,0,4,4,0,0,0,0,0,0,0,0
서울양양선,양양,양양,16:00-17:00,66,57,0,3,6,0,0,0,0,0,0,0,0
서울양양선,양양,양양,17:00-18:00,43,40,1,2,0,0,0,0,0,0,0,0,0
서울양양선,양양,양양,18:00-19:00,21,21,0,0,0,0,0,0,0,0,0,0,0
서울양양선,양양,양양,19:00-20:00,19,19,0,0,0,0,0,0,0,0,0,0,0
서울양양선,양양,양양,20:00-21:00,8,8,0,0,0,0,0,0,0,0,0,0,0
서울양양선,양양,양양,21:00-22:00,5,5,0,0,0,0,0,0,0,0,0,0,0
서울양양선,양양,양양,22:00-23:00,4,3,0,0,1,0,0,0,0,0,0,0,0
서울양양선,양양,양양,23:00-24:00,5,4,0,0,0,0,0,0,0,0,1,0,0
서울양양선,양양,양양,00:00-01:00,2,0,0,0,0,0,2,0,0,0,0,0,0
서울양양선,양양,양양,01:00-02:00,1,1,0,0,0,0,0,0,0,0,0,0,0
서울양양선,양양,양양,02:00-03:00,2,1,0,0,0,0,1,0,0,0,0,0,0
서울양양선,양양,양양,03:00-04:00,1,1,0,0,0,0,0,0,0,0,0,0,0
서울양양선,양양,양양,04:00-05:00,3,2,0,0,0,0,1,0,0,0,0,0,0
서울양양선,양양,양양,05:00-06:00,4,2,1,0,0,0,1,0,0,0,0,0,0
서울양양선,양양,양양,06:00-07:00,6,5,0,1,0,0,0,0,0,0,0,0,0
동해·울산포항선,삼척,단봉,07:00-08:00,11,7,2,1,1,0,0,0,0,0,0,0,0
동해·울산포항선,삼척,단봉,08:00-09:00,20,11,0,4,2,2,0,1,0,0,0,0,0
동해·울산포항선,삼척,단봉,09:00-10:00,17,14,0,2,0,0,1,0,0,0,0,0,0
동해·울산포항선,삼척,단봉,10:00-11:00,23,22,0,1,0,0,0,0,0,0,0,0,0
동해·울산포항선,삼척,단봉,11:00-12:00,25,24,0,1,0,0,0,0,0,0,0,0,0
동해·울산포항선,삼척,단봉,12:00-13:00,17,16,0,0,1,0,0,0,0,0,0,0,0
동해·울산포항선,삼척,단봉,13:00-14:00,21,16,0,4,0,0,0,1,0,0,0,0,0
동해·울산포항선,삼척,단봉,14:00-15:00,23,17,1,3,2,0,0,0,0,0,0,0,0
동해·울산포항선,삼척,단봉,15:00-16:00,16,11,0,1,2,0,2,0,0,0,0,0,0
동해·울산포항선,삼척,단봉,16:00-17:00,11,10,0,1,0,0,0,0,0,0,0,0,0
동해·울산포항선,삼척,단봉,17:00-18:00,8,7,0,1,0,0,0,0,0,0,0,0,0
동해·울산포항선,삼척,단봉,18:00-19:00,5,5,0,0,0,0,0,0,0,0,0,0,0
동해·울산포항선,삼척,단봉,19:00-20:00,5,5,0,0,0,0,0,0,0,0,0,0,0
동해·울산포항선,삼척,단봉,20:00-21:00,3,1,0,2,0,0,0,0,0,0,0,0,0
동해·울산포항선,삼척,단봉,21:00-22:00,3,2,0,0,0,0,1,0,0,0,0,0,0
동해·울산포항선,삼척,단봉,22:00-23:00,3,2,0,0,1,0,0,0,0,0,0,0,0
동해·울산포항선,삼척,단봉,23:00-24:00,2,0,0,0,0,2,0,0,0,0,0,0,0
동해·울산포항선,삼척,단봉,00:00-01:00,0,0,0,0,0,0,0,0,0,0,0,0,0
동해·울산포항선,삼척,단봉,01:00-02:00,3,2,0,0,0,1,0,0,0,0,0,0,0
동해·울산포항선,삼척,단봉,02:00-03:00,1,0,0,1,0,0,0,0,0,0,0,0,0
동해·울산포항선,삼척,단봉,03:00-04:00,1,0,0,0,1,0,0,0,0,0,0,0,0
동해·울산포항선,삼척,단봉,04:00-05:00,3,0,0,2,0,1,0,0,0,0,0,0,0
동해·울산포항선,삼척,단봉,05:00-06:00,2,1,0,1,0,0,0,0,0,0,0,0,0
동해·울산포항선,삼척,단봉,06:00-07:00,4,2,0,1,1,0,0,0,0,0,0,0,0
동해·울산포항선,삼척,강현,07:00-08:00,3,2,0,1,0,0,0,0,0,0,0,0,0
동해·울산포항선,삼척,강현,08:00-09:00,13,9,0,1,0,2,0,1,0,0,0,0,0
동해·울산포항선,삼척,강현,09:00-10:00,18,10,0,2,3,1,1,1,0,0,0,0,0
동해·울산포항선,삼척,강현,10:00-11:00,24,20,0,1,2,1,0,0,0,0,0,0,0
동해·울산포항선,삼척,강현,11:00-12:00,20,17,0,2,0,1,0,0,0,0,0,0,0
동해·울산포항선,삼척,강현,12:00-13:00,27,24,0,3,0,0,0,0,0,0,0,0,0
동해·울산포항선,삼척,강현,13:00-14:00,22,20,0,0,1,0,0,1,0,0,0,0,0
동해·울산포항선,삼척,강현,14:00-15:00,18,14,0,2,2,0,0,0,0,0,0,0,0
동해·울산포항선,삼척,강현,15:00-16:00,12,10,0,2,0,0,0,0,0,0,0,0,0
동해·울산포항선,삼척,강현,16:00-17:00,13,12,0,0,1,0,0,0,0,0,0,0,0
동해·울산포항선,삼척,강현,17:00-18:00,22,14,0,5,3,0,0,0,0,0,0,0,0
동해·울산포항선,삼척,강현,18:00-19:00,14,12,0,1,1,0,0,0,0,0,0,0,0
동해·울산포항선,삼척,강현,19:00-20:00,8,8,0,0,0,0,0,0,0,0,0,0,0
동해·울산포항선,삼척,강현,20:00-21:00,5,5,0,0,0,0,0,0,0,0,0,0,0
동해·울산포항선,삼척,강현,21:00-22:00,8,5,0,0,2,1,0,0,0,0,0,0,0
동해·울산포항선,삼척,강현,22:00-23:00,2,2,0,0,0,0,0,0,0,0,0,0,0
동해·울산포항선,삼척,강현,23:00-24:00,1,1,0,0,0,0,0,0,0,0,0,0,0
동해·울산포항선,삼척,강현,00:00-01:00,1,1,0,0,0,0,0,0,0,0,0,0,0
동해·울산포항선,삼척,강현,01:00-02:00,1,1,0,0,0,0,0,0,0,0,0,0,0
동해·울산포항선,삼척,강현,02:00-03:00,1,1,0,0,0,0,0,0,0,0,0,0,0
동해·울산포항선,삼척,강현,03:00-04:00,1,1,0,0,0,0,0,0,0,0,0,0,0
동해·울산포항선,삼척,강현,04:00-05:00,0,0,0,0,0,0,0,0,0,0,0,0,0
동해·울산포항선,삼척,강현,05:00-06:00,3,3,0,0,0,0,0,0,0,0,0,0,0
동해·울산포항선,삼척,강현,06:00-07:00,2,2,0,0,0,0,0,0,0,0,0,0,0
동해·울산포항선,속초,강현,07:00-08:00,19,10,0,5,1,2,0,0,0,0,1,0,0
동해·울산포항선,속초,강현,08:00-09:00,26,20,0,6,0,0,0,0,0,0,0,0,0
동해·울산포항선,속초,강현,09:00-10:00,30,20,0,7,2,1,0,0,0,0,0,0,0
동해·울산포항선,속초,강현,10:00-11:00,51,47,0,2,0,2,0,0,0,0,0,0,0
동해·울산포항선,속초,강현,11:00-12:00,47,40,0,5,2,0,0,0,0,0,0,0,0
동해·울산포항선,속초,강현,12:00-13:00,35,26,0,5,0,1,1,0,0,0,1,0,1
동해·울산포항선,속초,강현,13:00-14:00,39,34,0,2,3,0,0,0,0,0,0,0,0
동해·울산포항선,속초,강현,14:00-15:00,37,36,0,0,1,0,0,0,0,0,0,0,0
동해·울산포항선,속초,강현,15:00-16:00,33,30,1,1,0,1,0,0,0,0,0,0,0
동해·울산포항선,속초,강현,16:00-17:00,30,27,0,2,1,0,0,0,0,0,0,0,0
동해·울산포항선,속초,강현,17:00-18:00,25,23,0,2,0,0,0,0,0,0,0,0,0
동해·울산포항선,속초,강현,18:00-19:00,15,14,0,1,0,0,0,0,0,0,0,0,0
동해·울산포항선,속초,강현,19:00-20:00,7,7,0,0,0,0,0,0,0,0,0,0,0
동해·울산포항선,속초,강현,20:00-21:00,11,9,0,2,0,0,0,0,0,0,0,0,0
동해·울산포항선,속초,강현,21:00-22:00,4,4,0,0,0,0,0,0,0,0,0,0,0
동해·울산포항선,속초,강현,22:00-23:00,7,5,1,1,0,0,0,0,0,0,0,0,0
동해·울산포항선,속초,강현,23:00-24:00,5,2,0,2,0,0,0,1,0,0,0,0,0
동해·울산포항선,속초,강현,00:00-01:00,5,3,0,1,0,0,1,0,0,0,0,0,0
동해·울산포항선,속초,강현,01:00-02:00,2,1,0,1,0,0,0,0,0,0,0,0,0
동해·울산포항선,속초,강현,02:00-03:00,4,2,0,2,0,0,0,0,0,0,0,0,0
동해·울산포항선,속초,강현,03:00-04:00,3,0,0,2,0,0,0,1,0,0,0,0,0
동해·울산포항선,속초,강현,04:00-05:00,5,1,0,1,0,1,1,1,0,0,0,0,0
동해·울산포항선,속초,강현,05:00-06:00,6,4,0,0,1,1,0,0,0,0,0,0,0
동해·울산포항선,속초,강현,06:00-07:00,11,4,0,5,2,0,0,0,0,0,0,0,0
수도권제1순환선,외측,청계,07:00-08:00,22,13,0,2,4,1,0,0,0,0,2,0,0
수도권제1순환선,외측,청계,08:00-09:00,29,20,0,5,3,0,1,0,0,0,0,0,0
수도권제1순환선,외측,청계,09:00-10:00,23,14,0,6,2,1,0,0,0,0,0,0,0
수도권제1순환선,외측,청계,10:00-11:00,33,21,0,8,1,3,0,0,0,0,0,0,0
수도권제1순환선,외측,청계,11:00-12:00,52,26,0,18,2,4,0,2,0,0,0,0,0
수도권제1순환선,외측,청계,12:00-13:00,44,22,0,6,6,9,0,0,0,0,1,0,0
수도권제1순환선,외측,청계,13:00-14:00,53,25,0,20,5,2,0,1,0,0,0,0,0
수도권제1순환선,외측,청계,14:00-15:00,52,32,0,15,3,2,0,0,0,0,0,0,0
수도권제1순환선,외측,청계,15:00-16:00,62,37,0,13,8,1,0,2,0,0,1,0,0
수도권제1순환선,외측,청계,16:00-17:00,59,42,0,14,2,1,0,0,0,0,0,0,0
수도권제1순환선,외측,청계,17:00-18:00,47,34,0,9,3,1,0,0,0,0,0,0,0
수도권제1순환선,외측,청계,18:00-19:00,40,32,0,4,0,2,0,1,0,0,1,0,0
수도권제1순환선,외측,청계,19:00-20:00,27,20,0,4,1,2,0,0,0,0,0,0,0
수도권제1순환선,외측,청계,20:00-21:00,22,21,0,1,0,0,0,0,0,0,0,0,0
수도권제1순환선,외측,청계,21:00-22:00,17,11,0,2,1,1,0,1,0,0,1,0,0
수도권제1순환선,외측,청계,22:00-23:00,20,11,0,0,3,6,0,0,0,0,0,0,0
수도권제1순환선,외측,청계,23:00-24:00,13,12,0,0,0,1,0,0,0,0,0,0,0
수도권제1순환선,외측,청계,00:00-01:00,8,5,0,0,0,1,0,1,0,0,1,0,0
수도권제1순환선,외측,청계,01:00-02:00,6,3,0,0,1,1,0,0,0,0,1,0,0
수도권제1순환선,외측,청계,02:00-03:00,7,2,0,0,2,2,0,0,0,0,1,0,0
수도권제1순환선,외측,청계,03:00-04:00,8,1,0,1,0,3,0,1,0,0,2,0,0
수도권제1순환선,외측,청계,04:00-05:00,9,2,0,1,1,2,1,1,0,1,0,0,0
수도권제1순환선,외측,청계,05:00-06:00,13,2,0,2,3,3,0,2,0,0,1,0,0
수도권제1순환선,외측,청계,06:00-07:00,17,8,0,3,4,1,0,1,0,0,0,0,0
호남선의지선,논산,논산,07:00-08:00,28,18,0,6,2,2,0,0,0,0,0,0,0
호남선의지선,논산,논산,08:00-09:00,16,8,0,5,2,1,0,0,0,0,0,0,0
호남선의지선,논산,논산,09:00-10:00,30,22,0,4,2,1,0,0,0,0,1,0,0
호남선의지선,논산,논산,10:00-11:00,49,28,0,5,10,1,2,3,0,0,0,0,0
호남선의지선,논산,논산,11:00-12:00,38,26,0,8,3,0,0,1,0,0,0,0,0
호남선의지선,논산,논산,12:00-13:00,39,26,0,6,4,1,1,1,0,0,0,0,0
호남선의지선,논산,논산,13:00-14:00,28,17,0,4,3,1,2,0,0,0,1,0,0
호남선의지선,논산,논산,14:00-15:00,33,20,0,8,3,1,1,0,0,0,0,0,0
호남선의지선,논산,논산,15:00-16:00,36,24,0,5,5,1,0,0,0,0,1,0,0
호남선의지선,논산,논산,16:00-17:00,32,22,1,4,3,2,0,0,0,0,0,0,0
호남선의지선,논산,논산,17:00-18:00,32,24,0,6,0,1,0,1,0,0,0,0,0
호남선의지선,논산,논산,18:00-19:00,19,12,0,3,1,2,0,0,0,0,1,0,0
호남선의지선,논산,논산,19:00-20:00,21,15,1,5,0,0,0,0,0,0,0,0,0
호남선의지선,논산,논산,20:00-21:00,9,6,0,2,0,0,0,0,0,0,0,1,0
호남선의지선,논산,논산,21:00-22:00,8,6,0,1,1,0,0,0,0,0,0,0,0
호남선의지선,논산,논산,22:00-23:00,10,7,0,0,0,2,0,1,0,0,0,0,0
호남선의지선,논산,논산,23:00-24:00,7,4,0,0,2,1,0,0,0,0,0,0,0
호남선의지선,논산,논산,00:00-01:00,8,5,0,0,2,1,0,0,0,0,0,0,0
호남선의지선,논산,논산,01:00-02:00,3,2,0,0,0,0,0,1,0,0,0,0,0
호남선의지선,논산,논산,02:00-03:00,3,0,0,0,1,0,1,1,0,0,0,0,0
호남선의지선,논산,논산,03:00-04:00,4,0,0,0,1,1,1,0,0,0,1,0,0
호남선의지선,논산,논산,04:00-05:00,5,0,0,0,3,1,1,0,0,0,0,0,0
호남선의지선,논산,논산,05:00-06:00,7,4,0,2,1,0,0,0,0,0,0,0,0
호남선의지선,논산,논산,06:00-07:00,15,7,0,3,5,0,0,0,0,0,0,0,0
호남선의지선,회덕,논산,07:00-08:00,12,4,0,1,4,2,0,0,0,0,1,0,0
호남선의지선,회덕,논산,08:00-09:00,22,15,0,3,3,0,1,0,0,0,0,0,0
호남선의지선,회덕,논산,09:00-10:00,24,16,0,4,3,1,0,0,0,0,0,0,0
호남선의지선,회덕,논산,10:00-11:00,38,23,0,9,4,1,1,0,0,0,0,0,0
호남선의지선,회덕,논산,11:00-12:00,30,20,0,3,4,2,0,0,0,0,0,0,1
호남선의지선,회덕,논산,12:00-13:00,33,20,0,6,4,2,1,0,0,0,0,0,0
호남선의지선,회덕,논산,13:00-14:00,53,31,0,9,6,4,2,0,0,0,1,0,0
호남선의지선,회덕,논산,14:00-15:00,43,31,0,8,3,0,1,0,0,0,0,0,0
호남선의지선,회덕,논산,15:00-16:00,44,33,0,7,3,1,0,0,0,0,0,0,0
호남선의지선,회덕,논산,16:00-17:00,43,35,0,6,2,0,0,0,0,0,0,0,0
호남선의지선,회덕,논산,17:00-18:00,31,27,0,3,0,1,0,0,0,0,0,0,0
호남선의지선,회덕,논산,18:00-19:00,34,24,0,6,2,2,0,0,0,0,0,0,0
호남선의지선,회덕,논산,19:00-20:00,16,12,0,3,0,1,0,0,0,0,0,0,0
호남선의지선,회덕,논산,20:00-21:00,24,19,0,4,0,1,0,0,0,0,0,0,0
호남선의지선,회덕,논산,21:00-22:00,14,10,0,3,0,1,0,0,0,0,0,0,0
호남선의지선,회덕,논산,22:00-23:00,8,4,0,0,1,1,0,0,0,0,2,0,0
호남선의지선,회덕,논산,23:00-24:00,7,3,0,0,1,1,2,0,0,0,0,0,0
호남선의지선,회덕,논산,00:00-01:00,7,4,0,0,1,0,2,0,0,0,0,0,0
호남선의지선,회덕,논산,01:00-02:00,5,3,0,1,0,0,1,0,0,0,0,0,0
호남선의지선,회덕,논산,02:00-03:00,8,0,0,0,1,4,2,0,0,0,1,0,0
호남선의지선,회덕,논산,03:00-04:00,3,1,0,0,0,2,0,0,0,0,0,0,0
호남선의지선,회덕,논산,04:00-05:00,5,2,0,0,1,2,0,0,0,0,0,0,0
호남선의지선,회덕,논산,05:00-06:00,7,2,0,1,0,1,2,0,0,0,0,0,1
호남선의지선,회덕,논산,06:00-07:00,10,4,0,2,3,1,0,0,0,0,0,0,0
호남선의지선,논산,서대전,07:00-08:00,15,9,0,5,0,1,0,0,0,0,0,0,0
호남선의지선,논산,서대전,08:00-09:00,31,26,0,3,1,1,0,0,0,0,0,0,0
호남선의지선,논산,서대전,09:00-10:00,29,24,0,4,1,0,0,0,0,0,0,0,0
호남선의지선,논산,서대전,10:00-11:00,29,21,0,6,2,0,0,0,0,0,0,0,0
호남선의지선,논산,서대전,11:00-12:00,33,25,0,6,2,0,0,0,0,0,0,0,0
호남선의지선,논산,서대전,12:00-13:00,26,22,0,1,2,0,0,1,0,0,0,0,0
호남선의지선,논산,서대전,13:00-14:00,17,10,0,5,1,1,0,0,0,0,0,0,0
호남선의지선,논산,서대전,14:00-15:00,35,26,0,4,3,1,1,0,0,0,0,0,0
호남선의지선,논산,서대전,15:00-16:00,43,31,0,10,2,0,0,0,0,0,0,0,0
호남선의지선,논산,서대전,16:00-17:00,43,35,0,4,2,1,1,0,0,0,0,0,0
호남선의지선,논산,서대전,17:00-18:00,36,30,0,6,0,0,0,0,0,0,0,0,0
호남선의지선,논산,서대전,18:00-19:00,35,28,0,5,0,1,0,1,0,0,0,0,0
호남선의지선,논산,서대전,19:00-20:00,39,30,0,6,3,0,0,0,0,0,0,0,0
호남선의지선,논산,서대전,20:00-21:00,27,23,0,4,0,0,0,0,0,0,0,0,0
호남선의지선,논산,서대전,21:00-22:00,15,12,0,2,1,0,0,0,0,0,0,0,0
호남선의지선,논산,서대전,22:00-23:00,5,4,0,0,0,0,0,1,0,0,0,0,0
호남선의지선,논산,서대전,23:00-24:00,3,3,0,0,0,0,0,0,0,0,0,0,0
호남선의지선,논산,서대전,00:00-01:00,4,3,0,1,0,0,0,0,0,0,0,0,0
호남선의지선,논산,서대전,01:00-02:00,2,2,0,0,0,0,0,0,0,0,0,0,0
호남선의지선,논산,서대전,02:00-03:00,4,0,0,0,0,3,0,0,0,0,1,0,0
호남선의지선,논산,서대전,03:00-04:00,1,1,0,0,0,0,0,0,0,0,0,0,0
호남선의지선,논산,서대전,04:00-05:00,6,0,0,1,1,2,0,2,0,0,0,0,0
호남선의지선,논산,서대전,05:00-06:00,7,4,0,2,1,0,0,0,0,0,0,0,0
호남선의지선,논산,서대전,06:00-07:00,12,5,0,4,0,1,0,1,0,0,1,0,0
호남선의지선,논산,북대전,07:00-08:00,29,15,0,4,4,1,3,0,0,0,2,0,0
호남선의지선,논산,북대전,08:00-09:00,24,19,0,2,2,0,0,0,0,0,1,0,0
호남선의지선,논산,북대전,09:00-10:00,39,30,0,7,1,1,0,0,0,0,0,0,0
호남선의지선,논산,북대전,10:00-11:00,39,32,0,1,6,0,0,0,0,0,0,0,0
호남선의지선,논산,북대전,11:00-12:00,42,25,0,8,5,2,2,0,0,0,0,0,0
호남선의지선,논산,북대전,12:00-13:00,39,23,0,10,2,2,1,0,0,0,1,0,0
호남선의지선,논산,북대전,13:00-14:00,48,37,1,3,5,1,0,0,0,0,1,0,0
호남선의지선,논산,북대전,14:00-15:00,53,36,0,8,5,1,2,1,0,0,0,0,0
호남선의지선,논산,북대전,15:00-16:00,51,40,0,4,4,2,1,0,0,0,0,0,0
호남선의지선,논산,북대전,16:00-17:00,50,42,0,5,2,0,1,0,0,0,0,0,0
호남선의지선,논산,북대전,17:00-18:00,38,36,0,2,0,0,0,0,0,0,0,0,0
호남선의지선,논산,북대전,18:00-19:00,22,21,0,0,0,1,0,0,0,0,0,0,0
호남선의지선,논산,북대전,19:00-20:00,29,25,0,1,2,0,0,1,0,0,0,0,0
호남선의지선,논산,북대전,20:00-21:00,18,14,0,2,1,1,0,0,0,0,0,0,0
호남선의지선,논산,북대전,21:00-22:00,9,7,0,1,0,0,1,0,0,0,0,0,0
호남선의지선,논산,북대전,22:00-23:00,9,6,0,1,0,1,0,0,0,0,1,0,0
호남선의지선,논산,북대전,23:00-24:00,22,12,0,3,2,3,2,0,0,0,0,0,0
호남선의지선,논산,북대전,00:00-01:00,3,2,0,0,0,0,0,1,0,0,0,0,0
호남선의지선,논산,북대전,01:00-02:00,8,4,0,1,1,1,0,0,0,0,1,0,0
호남선의지선,논산,북대전,02:00-03:00,4,0,0,1,1,0,0,0,0,0,2,0,0
호남선의지선,논산,북대전,03:00-04:00,9,5,0,0,0,4,0,0,0,0,0,0,0
호남선의지선,논산,북대전,04:00-05:00,4,0,0,1,2,0,0,0,0,0,1,0,0
호남선의지선,논산,북대전,05:00-06:00,10,3,0,2,0,4,0,1,0,0,0,0,0
호남선의지선,논산,북대전,06:00-07:00,26,15,0,5,2,1,1,0,0,0,1,0,1
고창담양선,고창,장성물류,07:00-08:00,11,8,0,2,0,1,0,0,0,0,0,0,0
고창담양선,고창,장성물류,08:00-09:00,16,12,0,2,0,1,1,0,0,0,0,0,0
고창담양선,고창,장성물류,09:00-10:00,30,17,0,9,1,1,1,1,0,0,0,0,0
고창담양선,고창,장성물류,10:00-11:00,25,18,0,5,1,1,0,0,0,0,0,0,0
고창담양선,고창,장성물류,11:00-12:00,19,17,0,0,0,1,1,0,0,0,0,0,0
고창담양선,고창,장성물류,12:00-13:00,15,13,0,0,0,0,1,1,0,0,0,0,0
고창담양선,고창,장성물류,13:00-14:00,16,11,0,5,0,0,0,0,0,0,0,0,0
고창담양선,고창,장성물류,14:00-15:00,17,14,0,1,0,0,1,0,0,0,1,0,0
고창담양선,고창,장성물류,15:00-16:00,14,12,0,1,0,0,1,0,0,0,0,0,0
고창담양선,고창,장성물류,16:00-17:00,14,11,0,1,0,1,1,0,0,0,0,0,0
고창담양선,고창,장성물류,17:00-18:00,14,13,0,1,0,0,0,0,0,0,0,0,0
고창담양선,고창,장성물류,18:00-19:00,7,4,0,2,0,0,0,1,0,0,0,0,0
고창담양선,고창,장성물류,19:00-20:00,3,2,0,1,0,0,0,0,0,0,0,0,0
고창담양선,고창,장성물류,20:00-21:00,6,5,0,1,0,0,0,0,0,0,0,0,0
고창담양선,고창,장성물류,21:00-22:00,6,5,0,0,0,0,0,0,0,0,1,0,0
고창담양선,고창,장성물류,22:00-23:00,6,5,0,1,0,0,0,0,0,0,0,0,0
고창담양선,고창,장성물류,23:00-24:00,1,0,0,0,1,0,0,0,0,0,0,0,0
고창담양선,고창,장성물류,00:00-01:00,0,0,0,0,0,0,0,0,0,0,0,0,0
고창담양선,고창,장성물류,01:00-02:00,2,2,0,0,0,0,0,0,0,0,0,0,0
고창담양선,고창,장성물류,02:00-03:00,3,1,0,0,1,1,0,0,0,0,0,0,0
고창담양선,고창,장성물류,03:00-04:00,1,0,0,0,0,0,1,0,0,0,0,0,0
고창담양선,고창,장성물류,04:00-05:00,5,2,0,1,0,0,0,2,0,0,0,0,0
고창담양선,고창,장성물류,05:00-06:00,5,2,0,0,1,0,1,1,0,0,0,0,0
고창담양선,고창,장성물류,06:00-07:00,6,3,0,2,1,0,0,0,0,0,0,0,0
고창담양선,담양,장성물류,07:00-08:00,12,6,0,1,2,2,1,0,0,0,0,0,0
고창담양선,담양,장성물류,08:00-09:00,11,8,0,2,1,0,0,0,0,0,0,0,0
고창담양선,담양,장성물류,09:00-10:00,13,6,0,4,1,2,0,0,0,0,0,0,0
고창담양선,담양,장성물류,10:00-11:00,20,15,0,3,1,1,0,0,0,0,0,0,0
고창담양선,담양,장성물류,11:00-12:00,17,16,0,1,0,0,0,0,0,0,0,0,0
고창담양선,담양,장성물류,12:00-13:00,18,13,0,3,1,0,0,1,0,0,0,0,0
고창담양선,담양,장성물류,13:00-14:00,20,16,0,3,0,1,0,0,0,0,0,0,0
고창담양선,담양,장성물류,14:00-15:00,23,19,0,3,1,0,0,0,0,0,0,0,0
고창담양선,담양,장성물류,15:00-16:00,20,18,0,1,1,0,0,0,0,0,0,0,0
고창담양선,담양,장성물류,16:00-17:00,35,30,0,3,2,0,0,0,0,0,0,0,0
고창담양선,담양,장성물류,17:00-18:00,23,18,0,5,0,0,0,0,0,0,0,0,0
고창담양선,담양,장성물류,18:00-19:00,25,23,0,1,0,1,0,0,0,0,0,0,0
고창담양선,담양,장성물류,19:00-20:00,16,14,0,0,0,1,1,0,0,0,0,0,0
고창담양선,담양,장성물류,20:00-21:00,12,8,0,3,1,0,0,0,0,0,0,0,0
고창담양선,담양,장성물류,21:00-22:00,6,4,0,0,2,0,0,0,0,0,0,0,0
고창담양선,담양,장성물류,22:00-23:00,6,3,0,1,0,2,0,0,0,0,0,0,0
고창담양선,담양,장성물류,23:00-24:00,6,5,0,0,0,0,0,1,0,0,0,0,0
고창담양선,담양,장성물류,00:00-01:00,2,2,0,0,0,0,0,0,0,0,0,0,0
고창담양선,담양,장성물류,01:00-02:00,2,1,0,0,0,0,1,0,0,0,0,0,0
고창담양선,담양,장성물류,02:00-03:00,0,0,0,0,0,0,0,0,0,0,0,0,0
고창담양선,담양,장성물류,03:00-04:00,4,1,0,2,0,1,0,0,0,0,0,0,0
고창담양선,담양,장성물류,04:00-05:00,0,0,0,0,0,0,0,0,0,0,0,0,0
고창담양선,담양,장성물류,05:00-06:00,3,1,0,1,0,1,0,0,0,0,0,0,0
고창담양선,담양,장성물류,06:00-07:00,4,2,0,2,0,0,0,0,0,0,0,0,0
고창담양선,고창,태령,07:00-08:00,17,12,0,2,2,0,0,0,0,0,1,0,0
고창담양선,고창,태령,08:00-09:00,17,8,0,6,2,1,0,0,0,0,0,0,0
고창담양선,고창,태령,09:00-10:00,14,9,0,1,3,1,0,0,0,0,0,0,0
고창담양선,고창,태령,10:00-11:00,11,9,0,1,0,0,0,0,0,0,1,0,0
고창담양선,고창,태령,11:00-12:00,16,10,0,3,1,1,1,0,0,0,0,0,0
고창담양선,고창,태령,12:00-13:00,20,13,0,5,1,1,0,0,0,0,0,0,0
고창담양선,고창,태령,13:00-14:00,21,17,0,2,0,1,0,0,0,0,1,0,0
고창담양선,고창,태령,14:00-15:00,17,9,0,5,2,0,0,1,0,0,0,0,0
고창담양선,고창,태령,15:00-16:00,25,14,0,4,3,0,0,0,0,1,2,1,0
고창담양선,고창,태령,16:00-17:00,28,22,0,4,2,0,0,0,0,0,0,0,0
고창담양선,고창,태령,17:00-18:00,23,15,0,6,1,0,1,0,0,0,0,0,0
고창담양선,고창,태령,18:00-19:00,19,16,0,2,1,0,0,0,0,0,0,0,0
고창담양선,고창,태령,19:00-20:00,12,12,0,0,0,0,0,0,0,0,0,0,0
고창담양선,고창,태령,20:00-21:00,7,7,0,0,0,0,0,0,0,0,0,0,0
고창담양선,고창,태령,21:00-22:00,5,4,0,0,0,0,1,0,0,0,0,0,0
고창담양선,고창,태령,22:00-23:00,6,1,0,3,0,1,1,0,0,0,0,0,0
고창담양선,고창,태령,23:00-24:00,4,3,0,0,0,1,0,0,0,0,0,0,0
고창담양선,고창,태령,00:00-01:00,2,1,0,0,0,1,0,0,0,0,0,0,0
고창담양선,고창,태령,01:00-02:00,4,2,0,1,0,1,0,0,0,0,0,0,0
고창담양선,고창,태령,02:00-03:00,1,0,0,0,1,0,0,0,0,0,0,0,0
고창담양선,고창,태령,03:00-04:00,2,2,0,0,0,0,0,0,0,0,0,0,0
고창담양선,고창,태령,04:00-05:00,2,1,0,1,0,0,0,0,0,0,0,0,0
고창담양선,고창,태령,05:00-06:00,5,2,0,1,1,1,0,0,0,0,0,0,0
고창담양선,고창,태령,06:00-07:00,9,2,0,1,3,1,1,0,0,0,1,0,0
대전남부순환선,산내,산내,07:00-08:00,9,7,0,1,1,0,0,0,0,0,0,0,0
대전남부순환선,산내,산내,08:00-09:00,22,18,0,3,1,0,0,0,0,0,0,0,0
대전남부순환선,산내,산내,09:00-10:00,16,11,0,3,0,2,0,0,0,0,0,0,0
대전남부순환선,산내,산내,10:00-11:00,19,14,0,3,1,1,0,0,0,0,0,0,0
대전남부순환선,산내,산내,11:00-12:00,10,9,0,0,1,0,0,0,0,0,0,0,0
대전남부순환선,산내,산내,12:00-13:00,27,17,0,7,1,0,0,2,0,0,0,0,0
대전남부순환선,산내,산내,13:00-14:00,20,12,0,7,0,1,0,0,0,0,0,0,0
대전남부순환선,산내,산내,14:00-15:00,25,13,0,12,0,0,0,0,0,0,0,0,0
대전남부순환선,산내,산내,15:00-16:00,19,15,0,2,1,0,1,0,0,0,0,0,0
대전남부순환선,산내,산내,16:00-17:00,25,19,0,4,1,0,1,0,0,0,0,0,0
대전남부순환선,산내,산내,17:00-18:00,31,22,0,9,0,0,0,0,0,0,0,0,0
대전남부순환선,산내,산내,18:00-19:00,14,9,0,4,1,0,0,0,0,0,0,0,0
대전남부순환선,산내,산내,19:00-20:00,12,10,1,1,0,0,0,0,0,0,0,0,0
대전남부순환선,산내,산내,20:00-21:00,5,4,0,1,0,0,0,0,0,0,0,0,0
대전남부순환선,산내,산내,21:00-22:00,2,1,0,0,0,0,0,1,0,0,0,0,0
대전남부순환선,산내,산내,22:00-23:00,6,3,0,1,0,1,1,0,0,0,0,0,0
대전남부순환선,산내,산내,23:00-24:00,2,1,0,0,0,1,0,0,0,0,0,0,0
대전남부순환선,산내,산내,00:00-01:00,3,1,0,0,0,0,0,0,0,0,2,0,0
대전남부순환선,산내,산내,01:00-02:00,0,0,0,0,0,0,0,0,0,0,0,0,0
대전남부순환선,산내,산내,02:00-03:00,1,1,0,0,0,0,0,0,0,0,0,0,0
대전남부순환선,산내,산내,03:00-04:00,2,0,0,1,1,0,0,0,0,0,0,0,0
대전남부순환선,산내,산내,04:00-05:00,2,0,0,0,1,0,0,0,0,0,1,0,0
대전남부순환선,산내,산내,05:00-06:00,2,1,0,1,0,0,0,0,0,0,0,0,0
대전남부순환선,산내,산내,06:00-07:00,7,5,0,0,1,1,0,0,0,0,0,0,0
부산외곽순환선,기장,일광,07:00-08:00,36,22,0,8,2,2,0,2,0,0,0,0,0
부산외곽순환선,기장,일광,08:00-09:00,38,23,0,8,4,2,1,0,0,0,0,0,0
부산외곽순환선,기장,일광,09:00-10:00,32,15,0,8,6,2,1,0,0,0,0,0,0
부산외곽순환선,기장,일광,10:00-11:00,55,37,0,12,3,1,1,1,0,0,0,0,0
부산외곽순환선,기장,일광,11:00-12:00,52,41,0,8,0,1,0,1,0,0,1,0,0
부산외곽순환선,기장,일광,12:00-13:00,57,40,0,10,4,1,1,0,0,0,1,0,0
부산외곽순환선,기장,일광,13:00-14:00,67,49,1,12,2,1,1,1,0,0,0,0,0
부산외곽순환선,기장,일광,14:00-15:00,71,46,0,16,5,0,1,3,0,0,0,0,0
부산외곽순환선,기장,일광,15:00-16:00,78,67,0,10,1,0,0,0,0,0,0,0,0
부산외곽순환선,기장,일광,16:00-17:00,58,49,0,8,0,1,0,0,0,0,0,0,0
부산외곽순환선,기장,일광,17:00-18:00,70,61,0,7,1,0,0,1,0,0,0,0,0
부산외곽순환선,기장,일광,18:00-19:00,50,40,0,9,1,0,0,0,0,0,0,0,0
부산외곽순환선,기장,일광,19:00-20:00,34,30,0,3,0,0,0,0,0,0,0,0,1
부산외곽순환선,기장,일광,20:00-21:00,22,21,0,0,0,0,1,0,0,0,0,0,0
부산외곽순환선,기장,일광,21:00-22:00,19,19,0,0,0,0,0,0,0,0,0,0,0
부산외곽순환선,기장,일광,22:00-23:00,12,11,0,0,1,0,0,0,0,0,0,0,0
부산외곽순환선,기장,일광,23:00-24:00,7,4,0,0,0,1,2,0,0,0,0,0,0
부산외곽순환선,기장,일광,00:00-01:00,3,3,0,0,0,0,0,0,0,0,0,0,0
부산외곽순환선,기장,일광,01:00-02:00,3,3,0,0,0,0,0,0,0,0,0,0,0
부산외곽순환선,기장,일광,02:00-03:00,7,2,0,1,1,0,2,1,0,0,0,0,0
부산외곽순환선,기장,일광,03:00-04:00,3,3,0,0,0,0,0,0,0,0,0,0,0
부산외곽순환선,기장,일광,04:00-05:00,3,0,0,0,0,1,0,2,0,0,0,0,0
부산외곽순환선,기장,일광,05:00-06:00,14,10,0,2,1,0,0,0,0,0,0,0,1
부산외곽순환선,기장,일광,06:00-07:00,36,18,0,13,2,1,0,1,0,0,1,0,0
