노선,방향,명칭,시간,총합계,1종,2종,3종,4종,5종,6종,7종,8종,9종,10종,11종,12종
경부선,서울,양산졸음쉼터,07:00-08:00,53,35,3,12,2,1,0,0,0,0,0,0,0
경부선,서울,양산졸음쉼터,08:00-09:00,58,32,1,22,2,0,0,0,0,0,1,0,0
경부선,서울,양산졸음쉼터,09:00-10:00,67,33,2,27,4,0,1,0,0,0,0,0,0
경부선,서울,양산졸음쉼터,10:00-11:00,59,36,0,21,1,1,0,0,0,0,0,0,0
경부선,서울,양산졸음쉼터,11:00-12:00,69,44,0,17,1,5,1,1,0,0,0,0,0
경부선,서울,양산졸음쉼터,12:00-13:00,54,31,0,15,3,1,1,2,0,0,0,0,1
경부선,서울,양산졸음쉼터,13:00-14:00,73,46,0,20,3,0,0,1,0,0,3,0,0
경부선,서울,양산졸음쉼터,14:00-15:00,72,41,0,23,5,3,0,0,0,0,0,0,0
경부선,서울,양산졸음쉼터,15:00-16:00,78,52,0,23,3,0,0,0,0,0,0,0,0
경부선,서울,양산졸음쉼터,16:00-17:00,71,44,0,21,2,4,0,0,0,0,0,0,0
경부선,서울,양산졸음쉼터,17:00-18:00,43,30,1,6,0,4,0,0,0,0,1,0,1
경부선,서울,양산졸음쉼터,18:00-19:00,38,34,0,3,0,1,0,0,0,0,0,0,0
경부선,서울,양산졸음쉼터,19:00-20:00,32,29,0,2,0,0,0,0,0,0,1,0,0
경부선,서울,양산졸음쉼터,20:00-21:00,19,15,0,1,1,0,1,1,0,0,0,0,0
경부선,서울,양산졸음쉼터,21:00-22:00,14,11,0,1,1,1,0,0,0,0,0,0,0
경부선,서울,양산졸음쉼터,22:00-23:00,9,3,0,2,2,0,0,0,0,0,1,0,1
경부선,서울,양산졸음쉼터,23:00-24:00,8,5,0,1,1,0,0,1,0,0,0,0,0
경부선,서울,양산졸음쉼터,00:00-01:00,5,3,0,0,1,0,1,0,0,0,0,0,0
경부선,서울,양산졸음쉼터,01:00-02:00,6,3,0,3,0,0,0,0,0,0,0,0,0
경부선,서울,양산졸음쉼터,02:00-03:00,1,0,0,0,0,1,0,0,0,0,0,0,0
경부선,서울,양산졸음쉼터,03:00-04:00,3,1,0,1,0,0,0,1,0,0,0,0,0
경부선,서울,양산졸음쉼터,04:00-05:00,12,7,0,2,2,0,0,0,0,0,0,0,1
경부선,서울,양산졸음쉼터,05:00-06:00,15,11,0,2,0,0,0,0,0,0,2,0,0
경부선,서울,양산졸음쉼터,06:00-07:00,38,25,0,8,3,1,0,0,0,0,1,0,0
경부선,부산,언양졸음쉼터,07:00-08:00,13,7,0,3,2,1,0,0,0,0,0,0,0
경부선,부산,언양졸음쉼터,08:00-09:00,32,15,0,12,4,1,0,0,0,0,0,0,0
경부선,부산,언양졸음쉼터,09:00-10:00,29,18,0,2,3,6,0,0,0,0,0,0,0
경부선,부산,언양졸음쉼터,10:00-11:00,34,22,0,9,3,0,0,0,0,0,0,0,0
경부선,부산,언양졸음쉼터,11:00-12:00,31,21,0,7,1,2,0,0,0,0,0,0,0
경부선,부산,언양졸음쉼터,12:00-13:00,49,29,0,14,3,3,0,0,0,0,0,0,0
경부선,부산,언양졸음쉼터,13:00-14:00,53,37,0,10,5,1,0,0,0,0,0,0,0
경부선,부산,언양졸음쉼터,14:00-15:00,53,33,1,9,3,6,0,0,0,0,1,0,0
경부선,부산,언양졸음쉼터,15:00-16:00,48,33,0,10,4,1,0,0,0,0,0,0,0
경부선,부산,언양졸음쉼터,16:00-17:00,51,41,0,7,2,1,0,0,0,0,0,0,0
경부선,부산,언양졸음쉼터,17:00-18:00,48,42,0,3,1,2,0,0,0,0,0,0,0
경부선,부산,언양졸음쉼터,18:00-19:00,35,32,0,2,1,0,0,0,0,0,0,0,0
경부선,부산,언양졸음쉼터,19:00-20:00,34,33,0,1,0,0,0,0,0,0,0,0,0
경부선,부산,언양졸음쉼터,20:00-21:00,15,14,0,0,0,1,0,0,0,0,0,0,0
경부선,부산,언양졸음쉼터,21:00-22:00,17,16,0,1,0,0,0,0,0,0,0,0,0
경부선,부산,언양졸음쉼터,22:00-23:00,12,12,0,0,0,0,0,0,0,0,0,0,0
경부선,부산,언양졸음쉼터,23:00-24:00,9,9,0,0,0,0,0,0,0,0,0,0,0
경부선,부산,언양졸음쉼터,00:00-01:00,5,4,0,0,1,0,0,0,0,0,0,0,0
경부선,부산,언양졸음쉼터,01:00-02:00,2,1,0,1,0,0,0,0,0,0,0,0,0
경부선,부산,언양졸음쉼터,02:00-03:00,1,1,0,0,0,0,0,0,0,0,0,0,0
경부선,부산,언양졸음쉼터,03:00-04:00,3,2,0,1,0,0,0,0,0,0,0,0,0
경부선,부산,언양졸음쉼터,04:00-05:00,4,2,0,0,2,0,0,0,0,0,0,0,0
경부선,부산,언양졸음쉼터,05:00-06:00,3,3,0,0,0,0,0,0,0,0,0,0,0
경부선,부산,언양졸음쉼터,06:00-07:00,10,4,0,4,0,2,0,0,0,0,0,0,0
경부선,서울,내남졸음쉼터,07:00-08:00,28,17,0,5,1,3,0,0,0,0,2,0,0
경부선,서울,내남졸음쉼터,08:00-09:00,25,11,1,10,0,2,0,1,0,0,0,0,0
경부선,서울,내남졸음쉼터,09:00-10:00,47,25,0,12,3,5,0,0,0,0,2,0,0
경부선,서울,내남졸음쉼터,10:00-11:00,37,23,0,11,1,1,1,0,0,0,0,0,0
경부선,서울,내남졸음쉼터,11:00-12:00,39,20,0,9,7,2,0,1,0,0,0,0,0
경부선,서울,내남졸음쉼터,12:00-13:00,48,34,0,10,0,2,0,0,0,0,2,0,0
경부선,서울,내남졸음쉼터,13:00-14:00,32,26,0,5,0,1,0,0,0,0,0,0,0
경부선,서울,내남졸음쉼터,14:00-15:00,39,25,0,11,1,1,1,0,0,0,0,0,0
경부선,서울,내남졸음쉼터,15:00-16:00,25,18,0,3,2,0,1,1,0,0,0,0,0
경부선,서울,내남졸음쉼터,16:00-17:00,19,14,0,5,0,0,0,0,0,0,0,0,0
경부선,서울,내남졸음쉼터,17:00-18:00,22,18,0,2,0,1,0,0,0,0,1,0,0
경부선,서울,내남졸음쉼터,18:00-19:00,21,14,0,5,0,2,0,0,0,0,0,0,0
경부선,서울,내남졸음쉼터,19:00-20:00,23,19,0,3,1,0,0,0,0,0,0,0,0
경부선,서울,내남졸음쉼터,20:00-21:00,11,6,2,0,1,0,0,1,0,0,1,0,0
경부선,서울,내남졸음쉼터,21:00-22:00,9,8,0,0,0,0,1,0,0,0,0,0,0
경부선,서울,내남졸음쉼터,22:00-23:00,6,1,0,2,1,1,1,0,0,0,0,0,0
경부선,서울,내남졸음쉼터,23:00-24:00,3,3,0,0,0,0,0,0,0,0,0,0,0
경부선,서울,내남졸음쉼터,00:00-01:00,1,0,0,1,0,0,0,0,0,0,0,0,0
경부선,서울,내남졸음쉼터,01:00-02:00,2,0,0,0,0,2,0,0,0,0,0,0,0
경부선,서울,내남졸음쉼터,02:00-03:00,3,0,0,1,1,1,0,0,0,0,0,0,0
경부선,서울,내남졸음쉼터,03:00-04:00,4,0,0,2,0,2,0,0,0,0,0,0,0
경부선,서울,내남졸음쉼터,04:00-05:00,3,1,0,1,0,1,0,0,0,0,0,0,0
경부선,서울,내남졸음쉼터,05:00-06:00,5,2,0,1,0,0,1,0,0,0,1,0,0
경부선,서울,내남졸음쉼터,06:00-07:00,13,6,1,2,2,2,0,0,0,0,0,0,0
경부선,서울,북안졸음쉼터,07:00-08:00,7,3,0,0,3,1,0,0,0,0,0,0,0
경부선,서울,북안졸음쉼터,08:00-09:00,14,5,1,3,3,2,0,0,0,0,0,0,0
경부선,서울,북안졸음쉼터,09:00-10:00,13,6,0,2,3,1,0,1,0,0,0,0,0
경부선,서울,북안졸음쉼터,10:00-11:00,26,14,1,4,2,5,0,0,0,0,0,0,0
경부선,서울,북안졸음쉼터,11:00-12:00,20,10,0,3,4,3,0,0,0,0,0,0,0
경부선,서울,북안졸음쉼터,12:00-13:00,28,16,0,6,2,4,0,0,0,0,0,0,0
경부선,서울,북안졸음쉼터,13:00-14:00,34,22,0,5,4,3,0,0,0,0,0,0,0
경부선,서울,북안졸음쉼터,14:00-15:00,27,21,0,4,1,1,0,0,0,0,0,0,0
경부선,서울,북안졸음쉼터,15:00-16:00,35,22,0,10,2,1,0,0,0,0,0,0,0
경부선,서울,북안졸음쉼터,16:00-17:00,31,19,0,8,3,1,0,0,0,0,0,0,0
경부선,서울,북안졸음쉼터,17:00-18:00,27,13,0,8,3,3,0,0,0,0,0,0,0
경부선,서울,북안졸음쉼터,18:00-19:00,15,9,0,6,0,0,0,0,0,0,0,0,0
경부선,서울,북안졸음쉼터,19:00-20:00,15,13,0,2,0,0,0,0,0,0,0,0,0
경부선,서울,북안졸음쉼터,20:00-21:00,4,4,0,0,0,0,0,0,0,0,0,0,0
경부선,서울,북안졸음쉼터,21:00-22:00,2,2,0,0,0,0,0,0,0,0,0,0,0
경부선,서울,북안졸음쉼터,22:00-23:00,6,5,0,0,0,0,0,0,0,0,1,0,0
경부선,서울,북안졸음쉼터,23:00-24:00,1,1,0,0,0,0,0,0,0,0,0,0,0
경부선,서울,북안졸음쉼터,00:00-01:00,5,3,0,1,1,0,0,0,0,0,0,0,0
경부선,서울,북안졸음쉼터,01:00-02:00,5,3,0,1,1,0,0,0,0,0,0,0,0
경부선,서울,북안졸음쉼터,02:00-03:00,0,0,0,0,0,0,0,0,0,0,0,0,0
경부선,서울,북안졸음쉼터,03:00-04:00,2,0,0,0,1,0,0,1,0,0,0,0,0
경부선,서울,북안졸음쉼터,04:00-05:00,1,0,0,0,1,0,0,0,0,0,0,0,0
경부선,서울,북안졸음쉼터,05:00-06:00,2,1,0,1,0,0,0,0,0,0,0,0,0
경부선,서울,북안졸음쉼터,06:00-07:00,4,0,0,4,0,0,0,0,0,0,0,0,0
경부선,부산,북안졸음쉼터,07:00-08:00,14,7,0,3,2,2,0,0,0,0,0,0,0
경부선,부산,북안졸음쉼터,08:00-09:00,23,12,0,7,1,3,0,0,0,0,0,0,0
경부선,부산,북안졸음쉼터,09:00-10:00,30,15,0,8,5,1,0,1,0,0,0,0,0
경부선,부산,북안졸음쉼터,10:00-11:00,35,21,0,7,2,4,0,0,0,0,1,0,0
경부선,부산,북안졸음쉼터,11:00-12:00,25,15,0,4,1,3,0,0,0,0,2,0,0
경부선,부산,북안졸음쉼터,12:00-13:00,23,14,0,4,0,4,0,0,0,0,1,0,0
경부선,부산,북안졸음쉼터,13:00-14:00,38,24,0,8,1,5,0,0,0,0,0,0,0
경부선,부산,북안졸음쉼터,14:00-15:00,25,14,0,6,2,3,0,0,0,0,0,0,0
경부선,부산,북안졸음쉼터,15:00-16:00,27,19,0,4,0,3,0,0,0,0,1,0,0
경부선,부산,북안졸음쉼터,16:00-17:00,21,19,0,1,0,1,0,0,0,0,0,0,0
경부선,부산,북안졸음쉼터,17:00-18:00,12,10,0,2,0,0,0,0,0,0,0,0,0
경부선,부산,북안졸음쉼터,18:00-19:00,14,12,0,1,0,1,0,0,0,0,0,0,0
경부선,부산,북안졸음쉼터,19:00-20:00,11,10,0,0,0,1,0,0,0,0,0,0,0
경부선,부산,북안졸음쉼터,20:00-21:00,5,2,0,0,2,1,0,0,0,0,0,0,0
경부선,부산,북안졸음쉼터,21:00-22:00,6,5,1,0,0,0,0,0,0,0,0,0,0
경부선,부산,북안졸음쉼터,22:00-23:00,3,3,0,0,0,0,0,0,0,0,0,0,0
경부선,부산,북안졸음쉼터,23:00-24:00,2,0,0,0,1,1,0,0,0,0,0,0,0
경부선,부산,북안졸음쉼터,00:00-01:00,3,1,0,1,0,1,0,0,0,0,0,0,0
경부선,부산,북안졸음쉼터,01:00-02:00,2,0,0,0,2,0,0,0,0,0,0,0,0
경부선,부산,북안졸음쉼터,02:00-03:00,0,0,0,0,0,0,0,0,0,0,0,0,0
경부선,부산,북안졸음쉼터,03:00-04:00,2,0,0,2,0,0,0,0,0,0,0,0,0
경부선,부산,북안졸음쉼터,04:00-05:00,2,0,0,1,1,0,0,0,0,0,0,0,0
경부선,부산,북안졸음쉼터,05:00-06:00,6,2,0,0,1,3,0,0,0,0,0,0,0
경부선,부산,북안졸음쉼터,06:00-07:00,12,3,0,5,1,3,0,0,0,0,0,0,0
경부선,서울,석적졸음쉼터,07:00-08:00,55,40,0,11,1,0,0,0,0,0,3,0,0
경부선,서울,석적졸음쉼터,08:00-09:00,41,28,1,9,1,1,0,0,0,0,1,0,0
경부선,서울,석적졸음쉼터,09:00-10:00,43,28,0,10,3,2,0,0,0,0,0,0,0
경부선,서울,석적졸음쉼터,10:00-11:00,52,36,0,10,5,1,0,0,0,0,0,0,0
경부선,서울,석적졸음쉼터,11:00-12:00,45,32,0,11,1,1,0,0,0,0,0,0,0
경부선,서울,석적졸음쉼터,12:00-13:00,48,35,0,7,2,3,0,0,0,0,1,0,0
경부선,서울,석적졸음쉼터,13:00-14:00,49,35,0,9,3,2,0,0,0,0,0,0,0
경부선,서울,석적졸음쉼터,14:00-15:00,63,44,0,12,6,1,0,0,0,0,0,0,0
경부선,서울,석적졸음쉼터,15:00-16:00,62,41,0,16,3,1,0,1,0,0,0,0,0
경부선,서울,석적졸음쉼터,16:00-17:00,43,31,0,6,0,5,0,1,0,0,0,0,0
경부선,서울,석적졸음쉼터,17:00-18:00,34,27,0,6,0,1,0,0,0,0,0,0,0
경부선,서울,석적졸음쉼터,18:00-19:00,21,14,0,3,2,2,0,0,0,0,0,0,0
경부선,서울,석적졸음쉼터,19:00-20:00,18,14,0,3,0,1,0,0,0,0,0,0,0
경부선,서울,석적졸음쉼터,20:00-21:00,20,16,0,2,1,0,0,0,0,0,1,0,0
경부선,서울,석적졸음쉼터,21:00-22:00,14,12,0,0,0,2,0,0,0,0,0,0,0
경부선,서울,석적졸음쉼터,22:00-23:00,13,12,0,0,0,0,0,0,0,0,1,0,0
경부선,서울,석적졸음쉼터,23:00-24:00,10,4,0,3,1,1,0,0,0,0,1,0,0
경부선,서울,석적졸음쉼터,00:00-01:00,9,6,1,0,1,1,0,0,0,0,0,0,0
경부선,서울,석적졸음쉼터,01:00-02:00,6,3,0,0,3,0,0,0,0,0,0,0,0
경부선,서울,석적졸음쉼터,02:00-03:00,7,2,0,1,3,0,0,0,0,0,1,0,0
경부선,서울,석적졸음쉼터,03:00-04:00,6,5,0,1,0,0,0,0,0,0,0,0,0
경부선,서울,석적졸음쉼터,04:00-05:00,9,4,0,2,1,0,0,0,0,0,2,0,0
경부선,서울,석적졸음쉼터,05:00-06:00,7,5,0,1,0,1,0,0,0,0,0,0,0
경부선,서울,석적졸음쉼터,06:00-07:00,23,16,0,4,1,2,0,0,0,0,0,0,0
경부선,부산,대신졸음쉼터,07:00-08:00,14,7,0,4,1,1,1,0,0,0,0,0,0
경부선,부산,대신졸음쉼터,08:00-09:00,12,9,0,1,1,1,0,0,0,0,0,0,0
경부선,부산,대신졸음쉼터,09:00-10:00,20,13,0,4,2,0,1,0,0,0,0,0,0
경부선,부산,대신졸음쉼터,10:00-11:00,20,9,0,8,1,2,0,0,0,0,0,0,0
경부선,부산,대신졸음쉼터,11:00-12:00,15,13,0,1,0,0,1,0,0,0,0,0,0
경부선,부산,대신졸음쉼터,12:00-13:00,20,12,0,5,1,2,0,0,0,0,0,0,0
경부선,부산,대신졸음쉼터,13:00-14:00,28,18,0,4,3,2,1,0,0,0,0,0,0
경부선,부산,대신졸음쉼터,14:00-15:00,24,15,0,7,0,1,0,1,0,0,0,0,0
경부선,부산,대신졸음쉼터,15:00-16:00,29,21,0,6,0,1,1,0,0,0,0,0,0
경부선,부산,대신졸음쉼터,16:00-17:00,29,22,1,6,0,0,0,0,0,0,0,0,0
경부선,부산,대신졸음쉼터,17:00-18:00,24,19,0,5,0,0,0,0,0,0,0,0,0
경부선,부산,대신졸음쉼터,18:00-19:00,17,14,0,1,1,0,0,1,0,0,0,0,0
경부선,부산,대신졸음쉼터,19:00-20:00,12,10,0,0,2,0,0,0,0,0,0,0,0
경부선,부산,대신졸음쉼터,20:00-21:00,5,3,0,2,0,0,0,0,0,0,0,0,0
경부선,부산,대신졸음쉼터,21:00-22:00,11,7,0,1,1,2,0,0,0,0,0,0,0
경부선,부산,대신졸음쉼터,22:00-23:00,5,4,0,0,1,0,0,0,0,0,0,0,0
경부선,부산,대신졸음쉼터,23:00-24:00,5,2,0,0,2,1,0,0,0,0,0,0,0
경부선,부산,대신졸음쉼터,00:00-01:00,3,1,0,0,2,0,0,0,0,0,0,0,0
경부선,부산,대신졸음쉼터,01:00-02:00,2,1,0,0,0,1,0,0,0,0,0,0,0
경부선,부산,대신졸음쉼터,02:00-03:00,1,0,0,1,0,0,0,0,0,0,0,0,0
경부선,부산,대신졸음쉼터,03:00-04:00,4,0,0,1,2,0,0,0,0,0,0,1,0
경부선,부산,대신졸음쉼터,04:00-05:00,0,0,0,0,0,0,0,0,0,0,0,0,0
경부선,부산,대신졸음쉼터,05:00-06:00,6,2,0,2,0,1,0,0,0,0,1,0,0
경부선,부산,대신졸음쉼터,06:00-07:00,3,2,0,0,0,1,0,0,0,0,0,0,0
경부선,서울,대신졸음쉼터,07:00-08:00,20,11,0,7,2,0,0,0,0,0,0,0,0
경부선,서울,대신졸음쉼터,08:00-09:00,31,22,0,7,2,0,0,0,0,0,0,0,0
경부선,서울,대신졸음쉼터,09:00-10:00,39,38,0,1,0,0,0,0,0,0,0,0,0
경부선,서울,대신졸음쉼터,10:00-11:00,38,30,0,8,0,0,0,0,0,0,0,0,0
경부선,서울,대신졸음쉼터,11:00-12:00,38,25,0,9,2,1,0,1,0,0,0,0,0
경부선,서울,대신졸음쉼터,12:00-13:00,25,16,0,8,1,0,0,0,0,0,0,0,0
경부선,서울,대신졸음쉼터,13:00-14:00,34,24,1,5,2,0,2,0,0,0,0,0,0
경부선,서울,대신졸음쉼터,14:00-15:00,29,25,0,3,1,0,0,0,0,0,0,0,0
경부선,서울,대신졸음쉼터,15:00-16:00,28,19,0,7,2,0,0,0,0,0,0,0,0
경부선,서울,대신졸음쉼터,16:00-17:00,31,22,0,6,2,1,0,0,0,0,0,0,0
경부선,서울,대신졸음쉼터,17:00-18:00,35,28,0,4,2,1,0,0,0,0,0,0,0
경부선,서울,대신졸음쉼터,18:00-19:00,17,14,0,2,1,0,0,0,0,0,0,0,0
경부선,서울,대신졸음쉼터,19:00-20:00,12,8,0,2,1,0,0,0,0,0,1,0,0
경부선,서울,대신졸음쉼터,20:00-21:00,8,4,0,0,3,1,0,0,0,0,0,0,0
경부선,서울,대신졸음쉼터,21:00-22:00,9,4,0,0,2,2,0,0,0,0,1,0,0
경부선,서울,대신졸음쉼터,22:00-23:00,9,6,0,1,1,1,0,0,0,0,0,0,0
경부선,서울,대신졸음쉼터,23:00-24:00,9,5,0,0,2,0,0,1,0,0,1,0,0
경부선,서울,대신졸음쉼터,00:00-01:00,5,1,0,0,0,3,0,0,0,0,1,0,0
경부선,서울,대신졸음쉼터,01:00-02:00,5,1,0,0,2,1,0,0,0,0,1,0,0
경부선,서울,대신졸음쉼터,02:00-03:00,4,0,0,0,2,1,0,0,0,0,1,0,0
경부선,서울,대신졸음쉼터,03:00-04:00,2,2,0,0,0,0,0,0,0,0,0,0,0
경부선,서울,대신졸음쉼터,04:00-05:00,8,1,0,1,1,2,0,0,0,0,3,0,0
경부선,서울,대신졸음쉼터,05:00-06:00,6,2,0,1,1,0,0,0,0,0,2,0,0
경부선,서울,대신졸음쉼터,06:00-07:00,18,10,0,3,3,0,0,0,0,0,1,0,1
경부선,부산,추풍령졸음쉼터,07:00-08:00,13,5,0,2,3,2,0,0,0,0,0,0,1
경부선,부산,추풍령졸음쉼터,08:00-09:00,13,8,0,2,3,0,0,0,0,0,0,0,0
경부선,부산,추풍령졸음쉼터,09:00-10:00,19,14,2,2,1,0,0,0,0,0,0,0,0
경부선,부산,추풍령졸음쉼터,10:00-11:00,19,14,1,1,2,0,0,0,0,0,0,0,1
경부선,부산,추풍령졸음쉼터,11:00-12:00,12,9,0,0,0,2,1,0,0,0,0,0,0
경부선,부산,추풍령졸음쉼터,12:00-13:00,20,14,0,2,1,3,0,0,0,0,0,0,0
경부선,부산,추풍령졸음쉼터,13:00-14:00,17,16,0,0,1,0,0,0,0,0,0,0,0
경부선,부산,추풍령졸음쉼터,14:00-15:00,18,11,0,3,2,2,0,0,0,0,0,0,0
경부선,부산,추풍령졸음쉼터,15:00-16:00,23,19,0,3,1,0,0,0,0,0,0,0,0
경부선,부산,추풍령졸음쉼터,16:00-17:00,27,20,0,4,2,0,0,0,0,0,0,0,1
경부선,부산,추풍령졸음쉼터,17:00-18:00,20,15,0,4,0,0,0,0,0,0,1,0,0
경부선,부산,추풍령졸음쉼터,18:00-19:00,15,12,0,1,1,1,0,0,0,0,0,0,0
경부선,부산,추풍령졸음쉼터,19:00-20:00,16,12,0,0,0,3,0,1,0,0,0,0,0
경부선,부산,추풍령졸음쉼터,20:00-21:00,12,6,0,1,0,5,0,0,0,0,0,0,0
경부선,부산,추풍령졸음쉼터,21:00-22:00,11,4,0,0,0,4,0,3,0,0,0,0,0
경부선,부산,추풍령졸음쉼터,22:00-23:00,8,4,0,0,1,1,0,1,0,0,0,0,1
경부선,부산,추풍령졸음쉼터,23:00-24:00,2,1,0,0,0,0,0,1,0,0,0,0,0
경부선,부산,추풍령졸음쉼터,00:00-01:00,4,3,0,0,0,1,0,0,0,0,0,0,0
경부선,부산,추풍령졸음쉼터,01:00-02:00,2,1,0,0,0,1,0,0,0,0,0,0,0
경부선,부산,추풍령졸음쉼터,02:00-03:00,2,1,0,0,0,0,0,0,0,0,0,0,1
경부선,부산,추풍령졸음쉼터,03:00-04:00,5,0,0,1,0,2,0,1,0,0,0,0,1
경부선,부산,추풍령졸음쉼터,04:00-05:00,5,2,0,0,0,0,2,0,0,0,1,0,0
경부선,부산,추풍령졸음쉼터,05:00-06:00,5,2,0,1,0,1,0,1,0,0,0,0,0
경부선,부산,추풍령졸음쉼터,06:00-07:00,7,5,0,0,0,2,0,0,0,0,0,0,0
경부선,서울,추풍령졸음쉼터,07:00-08:00,9,6,0,2,0,1,0,0,0,0,0,0,0
경부선,서울,추풍령졸음쉼터,08:00-09:00,3,1,0,0,2,0,0,0,0,0,0,0,0
경부선,서울,추풍령졸음쉼터,09:00-10:00,8,6,0,1,1,0,0,0,0,0,0,0,0
경부선,서울,추풍령졸음쉼터,10:00-11:00,9,4,0,2,3,0,0,0,0,0,0,0,0
경부선,서울,추풍령졸음쉼터,11:00-12:00,12,5,0,3,4,0,0,0,0,0,0,0,0
경부선,서울,추풍령졸음쉼터,12:00-13:00,17,11,0,2,4,0,0,0,0,0,0,0,0
경부선,서울,추풍령졸음쉼터,13:00-14:00,12,5,0,5,2,0,0,0,0,0,0,0,0
경부선,서울,추풍령졸음쉼터,14:00-15:00,12,10,0,2,0,0,0,0,0,0,0,0,0
경부선,서울,추풍령졸음쉼터,15:00-16:00,9,7,0,2,0,0,0,0,0,0,0,0,0
경부선,서울,추풍령졸음쉼터,16:00-17:00,13,4,0,2,6,1,0,0,0,0,0,0,0
경부선,서울,추풍령졸음쉼터,17:00-18:00,12,4,0,5,3,0,0,0,0,0,0,0,0
경부선,서울,추풍령졸음쉼터,18:00-19:00,10,5,1,1,2,1,0,0,0,0,0,0,0
경부선,서울,추풍령졸음쉼터,19:00-20:00,5,2,0,0,2,1,0,0,0,0,0,0,0
경부선,서울,추풍령졸음쉼터,20:00-21:00,2,1,0,0,1,0,0,0,0,0,0,0,0
경부선,서울,추풍령졸음쉼터,21:00-22:00,5,2,0,0,3,0,0,0,0,0,0,0,0
경부선,서울,추풍령졸음쉼터,22:00-23:00,4,1,0,0,3,0,0,0,0,0,0,0,0
경부선,서울,추풍령졸음쉼터,23:00-24:00,2,1,0,0,0,1,0,0,0,0,0,0,0
경부선,서울,추풍령졸음쉼터,00:00-01:00,2,1,0,0,1,0,0,0,0,0,0,0,0
경부선,서울,추풍령졸음쉼터,01:00-02:00,0,0,0,0,0,0,0,0,0,0,0,0,0
경부선,서울,추풍령졸음쉼터,02:00-03:00,1,0,0,0,1,0,0,0,0,0,0,0,0
경부선,서울,추풍령졸음쉼터,03:00-04:00,0,0,0,0,0,0,0,0,0,0,0,0,0
경부선,서울,추풍령졸음쉼터,04:00-05:00,4,0,0,0,2,2,0,0,0,0,0,0,0
경부선,서울,추풍령졸음쉼터,05:00-06:00,8,4,0,2,1,1,0,0,0,0,0,0,0
경부선,서울,추풍령졸음쉼터,06:00-07:00,8,3,1,2,2,0,0,0,0,0,0,0,0
경부선,서울,옥천졸음쉼터,07:00-08:00,20,8,1,6,2,2,1,0,0,0,0,0,0
경부선,서울,옥천졸음쉼터,08:00-09:00,19,15,0,2,0,2,0,0,0,0,0,0,0
경부선,서울,옥천졸음쉼터,09:00-10:00,31,19,1,9,1,0,0,1,0,0,0,0,0
경부선,서울,옥천졸음쉼터,10:00-11:00,31,20,0,6,2,3,0,0,0,0,0,0,0
경부선,서울,옥천졸음쉼터,11:00-12:00,34,21,0,6,3,4,0,0,0,0,0,0,0
경부선,서울,옥천졸음쉼터,12:00-13:00,19,12,0,2,0,2,1,2,0,0,0,0,0
경부선,서울,옥천졸음쉼터,13:00-14:00,25,14,0,6,1,4,0,0,0,0,0,0,0
경부선,서울,옥천졸음쉼터,14:00-15:00,31,18,0,8,1,3,1,0,0,0,0,0,0
경부선,서울,옥천졸음쉼터,15:00-16:00,33,24,0,3,3,3,0,0,0,0,0,0,0
경부선,서울,옥천졸음쉼터,16:00-17:00,41,32,0,5,2,2,0,0,0,0,0,0,0
경부선,서울,옥천졸음쉼터,17:00-18:00,27,22,0,2,2,1,0,0,0,0,0,0,0
경부선,서울,옥천졸음쉼터,18:00-19:00,21,20,0,1,0,0,0,0,0,0,0,0,0
경부선,서울,옥천졸음쉼터,19:00-20:00,12,8,0,3,1,0,0,0,0,0,0,0,0
경부선,서울,옥천졸음쉼터,20:00-21:00,6,4,0,0,1,1,0,0,0,0,0,0,0
경부선,서울,옥천졸음쉼터,21:00-22:00,19,12,0,1,1,4,0,0,0,0,1,0,0
경부선,서울,옥천졸음쉼터,22:00-23:00,10,3,0,1,1,3,0,1,0,0,1,0,0
경부선,서울,옥천졸음쉼터,23:00-24:00,4,1,0,1,0,1,1,0,0,0,0,0,0
경부선,서울,옥천졸음쉼터,00:00-01:00,5,2,0,0,0,2,0,0,0,0,1,0,0
경부선,서울,옥천졸음쉼터,01:00-02:00,4,1,0,0,0,3,0,0,0,0,0,0,0
경부선,서울,옥천졸음쉼터,02:00-03:00,8,3,0,0,0,3,0,0,0,0,2,0,0
경부선,서울,옥천졸음쉼터,03:00-04:00,3,2,0,0,0,0,0,1,0,0,0,0,0
경부선,서울,옥천졸음쉼터,04:00-05:00,5,0,0,1,0,3,0,1,0,0,0,0,0
경부선,서울,옥천졸음쉼터,05:00-06:00,8,3,0,1,1,3,0,0,0,0,0,0,0
경부선,서울,옥천졸음쉼터,06:00-07:00,13,5,0,6,1,1,0,0,0,0,0,0,0
경부선,부산,입장졸음쉼터,07:00-08:00,26,17,0,6,2,0,0,0,0,0,0,0,1
경부선,부산,입장졸음쉼터,08:00-09:00,47,38,0,8,0,1,0,0,0,0,0,0,0
경부선,부산,입장졸음쉼터,09:00-10:00,31,29,0,2,0,0,0,0,0,0,0,0,0
경부선,부산,입장졸음쉼터,10:00-11:00,44,32,0,11,0,0,0,0,0,0,0,0,1
경부선,부산,입장졸음쉼터,11:00-12:00,39,32,0,6,1,0,0,0,0,0,0,0,0
경부선,부산,입장졸음쉼터,12:00-13:00,36,27,1,4,3,0,0,0,0,0,0,0,1
경부선,부산,입장졸음쉼터,13:00-14:00,38,32,0,5,1,0,0,0,0,0,0,0,0
경부선,부산,입장졸음쉼터,14:00-15:00,41,36,0,3,1,1,0,0,0,0,0,0,0
경부선,부산,입장졸음쉼터,15:00-16:00,41,35,0,6,0,0,0,0,0,0,0,0,0
경부선,부산,입장졸음쉼터,16:00-17:00,35,29,0,4,2,0,0,0,0,0,0,0,0
경부선,부산,입장졸음쉼터,17:00-18:00,26,21,0,3,1,0,0,1,0,0,0,0,0
경부선,부산,입장졸음쉼터,18:00-19:00,21,18,0,1,2,0,0,0,0,0,0,0,0
경부선,부산,입장졸음쉼터,19:00-20:00,22,19,0,2,1,0,0,0,0,0,0,0,0
경부선,부산,입장졸음쉼터,20:00-21:00,9,9,0,0,0,0,0,0,0,0,0,0,0
경부선,부산,입장졸음쉼터,21:00-22:00,17,11,0,3,2,0,0,1,0,0,0,0,0
경부선,부산,입장졸음쉼터,22:00-23:00,7,7,0,0,0,0,0,0,0,0,0,0,0
경부선,부산,입장졸음쉼터,23:00-24:00,5,5,0,0,0,0,0,0,0,0,0,0,0
경부선,부산,입장졸음쉼터,00:00-01:00,6,5,0,0,0,1,0,0,0,0,0,0,0
경부선,부산,입장졸음쉼터,01:00-02:00,6,3,0,3,0,0,0,0,0,0,0,0,0
경부선,부산,입장졸음쉼터,02:00-03:00,5,2,0,1,2,0,0,0,0,0,0,0,0
경부선,부산,입장졸음쉼터,03:00-04:00,6,4,0,0,0,1,0,1,0,0,0,0,0
경부선,부산,입장졸음쉼터,04:00-05:00,4,3,0,0,1,0,0,0,0,0,0,0,0
경부선,부산,입장졸음쉼터,05:00-06:00,22,13,0,2,4,2,0,0,0,0,0,0,1
경부선,부산,입장졸음쉼터,06:00-07:00,26,20,0,2,3,1,0,0,0,0,0,0,0
경부선,서울,원곡졸음쉼터,07:00-08:00,33,25,0,5,2,1,0,0,0,0,0,0,0
경부선,서울,원곡졸음쉼터,08:00-09:00,42,33,0,7,0,2,0,0,0,0,0,0,0
경부선,서울,원곡졸음쉼터,09:00-10:00,52,40,0,6,3,2,0,1,0,0,0,0,0
경부선,서울,원곡졸음쉼터,10:00-11:00,54,38,1,9,3,1,1,1,0,0,0,0,0
경부선,서울,원곡졸음쉼터,11:00-12:00,44,29,0,11,2,2,0,0,0,0,0,0,0
경부선,서울,원곡졸음쉼터,12:00-13:00,54,45,0,6,3,0,0,0,0,0,0,0,0
경부선,서울,원곡졸음쉼터,13:00-14:00,81,63,0,15,2,0,1,0,0,0,0,0,0
경부선,서울,원곡졸음쉼터,14:00-15:00,58,45,0,10,1,1,1,0,0,0,0,0,0
경부선,서울,원곡졸음쉼터,15:00-16:00,100,79,0,16,4,0,1,0,0,0,0,0,0
경부선,서울,원곡졸음쉼터,16:00-17:00,103,91,0,10,2,0,0,0,0,0,0,0,0
경부선,서울,원곡졸음쉼터,17:00-18:00,137,123,0,9,4,0,1,0,0,0,0,0,0
경부선,서울,원곡졸음쉼터,18:00-19:00,124,114,0,8,0,1,0,0,0,0,1,0,0
경부선,서울,원곡졸음쉼터,19:00-20:00,87,80,0,3,2,0,0,2,0,0,0,0,0
경부선,서울,원곡졸음쉼터,20:00-21:00,28,24,0,3,1,0,0,0,0,0,0,0,0
경부선,서울,원곡졸음쉼터,21:00-22:00,27,25,0,1,0,1,0,0,0,0,0,0,0
경부선,서울,원곡졸음쉼터,22:00-23:00,16,16,0,0,0,0,0,0,0,0,0,0,0
경부선,서울,원곡졸음쉼터,23:00-24:00,19,16,0,2,0,0,0,1,0,0,0,0,0
경부선,서울,원곡졸음쉼터,00:00-01:00,17,10,0,4,3,0,0,0,0,0,0,0,0
경부선,서울,원곡졸음쉼터,01:00-02:00,10,7,0,0,2,1,0,0,0,0,0,0,0
경부선,서울,원곡졸음쉼터,02:00-03:00,9,2,0,0,2,3,1,0,0,0,1,0,0
경부선,서울,원곡졸음쉼터,03:00-04:00,6,4,0,0,0,1,1,0,0,0,0,0,0
경부선,서울,원곡졸음쉼터,04:00-05:00,11,4,0,1,1,4,0,1,0,0,0,0,0
경부선,서울,원곡졸음쉼터,05:00-06:00,12,8,0,0,0,2,1,1,0,0,0,0,0
경부선,서울,원곡졸음쉼터,06:00-07:00,31,18,0,6,4,1,1,0,0,0,1,0,0
경부선,부산,남사졸음쉼터,07:00-08:00,56,48,0,5,2,1,0,0,0,0,0,0,0
경부선,부산,남사졸음쉼터,08:00-09:00,70,56,0,12,2,0,0,0,0,0,0,0,0
경부선,부산,남사졸음쉼터,09:00-10:00,82,75,0,6,1,0,0,0,0,0,0,0,0
경부선,부산,남사졸음쉼터,10:00-11:00,80,62,0,16,2,0,0,0,0,0,0,0,0
경부선,부산,남사졸음쉼터,11:00-12:00,77,67,0,9,1,0,0,0,0,0,0,0,0
경부선,부산,남사졸음쉼터,12:00-13:00,105,92,0,13,0,0,0,0,0,0,0,0,0
경부선,부산,남사졸음쉼터,13:00-14:00,91,82,0,8,1,0,0,0,0,0,0,0,0
경부선,부산,남사졸음쉼터,14:00-15:00,67,57,0,10,0,0,0,0,0,0,0,0,0
경부선,부산,남사졸음쉼터,15:00-16:00,90,74,1,12,1,2,0,0,0,0,0,0,0
경부선,부산,남사졸음쉼터,16:00-17:00,49,41,0,8,0,0,0,0,0,0,0,0,0
경부선,부산,남사졸음쉼터,17:00-18:00,53,46,0,5,1,1,0,0,0,0,0,0,0
경부선,부산,남사졸음쉼터,18:00-19:00,32,28,0,4,0,0,0,0,0,0,0,0,0
경부선,부산,남사졸음쉼터,19:00-20:00,36,34,1,1,0,0,0,0,0,0,0,0,0
경부선,부산,남사졸음쉼터,20:00-21:00,18,17,0,1,0,0,0,0,0,0,0,0,0
경부선,부산,남사졸음쉼터,21:00-22:00,25,22,0,1,1,1,0,0,0,0,0,0,0
경부선,부산,남사졸음쉼터,22:00-23:00,18,15,1,2,0,0,0,0,0,0,0,0,0
경부선,부산,남사졸음쉼터,23:00-24:00,10,9,0,1,0,0,0,0,0,0,0,0,0
경부선,부산,남사졸음쉼터,00:00-01:00,14,9,0,2,0,2,0,0,0,0,1,0,0
경부선,부산,남사졸음쉼터,01:00-02:00,16,13,0,2,1,0,0,0,0,0,0,0,0
경부선,부산,남사졸음쉼터,02:00-03:00,10,5,0,3,1,1,0,0,0,0,0,0,0
경부선,부산,남사졸음쉼터,03:00-04:00,9,6,0,2,0,0,0,0,0,0,1,0,0
경부선,부산,남사졸음쉼터,04:00-05:00,14,6,0,6,1,0,0,1,0,0,0,0,0
경부선,부산,남사졸음쉼터,05:00-06:00,35,22,1,9,2,0,1,0,0,0,0,0,0
경부선,부산,남사졸음쉼터,06:00-07:00,21,15,0,4,2,0,0,0,0,0,0,0,0
고창담양선,담양,장성물류졸음쉼터,07:00-08:00,7,4,0,1,1,1,0,0,0,0,0,0,0
고창담양선,담양,장성물류졸음쉼터,08:00-09:00,6,5,0,1,0,0,0,0,0,0,0,0,0
고창담양선,담양,장성물류졸음쉼터,09:00-10:00,13,12,0,0,1,0,0,0,0,0,0,0,0
고창담양선,담양,장성물류졸음쉼터,10:00-11:00,15,12,0,3,0,0,0,0,0,0,0,0,0
고창담양선,담양,장성물류졸음쉼터,11:00-12:00,12,9,0,2,1,0,0,0,0,0,0,0,0
고창담양선,담양,장성물류졸음쉼터,12:00-13:00,15,11,0,2,2,0,0,0,0,0,0,0,0
고창담양선,담양,장성물류졸음쉼터,13:00-14:00,39,33,0,4,1,1,0,0,0,0,0,0,0
고창담양선,담양,장성물류졸음쉼터,14:00-15:00,33,28,0,4,0,1,0,0,0,0,0,0,0
고창담양선,담양,장성물류졸음쉼터,15:00-16:00,33,25,0,6,1,1,0,0,0,0,0,0,0
고창담양선,담양,장성물류졸음쉼터,16:00-17:00,28,25,0,3,0,0,0,0,0,0,0,0,0
고창담양선,담양,장성물류졸음쉼터,17:00-18:00,34,28,0,5,1,0,0,0,0,0,0,0,0
고창담양선,담양,장성물류졸음쉼터,18:00-19:00,23,21,0,2,0,0,0,0,0,0,0,0,0
고창담양선,담양,장성물류졸음쉼터,19:00-20:00,10,9,0,1,0,0,0,0,0,0,0,0,0
고창담양선,담양,장성물류졸음쉼터,20:00-21:00,7,7,0,0,0,0,0,0,0,0,0,0,0
고창담양선,담양,장성물류졸음쉼터,21:00-22:00,3,2,0,0,0,0,0,1,0,0,0,0,0
고창담양선,담양,장성물류졸음쉼터,22:00-23:00,5,5,0,0,0,0,0,0,0,0,0,0,0
고창담양선,담양,장성물류졸음쉼터,23:00-24:00,5,5,0,0,0,0,0,0,0,0,0,0,0
고창담양선,담양,장성물류졸음쉼터,00:00-01:00,3,3,0,0,0,0,0,0,0,0,0,0,0
고창담양선,담양,장성물류졸음쉼터,01:00-02:00,3,3,0,0,0,0,0,0,0,0,0,0,0
고창담양선,담양,장성물류졸음쉼터,02:00-03:00,1,1,0,0,0,0,0,0,0,0,0,0,0
고창담양선,담양,장성물류졸음쉼터,03:00-04:00,0,0,0,0,0,0,0,0,0,0,0,0,0
고창담양선,담양,장성물류졸음쉼터,04:00-05:00,2,0,0,1,0,1,0,0,0,0,0,0,0
고창담양선,담양,장성물류졸음쉼터,05:00-06:00,3,0,0,1,1,0,0,0,0,0,1,0,0
고창담양선,담양,장성물류졸음쉼터,06:00-07:00,8,4,0,1,0,3,0,0,0,0,0,0,0
고창담양선,담양,태령졸음쉼터,07:00-08:00,10,3,0,4,2,0,1,0,0,0,0,0,0
고창담양선,담양,태령졸음쉼터,08:00-09:00,23,14,0,7,2,0,0,0,0,0,0,0,0
고창담양선,담양,태령졸음쉼터,09:00-10:00,20,13,0,7,0,0,0,0,0,0,0,0,0
고창담양선,담양,태령졸음쉼터,10:00-11:00,17,13,0,2,1,1,0,0,0,0,0,0,0
고창담양선,담양,태령졸음쉼터,11:00-12:00,16,13,0,1,1,0,0,1,0,0,0,0,0
고창담양선,담양,태령졸음쉼터,12:00-13:00,17,13,0,2,2,0,0,0,0,0,0,0,0
고창담양선,담양,태령졸음쉼터,13:00-14:00,23,17,0,5,0,1,0,0,0,0,0,0,0
고창담양선,담양,태령졸음쉼터,14:00-15:00,17,14,0,2,1,0,0,0,0,0,0,0,0
고창담양선,담양,태령졸음쉼터,15:00-16:00,22,15,1,5,1,0,0,0,0,0,0,0,0
고창담양선,담양,태령졸음쉼터,16:00-17:00,17,11,1,5,0,0,0,0,0,0,0,0,0
고창담양선,담양,태령졸음쉼터,17:00-18:00,15,13,0,1,0,0,0,1,0,0,0,0,0
고창담양선,담양,태령졸음쉼터,18:00-19:00,12,8,1,3,0,0,0,0,0,0,0,0,0
고창담양선,담양,태령졸음쉼터,19:00-20:00,11,10,0,0,0,1,0,0,0,0,0,0,0
고창담양선,담양,태령졸음쉼터,20:00-21:00,2,2,0,0,0,0,0,0,0,0,0,0,0
고창담양선,담양,태령졸음쉼터,21:00-22:00,7,4,0,2,1,0,0,0,0,0,0,0,0
고창담양선,담양,태령졸음쉼터,22:00-23:00,4,3,0,0,0,0,0,1,0,0,0,0,0
고창담양선,담양,태령졸음쉼터,23:00-24:00,0,0,0,0,0,0,0,0,0,0,0,0,0
고창담양선,담양,태령졸음쉼터,00:00-01:00,3,2,0,1,0,0,0,0,0,0,0,0,0
고창담양선,담양,태령졸음쉼터,01:00-02:00,1,1,0,0,0,0,0,0,0,0,0,0,0
고창담양선,담양,태령졸음쉼터,02:00-03:00,1,1,0,0,0,0,0,0,0,0,0,0,0
고창담양선,담양,태령졸음쉼터,03:00-04:00,0,0,0,0,0,0,0,0,0,0,0,0,0
고창담양선,담양,태령졸음쉼터,04:00-05:00,1,0,0,1,0,0,0,0,0,0,0,0,0
고창담양선,담양,태령졸음쉼터,05:00-06:00,3,2,0,1,0,0,0,0,0,0,0,0,0
고창담양선,담양,태령졸음쉼터,06:00-07:00,9,3,0,1,4,1,0,0,0,0,0,0,0
광주대구선,광주,대강졸음쉼터,07:00-08:00,9,6,0,2,0,1,0,0,0,0,0,0,0
광주대구선,광주,대강졸음쉼터,08:00-09:00,11,8,0,1,1,1,0,0,0,0,0,0,0
광주대구선,광주,대강졸음쉼터,09:00-10:00,17,10,0,5,0,1,1,0,0,0,0,0,0
광주대구선,광주,대강졸음쉼터,10:00-11:00,16,14,0,2,0,0,0,0,0,0,0,0,0
광주대구선,광주,대강졸음쉼터,11:00-12:00,15,11,1,2,0,1,0,0,0,0,0,0,0
광주대구선,광주,대강졸음쉼터,12:00-13:00,16,9,0,7,0,0,0,0,0,0,0,0,0
광주대구선,광주,대강졸음쉼터,13:00-14:00,17,9,0,4,2,1,0,1,0,0,0,0,0
광주대구선,광주,대강졸음쉼터,14:00-15:00,21,19,0,1,1,0,0,0,0,0,0,0,0
광주대구선,광주,대강졸음쉼터,15:00-16:00,11,10,0,0,0,1,0,0,0,0,0,0,0
광주대구선,광주,대강졸음쉼터,16:00-17:00,9,9,0,0,0,0,0,0,0,0,0,0,0
광주대구선,광주,대강졸음쉼터,17:00-18:00,12,8,0,3,0,1,0,0,0,0,0,0,0
광주대구선,광주,대강졸음쉼터,18:00-19:00,13,11,0,2,0,0,0,0,0,0,0,0,0
광주대구선,광주,대강졸음쉼터,19:00-20:00,7,6,0,0,0,1,0,0,0,0,0,0,0
광주대구선,광주,대강졸음쉼터,20:00-21:00,9,6,0,2,1,0,0,0,0,0,0,0,0
광주대구선,광주,대강졸음쉼터,21:00-22:00,4,4,0,0,0,0,0,0,0,0,0,0,0
광주대구선,광주,대강졸음쉼터,22:00-23:00,5,4,0,1,0,0,0,0,0,0,0,0,0
광주대구선,광주,대강졸음쉼터,23:00-24:00,3,2,0,0,0,1,0,0,0,0,0,0,0
광주대구선,광주,대강졸음쉼터,00:00-01:00,2,2,0,0,0,0,0,0,0,0,0,0,0
광주대구선,광주,대강졸음쉼터,01:00-02:00,3,0,0,0,1,1,1,0,0,0,0,0,0
광주대구선,광주,대강졸음쉼터,02:00-03:00,7,5,0,1,0,1,0,0,0,0,0,0,0
광주대구선,광주,대강졸음쉼터,03:00-04:00,1,0,0,0,1,0,0,0,0,0,0,0,0
광주대구선,광주,대강졸음쉼터,04:00-05:00,1,0,0,0,0,1,0,0,0,0,0,0,0
광주대구선,광주,대강졸음쉼터,05:00-06:00,4,3,0,0,1,0,0,0,0,0,0,0,0
광주대구선,광주,대강졸음쉼터,06:00-07:00,10,5,0,1,1,1,0,0,0,0,2,0,0
광주대구선,광주,함양졸음쉼터,07:00-08:00,6,2,0,2,0,1,0,0,0,0,0,0,1
광주대구선,광주,함양졸음쉼터,08:00-09:00,12,9,0,3,0,0,0,0,0,0,0,0,0
광주대구선,광주,함양졸음쉼터,09:00-10:00,15,9,0,2,2,1,1,0,0,0,0,0,0
광주대구선,광주,함양졸음쉼터,10:00-11:00,10,5,0,4,0,1,0,0,0,0,0,0,0
광주대구선,광주,함양졸음쉼터,11:00-12:00,15,9,0,4,0,2,0,0,0,0,0,0,0
광주대구선,광주,함양졸음쉼터,12:00-13:00,13,9,0,4,0,0,0,0,0,0,0,0,0
광주대구선,광주,함양졸음쉼터,13:00-14:00,12,10,0,1,0,1,0,0,0,0,0,0,0
광주대구선,광주,함양졸음쉼터,14:00-15:00,9,6,0,2,1,0,0,0,0,0,0,0,0
광주대구선,광주,함양졸음쉼터,15:00-16:00,8,8,0,0,0,0,0,0,0,0,0,0,0
광주대구선,광주,함양졸음쉼터,16:00-17:00,10,9,0,0,1,0,0,0,0,0,0,0,0
광주대구선,광주,함양졸음쉼터,17:00-18:00,8,8,0,0,0,0,0,0,0,0,0,0,0
광주대구선,광주,함양졸음쉼터,18:00-19:00,6,5,0,1,0,0,0,0,0,0,0,0,0
광주대구선,광주,함양졸음쉼터,19:00-20:00,5,4,0,1,0,0,0,0,0,0,0,0,0
광주대구선,광주,함양졸음쉼터,20:00-21:00,6,6,0,0,0,0,0,0,0,0,0,0,0
광주대구선,광주,함양졸음쉼터,21:00-22:00,6,6,0,0,0,0,0,0,0,0,0,0,0
광주대구선,광주,함양졸음쉼터,22:00-23:00,5,3,0,2,0,0,0,0,0,0,0,0,0
광주대구선,광주,함양졸음쉼터,23:00-24:00,2,2,0,0,0,0,0,0,0,0,0,0,0
광주대구선,광주,함양졸음쉼터,00:00-01:00,3,2,0,1,0,0,0,0,0,0,0,0,0
광주대구선,광주,함양졸음쉼터,01:00-02:00,3,2,0,1,0,0,0,0,0,0,0,0,0
광주대구선,광주,함양졸음쉼터,02:00-03:00,2,2,0,0,0,0,0,0,0,0,0,0,0
광주대구선,광주,함양졸음쉼터,03:00-04:00,2,1,0,1,0,0,0,0,0,0,0,0,0
광주대구선,광주,함양졸음쉼터,04:00-05:00,4,3,0,1,0,0,0,0,0,0,0,0,0
광주대구선,광주,함양졸음쉼터,05:00-06:00,6,2,0,3,0,0,0,0,0,0,1,0,0
광주대구선,광주,함양졸음쉼터,06:00-07:00,12,7,0,4,1,0,0,0,0,0,0,0,0
광주대구선,광주,남상졸음쉼터,07:00-08:00,14,8,0,4,1,1,0,0,0,0,0,0,0
광주대구선,광주,남상졸음쉼터,08:00-09:00,16,12,0,2,1,1,0,0,0,0,0,0,0
광주대구선,광주,남상졸음쉼터,09:00-10:00,11,8,0,0,2,0,0,0,0,0,1,0,0
광주대구선,광주,남상졸음쉼터,10:00-11:00,22,16,0,1,1,3,0,1,0,0,0,0,0
광주대구선,광주,남상졸음쉼터,11:00-12:00,27,13,0,3,2,5,0,2,0,0,2,0,0
광주대구선,광주,남상졸음쉼터,12:00-13:00,14,13,0,0,0,1,0,0,0,0,0,0,0
광주대구선,광주,남상졸음쉼터,13:00-14:00,20,14,0,1,2,2,0,1,0,0,0,0,0
광주대구선,광주,남상졸음쉼터,14:00-15:00,26,19,0,2,1,3,0,0,0,0,1,0,0
광주대구선,광주,남상졸음쉼터,15:00-16:00,24,17,0,3,2,2,0,0,0,0,0,0,0
광주대구선,광주,남상졸음쉼터,16:00-17:00,25,12,0,5,4,3,0,1,0,0,0,0,0
광주대구선,광주,남상졸음쉼터,17:00-18:00,18,13,0,2,0,3,0,0,0,0,0,0,0
광주대구선,광주,남상졸음쉼터,18:00-19:00,7,5,0,2,0,0,0,0,0,0,0,0,0
광주대구선,광주,남상졸음쉼터,19:00-20:00,13,11,0,0,2,0,0,0,0,0,0,0,0
광주대구선,광주,남상졸음쉼터,20:00-21:00,7,4,0,0,3,0,0,0,0,0,0,0,0
광주대구선,광주,남상졸음쉼터,21:00-22:00,4,3,0,0,1,0,0,0,0,0,0,0,0
광주대구선,광주,남상졸음쉼터,22:00-23:00,3,2,0,1,0,0,0,0,0,0,0,0,0
광주대구선,광주,남상졸음쉼터,23:00-24:00,3,2,0,0,1,0,0,0,0,0,0,0,0
광주대구선,광주,남상졸음쉼터,00:00-01:00,6,2,0,0,4,0,0,0,0,0,0,0,0
광주대구선,광주,남상졸음쉼터,01:00-02:00,9,5,0,3,1,0,0,0,0,0,0,0,0
광주대구선,광주,남상졸음쉼터,02:00-03:00,0,0,0,0,0,0,0,0,0,0,0,0,0
광주대구선,광주,남상졸음쉼터,03:00-04:00,1,0,0,0,1,0,0,0,0,0,0,0,0
광주대구선,광주,남상졸음쉼터,04:00-05:00,6,1,0,4,1,0,0,0,0,0,0,0,0
광주대구선,광주,남상졸음쉼터,05:00-06:00,5,0,0,1,4,0,0,0,0,0,0,0,0
광주대구선,광주,남상졸음쉼터,06:00-07:00,14,4,0,3,4,3,0,0,0,0,0,0,0
광주대구선,대구,남상졸음쉼터,07:00-08:00,9,5,0,4,0,0,0,0,0,0,0,0,0
광주대구선,대구,남상졸음쉼터,08:00-09:00,6,6,0,0,0,0,0,0,0,0,0,0,0
광주대구선,대구,남상졸음쉼터,09:00-10:00,11,9,0,1,0,1,0,0,0,0,0,0,0
광주대구선,대구,남상졸음쉼터,10:00-11:00,14,10,0,2,0,2,0,0,0,0,0,0,0
광주대구선,대구,남상졸음쉼터,11:00-12:00,15,12,0,2,1,0,0,0,0,0,0,0,0
광주대구선,대구,남상졸음쉼터,12:00-13:00,14,13,0,0,0,1,0,0,0,0,0,0,0
광주대구선,대구,남상졸음쉼터,13:00-14:00,14,6,0,4,1,3,0,0,0,0,0,0,0
광주대구선,대구,남상졸음쉼터,14:00-15:00,10,8,0,0,0,2,0,0,0,0,0,0,0
광주대구선,대구,남상졸음쉼터,15:00-16:00,14,9,0,2,0,3,0,0,0,0,0,0,0
광주대구선,대구,남상졸음쉼터,16:00-17:00,15,14,0,1,0,0,0,0,0,0,0,0,0
광주대구선,대구,남상졸음쉼터,17:00-18:00,13,12,0,1,0,0,0,0,0,0,0,0,0
광주대구선,대구,남상졸음쉼터,18:00-19:00,12,10,0,2,0,0,0,0,0,0,0,0,0
광주대구선,대구,남상졸음쉼터,19:00-20:00,5,4,0,1,0,0,0,0,0,0,0,0,0
광주대구선,대구,남상졸음쉼터,20:00-21:00,7,6,0,1,0,0,0,0,0,0,0,0,0
광주대구선,대구,남상졸음쉼터,21:00-22:00,4,3,0,0,0,0,0,0,0,0,1,0,0
광주대구선,대구,남상졸음쉼터,22:00-23:00,7,5,0,1,0,0,0,0,0,0,1,0,0
광주대구선,대구,남상졸음쉼터,23:00-24:00,3,1,0,1,1,0,0,0,0,0,0,0,0
광주대구선,대구,남상졸음쉼터,00:00-01:00,2,1,0,1,0,0,0,0,0,0,0,0,0
광주대구선,대구,남상졸음쉼터,01:00-02:00,0,0,0,0,0,0,0,0,0,0,0,0,0
광주대구선,대구,남상졸음쉼터,02:00-03:00,0,0,0,0,0,0,0,0,0,0,0,0,0
광주대구선,대구,남상졸음쉼터,03:00-04:00,1,0,0,1,0,0,0,0,0,0,0,0,0
광주대구선,대구,남상졸음쉼터,04:00-05:00,1,1,0,0,0,0,0,0,0,0,0,0,0
광주대구선,대구,남상졸음쉼터,05:00-06:00,2,0,0,1,0,0,0,0,0,0,1,0,0
광주대구선,대구,남상졸음쉼터,06:00-07:00,10,2,0,5,3,0,0,0,0,0,0,0,0
광주대구선,광주,쌍림졸음쉼터,07:00-08:00,28,19,0,3,2,4,0,0,0,0,0,0,0
광주대구선,광주,쌍림졸음쉼터,08:00-09:00,29,18,1,5,3,2,0,0,0,0,0,0,0
광주대구선,광주,쌍림졸음쉼터,09:00-10:00,29,23,0,1,3,2,0,0,0,0,0,0,0
광주대구선,광주,쌍림졸음쉼터,10:00-11:00,43,30,0,5,4,3,0,0,0,0,1,0,0
광주대구선,광주,쌍림졸음쉼터,11:00-12:00,52,35,0,6,3,7,0,0,0,0,1,0,0
광주대구선,광주,쌍림졸음쉼터,12:00-13:00,41,29,2,5,3,1,0,1,0,0,0,0,0
광주대구선,광주,쌍림졸음쉼터,13:00-14:00,25,18,0,6,1,0,0,0,0,0,0,0,0
광주대구선,광주,쌍림졸음쉼터,14:00-15:00,26,18,0,5,1,1,0,1,0,0,0,0,0
광주대구선,광주,쌍림졸음쉼터,15:00-16:00,25,18,0,4,1,2,0,0,0,0,0,0,0
광주대구선,광주,쌍림졸음쉼터,16:00-17:00,17,10,0,5,0,2,0,0,0,0,0,0,0
광주대구선,광주,쌍림졸음쉼터,17:00-18:00,20,18,0,0,1,1,0,0,0,0,0,0,0
광주대구선,광주,쌍림졸음쉼터,18:00-19:00,18,15,0,3,0,0,0,0,0,0,0,0,0
광주대구선,광주,쌍림졸음쉼터,19:00-20:00,10,10,0,0,0,0,0,0,0,0,0,0,0
광주대구선,광주,쌍림졸음쉼터,20:00-21:00,12,11,0,1,0,0,0,0,0,0,0,0,0
광주대구선,광주,쌍림졸음쉼터,21:00-22:00,7,5,0,1,0,0,0,0,0,0,1,0,0
광주대구선,광주,쌍림졸음쉼터,22:00-23:00,4,3,0,1,0,0,0,0,0,0,0,0,0
광주대구선,광주,쌍림졸음쉼터,23:00-24:00,2,2,0,0,0,0,0,0,0,0,0,0,0
광주대구선,광주,쌍림졸음쉼터,00:00-01:00,4,4,0,0,0,0,0,0,0,0,0,0,0
광주대구선,광주,쌍림졸음쉼터,01:00-02:00,1,1,0,0,0,0,0,0,0,0,0,0,0
광주대구선,광주,쌍림졸음쉼터,02:00-03:00,1,1,0,0,0,0,0,0,0,0,0,0,0
광주대구선,광주,쌍림졸음쉼터,03:00-04:00,1,0,0,1,0,0,0,0,0,0,0,0,0
광주대구선,광주,쌍림졸음쉼터,04:00-05:00,4,1,1,0,2,0,0,0,0,0,0,0,0
광주대구선,광주,쌍림졸음쉼터,05:00-06:00,4,3,1,0,0,0,0,0,0,0,0,0,0
광주대구선,광주,쌍림졸음쉼터,06:00-07:00,11,5,0,1,3,2,0,0,0,0,0,0,0
광주대구선,대구,고령졸음쉼터,07:00-08:00,18,8,0,3,4,1,2,0,0,0,0,0,0
광주대구선,대구,고령졸음쉼터,08:00-09:00,14,7,0,5,0,2,0,0,0,0,0,0,0
광주대구선,대구,고령졸음쉼터,09:00-10:00,42,31,0,4,2,2,2,1,0,0,0,0,0
광주대구선,대구,고령졸음쉼터,10:00-11:00,38,23,1,3,3,5,0,3,0,0,0,0,0
광주대구선,대구,고령졸음쉼터,11:00-12:00,38,22,0,6,0,6,2,2,0,0,0,0,0
광주대구선,대구,고령졸음쉼터,12:00-13:00,50,30,0,5,3,9,1,1,0,0,1,0,0
광주대구선,대구,고령졸음쉼터,13:00-14:00,48,28,0,9,2,7,1,1,0,0,0,0,0
광주대구선,대구,고령졸음쉼터,14:00-15:00,48,34,0,8,1,4,0,0,0,0,1,0,0
광주대구선,대구,고령졸음쉼터,15:00-16:00,48,40,0,1,1,5,0,1,0,0,0,0,0
광주대구선,대구,고령졸음쉼터,16:00-17:00,49,42,0,6,0,0,0,1,0,0,0,0,0
광주대구선,대구,고령졸음쉼터,17:00-18:00,37,32,0,3,0,2,0,0,0,0,0,0,0
광주대구선,대구,고령졸음쉼터,18:00-19:00,38,28,0,3,2,4,0,0,0,0,1,0,0
광주대구선,대구,고령졸음쉼터,19:00-20:00,19,14,0,0,1,2,0,0,0,0,1,0,1
광주대구선,대구,고령졸음쉼터,20:00-21:00,17,12,0,3,1,0,0,1,0,0,0,0,0
광주대구선,대구,고령졸음쉼터,21:00-22:00,8,4,0,0,0,2,0,0,0,0,2,0,0
광주대구선,대구,고령졸음쉼터,22:00-23:00,7,6,0,0,0,1,0,0,0,0,0,0,0
광주대구선,대구,고령졸음쉼터,23:00-24:00,10,6,0,1,0,3,0,0,0,0,0,0,0
광주대구선,대구,고령졸음쉼터,00:00-01:00,3,1,0,0,0,2,0,0,0,0,0,0,0
광주대구선,대구,고령졸음쉼터,01:00-02:00,5,3,0,0,0,2,0,0,0,0,0,0,0
광주대구선,대구,고령졸음쉼터,02:00-03:00,3,0,0,0,1,2,0,0,0,0,0,0,0
광주대구선,대구,고령졸음쉼터,03:00-04:00,4,1,0,0,0,2,0,1,0,0,0,0,0
광주대구선,대구,고령졸음쉼터,04:00-05:00,9,5,0,0,0,4,0,0,0,0,0,0,0
광주대구선,대구,고령졸음쉼터,05:00-06:00,13,4,0,1,0,6,2,0,0,0,0,0,0
광주대구선,대구,고령졸음쉼터,06:00-07:00,16,5,0,4,0,4,1,2,0,0,0,0,0
남해1지선,창원,창원졸음쉼터,07:00-08:00,31,25,0,3,3,0,0,0,0,0,0,0,0
남해1지선,창원,창원졸음쉼터,08:00-09:00,39,23,0,10,1,5,0,0,0,0,0,0,0
남해1지선,창원,창원졸음쉼터,09:00-10:00,35,19,0,13,3,0,0,0,0,0,0,0,0
남해1지선,창원,창원졸음쉼터,10:00-11:00,39,29,0,4,2,4,0,0,0,0,0,0,0
남해1지선,창원,창원졸음쉼터,11:00-12:00,36,23,0,11,1,1,0,0,0,0,0,0,0
남해1지선,창원,창원졸음쉼터,12:00-13:00,46,26,1,14,4,1,0,0,0,0,0,0,0
남해1지선,창원,창원졸음쉼터,13:00-14:00,56,39,0,13,4,0,0,0,0,0,0,0,0
남해1지선,창원,창원졸음쉼터,14:00-15:00,62,48,0,12,2,0,0,0,0,0,0,0,0
남해1지선,창원,창원졸음쉼터,15:00-16:00,87,62,1,20,3,1,0,0,0,0,0,0,0
남해1지선,창원,창원졸음쉼터,16:00-17:00,81,65,0,12,3,1,0,0,0,0,0,0,0
남해1지선,창원,창원졸음쉼터,17:00-18:00,64,56,0,7,1,0,0,0,0,0,0,0,0
남해1지선,창원,창원졸음쉼터,18:00-19:00,56,48,1,5,2,0,0,0,0,0,0,0,0
남해1지선,창원,창원졸음쉼터,19:00-20:00,21,15,0,6,0,0,0,0,0,0,0,0,0
남해1지선,창원,창원졸음쉼터,20:00-21:00,12,11,0,1,0,0,0,0,0,0,0,0,0
남해1지선,창원,창원졸음쉼터,21:00-22:00,9,8,0,1,0,0,0,0,0,0,0,0,0
남해1지선,창원,창원졸음쉼터,22:00-23:00,7,6,0,0,1,0,0,0,0,0,0,0,0
남해1지선,창원,창원졸음쉼터,23:00-24:00,7,6,1,0,0,0,0,0,0,0,0,0,0
남해1지선,창원,창원졸음쉼터,00:00-01:00,3,2,0,0,0,1,0,0,0,0,0,0,0
남해1지선,창원,창원졸음쉼터,01:00-02:00,3,3,0,0,0,0,0,0,0,0,0,0,0
남해1지선,창원,창원졸음쉼터,02:00-03:00,2,0,0,1,1,0,0,0,0,0,0,0,0
남해1지선,창원,창원졸음쉼터,03:00-04:00,1,0,0,1,0,0,0,0,0,0,0,0,0
남해1지선,창원,창원졸음쉼터,04:00-05:00,5,3,0,2,0,0,0,0,0,0,0,0,0
남해1지선,창원,창원졸음쉼터,05:00-06:00,6,3,0,2,1,0,0,0,0,0,0,0,0
남해1지선,창원,창원졸음쉼터,06:00-07:00,14,9,0,3,0,1,0,1,0,0,0,0,0
남해선,순천,진례졸음쉼터,07:00-08:00,24,14,2,6,1,1,0,0,0,0,0,0,0
남해선,순천,진례졸음쉼터,08:00-09:00,38,26,1,9,1,1,0,0,0,0,0,0,0
남해선,순천,진례졸음쉼터,09:00-10:00,46,22,4,15,5,0,0,0,0,0,0,0,0
남해선,순천,진례졸음쉼터,10:00-11:00,47,24,1,14,4,3,0,1,0,0,0,0,0
남해선,순천,진례졸음쉼터,11:00-12:00,52,25,0,18,3,5,0,1,0,0,0,0,0
남해선,순천,진례졸음쉼터,12:00-13:00,43,24,4,8,6,0,0,1,0,0,0,0,0
남해선,순천,진례졸음쉼터,13:00-14:00,50,31,0,15,1,3,0,0,0,0,0,0,0
남해선,순천,진례졸음쉼터,14:00-15:00,51,27,4,12,4,3,0,1,0,0,0,0,0
남해선,순천,진례졸음쉼터,15:00-16:00,42,22,0,10,6,3,0,1,0,0,0,0,0
남해선,순천,진례졸음쉼터,16:00-17:00,49,24,0,15,6,3,0,0,0,0,1,0,0
남해선,순천,진례졸음쉼터,17:00-18:00,42,27,2,8,1,4,0,0,0,0,0,0,0
남해선,순천,진례졸음쉼터,18:00-19:00,31,23,2,4,2,0,0,0,0,0,0,0,0
남해선,순천,진례졸음쉼터,19:00-20:00,11,7,1,2,1,0,0,0,0,0,0,0,0
남해선,순천,진례졸음쉼터,20:00-21:00,14,10,3,1,0,0,0,0,0,0,0,0,0
남해선,순천,진례졸음쉼터,21:00-22:00,11,7,4,0,0,0,0,0,0,0,0,0,0
남해선,순천,진례졸음쉼터,22:00-23:00,6,4,0,2,0,0,0,0,0,0,0,0,0
남해선,순천,진례졸음쉼터,23:00-24:00,5,2,3,0,0,0,0,0,0,0,0,0,0
남해선,순천,진례졸음쉼터,00:00-01:00,4,3,0,0,0,0,0,0,0,0,1,0,0
남해선,순천,진례졸음쉼터,01:00-02:00,3,1,2,0,0,0,0,0,0,0,0,0,0
남해선,순천,진례졸음쉼터,02:00-03:00,4,1,0,0,3,0,0,0,0,0,0,0,0
남해선,순천,진례졸음쉼터,03:00-04:00,10,5,4,1,0,0,0,0,0,0,0,0,0
남해선,순천,진례졸음쉼터,04:00-05:00,9,7,1,1,0,0,0,0,0,0,0,0,0
남해선,순천,진례졸음쉼터,05:00-06:00,13,8,1,3,1,0,0,0,0,0,0,0,0
남해선,순천,진례졸음쉼터,06:00-07:00,20,15,0,1,3,0,0,1,0,0,0,0,0
남해선(순천부산),순천,광양졸음쉼터,07:00-08:00,8,7,0,0,1,0,0,0,0,0,0,0,0
남해선(순천부산),순천,광양졸음쉼터,08:00-09:00,10,7,0,2,1,0,0,0,0,0,0,0,0
남해선(순천부산),순천,광양졸음쉼터,09:00-10:00,17,11,2,1,2,0,0,1,0,0,0,0,0
남해선(순천부산),순천,광양졸음쉼터,10:00-11:00,28,24,0,1,0,0,1,2,0,0,0,0,0
남해선(순천부산),순천,광양졸음쉼터,11:00-12:00,25,14,1,2,1,3,0,3,0,0,1,0,0
남해선(순천부산),순천,광양졸음쉼터,12:00-13:00,27,19,0,6,1,0,0,1,0,0,0,0,0
남해선(순천부산),순천,광양졸음쉼터,13:00-14:00,26,16,0,3,3,1,0,3,0,0,0,0,0
남해선(순천부산),순천,광양졸음쉼터,14:00-15:00,20,16,0,3,0,0,0,1,0,0,0,0,0
남해선(순천부산),순천,광양졸음쉼터,15:00-16:00,23,15,2,1,1,3,0,1,0,0,0,0,0
남해선(순천부산),순천,광양졸음쉼터,16:00-17:00,21,17,0,1,1,1,0,1,0,0,0,0,0
남해선(순천부산),순천,광양졸음쉼터,17:00-18:00,24,15,2,3,1,2,0,1,0,0,0,0,0
남해선(순천부산),순천,광양졸음쉼터,18:00-19:00,10,10,0,0,0,0,0,0,0,0,0,0,0
남해선(순천부산),순천,광양졸음쉼터,19:00-20:00,13,13,0,0,0,0,0,0,0,0,0,0,0
남해선(순천부산),순천,광양졸음쉼터,20:00-21:00,4,4,0,0,0,0,0,0,0,0,0,0,0
남해선(순천부산),순천,광양졸음쉼터,21:00-22:00,2,1,0,1,0,0,0,0,0,0,0,0,0
남해선(순천부산),순천,광양졸음쉼터,22:00-23:00,4,4,0,0,0,0,0,0,0,0,0,0,0
남해선(순천부산),순천,광양졸음쉼터,23:00-24:00,2,2,0,0,0,0,0,0,0,0,0,0,0
남해선(순천부산),순천,광양졸음쉼터,00:00-01:00,2,2,0,0,0,0,0,0,0,0,0,0,0
남해선(순천부산),순천,광양졸음쉼터,01:00-02:00,3,2,0,0,1,0,0,0,0,0,0,0,0
남해선(순천부산),순천,광양졸음쉼터,02:00-03:00,3,3,0,0,0,0,0,0,0,0,0,0,0
남해선(순천부산),순천,광양졸음쉼터,03:00-04:00,0,0,0,0,0,0,0,0,0,0,0,0,0
남해선(순천부산),순천,광양졸음쉼터,04:00-05:00,0,0,0,0,0,0,0,0,0,0,0,0,0
남해선(순천부산),순천,광양졸음쉼터,05:00-06:00,5,3,2,0,0,0,0,0,0,0,0,0,0
남해선(순천부산),순천,광양졸음쉼터,06:00-07:00,17,9,1,2,2,1,0,2,0,0,0,0,0
남해선(순천부산),부산,광양졸음쉼터,07:00-08:00,13,9,0,3,0,1,0,0,0,0,0,0,0
남해선(순천부산),부산,광양졸음쉼터,08:00-09:00,18,10,0,3,2,2,0,1,0,0,0,0,0
남해선(순천부산),부산,광양졸음쉼터,09:00-10:00,20,8,0,8,0,1,0,0,0,0,3,0,0
남해선(순천부산),부산,광양졸음쉼터,10:00-11:00,16,8,0,2,3,0,0,2,0,0,1,0,0
남해선(순천부산),부산,광양졸음쉼터,11:00-12:00,23,15,0,2,1,2,0,0,0,0,3,0,0
남해선(순천부산),부산,광양졸음쉼터,12:00-13:00,13,9,0,3,0,1,0,0,0,0,0,0,0
남해선(순천부산),부산,광양졸음쉼터,13:00-14:00,22,16,0,2,2,1,0,0,0,0,1,0,0
남해선(순천부산),부산,광양졸음쉼터,14:00-15:00,39,28,0,5,0,2,0,0,0,0,4,0,0
남해선(순천부산),부산,광양졸음쉼터,15:00-16:00,17,13,0,1,1,2,0,0,0,0,0,0,0
남해선(순천부산),부산,광양졸음쉼터,16:00-17:00,15,13,0,1,0,1,0,0,0,0,0,0,0
남해선(순천부산),부산,광양졸음쉼터,17:00-18:00,21,17,0,2,1,0,0,0,0,0,1,0,0
남해선(순천부산),부산,광양졸음쉼터,18:00-19:00,22,17,0,0,3,2,0,0,0,0,0,0,0
남해선(순천부산),부산,광양졸음쉼터,19:00-20:00,9,6,0,1,1,0,0,0,0,0,1,0,0
남해선(순천부산),부산,광양졸음쉼터,20:00-21:00,7,6,0,0,1,0,0,0,0,0,0,0,0
남해선(순천부산),부산,광양졸음쉼터,21:00-22:00,6,4,0,0,0,1,0,0,0,0,1,0,0
남해선(순천부산),부산,광양졸음쉼터,22:00-23:00,4,1,0,1,1,1,0,0,0,0,0,0,0
남해선(순천부산),부산,광양졸음쉼터,23:00-24:00,2,2,0,0,0,0,0,0,0,0,0,0,0
남해선(순천부산),부산,광양졸음쉼터,00:00-01:00,5,3,0,1,0,1,0,0,0,0,0,0,0
남해선(순천부산),부산,광양졸음쉼터,01:00-02:00,5,3,0,0,1,0,0,0,0,0,1,0,0
남해선(순천부산),부산,광양졸음쉼터,02:00-03:00,4,0,1,1,2,0,0,0,0,0,0,0,0
남해선(순천부산),부산,광양졸음쉼터,03:00-04:00,3,1,0,0,1,1,0,0,0,0,0,0,0
남해선(순천부산),부산,광양졸음쉼터,04:00-05:00,2,2,0,0,0,0,0,0,0,0,0,0,0
남해선(순천부산),부산,광양졸음쉼터,05:00-06:00,6,3,0,0,1,1,0,1,0,0,0,0,0
남해선(순천부산),부산,광양졸음쉼터,06:00-07:00,6,4,0,0,1,1,0,0,0,0,0,0,0
남해선(순천부산),부산,곤양졸음쉼터,07:00-08:00,12,6,0,1,4,1,0,0,0,0,0,0,0
남해선(순천부산),부산,곤양졸음쉼터,08:00-09:00,18,12,0,2,1,3,0,0,0,0,0,0,0
남해선(순천부산),부산,곤양졸음쉼터,09:00-10:00,21,12,0,5,0,1,0,0,0,0,3,0,0
남해선(순천부산),부산,곤양졸음쉼터,10:00-11:00,39,26,0,6,4,2,0,0,0,0,1,0,0
남해선(순천부산),부산,곤양졸음쉼터,11:00-12:00,33,15,0,8,4,4,0,0,0,0,2,0,0
남해선(순천부산),부산,곤양졸음쉼터,12:00-13:00,26,14,1,4,5,2,0,0,0,0,0,0,0
남해선(순천부산),부산,곤양졸음쉼터,13:00-14:00,31,18,0,11,1,0,0,0,0,0,1,0,0
남해선(순천부산),부산,곤양졸음쉼터,14:00-15:00,35,25,0,4,1,4,0,0,0,0,1,0,0
남해선(순천부산),부산,곤양졸음쉼터,15:00-16:00,38,24,1,7,1,3,0,1,0,0,1,0,0
남해선(순천부산),부산,곤양졸음쉼터,16:00-17:00,30,18,0,7,5,0,0,0,0,0,0,0,0
남해선(순천부산),부산,곤양졸음쉼터,17:00-18:00,29,22,0,4,3,0,0,0,0,0,0,0,0
남해선(순천부산),부산,곤양졸음쉼터,18:00-19:00,28,22,0,3,1,1,0,1,0,0,0,0,0
남해선(순천부산),부산,곤양졸음쉼터,19:00-20:00,7,6,1,0,0,0,0,0,0,0,0,0,0
남해선(순천부산),부산,곤양졸음쉼터,20:00-21:00,13,8,0,1,2,2,0,0,0,0,0,0,0
남해선(순천부산),부산,곤양졸음쉼터,21:00-22:00,6,6,0,0,0,0,0,0,0,0,0,0,0
남해선(순천부산),부산,곤양졸음쉼터,22:00-23:00,4,4,0,0,0,0,0,0,0,0,0,0,0
남해선(순천부산),부산,곤양졸음쉼터,23:00-24:00,3,1,2,0,0,0,0,0,0,0,0,0,0
남해선(순천부산),부산,곤양졸음쉼터,00:00-01:00,6,3,0,1,0,2,0,0,0,0,0,0,0
남해선(순천부산),부산,곤양졸음쉼터,01:00-02:00,3,1,0,0,1,0,0,0,0,0,1,0,0
남해선(순천부산),부산,곤양졸음쉼터,02:00-03:00,2,1,0,0,0,0,0,0,0,0,1,0,0
남해선(순천부산),부산,곤양졸음쉼터,03:00-04:00,3,2,0,1,0,0,0,0,0,0,0,0,0
남해선(순천부산),부산,곤양졸음쉼터,04:00-05:00,6,5,0,0,0,1,0,0,0,0,0,0,0
남해선(순천부산),부산,곤양졸음쉼터,05:00-06:00,3,1,0,1,0,0,0,0,0,0,1,0,0
남해선(순천부산),부산,곤양졸음쉼터,06:00-07:00,8,4,0,2,0,1,0,0,0,0,1,0,0
남해선(순천부산),순천,지수졸음쉼터,07:00-08:00,49,31,0,8,7,2,1,0,0,0,0,0,0
남해선(순천부산),순천,지수졸음쉼터,08:00-09:00,58,32,0,15,6,2,1,0,0,0,2,0,0
남해선(순천부산),순천,지수졸음쉼터,09:00-10:00,84,63,2,8,5,4,0,1,0,0,1,0,0
남해선(순천부산),순천,지수졸음쉼터,10:00-11:00,94,71,0,9,4,7,1,1,0,0,1,0,0
남해선(순천부산),순천,지수졸음쉼터,11:00-12:00,89,62,0,10,6,5,1,4,0,0,1,0,0
남해선(순천부산),순천,지수졸음쉼터,12:00-13:00,72,48,0,7,3,7,0,6,0,0,1,0,0
남해선(순천부산),순천,지수졸음쉼터,13:00-14:00,69,48,0,9,2,3,2,4,0,0,1,0,0
남해선(순천부산),순천,지수졸음쉼터,14:00-15:00,66,44,0,6,8,5,0,2,0,0,1,0,0
남해선(순천부산),순천,지수졸음쉼터,15:00-16:00,65,41,0,11,5,8,0,0,0,0,0,0,0
남해선(순천부산),순천,지수졸음쉼터,16:00-17:00,40,28,0,7,2,2,0,0,0,0,0,0,1
남해선(순천부산),순천,지수졸음쉼터,17:00-18:00,49,45,0,1,1,0,0,1,0,0,1,0,0
남해선(순천부산),순천,지수졸음쉼터,18:00-19:00,37,26,0,2,2,5,0,1,0,0,1,0,0
남해선(순천부산),순천,지수졸음쉼터,19:00-20:00,20,16,0,1,1,2,0,0,0,0,0,0,0
남해선(순천부산),순천,지수졸음쉼터,20:00-21:00,15,12,0,1,0,1,0,0,0,0,1,0,0
남해선(순천부산),순천,지수졸음쉼터,21:00-22:00,20,12,0,1,0,3,0,0,0,0,3,0,1
남해선(순천부산),순천,지수졸음쉼터,22:00-23:00,9,2,0,3,0,0,1,0,0,0,3,0,0
남해선(순천부산),순천,지수졸음쉼터,23:00-24:00,11,10,0,0,0,1,0,0,0,0,0,0,0
남해선(순천부산),순천,지수졸음쉼터,00:00-01:00,14,10,0,0,1,0,0,0,0,0,2,0,1
남해선(순천부산),순천,지수졸음쉼터,01:00-02:00,7,2,0,1,2,0,0,1,0,0,1,0,0
남해선(순천부산),순천,지수졸음쉼터,02:00-03:00,5,0,0,0,1,2,0,0,0,0,1,0,1
남해선(순천부산),순천,지수졸음쉼터,03:00-04:00,10,3,0,3,0,3,0,1,0,0,0,0,0
남해선(순천부산),순천,지수졸음쉼터,04:00-05:00,6,1,0,0,0,2,1,1,0,0,1,0,0
남해선(순천부산),순천,지수졸음쉼터,05:00-06:00,23,10,0,2,1,4,0,3,0,0,1,0,2
남해선(순천부산),순천,지수졸음쉼터,06:00-07:00,25,10,0,6,0,4,1,2,0,0,2,0,0
남해선(순천부산),부산,지수졸음쉼터,07:00-08:00,25,15,0,3,3,3,0,0,0,0,1,0,0
남해선(순천부산),부산,지수졸음쉼터,08:00-09:00,40,22,0,10,0,1,0,6,0,0,0,0,1
남해선(순천부산),부산,지수졸음쉼터,09:00-10:00,55,31,1,5,1,2,1,5,0,0,6,0,3
남해선(순천부산),부산,지수졸음쉼터,10:00-11:00,60,31,0,10,7,5,1,3,0,0,1,0,2
남해선(순천부산),부산,지수졸음쉼터,11:00-12:00,50,21,0,8,4,9,1,3,0,0,2,0,2
남해선(순천부산),부산,지수졸음쉼터,12:00-13:00,66,32,0,9,6,10,3,2,0,0,1,0,3
남해선(순천부산),부산,지수졸음쉼터,13:00-14:00,78,48,0,10,7,4,1,2,0,0,5,0,1
남해선(순천부산),부산,지수졸음쉼터,14:00-15:00,69,44,0,12,7,1,1,0,0,0,4,0,0
남해선(순천부산),부산,지수졸음쉼터,15:00-16:00,93,61,0,14,9,3,1,2,0,0,0,0,3
남해선(순천부산),부산,지수졸음쉼터,16:00-17:00,92,60,1,9,9,6,1,3,0,0,1,0,2
남해선(순천부산),부산,지수졸음쉼터,17:00-18:00,54,43,0,7,0,1,0,1,0,0,2,0,0
남해선(순천부산),부산,지수졸음쉼터,18:00-19:00,53,40,0,4,4,0,1,2,0,0,2,0,0
남해선(순천부산),부산,지수졸음쉼터,19:00-20:00,30,19,0,3,2,1,0,2,0,0,3,0,0
남해선(순천부산),부산,지수졸음쉼터,20:00-21:00,27,18,0,3,1,2,0,3,0,0,0,0,0
남해선(순천부산),부산,지수졸음쉼터,21:00-22:00,18,9,1,2,2,3,0,1,0,0,0,0,0
남해선(순천부산),부산,지수졸음쉼터,22:00-23:00,11,9,0,1,1,0,0,0,0,0,0,0,0
남해선(순천부산),부산,지수졸음쉼터,23:00-24:00,11,8,0,1,0,2,0,0,0,0,0,0,0
남해선(순천부산),부산,지수졸음쉼터,00:00-01:00,7,2,0,0,1,2,0,1,0,0,1,0,0
남해선(순천부산),부산,지수졸음쉼터,01:00-02:00,8,2,0,1,1,1,0,2,0,0,1,0,0
남해선(순천부산),부산,지수졸음쉼터,02:00-03:00,6,3,0,0,0,2,0,0,0,0,0,0,1
남해선(순천부산),부산,지수졸음쉼터,03:00-04:00,7,1,0,1,0,2,0,2,0,0,0,0,1
남해선(순천부산),부산,지수졸음쉼터,04:00-05:00,18,3,0,3,3,7,1,1,0,0,0,0,0
남해선(순천부산),부산,지수졸음쉼터,05:00-06:00,21,4,0,1,3,7,0,4,0,0,2,0,0
남해선(순천부산),부산,지수졸음쉼터,06:00-07:00,26,13,0,4,2,4,0,2,0,0,1,0,0
남해선(영암순천),영암,강진졸음쉼터,07:00-08:00,5,1,0,2,0,2,0,0,0,0,0,0,0
남해선(영암순천),영암,강진졸음쉼터,08:00-09:00,9,3,0,4,2,0,0,0,0,0,0,0,0
남해선(영암순천),영암,강진졸음쉼터,09:00-10:00,6,3,0,2,1,0,0,0,0,0,0,0,0
남해선(영암순천),영암,강진졸음쉼터,10:00-11:00,12,9,0,1,1,0,0,1,0,0,0,0,0
남해선(영암순천),영암,강진졸음쉼터,11:00-12:00,12,10,0,2,0,0,0,0,0,0,0,0,0
남해선(영암순천),영암,강진졸음쉼터,12:00-13:00,11,7,0,4,0,0,0,0,0,0,0,0,0
남해선(영암순천),영암,강진졸음쉼터,13:00-14:00,14,10,0,3,1,0,0,0,0,0,0,0,0
남해선(영암순천),영암,강진졸음쉼터,14:00-15:00,8,3,0,5,0,0,0,0,0,0,0,0,0
남해선(영암순천),영암,강진졸음쉼터,15:00-16:00,12,11,0,1,0,0,0,0,0,0,0,0,0
남해선(영암순천),영암,강진졸음쉼터,16:00-17:00,9,5,0,4,0,0,0,0,0,0,0,0,0
남해선(영암순천),영암,강진졸음쉼터,17:00-18:00,12,9,0,3,0,0,0,0,0,0,0,0,0
남해선(영암순천),영암,강진졸음쉼터,18:00-19:00,10,7,0,3,0,0,0,0,0,0,0,0,0
남해선(영암순천),영암,강진졸음쉼터,19:00-20:00,3,3,0,0,0,0,0,0,0,0,0,0,0
남해선(영암순천),영암,강진졸음쉼터,20:00-21:00,2,2,0,0,0,0,0,0,0,0,0,0,0
남해선(영암순천),영암,강진졸음쉼터,21:00-22:00,4,3,0,0,0,1,0,0,0,0,0,0,0
남해선(영암순천),영암,강진졸음쉼터,22:00-23:00,3,1,0,0,0,2,0,0,0,0,0,0,0
남해선(영암순천),영암,강진졸음쉼터,23:00-24:00,3,2,0,0,0,1,0,0,0,0,0,0,0
남해선(영암순천),영암,강진졸음쉼터,00:00-01:00,0,0,0,0,0,0,0,0,0,0,0,0,0
남해선(영암순천),영암,강진졸음쉼터,01:00-02:00,1,1,0,0,0,0,0,0,0,0,0,0,0
남해선(영암순천),영암,강진졸음쉼터,02:00-03:00,0,0,0,0,0,0,0,0,0,0,0,0,0
남해선(영암순천),영암,강진졸음쉼터,03:00-04:00,0,0,0,0,0,0,0,0,0,0,0,0,0
남해선(영암순천),영암,강진졸음쉼터,04:00-05:00,1,1,0,0,0,0,0,0,0,0,0,0,0
남해선(영암순천),영암,강진졸음쉼터,05:00-06:00,4,3,0,1,0,0,0,0,0,0,0,0,0
남해선(영암순천),영암,강진졸음쉼터,06:00-07:00,3,1,0,1,0,1,0,0,0,0,0,0,0
당진영덕선(당진청주),청주,배방졸음쉼터,07:00-08:00,26,15,1,4,1,2,0,2,0,0,1,0,0
당진영덕선(당진청주),청주,배방졸음쉼터,08:00-09:00,28,18,0,4,2,2,0,1,0,0,1,0,0
당진영덕선(당진청주),청주,배방졸음쉼터,09:00-10:00,33,19,1,2,2,5,0,4,0,0,0,0,0
당진영덕선(당진청주),청주,배방졸음쉼터,10:00-11:00,34,13,0,5,3,8,0,4,0,0,1,0,0
당진영덕선(당진청주),청주,배방졸음쉼터,11:00-12:00,32,11,0,9,4,2,1,0,0,0,5,0,0
당진영덕선(당진청주),청주,배방졸음쉼터,12:00-13:00,53,27,0,8,6,3,5,0,0,0,4,0,0
당진영덕선(당진청주),청주,배방졸음쉼터,13:00-14:00,38,26,0,4,1,4,1,1,0,0,1,0,0
당진영덕선(당진청주),청주,배방졸음쉼터,14:00-15:00,36,16,0,7,4,3,1,1,0,0,2,0,2
당진영덕선(당진청주),청주,배방졸음쉼터,15:00-16:00,42,21,0,11,6,0,0,2,0,0,1,0,1
당진영덕선(당진청주),청주,배방졸음쉼터,16:00-17:00,37,22,0,4,2,2,0,2,0,0,1,1,3
당진영덕선(당진청주),청주,배방졸음쉼터,17:00-18:00,33,21,0,4,0,6,1,1,0,0,0,0,0
당진영덕선(당진청주),청주,배방졸음쉼터,18:00-19:00,27,18,1,0,1,2,0,3,0,0,1,0,1
당진영덕선(당진청주),청주,배방졸음쉼터,19:00-20:00,16,11,0,0,3,2,0,0,0,0,0,0,0
당진영덕선(당진청주),청주,배방졸음쉼터,20:00-21:00,4,4,0,0,0,0,0,0,0,0,0,0,0
당진영덕선(당진청주),청주,배방졸음쉼터,21:00-22:00,7,5,0,0,0,1,0,1,0,0,0,0,0
당진영덕선(당진청주),청주,배방졸음쉼터,22:00-23:00,2,1,0,0,0,0,0,1,0,0,0,0,0
당진영덕선(당진청주),청주,배방졸음쉼터,23:00-24:00,4,1,0,0,0,0,0,0,0,0,3,0,0
당진영덕선(당진청주),청주,배방졸음쉼터,00:00-01:00,1,1,0,0,0,0,0,0,0,0,0,0,0
당진영덕선(당진청주),청주,배방졸음쉼터,01:00-02:00,3,2,0,0,0,1,0,0,0,0,0,0,0
당진영덕선(당진청주),청주,배방졸음쉼터,02:00-03:00,3,0,0,0,2,0,1,0,0,0,0,0,0
당진영덕선(당진청주),청주,배방졸음쉼터,03:00-04:00,3,1,0,1,0,1,0,0,0,0,0,0,0
당진영덕선(당진청주),청주,배방졸음쉼터,04:00-05:00,4,1,0,0,0,1,0,1,0,0,1,0,0
당진영덕선(당진청주),청주,배방졸음쉼터,05:00-06:00,5,1,0,0,0,2,0,1,0,0,1,0,0
당진영덕선(당진청주),청주,배방졸음쉼터,06:00-07:00,16,10,0,1,2,0,1,1,0,0,1,0,0
당진영덕선(당진청주),당진,배방졸음쉼터,07:00-08:00,37,17,6,3,3,3,1,3,0,0,0,0,1
당진영덕선(당진청주),당진,배방졸음쉼터,08:00-09:00,45,20,3,9,2,3,0,3,0,0,2,0,3
당진영덕선(당진청주),당진,배방졸음쉼터,09:00-10:00,54,33,1,8,2,0,2,0,0,0,1,0,7
당진영덕선(당진청주),당진,배방졸음쉼터,10:00-11:00,55,37,0,5,3,4,0,3,0,0,2,0,1
당진영덕선(당진청주),당진,배방졸음쉼터,11:00-12:00,36,18,1,6,4,1,0,3,0,0,2,0,1
당진영덕선(당진청주),당진,배방졸음쉼터,12:00-13:00,49,24,0,10,5,8,1,0,0,0,1,0,0
당진영덕선(당진청주),당진,배방졸음쉼터,13:00-14:00,57,30,0,13,4,6,2,2,0,0,0,0,0
당진영덕선(당진청주),당진,배방졸음쉼터,14:00-15:00,43,24,0,6,3,6,1,1,0,0,1,0,1
당진영덕선(당진청주),당진,배방졸음쉼터,15:00-16:00,45,18,0,10,8,6,1,1,0,0,1,0,0
당진영덕선(당진청주),당진,배방졸음쉼터,16:00-17:00,50,29,0,10,1,4,1,2,0,1,2,0,0
당진영덕선(당진청주),당진,배방졸음쉼터,17:00-18:00,51,33,0,9,1,2,1,4,0,0,0,0,1
당진영덕선(당진청주),당진,배방졸음쉼터,18:00-19:00,26,25,0,1,0,0,0,0,0,0,0,0,0
당진영덕선(당진청주),당진,배방졸음쉼터,19:00-20:00,39,31,0,1,2,3,1,1,0,0,0,0,0
당진영덕선(당진청주),당진,배방졸음쉼터,20:00-21:00,18,11,0,0,2,3,1,1,0,0,0,0,0
당진영덕선(당진청주),당진,배방졸음쉼터,21:00-22:00,13,6,0,2,1,1,1,1,0,0,1,0,0
당진영덕선(당진청주),당진,배방졸음쉼터,22:00-23:00,11,4,0,1,1,2,0,1,0,0,2,0,0
당진영덕선(당진청주),당진,배방졸음쉼터,23:00-24:00,3,2,0,0,0,0,1,0,0,0,0,0,0
당진영덕선(당진청주),당진,배방졸음쉼터,00:00-01:00,6,3,0,0,1,2,0,0,0,0,0,0,0
당진영덕선(당진청주),당진,배방졸음쉼터,01:00-02:00,9,2,0,1,2,2,1,0,0,0,1,0,0
당진영덕선(당진청주),당진,배방졸음쉼터,02:00-03:00,6,1,0,0,0,2,1,1,0,0,0,0,1
당진영덕선(당진청주),당진,배방졸음쉼터,03:00-04:00,8,2,0,0,2,1,0,3,0,0,0,0,0
당진영덕선(당진청주),당진,배방졸음쉼터,04:00-05:00,1,0,0,0,0,1,0,0,0,0,0,0,0
당진영덕선(당진청주),당진,배방졸음쉼터,05:00-06:00,12,3,0,2,1,0,1,1,0,0,2,0,2
당진영덕선(당진청주),당진,배방졸음쉼터,06:00-07:00,24,8,0,4,3,3,3,1,0,0,1,0,1
당진영덕선(청주영덕),청주,회인졸음쉼터,07:00-08:00,17,8,0,8,0,0,0,0,0,0,1,0,0
당진영덕선(청주영덕),청주,회인졸음쉼터,08:00-09:00,17,14,0,0,3,0,0,0,0,0,0,0,0
당진영덕선(청주영덕),청주,회인졸음쉼터,09:00-10:00,22,17,0,3,0,0,0,1,0,0,1,0,0
당진영덕선(청주영덕),청주,회인졸음쉼터,10:00-11:00,24,15,0,6,3,0,0,0,0,0,0,0,0
당진영덕선(청주영덕),청주,회인졸음쉼터,11:00-12:00,28,22,0,4,2,0,0,0,0,0,0,0,0
당진영덕선(청주영덕),청주,회인졸음쉼터,12:00-13:00,19,12,0,7,0,0,0,0,0,0,0,0,0
당진영덕선(청주영덕),청주,회인졸음쉼터,13:00-14:00,27,16,0,6,1,2,0,2,0,0,0,0,0
당진영덕선(청주영덕),청주,회인졸음쉼터,14:00-15:00,39,31,0,6,0,2,0,0,0,0,0,0,0
당진영덕선(청주영덕),청주,회인졸음쉼터,15:00-16:00,33,26,0,3,3,1,0,0,0,0,0,0,0
당진영덕선(청주영덕),청주,회인졸음쉼터,16:00-17:00,33,31,0,1,1,0,0,0,0,0,0,0,0
당진영덕선(청주영덕),청주,회인졸음쉼터,17:00-18:00,41,38,0,3,0,0,0,0,0,0,0,0,0
당진영덕선(청주영덕),청주,회인졸음쉼터,18:00-19:00,37,31,0,5,0,0,0,1,0,0,0,0,0
당진영덕선(청주영덕),청주,회인졸음쉼터,19:00-20:00,19,16,0,3,0,0,0,0,0,0,0,0,0
당진영덕선(청주영덕),청주,회인졸음쉼터,20:00-21:00,23,19,0,1,3,0,0,0,0,0,0,0,0
당진영덕선(청주영덕),청주,회인졸음쉼터,21:00-22:00,14,9,0,3,0,2,0,0,0,0,0,0,0
당진영덕선(청주영덕),청주,회인졸음쉼터,22:00-23:00,13,10,0,0,1,2,0,0,0,0,0,0,0
당진영덕선(청주영덕),청주,회인졸음쉼터,23:00-24:00,6,1,0,2,1,2,0,0,0,0,0,0,0
당진영덕선(청주영덕),청주,회인졸음쉼터,00:00-01:00,6,4,0,1,0,1,0,0,0,0,0,0,0
당진영덕선(청주영덕),청주,회인졸음쉼터,01:00-02:00,5,3,0,1,1,0,0,0,0,0,0,0,0
당진영덕선(청주영덕),청주,회인졸음쉼터,02:00-03:00,8,6,0,1,0,1,0,0,0,0,0,0,0
당진영덕선(청주영덕),청주,회인졸음쉼터,03:00-04:00,3,2,0,1,0,0,0,0,0,0,0,0,0
당진영덕선(청주영덕),청주,회인졸음쉼터,04:00-05:00,2,0,0,0,0,1,1,0,0,0,0,0,0
당진영덕선(청주영덕),청주,회인졸음쉼터,05:00-06:00,11,4,0,2,2,0,0,1,0,0,0,0,2
당진영덕선(청주영덕),청주,회인졸음쉼터,06:00-07:00,11,9,0,1,0,0,0,1,0,0,0,0,0
당진영덕선(청주영덕),청주,탄부졸음쉼터,07:00-08:00,13,7,0,4,1,0,0,0,0,0,1,0,0
당진영덕선(청주영덕),청주,탄부졸음쉼터,08:00-09:00,17,13,0,2,0,2,0,0,0,0,0,0,0
당진영덕선(청주영덕),청주,탄부졸음쉼터,09:00-10:00,25,16,0,5,2,0,2,0,0,0,0,0,0
당진영덕선(청주영덕),청주,탄부졸음쉼터,10:00-11:00,22,12,0,8,1,0,0,1,0,0,0,0,0
당진영덕선(청주영덕),청주,탄부졸음쉼터,11:00-12:00,27,14,0,5,4,4,0,0,0,0,0,0,0
당진영덕선(청주영덕),청주,탄부졸음쉼터,12:00-13:00,17,8,0,6,2,1,0,0,0,0,0,0,0
당진영덕선(청주영덕),청주,탄부졸음쉼터,13:00-14:00,18,8,0,6,1,2,1,0,0,0,0,0,0
당진영덕선(청주영덕),청주,탄부졸음쉼터,14:00-15:00,29,20,0,7,0,2,0,0,0,0,0,0,0
당진영덕선(청주영덕),청주,탄부졸음쉼터,15:00-16:00,31,25,0,4,2,0,0,0,0,0,0,0,0
당진영덕선(청주영덕),청주,탄부졸음쉼터,16:00-17:00,31,27,0,3,1,0,0,0,0,0,0,0,0
당진영덕선(청주영덕),청주,탄부졸음쉼터,17:00-18:00,22,17,0,5,0,0,0,0,0,0,0,0,0
당진영덕선(청주영덕),청주,탄부졸음쉼터,18:00-19:00,21,16,0,4,0,1,0,0,0,0,0,0,0
당진영덕선(청주영덕),청주,탄부졸음쉼터,19:00-20:00,18,14,0,3,1,0,0,0,0,0,0,0,0
당진영덕선(청주영덕),청주,탄부졸음쉼터,20:00-21:00,11,9,0,1,1,0,0,0,0,0,0,0,0
당진영덕선(청주영덕),청주,탄부졸음쉼터,21:00-22:00,11,9,0,1,0,1,0,0,0,0,0,0,0
당진영덕선(청주영덕),청주,탄부졸음쉼터,22:00-23:00,9,7,0,0,0,1,0,1,0,0,0,0,0
당진영덕선(청주영덕),청주,탄부졸음쉼터,23:00-24:00,10,5,0,2,0,1,0,2,0,0,0,0,0
당진영덕선(청주영덕),청주,탄부졸음쉼터,00:00-01:00,6,5,0,0,0,0,0,0,0,0,0,0,1
당진영덕선(청주영덕),청주,탄부졸음쉼터,01:00-02:00,3,2,0,0,1,0,0,0,0,0,0,0,0
당진영덕선(청주영덕),청주,탄부졸음쉼터,02:00-03:00,3,2,0,0,0,1,0,0,0,0,0,0,0
당진영덕선(청주영덕),청주,탄부졸음쉼터,03:00-04:00,0,0,0,0,0,0,0,0,0,0,0,0,0
당진영덕선(청주영덕),청주,탄부졸음쉼터,04:00-05:00,4,3,0,0,0,1,0,0,0,0,0,0,0
당진영덕선(청주영덕),청주,탄부졸음쉼터,05:00-06:00,2,0,0,0,0,1,0,1,0,0,0,0,0
당진영덕선(청주영덕),청주,탄부졸음쉼터,06:00-07:00,11,2,0,6,1,2,0,0,0,0,0,0,0
대구외곽순환선,달서,칠곡졸음쉼터,07:00-08:00,33,23,2,5,0,1,1,1,0,0,0,0,0
대구외곽순환선,달서,칠곡졸음쉼터,08:00-09:00,40,23,2,9,2,4,0,0,0,0,0,0,0
대구외곽순환선,달서,칠곡졸음쉼터,09:00-10:00,46,25,0,9,4,5,0,1,0,0,2,0,0
대구외곽순환선,달서,칠곡졸음쉼터,10:00-11:00,34,18,0,11,5,0,0,0,0,0,0,0,0
대구외곽순환선,달서,칠곡졸음쉼터,11:00-12:00,31,18,0,7,3,3,0,0,0,0,0,0,0
대구외곽순환선,달서,칠곡졸음쉼터,12:00-13:00,39,20,0,10,3,6,0,0,0,0,0,0,0
대구외곽순환선,달서,칠곡졸음쉼터,13:00-14:00,41,22,0,10,2,6,0,1,0,0,0,0,0
대구외곽순환선,달서,칠곡졸음쉼터,14:00-15:00,45,25,3,7,3,5,1,1,0,0,0,0,0
대구외곽순환선,달서,칠곡졸음쉼터,15:00-16:00,67,42,0,14,4,6,0,0,0,0,0,0,1
대구외곽순환선,달서,칠곡졸음쉼터,16:00-17:00,48,34,1,7,4,2,0,0,0,0,0,0,0
대구외곽순환선,달서,칠곡졸음쉼터,17:00-18:00,62,48,0,7,1,5,1,0,0,0,0,0,0
대구외곽순환선,달서,칠곡졸음쉼터,18:00-19:00,45,37,1,3,0,4,0,0,0,0,0,0,0
대구외곽순환선,달서,칠곡졸음쉼터,19:00-20:00,26,22,0,2,1,1,0,0,0,0,0,0,0
대구외곽순환선,달서,칠곡졸음쉼터,20:00-21:00,18,15,0,1,1,1,0,0,0,0,0,0,0
대구외곽순환선,달서,칠곡졸음쉼터,21:00-22:00,12,10,0,2,0,0,0,0,0,0,0,0,0
대구외곽순환선,달서,칠곡졸음쉼터,22:00-23:00,8,6,0,0,0,2,0,0,0,0,0,0,0
대구외곽순환선,달서,칠곡졸음쉼터,23:00-24:00,9,6,0,0,0,2,0,0,0,0,1,0,0
대구외곽순환선,달서,칠곡졸음쉼터,00:00-01:00,7,3,0,1,0,3,0,0,0,0,0,0,0
대구외곽순환선,달서,칠곡졸음쉼터,01:00-02:00,2,2,0,0,0,0,0,0,0,0,0,0,0
대구외곽순환선,달서,칠곡졸음쉼터,02:00-03:00,2,0,0,1,0,1,0,0,0,0,0,0,0
대구외곽순환선,달서,칠곡졸음쉼터,03:00-04:00,2,1,0,0,0,0,0,1,0,0,0,0,0
대구외곽순환선,달서,칠곡졸음쉼터,04:00-05:00,3,1,0,0,0,2,0,0,0,0,0,0,0
대구외곽순환선,달서,칠곡졸음쉼터,05:00-06:00,3,0,0,1,0,1,0,0,0,0,0,0,1
대구외곽순환선,달서,칠곡졸음쉼터,06:00-07:00,10,3,0,2,3,2,0,0,0,0,0,0,0
대구외곽순환선,동대구,칠곡졸음쉼터,07:00-08:00,12,8,1,2,0,1,0,0,0,0,0,0,0
대구외곽순환선,동대구,칠곡졸음쉼터,08:00-09:00,17,12,0,1,0,1,3,0,0,0,0,0,0
대구외곽순환선,동대구,칠곡졸음쉼터,09:00-10:00,18,9,1,7,1,0,0,0,0,0,0,0,0
대구외곽순환선,동대구,칠곡졸음쉼터,10:00-11:00,11,7,0,4,0,0,0,0,0,0,0,0,0
대구외곽순환선,동대구,칠곡졸음쉼터,11:00-12:00,20,9,0,10,1,0,0,0,0,0,0,0,0
대구외곽순환선,동대구,칠곡졸음쉼터,12:00-13:00,32,26,0,3,2,0,0,1,0,0,0,0,0
대구외곽순환선,동대구,칠곡졸음쉼터,13:00-14:00,22,16,0,4,1,0,1,0,0,0,0,0,0
대구외곽순환선,동대구,칠곡졸음쉼터,14:00-15:00,25,15,0,8,1,1,0,0,0,0,0,0,0
대구외곽순환선,동대구,칠곡졸음쉼터,15:00-16:00,23,20,0,3,0,0,0,0,0,0,0,0,0
대구외곽순환선,동대구,칠곡졸음쉼터,16:00-17:00,17,12,0,4,0,1,0,0,0,0,0,0,0
대구외곽순환선,동대구,칠곡졸음쉼터,17:00-18:00,35,30,0,3,0,2,0,0,0,0,0,0,0
대구외곽순환선,동대구,칠곡졸음쉼터,18:00-19:00,19,13,0,3,2,1,0,0,0,0,0,0,0
대구외곽순환선,동대구,칠곡졸음쉼터,19:00-20:00,15,13,0,2,0,0,0,0,0,0,0,0,0
대구외곽순환선,동대구,칠곡졸음쉼터,20:00-21:00,8,6,0,2,0,0,0,0,0,0,0,0,0
대구외곽순환선,동대구,칠곡졸음쉼터,21:00-22:00,6,5,0,1,0,0,0,0,0,0,0,0,0
대구외곽순환선,동대구,칠곡졸음쉼터,22:00-23:00,7,6,0,0,1,0,0,0,0,0,0,0,0
대구외곽순환선,동대구,칠곡졸음쉼터,23:00-24:00,4,4,0,0,0,0,0,0,0,0,0,0,0
대구외곽순환선,동대구,칠곡졸음쉼터,00:00-01:00,3,3,0,0,0,0,0,0,0,0,0,0,0
대구외곽순환선,동대구,칠곡졸음쉼터,01:00-02:00,2,2,0,0,0,0,0,0,0,0,0,0,0
대구외곽순환선,동대구,칠곡졸음쉼터,02:00-03:00,0,0,0,0,0,0,0,0,0,0,0,0,0
대구외곽순환선,동대구,칠곡졸음쉼터,03:00-04:00,2,1,0,0,0,0,1,0,0,0,0,0,0
대구외곽순환선,동대구,칠곡졸음쉼터,04:00-05:00,2,1,0,1,0,0,0,0,0,0,0,0,0
대구외곽순환선,동대구,칠곡졸음쉼터,05:00-06:00,3,1,0,1,0,1,0,0,0,0,0,0,0
대구외곽순환선,동대구,칠곡졸음쉼터,06:00-07:00,11,7,0,3,0,1,0,0,0,0,0,0,0
대구외곽순환선,달서,봉무졸음쉼터,07:00-08:00,26,20,0,4,0,2,0,0,0,0,0,0,0
대구외곽순환선,달서,봉무졸음쉼터,08:00-09:00,37,26,0,9,0,2,0,0,0,0,0,0,0
대구외곽순환선,달서,봉무졸음쉼터,09:00-10:00,37,25,0,6,4,0,2,0,0,0,0,0,0
대구외곽순환선,달서,봉무졸음쉼터,10:00-11:00,52,33,0,10,4,5,0,0,0,0,0,0,0
대구외곽순환선,달서,봉무졸음쉼터,11:00-12:00,25,18,0,3,2,2,0,0,0,0,0,0,0
대구외곽순환선,달서,봉무졸음쉼터,12:00-13:00,24,17,0,3,2,1,1,0,0,0,0,0,0
대구외곽순환선,달서,봉무졸음쉼터,13:00-14:00,35,26,0,5,3,1,0,0,0,0,0,0,0
대구외곽순환선,달서,봉무졸음쉼터,14:00-15:00,28,20,0,6,1,1,0,0,0,0,0,0,0
대구외곽순환선,달서,봉무졸음쉼터,15:00-16:00,36,20,0,11,1,4,0,0,0,0,0,0,0
대구외곽순환선,달서,봉무졸음쉼터,16:00-17:00,38,28,0,7,0,2,1,0,0,0,0,0,0
대구외곽순환선,달서,봉무졸음쉼터,17:00-18:00,49,34,0,8,3,0,1,1,0,0,1,0,1
대구외곽순환선,달서,봉무졸음쉼터,18:00-19:00,42,39,0,1,1,1,0,0,0,0,0,0,0
대구외곽순환선,달서,봉무졸음쉼터,19:00-20:00,22,16,0,3,0,3,0,0,0,0,0,0,0
대구외곽순환선,달서,봉무졸음쉼터,20:00-21:00,16,13,0,1,0,1,1,0,0,0,0,0,0
대구외곽순환선,달서,봉무졸음쉼터,21:00-22:00,11,10,0,0,0,0,0,0,0,0,0,0,1
대구외곽순환선,달서,봉무졸음쉼터,22:00-23:00,5,5,0,0,0,0,0,0,0,0,0,0,0
대구외곽순환선,달서,봉무졸음쉼터,23:00-24:00,7,7,0,0,0,0,0,0,0,0,0,0,0
대구외곽순환선,달서,봉무졸음쉼터,00:00-01:00,2,2,0,0,0,0,0,0,0,0,0,0,0
대구외곽순환선,달서,봉무졸음쉼터,01:00-02:00,3,2,0,0,0,1,0,0,0,0,0,0,0
대구외곽순환선,달서,봉무졸음쉼터,02:00-03:00,1,1,0,0,0,0,0,0,0,0,0,0,0
대구외곽순환선,달서,봉무졸음쉼터,03:00-04:00,1,0,0,0,0,1,0,0,0,0,0,0,0
대구외곽순환선,달서,봉무졸음쉼터,04:00-05:00,0,0,0,0,0,0,0,0,0,0,0,0,0
대구외곽순환선,달서,봉무졸음쉼터,05:00-06:00,10,5,1,1,1,2,0,0,0,0,0,0,0
대구외곽순환선,달서,봉무졸음쉼터,06:00-07:00,13,9,0,1,0,3,0,0,0,0,0,0,0
대구외곽순환선,동대구,봉무졸음쉼터,07:00-08:00,28,13,1,11,1,0,1,1,0,0,0,0,0
대구외곽순환선,동대구,봉무졸음쉼터,08:00-09:00,37,30,0,6,0,1,0,0,0,0,0,0,0
대구외곽순환선,동대구,봉무졸음쉼터,09:00-10:00,30,19,0,7,3,0,1,0,0,0,0,0,0
대구외곽순환선,동대구,봉무졸음쉼터,10:00-11:00,44,31,0,9,1,1,2,0,0,0,0,0,0
대구외곽순환선,동대구,봉무졸음쉼터,11:00-12:00,44,33,0,7,2,2,0,0,0,0,0,0,0
대구외곽순환선,동대구,봉무졸음쉼터,12:00-13:00,31,20,0,9,1,1,0,0,0,0,0,0,0
대구외곽순환선,동대구,봉무졸음쉼터,13:00-14:00,27,22,0,5,0,0,0,0,0,0,0,0,0
대구외곽순환선,동대구,봉무졸음쉼터,14:00-15:00,37,25,0,10,2,0,0,0,0,0,0,0,0
대구외곽순환선,동대구,봉무졸음쉼터,15:00-16:00,57,46,1,10,0,0,0,0,0,0,0,0,0
대구외곽순환선,동대구,봉무졸음쉼터,16:00-17:00,55,41,0,10,2,2,0,0,0,0,0,0,0
대구외곽순환선,동대구,봉무졸음쉼터,17:00-18:00,50,39,0,10,1,0,0,0,0,0,0,0,0
대구외곽순환선,동대구,봉무졸음쉼터,18:00-19:00,38,33,0,4,0,0,0,0,0,0,1,0,0
대구외곽순환선,동대구,봉무졸음쉼터,19:00-20:00,44,38,2,4,0,0,0,0,0,0,0,0,0
대구외곽순환선,동대구,봉무졸음쉼터,20:00-21:00,14,13,0,1,0,0,0,0,0,0,0,0,0
대구외곽순환선,동대구,봉무졸음쉼터,21:00-22:00,14,11,0,3,0,0,0,0,0,0,0,0,0
대구외곽순환선,동대구,봉무졸음쉼터,22:00-23:00,14,14,0,0,0,0,0,0,0,0,0,0,0
대구외곽순환선,동대구,봉무졸음쉼터,23:00-24:00,2,2,0,0,0,0,0,0,0,0,0,0,0
대구외곽순환선,동대구,봉무졸음쉼터,00:00-01:00,3,2,0,0,0,0,0,0,0,0,1,0,0
대구외곽순환선,동대구,봉무졸음쉼터,01:00-02:00,3,1,0,0,0,2,0,0,0,0,0,0,0
대구외곽순환선,동대구,봉무졸음쉼터,02:00-03:00,1,0,0,0,1,0,0,0,0,0,0,0,0
대구외곽순환선,동대구,봉무졸음쉼터,03:00-04:00,3,1,0,0,0,1,1,0,0,0,0,0,0
대구외곽순환선,동대구,봉무졸음쉼터,04:00-05:00,5,1,0,2,0,2,0,0,0,0,0,0,0
대구외곽순환선,동대구,봉무졸음쉼터,05:00-06:00,10,5,0,2,2,0,1,0,0,0,0,0,0
대구외곽순환선,동대구,봉무졸음쉼터,06:00-07:00,15,10,2,3,0,0,0,0,0,0,0,0,0
부산외곽순환선,창원,일광졸음쉼터,07:00-08:00,33,23,1,5,2,1,0,1,0,0,0,0,0
부산외곽순환선,창원,일광졸음쉼터,08:00-09:00,34,25,1,3,1,1,1,2,0,0,0,0,0
부산외곽순환선,창원,일광졸음쉼터,09:00-10:00,53,33,0,10,4,2,1,2,0,0,1,0,0
부산외곽순환선,창원,일광졸음쉼터,10:00-11:00,32,18,0,10,2,1,0,1,0,0,0,0,0
부산외곽순환선,창원,일광졸음쉼터,11:00-12:00,36,23,1,7,5,0,0,0,0,0,0,0,0
부산외곽순환선,창원,일광졸음쉼터,12:00-13:00,57,42,0,8,1,5,0,1,0,0,0,0,0
부산외곽순환선,창원,일광졸음쉼터,13:00-14:00,62,37,0,16,5,2,0,1,0,0,1,0,0
부산외곽순환선,창원,일광졸음쉼터,14:00-15:00,41,25,0,15,1,0,0,0,0,0,0,0,0
부산외곽순환선,창원,일광졸음쉼터,15:00-16:00,62,40,0,16,4,1,0,1,0,0,0,0,0
부산외곽순환선,창원,일광졸음쉼터,16:00-17:00,121,101,1,12,4,3,0,0,0,0,0,0,0
부산외곽순환선,창원,일광졸음쉼터,17:00-18:00,53,44,0,6,2,1,0,0,0,0,0,0,0
부산외곽순환선,창원,일광졸음쉼터,18:00-19:00,39,37,0,0,1,0,0,1,0,0,0,0,0
부산외곽순환선,창원,일광졸음쉼터,19:00-20:00,32,26,0,2,4,0,0,0,0,0,0,0,0
부산외곽순환선,창원,일광졸음쉼터,20:00-21:00,13,11,0,1,1,0,0,0,0,0,0,0,0
부산외곽순환선,창원,일광졸음쉼터,21:00-22:00,8,6,0,1,1,0,0,0,0,0,0,0,0
부산외곽순환선,창원,일광졸음쉼터,22:00-23:00,13,11,1,0,0,0,0,1,0,0,0,0,0
부산외곽순환선,창원,일광졸음쉼터,23:00-24:00,6,5,1,0,0,0,0,0,0,0,0,0,0
부산외곽순환선,창원,일광졸음쉼터,00:00-01:00,4,1,2,0,1,0,0,0,0,0,0,0,0
부산외곽순환선,창원,일광졸음쉼터,01:00-02:00,3,2,0,0,1,0,0,0,0,0,0,0,0
부산외곽순환선,창원,일광졸음쉼터,02:00-03:00,3,1,0,0,1,1,0,0,0,0,0,0,0
부산외곽순환선,창원,일광졸음쉼터,03:00-04:00,3,1,1,1,0,0,0,0,0,0,0,0,0
부산외곽순환선,창원,일광졸음쉼터,04:00-05:00,3,1,1,0,1,0,0,0,0,0,0,0,0
부산외곽순환선,창원,일광졸음쉼터,05:00-06:00,10,7,2,0,1,0,0,0,0,0,0,0,0
부산외곽순환선,창원,일광졸음쉼터,06:00-07:00,21,14,2,4,0,0,0,1,0,0,0,0,0
새만금포항선(대구포항),포항,화산졸음쉼터,07:00-08:00,33,23,0,6,1,1,1,0,0,0,1,0,0
새만금포항선(대구포항),포항,화산졸음쉼터,08:00-09:00,26,18,0,4,1,1,1,0,0,0,1,0,0
새만금포항선(대구포항),포항,화산졸음쉼터,09:00-10:00,31,23,0,7,0,0,1,0,0,0,0,0,0
새만금포항선(대구포항),포항,화산졸음쉼터,10:00-11:00,27,20,0,4,1,2,0,0,0,0,0,0,0
새만금포항선(대구포항),포항,화산졸음쉼터,11:00-12:00,21,14,0,4,0,2,0,1,0,0,0,0,0
새만금포항선(대구포항),포항,화산졸음쉼터,12:00-13:00,31,24,0,6,1,0,0,0,0,0,0,0,0
새만금포항선(대구포항),포항,화산졸음쉼터,13:00-14:00,32,25,1,5,1,0,0,0,0,0,0,0,0
새만금포항선(대구포항),포항,화산졸음쉼터,14:00-15:00,23,19,0,4,0,0,0,0,0,0,0,0,0
새만금포항선(대구포항),포항,화산졸음쉼터,15:00-16:00,22,18,0,3,0,0,1,0,0,0,0,0,0
새만금포항선(대구포항),포항,화산졸음쉼터,16:00-17:00,18,12,1,4,0,0,1,0,0,0,0,0,0
새만금포항선(대구포항),포항,화산졸음쉼터,17:00-18:00,23,20,0,2,0,0,1,0,0,0,0,0,0
새만금포항선(대구포항),포항,화산졸음쉼터,18:00-19:00,9,7,0,1,1,0,0,0,0,0,0,0,0
새만금포항선(대구포항),포항,화산졸음쉼터,19:00-20:00,11,11,0,0,0,0,0,0,0,0,0,0,0
새만금포항선(대구포항),포항,화산졸음쉼터,20:00-21:00,5,4,0,1,0,0,0,0,0,0,0,0,0
새만금포항선(대구포항),포항,화산졸음쉼터,21:00-22:00,4,4,0,0,0,0,0,0,0,0,0,0,0
새만금포항선(대구포항),포항,화산졸음쉼터,22:00-23:00,4,2,0,2,0,0,0,0,0,0,0,0,0
새만금포항선(대구포항),포항,화산졸음쉼터,23:00-24:00,2,2,0,0,0,0,0,0,0,0,0,0,0
새만금포항선(대구포항),포항,화산졸음쉼터,00:00-01:00,1,0,0,1,0,0,0,0,0,0,0,0,0
새만금포항선(대구포항),포항,화산졸음쉼터,01:00-02:00,1,1,0,0,0,0,0,0,0,0,0,0,0
새만금포항선(대구포항),포항,화산졸음쉼터,02:00-03:00,0,0,0,0,0,0,0,0,0,0,0,0,0
새만금포항선(대구포항),포항,화산졸음쉼터,03:00-04:00,1,0,0,0,1,0,0,0,0,0,0,0,0
새만금포항선(대구포항),포항,화산졸음쉼터,04:00-05:00,3,2,0,0,0,0,0,0,0,0,1,0,0
새만금포항선(대구포항),포항,화산졸음쉼터,05:00-06:00,3,1,0,1,1,0,0,0,0,0,0,0,0
새만금포항선(대구포항),포항,화산졸음쉼터,06:00-07:00,18,11,0,5,0,1,1,0,0,0,0,0,0
서울양양선,서울,화도졸음쉼터,07:00-08:00,33,29,0,2,2,0,0,0,0,0,0,0,0
서울양양선,서울,화도졸음쉼터,08:00-09:00,50,40,0,6,3,1,0,0,0,0,0,0,0
서울양양선,서울,화도졸음쉼터,09:00-10:00,64,43,0,18,1,1,0,1,0,0,0,0,0
서울양양선,서울,화도졸음쉼터,10:00-11:00,62,45,0,14,1,1,0,1,0,0,0,0,0
서울양양선,서울,화도졸음쉼터,11:00-12:00,65,43,0,13,8,1,0,0,0,0,0,0,0
서울양양선,서울,화도졸음쉼터,12:00-13:00,62,47,0,13,1,0,0,0,0,0,1,0,0
서울양양선,서울,화도졸음쉼터,13:00-14:00,92,70,0,20,1,1,0,0,0,0,0,0,0
서울양양선,서울,화도졸음쉼터,14:00-15:00,117,96,0,19,2,0,0,0,0,0,0,0,0
서울양양선,서울,화도졸음쉼터,15:00-16:00,122,102,5,11,3,0,1,0,0,0,0,0,0
서울양양선,서울,화도졸음쉼터,16:00-17:00,100,91,2,5,2,0,0,0,0,0,0,0,0
서울양양선,서울,화도졸음쉼터,17:00-18:00,96,88,3,5,0,0,0,0,0,0,0,0,0
서울양양선,서울,화도졸음쉼터,18:00-19:00,83,70,3,9,1,0,0,0,0,0,0,0,0
서울양양선,서울,화도졸음쉼터,19:00-20:00,59,54,1,1,0,2,1,0,0,0,0,0,0
서울양양선,서울,화도졸음쉼터,20:00-21:00,39,38,0,0,0,1,0,0,0,0,0,0,0
서울양양선,서울,화도졸음쉼터,21:00-22:00,31,28,1,2,0,0,0,0,0,0,0,0,0
서울양양선,서울,화도졸음쉼터,22:00-23:00,20,18,0,1,0,1,0,0,0,0,0,0,0
서울양양선,서울,화도졸음쉼터,23:00-24:00,12,10,0,2,0,0,0,0,0,0,0,0,0
서울양양선,서울,화도졸음쉼터,00:00-01:00,8,7,0,1,0,0,0,0,0,0,0,0,0
서울양양선,서울,화도졸음쉼터,01:00-02:00,6,4,0,1,0,1,0,0,0,0,0,0,0
서울양양선,서울,화도졸음쉼터,02:00-03:00,5,4,1,0,0,0,0,0,0,0,0,0,0
서울양양선,서울,화도졸음쉼터,03:00-04:00,7,5,0,2,0,0,0,0,0,0,0,0,0
서울양양선,서울,화도졸음쉼터,04:00-05:00,7,5,0,2,0,0,0,0,0,0,0,0,0
서울양양선,서울,화도졸음쉼터,05:00-06:00,12,7,0,3,1,1,0,0,0,0,0,0,0
서울양양선,서울,화도졸음쉼터,06:00-07:00,31,21,0,8,1,0,0,1,0,0,0,0,0
서울양양선,양양,화도졸음쉼터,07:00-08:00,69,49,0,18,1,0,1,0,0,0,0,0,0
서울양양선,양양,화도졸음쉼터,08:00-09:00,85,72,2,9,0,1,0,0,0,0,0,0,1
서울양양선,양양,화도졸음쉼터,09:00-10:00,118,102,0,12,2,2,0,0,0,0,0,0,0
서울양양선,양양,화도졸음쉼터,10:00-11:00,147,120,5,21,0,0,1,0,0,0,0,0,0
서울양양선,양양,화도졸음쉼터,11:00-12:00,170,155,0,13,2,0,0,0,0,0,0,0,0
서울양양선,양양,화도졸음쉼터,12:00-13:00,152,128,0,20,1,2,0,1,0,0,0,0,0
서울양양선,양양,화도졸음쉼터,13:00-14:00,103,88,3,11,1,0,0,0,0,0,0,0,0
서울양양선,양양,화도졸음쉼터,14:00-15:00,100,81,2,14,1,2,0,0,0,0,0,0,0
서울양양선,양양,화도졸음쉼터,15:00-16:00,87,69,1,15,2,0,0,0,0,0,0,0,0
서울양양선,양양,화도졸음쉼터,16:00-17:00,84,73,0,11,0,0,0,0,0,0,0,0,0
서울양양선,양양,화도졸음쉼터,17:00-18:00,68,58,0,8,1,1,0,0,0,0,0,0,0
서울양양선,양양,화도졸음쉼터,18:00-19:00,46,38,0,8,0,0,0,0,0,0,0,0,0
서울양양선,양양,화도졸음쉼터,19:00-20:00,57,49,0,7,1,0,0,0,0,0,0,0,0
서울양양선,양양,화도졸음쉼터,20:00-21:00,33,28,0,3,1,0,1,0,0,0,0,0,0
서울양양선,양양,화도졸음쉼터,21:00-22:00,29,23,0,2,2,2,0,0,0,0,0,0,0
서울양양선,양양,화도졸음쉼터,22:00-23:00,20,16,0,2,2,0,0,0,0,0,0,0,0
서울양양선,양양,화도졸음쉼터,23:00-24:00,26,22,0,3,0,0,0,1,0,0,0,0,0
서울양양선,양양,화도졸음쉼터,00:00-01:00,8,7,0,1,0,0,0,0,0,0,0,0,0
서울양양선,양양,화도졸음쉼터,01:00-02:00,10,7,0,2,1,0,0,0,0,0,0,0,0
서울양양선,양양,화도졸음쉼터,02:00-03:00,7,3,0,1,0,2,1,0,0,0,0,0,0
서울양양선,양양,화도졸음쉼터,03:00-04:00,15,9,0,4,2,0,0,0,0,0,0,0,0
서울양양선,양양,화도졸음쉼터,04:00-05:00,13,8,0,5,0,0,0,0,0,0,0,0,0
서울양양선,양양,화도졸음쉼터,05:00-06:00,40,28,0,6,3,2,0,1,0,0,0,0,0
서울양양선,양양,화도졸음쉼터,06:00-07:00,65,48,0,12,2,3,0,0,0,0,0,0,0
서울양양선,서울,남산졸음쉼터,07:00-08:00,7,5,0,2,0,0,0,0,0,0,0,0,0
서울양양선,서울,남산졸음쉼터,08:00-09:00,17,8,0,6,3,0,0,0,0,0,0,0,0
서울양양선,서울,남산졸음쉼터,09:00-10:00,26,21,0,4,0,1,0,0,0,0,0,0,0
서울양양선,서울,남산졸음쉼터,10:00-11:00,28,20,0,6,2,0,0,0,0,0,0,0,0
서울양양선,서울,남산졸음쉼터,11:00-12:00,23,17,0,5,0,1,0,0,0,0,0,0,0
서울양양선,서울,남산졸음쉼터,12:00-13:00,29,28,0,1,0,0,0,0,0,0,0,0,0
서울양양선,서울,남산졸음쉼터,13:00-14:00,30,27,0,2,1,0,0,0,0,0,0,0,0
서울양양선,서울,남산졸음쉼터,14:00-15:00,47,42,0,5,0,0,0,0,0,0,0,0,0
서울양양선,서울,남산졸음쉼터,15:00-16:00,62,57,0,4,0,1,0,0,0,0,0,0,0
서울양양선,서울,남산졸음쉼터,16:00-17:00,69,62,1,2,3,0,1,0,0,0,0,0,0
서울양양선,서울,남산졸음쉼터,17:00-18:00,33,29,0,3,1,0,0,0,0,0,0,0,0
서울양양선,서울,남산졸음쉼터,18:00-19:00,29,28,0,1,0,0,0,0,0,0,0,0,0
서울양양선,서울,남산졸음쉼터,19:00-20:00,30,28,0,0,0,2,0,0,0,0,0,0,0
서울양양선,서울,남산졸음쉼터,20:00-21:00,20,16,0,2,1,0,0,0,0,0,1,0,0
서울양양선,서울,남산졸음쉼터,21:00-22:00,18,14,0,1,2,0,0,1,0,0,0,0,0
서울양양선,서울,남산졸음쉼터,22:00-23:00,10,9,1,0,0,0,0,0,0,0,0,0,0
서울양양선,서울,남산졸음쉼터,23:00-24:00,11,8,0,2,0,1,0,0,0,0,0,0,0
서울양양선,서울,남산졸음쉼터,00:00-01:00,9,6,0,1,0,0,1,1,0,0,0,0,0
서울양양선,서울,남산졸음쉼터,01:00-02:00,3,3,0,0,0,0,0,0,0,0,0,0,0
서울양양선,서울,남산졸음쉼터,02:00-03:00,2,1,0,1,0,0,0,0,0,0,0,0,0
서울양양선,서울,남산졸음쉼터,03:00-04:00,1,1,0,0,0,0,0,0,0,0,0,0,0
서울양양선,서울,남산졸음쉼터,04:00-05:00,6,3,0,0,1,1,1,0,0,0,0,0,0
서울양양선,서울,남산졸음쉼터,05:00-06:00,8,6,0,2,0,0,0,0,0,0,0,0,0
서울양양선,서울,남산졸음쉼터,06:00-07:00,4,4,0,0,0,0,0,0,0,0,0,0,0
서울양양선,서울,북방졸음쉼터,07:00-08:00,13,12,0,0,0,0,0,0,0,0,1,0,0
서울양양선,서울,북방졸음쉼터,08:00-09:00,20,14,1,4,0,1,0,0,0,0,0,0,0
서울양양선,서울,북방졸음쉼터,09:00-10:00,16,12,0,3,0,1,0,0,0,0,0,0,0
서울양양선,서울,북방졸음쉼터,10:00-11:00,23,20,0,2,0,1,0,0,0,0,0,0,0
서울양양선,서울,북방졸음쉼터,11:00-12:00,19,15,0,4,0,0,0,0,0,0,0,0,0
서울양양선,서울,북방졸음쉼터,12:00-13:00,29,25,0,2,1,1,0,0,0,0,0,0,0
서울양양선,서울,북방졸음쉼터,13:00-14:00,31,26,1,3,0,1,0,0,0,0,0,0,0
서울양양선,서울,북방졸음쉼터,14:00-15:00,33,29,1,3,0,0,0,0,0,0,0,0,0
서울양양선,서울,북방졸음쉼터,15:00-16:00,37,34,0,3,0,0,0,0,0,0,0,0,0
서울양양선,서울,북방졸음쉼터,16:00-17:00,47,43,0,4,0,0,0,0,0,0,0,0,0
서울양양선,서울,북방졸음쉼터,17:00-18:00,30,25,0,4,1,0,0,0,0,0,0,0,0
서울양양선,서울,북방졸음쉼터,18:00-19:00,32,25,0,6,1,0,0,0,0,0,0,0,0
서울양양선,서울,북방졸음쉼터,19:00-20:00,19,18,0,1,0,0,0,0,0,0,0,0,0
서울양양선,서울,북방졸음쉼터,20:00-21:00,15,15,0,0,0,0,0,0,0,0,0,0,0
서울양양선,서울,북방졸음쉼터,21:00-22:00,12,11,0,0,1,0,0,0,0,0,0,0,0
서울양양선,서울,북방졸음쉼터,22:00-23:00,4,4,0,0,0,0,0,0,0,0,0,0,0
서울양양선,서울,북방졸음쉼터,23:00-24:00,3,3,0,0,0,0,0,0,0,0,0,0,0
서울양양선,서울,북방졸음쉼터,00:00-01:00,2,0,0,1,0,0,0,0,0,0,1,0,0
서울양양선,서울,북방졸음쉼터,01:00-02:00,3,3,0,0,0,0,0,0,0,0,0,0,0
서울양양선,서울,북방졸음쉼터,02:00-03:00,1,1,0,0,0,0,0,0,0,0,0,0,0
서울양양선,서울,북방졸음쉼터,03:00-04:00,2,2,0,0,0,0,0,0,0,0,0,0,0
서울양양선,서울,북방졸음쉼터,04:00-05:00,3,2,0,1,0,0,0,0,0,0,0,0,0
서울양양선,서울,북방졸음쉼터,05:00-06:00,0,0,0,0,0,0,0,0,0,0,0,0,0
서울양양선,서울,북방졸음쉼터,06:00-07:00,9,6,0,1,1,0,0,1,0,0,0,0,0
서천공주선,서천,시초졸음쉼터,07:00-08:00,16,14,1,1,0,0,0,0,0,0,0,0,0
서천공주선,서천,시초졸음쉼터,08:00-09:00,13,12,0,1,0,0,0,0,0,0,0,0,0
서천공주선,서천,시초졸음쉼터,09:00-10:00,15,14,0,1,0,0,0,0,0,0,0,0,0
서천공주선,서천,시초졸음쉼터,10:00-11:00,23,18,0,4,1,0,0,0,0,0,0,0,0
서천공주선,서천,시초졸음쉼터,11:00-12:00,13,11,0,2,0,0,0,0,0,0,0,0,0
서천공주선,서천,시초졸음쉼터,12:00-13:00,27,25,0,2,0,0,0,0,0,0,0,0,0
서천공주선,서천,시초졸음쉼터,13:00-14:00,17,15,0,2,0,0,0,0,0,0,0,0,0
서천공주선,서천,시초졸음쉼터,14:00-15:00,15,13,0,0,0,1,0,0,0,0,0,0,1
서천공주선,서천,시초졸음쉼터,15:00-16:00,18,15,0,2,1,0,0,0,0,0,0,0,0
서천공주선,서천,시초졸음쉼터,16:00-17:00,17,17,0,0,0,0,0,0,0,0,0,0,0
서천공주선,서천,시초졸음쉼터,17:00-18:00,14,14,0,0,0,0,0,0,0,0,0,0,0
서천공주선,서천,시초졸음쉼터,18:00-19:00,10,9,0,1,0,0,0,0,0,0,0,0,0
서천공주선,서천,시초졸음쉼터,19:00-20:00,8,8,0,0,0,0,0,0,0,0,0,0,0
서천공주선,서천,시초졸음쉼터,20:00-21:00,3,3,0,0,0,0,0,0,0,0,0,0,0
서천공주선,서천,시초졸음쉼터,21:00-22:00,3,3,0,0,0,0,0,0,0,0,0,0,0
서천공주선,서천,시초졸음쉼터,22:00-23:00,5,5,0,0,0,0,0,0,0,0,0,0,0
서천공주선,서천,시초졸음쉼터,23:00-24:00,3,3,0,0,0,0,0,0,0,0,0,0,0
서천공주선,서천,시초졸음쉼터,00:00-01:00,4,4,0,0,0,0,0,0,0,0,0,0,0
서천공주선,서천,시초졸음쉼터,01:00-02:00,7,7,0,0,0,0,0,0,0,0,0,0,0
서천공주선,서천,시초졸음쉼터,02:00-03:00,7,7,0,0,0,0,0,0,0,0,0,0,0
서천공주선,서천,시초졸음쉼터,03:00-04:00,5,5,0,0,0,0,0,0,0,0,0,0,0
서천공주선,서천,시초졸음쉼터,04:00-05:00,1,1,0,0,0,0,0,0,0,0,0,0,0
서천공주선,서천,시초졸음쉼터,05:00-06:00,4,4,0,0,0,0,0,0,0,0,0,0,0
서천공주선,서천,시초졸음쉼터,06:00-07:00,9,7,0,2,0,0,0,0,0,0,0,0,0
서천공주선,공주,부여졸음쉼터,07:00-08:00,7,6,0,0,1,0,0,0,0,0,0,0,0
서천공주선,공주,부여졸음쉼터,08:00-09:00,15,12,0,2,0,1,0,0,0,0,0,0,0
서천공주선,공주,부여졸음쉼터,09:00-10:00,14,12,0,1,1,0,0,0,0,0,0,0,0
서천공주선,공주,부여졸음쉼터,10:00-11:00,17,13,0,1,1,2,0,0,0,0,0,0,0
서천공주선,공주,부여졸음쉼터,11:00-12:00,24,16,0,4,0,3,1,0,0,0,0,0,0
서천공주선,공주,부여졸음쉼터,12:00-13:00,16,14,0,2,0,0,0,0,0,0,0,0,0
서천공주선,공주,부여졸음쉼터,13:00-14:00,26,24,0,2,0,0,0,0,0,0,0,0,0
서천공주선,공주,부여졸음쉼터,14:00-15:00,31,27,0,3,0,1,0,0,0,0,0,0,0
서천공주선,공주,부여졸음쉼터,15:00-16:00,20,19,0,1,0,0,0,0,0,0,0,0,0
서천공주선,공주,부여졸음쉼터,16:00-17:00,20,17,0,3,0,0,0,0,0,0,0,0,0
서천공주선,공주,부여졸음쉼터,17:00-18:00,19,19,0,0,0,0,0,0,0,0,0,0,0
서천공주선,공주,부여졸음쉼터,18:00-19:00,15,15,0,0,0,0,0,0,0,0,0,0,0
서천공주선,공주,부여졸음쉼터,19:00-20:00,9,7,0,1,0,1,0,0,0,0,0,0,0
서천공주선,공주,부여졸음쉼터,20:00-21:00,6,6,0,0,0,0,0,0,0,0,0,0,0
서천공주선,공주,부여졸음쉼터,21:00-22:00,5,4,0,1,0,0,0,0,0,0,0,0,0
서천공주선,공주,부여졸음쉼터,22:00-23:00,1,1,0,0,0,0,0,0,0,0,0,0,0
서천공주선,공주,부여졸음쉼터,23:00-24:00,6,6,0,0,0,0,0,0,0,0,0,0,0
서천공주선,공주,부여졸음쉼터,00:00-01:00,2,0,0,0,0,2,0,0,0,0,0,0,0
서천공주선,공주,부여졸음쉼터,01:00-02:00,3,3,0,0,0,0,0,0,0,0,0,0,0
서천공주선,공주,부여졸음쉼터,02:00-03:00,2,2,0,0,0,0,0,0,0,0,0,0,0
서천공주선,공주,부여졸음쉼터,03:00-04:00,3,3,0,0,0,0,0,0,0,0,0,0,0
서천공주선,공주,부여졸음쉼터,04:00-05:00,0,0,0,0,0,0,0,0,0,0,0,0,0
서천공주선,공주,부여졸음쉼터,05:00-06:00,2,2,0,0,0,0,0,0,0,0,0,0,0
서천공주선,공주,부여졸음쉼터,06:00-07:00,4,3,0,1,0,0,0,0,0,0,0,0,0
서해안선,목포,서김제졸음쉼터,07:00-08:00,7,4,0,0,0,2,0,1,0,0,0,0,0
서해안선,목포,서김제졸음쉼터,08:00-09:00,13,9,0,3,0,1,0,0,0,0,0,0,0
서해안선,목포,서김제졸음쉼터,09:00-10:00,9,5,0,1,1,1,1,0,0,0,0,0,0
서해안선,목포,서김제졸음쉼터,10:00-11:00,14,9,0,4,1,0,0,0,0,0,0,0,0
서해안선,목포,서김제졸음쉼터,11:00-12:00,13,7,0,4,1,0,1,0,0,0,0,0,0
서해안선,목포,서김제졸음쉼터,12:00-13:00,22,18,0,2,1,1,0,0,0,0,0,0,0
서해안선,목포,서김제졸음쉼터,13:00-14:00,21,15,0,4,1,1,0,0,0,0,0,0,0
서해안선,목포,서김제졸음쉼터,14:00-15:00,17,8,0,6,1,2,0,0,0,0,0,0,0
서해안선,목포,서김제졸음쉼터,15:00-16:00,17,14,0,1,1,0,1,0,0,0,0,0,0
서해안선,목포,서김제졸음쉼터,16:00-17:00,23,19,0,3,1,0,0,0,0,0,0,0,0
서해안선,목포,서김제졸음쉼터,17:00-18:00,17,15,0,2,0,0,0,0,0,0,0,0,0
서해안선,목포,서김제졸음쉼터,18:00-19:00,9,8,0,1,0,0,0,0,0,0,0,0,0
서해안선,목포,서김제졸음쉼터,19:00-20:00,9,5,0,0,1,3,0,0,0,0,0,0,0
서해안선,목포,서김제졸음쉼터,20:00-21:00,5,3,0,1,0,1,0,0,0,0,0,0,0
서해안선,목포,서김제졸음쉼터,21:00-22:00,4,4,0,0,0,0,0,0,0,0,0,0,0
서해안선,목포,서김제졸음쉼터,22:00-23:00,4,4,0,0,0,0,0,0,0,0,0,0,0
서해안선,목포,서김제졸음쉼터,23:00-24:00,6,5,0,0,0,0,1,0,0,0,0,0,0
서해안선,목포,서김제졸음쉼터,00:00-01:00,1,1,0,0,0,0,0,0,0,0,0,0,0
서해안선,목포,서김제졸음쉼터,01:00-02:00,3,1,0,0,0,2,0,0,0,0,0,0,0
서해안선,목포,서김제졸음쉼터,02:00-03:00,0,0,0,0,0,0,0,0,0,0,0,0,0
서해안선,목포,서김제졸음쉼터,03:00-04:00,4,2,0,0,0,2,0,0,0,0,0,0,0
서해안선,목포,서김제졸음쉼터,04:00-05:00,1,1,0,0,0,0,0,0,0,0,0,0,0
서해안선,목포,서김제졸음쉼터,05:00-06:00,2,0,0,0,0,1,0,1,0,0,0,0,0
서해안선,목포,서김제졸음쉼터,06:00-07:00,8,3,0,1,2,2,0,0,0,0,0,0,0
서해안선,서울,서김제졸음쉼터,07:00-08:00,12,12,0,0,0,0,0,0,0,0,0,0,0
서해안선,서울,서김제졸음쉼터,08:00-09:00,12,9,0,1,1,0,0,1,0,0,0,0,0
서해안선,서울,서김제졸음쉼터,09:00-10:00,11,8,0,3,0,0,0,0,0,0,0,0,0
서해안선,서울,서김제졸음쉼터,10:00-11:00,29,26,0,3,0,0,0,0,0,0,0,0,0
서해안선,서울,서김제졸음쉼터,11:00-12:00,14,11,0,3,0,0,0,0,0,0,0,0,0
서해안선,서울,서김제졸음쉼터,12:00-13:00,22,20,0,2,0,0,0,0,0,0,0,0,0
서해안선,서울,서김제졸음쉼터,13:00-14:00,21,17,0,4,0,0,0,0,0,0,0,0,0
서해안선,서울,서김제졸음쉼터,14:00-15:00,22,19,0,3,0,0,0,0,0,0,0,0,0
서해안선,서울,서김제졸음쉼터,15:00-16:00,26,21,0,5,0,0,0,0,0,0,0,0,0
서해안선,서울,서김제졸음쉼터,16:00-17:00,25,23,0,2,0,0,0,0,0,0,0,0,0
서해안선,서울,서김제졸음쉼터,17:00-18:00,20,13,0,4,2,0,0,1,0,0,0,0,0
서해안선,서울,서김제졸음쉼터,18:00-19:00,11,10,0,1,0,0,0,0,0,0,0,0,0
서해안선,서울,서김제졸음쉼터,19:00-20:00,5,5,0,0,0,0,0,0,0,0,0,0,0
서해안선,서울,서김제졸음쉼터,20:00-21:00,6,6,0,0,0,0,0,0,0,0,0,0,0
서해안선,서울,서김제졸음쉼터,21:00-22:00,5,5,0,0,0,0,0,0,0,0,0,0,0
서해안선,서울,서김제졸음쉼터,22:00-23:00,0,0,0,0,0,0,0,0,0,0,0,0,0
서해안선,서울,서김제졸음쉼터,23:00-24:00,2,2,0,0,0,0,0,0,0,0,0,0,0
서해안선,서울,서김제졸음쉼터,00:00-01:00,1,1,0,0,0,0,0,0,0,0,0,0,0
서해안선,서울,서김제졸음쉼터,01:00-02:00,0,0,0,0,0,0,0,0,0,0,0,0,0
서해안선,서울,서김제졸음쉼터,02:00-03:00,1,1,0,0,0,0,0,0,0,0,0,0,0
서해안선,서울,서김제졸음쉼터,03:00-04:00,0,0,0,0,0,0,0,0,0,0,0,0,0
서해안선,서울,서김제졸음쉼터,04:00-05:00,0,0,0,0,0,0,0,0,0,0,0,0,0
서해안선,서울,서김제졸음쉼터,05:00-06:00,2,1,0,1,0,0,0,0,0,0,0,0,0
서해안선,서울,서김제졸음쉼터,06:00-07:00,4,4,0,0,0,0,0,0,0,0,0,0,0
서해안선,서울,서천졸음쉼터,07:00-08:00,5,3,0,0,1,1,0,0,0,0,0,0,0
서해안선,서울,서천졸음쉼터,08:00-09:00,9,8,0,1,0,0,0,0,0,0,0,0,0
서해안선,서울,서천졸음쉼터,09:00-10:00,10,5,0,2,3,0,0,0,0,0,0,0,0
서해안선,서울,서천졸음쉼터,10:00-11:00,13,8,0,5,0,0,0,0,0,0,0,0,0
서해안선,서울,서천졸음쉼터,11:00-12:00,14,9,0,3,2,0,0,0,0,0,0,0,0
서해안선,서울,서천졸음쉼터,12:00-13:00,15,11,1,1,1,0,1,0,0,0,0,0,0
서해안선,서울,서천졸음쉼터,13:00-14:00,20,17,0,2,1,0,0,0,0,0,0,0,0
서해안선,서울,서천졸음쉼터,14:00-15:00,17,12,0,4,1,0,0,0,0,0,0,0,0
서해안선,서울,서천졸음쉼터,15:00-16:00,14,10,0,3,1,0,0,0,0,0,0,0,0
서해안선,서울,서천졸음쉼터,16:00-17:00,19,15,0,4,0,0,0,0,0,0,0,0,0
서해안선,서울,서천졸음쉼터,17:00-18:00,10,7,0,2,0,1,0,0,0,0,0,0,0
서해안선,서울,서천졸음쉼터,18:00-19:00,10,9,0,1,0,0,0,0,0,0,0,0,0
서해안선,서울,서천졸음쉼터,19:00-20:00,10,9,0,0,1,0,0,0,0,0,0,0,0
서해안선,서울,서천졸음쉼터,20:00-21:00,6,6,0,0,0,0,0,0,0,0,0,0,0
서해안선,서울,서천졸음쉼터,21:00-22:00,5,5,0,0,0,0,0,0,0,0,0,0,0
서해안선,서울,서천졸음쉼터,22:00-23:00,3,3,0,0,0,0,0,0,0,0,0,0,0
서해안선,서울,서천졸음쉼터,23:00-24:00,2,2,0,0,0,0,0,0,0,0,0,0,0
서해안선,서울,서천졸음쉼터,00:00-01:00,1,0,0,0,1,0,0,0,0,0,0,0,0
서해안선,서울,서천졸음쉼터,01:00-02:00,1,1,0,0,0,0,0,0,0,0,0,0,0
서해안선,서울,서천졸음쉼터,02:00-03:00,1,1,0,0,0,0,0,0,0,0,0,0,0
서해안선,서울,서천졸음쉼터,03:00-04:00,5,4,0,1,0,0,0,0,0,0,0,0,0
서해안선,서울,서천졸음쉼터,04:00-05:00,4,3,0,1,0,0,0,0,0,0,0,0,0
서해안선,서울,서천졸음쉼터,05:00-06:00,1,0,0,0,0,0,0,0,0,0,1,0,0
서해안선,서울,서천졸음쉼터,06:00-07:00,4,2,0,0,1,0,0,1,0,0,0,0,0
서해안선,목포,서천졸음쉼터,07:00-08:00,5,3,0,1,0,1,0,0,0,0,0,0,0
서해안선,목포,서천졸음쉼터,08:00-09:00,6,5,0,1,0,0,0,0,0,0,0,0,0
서해안선,목포,서천졸음쉼터,09:00-10:00,10,8,0,0,1,0,1,0,0,0,0,0,0
서해안선,목포,서천졸음쉼터,10:00-11:00,9,6,0,3,0,0,0,0,0,0,0,0,0
서해안선,목포,서천졸음쉼터,11:00-12:00,12,5,0,4,1,2,0,0,0,0,0,0,0
서해안선,목포,서천졸음쉼터,12:00-13:00,13,7,0,6,0,0,0,0,0,0,0,0,0
서해안선,목포,서천졸음쉼터,13:00-14:00,31,23,0,8,0,0,0,0,0,0,0,0,0
서해안선,목포,서천졸음쉼터,14:00-15:00,21,17,0,3,0,1,0,0,0,0,0,0,0
서해안선,목포,서천졸음쉼터,15:00-16:00,22,17,0,5,0,0,0,0,0,0,0,0,0
서해안선,목포,서천졸음쉼터,16:00-17:00,26,20,0,4,0,2,0,0,0,0,0,0,0
서해안선,목포,서천졸음쉼터,17:00-18:00,27,19,0,4,1,2,1,0,0,0,0,0,0
서해안선,목포,서천졸음쉼터,18:00-19:00,5,5,0,0,0,0,0,0,0,0,0,0,0
서해안선,목포,서천졸음쉼터,19:00-20:00,14,10,0,2,0,2,0,0,0,0,0,0,0
서해안선,목포,서천졸음쉼터,20:00-21:00,3,3,0,0,0,0,0,0,0,0,0,0,0
서해안선,목포,서천졸음쉼터,21:00-22:00,6,6,0,0,0,0,0,0,0,0,0,0,0
서해안선,목포,서천졸음쉼터,22:00-23:00,4,2,0,0,1,0,1,0,0,0,0,0,0
서해안선,목포,서천졸음쉼터,23:00-24:00,3,3,0,0,0,0,0,0,0,0,0,0,0
서해안선,목포,서천졸음쉼터,00:00-01:00,3,2,0,0,0,1,0,0,0,0,0,0,0
서해안선,목포,서천졸음쉼터,01:00-02:00,4,4,0,0,0,0,0,0,0,0,0,0,0
서해안선,목포,서천졸음쉼터,02:00-03:00,4,1,0,2,1,0,0,0,0,0,0,0,0
서해안선,목포,서천졸음쉼터,03:00-04:00,4,4,0,0,0,0,0,0,0,0,0,0,0
서해안선,목포,서천졸음쉼터,04:00-05:00,2,0,0,1,0,1,0,0,0,0,0,0,0
서해안선,목포,서천졸음쉼터,05:00-06:00,1,0,0,1,0,0,0,0,0,0,0,0,0
서해안선,목포,서천졸음쉼터,06:00-07:00,7,5,0,1,1,0,0,0,0,0,0,0,0
서해안선,목포,춘장대졸음쉼터,07:00-08:00,16,13,0,2,1,0,0,0,0,0,0,0,0
서해안선,목포,춘장대졸음쉼터,08:00-09:00,10,9,0,1,0,0,0,0,0,0,0,0,0
서해안선,목포,춘장대졸음쉼터,09:00-10:00,30,19,0,8,1,1,0,1,0,0,0,0,0
서해안선,목포,춘장대졸음쉼터,10:00-11:00,23,18,0,2,2,1,0,0,0,0,0,0,0
서해안선,목포,춘장대졸음쉼터,11:00-12:00,20,16,0,3,1,0,0,0,0,0,0,0,0
서해안선,목포,춘장대졸음쉼터,12:00-13:00,28,24,0,2,1,1,0,0,0,0,0,0,0
서해안선,목포,춘장대졸음쉼터,13:00-14:00,38,32,0,5,1,0,0,0,0,0,0,0,0
서해안선,목포,춘장대졸음쉼터,14:00-15:00,33,26,0,5,1,1,0,0,0,0,0,0,0
서해안선,목포,춘장대졸음쉼터,15:00-16:00,36,29,0,4,2,0,0,0,0,0,0,0,1
서해안선,목포,춘장대졸음쉼터,16:00-17:00,40,34,0,5,1,0,0,0,0,0,0,0,0
서해안선,목포,춘장대졸음쉼터,17:00-18:00,31,24,0,5,0,2,0,0,0,0,0,0,0
서해안선,목포,춘장대졸음쉼터,18:00-19:00,15,11,0,1,1,1,1,0,0,0,0,0,0
서해안선,목포,춘장대졸음쉼터,19:00-20:00,21,15,0,4,0,2,0,0,0,0,0,0,0
서해안선,목포,춘장대졸음쉼터,20:00-21:00,7,6,0,1,0,0,0,0,0,0,0,0,0
서해안선,목포,춘장대졸음쉼터,21:00-22:00,15,13,0,2,0,0,0,0,0,0,0,0,0
서해안선,목포,춘장대졸음쉼터,22:00-23:00,12,9,0,0,2,1,0,0,0,0,0,0,0
서해안선,목포,춘장대졸음쉼터,23:00-24:00,9,6,0,2,0,1,0,0,0,0,0,0,0
서해안선,목포,춘장대졸음쉼터,00:00-01:00,3,3,0,0,0,0,0,0,0,0,0,0,0
서해안선,목포,춘장대졸음쉼터,01:00-02:00,7,7,0,0,0,0,0,0,0,0,0,0,0
서해안선,목포,춘장대졸음쉼터,02:00-03:00,5,5,0,0,0,0,0,0,0,0,0,0,0
서해안선,목포,춘장대졸음쉼터,03:00-04:00,8,6,0,0,2,0,0,0,0,0,0,0,0
서해안선,목포,춘장대졸음쉼터,04:00-05:00,8,6,0,1,1,0,0,0,0,0,0,0,0
서해안선,목포,춘장대졸음쉼터,05:00-06:00,6,2,0,2,1,1,0,0,0,0,0,0,0
서해안선,목포,춘장대졸음쉼터,06:00-07:00,12,8,0,2,1,1,0,0,0,0,0,0,0
서해안선,서울,춘장대졸음쉼터,07:00-08:00,10,6,0,3,1,0,0,0,0,0,0,0,0
서해안선,서울,춘장대졸음쉼터,08:00-09:00,12,10,0,1,1,0,0,0,0,0,0,0,0
서해안선,서울,춘장대졸음쉼터,09:00-10:00,18,9,0,8,0,0,0,0,0,0,1,0,0
서해안선,서울,춘장대졸음쉼터,10:00-11:00,25,16,0,8,0,0,0,1,0,0,0,0,0
서해안선,서울,춘장대졸음쉼터,11:00-12:00,19,15,0,1,3,0,0,0,0,0,0,0,0
서해안선,서울,춘장대졸음쉼터,12:00-13:00,15,12,0,3,0,0,0,0,0,0,0,0,0
서해안선,서울,춘장대졸음쉼터,13:00-14:00,15,13,0,2,0,0,0,0,0,0,0,0,0
서해안선,서울,춘장대졸음쉼터,14:00-15:00,20,18,0,2,0,0,0,0,0,0,0,0,0
서해안선,서울,춘장대졸음쉼터,15:00-16:00,17,12,0,5,0,0,0,0,0,0,0,0,0
서해안선,서울,춘장대졸음쉼터,16:00-17:00,20,15,0,4,1,0,0,0,0,0,0,0,0
서해안선,서울,춘장대졸음쉼터,17:00-18:00,17,16,1,0,0,0,0,0,0,0,0,0,0
서해안선,서울,춘장대졸음쉼터,18:00-19:00,9,9,0,0,0,0,0,0,0,0,0,0,0
서해안선,서울,춘장대졸음쉼터,19:00-20:00,4,2,0,2,0,0,0,0,0,0,0,0,0
서해안선,서울,춘장대졸음쉼터,20:00-21:00,5,4,0,1,0,0,0,0,0,0,0,0,0
서해안선,서울,춘장대졸음쉼터,21:00-22:00,5,5,0,0,0,0,0,0,0,0,0,0,0
서해안선,서울,춘장대졸음쉼터,22:00-23:00,4,4,0,0,0,0,0,0,0,0,0,0,0
서해안선,서울,춘장대졸음쉼터,23:00-24:00,1,1,0,0,0,0,0,0,0,0,0,0,0
서해안선,서울,춘장대졸음쉼터,00:00-01:00,2,1,0,1,0,0,0,0,0,0,0,0,0
서해안선,서울,춘장대졸음쉼터,01:00-02:00,3,2,0,1,0,0,0,0,0,0,0,0,0
서해안선,서울,춘장대졸음쉼터,02:00-03:00,0,0,0,0,0,0,0,0,0,0,0,0,0
서해안선,서울,춘장대졸음쉼터,03:00-04:00,2,1,0,1,0,0,0,0,0,0,0,0,0
서해안선,서울,춘장대졸음쉼터,04:00-05:00,2,2,0,0,0,0,0,0,0,0,0,0,0
서해안선,서울,춘장대졸음쉼터,05:00-06:00,5,1,0,3,0,0,0,0,0,0,1,0,0
서해안선,서울,춘장대졸음쉼터,06:00-07:00,6,2,0,3,1,0,0,0,0,0,0,0,0
서해안선,서울,광천졸음쉼터,07:00-08:00,6,5,0,1,0,0,0,0,0,0,0,0,0
서해안선,서울,광천졸음쉼터,08:00-09:00,6,3,0,2,0,1,0,0,0,0,0,0,0
서해안선,서울,광천졸음쉼터,09:00-10:00,12,8,0,2,2,0,0,0,0,0,0,0,0
서해안선,서울,광천졸음쉼터,10:00-11:00,18,10,0,5,2,0,0,1,0,0,0,0,0
서해안선,서울,광천졸음쉼터,11:00-12:00,21,12,0,4,3,2,0,0,0,0,0,0,0
서해안선,서울,광천졸음쉼터,12:00-13:00,16,12,0,2,1,1,0,0,0,0,0,0,0
서해안선,서울,광천졸음쉼터,13:00-14:00,23,17,0,4,0,2,0,0,0,0,0,0,0
서해안선,서울,광천졸음쉼터,14:00-15:00,24,17,0,6,0,1,0,0,0,0,0,0,0
서해안선,서울,광천졸음쉼터,15:00-16:00,31,23,0,6,2,0,0,0,0,0,0,0,0
서해안선,서울,광천졸음쉼터,16:00-17:00,26,26,0,0,0,0,0,0,0,0,0,0,0
서해안선,서울,광천졸음쉼터,17:00-18:00,28,20,0,7,1,0,0,0,0,0,0,0,0
서해안선,서울,광천졸음쉼터,18:00-19:00,20,14,0,3,3,0,0,0,0,0,0,0,0
서해안선,서울,광천졸음쉼터,19:00-20:00,16,15,0,1,0,0,0,0,0,0,0,0,0
서해안선,서울,광천졸음쉼터,20:00-21:00,6,4,0,2,0,0,0,0,0,0,0,0,0
서해안선,서울,광천졸음쉼터,21:00-22:00,11,9,0,1,0,1,0,0,0,0,0,0,0
서해안선,서울,광천졸음쉼터,22:00-23:00,6,4,0,1,0,0,1,0,0,0,0,0,0
서해안선,서울,광천졸음쉼터,23:00-24:00,1,0,0,1,0,0,0,0,0,0,0,0,0
서해안선,서울,광천졸음쉼터,00:00-01:00,4,2,0,0,1,1,0,0,0,0,0,0,0
서해안선,서울,광천졸음쉼터,01:00-02:00,2,2,0,0,0,0,0,0,0,0,0,0,0
서해안선,서울,광천졸음쉼터,02:00-03:00,1,1,0,0,0,0,0,0,0,0,0,0,0
서해안선,서울,광천졸음쉼터,03:00-04:00,4,3,0,0,0,0,1,0,0,0,0,0,0
서해안선,서울,광천졸음쉼터,04:00-05:00,2,1,0,0,0,1,0,0,0,0,0,0,0
서해안선,서울,광천졸음쉼터,05:00-06:00,3,1,0,1,1,0,0,0,0,0,0,0,0
서해안선,서울,광천졸음쉼터,06:00-07:00,3,1,0,1,0,0,1,0,0,0,0,0,0
서해안선,목포,당진졸음쉼터,07:00-08:00,54,38,0,11,2,2,1,0,0,0,0,0,0
서해안선,목포,당진졸음쉼터,08:00-09:00,85,52,2,18,6,3,3,0,0,0,1,0,0
서해안선,목포,당진졸음쉼터,09:00-10:00,73,61,0,5,5,0,0,1,0,0,1,0,0
서해안선,목포,당진졸음쉼터,10:00-11:00,95,71,1,16,2,1,1,3,0,0,0,0,0
서해안선,목포,당진졸음쉼터,11:00-12:00,100,69,0,21,5,2,0,3,0,0,0,0,0
서해안선,목포,당진졸음쉼터,12:00-13:00,108,87,0,14,4,1,0,2,0,0,0,0,0
서해안선,목포,당진졸음쉼터,13:00-14:00,72,55,0,9,3,4,0,0,0,0,1,0,0
서해안선,목포,당진졸음쉼터,14:00-15:00,74,58,0,8,4,1,1,1,0,0,1,0,0
서해안선,목포,당진졸음쉼터,15:00-16:00,70,56,0,9,3,2,0,0,0,0,0,0,0
서해안선,목포,당진졸음쉼터,16:00-17:00,60,50,0,7,1,1,1,0,0,0,0,0,0
서해안선,목포,당진졸음쉼터,17:00-18:00,47,32,0,6,5,4,0,0,0,0,0,0,0
서해안선,목포,당진졸음쉼터,18:00-19:00,43,37,0,4,1,0,0,1,0,0,0,0,0
서해안선,목포,당진졸음쉼터,19:00-20:00,40,32,2,2,0,2,1,1,0,0,0,0,0
서해안선,목포,당진졸음쉼터,20:00-21:00,27,24,0,1,0,1,0,1,0,0,0,0,0
서해안선,목포,당진졸음쉼터,21:00-22:00,37,30,0,4,1,1,0,0,0,0,1,0,0
서해안선,목포,당진졸음쉼터,22:00-23:00,26,24,0,1,1,0,0,0,0,0,0,0,0
서해안선,목포,당진졸음쉼터,23:00-24:00,25,21,0,0,2,0,1,0,0,0,1,0,0
서해안선,목포,당진졸음쉼터,00:00-01:00,22,17,0,1,1,2,0,0,0,0,1,0,0
서해안선,목포,당진졸음쉼터,01:00-02:00,18,17,0,1,0,0,0,0,0,0,0,0,0
서해안선,목포,당진졸음쉼터,02:00-03:00,27,24,0,2,1,0,0,0,0,0,0,0,0
서해안선,목포,당진졸음쉼터,03:00-04:00,28,24,0,2,0,2,0,0,0,0,0,0,0
서해안선,목포,당진졸음쉼터,04:00-05:00,28,21,0,2,2,2,0,1,0,0,0,0,0
서해안선,목포,당진졸음쉼터,05:00-06:00,31,23,0,4,1,1,0,1,0,0,1,0,0
서해안선,목포,당진졸음쉼터,06:00-07:00,54,35,0,10,6,0,0,2,0,0,1,0,0
서해안선,목포,향남졸음쉼터,07:00-08:00,53,34,0,15,2,1,0,1,0,0,0,0,0
서해안선,목포,향남졸음쉼터,08:00-09:00,67,43,0,20,3,1,0,0,0,0,0,0,0
서해안선,목포,향남졸음쉼터,09:00-10:00,67,48,0,13,2,2,1,1,0,0,0,0,0
서해안선,목포,향남졸음쉼터,10:00-11:00,81,55,1,17,6,2,0,0,0,0,0,0,0
서해안선,목포,향남졸음쉼터,11:00-12:00,105,74,0,22,8,1,0,0,0,0,0,0,0
서해안선,목포,향남졸음쉼터,12:00-13:00,78,55,0,18,5,0,0,0,0,0,0,0,0
서해안선,목포,향남졸음쉼터,13:00-14:00,61,46,0,9,4,2,0,0,0,0,0,0,0
서해안선,목포,향남졸음쉼터,14:00-15:00,65,47,0,11,4,1,0,0,0,0,1,0,1
서해안선,목포,향남졸음쉼터,15:00-16:00,51,35,1,8,4,2,0,0,0,0,1,0,0
서해안선,목포,향남졸음쉼터,16:00-17:00,49,36,0,10,0,3,0,0,0,0,0,0,0
서해안선,목포,향남졸음쉼터,17:00-18:00,55,40,0,11,3,0,1,0,0,0,0,0,0
서해안선,목포,향남졸음쉼터,18:00-19:00,23,18,0,4,1,0,0,0,0,0,0,0,0
서해안선,목포,향남졸음쉼터,19:00-20:00,15,11,0,3,1,0,0,0,0,0,0,0,0
서해안선,목포,향남졸음쉼터,20:00-21:00,20,15,0,3,1,1,0,0,0,0,0,0,0
서해안선,목포,향남졸음쉼터,21:00-22:00,20,18,0,2,0,0,0,0,0,0,0,0,0
서해안선,목포,향남졸음쉼터,22:00-23:00,10,10,0,0,0,0,0,0,0,0,0,0,0
서해안선,목포,향남졸음쉼터,23:00-24:00,10,9,0,1,0,0,0,0,0,0,0,0,0
서해안선,목포,향남졸음쉼터,00:00-01:00,10,8,0,0,1,1,0,0,0,0,0,0,0
서해안선,목포,향남졸음쉼터,01:00-02:00,5,4,0,0,0,1,0,0,0,0,0,0,0
서해안선,목포,향남졸음쉼터,02:00-03:00,10,10,0,0,0,0,0,0,0,0,0,0,0
서해안선,목포,향남졸음쉼터,03:00-04:00,7,6,0,1,0,0,0,0,0,0,0,0,0
서해안선,목포,향남졸음쉼터,04:00-05:00,5,3,0,1,1,0,0,0,0,0,0,0,0
서해안선,목포,향남졸음쉼터,05:00-06:00,20,12,1,4,3,0,0,0,0,0,0,0,0
서해안선,목포,향남졸음쉼터,06:00-07:00,46,32,0,13,1,0,0,0,0,0,0,0,0
서해안선,목포,서서울졸음쉼터,07:00-08:00,36,25,0,1,2,4,4,0,0,0,0,0,0
서해안선,목포,서서울졸음쉼터,08:00-09:00,42,27,0,4,5,3,2,1,0,0,0,0,0
서해안선,목포,서서울졸음쉼터,09:00-10:00,45,29,0,9,1,2,2,1,0,0,1,0,0
서해안선,목포,서서울졸음쉼터,10:00-11:00,49,27,0,9,1,6,3,2,0,0,1,0,0
서해안선,목포,서서울졸음쉼터,11:00-12:00,35,18,0,4,5,2,4,1,0,0,1,0,0
서해안선,목포,서서울졸음쉼터,12:00-13:00,35,15,0,12,2,5,0,1,0,0,0,0,0
서해안선,목포,서서울졸음쉼터,13:00-14:00,44,32,0,8,1,1,2,0,0,0,0,0,0
서해안선,목포,서서울졸음쉼터,14:00-15:00,32,20,0,8,2,1,1,0,0,0,0,0,0
서해안선,목포,서서울졸음쉼터,15:00-16:00,34,24,0,7,0,2,0,1,0,0,0,0,0
서해안선,목포,서서울졸음쉼터,16:00-17:00,27,16,1,5,2,2,0,0,0,0,1,0,0
서해안선,목포,서서울졸음쉼터,17:00-18:00,29,24,0,3,0,2,0,0,0,0,0,0,0
서해안선,목포,서서울졸음쉼터,18:00-19:00,35,30,0,2,2,1,0,0,0,0,0,0,0
서해안선,목포,서서울졸음쉼터,19:00-20:00,30,24,1,2,2,1,0,0,0,0,0,0,0
서해안선,목포,서서울졸음쉼터,20:00-21:00,8,6,0,0,1,0,0,0,0,0,1,0,0
서해안선,목포,서서울졸음쉼터,21:00-22:00,23,18,0,1,1,3,0,0,0,0,0,0,0
서해안선,목포,서서울졸음쉼터,22:00-23:00,13,9,0,0,0,3,0,0,0,0,1,0,0
서해안선,목포,서서울졸음쉼터,23:00-24:00,10,7,0,0,0,3,0,0,0,0,0,0,0
서해안선,목포,서서울졸음쉼터,00:00-01:00,5,3,0,1,0,1,0,0,0,0,0,0,0
서해안선,목포,서서울졸음쉼터,01:00-02:00,7,3,0,0,1,3,0,0,0,0,0,0,0
서해안선,목포,서서울졸음쉼터,02:00-03:00,4,2,0,0,1,1,0,0,0,0,0,0,0
서해안선,목포,서서울졸음쉼터,03:00-04:00,8,3,0,0,2,3,0,0,0,0,0,0,0
서해안선,목포,서서울졸음쉼터,04:00-05:00,6,3,0,1,0,2,0,0,0,0,0,0,0
서해안선,목포,서서울졸음쉼터,05:00-06:00,19,12,0,2,4,1,0,0,0,0,0,0,0
서해안선,목포,서서울졸음쉼터,06:00-07:00,21,11,0,3,1,4,1,1,0,0,0,0,0
수도권제1순환선,외측,성남졸음쉼터,07:00-08:00,168,134,1,26,3,3,1,0,0,0,0,0,0
수도권제1순환선,외측,성남졸음쉼터,08:00-09:00,145,119,2,18,3,2,1,0,0,0,0,0,0
수도권제1순환선,외측,성남졸음쉼터,09:00-10:00,164,129,1,28,4,0,1,0,0,0,1,0,0
수도권제1순환선,외측,성남졸음쉼터,10:00-11:00,142,99,0,33,2,3,3,0,0,0,2,0,0
수도권제1순환선,외측,성남졸음쉼터,11:00-12:00,157,107,0,35,5,5,4,0,0,0,1,0,0
수도권제1순환선,외측,성남졸음쉼터,12:00-13:00,164,116,1,33,5,6,2,0,0,0,1,0,0
수도권제1순환선,외측,성남졸음쉼터,13:00-14:00,155,114,0,29,3,7,2,0,0,0,0,0,0
수도권제1순환선,외측,성남졸음쉼터,14:00-15:00,154,113,1,29,2,3,4,0,0,0,2,0,0
수도권제1순환선,외측,성남졸음쉼터,15:00-16:00,154,124,0,27,1,1,1,0,0,0,0,0,0
수도권제1순환선,외측,성남졸음쉼터,16:00-17:00,172,139,0,29,3,0,1,0,0,0,0,0,0
수도권제1순환선,외측,성남졸음쉼터,17:00-18:00,149,125,1,19,1,1,1,1,0,0,0,0,0
수도권제1순환선,외측,성남졸음쉼터,18:00-19:00,132,120,0,9,1,1,1,0,0,0,0,0,0
수도권제1순환선,외측,성남졸음쉼터,19:00-20:00,110,98,0,10,1,1,0,0,0,0,0,0,0
수도권제1순환선,외측,성남졸음쉼터,20:00-21:00,103,88,1,12,1,1,0,0,0,0,0,0,0
수도권제1순환선,외측,성남졸음쉼터,21:00-22:00,98,92,2,4,0,0,0,0,0,0,0,0,0
수도권제1순환선,외측,성남졸음쉼터,22:00-23:00,69,57,1,7,2,1,0,0,0,0,1,0,0
수도권제1순환선,외측,성남졸음쉼터,23:00-24:00,59,43,0,10,2,4,0,0,0,0,0,0,0
수도권제1순환선,외측,성남졸음쉼터,00:00-01:00,30,16,0,10,2,0,2,0,0,0,0,0,0
수도권제1순환선,외측,성남졸음쉼터,01:00-02:00,28,13,0,6,2,4,1,0,0,0,2,0,0
수도권제1순환선,외측,성남졸음쉼터,02:00-03:00,33,13,0,6,7,6,1,0,0,0,0,0,0
수도권제1순환선,외측,성남졸음쉼터,03:00-04:00,33,13,0,10,3,2,3,0,0,0,2,0,0
수도권제1순환선,외측,성남졸음쉼터,04:00-05:00,75,15,0,22,3,19,10,2,0,0,3,0,1
수도권제1순환선,외측,성남졸음쉼터,05:00-06:00,109,39,1,19,12,13,11,9,0,0,3,0,2
수도권제1순환선,외측,성남졸음쉼터,06:00-07:00,147,75,1,35,13,12,8,3,0,0,0,0,0
수도권제1순환선,내측,김포졸음쉼터,07:00-08:00,71,45,10,14,1,0,0,1,0,0,0,0,0
수도권제1순환선,내측,김포졸음쉼터,08:00-09:00,97,64,11,17,3,1,0,1,0,0,0,0,0
수도권제1순환선,내측,김포졸음쉼터,09:00-10:00,94,66,7,21,0,0,0,0,0,0,0,0,0
수도권제1순환선,내측,김포졸음쉼터,10:00-11:00,93,65,9,17,2,0,0,0,0,0,0,0,0
수도권제1순환선,내측,김포졸음쉼터,11:00-12:00,97,68,10,16,3,0,0,0,0,0,0,0,0
수도권제1순환선,내측,김포졸음쉼터,12:00-13:00,91,59,7,18,4,3,0,0,0,0,0,0,0
수도권제1순환선,내측,김포졸음쉼터,13:00-14:00,129,91,10,26,1,1,0,0,0,0,0,0,0
수도권제1순환선,내측,김포졸음쉼터,14:00-15:00,96,68,11,13,1,2,0,1,0,0,0,0,0
수도권제1순환선,내측,김포졸음쉼터,15:00-16:00,124,87,7,25,0,5,0,0,0,0,0,0,0
수도권제1순환선,내측,김포졸음쉼터,16:00-17:00,139,99,9,29,0,2,0,0,0,0,0,0,0
수도권제1순환선,내측,김포졸음쉼터,17:00-18:00,102,72,10,20,0,0,0,0,0,0,0,0,0
수도권제1순환선,내측,김포졸음쉼터,18:00-19:00,86,74,7,4,0,0,0,0,1,0,0,0,0
수도권제1순환선,내측,김포졸음쉼터,19:00-20:00,77,53,12,12,0,0,0,0,0,0,0,0,0
수도권제1순환선,내측,김포졸음쉼터,20:00-21:00,59,43,10,5,0,1,0,0,0,0,0,0,0
수도권제1순환선,내측,김포졸음쉼터,21:00-22:00,37,23,9,3,0,1,0,1,0,0,0,0,0
수도권제1순환선,내측,김포졸음쉼터,22:00-23:00,25,14,8,2,0,0,0,1,0,0,0,0,0
수도권제1순환선,내측,김포졸음쉼터,23:00-24:00,15,9,4,0,0,0,0,0,1,0,1,0,0
수도권제1순환선,내측,김포졸음쉼터,00:00-01:00,11,7,1,2,0,0,0,1,0,0,0,0,0
수도권제1순환선,내측,김포졸음쉼터,01:00-02:00,9,3,0,3,0,1,1,1,0,0,0,0,0
수도권제1순환선,내측,김포졸음쉼터,02:00-03:00,6,3,0,1,1,1,0,0,0,0,0,0,0
수도권제1순환선,내측,김포졸음쉼터,03:00-04:00,4,0,0,3,0,0,0,1,0,0,0,0,0
수도권제1순환선,내측,김포졸음쉼터,04:00-05:00,6,1,0,4,0,1,0,0,0,0,0,0,0
수도권제1순환선,내측,김포졸음쉼터,05:00-06:00,29,17,3,5,0,4,0,0,0,0,0,0,0
수도권제1순환선,내측,김포졸음쉼터,06:00-07:00,47,25,7,4,3,5,1,2,0,0,0,0,0
수도권제1순환선,외측,김포졸음쉼터,07:00-08:00,69,53,0,12,2,1,0,1,0,0,0,0,0
수도권제1순환선,외측,김포졸음쉼터,08:00-09:00,75,56,0,17,0,2,0,0,0,0,0,0,0
수도권제1순환선,외측,김포졸음쉼터,09:00-10:00,97,65,0,27,1,4,0,0,0,0,0,0,0
수도권제1순환선,외측,김포졸음쉼터,10:00-11:00,75,45,0,25,4,1,0,0,0,0,0,0,0
수도권제1순환선,외측,김포졸음쉼터,11:00-12:00,91,56,0,26,8,0,1,0,0,0,0,0,0
수도권제1순환선,외측,김포졸음쉼터,12:00-13:00,92,60,0,26,2,4,0,0,0,0,0,0,0
수도권제1순환선,외측,김포졸음쉼터,13:00-14:00,99,60,0,28,4,5,1,1,0,0,0,0,0
수도권제1순환선,외측,김포졸음쉼터,14:00-15:00,113,73,0,33,4,3,0,0,0,0,0,0,0
수도권제1순환선,외측,김포졸음쉼터,15:00-16:00,121,96,0,21,3,1,0,0,0,0,0,0,0
수도권제1순환선,외측,김포졸음쉼터,16:00-17:00,128,102,7,12,5,0,1,1,0,0,0,0,0
수도권제1순환선,외측,김포졸음쉼터,17:00-18:00,415,329,3,66,6,5,1,4,0,0,1,0,0
수도권제1순환선,외측,김포졸음쉼터,18:00-19:00,368,304,4,43,9,6,0,2,0,0,0,0,0
수도권제1순환선,외측,김포졸음쉼터,19:00-20:00,107,88,2,13,2,1,1,0,0,0,0,0,0
수도권제1순환선,외측,김포졸음쉼터,20:00-21:00,43,36,0,7,0,0,0,0,0,0,0,0,0
수도권제1순환선,외측,김포졸음쉼터,21:00-22:00,43,39,0,1,0,2,0,0,0,0,1,0,0
수도권제1순환선,외측,김포졸음쉼터,22:00-23:00,20,19,0,1,0,0,0,0,0,0,0,0,0
수도권제1순환선,외측,김포졸음쉼터,23:00-24:00,25,21,0,1,3,0,0,0,0,0,0,0,0
수도권제1순환선,외측,김포졸음쉼터,00:00-01:00,15,15,0,0,0,0,0,0,0,0,0,0,0
수도권제1순환선,외측,김포졸음쉼터,01:00-02:00,7,5,0,2,0,0,0,0,0,0,0,0,0
수도권제1순환선,외측,김포졸음쉼터,02:00-03:00,11,10,0,1,0,0,0,0,0,0,0,0,0
수도권제1순환선,외측,김포졸음쉼터,03:00-04:00,6,5,0,1,0,0,0,0,0,0,0,0,0
수도권제1순환선,외측,김포졸음쉼터,04:00-05:00,13,8,0,4,1,0,0,0,0,0,0,0,0
수도권제1순환선,외측,김포졸음쉼터,05:00-06:00,29,17,0,6,5,0,0,1,0,0,0,0,0
수도권제1순환선,외측,김포졸음쉼터,06:00-07:00,56,41,0,10,2,1,1,1,0,0,0,0,0
수도권제1순환선,내측,시흥졸음쉼터,07:00-08:00,15,10,0,4,1,0,0,0,0,0,0,0,0
수도권제1순환선,내측,시흥졸음쉼터,08:00-09:00,41,30,0,5,3,3,0,0,0,0,0,0,0
수도권제1순환선,내측,시흥졸음쉼터,09:00-10:00,62,35,0,23,2,1,0,0,0,1,0,0,0
수도권제1순환선,내측,시흥졸음쉼터,10:00-11:00,46,29,0,14,2,1,0,0,0,0,0,0,0
수도권제1순환선,내측,시흥졸음쉼터,11:00-12:00,42,22,0,13,5,2,0,0,0,0,0,0,0
수도권제1순환선,내측,시흥졸음쉼터,12:00-13:00,43,26,0,9,2,4,1,1,0,0,0,0,0
수도권제1순환선,내측,시흥졸음쉼터,13:00-14:00,51,32,0,13,2,4,0,0,0,0,0,0,0
수도권제1순환선,내측,시흥졸음쉼터,14:00-15:00,65,40,0,20,4,0,1,0,0,0,0,0,0
수도권제1순환선,내측,시흥졸음쉼터,15:00-16:00,73,56,0,13,2,2,0,0,0,0,0,0,0
수도권제1순환선,내측,시흥졸음쉼터,16:00-17:00,55,46,1,7,0,1,0,0,0,0,0,0,0
수도권제1순환선,내측,시흥졸음쉼터,17:00-18:00,52,46,1,3,0,1,0,1,0,0,0,0,0
수도권제1순환선,내측,시흥졸음쉼터,18:00-19:00,52,42,2,5,0,1,0,1,1,0,0,0,0
수도권제1순환선,내측,시흥졸음쉼터,19:00-20:00,53,46,0,5,1,1,0,0,0,0,0,0,0
수도권제1순환선,내측,시흥졸음쉼터,20:00-21:00,32,27,0,4,0,1,0,0,0,0,0,0,0
수도권제1순환선,내측,시흥졸음쉼터,21:00-22:00,25,22,0,0,0,2,0,1,0,0,0,0,0
수도권제1순환선,내측,시흥졸음쉼터,22:00-23:00,14,12,0,2,0,0,0,0,0,0,0,0,0
수도권제1순환선,내측,시흥졸음쉼터,23:00-24:00,7,4,0,1,0,2,0,0,0,0,0,0,0
수도권제1순환선,내측,시흥졸음쉼터,00:00-01:00,4,3,0,0,0,1,0,0,0,0,0,0,0
수도권제1순환선,내측,시흥졸음쉼터,01:00-02:00,6,2,0,0,2,1,0,1,0,0,0,0,0
수도권제1순환선,내측,시흥졸음쉼터,02:00-03:00,3,0,0,0,0,2,0,1,0,0,0,0,0
수도권제1순환선,내측,시흥졸음쉼터,03:00-04:00,2,0,0,1,0,1,0,0,0,0,0,0,0
수도권제1순환선,내측,시흥졸음쉼터,04:00-05:00,4,1,0,0,1,2,0,0,0,0,0,0,0
수도권제1순환선,내측,시흥졸음쉼터,05:00-06:00,4,3,0,0,0,1,0,0,0,0,0,0,0
수도권제1순환선,내측,시흥졸음쉼터,06:00-07:00,15,8,0,4,0,1,0,2,0,0,0,0,0
수도권제1순환선,외측,시흥졸음쉼터,07:00-08:00,46,36,2,6,2,0,0,0,0,0,0,0,0
수도권제1순환선,외측,시흥졸음쉼터,08:00-09:00,71,48,5,10,3,1,4,0,0,0,0,0,0
수도권제1순환선,외측,시흥졸음쉼터,09:00-10:00,22,19,0,2,1,0,0,0,0,0,0,0,0
수도권제1순환선,외측,시흥졸음쉼터,10:00-11:00,22,13,0,5,0,3,0,1,0,0,0,0,0
수도권제1순환선,외측,시흥졸음쉼터,11:00-12:00,18,11,0,4,2,0,1,0,0,0,0,0,0
수도권제1순환선,외측,시흥졸음쉼터,12:00-13:00,18,9,1,6,2,0,0,0,0,0,0,0,0
수도권제1순환선,외측,시흥졸음쉼터,13:00-14:00,22,16,0,3,1,1,0,0,0,0,1,0,0
수도권제1순환선,외측,시흥졸음쉼터,14:00-15:00,32,22,0,6,4,0,0,0,0,0,0,0,0
수도권제1순환선,외측,시흥졸음쉼터,15:00-16:00,23,17,0,3,3,0,0,0,0,0,0,0,0
수도권제1순환선,외측,시흥졸음쉼터,16:00-17:00,17,14,0,1,1,1,0,0,0,0,0,0,0
수도권제1순환선,외측,시흥졸음쉼터,17:00-18:00,16,13,0,1,1,0,0,0,0,0,1,0,0
수도권제1순환선,외측,시흥졸음쉼터,18:00-19:00,25,22,0,2,0,1,0,0,0,0,0,0,0
수도권제1순환선,외측,시흥졸음쉼터,19:00-20:00,8,6,0,0,1,0,0,1,0,0,0,0,0
수도권제1순환선,외측,시흥졸음쉼터,20:00-21:00,4,4,0,0,0,0,0,0,0,0,0,0,0
수도권제1순환선,외측,시흥졸음쉼터,21:00-22:00,4,3,0,1,0,0,0,0,0,0,0,0,0
수도권제1순환선,외측,시흥졸음쉼터,22:00-23:00,3,3,0,0,0,0,0,0,0,0,0,0,0
수도권제1순환선,외측,시흥졸음쉼터,23:00-24:00,4,2,1,0,0,1,0,0,0,0,0,0,0
수도권제1순환선,외측,시흥졸음쉼터,00:00-01:00,2,2,0,0,0,0,0,0,0,0,0,0,0
수도권제1순환선,외측,시흥졸음쉼터,01:00-02:00,0,0,0,0,0,0,0,0,0,0,0,0,0
수도권제1순환선,외측,시흥졸음쉼터,02:00-03:00,0,0,0,0,0,0,0,0,0,0,0,0,0
수도권제1순환선,외측,시흥졸음쉼터,03:00-04:00,1,0,0,0,1,0,0,0,0,0,0,0,0
수도권제1순환선,외측,시흥졸음쉼터,04:00-05:00,2,2,0,0,0,0,0,0,0,0,0,0,0
수도권제1순환선,외측,시흥졸음쉼터,05:00-06:00,4,0,0,0,3,1,0,0,0,0,0,0,0
수도권제1순환선,외측,시흥졸음쉼터,06:00-07:00,5,3,0,1,0,1,0,0,0,0,0,0,0
영동선,강릉,용인졸음쉼터,07:00-08:00,58,36,2,17,3,0,0,0,0,0,0,0,0
영동선,강릉,용인졸음쉼터,08:00-09:00,99,69,8,15,4,2,0,0,0,0,1,0,0
영동선,강릉,용인졸음쉼터,09:00-10:00,107,85,1,16,2,0,1,1,1,0,0,0,0
영동선,강릉,용인졸음쉼터,10:00-11:00,124,94,1,24,3,2,0,0,0,0,0,0,0
영동선,강릉,용인졸음쉼터,11:00-12:00,110,74,0,21,7,3,0,4,0,0,1,0,0
영동선,강릉,용인졸음쉼터,12:00-13:00,84,59,0,19,1,4,1,0,0,0,0,0,0
영동선,강릉,용인졸음쉼터,13:00-14:00,93,74,0,16,1,2,0,0,0,0,0,0,0
영동선,강릉,용인졸음쉼터,14:00-15:00,66,49,1,13,2,1,0,0,0,0,0,0,0
영동선,강릉,용인졸음쉼터,15:00-16:00,80,55,1,18,4,2,0,0,0,0,0,0,0
영동선,강릉,용인졸음쉼터,16:00-17:00,68,54,0,8,2,2,0,1,1,0,0,0,0
영동선,강릉,용인졸음쉼터,17:00-18:00,51,45,0,5,1,0,0,0,0,0,0,0,0
영동선,강릉,용인졸음쉼터,18:00-19:00,56,48,0,4,3,1,0,0,0,0,0,0,0
영동선,강릉,용인졸음쉼터,19:00-20:00,34,27,1,4,2,0,0,0,0,0,0,0,0
영동선,강릉,용인졸음쉼터,20:00-21:00,27,23,0,4,0,0,0,0,0,0,0,0,0
영동선,강릉,용인졸음쉼터,21:00-22:00,21,16,1,4,0,0,0,0,0,0,0,0,0
영동선,강릉,용인졸음쉼터,22:00-23:00,20,13,1,2,1,1,2,0,0,0,0,0,0
영동선,강릉,용인졸음쉼터,23:00-24:00,14,12,0,0,1,1,0,0,0,0,0,0,0
영동선,강릉,용인졸음쉼터,00:00-01:00,11,5,0,3,0,2,0,1,0,0,0,0,0
영동선,강릉,용인졸음쉼터,01:00-02:00,4,2,0,2,0,0,0,0,0,0,0,0,0
영동선,강릉,용인졸음쉼터,02:00-03:00,8,6,0,0,1,0,1,0,0,0,0,0,0
영동선,강릉,용인졸음쉼터,03:00-04:00,7,2,0,4,1,0,0,0,0,0,0,0,0
영동선,강릉,용인졸음쉼터,04:00-05:00,17,4,0,7,3,1,0,2,0,0,0,0,0
영동선,강릉,용인졸음쉼터,05:00-06:00,34,15,0,9,2,4,3,0,0,0,1,0,0
영동선,강릉,용인졸음쉼터,06:00-07:00,41,27,0,10,1,2,1,0,0,0,0,0,0
영동선,강릉,이천졸음쉼터,07:00-08:00,51,40,1,6,2,1,0,0,0,0,1,0,0
영동선,강릉,이천졸음쉼터,08:00-09:00,58,48,0,6,2,2,0,0,0,0,0,0,0
영동선,강릉,이천졸음쉼터,09:00-10:00,75,57,1,9,2,6,0,0,0,0,0,0,0
영동선,강릉,이천졸음쉼터,10:00-11:00,94,72,0,13,3,5,0,1,0,0,0,0,0
영동선,강릉,이천졸음쉼터,11:00-12:00,89,61,0,20,2,4,0,0,0,0,2,0,0
영동선,강릉,이천졸음쉼터,12:00-13:00,85,57,0,17,4,6,0,0,0,0,1,0,0
영동선,강릉,이천졸음쉼터,13:00-14:00,72,58,0,11,1,2,0,0,0,0,0,0,0
영동선,강릉,이천졸음쉼터,14:00-15:00,62,44,0,13,4,1,0,0,0,0,0,0,0
영동선,강릉,이천졸음쉼터,15:00-16:00,58,45,0,9,2,2,0,0,0,0,0,0,0
영동선,강릉,이천졸음쉼터,16:00-17:00,44,30,1,8,2,2,0,0,0,0,1,0,0
영동선,강릉,이천졸음쉼터,17:00-18:00,39,32,0,4,1,2,0,0,0,0,0,0,0
영동선,강릉,이천졸음쉼터,18:00-19:00,27,23,0,3,1,0,0,0,0,0,0,0,0
영동선,강릉,이천졸음쉼터,19:00-20:00,19,18,0,1,0,0,0,0,0,0,0,0,0
영동선,강릉,이천졸음쉼터,20:00-21:00,21,20,0,1,0,0,0,0,0,0,0,0,0
영동선,강릉,이천졸음쉼터,21:00-22:00,13,13,0,0,0,0,0,0,0,0,0,0,0
영동선,강릉,이천졸음쉼터,22:00-23:00,12,10,0,0,0,2,0,0,0,0,0,0,0
영동선,강릉,이천졸음쉼터,23:00-24:00,5,5,0,0,0,0,0,0,0,0,0,0,0
영동선,강릉,이천졸음쉼터,00:00-01:00,3,2,0,1,0,0,0,0,0,0,0,0,0
영동선,강릉,이천졸음쉼터,01:00-02:00,4,3,0,0,0,0,0,0,0,0,1,0,0
영동선,강릉,이천졸음쉼터,02:00-03:00,1,0,1,0,0,0,0,0,0,0,0,0,0
영동선,강릉,이천졸음쉼터,03:00-04:00,4,2,0,0,1,1,0,0,0,0,0,0,0
영동선,강릉,이천졸음쉼터,04:00-05:00,12,9,0,2,1,0,0,0,0,0,0,0,0
영동선,강릉,이천졸음쉼터,05:00-06:00,16,13,0,1,1,1,0,0,0,0,0,0,0
영동선,강릉,이천졸음쉼터,06:00-07:00,38,32,1,3,2,0,0,0,0,0,0,0,0
영동선,인천,적금졸음쉼터,07:00-08:00,22,13,0,5,1,1,0,1,0,0,1,0,0
영동선,인천,적금졸음쉼터,08:00-09:00,22,13,0,2,3,3,0,1,0,0,0,0,0
영동선,인천,적금졸음쉼터,09:00-10:00,34,17,1,7,4,4,1,0,0,0,0,0,0
영동선,인천,적금졸음쉼터,10:00-11:00,31,21,0,7,3,0,0,0,0,0,0,0,0
영동선,인천,적금졸음쉼터,11:00-12:00,40,25,0,9,0,1,2,1,0,0,1,0,1
영동선,인천,적금졸음쉼터,12:00-13:00,25,14,1,9,0,1,0,0,0,0,0,0,0
영동선,인천,적금졸음쉼터,13:00-14:00,38,26,0,9,1,2,0,0,0,0,0,0,0
영동선,인천,적금졸음쉼터,14:00-15:00,43,33,0,8,2,0,0,0,0,0,0,0,0
영동선,인천,적금졸음쉼터,15:00-16:00,59,46,0,11,1,0,1,0,0,0,0,0,0
영동선,인천,적금졸음쉼터,16:00-17:00,44,40,1,2,1,0,0,0,0,0,0,0,0
영동선,인천,적금졸음쉼터,17:00-18:00,20,17,0,2,1,0,0,0,0,0,0,0,0
영동선,인천,적금졸음쉼터,18:00-19:00,20,18,0,1,0,1,0,0,0,0,0,0,0
영동선,인천,적금졸음쉼터,19:00-20:00,14,12,0,2,0,0,0,0,0,0,0,0,0
영동선,인천,적금졸음쉼터,20:00-21:00,9,6,0,0,0,0,0,2,0,0,1,0,0
영동선,인천,적금졸음쉼터,21:00-22:00,5,4,0,1,0,0,0,0,0,0,0,0,0
영동선,인천,적금졸음쉼터,22:00-23:00,10,7,0,1,0,1,1,0,0,0,0,0,0
영동선,인천,적금졸음쉼터,23:00-24:00,2,2,0,0,0,0,0,0,0,0,0,0,0
영동선,인천,적금졸음쉼터,00:00-01:00,3,2,0,1,0,0,0,0,0,0,0,0,0
영동선,인천,적금졸음쉼터,01:00-02:00,3,0,0,1,1,1,0,0,0,0,0,0,0
영동선,인천,적금졸음쉼터,02:00-03:00,5,2,0,1,1,1,0,0,0,0,0,0,0
영동선,인천,적금졸음쉼터,03:00-04:00,1,0,0,1,0,0,0,0,0,0,0,0,0
영동선,인천,적금졸음쉼터,04:00-05:00,4,2,0,0,2,0,0,0,0,0,0,0,0
영동선,인천,적금졸음쉼터,05:00-06:00,4,1,0,2,0,0,1,0,0,0,0,0,0
영동선,인천,적금졸음쉼터,06:00-07:00,6,4,0,2,0,0,0,0,0,0,0,0,0
영동선,강릉,적금졸음쉼터,07:00-08:00,22,14,0,2,2,3,1,0,0,0,0,0,0
영동선,강릉,적금졸음쉼터,08:00-09:00,20,11,0,5,3,1,0,0,0,0,0,0,0
영동선,강릉,적금졸음쉼터,09:00-10:00,38,22,0,7,4,3,2,0,0,0,0,0,0
영동선,강릉,적금졸음쉼터,10:00-11:00,39,30,0,7,2,0,0,0,0,0,0,0,0
영동선,강릉,적금졸음쉼터,11:00-12:00,39,27,0,8,1,1,0,1,0,0,1,0,0
영동선,강릉,적금졸음쉼터,12:00-13:00,56,43,0,7,1,2,2,1,0,0,0,0,0
영동선,강릉,적금졸음쉼터,13:00-14:00,23,17,0,4,0,0,0,0,0,0,1,0,1
영동선,강릉,적금졸음쉼터,14:00-15:00,31,25,0,5,1,0,0,0,0,0,0,0,0
영동선,강릉,적금졸음쉼터,15:00-16:00,43,36,0,5,0,0,0,1,0,0,0,0,1
영동선,강릉,적금졸음쉼터,16:00-17:00,20,15,0,4,1,0,0,0,0,0,0,0,0
영동선,강릉,적금졸음쉼터,17:00-18:00,22,18,0,2,1,1,0,0,0,0,0,0,0
영동선,강릉,적금졸음쉼터,18:00-19:00,17,12,0,2,0,2,1,0,0,0,0,0,0
영동선,강릉,적금졸음쉼터,19:00-20:00,11,9,0,2,0,0,0,0,0,0,0,0,0
영동선,강릉,적금졸음쉼터,20:00-21:00,14,11,0,2,0,0,0,0,0,0,1,0,0
영동선,강릉,적금졸음쉼터,21:00-22:00,11,4,0,3,2,1,1,0,0,0,0,0,0
영동선,강릉,적금졸음쉼터,22:00-23:00,10,9,0,0,0,1,0,0,0,0,0,0,0
영동선,강릉,적금졸음쉼터,23:00-24:00,4,2,0,0,0,1,0,1,0,0,0,0,0
영동선,강릉,적금졸음쉼터,00:00-01:00,5,2,0,1,0,1,0,1,0,0,0,0,0
영동선,강릉,적금졸음쉼터,01:00-02:00,4,0,0,0,2,1,1,0,0,0,0,0,0
영동선,강릉,적금졸음쉼터,02:00-03:00,1,0,0,1,0,0,0,0,0,0,0,0,0
영동선,강릉,적금졸음쉼터,03:00-04:00,3,2,0,1,0,0,0,0,0,0,0,0,0
영동선,강릉,적금졸음쉼터,04:00-05:00,8,4,0,1,0,1,1,0,0,0,1,0,0
영동선,강릉,적금졸음쉼터,05:00-06:00,13,9,0,2,0,1,0,0,0,0,1,0,0
영동선,강릉,적금졸음쉼터,06:00-07:00,18,7,0,5,0,1,2,1,0,0,2,0,0
영동선,강릉,소초졸음쉼터,07:00-08:00,29,20,0,6,1,2,0,0,0,0,0,0,0
영동선,강릉,소초졸음쉼터,08:00-09:00,29,23,2,3,1,0,0,0,0,0,0,0,0
영동선,강릉,소초졸음쉼터,09:00-10:00,54,45,2,4,1,1,0,1,0,0,0,0,0
영동선,강릉,소초졸음쉼터,10:00-11:00,54,44,1,8,0,0,1,0,0,0,0,0,0
영동선,강릉,소초졸음쉼터,11:00-12:00,52,43,0,5,1,0,1,2,0,0,0,0,0
영동선,강릉,소초졸음쉼터,12:00-13:00,42,33,0,6,2,0,0,1,0,0,0,0,0
영동선,강릉,소초졸음쉼터,13:00-14:00,27,26,0,1,0,0,0,0,0,0,0,0,0
영동선,강릉,소초졸음쉼터,14:00-15:00,38,29,0,5,1,2,0,1,0,0,0,0,0
영동선,강릉,소초졸음쉼터,15:00-16:00,35,31,1,2,1,0,0,0,0,0,0,0,0
영동선,강릉,소초졸음쉼터,16:00-17:00,38,31,0,4,2,0,1,0,0,0,0,0,0
영동선,강릉,소초졸음쉼터,17:00-18:00,20,16,0,2,1,1,0,0,0,0,0,0,0
영동선,강릉,소초졸음쉼터,18:00-19:00,12,11,0,0,0,0,1,0,0,0,0,0,0
영동선,강릉,소초졸음쉼터,19:00-20:00,11,10,0,1,0,0,0,0,0,0,0,0,0
영동선,강릉,소초졸음쉼터,20:00-21:00,9,9,0,0,0,0,0,0,0,0,0,0,0
영동선,강릉,소초졸음쉼터,21:00-22:00,10,8,1,1,0,0,0,0,0,0,0,0,0
영동선,강릉,소초졸음쉼터,22:00-23:00,8,4,0,0,1,0,1,2,0,0,0,0,0
영동선,강릉,소초졸음쉼터,23:00-24:00,10,4,1,1,1,3,0,0,0,0,0,0,0
영동선,강릉,소초졸음쉼터,00:00-01:00,8,5,0,1,0,0,1,1,0,0,0,0,0
영동선,강릉,소초졸음쉼터,01:00-02:00,7,7,0,0,0,0,0,0,0,0,0,0,0
영동선,강릉,소초졸음쉼터,02:00-03:00,2,0,0,0,0,2,0,0,0,0,0,0,0
영동선,강릉,소초졸음쉼터,03:00-04:00,4,2,0,1,0,0,0,1,0,0,0,0,0
영동선,강릉,소초졸음쉼터,04:00-05:00,5,2,0,3,0,0,0,0,0,0,0,0,0
영동선,강릉,소초졸음쉼터,05:00-06:00,5,3,0,1,0,0,1,0,0,0,0,0,0
영동선,강릉,소초졸음쉼터,06:00-07:00,17,7,0,2,4,3,0,0,0,0,0,1,0
영동선,인천,월정졸음쉼터,07:00-08:00,5,3,0,0,1,0,1,0,0,0,0,0,0
영동선,인천,월정졸음쉼터,08:00-09:00,11,7,0,3,1,0,0,0,0,0,0,0,0
영동선,인천,월정졸음쉼터,09:00-10:00,22,11,0,2,1,6,0,2,0,0,0,0,0
영동선,인천,월정졸음쉼터,10:00-11:00,17,13,0,1,2,0,1,0,0,0,0,0,0
영동선,인천,월정졸음쉼터,11:00-12:00,19,8,0,6,1,4,0,0,0,0,0,0,0
영동선,인천,월정졸음쉼터,12:00-13:00,21,16,0,2,2,0,1,0,0,0,0,0,0
영동선,인천,월정졸음쉼터,13:00-14:00,27,21,0,2,1,1,0,2,0,0,0,0,0
영동선,인천,월정졸음쉼터,14:00-15:00,25,23,0,2,0,0,0,0,0,0,0,0,0
영동선,인천,월정졸음쉼터,15:00-16:00,19,15,0,2,2,0,0,0,0,0,0,0,0
영동선,인천,월정졸음쉼터,16:00-17:00,20,16,1,1,2,0,0,0,0,0,0,0,0
영동선,인천,월정졸음쉼터,17:00-18:00,18,18,0,0,0,0,0,0,0,0,0,0,0
영동선,인천,월정졸음쉼터,18:00-19:00,17,13,0,3,1,0,0,0,0,0,0,0,0
영동선,인천,월정졸음쉼터,19:00-20:00,11,10,0,0,1,0,0,0,0,0,0,0,0
영동선,인천,월정졸음쉼터,20:00-21:00,6,5,0,1,0,0,0,0,0,0,0,0,0
영동선,인천,월정졸음쉼터,21:00-22:00,3,3,0,0,0,0,0,0,0,0,0,0,0
영동선,인천,월정졸음쉼터,22:00-23:00,2,2,0,0,0,0,0,0,0,0,0,0,0
영동선,인천,월정졸음쉼터,23:00-24:00,0,0,0,0,0,0,0,0,0,0,0,0,0
영동선,인천,월정졸음쉼터,00:00-01:00,4,4,0,0,0,0,0,0,0,0,0,0,0
영동선,인천,월정졸음쉼터,01:00-02:00,2,0,0,0,0,1,0,0,0,1,0,0,0
영동선,인천,월정졸음쉼터,02:00-03:00,0,0,0,0,0,0,0,0,0,0,0,0,0
영동선,인천,월정졸음쉼터,03:00-04:00,2,1,0,1,0,0,0,0,0,0,0,0,0
영동선,인천,월정졸음쉼터,04:00-05:00,5,3,0,1,0,0,1,0,0,0,0,0,0
영동선,인천,월정졸음쉼터,05:00-06:00,6,4,0,0,1,0,1,0,0,0,0,0,0
영동선,인천,월정졸음쉼터,06:00-07:00,9,5,1,1,2,0,0,0,0,0,0,0,0
영동선,강릉,월정졸음쉼터,07:00-08:00,17,8,0,4,3,2,0,0,0,0,0,0,0
영동선,강릉,월정졸음쉼터,08:00-09:00,18,15,0,1,1,0,1,0,0,0,0,0,0
영동선,강릉,월정졸음쉼터,09:00-10:00,32,25,0,4,2,0,0,1,0,0,0,0,0
영동선,강릉,월정졸음쉼터,10:00-11:00,35,27,1,4,2,0,0,0,0,0,1,0,0
영동선,강릉,월정졸음쉼터,11:00-12:00,38,26,0,8,2,1,0,1,0,0,0,0,0
영동선,강릉,월정졸음쉼터,12:00-13:00,30,22,1,5,0,0,0,2,0,0,0,0,0
영동선,강릉,월정졸음쉼터,13:00-14:00,43,33,0,6,4,0,0,0,0,0,0,0,0
영동선,강릉,월정졸음쉼터,14:00-15:00,48,39,0,6,0,1,0,1,0,0,1,0,0
영동선,강릉,월정졸음쉼터,15:00-16:00,39,29,0,3,4,0,1,2,0,0,0,0,0
영동선,강릉,월정졸음쉼터,16:00-17:00,32,24,1,2,0,1,1,2,0,0,1,0,0
영동선,강릉,월정졸음쉼터,17:00-18:00,23,17,0,2,2,1,0,1,0,0,0,0,0
영동선,강릉,월정졸음쉼터,18:00-19:00,16,15,0,0,0,0,0,1,0,0,0,0,0
영동선,강릉,월정졸음쉼터,19:00-20:00,13,8,0,1,1,0,1,1,0,0,1,0,0
영동선,강릉,월정졸음쉼터,20:00-21:00,15,13,0,1,1,0,0,0,0,0,0,0,0
영동선,강릉,월정졸음쉼터,21:00-22:00,10,8,0,0,1,1,0,0,0,0,0,0,0
영동선,강릉,월정졸음쉼터,22:00-23:00,10,7,0,0,0,0,1,2,0,0,0,0,0
영동선,강릉,월정졸음쉼터,23:00-24:00,6,3,0,0,0,1,0,2,0,0,0,0,0
영동선,강릉,월정졸음쉼터,00:00-01:00,3,3,0,0,0,0,0,0,0,0,0,0,0
영동선,강릉,월정졸음쉼터,01:00-02:00,4,0,0,0,2,0,0,2,0,0,0,0,0
영동선,강릉,월정졸음쉼터,02:00-03:00,7,2,1,1,2,0,0,0,1,0,0,0,0
영동선,강릉,월정졸음쉼터,03:00-04:00,12,2,1,2,1,1,1,3,0,0,1,0,0
영동선,강릉,월정졸음쉼터,04:00-05:00,16,5,0,1,4,1,0,4,0,0,1,0,0
영동선,강릉,월정졸음쉼터,05:00-06:00,11,4,0,0,1,2,0,2,0,0,2,0,0
영동선,강릉,월정졸음쉼터,06:00-07:00,17,4,0,3,7,2,1,0,0,0,0,0,0
영동선,인천,대관령졸음쉼터,07:00-08:00,10,6,0,3,0,0,1,0,0,0,0,0,0
영동선,인천,대관령졸음쉼터,08:00-09:00,16,4,0,5,1,2,1,3,0,0,0,0,0
영동선,인천,대관령졸음쉼터,09:00-10:00,27,16,0,5,2,0,1,3,0,0,0,0,0
영동선,인천,대관령졸음쉼터,10:00-11:00,21,14,0,2,2,2,0,0,0,0,1,0,0
영동선,인천,대관령졸음쉼터,11:00-12:00,13,7,1,3,0,0,0,1,0,0,1,0,0
영동선,인천,대관령졸음쉼터,12:00-13:00,23,16,0,4,1,2,0,0,0,0,0,0,0
영동선,인천,대관령졸음쉼터,13:00-14:00,28,24,0,3,0,0,1,0,0,0,0,0,0
영동선,인천,대관령졸음쉼터,14:00-15:00,38,35,0,0,0,1,0,2,0,0,0,0,0
영동선,인천,대관령졸음쉼터,15:00-16:00,24,16,0,4,2,2,0,0,0,0,0,0,0
영동선,인천,대관령졸음쉼터,16:00-17:00,24,20,1,2,0,0,1,0,0,0,0,0,0
영동선,인천,대관령졸음쉼터,17:00-18:00,14,10,0,2,2,0,0,0,0,0,0,0,0
영동선,인천,대관령졸음쉼터,18:00-19:00,20,18,0,0,1,1,0,0,0,0,0,0,0
영동선,인천,대관령졸음쉼터,19:00-20:00,7,6,0,1,0,0,0,0,0,0,0,0,0
영동선,인천,대관령졸음쉼터,20:00-21:00,6,5,0,0,1,0,0,0,0,0,0,0,0
영동선,인천,대관령졸음쉼터,21:00-22:00,3,2,0,0,0,0,1,0,0,0,0,0,0
영동선,인천,대관령졸음쉼터,22:00-23:00,4,3,0,0,0,0,1,0,0,0,0,0,0
영동선,인천,대관령졸음쉼터,23:00-24:00,1,1,0,0,0,0,0,0,0,0,0,0,0
영동선,인천,대관령졸음쉼터,00:00-01:00,1,1,0,0,0,0,0,0,0,0,0,0,0
영동선,인천,대관령졸음쉼터,01:00-02:00,6,4,0,0,1,0,0,0,0,0,0,0,1
영동선,인천,대관령졸음쉼터,02:00-03:00,0,0,0,0,0,0,0,0,0,0,0,0,0
영동선,인천,대관령졸음쉼터,03:00-04:00,5,3,0,0,0,1,0,0,0,0,0,0,1
영동선,인천,대관령졸음쉼터,04:00-05:00,3,2,0,0,0,0,0,0,0,0,0,0,1
영동선,인천,대관령졸음쉼터,05:00-06:00,6,3,0,0,0,0,1,2,0,0,0,0,0
영동선,인천,대관령졸음쉼터,06:00-07:00,7,5,0,0,1,0,1,0,0,0,0,0,0
중부내륙선,창원,오봉졸음쉼터,07:00-08:00,16,9,0,3,2,2,0,0,0,0,0,0,0
중부내륙선,창원,오봉졸음쉼터,08:00-09:00,15,6,0,4,2,1,2,0,0,0,0,0,0
중부내륙선,창원,오봉졸음쉼터,09:00-10:00,21,18,0,2,0,0,1,0,0,0,0,0,0
중부내륙선,창원,오봉졸음쉼터,10:00-11:00,21,17,1,2,0,1,0,0,0,0,0,0,0
중부내륙선,창원,오봉졸음쉼터,11:00-12:00,24,18,0,0,2,1,2,0,0,0,1,0,0
중부내륙선,창원,오봉졸음쉼터,12:00-13:00,15,9,0,2,2,1,0,1,0,0,0,0,0
중부내륙선,창원,오봉졸음쉼터,13:00-14:00,10,4,0,1,1,1,3,0,0,0,0,0,0
중부내륙선,창원,오봉졸음쉼터,14:00-15:00,29,16,0,4,3,4,2,0,0,0,0,0,0
중부내륙선,창원,오봉졸음쉼터,15:00-16:00,28,20,0,3,3,1,0,0,0,0,1,0,0
중부내륙선,창원,오봉졸음쉼터,16:00-17:00,18,15,0,1,1,0,1,0,0,0,0,0,0
중부내륙선,창원,오봉졸음쉼터,17:00-18:00,11,7,0,1,1,1,0,0,0,0,1,0,0
중부내륙선,창원,오봉졸음쉼터,18:00-19:00,16,13,0,0,0,1,1,1,0,0,0,0,0
중부내륙선,창원,오봉졸음쉼터,19:00-20:00,12,7,1,0,0,0,2,0,0,0,1,0,1
중부내륙선,창원,오봉졸음쉼터,20:00-21:00,8,7,0,0,0,0,1,0,0,0,0,0,0
중부내륙선,창원,오봉졸음쉼터,21:00-22:00,2,1,0,1,0,0,0,0,0,0,0,0,0
중부내륙선,창원,오봉졸음쉼터,22:00-23:00,6,2,0,1,1,2,0,0,0,0,0,0,0
중부내륙선,창원,오봉졸음쉼터,23:00-24:00,9,9,0,0,0,0,0,0,0,0,0,0,0
중부내륙선,창원,오봉졸음쉼터,00:00-01:00,4,2,0,0,0,0,1,1,0,0,0,0,0
중부내륙선,창원,오봉졸음쉼터,01:00-02:00,4,1,0,1,1,1,0,0,0,0,0,0,0
중부내륙선,창원,오봉졸음쉼터,02:00-03:00,6,4,0,1,0,0,1,0,0,0,0,0,0
중부내륙선,창원,오봉졸음쉼터,03:00-04:00,8,3,0,0,2,1,0,0,0,0,2,0,0
중부내륙선,창원,오봉졸음쉼터,04:00-05:00,9,5,0,0,3,0,1,0,0,0,0,0,0
중부내륙선,창원,오봉졸음쉼터,05:00-06:00,10,3,0,3,1,2,0,0,0,0,1,0,0
중부내륙선,창원,오봉졸음쉼터,06:00-07:00,14,10,0,1,1,1,0,0,0,0,1,0,0
중부내륙선,양평,낙상졸음쉼터,07:00-08:00,17,11,0,2,1,1,1,0,0,0,1,0,0
중부내륙선,양평,낙상졸음쉼터,08:00-09:00,33,27,1,2,0,2,1,0,0,0,0,0,0
중부내륙선,양평,낙상졸음쉼터,09:00-10:00,45,39,0,3,1,2,0,0,0,0,0,0,0
중부내륙선,양평,낙상졸음쉼터,10:00-11:00,47,36,1,7,1,0,2,0,0,0,0,0,0
중부내륙선,양평,낙상졸음쉼터,11:00-12:00,37,32,0,4,0,1,0,0,0,0,0,0,0
중부내륙선,양평,낙상졸음쉼터,12:00-13:00,45,35,0,7,2,1,0,0,0,0,0,0,0
중부내륙선,양평,낙상졸음쉼터,13:00-14:00,67,52,0,10,2,2,0,1,0,0,0,0,0
중부내륙선,양평,낙상졸음쉼터,14:00-15:00,63,50,0,9,2,2,0,0,0,0,0,0,0
중부내륙선,양평,낙상졸음쉼터,15:00-16:00,57,46,0,9,2,0,0,0,0,0,0,0,0
중부내륙선,양평,낙상졸음쉼터,16:00-17:00,34,26,1,4,1,2,0,0,0,0,0,0,0
중부내륙선,양평,낙상졸음쉼터,17:00-18:00,38,31,0,5,0,2,0,0,0,0,0,0,0
중부내륙선,양평,낙상졸음쉼터,18:00-19:00,24,19,0,1,1,0,1,2,0,0,0,0,0
중부내륙선,양평,낙상졸음쉼터,19:00-20:00,18,15,0,1,0,1,0,1,0,0,0,0,0
중부내륙선,양평,낙상졸음쉼터,20:00-21:00,22,15,0,2,2,1,2,0,0,0,0,0,0
중부내륙선,양평,낙상졸음쉼터,21:00-22:00,17,13,0,1,1,1,0,0,0,0,1,0,0
중부내륙선,양평,낙상졸음쉼터,22:00-23:00,9,4,0,1,0,0,1,0,0,0,3,0,0
중부내륙선,양평,낙상졸음쉼터,23:00-24:00,9,2,0,1,0,2,2,2,0,0,0,0,0
중부내륙선,양평,낙상졸음쉼터,00:00-01:00,8,6,0,0,0,1,0,0,0,0,1,0,0
중부내륙선,양평,낙상졸음쉼터,01:00-02:00,8,4,0,0,1,1,1,0,0,0,1,0,0
중부내륙선,양평,낙상졸음쉼터,02:00-03:00,6,3,0,0,0,0,3,0,0,0,0,0,0
중부내륙선,양평,낙상졸음쉼터,03:00-04:00,5,2,0,0,0,1,0,0,0,0,2,0,0
중부내륙선,양평,낙상졸음쉼터,04:00-05:00,5,5,0,0,0,0,0,0,0,0,0,0,0
중부내륙선,양평,낙상졸음쉼터,05:00-06:00,8,5,0,1,0,1,0,1,0,0,0,0,0
중부내륙선,양평,낙상졸음쉼터,06:00-07:00,23,15,0,1,3,1,1,0,0,0,0,0,2
중부내륙선,창원,사벌졸음쉼터,07:00-08:00,15,7,0,6,0,1,1,0,0,0,0,0,0
중부내륙선,창원,사벌졸음쉼터,08:00-09:00,31,22,0,5,2,2,0,0,0,0,0,0,0
중부내륙선,창원,사벌졸음쉼터,09:00-10:00,35,25,0,9,1,0,0,0,0,0,0,0,0
중부내륙선,창원,사벌졸음쉼터,10:00-11:00,40,30,0,8,1,1,0,0,0,0,0,0,0
중부내륙선,창원,사벌졸음쉼터,11:00-12:00,41,24,0,9,3,3,1,0,0,0,1,0,0
중부내륙선,창원,사벌졸음쉼터,12:00-13:00,41,20,0,10,4,4,0,3,0,0,0,0,0
중부내륙선,창원,사벌졸음쉼터,13:00-14:00,52,41,1,8,0,2,0,0,0,0,0,0,0
중부내륙선,창원,사벌졸음쉼터,14:00-15:00,44,32,0,8,3,1,0,0,0,0,0,0,0
중부내륙선,창원,사벌졸음쉼터,15:00-16:00,68,49,1,8,7,3,0,0,0,0,0,0,0
중부내륙선,창원,사벌졸음쉼터,16:00-17:00,58,48,0,8,1,0,0,0,0,0,1,0,0
중부내륙선,창원,사벌졸음쉼터,17:00-18:00,45,34,1,4,1,5,0,0,0,0,0,0,0
중부내륙선,창원,사벌졸음쉼터,18:00-19:00,47,40,0,3,3,1,0,0,0,0,0,0,0
중부내륙선,창원,사벌졸음쉼터,19:00-20:00,29,22,0,0,0,5,1,1,0,0,0,0,0
중부내륙선,창원,사벌졸음쉼터,20:00-21:00,36,24,0,4,3,5,0,0,0,0,0,0,0
중부내륙선,창원,사벌졸음쉼터,21:00-22:00,24,15,0,4,0,4,0,0,0,0,1,0,0
중부내륙선,창원,사벌졸음쉼터,22:00-23:00,24,12,0,3,5,4,0,0,0,0,0,0,0
중부내륙선,창원,사벌졸음쉼터,23:00-24:00,15,10,0,1,1,3,0,0,0,0,0,0,0
중부내륙선,창원,사벌졸음쉼터,00:00-01:00,15,10,0,1,2,2,0,0,0,0,0,0,0
중부내륙선,창원,사벌졸음쉼터,01:00-02:00,17,6,0,4,2,5,0,0,0,0,0,0,0
중부내륙선,창원,사벌졸음쉼터,02:00-03:00,9,2,0,2,2,1,2,0,0,0,0,0,0
중부내륙선,창원,사벌졸음쉼터,03:00-04:00,16,5,0,2,1,7,1,0,0,0,0,0,0
중부내륙선,창원,사벌졸음쉼터,04:00-05:00,12,4,0,4,3,1,0,0,0,0,0,0,0
중부내륙선,창원,사벌졸음쉼터,05:00-06:00,28,10,0,7,6,2,3,0,0,0,0,0,0
중부내륙선,창원,사벌졸음쉼터,06:00-07:00,23,15,0,7,0,1,0,0,0,0,0,0,0
중부내륙선,창원,노은졸음쉼터,07:00-08:00,41,33,0,4,4,0,0,0,0,0,0,0,0
중부내륙선,창원,노은졸음쉼터,08:00-09:00,44,37,1,4,1,0,1,0,0,0,0,0,0
중부내륙선,창원,노은졸음쉼터,09:00-10:00,55,41,1,11,1,0,0,1,0,0,0,0,0
중부내륙선,창원,노은졸음쉼터,10:00-11:00,55,45,1,5,0,3,1,0,0,0,0,0,0
중부내륙선,창원,노은졸음쉼터,11:00-12:00,69,43,2,18,4,0,1,1,0,0,0,0,0
중부내륙선,창원,노은졸음쉼터,12:00-13:00,58,43,0,12,1,2,0,0,0,0,0,0,0
중부내륙선,창원,노은졸음쉼터,13:00-14:00,53,41,0,4,4,3,0,1,0,0,0,0,0
중부내륙선,창원,노은졸음쉼터,14:00-15:00,51,44,0,3,3,1,0,0,0,0,0,0,0
중부내륙선,창원,노은졸음쉼터,15:00-16:00,55,38,2,10,3,1,0,1,0,0,0,0,0
중부내륙선,창원,노은졸음쉼터,16:00-17:00,41,29,0,6,3,3,0,0,0,0,0,0,0
중부내륙선,창원,노은졸음쉼터,17:00-18:00,43,31,0,6,2,3,1,0,0,0,0,0,0
중부내륙선,창원,노은졸음쉼터,18:00-19:00,36,25,1,5,1,3,0,1,0,0,0,0,0
중부내륙선,창원,노은졸음쉼터,19:00-20:00,29,22,0,4,1,2,0,0,0,0,0,0,0
중부내륙선,창원,노은졸음쉼터,20:00-21:00,19,17,0,2,0,0,0,0,0,0,0,0,0
중부내륙선,창원,노은졸음쉼터,21:00-22:00,19,12,0,0,2,3,0,1,0,0,1,0,0
중부내륙선,창원,노은졸음쉼터,22:00-23:00,9,7,0,0,1,1,0,0,0,0,0,0,0
중부내륙선,창원,노은졸음쉼터,23:00-24:00,11,10,0,0,1,0,0,0,0,0,0,0,0
중부내륙선,창원,노은졸음쉼터,00:00-01:00,7,2,1,1,1,2,0,0,0,0,0,0,0
중부내륙선,창원,노은졸음쉼터,01:00-02:00,3,1,0,1,0,0,0,0,0,0,1,0,0
중부내륙선,창원,노은졸음쉼터,02:00-03:00,5,2,0,0,2,1,0,0,0,0,0,0,0
중부내륙선,창원,노은졸음쉼터,03:00-04:00,6,3,0,3,0,0,0,0,0,0,0,0,0
중부내륙선,창원,노은졸음쉼터,04:00-05:00,12,3,0,5,1,1,1,1,0,0,0,0,0
중부내륙선,창원,노은졸음쉼터,05:00-06:00,20,15,0,2,0,1,1,1,0,0,0,0,0
중부내륙선,창원,노은졸음쉼터,06:00-07:00,32,21,0,5,4,2,0,0,0,0,0,0,0
중부내륙선,양평,앙성졸음쉼터,07:00-08:00,25,17,0,5,3,0,0,0,0,0,0,0,0
중부내륙선,양평,앙성졸음쉼터,08:00-09:00,26,18,0,4,3,1,0,0,0,0,0,0,0
중부내륙선,양평,앙성졸음쉼터,09:00-10:00,40,33,1,5,1,0,0,0,0,0,0,0,0
중부내륙선,양평,앙성졸음쉼터,10:00-11:00,45,34,0,9,2,0,0,0,0,0,0,0,0
중부내륙선,양평,앙성졸음쉼터,11:00-12:00,39,29,0,5,3,0,0,1,0,0,1,0,0
중부내륙선,양평,앙성졸음쉼터,12:00-13:00,44,31,0,9,3,1,0,0,0,0,0,0,0
중부내륙선,양평,앙성졸음쉼터,13:00-14:00,56,41,0,12,2,1,0,0,0,0,0,0,0
중부내륙선,양평,앙성졸음쉼터,14:00-15:00,62,52,0,8,1,0,0,0,0,0,0,0,1
중부내륙선,양평,앙성졸음쉼터,15:00-16:00,61,56,0,5,0,0,0,0,0,0,0,0,0
중부내륙선,양평,앙성졸음쉼터,16:00-17:00,80,70,0,9,1,0,0,0,0,0,0,0,0
중부내륙선,양평,앙성졸음쉼터,17:00-18:00,88,69,0,14,2,2,0,1,0,0,0,0,0
중부내륙선,양평,앙성졸음쉼터,18:00-19:00,38,31,0,4,2,1,0,0,0,0,0,0,0
중부내륙선,양평,앙성졸음쉼터,19:00-20:00,35,31,1,3,0,0,0,0,0,0,0,0,0
중부내륙선,양평,앙성졸음쉼터,20:00-21:00,32,26,0,2,1,2,0,1,0,0,0,0,0
중부내륙선,양평,앙성졸음쉼터,21:00-22:00,37,28,0,4,1,0,0,4,0,0,0,0,0
중부내륙선,양평,앙성졸음쉼터,22:00-23:00,11,5,0,2,0,1,1,0,0,0,1,0,1
중부내륙선,양평,앙성졸음쉼터,23:00-24:00,14,9,0,1,1,1,1,0,0,0,0,0,1
중부내륙선,양평,앙성졸음쉼터,00:00-01:00,15,9,0,0,2,2,1,0,0,0,1,0,0
중부내륙선,양평,앙성졸음쉼터,01:00-02:00,7,4,0,0,0,1,0,1,0,0,1,0,0
중부내륙선,양평,앙성졸음쉼터,02:00-03:00,5,2,0,1,0,2,0,0,0,0,0,0,0
중부내륙선,양평,앙성졸음쉼터,03:00-04:00,9,5,0,0,1,1,0,0,0,0,0,0,2
중부내륙선,양평,앙성졸음쉼터,04:00-05:00,8,6,0,1,1,0,0,0,0,0,0,0,0
중부내륙선,양평,앙성졸음쉼터,05:00-06:00,8,4,0,1,2,0,0,1,0,0,0,0,0
중부내륙선,양평,앙성졸음쉼터,06:00-07:00,20,13,0,3,3,1,0,0,0,0,0,0,0
중부내륙선,창원,가남졸음쉼터,07:00-08:00,52,44,0,6,1,0,1,0,0,0,0,0,0
중부내륙선,창원,가남졸음쉼터,08:00-09:00,43,35,0,7,0,0,0,0,0,0,1,0,0
중부내륙선,창원,가남졸음쉼터,09:00-10:00,69,59,1,7,1,1,0,0,0,0,0,0,0
중부내륙선,창원,가남졸음쉼터,10:00-11:00,76,60,2,10,1,1,1,1,0,0,0,0,0
중부내륙선,창원,가남졸음쉼터,11:00-12:00,96,87,0,6,2,1,0,0,0,0,0,0,0
중부내륙선,창원,가남졸음쉼터,12:00-13:00,71,55,0,12,2,1,1,0,0,0,0,0,0
중부내륙선,창원,가남졸음쉼터,13:00-14:00,71,57,0,8,3,1,0,2,0,0,0,0,0
중부내륙선,창원,가남졸음쉼터,14:00-15:00,62,53,0,4,2,2,0,1,0,0,0,0,0
중부내륙선,창원,가남졸음쉼터,15:00-16:00,53,43,0,5,3,1,0,0,0,0,1,0,0
중부내륙선,창원,가남졸음쉼터,16:00-17:00,51,46,0,2,2,1,0,0,0,0,0,0,0
중부내륙선,창원,가남졸음쉼터,17:00-18:00,44,36,2,3,0,2,1,0,0,0,0,0,0
중부내륙선,창원,가남졸음쉼터,18:00-19:00,25,21,0,3,0,0,1,0,0,0,0,0,0
중부내륙선,창원,가남졸음쉼터,19:00-20:00,23,18,0,1,2,1,0,1,0,0,0,0,0
중부내륙선,창원,가남졸음쉼터,20:00-21:00,26,21,0,3,0,2,0,0,0,0,0,0,0
중부내륙선,창원,가남졸음쉼터,21:00-22:00,19,12,0,2,2,1,1,1,0,0,0,0,0
중부내륙선,창원,가남졸음쉼터,22:00-23:00,21,17,0,1,0,1,2,0,0,0,0,0,0
중부내륙선,창원,가남졸음쉼터,23:00-24:00,10,7,1,0,0,2,0,0,0,0,0,0,0
중부내륙선,창원,가남졸음쉼터,00:00-01:00,13,7,0,1,0,2,1,1,0,0,1,0,0
중부내륙선,창원,가남졸음쉼터,01:00-02:00,6,3,0,2,0,1,0,0,0,0,0,0,0
중부내륙선,창원,가남졸음쉼터,02:00-03:00,7,2,0,3,0,1,1,0,0,0,0,0,0
중부내륙선,창원,가남졸음쉼터,03:00-04:00,7,3,0,2,1,1,0,0,0,0,0,0,0
중부내륙선,창원,가남졸음쉼터,04:00-05:00,11,6,0,3,0,2,0,0,0,0,0,0,0
중부내륙선,창원,가남졸음쉼터,05:00-06:00,41,28,0,5,3,2,0,1,0,0,2,0,0
중부내륙선,창원,가남졸음쉼터,06:00-07:00,35,25,0,6,1,3,0,0,0,0,0,0,0
중부내륙선,창원,여주졸음쉼터,07:00-08:00,34,18,1,7,3,4,1,0,0,0,0,0,0
중부내륙선,창원,여주졸음쉼터,08:00-09:00,47,31,0,10,2,4,0,0,0,0,0,0,0
중부내륙선,창원,여주졸음쉼터,09:00-10:00,64,43,0,15,4,0,0,2,0,0,0,0,0
중부내륙선,창원,여주졸음쉼터,10:00-11:00,60,34,0,15,2,6,3,0,0,0,0,0,0
중부내륙선,창원,여주졸음쉼터,11:00-12:00,53,30,0,12,4,5,1,1,0,0,0,0,0
중부내륙선,창원,여주졸음쉼터,12:00-13:00,44,25,0,10,5,2,0,1,0,0,1,0,0
중부내륙선,창원,여주졸음쉼터,13:00-14:00,29,18,0,5,3,1,1,1,0,0,0,0,0
중부내륙선,창원,여주졸음쉼터,14:00-15:00,30,25,1,1,1,2,0,0,0,0,0,0,0
중부내륙선,창원,여주졸음쉼터,15:00-16:00,22,13,1,7,0,1,0,0,0,0,0,0,0
중부내륙선,창원,여주졸음쉼터,16:00-17:00,34,20,0,4,1,5,1,3,0,0,0,0,0
중부내륙선,창원,여주졸음쉼터,17:00-18:00,21,11,0,4,0,4,0,1,0,0,0,0,1
중부내륙선,창원,여주졸음쉼터,18:00-19:00,18,11,0,3,1,2,0,0,0,0,0,0,1
중부내륙선,창원,여주졸음쉼터,19:00-20:00,12,8,0,1,1,1,0,0,0,0,1,0,0
중부내륙선,창원,여주졸음쉼터,20:00-21:00,10,8,0,1,1,0,0,0,0,0,0,0,0
중부내륙선,창원,여주졸음쉼터,21:00-22:00,6,6,0,0,0,0,0,0,0,0,0,0,0
중부내륙선,창원,여주졸음쉼터,22:00-23:00,2,1,0,0,0,1,0,0,0,0,0,0,0
중부내륙선,창원,여주졸음쉼터,23:00-24:00,4,2,0,2,0,0,0,0,0,0,0,0,0
중부내륙선,창원,여주졸음쉼터,00:00-01:00,1,0,0,1,0,0,0,0,0,0,0,0,0
중부내륙선,창원,여주졸음쉼터,01:00-02:00,1,1,0,0,0,0,0,0,0,0,0,0,0
중부내륙선,창원,여주졸음쉼터,02:00-03:00,1,0,0,0,0,0,1,0,0,0,0,0,0
중부내륙선,창원,여주졸음쉼터,03:00-04:00,2,0,0,1,1,0,0,0,0,0,0,0,0
중부내륙선,창원,여주졸음쉼터,04:00-05:00,5,1,0,1,1,1,0,1,0,0,0,0,0
중부내륙선,창원,여주졸음쉼터,05:00-06:00,9,3,0,0,1,0,2,2,0,0,1,0,0
중부내륙선,창원,여주졸음쉼터,06:00-07:00,19,7,0,7,1,1,2,0,0,0,1,0,0
중부선,통영,오창졸음쉼터,07:00-08:00,22,8,0,9,4,1,0,0,0,0,0,0,0
중부선,통영,오창졸음쉼터,08:00-09:00,28,16,1,7,3,1,0,0,0,0,0,0,0
중부선,통영,오창졸음쉼터,09:00-10:00,31,20,0,7,1,2,1,0,0,0,0,0,0
중부선,통영,오창졸음쉼터,10:00-11:00,32,20,0,8,1,3,0,0,0,0,0,0,0
중부선,통영,오창졸음쉼터,11:00-12:00,21,15,0,3,2,1,0,0,0,0,0,0,0
중부선,통영,오창졸음쉼터,12:00-13:00,31,20,0,8,0,0,0,2,0,0,1,0,0
중부선,통영,오창졸음쉼터,13:00-14:00,31,20,0,5,2,2,1,1,0,0,0,0,0
중부선,통영,오창졸음쉼터,14:00-15:00,34,24,0,4,3,1,0,2,0,0,0,0,0
중부선,통영,오창졸음쉼터,15:00-16:00,36,26,1,6,1,1,0,0,0,0,1,0,0
중부선,통영,오창졸음쉼터,16:00-17:00,29,27,1,0,1,0,0,0,0,0,0,0,0
중부선,통영,오창졸음쉼터,17:00-18:00,23,20,0,3,0,0,0,0,0,0,0,0,0
중부선,통영,오창졸음쉼터,18:00-19:00,28,20,1,5,2,0,0,0,0,0,0,0,0
중부선,통영,오창졸음쉼터,19:00-20:00,16,11,0,1,1,2,1,0,0,0,0,0,0
중부선,통영,오창졸음쉼터,20:00-21:00,12,11,0,0,1,0,0,0,0,0,0,0,0
중부선,통영,오창졸음쉼터,21:00-22:00,6,6,0,0,0,0,0,0,0,0,0,0,0
중부선,통영,오창졸음쉼터,22:00-23:00,6,4,0,1,0,1,0,0,0,0,0,0,0
중부선,통영,오창졸음쉼터,23:00-24:00,5,2,0,0,1,1,0,0,0,0,1,0,0
중부선,통영,오창졸음쉼터,00:00-01:00,0,0,0,0,0,0,0,0,0,0,0,0,0
중부선,통영,오창졸음쉼터,01:00-02:00,4,0,1,0,0,1,0,0,0,0,2,0,0
중부선,통영,오창졸음쉼터,02:00-03:00,3,0,0,2,1,0,0,0,0,0,0,0,0
중부선,통영,오창졸음쉼터,03:00-04:00,6,2,0,1,1,1,1,0,0,0,0,0,0
중부선,통영,오창졸음쉼터,04:00-05:00,5,2,0,1,2,0,0,0,0,0,0,0,0
중부선,통영,오창졸음쉼터,05:00-06:00,5,4,0,0,0,1,0,0,0,0,0,0,0
중부선,통영,오창졸음쉼터,06:00-07:00,12,7,0,1,0,3,0,1,0,0,0,0,0
중부선,하남,오창졸음쉼터,07:00-08:00,46,31,1,7,1,4,0,2,0,0,0,0,0
중부선,하남,오창졸음쉼터,08:00-09:00,62,45,1,9,2,3,1,1,0,0,0,0,0
중부선,하남,오창졸음쉼터,09:00-10:00,60,44,2,8,2,2,1,1,0,0,0,0,0
중부선,하남,오창졸음쉼터,10:00-11:00,60,42,0,9,4,3,1,0,0,0,0,0,1
중부선,하남,오창졸음쉼터,11:00-12:00,54,40,0,9,2,3,0,0,0,0,0,0,0
중부선,하남,오창졸음쉼터,12:00-13:00,49,37,0,6,4,1,0,1,0,0,0,0,0
중부선,하남,오창졸음쉼터,13:00-14:00,64,39,1,18,2,4,0,0,0,0,0,0,0
중부선,하남,오창졸음쉼터,14:00-15:00,69,55,0,10,3,1,0,0,0,0,0,0,0
중부선,하남,오창졸음쉼터,15:00-16:00,43,35,0,5,0,2,0,1,0,0,0,0,0
중부선,하남,오창졸음쉼터,16:00-17:00,69,56,0,8,2,0,1,2,0,0,0,0,0
중부선,하남,오창졸음쉼터,17:00-18:00,55,51,0,2,1,0,0,1,0,0,0,0,0
중부선,하남,오창졸음쉼터,18:00-19:00,40,32,0,5,1,2,0,0,0,0,0,0,0
중부선,하남,오창졸음쉼터,19:00-20:00,24,18,0,3,1,2,0,0,0,0,0,0,0
중부선,하남,오창졸음쉼터,20:00-21:00,18,14,0,3,1,0,0,0,0,0,0,0,0
중부선,하남,오창졸음쉼터,21:00-22:00,10,8,0,0,1,0,0,1,0,0,0,0,0
중부선,하남,오창졸음쉼터,22:00-23:00,11,8,0,2,0,1,0,0,0,0,0,0,0
중부선,하남,오창졸음쉼터,23:00-24:00,12,5,0,2,3,2,0,0,0,0,0,0,0
중부선,하남,오창졸음쉼터,00:00-01:00,9,6,0,0,0,0,0,2,0,0,0,0,1
중부선,하남,오창졸음쉼터,01:00-02:00,4,3,0,0,0,0,1,0,0,0,0,0,0
중부선,하남,오창졸음쉼터,02:00-03:00,3,1,0,0,0,0,1,1,0,0,0,0,0
중부선,하남,오창졸음쉼터,03:00-04:00,8,2,0,0,0,0,4,2,0,0,0,0,0
중부선,하남,오창졸음쉼터,04:00-05:00,10,1,0,1,3,0,3,1,0,1,0,0,0
중부선,하남,오창졸음쉼터,05:00-06:00,12,7,0,1,4,0,0,0,0,0,0,0,0
중부선,하남,오창졸음쉼터,06:00-07:00,25,16,1,4,4,0,0,0,0,0,0,0,0
중부선,통영,농다리졸음쉼터,07:00-08:00,31,16,0,7,3,3,0,1,0,0,1,0,0
중부선,통영,농다리졸음쉼터,08:00-09:00,52,38,0,7,5,0,0,0,0,0,2,0,0
중부선,통영,농다리졸음쉼터,09:00-10:00,72,55,0,6,4,2,2,1,0,0,2,0,0
중부선,통영,농다리졸음쉼터,10:00-11:00,77,59,0,13,3,2,0,0,0,0,0,0,0
중부선,통영,농다리졸음쉼터,11:00-12:00,56,39,0,10,4,2,0,1,0,0,0,0,0
중부선,통영,농다리졸음쉼터,12:00-13:00,92,66,0,17,4,3,0,1,0,0,1,0,0
중부선,통영,농다리졸음쉼터,13:00-14:00,86,52,0,23,5,1,2,3,0,0,0,0,0
중부선,통영,농다리졸음쉼터,14:00-15:00,117,89,0,16,2,2,2,2,0,0,2,0,2
중부선,통영,농다리졸음쉼터,15:00-16:00,86,61,0,15,5,2,1,2,0,0,0,0,0
중부선,통영,농다리졸음쉼터,16:00-17:00,80,63,0,14,1,1,0,0,0,0,0,0,1
중부선,통영,농다리졸음쉼터,17:00-18:00,114,83,10,13,1,4,1,1,0,0,1,0,0
중부선,통영,농다리졸음쉼터,18:00-19:00,79,63,3,6,2,2,0,2,0,0,1,0,0
중부선,통영,농다리졸음쉼터,19:00-20:00,36,33,0,1,1,1,0,0,0,0,0,0,0
중부선,통영,농다리졸음쉼터,20:00-21:00,22,17,0,0,2,3,0,0,0,0,0,0,0
중부선,통영,농다리졸음쉼터,21:00-22:00,25,15,0,3,0,1,2,2,0,0,2,0,0
중부선,통영,농다리졸음쉼터,22:00-23:00,19,14,0,2,0,1,0,0,0,0,2,0,0
중부선,통영,농다리졸음쉼터,23:00-24:00,14,9,0,1,0,2,0,1,0,0,1,0,0
중부선,통영,농다리졸음쉼터,00:00-01:00,12,7,0,0,1,3,1,0,0,0,0,0,0
중부선,통영,농다리졸음쉼터,01:00-02:00,15,8,0,2,1,2,1,1,0,0,0,0,0
중부선,통영,농다리졸음쉼터,02:00-03:00,10,3,0,1,3,2,0,0,0,0,1,0,0
중부선,통영,농다리졸음쉼터,03:00-04:00,5,2,0,0,0,1,1,0,0,0,1,0,0
중부선,통영,농다리졸음쉼터,04:00-05:00,8,4,0,4,0,0,0,0,0,0,0,0,0
중부선,통영,농다리졸음쉼터,05:00-06:00,32,17,1,4,3,2,0,1,0,0,4,0,0
중부선,통영,농다리졸음쉼터,06:00-07:00,37,20,0,6,4,4,0,1,0,0,1,0,1
중부선,하남,진천졸음쉼터,07:00-08:00,39,25,0,8,1,2,0,1,0,0,2,0,0
중부선,하남,진천졸음쉼터,08:00-09:00,45,23,0,11,3,7,0,1,0,0,0,0,0
중부선,하남,진천졸음쉼터,09:00-10:00,48,29,0,9,5,4,0,0,0,0,1,0,0
중부선,하남,진천졸음쉼터,10:00-11:00,61,45,0,7,3,5,0,1,0,0,0,0,0
중부선,하남,진천졸음쉼터,11:00-12:00,44,33,0,7,4,0,0,0,0,0,0,0,0
중부선,하남,진천졸음쉼터,12:00-13:00,44,27,0,8,4,2,2,1,0,0,0,0,0
중부선,하남,진천졸음쉼터,13:00-14:00,72,54,0,11,4,2,0,0,0,0,1,0,0
중부선,하남,진천졸음쉼터,14:00-15:00,55,41,0,5,1,3,1,4,0,0,0,0,0
중부선,하남,진천졸음쉼터,15:00-16:00,45,35,0,7,1,2,0,0,0,0,0,0,0
중부선,하남,진천졸음쉼터,16:00-17:00,48,35,0,9,2,1,1,0,0,0,0,0,0
중부선,하남,진천졸음쉼터,17:00-18:00,44,31,0,10,2,0,0,0,0,0,1,0,0
중부선,하남,진천졸음쉼터,18:00-19:00,30,21,0,6,1,0,0,1,0,0,1,0,0
중부선,하남,진천졸음쉼터,19:00-20:00,31,26,1,0,1,3,0,0,0,0,0,0,0
중부선,하남,진천졸음쉼터,20:00-21:00,27,20,0,0,2,3,1,0,0,0,0,0,1
중부선,하남,진천졸음쉼터,21:00-22:00,12,8,0,1,1,1,0,1,0,0,0,0,0
중부선,하남,진천졸음쉼터,22:00-23:00,13,9,0,1,0,1,1,0,0,0,1,0,0
중부선,하남,진천졸음쉼터,23:00-24:00,8,3,0,1,2,2,0,0,0,0,0,0,0
중부선,하남,진천졸음쉼터,00:00-01:00,7,5,0,0,0,1,1,0,0,0,0,0,0
중부선,하남,진천졸음쉼터,01:00-02:00,6,4,0,1,0,1,0,0,0,0,0,0,0
중부선,하남,진천졸음쉼터,02:00-03:00,7,0,0,1,0,5,0,1,0,0,0,0,0
중부선,하남,진천졸음쉼터,03:00-04:00,8,2,0,0,0,3,1,1,0,0,1,0,0
중부선,하남,진천졸음쉼터,04:00-05:00,16,4,0,2,3,5,1,1,0,0,0,0,0
중부선,하남,진천졸음쉼터,05:00-06:00,18,7,0,1,3,4,1,1,0,0,1,0,0
중부선,하남,진천졸음쉼터,06:00-07:00,27,13,0,6,1,4,1,1,0,0,1,0,0
중부선,하남,대소졸음쉼터,07:00-08:00,34,24,0,4,2,2,0,1,0,0,1,0,0
중부선,하남,대소졸음쉼터,08:00-09:00,41,24,1,7,3,4,1,1,0,0,0,0,0
중부선,하남,대소졸음쉼터,09:00-10:00,49,32,0,10,4,2,1,0,0,0,0,0,0
중부선,하남,대소졸음쉼터,10:00-11:00,56,30,0,14,4,4,1,3,0,0,0,0,0
중부선,하남,대소졸음쉼터,11:00-12:00,50,29,0,15,2,2,2,0,0,0,0,0,0
중부선,하남,대소졸음쉼터,12:00-13:00,49,32,0,7,5,3,2,0,0,0,0,0,0
중부선,하남,대소졸음쉼터,13:00-14:00,51,34,0,9,5,2,1,0,0,0,0,0,0
중부선,하남,대소졸음쉼터,14:00-15:00,69,56,0,10,1,1,1,0,0,0,0,0,0
중부선,하남,대소졸음쉼터,15:00-16:00,43,34,0,5,2,1,1,0,0,0,0,0,0
중부선,하남,대소졸음쉼터,16:00-17:00,43,36,0,3,2,2,0,0,0,0,0,0,0
중부선,하남,대소졸음쉼터,17:00-18:00,33,23,0,8,1,1,0,0,0,0,0,0,0
중부선,하남,대소졸음쉼터,18:00-19:00,26,23,0,2,0,0,0,1,0,0,0,0,0
중부선,하남,대소졸음쉼터,19:00-20:00,29,26,0,3,0,0,0,0,0,0,0,0,0
중부선,하남,대소졸음쉼터,20:00-21:00,22,17,1,1,0,2,1,0,0,0,0,0,0
중부선,하남,대소졸음쉼터,21:00-22:00,18,12,0,1,3,2,0,0,0,0,0,0,0
중부선,하남,대소졸음쉼터,22:00-23:00,6,3,0,1,0,0,1,1,0,0,0,0,0
중부선,하남,대소졸음쉼터,23:00-24:00,4,3,0,0,0,1,0,0,0,0,0,0,0
중부선,하남,대소졸음쉼터,00:00-01:00,6,3,0,2,0,0,0,1,0,0,0,0,0
중부선,하남,대소졸음쉼터,01:00-02:00,4,2,0,1,1,0,0,0,0,0,0,0,0
중부선,하남,대소졸음쉼터,02:00-03:00,4,0,0,0,2,2,0,0,0,0,0,0,0
중부선,하남,대소졸음쉼터,03:00-04:00,2,0,0,0,0,0,2,0,0,0,0,0,0
중부선,하남,대소졸음쉼터,04:00-05:00,9,5,0,1,0,1,2,0,0,0,0,0,0
중부선,하남,대소졸음쉼터,05:00-06:00,11,4,0,2,1,3,0,0,0,0,1,0,0
중부선,하남,대소졸음쉼터,06:00-07:00,17,9,0,2,3,3,0,0,0,0,0,0,0
중부선,통영,도척졸음쉼터,07:00-08:00,38,23,0,10,3,2,0,0,0,0,0,0,0
중부선,통영,도척졸음쉼터,08:00-09:00,56,36,0,14,5,0,1,0,0,0,0,0,0
중부선,통영,도척졸음쉼터,09:00-10:00,53,30,0,17,2,3,0,1,0,0,0,0,0
중부선,통영,도척졸음쉼터,10:00-11:00,59,30,0,25,4,0,0,0,0,0,0,0,0
중부선,통영,도척졸음쉼터,11:00-12:00,55,34,1,12,5,2,1,0,0,0,0,0,0
중부선,통영,도척졸음쉼터,12:00-13:00,59,36,0,15,5,1,0,2,0,0,0,0,0
중부선,통영,도척졸음쉼터,13:00-14:00,45,22,0,14,5,3,1,0,0,0,0,0,0
중부선,통영,도척졸음쉼터,14:00-15:00,48,25,1,14,4,4,0,0,0,0,0,0,0
중부선,통영,도척졸음쉼터,15:00-16:00,39,18,0,14,6,1,0,0,0,0,0,0,0
중부선,통영,도척졸음쉼터,16:00-17:00,41,28,1,10,1,0,1,0,0,0,0,0,0
중부선,통영,도척졸음쉼터,17:00-18:00,66,48,0,10,2,6,0,0,0,0,0,0,0
중부선,통영,도척졸음쉼터,18:00-19:00,46,37,0,6,1,2,0,0,0,0,0,0,0
중부선,통영,도척졸음쉼터,19:00-20:00,27,20,0,4,1,1,1,0,0,0,0,0,0
중부선,통영,도척졸음쉼터,20:00-21:00,17,8,0,6,0,3,0,0,0,0,0,0,0
중부선,통영,도척졸음쉼터,21:00-22:00,9,6,0,1,0,2,0,0,0,0,0,0,0
중부선,통영,도척졸음쉼터,22:00-23:00,5,2,0,3,0,0,0,0,0,0,0,0,0
중부선,통영,도척졸음쉼터,23:00-24:00,3,0,0,1,1,0,1,0,0,0,0,0,0
중부선,통영,도척졸음쉼터,00:00-01:00,5,3,0,0,1,0,1,0,0,0,0,0,0
중부선,통영,도척졸음쉼터,01:00-02:00,1,0,0,1,0,0,0,0,0,0,0,0,0
중부선,통영,도척졸음쉼터,02:00-03:00,7,2,0,1,3,1,0,0,0,0,0,0,0
중부선,통영,도척졸음쉼터,03:00-04:00,7,2,0,3,0,1,1,0,0,0,0,0,0
중부선,통영,도척졸음쉼터,04:00-05:00,2,0,0,1,1,0,0,0,0,0,0,0,0
중부선,통영,도척졸음쉼터,05:00-06:00,14,6,0,4,3,1,0,0,0,0,0,0,0
중부선,통영,도척졸음쉼터,06:00-07:00,27,20,0,5,1,0,1,0,0,0,0,0,0
중부선,하남,번천졸음쉼터,07:00-08:00,38,22,0,9,5,2,0,0,0,0,0,0,0
중부선,하남,번천졸음쉼터,08:00-09:00,61,41,0,18,1,1,0,0,0,0,0,0,0
중부선,하남,번천졸음쉼터,09:00-10:00,75,53,0,19,2,1,0,0,0,0,0,0,0
중부선,하남,번천졸음쉼터,10:00-11:00,70,45,0,18,2,3,1,1,0,0,0,0,0
중부선,하남,번천졸음쉼터,11:00-12:00,76,54,0,16,6,0,0,0,0,0,0,0,0
중부선,하남,번천졸음쉼터,12:00-13:00,54,39,1,8,3,3,0,0,0,0,0,0,0
중부선,하남,번천졸음쉼터,13:00-14:00,80,61,1,15,1,2,0,0,0,0,0,0,0
중부선,하남,번천졸음쉼터,14:00-15:00,100,85,0,13,1,1,0,0,0,0,0,0,0
중부선,하남,번천졸음쉼터,15:00-16:00,104,89,0,14,0,1,0,0,0,0,0,0,0
중부선,하남,번천졸음쉼터,16:00-17:00,93,83,0,9,1,0,0,0,0,0,0,0,0
중부선,하남,번천졸음쉼터,17:00-18:00,105,93,0,10,2,0,0,0,0,0,0,0,0
중부선,하남,번천졸음쉼터,18:00-19:00,86,76,1,8,0,1,0,0,0,0,0,0,0
중부선,하남,번천졸음쉼터,19:00-20:00,64,56,0,7,1,0,0,0,0,0,0,0,0
중부선,하남,번천졸음쉼터,20:00-21:00,36,27,1,4,1,1,1,0,0,0,1,0,0
중부선,하남,번천졸음쉼터,21:00-22:00,22,21,0,1,0,0,0,0,0,0,0,0,0
중부선,하남,번천졸음쉼터,22:00-23:00,24,17,0,4,0,3,0,0,0,0,0,0,0
중부선,하남,번천졸음쉼터,23:00-24:00,16,13,0,0,2,1,0,0,0,0,0,0,0
중부선,하남,번천졸음쉼터,00:00-01:00,15,8,0,3,1,2,0,0,0,0,1,0,0
중부선,하남,번천졸음쉼터,01:00-02:00,8,3,0,2,0,2,0,1,0,0,0,0,0
중부선,하남,번천졸음쉼터,02:00-03:00,9,6,0,1,2,0,0,0,0,0,0,0,0
중부선,하남,번천졸음쉼터,03:00-04:00,7,5,0,1,1,0,0,0,0,0,0,0,0
중부선,하남,번천졸음쉼터,04:00-05:00,14,6,0,2,2,2,1,1,0,0,0,0,0
중부선,하남,번천졸음쉼터,05:00-06:00,9,1,0,3,2,2,0,1,0,0,0,0,0
중부선,하남,번천졸음쉼터,06:00-07:00,38,15,0,15,3,2,1,2,0,0,0,0,0
중부선,통영,번천졸음쉼터,07:00-08:00,50,37,0,9,3,0,0,1,0,0,0,0,0
중부선,통영,번천졸음쉼터,08:00-09:00,57,49,1,6,0,0,1,0,0,0,0,0,0
중부선,통영,번천졸음쉼터,09:00-10:00,74,58,1,9,5,0,1,0,0,0,0,0,0
중부선,통영,번천졸음쉼터,10:00-11:00,84,59,0,21,2,1,0,1,0,0,0,0,0
중부선,통영,번천졸음쉼터,11:00-12:00,98,68,0,24,2,2,1,1,0,0,0,0,0
중부선,통영,번천졸음쉼터,12:00-13:00,100,76,0,17,2,1,2,2,0,0,0,0,0
중부선,통영,번천졸음쉼터,13:00-14:00,69,58,0,10,1,0,0,0,0,0,0,0,0
중부선,통영,번천졸음쉼터,14:00-15:00,70,46,0,19,2,3,0,0,0,0,0,0,0
중부선,통영,번천졸음쉼터,15:00-16:00,62,47,2,8,3,2,0,0,0,0,0,0,0
중부선,통영,번천졸음쉼터,16:00-17:00,61,46,1,12,1,1,0,0,0,0,0,0,0
중부선,통영,번천졸음쉼터,17:00-18:00,52,38,0,10,1,2,0,1,0,0,0,0,0
중부선,통영,번천졸음쉼터,18:00-19:00,27,23,1,3,0,0,0,0,0,0,0,0,0
중부선,통영,번천졸음쉼터,19:00-20:00,28,21,1,3,0,3,0,0,0,0,0,0,0
중부선,통영,번천졸음쉼터,20:00-21:00,27,17,0,6,1,2,1,0,0,0,0,0,0
중부선,통영,번천졸음쉼터,21:00-22:00,16,9,0,3,2,2,0,0,0,0,0,0,0
중부선,통영,번천졸음쉼터,22:00-23:00,7,6,0,0,0,1,0,0,0,0,0,0,0
중부선,통영,번천졸음쉼터,23:00-24:00,5,5,0,0,0,0,0,0,0,0,0,0,0
중부선,통영,번천졸음쉼터,00:00-01:00,10,6,0,3,0,0,1,0,0,0,0,0,0
중부선,통영,번천졸음쉼터,01:00-02:00,2,0,0,1,1,0,0,0,0,0,0,0,0
중부선,통영,번천졸음쉼터,02:00-03:00,6,2,0,2,1,0,0,0,0,0,1,0,0
중부선,통영,번천졸음쉼터,03:00-04:00,7,2,0,3,2,0,0,0,0,0,0,0,0
중부선,통영,번천졸음쉼터,04:00-05:00,6,2,0,3,1,0,0,0,0,0,0,0,0
중부선,통영,번천졸음쉼터,05:00-06:00,23,10,0,11,2,0,0,0,0,0,0,0,0
중부선,통영,번천졸음쉼터,06:00-07:00,31,17,0,13,1,0,0,0,0,0,0,0,0
중앙선,부산,명곡졸음쉼터,07:00-08:00,14,12,0,2,0,0,0,0,0,0,0,0,0
중앙선,부산,명곡졸음쉼터,08:00-09:00,25,16,0,5,3,0,1,0,0,0,0,0,0
중앙선,부산,명곡졸음쉼터,09:00-10:00,20,13,0,6,1,0,0,0,0,0,0,0,0
중앙선,부산,명곡졸음쉼터,10:00-11:00,21,18,0,3,0,0,0,0,0,0,0,0,0
중앙선,부산,명곡졸음쉼터,11:00-12:00,27,20,0,4,0,3,0,0,0,0,0,0,0
중앙선,부산,명곡졸음쉼터,12:00-13:00,32,21,0,8,1,1,1,0,0,0,0,0,0
중앙선,부산,명곡졸음쉼터,13:00-14:00,38,29,0,7,1,0,0,0,0,0,0,0,1
중앙선,부산,명곡졸음쉼터,14:00-15:00,54,40,0,13,0,1,0,0,0,0,0,0,0
중앙선,부산,명곡졸음쉼터,15:00-16:00,55,45,0,10,0,0,0,0,0,0,0,0,0
중앙선,부산,명곡졸음쉼터,16:00-17:00,44,32,0,8,1,2,0,1,0,0,0,0,0
중앙선,부산,명곡졸음쉼터,17:00-18:00,53,44,0,8,1,0,0,0,0,0,0,0,0
중앙선,부산,명곡졸음쉼터,18:00-19:00,29,23,1,5,0,0,0,0,0,0,0,0,0
중앙선,부산,명곡졸음쉼터,19:00-20:00,23,22,0,1,0,0,0,0,0,0,0,0,0
중앙선,부산,명곡졸음쉼터,20:00-21:00,14,12,0,2,0,0,0,0,0,0,0,0,0
중앙선,부산,명곡졸음쉼터,21:00-22:00,12,10,1,1,0,0,0,0,0,0,0,0,0
중앙선,부산,명곡졸음쉼터,22:00-23:00,6,6,0,0,0,0,0,0,0,0,0,0,0
중앙선,부산,명곡졸음쉼터,23:00-24:00,5,4,0,0,0,1,0,0,0,0,0,0,0
중앙선,부산,명곡졸음쉼터,00:00-01:00,8,8,0,0,0,0,0,0,0,0,0,0,0
중앙선,부산,명곡졸음쉼터,01:00-02:00,6,6,0,0,0,0,0,0,0,0,0,0,0
중앙선,부산,명곡졸음쉼터,02:00-03:00,4,3,0,0,1,0,0,0,0,0,0,0,0
중앙선,부산,명곡졸음쉼터,03:00-04:00,5,3,0,0,0,0,1,1,0,0,0,0,0
중앙선,부산,명곡졸음쉼터,04:00-05:00,4,2,0,0,1,0,0,0,0,0,0,0,1
중앙선,부산,명곡졸음쉼터,05:00-06:00,7,5,0,2,0,0,0,0,0,0,0,0,0
중앙선,부산,명곡졸음쉼터,06:00-07:00,13,5,0,4,0,2,1,1,0,0,0,0,0
중앙선,춘천,명곡졸음쉼터,07:00-08:00,19,12,0,6,1,0,0,0,0,0,0,0,0
중앙선,춘천,명곡졸음쉼터,08:00-09:00,24,16,1,6,1,0,0,0,0,0,0,0,0
중앙선,춘천,명곡졸음쉼터,09:00-10:00,24,17,1,5,0,1,0,0,0,0,0,0,0
중앙선,춘천,명곡졸음쉼터,10:00-11:00,22,15,1,2,2,1,0,1,0,0,0,0,0
중앙선,춘천,명곡졸음쉼터,11:00-12:00,28,24,0,3,1,0,0,0,0,0,0,0,0
중앙선,춘천,명곡졸음쉼터,12:00-13:00,23,16,0,4,2,1,0,0,0,0,0,0,0
중앙선,춘천,명곡졸음쉼터,13:00-14:00,22,16,0,3,3,0,0,0,0,0,0,0,0
중앙선,춘천,명곡졸음쉼터,14:00-15:00,29,23,0,4,2,0,0,0,0,0,0,0,0
중앙선,춘천,명곡졸음쉼터,15:00-16:00,13,10,0,2,0,1,0,0,0,0,0,0,0
중앙선,춘천,명곡졸음쉼터,16:00-17:00,16,11,0,3,1,1,0,0,0,0,0,0,0
중앙선,춘천,명곡졸음쉼터,17:00-18:00,10,10,0,0,0,0,0,0,0,0,0,0,0
중앙선,춘천,명곡졸음쉼터,18:00-19:00,12,12,0,0,0,0,0,0,0,0,0,0,0
중앙선,춘천,명곡졸음쉼터,19:00-20:00,10,8,0,2,0,0,0,0,0,0,0,0,0
중앙선,춘천,명곡졸음쉼터,20:00-21:00,4,3,0,0,0,1,0,0,0,0,0,0,0
중앙선,춘천,명곡졸음쉼터,21:00-22:00,0,0,0,0,0,0,0,0,0,0,0,0,0
중앙선,춘천,명곡졸음쉼터,22:00-23:00,3,3,0,0,0,0,0,0,0,0,0,0,0
중앙선,춘천,명곡졸음쉼터,23:00-24:00,1,1,0,0,0,0,0,0,0,0,0,0,0
중앙선,춘천,명곡졸음쉼터,00:00-01:00,2,1,0,0,1,0,0,0,0,0,0,0,0
중앙선,춘천,명곡졸음쉼터,01:00-02:00,3,2,0,0,0,1,0,0,0,0,0,0,0
중앙선,춘천,명곡졸음쉼터,02:00-03:00,1,0,0,0,1,0,0,0,0,0,0,0,0
중앙선,춘천,명곡졸음쉼터,03:00-04:00,4,1,0,0,1,0,0,0,0,0,2,0,0
중앙선,춘천,명곡졸음쉼터,04:00-05:00,3,2,1,0,0,0,0,0,0,0,0,0,0
중앙선,춘천,명곡졸음쉼터,05:00-06:00,10,7,0,1,0,1,0,1,0,0,0,0,0
중앙선,춘천,명곡졸음쉼터,06:00-07:00,20,14,0,2,2,1,0,0,0,0,1,0,0
중앙선,춘천,안평졸음쉼터,07:00-08:00,29,17,0,9,2,0,1,0,0,0,0,0,0
중앙선,춘천,안평졸음쉼터,08:00-09:00,24,7,0,13,1,2,1,0,0,0,0,0,0
중앙선,춘천,안평졸음쉼터,09:00-10:00,34,25,0,9,0,0,0,0,0,0,0,0,0
중앙선,춘천,안평졸음쉼터,10:00-11:00,36,29,1,4,1,0,0,0,0,0,1,0,0
중앙선,춘천,안평졸음쉼터,11:00-12:00,34,26,0,4,2,1,1,0,0,0,0,0,0
중앙선,춘천,안평졸음쉼터,12:00-13:00,22,14,0,6,1,1,0,0,0,0,0,0,0
중앙선,춘천,안평졸음쉼터,13:00-14:00,33,27,0,3,0,1,1,0,0,0,1,0,0
중앙선,춘천,안평졸음쉼터,14:00-15:00,18,14,0,3,1,0,0,0,0,0,0,0,0
중앙선,춘천,안평졸음쉼터,15:00-16:00,22,17,0,4,0,1,0,0,0,0,0,0,0
중앙선,춘천,안평졸음쉼터,16:00-17:00,17,12,0,4,0,1,0,0,0,0,0,0,0
중앙선,춘천,안평졸음쉼터,17:00-18:00,19,14,1,4,0,0,0,0,0,0,0,0,0
중앙선,춘천,안평졸음쉼터,18:00-19:00,13,13,0,0,0,0,0,0,0,0,0,0,0
중앙선,춘천,안평졸음쉼터,19:00-20:00,12,8,0,2,2,0,0,0,0,0,0,0,0
중앙선,춘천,안평졸음쉼터,20:00-21:00,9,7,0,0,1,0,1,0,0,0,0,0,0
중앙선,춘천,안평졸음쉼터,21:00-22:00,10,9,0,1,0,0,0,0,0,0,0,0,0
중앙선,춘천,안평졸음쉼터,22:00-23:00,5,4,0,1,0,0,0,0,0,0,0,0,0
중앙선,춘천,안평졸음쉼터,23:00-24:00,5,2,0,2,1,0,0,0,0,0,0,0,0
중앙선,춘천,안평졸음쉼터,00:00-01:00,2,1,0,0,1,0,0,0,0,0,0,0,0
중앙선,춘천,안평졸음쉼터,01:00-02:00,5,3,0,1,1,0,0,0,0,0,0,0,0
중앙선,춘천,안평졸음쉼터,02:00-03:00,5,1,0,3,0,1,0,0,0,0,0,0,0
중앙선,춘천,안평졸음쉼터,03:00-04:00,2,1,0,0,0,1,0,0,0,0,0,0,0
중앙선,춘천,안평졸음쉼터,04:00-05:00,2,0,0,1,1,0,0,0,0,0,0,0,0
중앙선,춘천,안평졸음쉼터,05:00-06:00,7,1,0,3,2,0,1,0,0,0,0,0,0
중앙선,춘천,안평졸음쉼터,06:00-07:00,27,12,0,12,1,0,2,0,0,0,0,0,0
중앙선,부산,죽령졸음쉼터,07:00-08:00,9,6,0,3,0,0,0,0,0,0,0,0,0
중앙선,부산,죽령졸음쉼터,08:00-09:00,11,7,0,3,0,0,1,0,0,0,0,0,0
중앙선,부산,죽령졸음쉼터,09:00-10:00,15,12,1,1,0,0,0,0,0,0,0,1,0
중앙선,부산,죽령졸음쉼터,10:00-11:00,26,18,0,6,1,0,0,0,0,0,0,1,0
중앙선,부산,죽령졸음쉼터,11:00-12:00,13,6,0,4,1,0,0,0,0,0,0,1,1
중앙선,부산,죽령졸음쉼터,12:00-13:00,12,9,0,1,1,0,0,0,0,0,0,0,1
중앙선,부산,죽령졸음쉼터,13:00-14:00,28,24,0,3,0,1,0,0,0,0,0,0,0
중앙선,부산,죽령졸음쉼터,14:00-15:00,33,26,0,4,0,3,0,0,0,0,0,0,0
중앙선,부산,죽령졸음쉼터,15:00-16:00,6,4,0,1,0,0,0,0,0,0,0,1,0
중앙선,부산,죽령졸음쉼터,16:00-17:00,1,0,0,0,0,1,0,0,0,0,0,0,0
중앙선,부산,죽령졸음쉼터,17:00-18:00,16,10,0,2,1,1,0,0,0,0,0,1,1
중앙선,부산,죽령졸음쉼터,18:00-19:00,15,9,0,4,0,1,1,0,0,0,0,0,0
중앙선,부산,죽령졸음쉼터,19:00-20:00,5,4,0,1,0,0,0,0,0,0,0,0,0
중앙선,부산,죽령졸음쉼터,20:00-21:00,4,3,0,1,0,0,0,0,0,0,0,0,0
중앙선,부산,죽령졸음쉼터,21:00-22:00,3,2,0,1,0,0,0,0,0,0,0,0,0
중앙선,부산,죽령졸음쉼터,22:00-23:00,11,9,0,1,0,1,0,0,0,0,0,0,0
중앙선,부산,죽령졸음쉼터,23:00-24:00,5,4,0,0,0,1,0,0,0,0,0,0,0
중앙선,부산,죽령졸음쉼터,00:00-01:00,8,4,0,2,1,0,0,0,0,0,0,0,1
중앙선,부산,죽령졸음쉼터,01:00-02:00,5,4,0,0,0,1,0,0,0,0,0,0,0
중앙선,부산,죽령졸음쉼터,02:00-03:00,1,1,0,0,0,0,0,0,0,0,0,0,0
중앙선,부산,죽령졸음쉼터,03:00-04:00,2,0,0,0,1,1,0,0,0,0,0,0,0
중앙선,부산,죽령졸음쉼터,04:00-05:00,3,3,0,0,0,0,0,0,0,0,0,0,0
중앙선,부산,죽령졸음쉼터,05:00-06:00,11,5,0,3,0,0,2,0,0,0,1,0,0
중앙선,부산,죽령졸음쉼터,06:00-07:00,7,6,0,0,0,1,0,0,0,0,0,0,0
중앙선,춘천,죽령졸음쉼터,07:00-08:00,11,5,0,2,0,3,0,0,0,0,0,1,0
중앙선,춘천,죽령졸음쉼터,08:00-09:00,11,7,0,2,0,0,2,0,0,0,0,0,0
중앙선,춘천,죽령졸음쉼터,09:00-10:00,17,10,0,4,2,0,0,1,0,0,0,0,0
중앙선,춘천,죽령졸음쉼터,10:00-11:00,17,10,0,4,1,0,1,1,0,0,0,0,0
중앙선,춘천,죽령졸음쉼터,11:00-12:00,26,19,1,3,1,2,0,0,0,0,0,0,0
중앙선,춘천,죽령졸음쉼터,12:00-13:00,11,9,0,0,0,1,1,0,0,0,0,0,0
중앙선,춘천,죽령졸음쉼터,13:00-14:00,21,17,0,3,0,1,0,0,0,0,0,0,0
중앙선,춘천,죽령졸음쉼터,14:00-15:00,19,18,0,1,0,0,0,0,0,0,0,0,0
중앙선,춘천,죽령졸음쉼터,15:00-16:00,18,15,0,1,0,1,0,0,0,0,1,0,0
중앙선,춘천,죽령졸음쉼터,16:00-17:00,24,21,0,1,2,0,0,0,0,0,0,0,0
중앙선,춘천,죽령졸음쉼터,17:00-18:00,23,17,1,3,0,1,0,1,0,0,0,0,0
중앙선,춘천,죽령졸음쉼터,18:00-19:00,21,15,1,2,2,0,0,0,0,0,1,0,0
중앙선,춘천,죽령졸음쉼터,19:00-20:00,10,9,0,0,0,0,1,0,0,0,0,0,0
중앙선,춘천,죽령졸음쉼터,20:00-21:00,6,5,0,0,1,0,0,0,0,0,0,0,0
중앙선,춘천,죽령졸음쉼터,21:00-22:00,6,3,0,0,0,1,0,0,0,0,0,2,0
중앙선,춘천,죽령졸음쉼터,22:00-23:00,6,5,0,1,0,0,0,0,0,0,0,0,0
중앙선,춘천,죽령졸음쉼터,23:00-24:00,5,2,0,0,1,2,0,0,0,0,0,0,0
중앙선,춘천,죽령졸음쉼터,00:00-01:00,3,3,0,0,0,0,0,0,0,0,0,0,0
중앙선,춘천,죽령졸음쉼터,01:00-02:00,4,3,0,0,0,0,1,0,0,0,0,0,0
중앙선,춘천,죽령졸음쉼터,02:00-03:00,0,0,0,0,0,0,0,0,0,0,0,0,0
중앙선,춘천,죽령졸음쉼터,03:00-04:00,3,0,0,1,0,2,0,0,0,0,0,0,0
중앙선,춘천,죽령졸음쉼터,04:00-05:00,3,2,0,0,0,0,0,1,0,0,0,0,0
중앙선,춘천,죽령졸음쉼터,05:00-06:00,3,2,0,0,0,1,0,0,0,0,0,0,0
중앙선,춘천,죽령졸음쉼터,06:00-07:00,5,3,0,1,0,0,0,0,0,0,0,0,1
중앙선,춘천,봉양졸음쉼터,07:00-08:00,18,15,1,2,0,0,0,0,0,0,0,0,0
중앙선,춘천,봉양졸음쉼터,08:00-09:00,15,12,1,1,1,0,0,0,0,0,0,0,0
중앙선,춘천,봉양졸음쉼터,09:00-10:00,16,11,0,2,2,1,0,0,0,0,0,0,0
중앙선,춘천,봉양졸음쉼터,10:00-11:00,21,17,0,3,0,0,0,0,0,0,1,0,0
중앙선,춘천,봉양졸음쉼터,11:00-12:00,23,20,0,3,0,0,0,0,0,0,0,0,0
중앙선,춘천,봉양졸음쉼터,12:00-13:00,28,21,0,4,2,0,1,0,0,0,0,0,0
중앙선,춘천,봉양졸음쉼터,13:00-14:00,41,31,0,7,2,0,0,1,0,0,0,0,0
중앙선,춘천,봉양졸음쉼터,14:00-15:00,30,21,0,7,1,1,0,0,0,0,0,0,0
중앙선,춘천,봉양졸음쉼터,15:00-16:00,32,27,0,3,2,0,0,0,0,0,0,0,0
중앙선,춘천,봉양졸음쉼터,16:00-17:00,36,33,0,3,0,0,0,0,0,0,0,0,0
중앙선,춘천,봉양졸음쉼터,17:00-18:00,35,27,0,4,3,0,0,0,0,1,0,0,0
중앙선,춘천,봉양졸음쉼터,18:00-19:00,18,16,0,0,1,1,0,0,0,0,0,0,0
중앙선,춘천,봉양졸음쉼터,19:00-20:00,13,11,0,2,0,0,0,0,0,0,0,0,0
중앙선,춘천,봉양졸음쉼터,20:00-21:00,15,13,0,1,0,1,0,0,0,0,0,0,0
중앙선,춘천,봉양졸음쉼터,21:00-22:00,6,6,0,0,0,0,0,0,0,0,0,0,0
중앙선,춘천,봉양졸음쉼터,22:00-23:00,6,5,0,0,0,1,0,0,0,0,0,0,0
중앙선,춘천,봉양졸음쉼터,23:00-24:00,9,8,0,0,0,1,0,0,0,0,0,0,0
중앙선,춘천,봉양졸음쉼터,00:00-01:00,8,5,0,1,1,0,0,1,0,0,0,0,0
중앙선,춘천,봉양졸음쉼터,01:00-02:00,4,4,0,0,0,0,0,0,0,0,0,0,0
중앙선,춘천,봉양졸음쉼터,02:00-03:00,11,5,0,3,1,0,1,1,0,0,0,0,0
중앙선,춘천,봉양졸음쉼터,03:00-04:00,5,5,0,0,0,0,0,0,0,0,0,0,0
중앙선,춘천,봉양졸음쉼터,04:00-05:00,8,6,0,1,1,0,0,0,0,0,0,0,0
중앙선,춘천,봉양졸음쉼터,05:00-06:00,7,7,0,0,0,0,0,0,0,0,0,0,0
중앙선,춘천,봉양졸음쉼터,06:00-07:00,11,10,0,1,0,0,0,0,0,0,0,0,0
중앙선,부산,만종졸음쉼터,07:00-08:00,41,23,0,10,5,0,1,0,0,0,0,0,2
중앙선,부산,만종졸음쉼터,08:00-09:00,29,16,1,6,3,1,0,1,0,0,0,0,1
중앙선,부산,만종졸음쉼터,09:00-10:00,35,30,0,5,0,0,0,0,0,0,0,0,0
중앙선,부산,만종졸음쉼터,10:00-11:00,38,29,0,7,2,0,0,0,0,0,0,0,0
중앙선,부산,만종졸음쉼터,11:00-12:00,33,25,0,5,2,0,0,0,0,0,1,0,0
중앙선,부산,만종졸음쉼터,12:00-13:00,41,28,0,11,1,1,0,0,0,0,0,0,0
중앙선,부산,만종졸음쉼터,13:00-14:00,40,26,2,6,1,2,0,2,0,0,1,0,0
중앙선,부산,만종졸음쉼터,14:00-15:00,49,37,1,5,2,2,0,0,0,0,1,0,1
중앙선,부산,만종졸음쉼터,15:00-16:00,37,32,0,5,0,0,0,0,0,0,0,0,0
중앙선,부산,만종졸음쉼터,16:00-17:00,38,31,0,4,2,0,0,1,0,0,0,0,0
중앙선,부산,만종졸음쉼터,17:00-18:00,41,31,3,4,2,1,0,0,0,0,0,0,0
중앙선,부산,만종졸음쉼터,18:00-19:00,30,24,1,2,1,1,0,1,0,0,0,0,0
중앙선,부산,만종졸음쉼터,19:00-20:00,15,12,1,2,0,0,0,0,0,0,0,0,0
중앙선,부산,만종졸음쉼터,20:00-21:00,16,12,0,2,0,0,1,0,0,0,1,0,0
중앙선,부산,만종졸음쉼터,21:00-22:00,20,19,0,0,1,0,0,0,0,0,0,0,0
중앙선,부산,만종졸음쉼터,22:00-23:00,11,8,0,1,0,1,0,0,0,0,1,0,0
중앙선,부산,만종졸음쉼터,23:00-24:00,9,6,0,0,1,1,0,0,0,0,1,0,0
중앙선,부산,만종졸음쉼터,00:00-01:00,6,3,0,0,0,0,0,0,0,0,3,0,0
중앙선,부산,만종졸음쉼터,01:00-02:00,3,1,0,0,1,0,0,0,0,0,1,0,0
중앙선,부산,만종졸음쉼터,02:00-03:00,7,1,0,2,1,0,1,1,0,0,1,0,0
중앙선,부산,만종졸음쉼터,03:00-04:00,6,2,0,3,1,0,0,0,0,0,0,0,0
중앙선,부산,만종졸음쉼터,04:00-05:00,14,6,0,3,2,0,0,0,0,0,3,0,0
중앙선,부산,만종졸음쉼터,05:00-06:00,14,4,0,7,2,1,0,0,0,0,0,0,0
중앙선,부산,만종졸음쉼터,06:00-07:00,25,16,0,2,3,1,1,1,0,0,1,0,0
중앙선,춘천,횡성졸음쉼터,07:00-08:00,26,18,0,7,0,1,0,0,0,0,0,0,0
중앙선,춘천,횡성졸음쉼터,08:00-09:00,12,5,0,6,0,1,0,0,0,0,0,0,0
중앙선,춘천,횡성졸음쉼터,09:00-10:00,24,16,0,4,2,1,0,1,0,0,0,0,0
중앙선,춘천,횡성졸음쉼터,10:00-11:00,32,23,0,7,2,0,0,0,0,0,0,0,0
중앙선,춘천,횡성졸음쉼터,11:00-12:00,28,22,0,6,0,0,0,0,0,0,0,0,0
중앙선,춘천,횡성졸음쉼터,12:00-13:00,24,19,0,1,3,0,0,1,0,0,0,0,0
중앙선,춘천,횡성졸음쉼터,13:00-14:00,32,29,0,2,0,0,0,1,0,0,0,0,0
중앙선,춘천,횡성졸음쉼터,14:00-15:00,24,19,0,4,1,0,0,0,0,0,0,0,0
중앙선,춘천,횡성졸음쉼터,15:00-16:00,26,19,0,5,2,0,0,0,0,0,0,0,0
중앙선,춘천,횡성졸음쉼터,16:00-17:00,29,24,0,5,0,0,0,0,0,0,0,0,0
중앙선,춘천,횡성졸음쉼터,17:00-18:00,32,29,1,2,0,0,0,0,0,0,0,0,0
중앙선,춘천,횡성졸음쉼터,18:00-19:00,16,12,0,3,1,0,0,0,0,0,0,0,0
중앙선,춘천,횡성졸음쉼터,19:00-20:00,11,8,0,0,1,1,0,1,0,0,0,0,0
중앙선,춘천,횡성졸음쉼터,20:00-21:00,9,8,0,0,1,0,0,0,0,0,0,0,0
중앙선,춘천,횡성졸음쉼터,21:00-22:00,5,5,0,0,0,0,0,0,0,0,0,0,0
중앙선,춘천,횡성졸음쉼터,22:00-23:00,2,2,0,0,0,0,0,0,0,0,0,0,0
중앙선,춘천,횡성졸음쉼터,23:00-24:00,2,2,0,0,0,0,0,0,0,0,0,0,0
중앙선,춘천,횡성졸음쉼터,00:00-01:00,3,1,0,1,0,1,0,0,0,0,0,0,0
중앙선,춘천,횡성졸음쉼터,01:00-02:00,1,1,0,0,0,0,0,0,0,0,0,0,0
중앙선,춘천,횡성졸음쉼터,02:00-03:00,2,1,0,0,0,0,1,0,0,0,0,0,0
중앙선,춘천,횡성졸음쉼터,03:00-04:00,1,0,0,1,0,0,0,0,0,0,0,0,0
중앙선,춘천,횡성졸음쉼터,04:00-05:00,5,3,0,1,0,1,0,0,0,0,0,0,0
중앙선,춘천,횡성졸음쉼터,05:00-06:00,11,6,0,1,1,3,0,0,0,0,0,0,0
중앙선,춘천,횡성졸음쉼터,06:00-07:00,18,5,0,9,2,2,0,0,0,0,0,0,0
중앙선,부산,홍천강졸음쉼터,07:00-08:00,17,12,0,4,0,1,0,0,0,0,0,0,0
중앙선,부산,홍천강졸음쉼터,08:00-09:00,30,28,0,0,1,1,0,0,0,0,0,0,0
중앙선,부산,홍천강졸음쉼터,09:00-10:00,30,19,0,5,1,2,0,2,0,0,1,0,0
중앙선,부산,홍천강졸음쉼터,10:00-11:00,26,18,0,3,4,1,0,0,0,0,0,0,0
중앙선,부산,홍천강졸음쉼터,11:00-12:00,37,27,0,4,2,4,0,0,0,0,0,0,0
중앙선,부산,홍천강졸음쉼터,12:00-13:00,39,25,0,8,1,5,0,0,0,0,0,0,0
중앙선,부산,홍천강졸음쉼터,13:00-14:00,48,37,0,8,1,1,1,0,0,0,0,0,0
중앙선,부산,홍천강졸음쉼터,14:00-15:00,38,23,0,5,1,2,0,1,0,0,1,0,5
중앙선,부산,홍천강졸음쉼터,15:00-16:00,40,31,1,8,0,0,0,0,0,0,0,0,0
중앙선,부산,홍천강졸음쉼터,16:00-17:00,26,22,0,2,0,0,1,0,0,0,1,0,0
중앙선,부산,홍천강졸음쉼터,17:00-18:00,25,23,0,1,1,0,0,0,0,0,0,0,0
중앙선,부산,홍천강졸음쉼터,18:00-19:00,18,15,0,2,0,0,1,0,0,0,0,0,0
중앙선,부산,홍천강졸음쉼터,19:00-20:00,9,7,0,1,0,0,0,0,0,0,1,0,0
중앙선,부산,홍천강졸음쉼터,20:00-21:00,6,5,0,1,0,0,0,0,0,0,0,0,0
중앙선,부산,홍천강졸음쉼터,21:00-22:00,4,4,0,0,0,0,0,0,0,0,0,0,0
중앙선,부산,홍천강졸음쉼터,22:00-23:00,5,4,0,1,0,0,0,0,0,0,0,0,0
중앙선,부산,홍천강졸음쉼터,23:00-24:00,0,0,0,0,0,0,0,0,0,0,0,0,0
중앙선,부산,홍천강졸음쉼터,00:00-01:00,4,1,0,1,1,0,0,1,0,0,0,0,0
중앙선,부산,홍천강졸음쉼터,01:00-02:00,1,1,0,0,0,0,0,0,0,0,0,0,0
중앙선,부산,홍천강졸음쉼터,02:00-03:00,2,2,0,0,0,0,0,0,0,0,0,0,0
중앙선,부산,홍천강졸음쉼터,03:00-04:00,4,2,0,1,1,0,0,0,0,0,0,0,0
중앙선,부산,홍천강졸음쉼터,04:00-05:00,0,0,0,0,0,0,0,0,0,0,0,0,0
중앙선,부산,홍천강졸음쉼터,05:00-06:00,5,1,0,2,1,1,0,0,0,0,0,0,0
중앙선,부산,홍천강졸음쉼터,06:00-07:00,21,8,0,8,1,2,2,0,0,0,0,0,0
통영대전선,통영,금곡졸음쉼터,07:00-08:00,10,8,0,1,1,0,0,0,0,0,0,0,0
통영대전선,통영,금곡졸음쉼터,08:00-09:00,5,4,1,0,0,0,0,0,0,0,0,0,0
통영대전선,통영,금곡졸음쉼터,09:00-10:00,14,12,0,1,1,0,0,0,0,0,0,0,0
통영대전선,통영,금곡졸음쉼터,10:00-11:00,14,10,1,3,0,0,0,0,0,0,0,0,0
통영대전선,통영,금곡졸음쉼터,11:00-12:00,14,13,0,0,1,0,0,0,0,0,0,0,0
통영대전선,통영,금곡졸음쉼터,12:00-13:00,16,11,0,3,2,0,0,0,0,0,0,0,0
통영대전선,통영,금곡졸음쉼터,13:00-14:00,23,18,0,3,2,0,0,0,0,0,0,0,0
통영대전선,통영,금곡졸음쉼터,14:00-15:00,19,18,0,1,0,0,0,0,0,0,0,0,0
통영대전선,통영,금곡졸음쉼터,15:00-16:00,14,13,0,1,0,0,0,0,0,0,0,0,0
통영대전선,통영,금곡졸음쉼터,16:00-17:00,16,13,0,3,0,0,0,0,0,0,0,0,0
통영대전선,통영,금곡졸음쉼터,17:00-18:00,17,12,1,3,1,0,0,0,0,0,0,0,0
통영대전선,통영,금곡졸음쉼터,18:00-19:00,13,12,0,0,1,0,0,0,0,0,0,0,0
통영대전선,통영,금곡졸음쉼터,19:00-20:00,11,10,0,1,0,0,0,0,0,0,0,0,0
통영대전선,통영,금곡졸음쉼터,20:00-21:00,3,3,0,0,0,0,0,0,0,0,0,0,0
통영대전선,통영,금곡졸음쉼터,21:00-22:00,4,4,0,0,0,0,0,0,0,0,0,0,0
통영대전선,통영,금곡졸음쉼터,22:00-23:00,1,1,0,0,0,0,0,0,0,0,0,0,0
통영대전선,통영,금곡졸음쉼터,23:00-24:00,0,0,0,0,0,0,0,0,0,0,0,0,0
통영대전선,통영,금곡졸음쉼터,00:00-01:00,1,1,0,0,0,0,0,0,0,0,0,0,0
통영대전선,통영,금곡졸음쉼터,01:00-02:00,0,0,0,0,0,0,0,0,0,0,0,0,0
통영대전선,통영,금곡졸음쉼터,02:00-03:00,1,1,0,0,0,0,0,0,0,0,0,0,0
통영대전선,통영,금곡졸음쉼터,03:00-04:00,0,0,0,0,0,0,0,0,0,0,0,0,0
통영대전선,통영,금곡졸음쉼터,04:00-05:00,1,1,0,0,0,0,0,0,0,0,0,0,0
통영대전선,통영,금곡졸음쉼터,05:00-06:00,0,0,0,0,0,0,0,0,0,0,0,0,0
통영대전선,통영,금곡졸음쉼터,06:00-07:00,0,0,0,0,0,0,0,0,0,0,0,0,0
통영대전선,하남,수동졸음쉼터,07:00-08:00,9,6,0,0,1,1,0,0,0,0,0,0,1
통영대전선,하남,수동졸음쉼터,08:00-09:00,8,6,0,1,0,1,0,0,0,0,0,0,0
통영대전선,하남,수동졸음쉼터,09:00-10:00,22,10,0,2,1,6,1,0,0,0,1,0,1
통영대전선,하남,수동졸음쉼터,10:00-11:00,31,14,1,1,0,1,8,1,0,0,4,0,1
통영대전선,하남,수동졸음쉼터,11:00-12:00,29,16,0,1,2,2,5,3,0,0,0,0,0
통영대전선,하남,수동졸음쉼터,12:00-13:00,29,12,0,1,1,1,9,4,0,0,1,0,0
통영대전선,하남,수동졸음쉼터,13:00-14:00,30,13,0,3,0,2,7,5,0,0,0,0,0
통영대전선,하남,수동졸음쉼터,14:00-15:00,29,22,0,2,2,0,1,0,0,0,2,0,0
통영대전선,하남,수동졸음쉼터,15:00-16:00,19,13,0,2,1,2,0,0,0,0,1,0,0
통영대전선,하남,수동졸음쉼터,16:00-17:00,21,14,0,3,0,0,3,1,0,0,0,0,0
통영대전선,하남,수동졸음쉼터,17:00-18:00,23,8,0,0,0,3,3,4,0,0,1,0,4
통영대전선,하남,수동졸음쉼터,18:00-19:00,11,7,0,0,0,1,0,1,0,0,2,0,0
통영대전선,하남,수동졸음쉼터,19:00-20:00,20,6,0,1,0,6,3,0,0,0,3,0,1
통영대전선,하남,수동졸음쉼터,20:00-21:00,13,6,0,0,0,2,0,0,0,0,5,0,0
통영대전선,하남,수동졸음쉼터,21:00-22:00,20,5,1,1,0,2,2,1,0,0,6,0,2
통영대전선,하남,수동졸음쉼터,22:00-23:00,3,0,0,0,0,0,1,0,0,0,2,0,0
통영대전선,하남,수동졸음쉼터,23:00-24:00,8,4,0,0,0,0,0,0,0,0,4,0,0
통영대전선,하남,수동졸음쉼터,00:00-01:00,3,0,0,0,0,0,1,0,0,0,2,0,0
통영대전선,하남,수동졸음쉼터,01:00-02:00,1,0,0,0,0,0,0,1,0,0,0,0,0
통영대전선,하남,수동졸음쉼터,02:00-03:00,2,2,0,0,0,0,0,0,0,0,0,0,0
통영대전선,하남,수동졸음쉼터,03:00-04:00,3,1,0,0,0,0,0,1,0,0,1,0,0
통영대전선,하남,수동졸음쉼터,04:00-05:00,3,0,0,0,0,1,0,1,0,0,1,0,0
통영대전선,하남,수동졸음쉼터,05:00-06:00,4,0,0,2,0,0,0,1,0,0,1,0,0
통영대전선,하남,수동졸음쉼터,06:00-07:00,10,6,0,0,0,1,1,0,0,0,2,0,0
통영대전선,통영,무주졸음쉼터,07:00-08:00,10,5,0,5,0,0,0,0,0,0,0,0,0
통영대전선,통영,무주졸음쉼터,08:00-09:00,12,11,0,1,0,0,0,0,0,0,0,0,0
통영대전선,통영,무주졸음쉼터,09:00-10:00,11,9,0,2,0,0,0,0,0,0,0,0,0
통영대전선,통영,무주졸음쉼터,10:00-11:00,9,7,0,2,0,0,0,0,0,0,0,0,0
통영대전선,통영,무주졸음쉼터,11:00-12:00,13,11,0,2,0,0,0,0,0,0,0,0,0
통영대전선,통영,무주졸음쉼터,12:00-13:00,13,9,0,2,2,0,0,0,0,0,0,0,0
통영대전선,통영,무주졸음쉼터,13:00-14:00,10,6,0,4,0,0,0,0,0,0,0,0,0
통영대전선,통영,무주졸음쉼터,14:00-15:00,15,11,0,4,0,0,0,0,0,0,0,0,0
통영대전선,통영,무주졸음쉼터,15:00-16:00,15,6,0,7,0,2,0,0,0,0,0,0,0
통영대전선,통영,무주졸음쉼터,16:00-17:00,17,6,0,7,2,2,0,0,0,0,0,0,0
통영대전선,통영,무주졸음쉼터,17:00-18:00,9,9,0,0,0,0,0,0,0,0,0,0,0
통영대전선,통영,무주졸음쉼터,18:00-19:00,7,6,0,1,0,0,0,0,0,0,0,0,0
통영대전선,통영,무주졸음쉼터,19:00-20:00,6,4,0,2,0,0,0,0,0,0,0,0,0
통영대전선,통영,무주졸음쉼터,20:00-21:00,4,3,0,0,0,1,0,0,0,0,0,0,0
통영대전선,통영,무주졸음쉼터,21:00-22:00,4,3,0,1,0,0,0,0,0,0,0,0,0
통영대전선,통영,무주졸음쉼터,22:00-23:00,5,4,0,1,0,0,0,0,0,0,0,0,0
통영대전선,통영,무주졸음쉼터,23:00-24:00,0,0,0,0,0,0,0,0,0,0,0,0,0
통영대전선,통영,무주졸음쉼터,00:00-01:00,1,1,0,0,0,0,0,0,0,0,0,0,0
통영대전선,통영,무주졸음쉼터,01:00-02:00,0,0,0,0,0,0,0,0,0,0,0,0,0
통영대전선,통영,무주졸음쉼터,02:00-03:00,2,1,0,0,1,0,0,0,0,0,0,0,0
통영대전선,통영,무주졸음쉼터,03:00-04:00,5,4,0,0,1,0,0,0,0,0,0,0,0
통영대전선,통영,무주졸음쉼터,04:00-05:00,2,2,0,0,0,0,0,0,0,0,0,0,0
통영대전선,통영,무주졸음쉼터,05:00-06:00,3,2,0,1,0,0,0,0,0,0,0,0,0
통영대전선,통영,무주졸음쉼터,06:00-07:00,7,7,0,0,0,0,0,0,0,0,0,0,0
통영대전선,하남,금산졸음쉼터,07:00-08:00,6,2,0,2,0,1,0,0,0,0,1,0,0
통영대전선,하남,금산졸음쉼터,08:00-09:00,12,7,0,1,0,2,0,0,0,0,2,0,0
통영대전선,하남,금산졸음쉼터,09:00-10:00,25,20,0,4,0,1,0,0,0,0,0,0,0
통영대전선,하남,금산졸음쉼터,10:00-11:00,20,7,1,5,0,3,2,0,0,0,2,0,0
통영대전선,하남,금산졸음쉼터,11:00-12:00,32,21,0,4,0,6,0,1,0,0,0,0,0
통영대전선,하남,금산졸음쉼터,12:00-13:00,27,20,0,4,0,3,0,0,0,0,0,0,0
통영대전선,하남,금산졸음쉼터,13:00-14:00,32,22,0,6,0,3,0,0,0,0,1,0,0
통영대전선,하남,금산졸음쉼터,14:00-15:00,29,22,0,4,1,0,1,0,0,0,1,0,0
통영대전선,하남,금산졸음쉼터,15:00-16:00,38,29,0,6,0,0,0,0,0,0,3,0,0
통영대전선,하남,금산졸음쉼터,16:00-17:00,18,15,0,0,1,1,0,0,0,0,1,0,0
통영대전선,하남,금산졸음쉼터,17:00-18:00,20,12,0,5,1,2,0,0,0,0,0,0,0
통영대전선,하남,금산졸음쉼터,18:00-19:00,33,28,0,3,1,1,0,0,0,0,0,0,0
통영대전선,하남,금산졸음쉼터,19:00-20:00,15,10,0,2,1,2,0,0,0,0,0,0,0
통영대전선,하남,금산졸음쉼터,20:00-21:00,11,10,1,0,0,0,0,0,0,0,0,0,0
통영대전선,하남,금산졸음쉼터,21:00-22:00,11,9,0,1,0,1,0,0,0,0,0,0,0
통영대전선,하남,금산졸음쉼터,22:00-23:00,7,4,0,0,0,2,0,1,0,0,0,0,0
통영대전선,하남,금산졸음쉼터,23:00-24:00,6,3,0,0,0,2,0,0,0,0,1,0,0
통영대전선,하남,금산졸음쉼터,00:00-01:00,5,2,0,0,0,2,0,0,0,0,1,0,0
통영대전선,하남,금산졸음쉼터,01:00-02:00,2,1,0,1,0,0,0,0,0,0,0,0,0
통영대전선,하남,금산졸음쉼터,02:00-03:00,1,1,0,0,0,0,0,0,0,0,0,0,0
통영대전선,하남,금산졸음쉼터,03:00-04:00,2,1,0,0,0,1,0,0,0,0,0,0,0
통영대전선,하남,금산졸음쉼터,04:00-05:00,3,3,0,0,0,0,0,0,0,0,0,0,0
통영대전선,하남,금산졸음쉼터,05:00-06:00,6,4,0,0,0,1,1,0,0,0,0,0,0
통영대전선,하남,금산졸음쉼터,06:00-07:00,4,3,0,1,0,0,0,0,0,0,0,0,0
평택제천선,제천,송탄졸음쉼터,07:00-08:00,36,14,1,9,4,4,3,0,0,0,0,0,1
평택제천선,제천,송탄졸음쉼터,08:00-09:00,48,31,0,7,6,2,1,0,0,0,0,0,1
평택제천선,제천,송탄졸음쉼터,09:00-10:00,65,34,1,15,7,8,0,0,0,0,0,0,0
평택제천선,제천,송탄졸음쉼터,10:00-11:00,42,22,0,15,3,2,0,0,0,0,0,0,0
평택제천선,제천,송탄졸음쉼터,11:00-12:00,36,18,1,4,2,9,1,1,0,0,0,0,0
평택제천선,제천,송탄졸음쉼터,12:00-13:00,25,9,1,4,6,2,1,0,0,0,1,0,1
평택제천선,제천,송탄졸음쉼터,13:00-14:00,39,21,0,10,3,2,0,2,0,0,1,0,0
평택제천선,제천,송탄졸음쉼터,14:00-15:00,41,21,0,11,3,5,1,0,0,0,0,0,0
평택제천선,제천,송탄졸음쉼터,15:00-16:00,47,21,0,18,5,2,0,0,0,0,1,0,0
평택제천선,제천,송탄졸음쉼터,16:00-17:00,47,30,2,8,2,3,1,0,0,0,1,0,0
평택제천선,제천,송탄졸음쉼터,17:00-18:00,53,40,0,7,1,3,0,1,0,0,0,0,1
평택제천선,제천,송탄졸음쉼터,18:00-19:00,27,20,0,3,1,1,1,0,0,0,0,0,1
평택제천선,제천,송탄졸음쉼터,19:00-20:00,28,18,1,5,2,1,0,1,0,0,0,0,0
평택제천선,제천,송탄졸음쉼터,20:00-21:00,8,3,1,2,0,1,0,0,0,0,0,0,1
평택제천선,제천,송탄졸음쉼터,21:00-22:00,7,2,0,1,1,2,1,0,0,0,0,0,0
평택제천선,제천,송탄졸음쉼터,22:00-23:00,8,2,0,3,1,1,0,0,0,0,1,0,0
평택제천선,제천,송탄졸음쉼터,23:00-24:00,6,4,0,0,0,0,0,0,0,0,0,1,1
평택제천선,제천,송탄졸음쉼터,00:00-01:00,2,0,0,0,1,0,0,0,0,0,1,0,0
평택제천선,제천,송탄졸음쉼터,01:00-02:00,5,1,0,0,1,1,1,0,0,0,1,0,0
평택제천선,제천,송탄졸음쉼터,02:00-03:00,7,2,0,1,0,2,0,2,0,0,0,0,0
평택제천선,제천,송탄졸음쉼터,03:00-04:00,5,1,0,1,2,0,0,0,0,0,1,0,0
평택제천선,제천,송탄졸음쉼터,04:00-05:00,10,0,0,2,2,4,0,1,0,0,1,0,0
평택제천선,제천,송탄졸음쉼터,05:00-06:00,16,7,0,3,2,1,1,0,1,0,1,0,0
평택제천선,제천,송탄졸음쉼터,06:00-07:00,23,5,1,7,3,2,2,1,0,0,1,0,1
평택제천선,평택,광혜원졸음쉼터,07:00-08:00,10,9,0,1,0,0,0,0,0,0,0,0,0
평택제천선,평택,광혜원졸음쉼터,08:00-09:00,11,7,0,0,2,1,0,1,0,0,0,0,0
평택제천선,평택,광혜원졸음쉼터,09:00-10:00,30,20,1,5,3,0,0,1,0,0,0,0,0
평택제천선,평택,광혜원졸음쉼터,10:00-11:00,32,17,0,7,5,1,0,2,0,0,0,0,0
평택제천선,평택,광혜원졸음쉼터,11:00-12:00,35,17,0,7,5,3,1,0,0,0,2,0,0
평택제천선,평택,광혜원졸음쉼터,12:00-13:00,51,35,0,11,1,3,1,0,0,0,0,0,0
평택제천선,평택,광혜원졸음쉼터,13:00-14:00,35,22,0,11,2,0,0,0,0,0,0,0,0
평택제천선,평택,광혜원졸음쉼터,14:00-15:00,51,30,0,8,6,4,1,2,0,0,0,0,0
평택제천선,평택,광혜원졸음쉼터,15:00-16:00,47,35,0,9,2,0,0,0,0,0,1,0,0
평택제천선,평택,광혜원졸음쉼터,16:00-17:00,37,26,0,6,1,4,0,0,0,0,0,0,0
평택제천선,평택,광혜원졸음쉼터,17:00-18:00,39,33,0,3,1,2,0,0,0,0,0,0,0
평택제천선,평택,광혜원졸음쉼터,18:00-19:00,37,34,0,1,0,1,0,1,0,0,0,0,0
평택제천선,평택,광혜원졸음쉼터,19:00-20:00,13,9,0,2,1,1,0,0,0,0,0,0,0
평택제천선,평택,광혜원졸음쉼터,20:00-21:00,12,8,0,0,1,1,1,1,0,0,0,0,0
평택제천선,평택,광혜원졸음쉼터,21:00-22:00,12,10,0,0,0,1,0,1,0,0,0,0,0
평택제천선,평택,광혜원졸음쉼터,22:00-23:00,5,3,0,0,2,0,0,0,0,0,0,0,0
평택제천선,평택,광혜원졸음쉼터,23:00-24:00,9,7,0,2,0,0,0,0,0,0,0,0,0
평택제천선,평택,광혜원졸음쉼터,00:00-01:00,5,3,0,1,0,0,0,0,0,0,0,0,1
평택제천선,평택,광혜원졸음쉼터,01:00-02:00,7,5,0,0,1,0,1,0,0,0,0,0,0
평택제천선,평택,광혜원졸음쉼터,02:00-03:00,5,2,0,0,1,0,0,2,0,0,0,0,0
평택제천선,평택,광혜원졸음쉼터,03:00-04:00,2,1,0,0,0,0,1,0,0,0,0,0,0
평택제천선,평택,광혜원졸음쉼터,04:00-05:00,4,1,0,1,1,0,0,1,0,0,0,0,0
평택제천선,평택,광혜원졸음쉼터,05:00-06:00,8,3,0,1,1,1,1,1,0,0,0,0,0
평택제천선,평택,광혜원졸음쉼터,06:00-07:00,18,9,0,2,2,2,1,2,0,0,0,0,0
평택제천선,평택,중앙탑졸음쉼터,07:00-08:00,9,4,0,3,1,0,1,0,0,0,0,0,0
평택제천선,평택,중앙탑졸음쉼터,08:00-09:00,13,9,0,3,0,0,1,0,0,0,0,0,0
평택제천선,평택,중앙탑졸음쉼터,09:00-10:00,27,13,0,6,4,3,0,0,0,0,1,0,0
평택제천선,평택,중앙탑졸음쉼터,10:00-11:00,16,12,0,2,1,0,0,0,0,0,1,0,0
평택제천선,평택,중앙탑졸음쉼터,11:00-12:00,20,13,0,4,1,1,0,1,0,0,0,0,0
평택제천선,평택,중앙탑졸음쉼터,12:00-13:00,19,15,0,0,1,2,0,1,0,0,0,0,0
평택제천선,평택,중앙탑졸음쉼터,13:00-14:00,26,17,0,5,0,1,0,2,0,0,1,0,0
평택제천선,평택,중앙탑졸음쉼터,14:00-15:00,37,30,0,4,0,2,0,0,0,0,1,0,0
평택제천선,평택,중앙탑졸음쉼터,15:00-16:00,36,26,0,5,2,1,1,1,0,0,0,0,0
평택제천선,평택,중앙탑졸음쉼터,16:00-17:00,31,26,0,1,2,0,1,0,0,0,1,0,0
평택제천선,평택,중앙탑졸음쉼터,17:00-18:00,30,27,1,2,0,0,0,0,0,0,0,0,0
평택제천선,평택,중앙탑졸음쉼터,18:00-19:00,9,5,0,3,0,1,0,0,0,0,0,0,0
평택제천선,평택,중앙탑졸음쉼터,19:00-20:00,13,12,0,1,0,0,0,0,0,0,0,0,0
평택제천선,평택,중앙탑졸음쉼터,20:00-21:00,12,8,0,1,0,3,0,0,0,0,0,0,0
평택제천선,평택,중앙탑졸음쉼터,21:00-22:00,1,1,0,0,0,0,0,0,0,0,0,0,0
평택제천선,평택,중앙탑졸음쉼터,22:00-23:00,4,3,0,0,0,0,1,0,0,0,0,0,0
평택제천선,평택,중앙탑졸음쉼터,23:00-24:00,1,0,0,0,0,0,0,1,0,0,0,0,0
평택제천선,평택,중앙탑졸음쉼터,00:00-01:00,6,3,0,1,0,0,0,0,0,0,2,0,0
평택제천선,평택,중앙탑졸음쉼터,01:00-02:00,3,2,0,0,0,0,0,0,0,0,1,0,0
평택제천선,평택,중앙탑졸음쉼터,02:00-03:00,1,1,0,0,0,0,0,0,0,0,0,0,0
평택제천선,평택,중앙탑졸음쉼터,03:00-04:00,5,1,0,1,0,1,2,0,0,0,0,0,0
평택제천선,평택,중앙탑졸음쉼터,04:00-05:00,4,2,0,0,0,1,0,0,0,0,1,0,0
평택제천선,평택,중앙탑졸음쉼터,05:00-06:00,3,2,0,0,0,0,1,0,0,0,0,0,0
평택제천선,평택,중앙탑졸음쉼터,06:00-07:00,3,2,0,0,0,0,0,0,0,0,1,0,0
평택제천선,제천,중앙탑졸음쉼터,07:00-08:00,39,26,0,8,2,1,0,2,0,0,0,0,0
평택제천선,제천,중앙탑졸음쉼터,08:00-09:00,31,20,0,4,3,1,0,1,0,0,2,0,0
평택제천선,제천,중앙탑졸음쉼터,09:00-10:00,43,31,1,8,1,0,2,0,0,0,0,0,0
평택제천선,제천,중앙탑졸음쉼터,10:00-11:00,49,39,1,8,0,0,0,0,0,0,0,0,1
평택제천선,제천,중앙탑졸음쉼터,11:00-12:00,47,37,0,5,1,1,1,1,0,0,0,0,1
평택제천선,제천,중앙탑졸음쉼터,12:00-13:00,50,42,0,4,2,1,0,1,0,0,0,0,0
평택제천선,제천,중앙탑졸음쉼터,13:00-14:00,42,29,0,6,1,2,1,1,0,0,2,0,0
평택제천선,제천,중앙탑졸음쉼터,14:00-15:00,43,32,0,6,1,2,1,0,0,0,1,0,0
평택제천선,제천,중앙탑졸음쉼터,15:00-16:00,47,33,0,5,3,1,2,2,0,0,1,0,0
평택제천선,제천,중앙탑졸음쉼터,16:00-17:00,39,33,0,2,2,1,0,0,0,0,1,0,0
평택제천선,제천,중앙탑졸음쉼터,17:00-18:00,26,21,0,1,2,2,0,0,0,0,0,0,0
평택제천선,제천,중앙탑졸음쉼터,18:00-19:00,17,12,0,4,0,0,0,0,0,0,1,0,0
평택제천선,제천,중앙탑졸음쉼터,19:00-20:00,16,16,0,0,0,0,0,0,0,0,0,0,0
평택제천선,제천,중앙탑졸음쉼터,20:00-21:00,14,12,0,0,0,1,0,0,0,0,1,0,0
평택제천선,제천,중앙탑졸음쉼터,21:00-22:00,14,10,0,1,1,0,0,1,0,0,1,0,0
평택제천선,제천,중앙탑졸음쉼터,22:00-23:00,6,4,0,0,1,0,0,1,0,0,0,0,0
평택제천선,제천,중앙탑졸음쉼터,23:00-24:00,5,4,0,0,0,0,0,0,0,0,1,0,0
평택제천선,제천,중앙탑졸음쉼터,00:00-01:00,2,1,0,1,0,0,0,0,0,0,0,0,0
평택제천선,제천,중앙탑졸음쉼터,01:00-02:00,7,5,0,1,0,0,0,0,0,0,1,0,0
평택제천선,제천,중앙탑졸음쉼터,02:00-03:00,5,0,0,0,1,0,2,0,0,0,2,0,0
평택제천선,제천,중앙탑졸음쉼터,03:00-04:00,4,0,0,0,0,1,1,0,0,0,2,0,0
평택제천선,제천,중앙탑졸음쉼터,04:00-05:00,8,3,0,0,1,2,1,1,0,0,0,0,0
평택제천선,제천,중앙탑졸음쉼터,05:00-06:00,6,3,0,1,2,0,0,0,0,0,0,0,0
평택제천선,제천,중앙탑졸음쉼터,06:00-07:00,17,7,0,3,0,2,0,1,0,0,4,0,0
평택제천선,제천,금성졸음쉼터,07:00-08:00,21,13,0,1,2,2,2,0,0,0,1,0,0
평택제천선,제천,금성졸음쉼터,08:00-09:00,24,11,2,6,2,0,0,1,0,0,2,0,0
평택제천선,제천,금성졸음쉼터,09:00-10:00,24,16,1,3,0,0,0,2,0,0,2,0,0
평택제천선,제천,금성졸음쉼터,10:00-11:00,39,30,2,2,1,0,3,1,0,0,0,0,0
평택제천선,제천,금성졸음쉼터,11:00-12:00,28,20,2,4,0,0,1,1,0,0,0,0,0
평택제천선,제천,금성졸음쉼터,12:00-13:00,38,27,0,4,2,1,1,1,0,0,1,0,1
평택제천선,제천,금성졸음쉼터,13:00-14:00,27,17,0,4,1,0,2,1,0,0,2,0,0
평택제천선,제천,금성졸음쉼터,14:00-15:00,22,15,0,4,0,0,3,0,0,0,0,0,0
평택제천선,제천,금성졸음쉼터,15:00-16:00,20,14,0,4,0,1,1,0,0,0,0,0,0
평택제천선,제천,금성졸음쉼터,16:00-17:00,19,16,0,1,0,1,0,0,0,0,1,0,0
평택제천선,제천,금성졸음쉼터,17:00-18:00,15,9,1,3,0,0,0,2,0,0,0,0,0
평택제천선,제천,금성졸음쉼터,18:00-19:00,11,7,0,1,0,1,1,1,0,0,0,0,0
평택제천선,제천,금성졸음쉼터,19:00-20:00,11,9,0,1,0,0,0,1,0,0,0,0,0
평택제천선,제천,금성졸음쉼터,20:00-21:00,13,7,0,1,0,2,2,0,0,0,1,0,0
평택제천선,제천,금성졸음쉼터,21:00-22:00,10,9,0,0,0,0,0,0,0,0,1,0,0
평택제천선,제천,금성졸음쉼터,22:00-23:00,4,1,0,0,1,0,1,1,0,0,0,0,0
평택제천선,제천,금성졸음쉼터,23:00-24:00,4,3,0,0,0,0,0,0,0,0,1,0,0
평택제천선,제천,금성졸음쉼터,00:00-01:00,2,1,0,0,0,1,0,0,0,0,0,0,0
평택제천선,제천,금성졸음쉼터,01:00-02:00,4,1,0,0,0,0,0,0,0,0,3,0,0
평택제천선,제천,금성졸음쉼터,02:00-03:00,6,2,0,1,0,1,0,1,0,0,1,0,0
평택제천선,제천,금성졸음쉼터,03:00-04:00,1,1,0,0,0,0,0,0,0,0,0,0,0
평택제천선,제천,금성졸음쉼터,04:00-05:00,4,2,0,0,1,0,0,0,0,0,1,0,0
평택제천선,제천,금성졸음쉼터,05:00-06:00,8,2,0,1,3,0,1,0,0,0,1,0,0
평택제천선,제천,금성졸음쉼터,06:00-07:00,9,2,0,4,3,0,0,0,0,0,0,0,0
호남선,순천,주암졸음쉼터,07:00-08:00,17,13,0,2,1,1,0,0,0,0,0,0,0
호남선,순천,주암졸음쉼터,08:00-09:00,24,17,0,6,1,0,0,0,0,0,0,0,0
호남선,순천,주암졸음쉼터,09:00-10:00,25,14,0,6,3,1,0,0,0,0,0,0,1
호남선,순천,주암졸음쉼터,10:00-11:00,18,16,0,0,2,0,0,0,0,0,0,0,0
호남선,순천,주암졸음쉼터,11:00-12:00,29,22,0,6,0,1,0,0,0,0,0,0,0
호남선,순천,주암졸음쉼터,12:00-13:00,19,17,0,2,0,0,0,0,0,0,0,0,0
호남선,순천,주암졸음쉼터,13:00-14:00,14,12,0,1,0,1,0,0,0,0,0,0,0
호남선,순천,주암졸음쉼터,14:00-15:00,20,14,0,6,0,0,0,0,0,0,0,0,0
호남선,순천,주암졸음쉼터,15:00-16:00,22,21,0,0,1,0,0,0,0,0,0,0,0
호남선,순천,주암졸음쉼터,16:00-17:00,14,13,0,1,0,0,0,0,0,0,0,0,0
호남선,순천,주암졸음쉼터,17:00-18:00,14,12,0,0,1,0,0,0,0,0,1,0,0
호남선,순천,주암졸음쉼터,18:00-19:00,10,9,0,1,0,0,0,0,0,0,0,0,0
호남선,순천,주암졸음쉼터,19:00-20:00,12,9,0,2,1,0,0,0,0,0,0,0,0
호남선,순천,주암졸음쉼터,20:00-21:00,8,5,0,1,2,0,0,0,0,0,0,0,0
호남선,순천,주암졸음쉼터,21:00-22:00,3,3,0,0,0,0,0,0,0,0,0,0,0
호남선,순천,주암졸음쉼터,22:00-23:00,4,3,0,1,0,0,0,0,0,0,0,0,0
호남선,순천,주암졸음쉼터,23:00-24:00,0,0,0,0,0,0,0,0,0,0,0,0,0
호남선,순천,주암졸음쉼터,00:00-01:00,2,0,0,2,0,0,0,0,0,0,0,0,0
호남선,순천,주암졸음쉼터,01:00-02:00,0,0,0,0,0,0,0,0,0,0,0,0,0
호남선,순천,주암졸음쉼터,02:00-03:00,3,2,0,0,0,1,0,0,0,0,0,0,0
호남선,순천,주암졸음쉼터,03:00-04:00,2,2,0,0,0,0,0,0,0,0,0,0,0
호남선,순천,주암졸음쉼터,04:00-05:00,1,0,0,0,1,0,0,0,0,0,0,0,0
호남선,순천,주암졸음쉼터,05:00-06:00,2,1,0,0,1,0,0,0,0,0,0,0,0
호남선,순천,주암졸음쉼터,06:00-07:00,16,14,0,1,0,1,0,0,0,0,0,0,0
호남선,천안,삼기졸음쉼터,07:00-08:00,11,6,0,5,0,0,0,0,0,0,0,0,0
호남선,천안,삼기졸음쉼터,08:00-09:00,15,10,1,2,1,1,0,0,0,0,0,0,0
호남선,천안,삼기졸음쉼터,09:00-10:00,18,13,0,4,1,0,0,0,0,0,0,0,0
호남선,천안,삼기졸음쉼터,10:00-11:00,24,16,0,5,2,1,0,0,0,0,0,0,0
호남선,천안,삼기졸음쉼터,11:00-12:00,25,17,0,7,1,0,0,0,0,0,0,0,0
호남선,천안,삼기졸음쉼터,12:00-13:00,16,13,0,1,2,0,0,0,0,0,0,0,0
호남선,천안,삼기졸음쉼터,13:00-14:00,22,16,0,4,1,1,0,0,0,0,0,0,0
호남선,천안,삼기졸음쉼터,14:00-15:00,36,26,0,8,0,1,1,0,0,0,0,0,0
호남선,천안,삼기졸음쉼터,15:00-16:00,38,26,0,10,1,1,0,0,0,0,0,0,0
호남선,천안,삼기졸음쉼터,16:00-17:00,50,42,0,7,1,0,0,0,0,0,0,0,0
호남선,천안,삼기졸음쉼터,17:00-18:00,49,40,0,9,0,0,0,0,0,0,0,0,0
호남선,천안,삼기졸음쉼터,18:00-19:00,35,29,0,5,0,0,1,0,0,0,0,0,0
호남선,천안,삼기졸음쉼터,19:00-20:00,19,11,0,8,0,0,0,0,0,0,0,0,0
호남선,천안,삼기졸음쉼터,20:00-21:00,10,8,0,1,0,1,0,0,0,0,0,0,0
호남선,천안,삼기졸음쉼터,21:00-22:00,11,10,0,1,0,0,0,0,0,0,0,0,0
호남선,천안,삼기졸음쉼터,22:00-23:00,5,3,0,1,0,0,0,0,0,0,0,0,1
호남선,천안,삼기졸음쉼터,23:00-24:00,9,6,1,0,1,1,0,0,0,0,0,0,0
호남선,천안,삼기졸음쉼터,00:00-01:00,6,4,0,2,0,0,0,0,0,0,0,0,0
호남선,천안,삼기졸음쉼터,01:00-02:00,3,1,0,2,0,0,0,0,0,0,0,0,0
호남선,천안,삼기졸음쉼터,02:00-03:00,3,2,0,1,0,0,0,0,0,0,0,0,0
호남선,천안,삼기졸음쉼터,03:00-04:00,4,1,0,3,0,0,0,0,0,0,0,0,0
호남선,천안,삼기졸음쉼터,04:00-05:00,6,4,0,1,1,0,0,0,0,0,0,0,0
호남선,천안,삼기졸음쉼터,05:00-06:00,7,5,0,0,1,1,0,0,0,0,0,0,0
호남선,천안,삼기졸음쉼터,06:00-07:00,12,6,0,5,1,0,0,0,0,0,0,0,0
호남선,순천,삼기졸음쉼터,07:00-08:00,14,8,0,3,3,0,0,0,0,0,0,0,0
호남선,순천,삼기졸음쉼터,08:00-09:00,16,12,0,3,1,0,0,0,0,0,0,0,0
호남선,순천,삼기졸음쉼터,09:00-10:00,13,10,0,2,1,0,0,0,0,0,0,0,0
호남선,순천,삼기졸음쉼터,10:00-11:00,23,21,0,1,1,0,0,0,0,0,0,0,0
호남선,순천,삼기졸음쉼터,11:00-12:00,17,14,0,2,0,0,0,0,0,0,1,0,0
호남선,순천,삼기졸음쉼터,12:00-13:00,18,18,0,0,0,0,0,0,0,0,0,0,0
호남선,순천,삼기졸음쉼터,13:00-14:00,16,13,0,1,2,0,0,0,0,0,0,0,0
호남선,순천,삼기졸음쉼터,14:00-15:00,16,14,0,0,1,0,1,0,0,0,0,0,0
호남선,순천,삼기졸음쉼터,15:00-16:00,13,13,0,0,0,0,0,0,0,0,0,0,0
호남선,순천,삼기졸음쉼터,16:00-17:00,20,18,0,1,1,0,0,0,0,0,0,0,0
호남선,순천,삼기졸음쉼터,17:00-18:00,12,12,0,0,0,0,0,0,0,0,0,0,0
호남선,순천,삼기졸음쉼터,18:00-19:00,7,7,0,0,0,0,0,0,0,0,0,0,0
호남선,순천,삼기졸음쉼터,19:00-20:00,6,6,0,0,0,0,0,0,0,0,0,0,0
호남선,순천,삼기졸음쉼터,20:00-21:00,3,3,0,0,0,0,0,0,0,0,0,0,0
호남선,순천,삼기졸음쉼터,21:00-22:00,1,0,0,1,0,0,0,0,0,0,0,0,0
호남선,순천,삼기졸음쉼터,22:00-23:00,5,4,0,1,0,0,0,0,0,0,0,0,0
호남선,순천,삼기졸음쉼터,23:00-24:00,0,0,0,0,0,0,0,0,0,0,0,0,0
호남선,순천,삼기졸음쉼터,00:00-01:00,0,0,0,0,0,0,0,0,0,0,0,0,0
호남선,순천,삼기졸음쉼터,01:00-02:00,0,0,0,0,0,0,0,0,0,0,0,0,0
호남선,순천,삼기졸음쉼터,02:00-03:00,2,2,0,0,0,0,0,0,0,0,0,0,0
호남선,순천,삼기졸음쉼터,03:00-04:00,1,0,0,0,0,0,1,0,0,0,0,0,0
호남선,순천,삼기졸음쉼터,04:00-05:00,2,0,0,1,0,1,0,0,0,0,0,0,0
호남선,순천,삼기졸음쉼터,05:00-06:00,6,2,0,2,1,1,0,0,0,0,0,0,0
호남선,순천,삼기졸음쉼터,06:00-07:00,7,3,0,4,0,0,0,0,0,0,0,0,0
호남선,순천,장성졸음쉼터,07:00-08:00,23,10,0,9,3,1,0,0,0,0,0,0,0
호남선,순천,장성졸음쉼터,08:00-09:00,29,22,0,5,1,0,0,0,0,0,0,0,1
호남선,순천,장성졸음쉼터,09:00-10:00,30,23,0,5,1,1,0,0,0,0,0,0,0
호남선,순천,장성졸음쉼터,10:00-11:00,39,25,0,9,4,1,0,0,0,0,0,0,0
호남선,순천,장성졸음쉼터,11:00-12:00,25,15,0,9,1,0,0,0,0,0,0,0,0
호남선,순천,장성졸음쉼터,12:00-13:00,20,11,0,6,0,3,0,0,0,0,0,0,0
호남선,순천,장성졸음쉼터,13:00-14:00,30,17,0,7,3,2,1,0,0,0,0,0,0
호남선,순천,장성졸음쉼터,14:00-15:00,39,27,1,6,2,3,0,0,0,0,0,0,0
호남선,순천,장성졸음쉼터,15:00-16:00,28,22,0,5,1,0,0,0,0,0,0,0,0
호남선,순천,장성졸음쉼터,16:00-17:00,42,34,0,7,1,0,0,0,0,0,0,0,0
호남선,순천,장성졸음쉼터,17:00-18:00,23,21,0,2,0,0,0,0,0,0,0,0,0
호남선,순천,장성졸음쉼터,18:00-19:00,22,18,0,2,0,2,0,0,0,0,0,0,0
호남선,순천,장성졸음쉼터,19:00-20:00,19,14,0,4,1,0,0,0,0,0,0,0,0
호남선,순천,장성졸음쉼터,20:00-21:00,11,8,0,1,1,1,0,0,0,0,0,0,0
호남선,순천,장성졸음쉼터,21:00-22:00,16,15,0,1,0,0,0,0,0,0,0,0,0
호남선,순천,장성졸음쉼터,22:00-23:00,12,11,0,1,0,0,0,0,0,0,0,0,0
호남선,순천,장성졸음쉼터,23:00-24:00,11,8,0,1,1,1,0,0,0,0,0,0,0
호남선,순천,장성졸음쉼터,00:00-01:00,4,1,0,0,2,1,0,0,0,0,0,0,0
호남선,순천,장성졸음쉼터,01:00-02:00,5,2,0,1,1,0,0,1,0,0,0,0,0
호남선,순천,장성졸음쉼터,02:00-03:00,5,1,0,3,0,1,0,0,0,0,0,0,0
호남선,순천,장성졸음쉼터,03:00-04:00,7,3,0,2,1,1,0,0,0,0,0,0,0
호남선,순천,장성졸음쉼터,04:00-05:00,5,0,0,2,2,1,0,0,0,0,0,0,0
호남선,순천,장성졸음쉼터,05:00-06:00,9,1,0,5,1,2,0,0,0,0,0,0,0
호남선,순천,장성졸음쉼터,06:00-07:00,19,5,0,10,1,2,1,0,0,0,0,0,0
호남선,순천,정우졸음쉼터,07:00-08:00,22,11,0,4,2,3,2,0,0,0,0,0,0
호남선,순천,정우졸음쉼터,08:00-09:00,34,25,1,2,3,3,0,0,0,0,0,0,0
호남선,순천,정우졸음쉼터,09:00-10:00,35,24,0,6,4,1,0,0,0,0,0,0,0
호남선,순천,정우졸음쉼터,10:00-11:00,48,35,0,8,1,4,0,0,0,0,0,0,0
호남선,순천,정우졸음쉼터,11:00-12:00,35,22,0,9,1,2,0,1,0,0,0,0,0
호남선,순천,정우졸음쉼터,12:00-13:00,44,30,0,3,6,5,0,0,0,0,0,0,0
호남선,순천,정우졸음쉼터,13:00-14:00,49,33,0,8,2,5,1,0,0,0,0,0,0
호남선,순천,정우졸음쉼터,14:00-15:00,64,53,0,6,1,3,0,1,0,0,0,0,0
호남선,순천,정우졸음쉼터,15:00-16:00,49,39,0,7,1,1,1,0,0,0,0,0,0
호남선,순천,정우졸음쉼터,16:00-17:00,46,39,1,0,4,1,0,1,0,0,0,0,0
호남선,순천,정우졸음쉼터,17:00-18:00,25,21,0,2,0,2,0,0,0,0,0,0,0
호남선,순천,정우졸음쉼터,18:00-19:00,27,25,0,1,0,1,0,0,0,0,0,0,0
호남선,순천,정우졸음쉼터,19:00-20:00,31,27,0,1,0,2,0,1,0,0,0,0,0
호남선,순천,정우졸음쉼터,20:00-21:00,20,15,0,0,1,3,0,1,0,0,0,0,0
호남선,순천,정우졸음쉼터,21:00-22:00,16,15,0,0,0,1,0,0,0,0,0,0,0
호남선,순천,정우졸음쉼터,22:00-23:00,13,8,0,0,0,5,0,0,0,0,0,0,0
호남선,순천,정우졸음쉼터,23:00-24:00,18,13,0,0,2,3,0,0,0,0,0,0,0
호남선,순천,정우졸음쉼터,00:00-01:00,7,5,0,0,0,1,0,0,0,0,1,0,0
호남선,순천,정우졸음쉼터,01:00-02:00,9,4,0,0,0,2,0,3,0,0,0,0,0
호남선,순천,정우졸음쉼터,02:00-03:00,5,2,0,1,0,2,0,0,0,0,0,0,0
호남선,순천,정우졸음쉼터,03:00-04:00,9,1,0,0,3,5,0,0,0,0,0,0,0
호남선,순천,정우졸음쉼터,04:00-05:00,13,4,0,1,3,4,1,0,0,0,0,0,0
호남선,순천,정우졸음쉼터,05:00-06:00,19,7,0,0,3,8,1,0,0,0,0,0,0
호남선,순천,정우졸음쉼터,06:00-07:00,15,7,0,2,3,3,0,0,0,0,0,0,0
호남선,천안,정우졸음쉼터,07:00-08:00,13,6,1,3,0,3,0,0,0,0,0,0,0
호남선,천안,정우졸음쉼터,08:00-09:00,9,6,0,0,2,0,1,0,0,0,0,0,0
호남선,천안,정우졸음쉼터,09:00-10:00,26,21,0,1,1,2,0,1,0,0,0,0,0
호남선,천안,정우졸음쉼터,10:00-11:00,26,18,0,3,3,2,0,0,0,0,0,0,0
호남선,천안,정우졸음쉼터,11:00-12:00,31,19,0,7,2,3,0,0,0,0,0,0,0
호남선,천안,정우졸음쉼터,12:00-13:00,30,20,0,5,3,1,1,0,0,0,0,0,0
호남선,천안,정우졸음쉼터,13:00-14:00,24,16,0,5,1,2,0,0,0,0,0,0,0
호남선,천안,정우졸음쉼터,14:00-15:00,29,19,0,6,2,1,0,0,0,0,1,0,0
호남선,천안,정우졸음쉼터,15:00-16:00,22,17,0,2,1,2,0,0,0,0,0,0,0
호남선,천안,정우졸음쉼터,16:00-17:00,25,21,0,3,1,0,0,0,0,0,0,0,0
호남선,천안,정우졸음쉼터,17:00-18:00,19,15,0,2,1,1,0,0,0,0,0,0,0
호남선,천안,정우졸음쉼터,18:00-19:00,10,9,0,0,0,1,0,0,0,0,0,0,0
호남선,천안,정우졸음쉼터,19:00-20:00,8,5,0,2,1,0,0,0,0,0,0,0,0
호남선,천안,정우졸음쉼터,20:00-21:00,4,4,0,0,0,0,0,0,0,0,0,0,0
호남선,천안,정우졸음쉼터,21:00-22:00,5,3,0,0,1,1,0,0,0,0,0,0,0
호남선,천안,정우졸음쉼터,22:00-23:00,4,4,0,0,0,0,0,0,0,0,0,0,0
호남선,천안,정우졸음쉼터,23:00-24:00,3,2,0,0,0,1,0,0,0,0,0,0,0
호남선,천안,정우졸음쉼터,00:00-01:00,1,1,0,0,0,0,0,0,0,0,0,0,0
호남선,천안,정우졸음쉼터,01:00-02:00,6,4,1,0,0,0,0,1,0,0,0,0,0
호남선,천안,정우졸음쉼터,02:00-03:00,5,2,0,0,2,0,0,1,0,0,0,0,0
호남선,천안,정우졸음쉼터,03:00-04:00,3,2,0,1,0,0,0,0,0,0,0,0,0
호남선,천안,정우졸음쉼터,04:00-05:00,3,0,0,1,1,1,0,0,0,0,0,0,0
호남선,천안,정우졸음쉼터,05:00-06:00,2,1,0,0,0,1,0,0,0,0,0,0,0
호남선,천안,정우졸음쉼터,06:00-07:00,5,4,0,0,1,0,0,0,0,0,0,0,0
호남선,천안,태인졸음쉼터,07:00-08:00,6,5,0,0,1,0,0,0,0,0,0,0,0
호남선,천안,태인졸음쉼터,08:00-09:00,13,7,0,4,2,0,0,0,0,0,0,0,0
호남선,천안,태인졸음쉼터,09:00-10:00,9,5,0,4,0,0,0,0,0,0,0,0,0
호남선,천안,태인졸음쉼터,10:00-11:00,13,9,0,3,1,0,0,0,0,0,0,0,0
호남선,천안,태인졸음쉼터,11:00-12:00,15,8,0,4,2,1,0,0,0,0,0,0,0
호남선,천안,태인졸음쉼터,12:00-13:00,16,13,0,1,1,1,0,0,0,0,0,0,0
호남선,천안,태인졸음쉼터,13:00-14:00,15,8,0,4,2,1,0,0,0,0,0,0,0
호남선,천안,태인졸음쉼터,14:00-15:00,20,14,1,2,2,1,0,0,0,0,0,0,0
호남선,천안,태인졸음쉼터,15:00-16:00,18,17,0,1,0,0,0,0,0,0,0,0,0
호남선,천안,태인졸음쉼터,16:00-17:00,16,11,0,1,3,1,0,0,0,0,0,0,0
호남선,천안,태인졸음쉼터,17:00-18:00,10,7,0,1,1,0,1,0,0,0,0,0,0
호남선,천안,태인졸음쉼터,18:00-19:00,6,6,0,0,0,0,0,0,0,0,0,0,0
호남선,천안,태인졸음쉼터,19:00-20:00,6,6,0,0,0,0,0,0,0,0,0,0,0
호남선,천안,태인졸음쉼터,20:00-21:00,4,2,0,2,0,0,0,0,0,0,0,0,0
호남선,천안,태인졸음쉼터,21:00-22:00,5,3,0,0,1,1,0,0,0,0,0,0,0
호남선,천안,태인졸음쉼터,22:00-23:00,0,0,0,0,0,0,0,0,0,0,0,0,0
호남선,천안,태인졸음쉼터,23:00-24:00,3,3,0,0,0,0,0,0,0,0,0,0,0
호남선,천안,태인졸음쉼터,00:00-01:00,1,0,0,1,0,0,0,0,0,0,0,0,0
호남선,천안,태인졸음쉼터,01:00-02:00,2,2,0,0,0,0,0,0,0,0,0,0,0
호남선,천안,태인졸음쉼터,02:00-03:00,3,2,0,1,0,0,0,0,0,0,0,0,0
호남선,천안,태인졸음쉼터,03:00-04:00,2,1,0,1,0,0,0,0,0,0,0,0,0
호남선,천안,태인졸음쉼터,04:00-05:00,2,2,0,0,0,0,0,0,0,0,0,0,0
호남선,천안,태인졸음쉼터,05:00-06:00,2,0,0,2,0,0,0,0,0,0,0,0,0
호남선,천안,태인졸음쉼터,06:00-07:00,3,2,0,1,0,0,0,0,0,0,0,0,0
호남선,천안,서전주졸음쉼터,07:00-08:00,14,7,2,2,2,1,0,0,0,0,0,0,0
호남선,천안,서전주졸음쉼터,08:00-09:00,18,14,0,4,0,0,0,0,0,0,0,0,0
호남선,천안,서전주졸음쉼터,09:00-10:00,21,15,0,4,2,0,0,0,0,0,0,0,0
호남선,천안,서전주졸음쉼터,10:00-11:00,19,7,0,8,3,0,0,1,0,0,0,0,0
호남선,천안,서전주졸음쉼터,11:00-12:00,15,9,1,3,1,0,0,0,0,0,1,0,0
호남선,천안,서전주졸음쉼터,12:00-13:00,14,12,0,1,1,0,0,0,0,0,0,0,0
호남선,천안,서전주졸음쉼터,13:00-14:00,14,9,2,3,0,0,0,0,0,0,0,0,0
호남선,천안,서전주졸음쉼터,14:00-15:00,19,15,0,3,1,0,0,0,0,0,0,0,0
호남선,천안,서전주졸음쉼터,15:00-16:00,19,14,0,3,2,0,0,0,0,0,0,0,0
호남선,천안,서전주졸음쉼터,16:00-17:00,18,11,0,6,0,1,0,0,0,0,0,0,0
호남선,천안,서전주졸음쉼터,17:00-18:00,18,15,0,2,0,0,0,1,0,0,0,0,0
호남선,천안,서전주졸음쉼터,18:00-19:00,17,14,0,0,3,0,0,0,0,0,0,0,0
호남선,천안,서전주졸음쉼터,19:00-20:00,9,7,0,1,0,1,0,0,0,0,0,0,0
호남선,천안,서전주졸음쉼터,20:00-21:00,7,5,0,1,1,0,0,0,0,0,0,0,0
호남선,천안,서전주졸음쉼터,21:00-22:00,2,1,0,0,1,0,0,0,0,0,0,0,0
호남선,천안,서전주졸음쉼터,22:00-23:00,2,1,0,0,1,0,0,0,0,0,0,0,0
호남선,천안,서전주졸음쉼터,23:00-24:00,0,0,0,0,0,0,0,0,0,0,0,0,0
호남선,천안,서전주졸음쉼터,00:00-01:00,2,1,0,0,1,0,0,0,0,0,0,0,0
호남선,천안,서전주졸음쉼터,01:00-02:00,5,0,0,0,5,0,0,0,0,0,0,0,0
호남선,천안,서전주졸음쉼터,02:00-03:00,1,0,0,0,1,0,0,0,0,0,0,0,0
호남선,천안,서전주졸음쉼터,03:00-04:00,2,0,0,0,1,1,0,0,0,0,0,0,0
호남선,천안,서전주졸음쉼터,04:00-05:00,1,0,0,0,1,0,0,0,0,0,0,0,0
호남선,천안,서전주졸음쉼터,05:00-06:00,4,0,0,0,4,0,0,0,0,0,0,0,0
호남선,천안,서전주졸음쉼터,06:00-07:00,11,6,0,1,4,0,0,0,0,0,0,0,0
호남선,순천,전주졸음쉼터,07:00-08:00,13,9,0,2,2,0,0,0,0,0,0,0,0
호남선,순천,전주졸음쉼터,08:00-09:00,15,7,0,3,3,1,0,0,0,0,1,0,0
호남선,순천,전주졸음쉼터,09:00-10:00,17,8,0,4,1,3,0,0,0,0,1,0,0
호남선,순천,전주졸음쉼터,10:00-11:00,20,14,0,2,2,2,0,0,0,0,0,0,0
호남선,순천,전주졸음쉼터,11:00-12:00,17,10,0,2,2,3,0,0,0,0,0,0,0
호남선,순천,전주졸음쉼터,12:00-13:00,25,18,0,5,1,0,1,0,0,0,0,0,0
호남선,순천,전주졸음쉼터,13:00-14:00,28,16,0,5,2,3,0,2,0,0,0,0,0
호남선,순천,전주졸음쉼터,14:00-15:00,30,19,0,6,3,2,0,0,0,0,0,0,0
호남선,순천,전주졸음쉼터,15:00-16:00,14,6,0,3,1,3,0,1,0,0,0,0,0
호남선,순천,전주졸음쉼터,16:00-17:00,22,14,1,2,2,2,0,1,0,0,0,0,0
호남선,순천,전주졸음쉼터,17:00-18:00,18,14,0,2,0,0,1,0,0,0,1,0,0
호남선,순천,전주졸음쉼터,18:00-19:00,9,7,0,1,0,1,0,0,0,0,0,0,0
호남선,순천,전주졸음쉼터,19:00-20:00,10,9,0,0,0,1,0,0,0,0,0,0,0
호남선,순천,전주졸음쉼터,20:00-21:00,10,2,0,4,0,4,0,0,0,0,0,0,0
호남선,순천,전주졸음쉼터,21:00-22:00,6,2,0,1,0,1,1,1,0,0,0,0,0
호남선,순천,전주졸음쉼터,22:00-23:00,10,6,0,1,1,2,0,0,0,0,0,0,0
호남선,순천,전주졸음쉼터,23:00-24:00,4,1,0,1,1,1,0,0,0,0,0,0,0
호남선,순천,전주졸음쉼터,00:00-01:00,7,3,0,1,0,2,0,0,0,0,1,0,0
호남선,순천,전주졸음쉼터,01:00-02:00,7,0,0,2,0,2,0,1,0,0,2,0,0
호남선,순천,전주졸음쉼터,02:00-03:00,2,0,0,0,0,2,0,0,0,0,0,0,0
호남선,순천,전주졸음쉼터,03:00-04:00,14,3,0,0,2,4,1,4,0,0,0,0,0
호남선,순천,전주졸음쉼터,04:00-05:00,10,4,0,2,0,1,0,2,0,0,1,0,0
호남선,순천,전주졸음쉼터,05:00-06:00,13,4,0,2,1,4,1,1,0,0,0,0,0
호남선,순천,전주졸음쉼터,06:00-07:00,13,2,0,7,2,1,0,1,0,0,0,0,0
호남선,천안,삼례졸음쉼터,07:00-08:00,12,6,1,1,0,3,1,0,0,0,0,0,0
호남선,천안,삼례졸음쉼터,08:00-09:00,25,17,1,4,2,1,0,0,0,0,0,0,0
호남선,천안,삼례졸음쉼터,09:00-10:00,14,10,0,1,2,1,0,0,0,0,0,0,0
호남선,천안,삼례졸음쉼터,10:00-11:00,40,26,0,4,4,5,0,1,0,0,0,0,0
호남선,천안,삼례졸음쉼터,11:00-12:00,21,15,0,0,3,1,1,1,0,0,0,0,0
호남선,천안,삼례졸음쉼터,12:00-13:00,22,11,0,1,4,3,0,3,0,0,0,0,0
호남선,천안,삼례졸음쉼터,13:00-14:00,33,23,0,6,1,2,0,1,0,0,0,0,0
호남선,천안,삼례졸음쉼터,14:00-15:00,31,25,0,3,3,0,0,0,0,0,0,0,0
호남선,천안,삼례졸음쉼터,15:00-16:00,24,17,0,4,1,2,0,0,0,0,0,0,0
호남선,천안,삼례졸음쉼터,16:00-17:00,22,12,0,5,4,1,0,0,0,0,0,0,0
호남선,천안,삼례졸음쉼터,17:00-18:00,33,26,0,4,0,1,0,2,0,0,0,0,0
호남선,천안,삼례졸음쉼터,18:00-19:00,14,12,1,1,0,0,0,0,0,0,0,0,0
호남선,천안,삼례졸음쉼터,19:00-20:00,12,9,0,0,0,2,1,0,0,0,0,0,0
호남선,천안,삼례졸음쉼터,20:00-21:00,14,10,0,1,0,2,0,0,0,0,1,0,0
호남선,천안,삼례졸음쉼터,21:00-22:00,8,6,0,1,0,1,0,0,0,0,0,0,0
호남선,천안,삼례졸음쉼터,22:00-23:00,9,4,0,2,0,1,1,1,0,0,0,0,0
호남선,천안,삼례졸음쉼터,23:00-24:00,5,3,0,0,0,2,0,0,0,0,0,0,0
호남선,천안,삼례졸음쉼터,00:00-01:00,3,2,0,0,0,1,0,0,0,0,0,0,0
호남선,천안,삼례졸음쉼터,01:00-02:00,3,0,0,0,0,1,1,0,0,0,1,0,0
호남선,천안,삼례졸음쉼터,02:00-03:00,4,4,0,0,0,0,0,0,0,0,0,0,0
호남선,천안,삼례졸음쉼터,03:00-04:00,5,3,0,0,1,1,0,0,0,0,0,0,0
호남선,천안,삼례졸음쉼터,04:00-05:00,6,1,0,2,0,1,0,2,0,0,0,0,0
호남선,천안,삼례졸음쉼터,05:00-06:00,5,2,0,0,0,3,0,0,0,0,0,0,0
호남선,천안,삼례졸음쉼터,06:00-07:00,9,4,0,1,1,2,0,0,0,0,1,0,0
호남지선,회덕,유성졸음쉼터,07:00-08:00,26,15,1,5,1,3,0,1,0,0,0,0,0
호남지선,회덕,유성졸음쉼터,08:00-09:00,41,28,0,4,6,3,0,0,0,0,0,0,0
호남지선,회덕,유성졸음쉼터,09:00-10:00,36,28,0,4,2,1,1,0,0,0,0,0,0
호남지선,회덕,유성졸음쉼터,10:00-11:00,38,27,0,5,2,3,0,1,0,0,0,0,0
호남지선,회덕,유성졸음쉼터,11:00-12:00,49,34,0,10,3,1,0,1,0,0,0,0,0
호남지선,회덕,유성졸음쉼터,12:00-13:00,40,33,0,6,0,0,0,1,0,0,0,0,0
호남지선,회덕,유성졸음쉼터,13:00-14:00,50,43,0,7,0,0,0,0,0,0,0,0,0
호남지선,회덕,유성졸음쉼터,14:00-15:00,49,41,1,5,1,1,0,0,0,0,0,0,0
호남지선,회덕,유성졸음쉼터,15:00-16:00,43,35,1,3,3,1,0,0,0,0,0,0,0
호남지선,회덕,유성졸음쉼터,16:00-17:00,40,36,0,2,0,2,0,0,0,0,0,0,0
호남지선,회덕,유성졸음쉼터,17:00-18:00,43,40,0,2,0,0,0,1,0,0,0,0,0
호남지선,회덕,유성졸음쉼터,18:00-19:00,50,46,1,3,0,0,0,0,0,0,0,0,0
호남지선,회덕,유성졸음쉼터,19:00-20:00,26,23,0,1,0,2,0,0,0,0,0,0,0
호남지선,회덕,유성졸음쉼터,20:00-21:00,23,22,0,0,1,0,0,0,0,0,0,0,0
호남지선,회덕,유성졸음쉼터,21:00-22:00,21,20,0,0,0,1,0,0,0,0,0,0,0
호남지선,회덕,유성졸음쉼터,22:00-23:00,6,6,0,0,0,0,0,0,0,0,0,0,0
호남지선,회덕,유성졸음쉼터,23:00-24:00,8,7,1,0,0,0,0,0,0,0,0,0,0
호남지선,회덕,유성졸음쉼터,00:00-01:00,3,3,0,0,0,0,0,0,0,0,0,0,0
호남지선,회덕,유성졸음쉼터,01:00-02:00,5,3,0,0,2,0,0,0,0,0,0,0,0
호남지선,회덕,유성졸음쉼터,02:00-03:00,2,1,0,0,0,1,0,0,0,0,0,0,0
호남지선,회덕,유성졸음쉼터,03:00-04:00,5,2,0,1,1,1,0,0,0,0,0,0,0
호남지선,회덕,유성졸음쉼터,04:00-05:00,7,3,0,2,1,1,0,0,0,0,0,0,0
호남지선,회덕,유성졸음쉼터,05:00-06:00,14,9,0,0,0,4,0,1,0,0,0,0,0
호남지선,회덕,유성졸음쉼터,06:00-07:00,20,18,0,1,1,0,0,0,0,0,0,0,0
호남지선,회덕,북대전졸음쉼터,07:00-08:00,23,12,0,6,4,1,0,0,0,0,0,0,0
호남지선,회덕,북대전졸음쉼터,08:00-09:00,43,35,1,4,3,0,0,0,0,0,0,0,0
호남지선,회덕,북대전졸음쉼터,09:00-10:00,47,37,1,4,3,0,0,2,0,0,0,0,0
호남지선,회덕,북대전졸음쉼터,10:00-11:00,28,19,1,3,5,0,0,0,0,0,0,0,0
호남지선,회덕,북대전졸음쉼터,11:00-12:00,31,17,0,6,7,0,0,1,0,0,0,0,0
호남지선,회덕,북대전졸음쉼터,12:00-13:00,23,17,0,1,4,0,0,1,0,0,0,0,0
호남지선,회덕,북대전졸음쉼터,13:00-14:00,41,26,0,7,6,0,0,2,0,0,0,0,0
호남지선,회덕,북대전졸음쉼터,14:00-15:00,42,33,0,7,2,0,0,0,0,0,0,0,0
호남지선,회덕,북대전졸음쉼터,15:00-16:00,40,32,0,5,3,0,0,0,0,0,0,0,0
호남지선,회덕,북대전졸음쉼터,16:00-17:00,40,25,1,9,5,0,0,0,0,0,0,0,0
호남지선,회덕,북대전졸음쉼터,17:00-18:00,35,25,1,7,2,0,0,0,0,0,0,0,0
호남지선,회덕,북대전졸음쉼터,18:00-19:00,61,45,1,7,4,2,0,2,0,0,0,0,0
호남지선,회덕,북대전졸음쉼터,19:00-20:00,33,26,0,5,2,0,0,0,0,0,0,0,0
호남지선,회덕,북대전졸음쉼터,20:00-21:00,16,14,0,1,0,1,0,0,0,0,0,0,0
호남지선,회덕,북대전졸음쉼터,21:00-22:00,8,7,0,0,1,0,0,0,0,0,0,0,0
호남지선,회덕,북대전졸음쉼터,22:00-23:00,7,1,1,0,4,1,0,0,0,0,0,0,0
호남지선,회덕,북대전졸음쉼터,23:00-24:00,5,4,0,0,0,1,0,0,0,0,0,0,0
호남지선,회덕,북대전졸음쉼터,00:00-01:00,3,1,0,1,0,1,0,0,0,0,0,0,0
호남지선,회덕,북대전졸음쉼터,01:00-02:00,4,3,0,0,1,0,0,0,0,0,0,0,0
호남지선,회덕,북대전졸음쉼터,02:00-03:00,2,2,0,0,0,0,0,0,0,0,0,0,0
호남지선,회덕,북대전졸음쉼터,03:00-04:00,4,4,0,0,0,0,0,0,0,0,0,0,0
호남지선,회덕,북대전졸음쉼터,04:00-05:00,4,1,0,0,2,1,0,0,0,0,0,0,0
호남지선,회덕,북대전졸음쉼터,05:00-06:00,8,7,0,0,0,0,0,1,0,0,0,0,0
호남지선,회덕,북대전졸음쉼터,06:00-07:00,20,7,0,7,5,1,0,0,0,0,0,0,0
