시군명,기준년월,월별충전액,월별사용액,인센티브율(%)
가평군,2022-12,3600881000.0,3996840000.0,10
가평군,2022-11,4356413000.0,3673972000.0,10
가평군,2022-10,3205893000.0,3586395000.0,10
가평군,2022-09,4334836000.0,3773560000.0,10
가평군,2022-08,3091351000.0,3600543000.0,10
가평군,2022-07,5077092000.0,4034051000.0,10
가평군,2022-06,2771279000.0,2681386000.0,10
가평군,2022-05,2784295000.0,2810484000.0,10
가평군,2022-04,2585608000.0,2600843000.0,10
가평군,2022-03,2393457000.0,2418270000.0,10
가평군,2022-02,2063838000.0,1920192000.0,10
가평군,2022-01,2231347000.0,2236009000.0,10
가평군,2021-12,2217684000.0,2080642000.0,10
가평군,2021-11,2028329000.0,1738929000.0,10
가평군,2021-10,1246495000.0,1228840000.0,10
가평군,2021-09,1167010000.0,1102362000.0,10
가평군,2021-08,1590982000.0,1559022000.0,10
가평군,2021-07,1588997000.0,1664223000.0,10
가평군,2021-06,1822772000.0,1754161000.0,10
가평군,2021-05,1402675000.0,1365784000.0,10
가평군,2021-04,1436820000.0,1305523000.0,10
가평군,2021-03,1109338000.0,1138911000.0,10
가평군,2021-02,912711000.0,805968000.0,10
가평군,2021-01,992759000.0,1011708000.0,10
가평군,2020-12,1177615000.0,1121896000.0,10
가평군,2020-11,1014259000.0,991877000.0,10
가평군,2020-10,921618000.0,952087000.0,10
가평군,2020-09,1052610000.0,964030000.0,10
가평군,2020-08,597319000.0,661956000.0,10
가평군,2020-07,676234000.0,732454000.0,10
가평군,2020-06,616944000.0,518214000.0,10
가평군,2020-05,713833000.0,642870000.0,10
가평군,2020-04,639698000.0,477477000.0,10
가평군,2020-03,389311000.0,297771000.0,10
가평군,2020-02,180458000.0,230384000.0,10
가평군,2020-01,288742000.0,247582000.0,10
가평군,2019-12,247214000.0,201657000.0,6
가평군,2019-11,139483000.0,188567000.0,6
가평군,2019-10,257462000.0,212087000.0,6
가평군,2019-09,233151000.0,172358000.0,6
가평군,2019-08,100956000.0,138322000.0,6
가평군,2019-07,207542000.0,113448000.0,6
가평군,2019-06,84932000.0,75007000.0,6
가평군,2019-05,109979000.0,59447000.0,6
가평군,2019-04,8870000.0,2187000.0,6
가평군,2019-03,,,6
가평군,2019-02,,,6
가평군,2019-01,,,6
고양시,2022-12,15077587000.0,13792439000.0,10
고양시,2022-11,12957332000.0,13942993000.0,10
고양시,2022-10,14457777000.0,14619111000.0,10
고양시,2022-09,13585894000.0,15383268000.0,10
고양시,2022-08,12613223000.0,18201721000.0,10
고양시,2022-07,20383904000.0,24502875000.0,10
고양시,2022-06,32092510000.0,24757007000.0,10
고양시,2022-05,23866863000.0,25809838000.0,10
고양시,2022-04,26050438000.0,24929350000.0,10
고양시,2022-03,24939125000.0,24047543000.0,10
고양시,2022-02,21257338000.0,20602720000.0,10
고양시,2022-01,22668503000.0,23750970000.0,10
고양시,2021-12,22992338000.0,22803618000.0,10
고양시,2021-11,27417988000.0,18367231000.0,10
고양시,2021-10,8916808000.0,9264285000.0,10
고양시,2021-09,11206740000.0,11187115000.0,10
고양시,2021-08,14508197000.0,15517130000.0,10
고양시,2021-07,12641746000.0,19930722000.0,10
고양시,2021-06,32240336000.0,30107447000.0,10
고양시,2021-05,23026400000.0,23133774000.0,10
고양시,2021-04,24135989000.0,21475052000.0,10
고양시,2021-03,16694085000.0,19226925000.0,10
고양시,2021-02,17652128000.0,13760292000.0,10
고양시,2021-01,15152425000.0,15299152000.0,10
고양시,2020-12,8159264000.0,13731511000.0,10
고양시,2020-11,21892388000.0,21763372000.0,10
고양시,2020-10,18871423000.0,22812605000.0,10
고양시,2020-09,25220665000.0,21980525000.0,10
고양시,2020-08,22718749000.0,16103409000.0,10
고양시,2020-07,10801299000.0,14345199000.0,10
고양시,2020-06,7521775000.0,13476552000.0,10
고양시,2020-05,24391234000.0,14063170000.0,10
고양시,2020-04,10835285000.0,8742604000.0,10
고양시,2020-03,8183828000.0,6663098000.0,10
고양시,2020-02,6134958000.0,5866688000.0,10
고양시,2020-01,9669657000.0,6403636000.0,10
고양시,2019-12,9138695000.0,5652073000.0,6
고양시,2019-11,2397604000.0,4583013000.0,6
고양시,2019-10,4542746000.0,4017911000.0,6
고양시,2019-09,6220822000.0,4437004000.0,6
고양시,2019-08,6035427000.0,4859241000.0,6
고양시,2019-07,6565309000.0,2688638000.0,6
고양시,2019-06,1094818000.0,1478659000.0,6
고양시,2019-05,3133495000.0,1021417000.0,6
고양시,2019-04,9255000.0,1370000.0,6
고양시,2019-03,,,6
고양시,2019-02,,,6
고양시,2019-01,,,6
과천시,2022-12,3619039000.0,3622045000.0,10
과천시,2022-11,3260446000.0,3711381000.0,10
과천시,2022-10,3384478000.0,5104463000.0,10
과천시,2022-09,5848233000.0,6889010000.0,10
과천시,2022-08,9959424000.0,6458115000.0,10
과천시,2022-07,3419370000.0,3518239000.0,10
과천시,2022-06,2946328000.0,3409087000.0,10
과천시,2022-05,4187919000.0,4095146000.0,10
과천시,2022-04,4452047000.0,3387418000.0,10
과천시,2022-03,2665862000.0,2957010000.0,10
과천시,2022-02,2316384000.0,2680151000.0,10
과천시,2022-01,3833982000.0,2966064000.0,10
과천시,2021-12,2503445000.0,2993251000.0,10
과천시,2021-11,3111520000.0,2586784000.0,10
과천시,2021-10,1773507000.0,1705601000.0,10
과천시,2021-09,2003872000.0,1749541000.0,10
과천시,2021-08,2785325000.0,3108860000.0,10
과천시,2021-07,3477490000.0,3762537000.0,10
과천시,2021-06,4523961000.0,3895002000.0,10
과천시,2021-05,3351484000.0,3316942000.0,10
과천시,2021-04,3272872000.0,3050862000.0,10
과천시,2021-03,2574139000.0,2712517000.0,10
과천시,2021-02,2315752000.0,1923395000.0,10
과천시,2021-01,2509252000.0,2307308000.0,10
과천시,2020-12,1651913000.0,2075858000.0,10
과천시,2020-11,2409712000.0,2287637000.0,10
과천시,2020-10,2224257000.0,2286972000.0,10
과천시,2020-09,2231788000.0,2373914000.0,10
과천시,2020-08,1696814000.0,1973027000.0,10
과천시,2020-07,2173031000.0,1917034000.0,10
과천시,2020-06,1676340000.0,1353920000.0,10
과천시,2020-05,1390776000.0,1051715000.0,10
과천시,2020-04,1617007000.0,940438000.0,10
과천시,2020-03,1147878000.0,720665000.0,10
과천시,2020-02,381205000.0,594092000.0,10
과천시,2020-01,1107789000.0,702411000.0,10
과천시,2019-12,492514000.0,548608000.0,6
과천시,2019-11,304364000.0,535891000.0,6
과천시,2019-10,786699000.0,616182000.0,6
과천시,2019-09,866317000.0,468413000.0,6
과천시,2019-08,242187000.0,349798000.0,6
과천시,2019-07,361577000.0,346299000.0,6
과천시,2019-06,163510000.0,291385000.0,6
과천시,2019-05,738301000.0,164238000.0,6
과천시,2019-04,25376000.0,1162000.0,6
과천시,2019-03,,,6
과천시,2019-02,,,6
과천시,2019-01,,,6
광명시,2022-12,11189446000.0,10721247000.0,10
광명시,2022-11,9624174000.0,10293105000.0,10
광명시,2022-10,10448334000.0,10794021000.0,10
광명시,2022-09,10679889000.0,11523158000.0,10
광명시,2022-08,9423327000.0,12093099000.0,10
광명시,2022-07,15690021000.0,14021693000.0,10
광명시,2022-06,15864390000.0,11716580000.0,10
광명시,2022-05,9589073000.0,10744911000.0,10
광명시,2022-04,10618075000.0,10423870000.0,10
광명시,2022-03,9433363000.0,9945286000.0,10
광명시,2022-02,7489115000.0,8772664000.0,10
광명시,2022-01,9849251000.0,11135506000.0,10
광명시,2021-12,10956603000.0,9944177000.0,10
광명시,2021-11,10941086000.0,8530007000.0,10
광명시,2021-10,5945958000.0,5992569000.0,10
광명시,2021-09,6696629000.0,4671039000.0,10
광명시,2021-08,6162182000.0,7232399000.0,10
광명시,2021-07,7590463000.0,10095707000.0,10
광명시,2021-06,14788258000.0,11750789000.0,10
광명시,2021-05,9377349000.0,9567379000.0,10
광명시,2021-04,9392377000.0,8719283000.0,10
광명시,2021-03,7297830000.0,7807034000.0,10
광명시,2021-02,6043489000.0,5358256000.0,10
광명시,2021-01,6346190000.0,6811978000.0,10
광명시,2020-12,8118857000.0,6991235000.0,10
광명시,2020-11,7880494000.0,7245906000.0,10
광명시,2020-10,6729996000.0,7218227000.0,10
광명시,2020-09,7013531000.0,6851110000.0,10
광명시,2020-08,4151462000.0,5334111000.0,10
광명시,2020-07,7448631000.0,5553208000.0,10
광명시,2020-06,5191954000.0,3993955000.0,10
광명시,2020-05,4820262000.0,3501908000.0,10
광명시,2020-04,3323583000.0,2231284000.0,10
광명시,2020-03,1816691000.0,1364922000.0,10
광명시,2020-02,1712842000.0,1132528000.0,10
광명시,2020-01,1460775000.0,1201056000.0,10
광명시,2019-12,1307969000.0,931750000.0,6
광명시,2019-11,524585000.0,889573000.0,6
광명시,2019-10,1349211000.0,862165000.0,6
광명시,2019-09,497664000.0,701032000.0,6
광명시,2019-08,628310000.0,960015000.0,6
광명시,2019-07,1693869000.0,884905000.0,6
광명시,2019-06,354583000.0,544691000.0,6
광명시,2019-05,1010098000.0,531315000.0,6
광명시,2019-04,502905000.0,66934000.0,6
광명시,2019-03,,,6
광명시,2019-02,,,6
광명시,2019-01,,,6
광주시,2022-12,30221391000.0,23521071000.0,10
광주시,2022-11,16804920000.0,19261121000.0,10
광주시,2022-10,18930611000.0,20639611000.0,10
광주시,2022-09,16409232000.0,22534864000.0,10
광주시,2022-08,30757937000.0,24776814000.0,10
광주시,2022-07,27846274000.0,26631714000.0,10
광주시,2022-06,24828719000.0,23414387000.0,10
광주시,2022-05,23641363000.0,23687402000.0,10
광주시,2022-04,21940622000.0,22383789000.0,10
광주시,2022-03,21077274000.0,21462299000.0,10
광주시,2022-02,17494995000.0,17690329000.0,10
광주시,2022-01,18686418000.0,21125474000.0,10
광주시,2021-12,23803279000.0,20506825000.0,10
광주시,2021-11,21660686000.0,17102184000.0,10
광주시,2021-10,11401084000.0,11243615000.0,10
광주시,2021-09,10126964000.0,5701684000.0,10
광주시,2021-08,3286541000.0,7362388000.0,10
광주시,2021-07,12575101000.0,16722127000.0,10
광주시,2021-06,25219165000.0,19994994000.0,10
광주시,2021-05,13952947000.0,12094888000.0,10
광주시,2021-04,13321049000.0,12608204000.0,10
광주시,2021-03,10873672000.0,11600204000.0,10
광주시,2021-02,9002159000.0,7854216000.0,10
광주시,2021-01,9606261000.0,10282394000.0,10
광주시,2020-12,11846680000.0,10765924000.0,10
광주시,2020-11,10205139000.0,9821290000.0,10
광주시,2020-10,9149383000.0,9420328000.0,10
광주시,2020-09,10053666000.0,9593202000.0,10
광주시,2020-08,6723209000.0,7705561000.0,10
광주시,2020-07,8568562000.0,7997727000.0,10
광주시,2020-06,6643099000.0,5646692000.0,10
광주시,2020-05,5864519000.0,4777641000.0,10
광주시,2020-04,4030085000.0,3044231000.0,10
광주시,2020-03,3417305000.0,2522458000.0,10
광주시,2020-02,1412908000.0,1904151000.0,10
광주시,2020-01,2554825000.0,2128133000.0,10
광주시,2019-12,2185166000.0,1840286000.0,6
광주시,2019-11,1568215000.0,1640547000.0,6
광주시,2019-10,1897470000.0,1232005000.0,6
광주시,2019-09,720675000.0,611891000.0,6
광주시,2019-08,378842000.0,656843000.0,6
광주시,2019-07,1067973000.0,619798000.0,6
광주시,2019-06,388335000.0,455882000.0,6
광주시,2019-05,1140948000.0,486051000.0,6
광주시,2019-04,79277000.0,13738000.0,6
광주시,2019-03,,,6
광주시,2019-02,,,6
광주시,2019-01,,,6
구리시,2022-12,10746181000.0,9173429000.0,10
구리시,2022-11,7349505000.0,7993386000.0,10
구리시,2022-10,11050035000.0,9052380000.0,10
구리시,2022-09,8997902000.0,9197502000.0,10
구리시,2022-08,8844765000.0,9520767000.0,10
구리시,2022-07,11761550000.0,9922295000.0,10
구리시,2022-06,7967732000.0,9326824000.0,10
구리시,2022-05,11306436000.0,13181766000.0,10
구리시,2022-04,13383565000.0,8548897000.0,10
구리시,2022-03,7202305000.0,7009119000.0,10
구리시,2022-02,5999522000.0,5913761000.0,10
구리시,2022-01,6643119000.0,6765550000.0,10
구리시,2021-12,6068617000.0,6314405000.0,10
구리시,2021-11,5901641000.0,5585155000.0,10
구리시,2021-10,4517658000.0,4627286000.0,10
구리시,2021-09,4762418000.0,4919910000.0,10
구리시,2021-08,6673806000.0,6543724000.0,10
구리시,2021-07,6097954000.0,6556601000.0,10
구리시,2021-06,7591188000.0,7058404000.0,10
구리시,2021-05,6075208000.0,6135291000.0,10
구리시,2021-04,6309657000.0,5790076000.0,10
구리시,2021-03,4916099000.0,5274752000.0,10
구리시,2021-02,4062873000.0,3846032000.0,10
구리시,2021-01,4255590000.0,4877310000.0,10
구리시,2020-12,5865095000.0,4754559000.0,10
구리시,2020-11,4824203000.0,4743637000.0,10
구리시,2020-10,4340830000.0,4873221000.0,10
구리시,2020-09,4636510000.0,4728126000.0,10
구리시,2020-08,3169232000.0,3885413000.0,10
구리시,2020-07,4307178000.0,3925072000.0,10
구리시,2020-06,4262372000.0,2391153000.0,10
구리시,2020-05,2985817000.0,2494217000.0,10
구리시,2020-04,2039056000.0,1362573000.0,10
구리시,2020-03,1573624000.0,967174000.0,10
구리시,2020-02,779041000.0,701499000.0,10
구리시,2020-01,958042000.0,831592000.0,10
구리시,2019-12,1206967000.0,745319000.0,6
구리시,2019-11,263086000.0,611937000.0,6
구리시,2019-10,1106018000.0,679158000.0,6
구리시,2019-09,591082000.0,429976000.0,6
구리시,2019-08,195288000.0,516560000.0,6
구리시,2019-07,801086000.0,523667000.0,6
구리시,2019-06,509439000.0,387779000.0,6
구리시,2019-05,693291000.0,116924000.0,6
구리시,2019-04,,,6
구리시,2019-03,,,6
구리시,2019-02,,,6
구리시,2019-01,,,6
군포시,2022-12,14411794000.0,14258138000.0,10
군포시,2022-11,13540110000.0,13626199000.0,10
군포시,2022-10,14020299000.0,14187826000.0,10
군포시,2022-09,14032083000.0,14605383000.0,10
군포시,2022-08,13662816000.0,15671515000.0,10
군포시,2022-07,20037318000.0,18579479000.0,10
군포시,2022-06,17918641000.0,16111566000.0,10
군포시,2022-05,15994841000.0,16802768000.0,10
군포시,2022-04,16160118000.0,16189779000.0,10
군포시,2022-03,15224367000.0,15406910000.0,10
군포시,2022-02,12767981000.0,13159951000.0,10
군포시,2022-01,13582205000.0,15881472000.0,10
군포시,2021-12,16423082000.0,15879495000.0,10
군포시,2021-11,16670653000.0,13701938000.0,10
군포시,2021-10,10083499000.0,9853569000.0,10
군포시,2021-09,11104612000.0,9017110000.0,10
군포시,2021-08,10579115000.0,11807294000.0,10
군포시,2021-07,13735281000.0,13610282000.0,10
군포시,2021-06,15362245000.0,14155516000.0,10
군포시,2021-05,11440191000.0,11773125000.0,10
군포시,2021-04,11202672000.0,11390065000.0,10
군포시,2021-03,10711530000.0,10951955000.0,10
군포시,2021-02,8468384000.0,7689732000.0,10
군포시,2021-01,8951603000.0,9831917000.0,10
군포시,2020-12,11206381000.0,9576097000.0,10
군포시,2020-11,9813402000.0,9495058000.0,10
군포시,2020-10,8822107000.0,9194072000.0,10
군포시,2020-09,9592961000.0,8789646000.0,10
군포시,2020-08,5704424000.0,6600190000.0,10
군포시,2020-07,5737778000.0,7091100000.0,10
군포시,2020-06,7907352000.0,5552418000.0,10
군포시,2020-05,6310698000.0,4959716000.0,10
군포시,2020-04,5374339000.0,4204775000.0,10
군포시,2020-03,4263997000.0,3047797000.0,10
군포시,2020-02,1510611000.0,2493120000.0,10
군포시,2020-01,4112492000.0,3165515000.0,10
군포시,2019-12,3962529000.0,2832124000.0,6
군포시,2019-11,1442764000.0,2201774000.0,6
군포시,2019-10,1987328000.0,2435273000.0,6
군포시,2019-09,3840776000.0,2233807000.0,6
군포시,2019-08,1112362000.0,1874745000.0,6
군포시,2019-07,1980499000.0,2154009000.0,6
군포시,2019-06,2379979000.0,1688951000.0,6
군포시,2019-05,2341957000.0,1061666000.0,6
군포시,2019-04,736934000.0,160255000.0,6
군포시,2019-03,,,6
군포시,2019-02,,,6
군포시,2019-01,,,6
김포시,2022-12,,,10
김포시,2022-11,,,10
김포시,2022-10,,,10
김포시,2022-09,,,10
김포시,2022-08,,,10
김포시,2022-07,0.0,0.0,10
김포시,2022-06,,,10
김포시,2022-05,,,10
김포시,2022-04,,,10
김포시,2022-03,,,10
김포시,2022-02,,,10
김포시,2022-01,,,10
김포시,2021-12,,,10
김포시,2021-11,,,10
김포시,2021-10,,,10
김포시,2021-09,,,10
김포시,2021-08,,,10
김포시,2021-07,,,10
김포시,2021-06,,,10
김포시,2021-05,,,10
김포시,2021-04,,,10
김포시,2021-03,,,10
김포시,2021-02,,,10
김포시,2021-01,,,10
김포시,2020-12,,,10
김포시,2020-11,,,10
김포시,2020-10,,,10
김포시,2020-09,,,10
김포시,2020-08,,,10
김포시,2020-07,,,10
김포시,2020-06,,,10
김포시,2020-05,,,10
김포시,2020-04,,,10
김포시,2020-03,,,10
김포시,2020-02,,,10
김포시,2020-01,,,10
김포시,2019-12,,,6
김포시,2019-11,,,6
김포시,2019-10,,,6
김포시,2019-09,,,6
김포시,2019-08,,,6
김포시,2019-07,,,6
김포시,2019-06,,,6
김포시,2019-05,,,6
김포시,2019-04,,,6
김포시,2019-03,,,6
김포시,2019-02,,,6
김포시,2019-01,,,6
남양주시,2022-12,22715053000.0,21689647000.0,10
남양주시,2022-11,19313503000.0,20646873000.0,10
남양주시,2022-10,21610071000.0,22417038000.0,10
남양주시,2022-09,22975537000.0,22583510000.0,10
남양주시,2022-08,13575381000.0,23333168000.0,10
남양주시,2022-07,39808722000.0,29306070000.0,10
남양주시,2022-06,27266318000.0,23688022000.0,10
남양주시,2022-05,23608793000.0,24752046000.0,10
남양주시,2022-04,24129408000.0,23207255000.0,10
남양주시,2022-03,22689503000.0,21945623000.0,10
남양주시,2022-02,18315029000.0,18109985000.0,10
남양주시,2022-01,19937736000.0,20515198000.0,10
남양주시,2021-12,18684809000.0,19642584000.0,10
남양주시,2021-11,19395154000.0,17522613000.0,10
남양주시,2021-10,13794057000.0,13864451000.0,10
남양주시,2021-09,15874744000.0,13962548000.0,10
남양주시,2021-08,16988378000.0,17107265000.0,10
남양주시,2021-07,14971346000.0,18117107000.0,10
남양주시,2021-06,22569619000.0,20472661000.0,10
남양주시,2021-05,17191981000.0,16884325000.0,10
남양주시,2021-04,17224083000.0,15724417000.0,10
남양주시,2021-03,13258949000.0,14170614000.0,10
남양주시,2021-02,11003701000.0,8977763000.0,10
남양주시,2021-01,9384739000.0,11482739000.0,10
남양주시,2020-12,14678545000.0,12146070000.0,10
남양주시,2020-11,12737052000.0,12087602000.0,10
남양주시,2020-10,11228473000.0,12100844000.0,10
남양주시,2020-09,10885317000.0,11080752000.0,10
남양주시,2020-08,7655048000.0,9086630000.0,10
남양주시,2020-07,12018669000.0,9986295000.0,10
남양주시,2020-06,8817257000.0,7722837000.0,10
남양주시,2020-05,9153440000.0,7633818000.0,10
남양주시,2020-04,6028294000.0,3984384000.0,10
남양주시,2020-03,3607498000.0,2855760000.0,10
남양주시,2020-02,3016233000.0,2536472000.0,10
남양주시,2020-01,2468440000.0,2822584000.0,10
남양주시,2019-12,3936730000.0,2669880000.0,6
남양주시,2019-11,1571787000.0,2183736000.0,6
남양주시,2019-10,3434683000.0,1922439000.0,6
남양주시,2019-09,1644304000.0,1233830000.0,6
남양주시,2019-08,645594000.0,1403210000.0,6
남양주시,2019-07,2021227000.0,1383395000.0,6
남양주시,2019-06,601904000.0,1196121000.0,6
남양주시,2019-05,3084237000.0,978176000.0,6
남양주시,2019-04,188922000.0,8609000.0,6
남양주시,2019-03,,,6
남양주시,2019-02,,,6
남양주시,2019-01,,,6
동두천시,2022-12,2802539000.0,2797381000.0,10
동두천시,2022-11,2401828000.0,2652002000.0,10
동두천시,2022-10,2605942000.0,2831027000.0,10
동두천시,2022-09,2918715000.0,2961401000.0,10
동두천시,2022-08,2399150000.0,3574799000.0,10
동두천시,2022-07,6034439000.0,5122751000.0,10
동두천시,2022-06,3961350000.0,2204496000.0,10
동두천시,2022-05,2139459000.0,2120578000.0,10
동두천시,2022-04,2004068000.0,1975849000.0,10
동두천시,2022-03,1776568000.0,1856081000.0,10
동두천시,2022-02,1455419000.0,1639024000.0,10
동두천시,2022-01,2068264000.0,1999176000.0,10
동두천시,2021-12,2038965000.0,2166765000.0,10
동두천시,2021-11,2069221000.0,1928420000.0,10
동두천시,2021-10,1781527000.0,1352069000.0,10
동두천시,2021-09,1105268000.0,1104481000.0,10
동두천시,2021-08,1661781000.0,1637537000.0,10
동두천시,2021-07,1574349000.0,1811759000.0,10
동두천시,2021-06,2276130000.0,2201876000.0,10
동두천시,2021-05,1782354000.0,1678906000.0,10
동두천시,2021-04,1724073000.0,1671995000.0,10
동두천시,2021-03,1222961000.0,1479083000.0,10
동두천시,2021-02,1015736000.0,1480880000.0,10
동두천시,2021-01,2146587000.0,1370105000.0,10
동두천시,2020-12,1600360000.0,1345105000.0,10
동두천시,2020-11,1055921000.0,922641000.0,10
동두천시,2020-10,959612000.0,999513000.0,10
동두천시,2020-09,1045748000.0,946626000.0,10
동두천시,2020-08,677602000.0,769322000.0,10
동두천시,2020-07,951445000.0,972710000.0,10
동두천시,2020-06,752878000.0,739008000.0,10
동두천시,2020-05,844959000.0,779316000.0,10
동두천시,2020-04,631372000.0,398864000.0,10
동두천시,2020-03,378383000.0,380922000.0,10
동두천시,2020-02,336796000.0,356096000.0,10
동두천시,2020-01,495930000.0,388233000.0,10
동두천시,2019-12,461713000.0,341334000.0,6
동두천시,2019-11,224000000.0,305841000.0,6
동두천시,2019-10,438698000.0,286950000.0,6
동두천시,2019-09,250040000.0,194088000.0,6
동두천시,2019-08,102446000.0,205038000.0,6
동두천시,2019-07,344792000.0,251182000.0,6
동두천시,2019-06,113310000.0,210580000.0,6
동두천시,2019-05,383375000.0,244807000.0,6
동두천시,2019-04,264234000.0,66999000.0,6
동두천시,2019-03,,,6
동두천시,2019-02,,,6
동두천시,2019-01,,,6
부천시,2022-12,32124304000.0,29482965000.0,10
부천시,2022-11,27374615000.0,28043430000.0,10
부천시,2022-10,29709048000.0,28935893000.0,10
부천시,2022-09,30279384000.0,29585665000.0,10
부천시,2022-08,28110444000.0,28504951000.0,10
부천시,2022-07,29946714000.0,28089368000.0,10
부천시,2022-06,26933193000.0,26750866000.0,10
부천시,2022-05,27059078000.0,28293292000.0,10
부천시,2022-04,28173912000.0,26795965000.0,10
부천시,2022-03,27556787000.0,24048383000.0,10
부천시,2022-02,20392699000.0,20051841000.0,10
부천시,2022-01,21482454000.0,24632976000.0,10
부천시,2021-12,24138981000.0,24350771000.0,10
부천시,2021-11,23592185000.0,21522530000.0,10
부천시,2021-10,19007845000.0,16906147000.0,10
부천시,2021-09,16300835000.0,16153672000.0,10
부천시,2021-08,20918698000.0,21658186000.0,10
부천시,2021-07,19371504000.0,23618316000.0,10
부천시,2021-06,31917789000.0,28501608000.0,10
부천시,2021-05,22891806000.0,22884674000.0,10
부천시,2021-04,23238877000.0,21138583000.0,10
부천시,2021-03,17992465000.0,18845514000.0,10
부천시,2021-02,15601117000.0,12756248000.0,10
부천시,2021-01,17389108000.0,15270885000.0,10
부천시,2020-12,12533199000.0,14362438000.0,10
부천시,2020-11,16560102000.0,16996525000.0,10
부천시,2020-10,15281675000.0,17677246000.0,10
부천시,2020-09,19720378000.0,18638189000.0,10
부천시,2020-08,11113717000.0,14285179000.0,10
부천시,2020-07,18772814000.0,15717029000.0,10
부천시,2020-06,12756614000.0,11118201000.0,10
부천시,2020-05,13126259000.0,10681250000.0,10
부천시,2020-04,9257889000.0,6736148000.0,10
부천시,2020-03,8353762000.0,5809720000.0,10
부천시,2020-02,2653130000.0,4387444000.0,10
부천시,2020-01,8489107000.0,5689982000.0,10
부천시,2019-12,5009354000.0,4274611000.0,6
부천시,2019-11,2744022000.0,4409268000.0,6
부천시,2019-10,4895479000.0,4859638000.0,6
부천시,2019-09,5983853000.0,4436531000.0,6
부천시,2019-08,4297625000.0,4496234000.0,6
부천시,2019-07,4603626000.0,4058112000.0,6
부천시,2019-06,3963683000.0,2912659000.0,6
부천시,2019-05,4024162000.0,1720872000.0,6
부천시,2019-04,1714964000.0,375329000.0,6
부천시,2019-03,,,6
부천시,2019-02,,,6
부천시,2019-01,,,6
성남시,2022-12,28192054000.0,34049415000.0,10
성남시,2022-11,24524085000.0,28536545000.0,10
성남시,2022-10,19572762000.0,30776282000.0,10
성남시,2022-09,39926803000.0,31784921000.0,10
성남시,2022-08,6242468000.0,34662086000.0,10
성남시,2022-07,33791582000.0,36548229000.0,10
성남시,2022-06,32406990000.0,35716895000.0,10
성남시,2022-05,32418835000.0,39163748000.0,10
성남시,2022-04,46996414000.0,36555950000.0,10
성남시,2022-03,42420113000.0,35724426000.0,10
성남시,2022-02,36683656000.0,31839881000.0,10
성남시,2022-01,69923445000.0,35947600000.0,10
성남시,2021-12,5775760000.0,5753911000.0,10
성남시,2021-11,5153800000.0,4706978000.0,10
성남시,2021-10,5358340000.0,4748956000.0,10
성남시,2021-09,5235180000.0,5102216000.0,10
성남시,2021-08,6405130000.0,5575597000.0,10
성남시,2021-07,5159380000.0,5478565000.0,10
성남시,2021-06,5912360000.0,5711345000.0,10
성남시,2021-05,6884750000.0,6790314000.0,10
성남시,2021-04,8385340000.0,6833122000.0,10
성남시,2021-03,5120380000.0,6145125000.0,10
성남시,2021-02,5392820000.0,4652379000.0,10
성남시,2021-01,5184080000.0,5690308000.0,10
성남시,2020-12,7484129000.0,6270863000.0,10
성남시,2020-11,5512400000.0,5336723000.0,10
성남시,2020-10,5340648000.0,0.0,10
성남시,2020-09,5311670000.0,7009262000.0,10
성남시,2020-08,5528650000.0,7192056000.0,10
성남시,2020-07,7554823000.0,9389885000.0,10
성남시,2020-06,5619270000.0,8433603000.0,10
성남시,2020-05,7785730000.0,11694491000.0,10
성남시,2020-04,42113040000.0,15696427000.0,10
성남시,2020-03,5474630000.0,4760594000.0,10
성남시,2020-02,5483070000.0,4754951000.0,10
성남시,2020-01,5502150000.0,5737282000.0,10
성남시,2019-12,7684540000.0,6374963000.0,6
성남시,2019-11,5633310000.0,5731457000.0,6
성남시,2019-10,7422980000.0,6070857000.0,6
성남시,2019-09,5669277000.0,4431947000.0,6
성남시,2019-08,5447710000.0,5798567000.0,6
성남시,2019-07,6224430000.0,5186416000.0,6
성남시,2019-06,4957850000.0,4948054000.0,6
성남시,2019-05,6557190000.0,5392838000.0,6
성남시,2019-04,5464570000.0,4407860000.0,6
성남시,2019-03,4712220000.0,4796227000.0,6
성남시,2019-02,4861360000.0,3557059000.0,6
성남시,2019-01,4792280000.0,3963836000.0,6
수원시,2022-12,33114060000.0,30915410000.0,10
수원시,2022-11,26159697000.0,29572792000.0,10
수원시,2022-10,28820104000.0,31385037000.0,10
수원시,2022-09,53682035000.0,33494439000.0,10
수원시,2022-08,20047095000.0,24328063000.0,10
수원시,2022-07,24673565000.0,25732256000.0,10
수원시,2022-06,20577137000.0,28285270000.0,10
수원시,2022-05,39625699000.0,34373700000.0,10
수원시,2022-04,34439482000.0,34409863000.0,10
수원시,2022-03,32314288000.0,33872904000.0,10
수원시,2022-02,26493652000.0,30490745000.0,10
수원시,2022-01,35517134000.0,37412949000.0,10
수원시,2021-12,38589931000.0,35437544000.0,10
수원시,2021-11,37254826000.0,31175985000.0,10
수원시,2021-10,20422726000.0,23899626000.0,10
수원시,2021-09,35895992000.0,28156080000.0,10
수원시,2021-08,30046190000.0,29446103000.0,10
수원시,2021-07,25919121000.0,30400028000.0,10
수원시,2021-06,39592231000.0,35850859000.0,10
수원시,2021-05,26431115000.0,26700384000.0,10
수원시,2021-04,27421284000.0,24984584000.0,10
수원시,2021-03,18927531000.0,22746865000.0,10
수원시,2021-02,22486684000.0,16312959000.0,10
수원시,2021-01,20073612000.0,18991978000.0,10
수원시,2020-12,23074013000.0,20287869000.0,10
수원시,2020-11,20901335000.0,19871655000.0,10
수원시,2020-10,18829900000.0,20931698000.0,10
수원시,2020-09,21953819000.0,20079845000.0,10
수원시,2020-08,12432450000.0,14936520000.0,10
수원시,2020-07,18748065000.0,18318331000.0,10
수원시,2020-06,17209653000.0,15489934000.0,10
수원시,2020-05,17845709000.0,15787540000.0,10
수원시,2020-04,15060595000.0,8229987000.0,10
수원시,2020-03,7967046000.0,4265271000.0,10
수원시,2020-02,2178828000.0,3042140000.0,10
수원시,2020-01,4803386000.0,3644121000.0,10
수원시,2019-12,5005054000.0,3508175000.0,6
수원시,2019-11,1706971000.0,3309251000.0,6
수원시,2019-10,5550020000.0,3240156000.0,6
수원시,2019-09,1372844000.0,2397516000.0,6
수원시,2019-08,3339872000.0,3305846000.0,6
수원시,2019-07,4603370000.0,2782821000.0,6
수원시,2019-06,1344420000.0,2083801000.0,6
수원시,2019-05,5567256000.0,1917645000.0,6
수원시,2019-04,924101000.0,151025000.0,6
수원시,2019-03,,,6
수원시,2019-02,,,6
수원시,2019-01,,,6
시흥시,2022-12,,,10
시흥시,2022-11,,,10
시흥시,2022-10,,,10
시흥시,2022-09,,,10
시흥시,2022-08,,,10
시흥시,2022-07,0.0,0.0,10
시흥시,2022-06,,,10
시흥시,2022-05,,,10
시흥시,2022-04,,,10
시흥시,2022-03,,,10
시흥시,2022-02,,,10
시흥시,2022-01,,,10
시흥시,2021-12,,,10
시흥시,2021-11,,,10
시흥시,2021-10,,,10
시흥시,2021-09,,,10
시흥시,2021-08,,,10
시흥시,2021-07,,,10
시흥시,2021-06,,,10
시흥시,2021-05,,,10
시흥시,2021-04,,,10
시흥시,2021-03,,,10
시흥시,2021-02,,,10
시흥시,2021-01,,,10
시흥시,2020-12,,,10
시흥시,2020-11,,,10
시흥시,2020-10,,,10
시흥시,2020-09,,,10
시흥시,2020-08,,,10
시흥시,2020-07,,,10
시흥시,2020-06,,,10
시흥시,2020-05,,,10
시흥시,2020-04,,,10
시흥시,2020-03,,,10
시흥시,2020-02,,,10
시흥시,2020-01,,,10
시흥시,2019-12,,,6
시흥시,2019-11,,,6
시흥시,2019-10,,,6
시흥시,2019-09,,,6
시흥시,2019-08,,,6
시흥시,2019-07,,,6
시흥시,2019-06,,,6
시흥시,2019-05,,,6
시흥시,2019-04,,,6
시흥시,2019-03,,,6
시흥시,2019-02,,,6
시흥시,2019-01,,,6
안산시,2022-12,6459204000.0,10404834000.0,10
안산시,2022-11,18475978000.0,19416955000.0,10
안산시,2022-10,20648707000.0,20602985000.0,10
안산시,2022-09,20195584000.0,20888001000.0,10
안산시,2022-08,19903724000.0,23149801000.0,10
안산시,2022-07,32014116000.0,29793650000.0,10
안산시,2022-06,25140776000.0,27442473000.0,10
안산시,2022-05,34570959000.0,33330306000.0,10
안산시,2022-04,26637843000.0,26309784000.0,10
안산시,2022-03,23988621000.0,25875977000.0,10
안산시,2022-02,24477496000.0,23570631000.0,10
안산시,2022-01,25796579000.0,27974823000.0,10
안산시,2021-12,27679009000.0,28938730000.0,10
안산시,2021-11,32372822000.0,25240904000.0,10
안산시,2021-10,16002165000.0,15998386000.0,10
안산시,2021-09,16718802000.0,9492455000.0,10
안산시,2021-08,4645221000.0,6802762000.0,10
안산시,2021-07,5481459000.0,15178530000.0,10
안산시,2021-06,39212810000.0,34859513000.0,10
안산시,2021-05,26593614000.0,27091495000.0,10
안산시,2021-04,27176661000.0,25957973000.0,10
안산시,2021-03,21088135000.0,24187223000.0,10
안산시,2021-02,21556181000.0,17026020000.0,10
안산시,2021-01,22651240000.0,18908118000.0,10
안산시,2020-12,7370592000.0,14147481000.0,10
안산시,2020-11,28198480000.0,25955038000.0,10
안산시,2020-10,24471608000.0,25102425000.0,10
안산시,2020-09,25777983000.0,25047208000.0,10
안산시,2020-08,17843945000.0,19984061000.0,10
안산시,2020-07,21188807000.0,20519954000.0,10
안산시,2020-06,18862867000.0,14286233000.0,10
안산시,2020-05,13076645000.0,10221324000.0,10
안산시,2020-04,9215535000.0,7535829000.0,10
안산시,2020-03,6497630000.0,5584480000.0,10
안산시,2020-02,5662230000.0,4414614000.0,10
안산시,2020-01,5766763000.0,4216524000.0,10
안산시,2019-12,4484943000.0,3699223000.0,6
안산시,2019-11,2978537000.0,3096828000.0,6
안산시,2019-10,3490030000.0,2742298000.0,6
안산시,2019-09,2494642000.0,1871789000.0,6
안산시,2019-08,1190963000.0,2201257000.0,6
안산시,2019-07,3227235000.0,2337934000.0,6
안산시,2019-06,1534064000.0,1676041000.0,6
안산시,2019-05,2613431000.0,1191393000.0,6
안산시,2019-04,583352000.0,119657000.0,6
안산시,2019-03,,,6
안산시,2019-02,,,6
안산시,2019-01,,,6
안성시,2022-12,7801778000.0,7374631000.0,10
안성시,2022-11,5912169000.0,7552067000.0,10
안성시,2022-10,11476701000.0,9060957000.0,10
안성시,2022-09,7420159000.0,7361469000.0,10
안성시,2022-08,5780424000.0,6704197000.0,10
안성시,2022-07,5946353000.0,7996614000.0,10
안성시,2022-06,10852413000.0,7622944000.0,10
안성시,2022-05,7408342000.0,7213790000.0,10
안성시,2022-04,5657783000.0,5712496000.0,10
안성시,2022-03,5317766000.0,5499906000.0,10
안성시,2022-02,4418387000.0,4785776000.0,10
안성시,2022-01,5864198000.0,5644179000.0,10
안성시,2021-12,4738584000.0,6514305000.0,10
안성시,2021-11,7226487000.0,5054711000.0,10
안성시,2021-10,4114775000.0,4148532000.0,10
안성시,2021-09,4111165000.0,3840488000.0,10
안성시,2021-08,4986330000.0,5307145000.0,10
안성시,2021-07,5462961000.0,6053622000.0,10
안성시,2021-06,10253016000.0,9465799000.0,10
안성시,2021-05,6604957000.0,6181891000.0,10
안성시,2021-04,6790187000.0,6627621000.0,10
안성시,2021-03,5307201000.0,6057487000.0,10
안성시,2021-02,5682171000.0,4467279000.0,10
안성시,2021-01,4602215000.0,5456835000.0,10
안성시,2020-12,6977812000.0,6041206000.0,10
안성시,2020-11,5662632000.0,5453754000.0,10
안성시,2020-10,4887867000.0,5116759000.0,10
안성시,2020-09,5295759000.0,5242438000.0,10
안성시,2020-08,3370742000.0,4194658000.0,10
안성시,2020-07,4979607000.0,4253610000.0,10
안성시,2020-06,3646703000.0,3155916000.0,10
안성시,2020-05,2845198000.0,2280185000.0,10
안성시,2020-04,2776812000.0,1390500000.0,10
안성시,2020-03,734522000.0,1140927000.0,10
안성시,2020-02,1669644000.0,1008571000.0,10
안성시,2020-01,708225000.0,1088321000.0,10
안성시,2019-12,1560644000.0,1255819000.0,6
안성시,2019-11,971395000.0,1156531000.0,6
안성시,2019-10,1413092000.0,1118977000.0,6
안성시,2019-09,933084000.0,876813000.0,6
안성시,2019-08,807575000.0,911541000.0,6
안성시,2019-07,855696000.0,941521000.0,6
안성시,2019-06,782853000.0,783255000.0,6
안성시,2019-05,810440000.0,831924000.0,6
안성시,2019-04,1804331000.0,632725000.0,6
안성시,2019-03,,,6
안성시,2019-02,,,6
안성시,2019-01,,,6
안양시,2022-12,19121946000.0,17178850000.0,10
안양시,2022-11,16174381000.0,16129312000.0,10
안양시,2022-10,17808574000.0,17195873000.0,10
안양시,2022-09,17722156000.0,17190503000.0,10
안양시,2022-08,16315053000.0,17432626000.0,10
안양시,2022-07,20699403000.0,18740868000.0,10
안양시,2022-06,16790593000.0,15265779000.0,10
안양시,2022-05,15304981000.0,16348217000.0,10
안양시,2022-04,16062731000.0,15694336000.0,10
안양시,2022-03,15229342000.0,14803463000.0,10
안양시,2022-02,13616142000.0,12533921000.0,10
안양시,2022-01,13803394000.0,14314307000.0,10
안양시,2021-12,13843903000.0,13262220000.0,10
안양시,2021-11,15435522000.0,10502280000.0,10
안양시,2021-10,5036044000.0,6195413000.0,10
안양시,2021-09,6119026000.0,8498984000.0,10
안양시,2021-08,15750949000.0,13417313000.0,10
안양시,2021-07,12393013000.0,14098941000.0,10
안양시,2021-06,18086152000.0,15676169000.0,10
안양시,2021-05,11550885000.0,11226007000.0,10
안양시,2021-04,12027434000.0,10196965000.0,10
안양시,2021-03,8057089000.0,8724535000.0,10
안양시,2021-02,7897018000.0,6253832000.0,10
안양시,2021-01,7045307000.0,7526125000.0,10
안양시,2020-12,9778849000.0,7978099000.0,10
안양시,2020-11,8133476000.0,7378897000.0,10
안양시,2020-10,7079945000.0,7298065000.0,10
안양시,2020-09,7571997000.0,6838623000.0,10
안양시,2020-08,4399286000.0,4849452000.0,10
안양시,2020-07,5276632000.0,5024370000.0,10
안양시,2020-06,3966595000.0,3543944000.0,10
안양시,2020-05,5164938000.0,3812458000.0,10
안양시,2020-04,3377332000.0,1811182000.0,10
안양시,2020-03,1477750000.0,731065000.0,10
안양시,2020-02,158693000.0,424645000.0,10
안양시,2020-01,171461000.0,850252000.0,10
안양시,2019-12,1808695000.0,943512000.0,6
안양시,2019-11,199250000.0,826544000.0,6
안양시,2019-10,1795750000.0,723214000.0,6
안양시,2019-09,173000000.0,441185000.0,6
안양시,2019-08,227500000.0,868315000.0,6
안양시,2019-07,1845500000.0,792616000.0,6
안양시,2019-06,308500000.0,547073000.0,6
안양시,2019-05,1509000000.0,542444000.0,6
안양시,2019-04,293500000.0,4220000.0,6
안양시,2019-03,,,6
안양시,2019-02,,,6
안양시,2019-01,,,6
양주시,2022-12,8881620000.0,7068824000.0,10
양주시,2022-11,4818085000.0,5484319000.0,10
양주시,2022-10,6456665000.0,7183738000.0,10
양주시,2022-09,8263372000.0,7585835000.0,10
양주시,2022-08,7441875000.0,7783166000.0,10
양주시,2022-07,8055640000.0,9212975000.0,10
양주시,2022-06,9551424000.0,5963018000.0,10
양주시,2022-05,5488231000.0,6095851000.0,10
양주시,2022-04,5916245000.0,6089456000.0,10
양주시,2022-03,6306028000.0,6155178000.0,10
양주시,2022-02,4942617000.0,5066453000.0,10
양주시,2022-01,5636460000.0,5880923000.0,10
양주시,2021-12,6126581000.0,5856876000.0,10
양주시,2021-11,6241712000.0,5070301000.0,10
양주시,2021-10,3288112000.0,3580516000.0,10
양주시,2021-09,4131427000.0,3330819000.0,10
양주시,2021-08,4541152000.0,4537909000.0,10
양주시,2021-07,4104428000.0,4993654000.0,10
양주시,2021-06,6368549000.0,5992151000.0,10
양주시,2021-05,4902017000.0,4822575000.0,10
양주시,2021-04,5022788000.0,4655205000.0,10
양주시,2021-03,3470567000.0,4063023000.0,10
양주시,2021-02,3394909000.0,2614832000.0,10
양주시,2021-01,2831340000.0,3448906000.0,10
양주시,2020-12,4690113000.0,3738897000.0,10
양주시,2020-11,3509422000.0,3383709000.0,10
양주시,2020-10,3155274000.0,3527213000.0,10
양주시,2020-09,3503381000.0,3426835000.0,10
양주시,2020-08,2397948000.0,2956848000.0,10
양주시,2020-07,3831679000.0,3422433000.0,10
양주시,2020-06,2810880000.0,2635225000.0,10
양주시,2020-05,2698361000.0,2267605000.0,10
양주시,2020-04,2079792000.0,1678016000.0,10
양주시,2020-03,1681244000.0,1474814000.0,10
양주시,2020-02,1629848000.0,1251575000.0,10
양주시,2020-01,1173914000.0,1299145000.0,10
양주시,2019-12,1531699000.0,1249299000.0,6
양주시,2019-11,952888000.0,1121194000.0,6
양주시,2019-10,1514663000.0,1102046000.0,6
양주시,2019-09,933524000.0,918677000.0,6
양주시,2019-08,856207000.0,1053207000.0,6
양주시,2019-07,1312669000.0,1017916000.0,6
양주시,2019-06,695342000.0,775029000.0,6
양주시,2019-05,1159251000.0,750973000.0,6
양주시,2019-04,857718000.0,293528000.0,6
양주시,2019-03,198393000.0,10361000.0,6
양주시,2019-02,,,6
양주시,2019-01,,,6
양평군,2022-12,8466673000.0,7803622000.0,10
양평군,2022-11,6790564000.0,7365339000.0,10
양평군,2022-10,9595124000.0,8098281000.0,10
양평군,2022-09,8193964000.0,7771119000.0,10
양평군,2022-08,6029732000.0,6936291000.0,10
양평군,2022-07,6929339000.0,9096210000.0,10
양평군,2022-06,11136427000.0,6871761000.0,10
양평군,2022-05,5876188000.0,5961573000.0,10
양평군,2022-04,5977421000.0,5960865000.0,10
양평군,2022-03,5645309000.0,5704089000.0,10
양평군,2022-02,5048898000.0,5026902000.0,10
양평군,2022-01,5663115000.0,6051375000.0,10
양평군,2021-12,6984257000.0,7044435000.0,10
양평군,2021-11,5629003000.0,5103621000.0,10
양평군,2021-10,4286858000.0,4273040000.0,10
양평군,2021-09,4195873000.0,3965548000.0,10
양평군,2021-08,5295397000.0,5369871000.0,10
양평군,2021-07,5439457000.0,5512555000.0,10
양평군,2021-06,5738922000.0,5872457000.0,10
양평군,2021-05,5250498000.0,5993602000.0,10
양평군,2021-04,7101787000.0,7668377000.0,10
양평군,2021-03,8513363000.0,6740183000.0,10
양평군,2021-02,4462006000.0,3998809000.0,10
양평군,2021-01,4616132000.0,4771116000.0,10
양평군,2020-12,4525305000.0,5907339000.0,10
양평군,2020-11,6538877000.0,5779551000.0,10
양평군,2020-10,5697470000.0,4171621000.0,10
양평군,2020-09,4550837000.0,4297598000.0,10
양평군,2020-08,3215380000.0,3253873000.0,10
양평군,2020-07,3227473000.0,3311858000.0,10
양평군,2020-06,2709206000.0,2573277000.0,10
양평군,2020-05,2315457000.0,2077052000.0,10
양평군,2020-04,2164797000.0,1803907000.0,10
양평군,2020-03,1915783000.0,1849147000.0,10
양평군,2020-02,1609408000.0,1563165000.0,10
양평군,2020-01,1637036000.0,1414301000.0,10
양평군,2019-12,1013003000.0,1160143000.0,6
양평군,2019-11,1446367000.0,1435944000.0,6
양평군,2019-10,1518279000.0,1352832000.0,6
양평군,2019-09,1235291000.0,1170306000.0,6
양평군,2019-08,1164071000.0,1171115000.0,6
양평군,2019-07,1264227000.0,1092636000.0,6
양평군,2019-06,779032000.0,726280000.0,6
양평군,2019-05,848719000.0,498041000.0,6
양평군,2019-04,182459000.0,52536000.0,6
양평군,2019-03,,,6
양평군,2019-02,,,6
양평군,2019-01,,,6
여주시,2022-12,5093779000.0,4996910000.0,10
여주시,2022-11,4578759000.0,5316537000.0,10
여주시,2022-10,4612835000.0,6151152000.0,10
여주시,2022-09,9421011000.0,6838275000.0,10
여주시,2022-08,4550225000.0,5352053000.0,10
여주시,2022-07,5038293000.0,6750979000.0,10
여주시,2022-06,7866902000.0,7031840000.0,10
여주시,2022-05,6630096000.0,4471137000.0,10
여주시,2022-04,4350401000.0,4390345000.0,10
여주시,2022-03,4058948000.0,4176986000.0,10
여주시,2022-02,3232529000.0,3600808000.0,10
여주시,2022-01,3916282000.0,4953645000.0,10
여주시,2021-12,3552271000.0,6484355000.0,10
여주시,2021-11,9670906000.0,4263498000.0,10
여주시,2021-10,2896792000.0,2882447000.0,10
여주시,2021-09,2575251000.0,2699340000.0,10
여주시,2021-08,3726872000.0,3446441000.0,10
여주시,2021-07,3344438000.0,3528881000.0,10
여주시,2021-06,3665448000.0,3536312000.0,10
여주시,2021-05,3077296000.0,3131154000.0,10
여주시,2021-04,3226495000.0,3084363000.0,10
여주시,2021-03,2518119000.0,2734866000.0,10
여주시,2021-02,1903007000.0,2020585000.0,10
여주시,2021-01,2304987000.0,2573363000.0,10
여주시,2020-12,3067630000.0,3017178000.0,10
여주시,2020-11,2454130000.0,3167651000.0,10
여주시,2020-10,2293352000.0,3819060000.0,10
여주시,2020-09,7305423000.0,3790294000.0,10
여주시,2020-08,1600221000.0,1794943000.0,10
여주시,2020-07,2102508000.0,1928818000.0,10
여주시,2020-06,1615056000.0,1517746000.0,10
여주시,2020-05,1506648000.0,1395963000.0,10
여주시,2020-04,1385591000.0,1071248000.0,10
여주시,2020-03,978128000.0,887242000.0,10
여주시,2020-02,874298000.0,752630000.0,10
여주시,2020-01,905921000.0,742400000.0,10
여주시,2019-12,775816000.0,628414000.0,6
여주시,2019-11,459288000.0,438656000.0,6
여주시,2019-10,527412000.0,383929000.0,6
여주시,2019-09,273927000.0,278249000.0,6
여주시,2019-08,236932000.0,316517000.0,6
여주시,2019-07,470931000.0,331964000.0,6
여주시,2019-06,204306000.0,229702000.0,6
여주시,2019-05,352931000.0,233277000.0,6
여주시,2019-04,232163000.0,58221000.0,6
여주시,2019-03,,,6
여주시,2019-02,,,6
여주시,2019-01,,,6
연천군,2022-12,2529292000.0,2316385000.0,10
연천군,2022-11,1848776000.0,2370607000.0,10
연천군,2022-10,1231140000.0,1234794000.0,10
연천군,2022-09,3594102000.0,2158616000.0,10
연천군,2022-08,1911608000.0,2565510000.0,10
연천군,2022-07,4583355000.0,3612955000.0,10
연천군,2022-06,1809273000.0,2039263000.0,10
연천군,2022-05,2218567000.0,1353751000.0,10
연천군,2022-04,1308633000.0,1294944000.0,10
연천군,2022-03,1200596000.0,1237353000.0,10
연천군,2022-02,949450000.0,1120625000.0,10
연천군,2022-01,1334330000.0,1427595000.0,10
연천군,2021-12,1849192000.0,1634875000.0,10
연천군,2021-11,1249018000.0,1046947000.0,10
연천군,2021-10,876249000.0,901088000.0,10
연천군,2021-09,935604000.0,933931000.0,10
연천군,2021-08,1103899000.0,1125286000.0,10
연천군,2021-07,1090614000.0,1208780000.0,10
연천군,2021-06,1302894000.0,1357331000.0,10
연천군,2021-05,1256961000.0,1016166000.0,10
연천군,2021-04,957571000.0,878183000.0,10
연천군,2021-03,631018000.0,715741000.0,10
연천군,2021-02,597385000.0,608880000.0,10
연천군,2021-01,787564000.0,713696000.0,10
연천군,2020-12,835644000.0,742695000.0,10
연천군,2020-11,716380000.0,709171000.0,10
연천군,2020-10,612653000.0,658179000.0,10
연천군,2020-09,701049000.0,666673000.0,10
연천군,2020-08,488162000.0,546308000.0,10
연천군,2020-07,583525000.0,638324000.0,10
연천군,2020-06,525743000.0,454039000.0,10
연천군,2020-05,583292000.0,572176000.0,10
연천군,2020-04,566886000.0,520099000.0,10
연천군,2020-03,420566000.0,411900000.0,10
연천군,2020-02,378915000.0,418977000.0,10
연천군,2020-01,550993000.0,468822000.0,10
연천군,2019-12,588724000.0,399755000.0,6
연천군,2019-11,318329000.0,358897000.0,6
연천군,2019-10,416897000.0,379401000.0,6
연천군,2019-09,395582000.0,69717000.0,6
연천군,2019-08,346478000.0,561089000.0,6
연천군,2019-07,363698000.0,271917000.0,6
연천군,2019-06,285454000.0,141752000.0,6
연천군,2019-05,36993000.0,1224000.0,6
연천군,2019-04,,,6
연천군,2019-03,,,6
연천군,2019-02,,,6
연천군,2019-01,,,6
오산시,2022-12,7631972000.0,5690000000.0,10
오산시,2022-11,3761449000.0,4269453000.0,10
오산시,2022-10,6768953000.0,6683967000.0,10
오산시,2022-09,7599164000.0,7569123000.0,10
오산시,2022-08,8444470000.0,8810029000.0,10
오산시,2022-07,11562233000.0,9729204000.0,10
오산시,2022-06,7221726000.0,7444589000.0,10
오산시,2022-05,7918539000.0,9124295000.0,10
오산시,2022-04,9573659000.0,9538489000.0,10
오산시,2022-03,9335572000.0,9403177000.0,10
오산시,2022-02,8155674000.0,8241978000.0,10
오산시,2022-01,8590751000.0,9857907000.0,10
오산시,2021-12,10480280000.0,10444947000.0,10
오산시,2021-11,11793558000.0,9104429000.0,10
오산시,2021-10,5531441000.0,5272458000.0,10
오산시,2021-09,3977297000.0,4792794000.0,10
오산시,2021-08,7544747000.0,8920184000.0,10
오산시,2021-07,11583025000.0,11397228000.0,10
오산시,2021-06,13004557000.0,12522963000.0,10
오산시,2021-05,9951367000.0,10392812000.0,10
오산시,2021-04,10478118000.0,10565089000.0,10
오산시,2021-03,10582842000.0,10697475000.0,10
오산시,2021-02,7740070000.0,6353929000.0,10
오산시,2021-01,7185350000.0,7671453000.0,10
오산시,2020-12,9152554000.0,8180029000.0,10
오산시,2020-11,7498464000.0,7135234000.0,10
오산시,2020-10,6527503000.0,6916165000.0,10
오산시,2020-09,7542900000.0,7244711000.0,10
오산시,2020-08,5805637000.0,5204294000.0,10
오산시,2020-07,4222140000.0,5654460000.0,10
오산시,2020-06,6245973000.0,4680298000.0,10
오산시,2020-05,4115448000.0,3207688000.0,10
오산시,2020-04,3117247000.0,2291339000.0,10
오산시,2020-03,1941929000.0,1611446000.0,10
오산시,2020-02,1608132000.0,1371133000.0,10
오산시,2020-01,1782982000.0,1367017000.0,10
오산시,2019-12,1744017000.0,1158806000.0,6
오산시,2019-11,577092000.0,829991000.0,6
오산시,2019-10,976912000.0,843401000.0,6
오산시,2019-09,1036998000.0,715056000.0,6
오산시,2019-08,410670000.0,632283000.0,6
오산시,2019-07,839823000.0,625889000.0,6
오산시,2019-06,347162000.0,556817000.0,6
오산시,2019-05,1142898000.0,574244000.0,6
오산시,2019-04,305350000.0,81128000.0,6
오산시,2019-03,,,6
오산시,2019-02,,,6
오산시,2019-01,,,6
용인시,2022-12,31090274000.0,29227909000.0,10
용인시,2022-11,25587858000.0,27971305000.0,10
용인시,2022-10,30541007000.0,29426167000.0,10
용인시,2022-09,36166604000.0,26942975000.0,10
용인시,2022-08,19774812000.0,25128999000.0,10
용인시,2022-07,28341160000.0,29666479000.0,10
용인시,2022-06,32121935000.0,28498919000.0,10
용인시,2022-05,28100543000.0,30166775000.0,10
용인시,2022-04,30988369000.0,31158796000.0,10
용인시,2022-03,31332521000.0,29008313000.0,10
용인시,2022-02,18346332000.0,24437933000.0,10
용인시,2022-01,40313838000.0,32251081000.0,10
용인시,2021-12,25918535000.0,26265986000.0,10
용인시,2021-11,27893297000.0,21318227000.0,10
용인시,2021-10,10123081000.0,8993382000.0,10
용인시,2021-09,14709451000.0,17000517000.0,10
용인시,2021-08,25744388000.0,26710014000.0,10
용인시,2021-07,25628168000.0,30261911000.0,10
용인시,2021-06,35669612000.0,33556172000.0,10
용인시,2021-05,29564782000.0,27831068000.0,10
용인시,2021-04,29468900000.0,26457002000.0,10
용인시,2021-03,22501859000.0,23874655000.0,10
용인시,2021-02,20271369000.0,15622752000.0,10
용인시,2021-01,21857304000.0,17042211000.0,10
용인시,2020-12,12873555000.0,13692287000.0,10
용인시,2020-11,18248514000.0,17446438000.0,10
용인시,2020-10,16837933000.0,18342834000.0,10
용인시,2020-09,18206706000.0,16973199000.0,10
용인시,2020-08,10857851000.0,12715453000.0,10
용인시,2020-07,16461789000.0,16032451000.0,10
용인시,2020-06,14282076000.0,12874714000.0,10
용인시,2020-05,13264697000.0,10642997000.0,10
용인시,2020-04,10157656000.0,6129972000.0,10
용인시,2020-03,4982018000.0,3672252000.0,10
용인시,2020-02,3361100000.0,2783503000.0,10
용인시,2020-01,4286526000.0,3294777000.0,10
용인시,2019-12,3778756000.0,2599401000.0,6
용인시,2019-11,1341027000.0,2460996000.0,6
용인시,2019-10,3541329000.0,2475938000.0,6
용인시,2019-09,2851679000.0,1866233000.0,6
용인시,2019-08,1065818000.0,2049597000.0,6
용인시,2019-07,3105145000.0,1845927000.0,6
용인시,2019-06,983380000.0,1596519000.0,6
용인시,2019-05,3419623000.0,986873000.0,6
용인시,2019-04,685295000.0,78578000.0,6
용인시,2019-03,,,6
용인시,2019-02,,,6
용인시,2019-01,,,6
의왕시,2022-12,4463019000.0,3946641000.0,10
의왕시,2022-11,2719160000.0,3887671000.0,10
의왕시,2022-10,5562037000.0,5128391000.0,10
의왕시,2022-09,5386915000.0,5198013000.0,10
의왕시,2022-08,5169872000.0,5286809000.0,10
의왕시,2022-07,6948793000.0,5873700000.0,10
의왕시,2022-06,5253565000.0,5128269000.0,10
의왕시,2022-05,5126403000.0,5416673000.0,10
의왕시,2022-04,5174427000.0,5020077000.0,10
의왕시,2022-03,4887392000.0,4746711000.0,10
의왕시,2022-02,4081659000.0,3933117000.0,10
의왕시,2022-01,4270993000.0,4639164000.0,10
의왕시,2021-12,4535105000.0,4346050000.0,10
의왕시,2021-11,4607181000.0,3545172000.0,10
의왕시,2021-10,2346843000.0,2353907000.0,10
의왕시,2021-09,2808216000.0,2775623000.0,10
의왕시,2021-08,3492512000.0,3686397000.0,10
의왕시,2021-07,3919767000.0,4312116000.0,10
의왕시,2021-06,5404342000.0,4683517000.0,10
의왕시,2021-05,3529485000.0,3460999000.0,10
의왕시,2021-04,3604177000.0,3082382000.0,10
의왕시,2021-03,2434377000.0,2731971000.0,10
의왕시,2021-02,2491445000.0,1891174000.0,10
의왕시,2021-01,2233364000.0,2316505000.0,10
의왕시,2020-12,2823495000.0,2209136000.0,10
의왕시,2020-11,2232009000.0,1970020000.0,10
의왕시,2020-10,2014705000.0,2108495000.0,10
의왕시,2020-09,2166563000.0,1962438000.0,10
의왕시,2020-08,1247783000.0,1430494000.0,10
의왕시,2020-07,1553640000.0,1491008000.0,10
의왕시,2020-06,1204776000.0,1155495000.0,10
의왕시,2020-05,1573650000.0,1103479000.0,10
의왕시,2020-04,985907000.0,608455000.0,10
의왕시,2020-03,691978000.0,451880000.0,10
의왕시,2020-02,223442000.0,366635000.0,10
의왕시,2020-01,545033000.0,388718000.0,10
의왕시,2019-12,487104000.0,244735000.0,6
의왕시,2019-11,54250000.0,231644000.0,6
의왕시,2019-10,483750000.0,179232000.0,6
의왕시,2019-09,30500000.0,110004000.0,6
의왕시,2019-08,60750000.0,234507000.0,6
의왕시,2019-07,482500000.0,211693000.0,6
의왕시,2019-06,86500000.0,159524000.0,6
의왕시,2019-05,439750000.0,123623000.0,6
의왕시,2019-04,,,6
의왕시,2019-03,,,6
의왕시,2019-02,,,6
의왕시,2019-01,,,6
의정부시,2022-12,10274346000.0,10020769000.0,10
의정부시,2022-11,9109882000.0,9867110000.0,10
의정부시,2022-10,11303949000.0,11031783000.0,10
의정부시,2022-09,10648071000.0,11234922000.0,10
의정부시,2022-08,10502084000.0,12252875000.0,10
의정부시,2022-07,16700961000.0,15088201000.0,10
의정부시,2022-06,12577309000.0,9798068000.0,10
의정부시,2022-05,9599334000.0,10542089000.0,10
의정부시,2022-04,10953860000.0,10190699000.0,10
의정부시,2022-03,9957104000.0,9631340000.0,10
의정부시,2022-02,8451975000.0,8163766000.0,10
의정부시,2022-01,9465126000.0,9746113000.0,10
의정부시,2021-12,8612715000.0,9320692000.0,10
의정부시,2021-11,9870062000.0,8723503000.0,10
의정부시,2021-10,7042593000.0,7127436000.0,10
의정부시,2021-09,7200030000.0,6897114000.0,10
의정부시,2021-08,9190139000.0,9027677000.0,10
의정부시,2021-07,8078123000.0,9662559000.0,10
의정부시,2021-06,12494209000.0,11115906000.0,10
의정부시,2021-05,8549959000.0,8559135000.0,10
의정부시,2021-04,9076447000.0,8167610000.0,10
의정부시,2021-03,6616581000.0,7930847000.0,10
의정부시,2021-02,8238511000.0,5773807000.0,10
의정부시,2021-01,5425432000.0,5429189000.0,10
의정부시,2020-12,6586938000.0,6113738000.0,10
의정부시,2020-11,6387875000.0,6024196000.0,10
의정부시,2020-10,5722700000.0,6058683000.0,10
의정부시,2020-09,6186426000.0,5754601000.0,10
의정부시,2020-08,3544572000.0,4258150000.0,10
의정부시,2020-07,5615538000.0,5038198000.0,10
의정부시,2020-06,3906858000.0,3776461000.0,10
의정부시,2020-05,4900168000.0,3905255000.0,10
의정부시,2020-04,2879002000.0,1960736000.0,10
의정부시,2020-03,1644140000.0,1553931000.0,10
의정부시,2020-02,1451096000.0,1447647000.0,10
의정부시,2020-01,1562611000.0,1722993000.0,10
의정부시,2019-12,2341192000.0,1562841000.0,6
의정부시,2019-11,995490000.0,1497901000.0,6
의정부시,2019-10,1674171000.0,1093002000.0,6
의정부시,2019-09,1258233000.0,1036494000.0,6
의정부시,2019-08,990462000.0,1285377000.0,6
의정부시,2019-07,1529851000.0,944763000.0,6
의정부시,2019-06,452275000.0,964767000.0,6
의정부시,2019-05,2144866000.0,661941000.0,6
의정부시,2019-04,196508000.0,15564000.0,6
의정부시,2019-03,,,6
의정부시,2019-02,,,6
의정부시,2019-01,,,6
이천시,2022-12,11988374000.0,12362415000.0,10
이천시,2022-11,9665774000.0,12835721000.0,10
이천시,2022-10,16257304000.0,11818605000.0,10
이천시,2022-09,12200141000.0,13249739000.0,10
이천시,2022-08,10430102000.0,13089611000.0,10
이천시,2022-07,18455302000.0,14378032000.0,10
이천시,2022-06,11251965000.0,10110543000.0,10
이천시,2022-05,10584411000.0,10449167000.0,10
이천시,2022-04,9371629000.0,9014151000.0,10
이천시,2022-03,8463647000.0,8361380000.0,10
이천시,2022-02,7425771000.0,7470331000.0,10
이천시,2022-01,8469791000.0,12200590000.0,10
이천시,2021-12,7313227000.0,8996235000.0,10
이천시,2021-11,8662315000.0,5129075000.0,10
이천시,2021-10,4924079000.0,5017973000.0,10
이천시,2021-09,4827717000.0,4980063000.0,10
이천시,2021-08,6278055000.0,6297216000.0,10
이천시,2021-07,6691741000.0,6813299000.0,10
이천시,2021-06,7939152000.0,6890583000.0,10
이천시,2021-05,5573152000.0,5693855000.0,10
이천시,2021-04,5484952000.0,5157549000.0,10
이천시,2021-03,4327295000.0,4581971000.0,10
이천시,2021-02,3633652000.0,3211251000.0,10
이천시,2021-01,3582587000.0,4081426000.0,10
이천시,2020-12,4954730000.0,4311818000.0,10
이천시,2020-11,4167666000.0,4331961000.0,10
이천시,2020-10,4039983000.0,3981151000.0,10
이천시,2020-09,3787120000.0,3687948000.0,10
이천시,2020-08,2456137000.0,3194053000.0,10
이천시,2020-07,4255006000.0,3857808000.0,10
이천시,2020-06,3900291000.0,2571334000.0,10
이천시,2020-05,2874798000.0,1963380000.0,10
이천시,2020-04,1505235000.0,1296229000.0,10
이천시,2020-03,1505731000.0,1027687000.0,10
이천시,2020-02,1197195000.0,911026000.0,10
이천시,2020-01,975970000.0,993427000.0,10
이천시,2019-12,1457571000.0,859785000.0,6
이천시,2019-11,400362000.0,790194000.0,6
이천시,2019-10,1173344000.0,749830000.0,6
이천시,2019-09,539571000.0,743569000.0,6
이천시,2019-08,549626000.0,633027000.0,6
이천시,2019-07,1029111000.0,538060000.0,6
이천시,2019-06,738015000.0,379172000.0,6
이천시,2019-05,576704000.0,297909000.0,6
이천시,2019-04,277167000.0,29224000.0,6
이천시,2019-03,,,6
이천시,2019-02,,,6
이천시,2019-01,,,6
파주시,2022-12,9437123000.0,11143288000.0,10
파주시,2022-11,11243242000.0,13674882000.0,10
파주시,2022-10,14415368000.0,14453382000.0,10
파주시,2022-09,16897246000.0,14533167000.0,10
파주시,2022-08,14394429000.0,15565669000.0,10
파주시,2022-07,18473545000.0,15929075000.0,10
파주시,2022-06,13775538000.0,13704337000.0,10
파주시,2022-05,13886432000.0,14522686000.0,10
파주시,2022-04,14590074000.0,14338925000.0,10
파주시,2022-03,14028256000.0,13641807000.0,10
파주시,2022-02,11999551000.0,11408796000.0,10
파주시,2022-01,13746572000.0,12764176000.0,10
파주시,2021-12,9301899000.0,12034690000.0,10
파주시,2021-11,13931752000.0,11522334000.0,10
파주시,2021-10,9376948000.0,9257105000.0,10
파주시,2021-09,9213851000.0,8969832000.0,10
파주시,2021-08,12692147000.0,12518152000.0,10
파주시,2021-07,11450235000.0,12849305000.0,10
파주시,2021-06,14558150000.0,13409021000.0,10
파주시,2021-05,9704216000.0,9123830000.0,10
파주시,2021-04,11397418000.0,10552774000.0,10
파주시,2021-03,8647682000.0,9175701000.0,10
파주시,2021-02,7111915000.0,6135793000.0,10
파주시,2021-01,7299304000.0,7823883000.0,10
파주시,2020-12,9775350000.0,8328605000.0,10
파주시,2020-11,7968702000.0,7365277000.0,10
파주시,2020-10,7079183000.0,7365647000.0,10
파주시,2020-09,6867186000.0,6330229000.0,10
파주시,2020-08,4218698000.0,4501398000.0,10
파주시,2020-07,5750125000.0,5375859000.0,10
파주시,2020-06,4195053000.0,4004105000.0,10
파주시,2020-05,4291716000.0,3572944000.0,10
파주시,2020-04,3350660000.0,2651275000.0,10
파주시,2020-03,2285789000.0,2056795000.0,10
파주시,2020-02,2167057000.0,1798808000.0,10
파주시,2020-01,1797790000.0,1906166000.0,10
파주시,2019-12,2656670000.0,1731482000.0,6
파주시,2019-11,675609000.0,1398271000.0,6
파주시,2019-10,2352711000.0,1433996000.0,6
파주시,2019-09,986988000.0,899840000.0,6
파주시,2019-08,600001000.0,1221583000.0,6
파주시,2019-07,2143997000.0,945258000.0,6
파주시,2019-06,429033000.0,528784000.0,6
파주시,2019-05,1167228000.0,301540000.0,6
파주시,2019-04,6890000.0,1818000.0,6
파주시,2019-03,,,6
파주시,2019-02,,,6
파주시,2019-01,,,6
평택시,2022-12,21636334000.0,19672070000.0,10
평택시,2022-11,16103290000.0,17519953000.0,10
평택시,2022-10,19950197000.0,18225188000.0,10
평택시,2022-09,17005980000.0,15943508000.0,10
평택시,2022-08,14977848000.0,14305459000.0,10
평택시,2022-07,11760263000.0,12202926000.0,10
평택시,2022-06,11683874000.0,13269544000.0,10
평택시,2022-05,14315845000.0,11451571000.0,10
평택시,2022-04,11765156000.0,11404421000.0,10
평택시,2022-03,10982361000.0,10757632000.0,10
평택시,2022-02,9033998000.0,9197702000.0,10
평택시,2022-01,9764476000.0,10903983000.0,10
평택시,2021-12,9875171000.0,12397512000.0,10
평택시,2021-11,16707639000.0,12470269000.0,10
평택시,2021-10,10059010000.0,10537398000.0,10
평택시,2021-09,10163095000.0,10508493000.0,10
평택시,2021-08,12942062000.0,14401211000.0,10
평택시,2021-07,16583490000.0,17457259000.0,10
평택시,2021-06,21028644000.0,17953087000.0,10
평택시,2021-05,13681523000.0,12335711000.0,10
평택시,2021-04,12591890000.0,11081485000.0,10
평택시,2021-03,8986800000.0,9335443000.0,10
평택시,2021-02,7538562000.0,6025676000.0,10
평택시,2021-01,6897027000.0,7283404000.0,10
평택시,2020-12,8673424000.0,7472808000.0,10
평택시,2020-11,7080197000.0,6311383000.0,10
평택시,2020-10,6098216000.0,5954365000.0,10
평택시,2020-09,6133641000.0,4846441000.0,10
평택시,2020-08,2734758000.0,2905083000.0,10
평택시,2020-07,4149789000.0,3150905000.0,10
평택시,2020-06,2048620000.0,1834371000.0,10
평택시,2020-05,2389156000.0,1768949000.0,10
평택시,2020-04,1419517000.0,577359000.0,10
평택시,2020-03,18000000.0,130667000.0,10
평택시,2020-02,23760000.0,203131000.0,10
평택시,2020-01,59712000.0,502911000.0,10
평택시,2019-12,1193695000.0,627634000.0,6
평택시,2019-11,45750000.0,535821000.0,6
평택시,2019-10,1181750000.0,436006000.0,6
평택시,2019-09,10250000.0,187229000.0,6
평택시,2019-08,49500000.0,502052000.0,6
평택시,2019-07,1115500000.0,482140000.0,6
평택시,2019-06,111500000.0,356028000.0,6
평택시,2019-05,820000000.0,252245000.0,6
평택시,2019-04,,,6
평택시,2019-03,,,6
평택시,2019-02,,,6
평택시,2019-01,,,6
포천시,2022-12,3377323000.0,3561196000.0,10
포천시,2022-11,3068367000.0,4282908000.0,10
포천시,2022-10,5061465000.0,3688048000.0,10
포천시,2022-09,2993851000.0,4504862000.0,10
포천시,2022-08,5000235000.0,4558697000.0,10
포천시,2022-07,4443943000.0,6458853000.0,10
포천시,2022-06,8086484000.0,3702657000.0,10
포천시,2022-05,3166739000.0,3278396000.0,10
포천시,2022-04,3136989000.0,3195020000.0,10
포천시,2022-03,3311030000.0,2864602000.0,10
포천시,2022-02,2346056000.0,2691847000.0,10
포천시,2022-01,2669430000.0,3768320000.0,10
포천시,2021-12,2612414000.0,3477715000.0,10
포천시,2021-11,4000225000.0,2434066000.0,10
포천시,2021-10,1770297000.0,1899034000.0,10
포천시,2021-09,1723514000.0,1699169000.0,10
포천시,2021-08,2377141000.0,2320398000.0,10
포천시,2021-07,2327945000.0,2613264000.0,10
포천시,2021-06,3140607000.0,3144509000.0,10
포천시,2021-05,2701165000.0,2523209000.0,10
포천시,2021-04,2449031000.0,2220440000.0,10
포천시,2021-03,1394455000.0,1642931000.0,10
포천시,2021-02,1493885000.0,945795000.0,10
포천시,2021-01,1471569000.0,1517904000.0,10
포천시,2020-12,1754615000.0,1574625000.0,10
포천시,2020-11,1684121000.0,1573200000.0,10
포천시,2020-10,1795602000.0,1899871000.0,10
포천시,2020-09,1980494000.0,1830414000.0,10
포천시,2020-08,1234382000.0,1229009000.0,10
포천시,2020-07,954505000.0,1351650000.0,10
포천시,2020-06,1371460000.0,898748000.0,10
포천시,2020-05,1032405000.0,844934000.0,10
포천시,2020-04,719502000.0,484425000.0,10
포천시,2020-03,253516000.0,315689000.0,10
포천시,2020-02,402926000.0,222777000.0,10
포천시,2020-01,148661000.0,243880000.0,10
포천시,2019-12,472949000.0,243033000.0,6
포천시,2019-11,48250000.0,178419000.0,6
포천시,2019-10,357000000.0,157369000.0,6
포천시,2019-09,43250000.0,95035000.0,6
포천시,2019-08,46250000.0,220038000.0,6
포천시,2019-07,346750000.0,106925000.0,6
포천시,2019-06,89250000.0,133021000.0,6
포천시,2019-05,277750000.0,86810000.0,6
포천시,2019-04,15000000.0,82000.0,6
포천시,2019-03,,,6
포천시,2019-02,,,6
포천시,2019-01,,,6
하남시,2022-12,6725929000.0,11347566000.0,10
하남시,2022-11,15319472000.0,18956314000.0,10
하남시,2022-10,24568182000.0,22506305000.0,10
하남시,2022-09,27537465000.0,20984856000.0,10
하남시,2022-08,13357060000.0,15198873000.0,10
하남시,2022-07,15747796000.0,17792625000.0,10
하남시,2022-06,16283405000.0,19528480000.0,10
하남시,2022-05,27086752000.0,24481135000.0,10
하남시,2022-04,22600737000.0,21020908000.0,10
하남시,2022-03,11195207000.0,17341245000.0,10
하남시,2022-02,21998381000.0,19230644000.0,10
하남시,2022-01,18781248000.0,20083773000.0,10
하남시,2021-12,15399628000.0,20204296000.0,10
하남시,2021-11,23558168000.0,19040971000.0,10
하남시,2021-10,13164005000.0,14264915000.0,10
하남시,2021-09,29580878000.0,14071268000.0,10
하남시,2021-08,6614516000.0,8159576000.0,10
하남시,2021-07,10090753000.0,11165096000.0,10
하남시,2021-06,12333237000.0,13706501000.0,10
하남시,2021-05,11646402000.0,13880948000.0,10
하남시,2021-04,14045307000.0,14721749000.0,10
하남시,2021-03,11568615000.0,14295567000.0,10
하남시,2021-02,14783500000.0,10857874000.0,10
하남시,2021-01,16786656000.0,12087623000.0,10
하남시,2020-12,7453124000.0,8355784000.0,10
하남시,2020-11,8547934000.0,9778813000.0,10
하남시,2020-10,7841706000.0,11015434000.0,10
하남시,2020-09,13978351000.0,12461378000.0,10
하남시,2020-08,7072406000.0,10085827000.0,10
하남시,2020-07,11668179000.0,10907893000.0,10
하남시,2020-06,12286334000.0,8112187000.0,10
하남시,2020-05,7519662000.0,6550214000.0,10
하남시,2020-04,6654288000.0,5686143000.0,10
하남시,2020-03,8309745000.0,4702156000.0,10
하남시,2020-02,4428066000.0,3175335000.0,10
하남시,2020-01,3964313000.0,3047035000.0,10
하남시,2019-12,1969308000.0,2230556000.0,6
하남시,2019-11,1338598000.0,2414000000.0,6
하남시,2019-10,3819018000.0,2596121000.0,6
하남시,2019-09,2798078000.0,2010501000.0,6
하남시,2019-08,924288000.0,1503751000.0,6
하남시,2019-07,1621539000.0,1872651000.0,6
하남시,2019-06,1759139000.0,1478470000.0,6
하남시,2019-05,2415632000.0,430476000.0,6
하남시,2019-04,13630000.0,1788000.0,6
하남시,2019-03,,,6
하남시,2019-02,,,6
하남시,2019-01,,,6
화성시,2022-12,44546249000.0,37550453000.0,10
화성시,2022-11,38054887000.0,35992147000.0,10
화성시,2022-10,40644628000.0,36969273000.0,10
화성시,2022-09,44803542000.0,35060747000.0,10
화성시,2022-08,24110738000.0,28903270000.0,10
화성시,2022-07,30719648000.0,31505473000.0,10
화성시,2022-06,34990824000.0,31881947000.0,10
화성시,2022-05,32093325000.0,33836629000.0,10
화성시,2022-04,33664107000.0,33892120000.0,10
화성시,2022-03,32470775000.0,34372158000.0,10
화성시,2022-02,28636816000.0,30433897000.0,10
화성시,2022-01,28712208000.0,36845004000.0,10
화성시,2021-12,42716295000.0,38923883000.0,10
화성시,2021-11,46982348000.0,32149156000.0,10
화성시,2021-10,20030709000.0,18683834000.0,10
화성시,2021-09,18197369000.0,15704594000.0,10
화성시,2021-08,20265063000.0,20791228000.0,10
화성시,2021-07,21854551000.0,25453330000.0,10
화성시,2021-06,38556252000.0,36664280000.0,10
화성시,2021-05,26955815000.0,27578227000.0,10
화성시,2021-04,27897920000.0,27898856000.0,10
화성시,2021-03,23369241000.0,27216871000.0,10
화성시,2021-02,18016255000.0,20192514000.0,10
화성시,2021-01,32845088000.0,31312763000.0,10
화성시,2020-12,34410971000.0,30464911000.0,10
화성시,2020-11,32921849000.0,30837628000.0,10
화성시,2020-10,30489486000.0,32642111000.0,10
화성시,2020-09,34415969000.0,31935295000.0,10
화성시,2020-08,23911858000.0,25833815000.0,10
화성시,2020-07,24704398000.0,29835477000.0,10
화성시,2020-06,22661074000.0,25500594000.0,10
화성시,2020-05,16092276000.0,24029352000.0,10
화성시,2020-04,56389896000.0,25435004000.0,10
화성시,2020-03,5668442000.0,5210973000.0,10
화성시,2020-02,5105491000.0,4422914000.0,10
화성시,2020-01,5430627000.0,4142140000.0,10
화성시,2019-12,3634851000.0,3154866000.0,6
화성시,2019-11,2196869000.0,3284905000.0,6
화성시,2019-10,3227898000.0,3274822000.0,6
화성시,2019-09,4333736000.0,3048618000.0,6
화성시,2019-08,2986215000.0,3157737000.0,6
화성시,2019-07,3966870000.0,2868233000.0,6
화성시,2019-06,1224297000.0,2110885000.0,6
화성시,2019-05,4449088000.0,1392631000.0,6
화성시,2019-04,1476982000.0,204210000.0,6
화성시,2019-03,,,6
화성시,2019-02,,,6
화성시,2019-01,,,6
가평군,2023-01,3140000000.0,3540000000.0,10
가평군,2023-02,3032000000.0,3092000000.0,10
가평군,2023-03,4284000000.0,3609000000.0,7
가평군,2023-04,3668000000.0,4057000000.0,7
가평군,2023-05,5064000000.0,3785000000.0,7
가평군,2023-06,4197000000.0,4043000000.0,7
가평군,2023-07,2682000000.0,2536000000.0,7
가평군,2023-08,3631000000.0,2392000000.0,7
가평군,2023-09,3113000000.0,2376000000.0,10
가평군,2023-10,2596000000.0,2335000000.0,7
가평군,2023-11,2368000000.0,2187000000.0,7
가평군,2023-12,4051000000.0,2140000000.0,7
고양시,2023-01,1610000000.0,6951000000.0,10
고양시,2023-02,11680000000.0,9746000000.0,10
고양시,2023-03,13370000000.0,11819000000.0,7
고양시,2023-04,13576000000.0,12364000000.0,7
고양시,2023-05,11006000000.0,12514000000.0,7
고양시,2023-06,10175000000.0,11714000000.0,7
고양시,2023-07,14686000000.0,11992000000.0,7
고양시,2023-08,11057000000.0,11989000000.0,7
고양시,2023-09,10500000000.0,11022000000.0,10
고양시,2023-10,13499000000.0,11696000000.0,7
고양시,2023-11,14389000000.0,12450000000.0,7
고양시,2023-12,15768000000.0,12994000000.0,7
과천시,2023-01,5704000000.0,4197000000.0,10
과천시,2023-02,2626000000.0,3594000000.0,10
과천시,2023-03,2933000000.0,3561000000.0,7
과천시,2023-04,2935000000.0,3181000000.0,7
과천시,2023-05,2940000000.0,3146000000.0,7
과천시,2023-06,2746000000.0,2940000000.0,7
과천시,2023-07,2897000000.0,2832000000.0,7
과천시,2023-08,2638000000.0,2771000000.0,7
과천시,2023-09,5776000000.0,3535000000.0,10
과천시,2023-10,3604000000.0,3738000000.0,7
과천시,2023-11,3332000000.0,3538000000.0,7
과천시,2023-12,3660000000.0,3712000000.0,7
광명시,2023-01,17080000000.0,12541000000.0,10
광명시,2023-02,9573000000.0,11621000000.0,10
광명시,2023-03,18333000000.0,13846000000.0,7
광명시,2023-04,15752000000.0,17141000000.0,7
광명시,2023-05,18861000000.0,17427000000.0,7
광명시,2023-06,10419000000.0,14039000000.0,7
광명시,2023-07,9721000000.0,11928000000.0,7
광명시,2023-08,8529000000.0,10113000000.0,7
광명시,2023-09,16970000000.0,12756000000.0,10
광명시,2023-10,8983000000.0,11292000000.0,7
광명시,2023-11,9298000000.0,9898000000.0,7
광명시,2023-12,2100000000.0,5453000000.0,7
광주시,2023-01,26982000000.0,23709000000.0,10
광주시,2023-02,12312000000.0,17690000000.0,10
광주시,2023-03,16317000000.0,18922000000.0,7
광주시,2023-04,16112000000.0,17603000000.0,7
광주시,2023-05,17582000000.0,16384000000.0,7
광주시,2023-06,9267000000.0,6642000000.0,7
광주시,2023-07,15317000000.0,14254000000.0,7
광주시,2023-08,15239000000.0,14372000000.0,7
광주시,2023-09,11394000000.0,8828000000.0,10
광주시,2023-10,12414000000.0,10128000000.0,7
광주시,2023-11,17709000000.0,17731000000.0,7
광주시,2023-12,12936000000.0,10317000000.0,7
구리시,2023-01,11045000000.0,9239000000.0,10
구리시,2023-02,4726000000.0,5914000000.0,10
구리시,2023-03,6468000000.0,7903000000.0,7
구리시,2023-04,6415000000.0,7266000000.0,7
구리시,2023-05,15132000000.0,9300000000.0,7
구리시,2023-06,4649000000.0,7367000000.0,7
구리시,2023-07,6336000000.0,7712000000.0,7
구리시,2023-08,5675000000.0,6597000000.0,7
구리시,2023-09,14831000000.0,8557000000.0,10
구리시,2023-10,10079000000.0,9019000000.0,7
구리시,2023-11,4394000000.0,7730000000.0,7
구리시,2023-12,5998000000.0,7811000000.0,7
군포시,2023-01,17910000000.0,15187000000.0,10
군포시,2023-02,5408000000.0,9314000000.0,10
군포시,2023-03,6140000000.0,7520000000.0,7
군포시,2023-04,11202000000.0,9883000000.0,7
군포시,2023-05,10575000000.0,10521000000.0,7
군포시,2023-06,9909000000.0,10070000000.0,7
군포시,2023-07,12145000000.0,11034000000.0,7
군포시,2023-08,10295000000.0,11126000000.0,7
군포시,2023-09,13090000000.0,9386000000.0,10
군포시,2023-10,8270000000.0,9571000000.0,7
군포시,2023-11,8125000000.0,8968000000.0,7
군포시,2023-12,8678000000.0,9180000000.0,7
김포시,2023-01,14882000000.0,21775000000.0,10
김포시,2023-02,10589000000.0,15272000000.0,10
김포시,2023-03,11448000000.0,13784000000.0,7
김포시,2023-04,13871000000.0,12927000000.0,7
김포시,2023-05,12333000000.0,11383000000.0,7
김포시,2023-06,10570000000.0,10606000000.0,7
김포시,2023-07,11564000000.0,10489000000.0,7
김포시,2023-08,12540000000.0,10011000000.0,7
김포시,2023-09,17092000000.0,14398000000.0,10
김포시,2023-10,11750000000.0,13489000000.0,7
김포시,2023-11,11452000000.0,12226000000.0,7
김포시,2023-12,15186000000.0,13775000000.0,7
남양주시,2023-01,22319000000.0,22258000000.0,10
남양주시,2023-02,17637000000.0,19402000000.0,10
남양주시,2023-03,21246000000.0,21134000000.0,7
남양주시,2023-04,21941000000.0,20681000000.0,7
남양주시,2023-05,21124000000.0,22074000000.0,7
남양주시,2023-06,20639000000.0,20589000000.0,7
남양주시,2023-07,21278000000.0,20539000000.0,7
남양주시,2023-08,19229000000.0,19842000000.0,7
남양주시,2023-09,26877000000.0,22147000000.0,10
남양주시,2023-10,19986000000.0,21814000000.0,7
남양주시,2023-11,19598000000.0,20048000000.0,7
남양주시,2023-12,20541000000.0,20013000000.0,7
동두천시,2023-01,2254000000.0,2398000000.0,10
동두천시,2023-02,1395000000.0,1639000000.0,10
동두천시,2023-03,1649000000.0,1821000000.0,7
동두천시,2023-04,1896000000.0,1789000000.0,7
동두천시,2023-05,2347000000.0,1746000000.0,7
동두천시,2023-06,2176000000.0,2104000000.0,7
동두천시,2023-07,2205000000.0,1969000000.0,7
동두천시,2023-08,2318000000.0,1956000000.0,7
동두천시,2023-09,2529000000.0,2415000000.0,10
동두천시,2023-10,2263000000.0,2027000000.0,7
동두천시,2023-11,2101000000.0,1886000000.0,7
동두천시,2023-12,2001000000.0,1701000000.0,7
부천시,2023-01,25458000000.0,27740000000.0,10
부천시,2023-02,18752000000.0,22548000000.0,10
부천시,2023-03,22423000000.0,23428000000.0,7
부천시,2023-04,21644000000.0,22090000000.0,7
부천시,2023-05,19693000000.0,21539000000.0,7
부천시,2023-06,18856000000.0,19710000000.0,7
부천시,2023-07,21689000000.0,20233000000.0,7
부천시,2023-08,17928000000.0,18851000000.0,7
부천시,2023-09,25577000000.0,21362000000.0,10
부천시,2023-10,22233000000.0,22068000000.0,7
부천시,2023-11,19752000000.0,20288000000.0,7
부천시,2023-12,37986000000.0,25737000000.0,7
성남시,2023-01,46294000000.0,23994000000.0,10
성남시,2023-02,24008000000.0,29861000000.0,10
성남시,2023-03,25388000000.0,30652000000.0,7
성남시,2023-04,25554000000.0,27830000000.0,7
성남시,2023-05,23551000000.0,27933000000.0,7
성남시,2023-06,22632000000.0,24298000000.0,7
성남시,2023-07,22424000000.0,23273000000.0,7
성남시,2023-08,22172000000.0,24038000000.0,7
성남시,2023-09,60072000000.0,28467000000.0,10
성남시,2023-10,24148000000.0,28087000000.0,7
성남시,2023-11,21039000000.0,34381000000.0,7
성남시,2023-12,23175000000.0,26395000000.0,7
수원시,2023-01,32494000000.0,31358000000.0,10
수원시,2023-02,20810000000.0,30491000000.0,10
수원시,2023-03,25857000000.0,28007000000.0,7
수원시,2023-04,25954000000.0,27098000000.0,7
수원시,2023-05,25435000000.0,25104000000.0,7
수원시,2023-06,22087000000.0,22457000000.0,7
수원시,2023-07,31491000000.0,26522000000.0,7
수원시,2023-08,24897000000.0,23769000000.0,7
수원시,2023-09,42298000000.0,25866000000.0,10
수원시,2023-10,25010000000.0,25466000000.0,7
수원시,2023-11,27993000000.0,27835000000.0,7
수원시,2023-12,23361000000.0,28271000000.0,7
시흥시,2023-01,28471000000.0,26818000000.0,10
시흥시,2023-02,18436000000.0,22655000000.0,10
시흥시,2023-03,21183000000.0,23505000000.0,7
시흥시,2023-04,21479000000.0,22319000000.0,7
시흥시,2023-05,21805000000.0,22165000000.0,7
시흥시,2023-06,18962000000.0,19439000000.0,7
시흥시,2023-07,20224000000.0,20879000000.0,7
시흥시,2023-08,21217000000.0,21009000000.0,7
시흥시,2023-09,31468000000.0,22058000000.0,10
시흥시,2023-10,17371000000.0,20906000000.0,7
시흥시,2023-11,17821000000.0,20183000000.0,7
시흥시,2023-12,28515000000.0,25205000000.0,7
안산시,2023-01,17983000000.0,14799000000.0,10
안산시,2023-02,12004000000.0,13227000000.0,10
안산시,2023-03,13204000000.0,13531000000.0,7
안산시,2023-04,14035000000.0,13392000000.0,7
안산시,2023-05,16533000000.0,15489000000.0,7
안산시,2023-06,14751000000.0,15044000000.0,7
안산시,2023-07,16346000000.0,15466000000.0,7
안산시,2023-08,14463000000.0,14440000000.0,7
안산시,2023-09,19042000000.0,15874000000.0,10
안산시,2023-10,14577000000.0,16033000000.0,7
안산시,2023-11,14004000000.0,15119000000.0,7
안산시,2023-12,22403000000.0,18021000000.0,7
안성시,2023-01,8461000000.0,6384000000.0,10
안성시,2023-02,3880000000.0,4786000000.0,10
안성시,2023-03,8461000000.0,6787000000.0,7
안성시,2023-04,11606000000.0,9067000000.0,7
안성시,2023-05,6364000000.0,9217000000.0,7
안성시,2023-06,6417000000.0,7264000000.0,7
안성시,2023-07,5841000000.0,6485000000.0,7
안성시,2023-08,9015000000.0,9015000000.0,7
안성시,2023-09,5365000000.0,7008000000.0,10
안성시,2023-10,5974000000.0,6412000000.0,7
안성시,2023-11,4607000000.0,5509000000.0,7
안성시,2023-12,8836000000.0,6844000000.0,7
안양시,2023-01,22863000000.0,20567000000.0,10
안양시,2023-02,14409000000.0,17652000000.0,10
안양시,2023-03,28665000000.0,22863000000.0,7
안양시,2023-04,26263000000.0,26476000000.0,7
안양시,2023-05,27256000000.0,26026000000.0,7
안양시,2023-06,22927000000.0,19569000000.0,7
안양시,2023-07,23800000000.0,27780000000.0,7
안양시,2023-08,22103000000.0,22903000000.0,7
안양시,2023-09,24548000000.0,22277000000.0,10
안양시,2023-10,17974000000.0,21221000000.0,7
안양시,2023-11,17618000000.0,19654000000.0,7
안양시,2023-12,18707000000.0,18620000000.0,7
양주시,2023-01,7642000000.0,6704000000.0,10
양주시,2023-02,3450000000.0,5066000000.0,10
양주시,2023-03,7440000000.0,6626000000.0,7
양주시,2023-04,6989000000.0,6916000000.0,7
양주시,2023-05,8043000000.0,7726000000.0,7
양주시,2023-06,6599000000.0,7241000000.0,7
양주시,2023-07,7744000000.0,7306000000.0,7
양주시,2023-08,1811000000.0,3955000000.0,7
양주시,2023-09,7636000000.0,2534000000.0,10
양주시,2023-10,7806000000.0,7192000000.0,7
양주시,2023-11,4153000000.0,6430000000.0,7
양주시,2023-12,6327000000.0,6190000000.0,7
양평군,2023-01,6442000000.0,7080000000.0,10
양평군,2023-02,4524000000.0,5369000000.0,10
양평군,2023-03,4940000000.0,5401000000.0,7
양평군,2023-04,4962000000.0,5133000000.0,7
양평군,2023-05,4958000000.0,5126000000.0,7
양평군,2023-06,8899000000.0,6505000000.0,7
양평군,2023-07,5925000000.0,7019000000.0,7
양평군,2023-08,5609000000.0,6156000000.0,7
양평군,2023-09,8076000000.0,4975000000.0,10
양평군,2023-10,5223000000.0,6917000000.0,7
양평군,2023-11,5666000000.0,6077000000.0,7
양평군,2023-12,8847000000.0,6865000000.0,7
여주시,2023-01,5965000000.0,4622000000.0,10
여주시,2023-02,3100000000.0,3601000000.0,10
여주시,2023-03,3833000000.0,4291000000.0,7
여주시,2023-04,4000000000.0,4117000000.0,7
여주시,2023-05,6703000000.0,3517000000.0,7
여주시,2023-06,7135000000.0,4646000000.0,7
여주시,2023-07,4672000000.0,4653000000.0,7
여주시,2023-08,8141000000.0,4763000000.0,7
여주시,2023-09,3656000000.0,3567000000.0,10
여주시,2023-10,3671000000.0,3593000000.0,7
여주시,2023-11,3607000000.0,3530000000.0,7
여주시,2023-12,7749000000.0,3889000000.0,7
연천군,2023-01,1410000000.0,2036000000.0,10
연천군,2023-02,1386000000.0,1533000000.0,10
연천군,2023-03,3188000000.0,2390000000.0,7
연천군,2023-04,1984000000.0,2165000000.0,7
연천군,2023-05,3180000000.0,2840000000.0,7
연천군,2023-06,1952000000.0,2215000000.0,7
연천군,2023-07,2050000000.0,2132000000.0,7
연천군,2023-08,3173000000.0,2534000000.0,7
연천군,2023-09,1824000000.0,1262000000.0,10
연천군,2023-10,1965000000.0,1265000000.0,7
연천군,2023-11,1819000000.0,1197000000.0,7
연천군,2023-12,3142000000.0,1228000000.0,7
오산시,2023-01,6574000000.0,6001000000.0,10
오산시,2023-02,3590000000.0,4906000000.0,10
오산시,2023-03,4538000000.0,4980000000.0,7
오산시,2023-04,4570000000.0,4861000000.0,7
오산시,2023-05,4329000000.0,4819000000.0,7
오산시,2023-06,6681000000.0,5094000000.0,7
오산시,2023-07,7187000000.0,5516000000.0,7
오산시,2023-08,5768000000.0,5428000000.0,7
오산시,2023-09,5724000000.0,5619000000.0,10
오산시,2023-10,6286000000.0,5638000000.0,7
오산시,2023-11,6043000000.0,5303000000.0,7
오산시,2023-12,5907000000.0,5392000000.0,7
용인시,2023-01,30756000000.0,28917000000.0,10
용인시,2023-02,19537000000.0,24438000000.0,10
용인시,2023-03,24606000000.0,26149000000.0,7
용인시,2023-04,26687000000.0,25694000000.0,7
용인시,2023-05,22008000000.0,25190000000.0,7
용인시,2023-06,24576000000.0,24691000000.0,7
용인시,2023-07,23891000000.0,23725000000.0,7
용인시,2023-08,19780000000.0,21780000000.0,7
용인시,2023-09,51549000000.0,28716000000.0,10
용인시,2023-10,40087000000.0,36191000000.0,7
용인시,2023-11,34738000000.0,33253000000.0,7
용인시,2023-12,40966000000.0,35786000000.0,7
의왕시,2023-01,3332000000.0,3827000000.0,10
의왕시,2023-02,2369000000.0,4150000000.0,10
의왕시,2023-03,2677000000.0,2862000000.0,7
의왕시,2023-04,2614000000.0,2656000000.0,7
의왕시,2023-05,2459000000.0,2368000000.0,7
의왕시,2023-06,2836000000.0,2652000000.0,7
의왕시,2023-07,3048000000.0,2749000000.0,7
의왕시,2023-08,2282000000.0,2588000000.0,7
의왕시,2023-09,4133000000.0,2892000000.0,10
의왕시,2023-10,4133000000.0,3461000000.0,7
의왕시,2023-11,3596000000.0,3479000000.0,7
의왕시,2023-12,3912000000.0,3807000000.0,7
의정부시,2023-01,10624000000.0,10107000000.0,10
의정부시,2023-02,7310000000.0,8164000000.0,10
의정부시,2023-03,9015000000.0,9102000000.0,7
의정부시,2023-04,9326000000.0,9161000000.0,7
의정부시,2023-05,8691000000.0,9170000000.0,7
의정부시,2023-06,7432000000.0,8021000000.0,7
의정부시,2023-07,6116000000.0,6635000000.0,7
의정부시,2023-08,5015000000.0,5530000000.0,7
의정부시,2023-09,5302000000.0,4761000000.0,10
의정부시,2023-10,5411000000.0,5157000000.0,7
의정부시,2023-11,4973000000.0,5078000000.0,7
의정부시,2023-12,5659000000.0,5258000000.0,7
이천시,2023-01,13135000000.0,11074000000.0,10
이천시,2023-02,7190000000.0,7470000000.0,10
이천시,2023-03,8705000000.0,9719000000.0,7
이천시,2023-04,17978000000.0,13638000000.0,7
이천시,2023-05,9489000000.0,12823000000.0,7
이천시,2023-06,8189000000.0,10535000000.0,7
이천시,2023-07,15279000000.0,11503000000.0,7
이천시,2023-08,9896000000.0,10260000000.0,7
이천시,2023-09,17842000000.0,11622000000.0,10
이천시,2023-10,9393000000.0,10149000000.0,7
이천시,2023-11,9371000000.0,9493000000.0,7
이천시,2023-12,18373000000.0,11385000000.0,7
파주시,2023-01,17103000000.0,13137000000.0,10
파주시,2023-02,15136000000.0,13045000000.0,10
파주시,2023-03,51103000000.0,37378000000.0,7
파주시,2023-04,18663000000.0,26488000000.0,7
파주시,2023-05,20779000000.0,24164000000.0,7
파주시,2023-06,16090000000.0,19138000000.0,7
파주시,2023-07,12992000000.0,14980000000.0,7
파주시,2023-08,15312000000.0,12979000000.0,7
파주시,2023-09,11748000000.0,14158000000.0,10
파주시,2023-10,12644000000.0,12978000000.0,7
파주시,2023-11,11744000000.0,11557000000.0,7
파주시,2023-12,13032000000.0,11814000000.0,7
평택시,2023-01,15485000000.0,15832000000.0,10
평택시,2023-02,16356000000.0,13678000000.0,10
평택시,2023-03,14472000000.0,15497000000.0,7
평택시,2023-04,25998000000.0,26900000000.0,7
평택시,2023-05,17996000000.0,22458000000.0,7
평택시,2023-06,13461000000.0,16769000000.0,7
평택시,2023-07,12871000000.0,13916000000.0,7
평택시,2023-08,11391000000.0,12530000000.0,7
평택시,2023-09,20494000000.0,16656000000.0,10
평택시,2023-10,15078000000.0,15983000000.0,7
평택시,2023-11,14060000000.0,14993000000.0,7
평택시,2023-12,18357000000.0,14681000000.0,7
포천시,2023-01,2739000000.0,3018000000.0,10
포천시,2023-02,3094000000.0,2912000000.0,10
포천시,2023-03,2920000000.0,3273000000.0,7
포천시,2023-04,3305000000.0,3123000000.0,7
포천시,2023-05,4489000000.0,2418000000.0,7
포천시,2023-06,2150000000.0,2135000000.0,7
포천시,2023-07,2252000000.0,1980000000.0,7
포천시,2023-08,4172000000.0,1802000000.0,7
포천시,2023-09,2832000000.0,1978000000.0,10
포천시,2023-10,2761000000.0,2337000000.0,7
포천시,2023-11,2611000000.0,2322000000.0,7
포천시,2023-12,5334000000.0,2330000000.0,7
하남시,2023-01,14806000000.0,12889000000.0,10
하남시,2023-02,10200000000.0,19231000000.0,10
하남시,2023-03,10882000000.0,11829000000.0,7
하남시,2023-04,10580000000.0,11139000000.0,7
하남시,2023-05,10844000000.0,11053000000.0,7
하남시,2023-06,9574000000.0,10118000000.0,7
하남시,2023-07,10231000000.0,9659000000.0,7
하남시,2023-08,9442000000.0,8931000000.0,7
하남시,2023-09,12991000000.0,11833000000.0,10
하남시,2023-10,12682000000.0,11979000000.0,7
하남시,2023-11,14647000000.0,13667000000.0,7
하남시,2023-12,14814000000.0,13838000000.0,7
화성시,2023-01,29534000000.0,35112000000.0,10
화성시,2023-02,30162000000.0,33325000000.0,10
화성시,2023-03,35906000000.0,36982000000.0,7
화성시,2023-04,35557000000.0,35525000000.0,7
화성시,2023-05,35058000000.0,37413000000.0,7
화성시,2023-06,36797000000.0,36269000000.0,7
화성시,2023-07,36869000000.0,36480000000.0,7
화성시,2023-08,34116000000.0,35008000000.0,7
화성시,2023-09,40559000000.0,36188000000.0,10
화성시,2023-10,37117000000.0,38199000000.0,7
화성시,2023-11,34953000000.0,32898000000.0,7
화성시,2023-12,17891000000.0,24971000000.0,7
가평군,2025-12,2380000000.0,2635000000.0,7
가평군,2025-11,3026000000.0,3225000000.0,7
가평군,2025-10,2555000000.0,3290000000.0,7
가평군,2025-09,6664000000.0,4224000000.0,10
가평군,2025-08,2927000000.0,2758000000.0,7
가평군,2025-07,3131000000.0,2793000000.0,7
가평군,2025-06,3035000000.0,2942000000.0,7
가평군,2025-05,3141000000.0,3109000000.0,7
가평군,2025-04,3063000000.0,3038000000.0,7
가평군,2025-03,3002000000.0,3008000000.0,7
가평군,2025-02,2655000000.0,2614000000.0,10
가평군,2025-01,2717000000.0,2638000000.0,10
가평군,2024-12,2796000000.0,3324000000.0,7
가평군,2024-11,2785000000.0,2511000000.0,7
가평군,2024-10,2667000000.0,2962000000.0,7
가평군,2024-09,2628000000.0,1780000000.0,10
가평군,2024-08,2634000000.0,1900000000.0,7
가평군,2024-07,2470000000.0,2204000000.0,7
가평군,2024-06,2364000000.0,1311000000.0,7
가평군,2024-05,2520000000.0,1529000000.0,7
가평군,2024-04,2448000000.0,1386000000.0,7
가평군,2024-03,2344000000.0,1367000000.0,7
가평군,2024-02,2178000000.0,602000000.0,10
가평군,2024-01,2154000000.0,1667000000.0,10
고양시,2025-12,9758000000.0,9530000000.0,7
고양시,2025-11,9055000000.0,8895000000.0,7
고양시,2025-10,6986000000.0,6924000000.0,7
고양시,2025-09,6407000000.0,6090000000.0,10
고양시,2025-08,8481000000.0,7095000000.0,7
고양시,2025-07,9653000000.0,3106000000.0,7
고양시,2025-06,399000000.0,1067000000.0,7
고양시,2025-05,446000000.0,1355000000.0,7
고양시,2025-04,587000000.0,1776000000.0,7
고양시,2025-03,647000000.0,2600000000.0,7
고양시,2025-02,745000000.0,3502000000.0,10
고양시,2025-01,901000000.0,6403000000.0,10
고양시,2024-12,11381000000.0,12555000000.0,7
고양시,2024-11,13886000000.0,12311000000.0,7
고양시,2024-10,10485000000.0,11758000000.0,7
고양시,2024-09,16462000000.0,11277000000.0,10
고양시,2024-08,10091000000.0,9543000000.0,7
고양시,2024-07,10110000000.0,8808000000.0,7
고양시,2024-06,10296000000.0,7635000000.0,7
고양시,2024-05,7843000000.0,3789000000.0,7
고양시,2024-04,654000000.0,819000000.0,7
고양시,2024-03,727000000.0,2498000000.0,7
고양시,2024-02,864000000.0,3472000000.0,10
고양시,2024-01,1264000000.0,6727000000.0,10
과천시,2025-12,7457000000.0,6454000000.0,7
과천시,2025-11,6903000000.0,6962000000.0,7
과천시,2025-10,6458000000.0,4932000000.0,7
과천시,2025-09,5628000000.0,4541000000.0,10
과천시,2025-08,3298000000.0,3718000000.0,7
과천시,2025-07,5369000000.0,4282000000.0,7
과천시,2025-06,2637000000.0,3848000000.0,7
과천시,2025-05,3003000000.0,4405000000.0,7
과천시,2025-04,4107000000.0,4529000000.0,7
과천시,2025-03,3939000000.0,4924000000.0,7
과천시,2025-02,3597000000.0,4641000000.0,10
과천시,2025-01,9788000000.0,4814000000.0,10
과천시,2024-12,3411000000.0,5521000000.0,7
과천시,2024-11,3199000000.0,3813000000.0,7
과천시,2024-10,2868000000.0,4058000000.0,7
과천시,2024-09,8639000000.0,4072000000.0,10
과천시,2024-08,3622000000.0,3416000000.0,7
과천시,2024-07,3870000000.0,3281000000.0,7
과천시,2024-06,4650000000.0,2075000000.0,7
과천시,2024-05,2814000000.0,2536000000.0,7
과천시,2024-04,2662000000.0,2562000000.0,7
과천시,2024-03,2529000000.0,2714000000.0,7
과천시,2024-02,5721000000.0,2611000000.0,10
과천시,2024-01,2502000000.0,977000000.0,10
광명시,2025-12,40211000000.0,30474000000.0,7
광명시,2025-11,51036000000.0,31246000000.0,7
광명시,2025-10,24919000000.0,24813000000.0,7
광명시,2025-09,20625000000.0,19364000000.0,10
광명시,2025-08,16566000000.0,15665000000.0,7
광명시,2025-07,22800000000.0,16410000000.0,7
광명시,2025-06,13357000000.0,14338000000.0,7
광명시,2025-05,13062000000.0,14812000000.0,7
광명시,2025-04,12763000000.0,14992000000.0,7
광명시,2025-03,12221000000.0,15066000000.0,7
광명시,2025-02,11126000000.0,10465000000.0,10
광명시,2025-01,25873000000.0,10754000000.0,10
광명시,2024-12,4310000000.0,8798000000.0,7
광명시,2024-11,10570000000.0,11885000000.0,7
광명시,2024-10,9884000000.0,12920000000.0,7
광명시,2024-09,17060000000.0,13734000000.0,10
광명시,2024-08,11553000000.0,12484000000.0,7
광명시,2024-07,11216000000.0,12383000000.0,7
광명시,2024-06,10585000000.0,12567000000.0,7
광명시,2024-05,17966000000.0,14094000000.0,7
광명시,2024-04,11772000000.0,11748000000.0,7
광명시,2024-03,9935000000.0,11374000000.0,7
광명시,2024-02,16097000000.0,11139000000.0,10
광명시,2024-01,11604000000.0,8169000000.0,10
광주시,2025-12,6912000000.0,8862000000.0,7
광주시,2025-11,7152000000.0,10569000000.0,7
광주시,2025-10,15467000000.0,11510000000.0,7
광주시,2025-09,17287000000.0,11434000000.0,10
광주시,2025-08,8562000000.0,8694000000.0,7
광주시,2025-07,11617000000.0,9547000000.0,7
광주시,2025-06,9338000000.0,9668000000.0,7
광주시,2025-05,9553000000.0,10190000000.0,7
광주시,2025-04,9323000000.0,9985000000.0,7
광주시,2025-03,9558000000.0,11172000000.0,7
광주시,2025-02,7801000000.0,10544000000.0,10
광주시,2025-01,17196000000.0,10465000000.0,10
광주시,2024-12,9332000000.0,16964000000.0,7
광주시,2024-11,9284000000.0,10557000000.0,7
광주시,2024-10,8614000000.0,11757000000.0,7
광주시,2024-09,15753000000.0,11701000000.0,10
광주시,2024-08,9958000000.0,11102000000.0,7
광주시,2024-07,10141000000.0,11320000000.0,7
광주시,2024-06,10868000000.0,9388000000.0,7
광주시,2024-05,9350000000.0,9607000000.0,7
광주시,2024-04,9468000000.0,10000000000.0,7
광주시,2024-03,8083000000.0,10491000000.0,7
광주시,2024-02,16471000000.0,10987000000.0,10
광주시,2024-01,8153000000.0,9089000000.0,10
구리시,2025-12,9084000000.0,10479000000.0,7
구리시,2025-11,10902000000.0,10891000000.0,7
구리시,2025-10,9773000000.0,9149000000.0,7
구리시,2025-09,10216000000.0,9012000000.0,10
구리시,2025-08,11141000000.0,7570000000.0,7
구리시,2025-07,5646000000.0,7155000000.0,7
구리시,2025-06,4478000000.0,8047000000.0,7
구리시,2025-05,16436000000.0,9279000000.0,7
구리시,2025-04,5601000000.0,7075000000.0,7
구리시,2025-03,5796000000.0,7963000000.0,7
구리시,2025-02,4306000000.0,7778000000.0,10
구리시,2025-01,15703000000.0,8373000000.0,10
구리시,2024-12,5952000000.0,7251000000.0,7
구리시,2024-11,5555000000.0,7423000000.0,7
구리시,2024-10,4497000000.0,8080000000.0,7
구리시,2024-09,15385000000.0,8418000000.0,10
구리시,2024-08,5632000000.0,7149000000.0,7
구리시,2024-07,5576000000.0,7529000000.0,7
구리시,2024-06,4460000000.0,7695000000.0,7
구리시,2024-05,14114000000.0,8826000000.0,7
구리시,2024-04,4992000000.0,7202000000.0,7
구리시,2024-03,4510000000.0,8014000000.0,7
구리시,2024-02,15556000000.0,8354000000.0,10
구리시,2024-01,5259000000.0,6826000000.0,10
군포시,2025-12,10428000000.0,10252000000.0,7
군포시,2025-11,10378000000.0,10265000000.0,7
군포시,2025-10,8813000000.0,7881000000.0,7
군포시,2025-09,10592000000.0,7837000000.0,10
군포시,2025-08,5566000000.0,6429000000.0,7
군포시,2025-07,9192000000.0,7614000000.0,7
군포시,2025-06,6104000000.0,7251000000.0,7
군포시,2025-05,6222000000.0,7925000000.0,7
군포시,2025-04,8789000000.0,8225000000.0,7
군포시,2025-03,8830000000.0,8562000000.0,7
군포시,2025-02,8885000000.0,7442000000.0,10
군포시,2025-01,9333000000.0,7303000000.0,10
군포시,2024-12,6945000000.0,7938000000.0,7
군포시,2024-11,6617000000.0,7694000000.0,7
군포시,2024-10,6176000000.0,8202000000.0,7
군포시,2024-09,12840000000.0,8236000000.0,10
군포시,2024-08,6952000000.0,7464000000.0,7
군포시,2024-07,7318000000.0,6970000000.0,7
군포시,2024-06,8260000000.0,7065000000.0,7
군포시,2024-05,6344000000.0,7394000000.0,7
군포시,2024-04,6203000000.0,7706000000.0,7
군포시,2024-03,5837000000.0,8231000000.0,7
군포시,2024-02,14017000000.0,8242000000.0,10
군포시,2024-01,5906000000.0,6023000000.0,10
김포시,2025-12,13778000000.0,13610000000.0,7
김포시,2025-11,13708000000.0,13128000000.0,7
김포시,2025-10,13347000000.0,10365000000.0,7
김포시,2025-09,10261000000.0,9761000000.0,10
김포시,2025-08,8998000000.0,8592000000.0,7
김포시,2025-07,11622000000.0,9552000000.0,7
김포시,2025-06,8707000000.0,8721000000.0,7
김포시,2025-05,8762000000.0,9034000000.0,7
김포시,2025-04,8807000000.0,8970000000.0,7
김포시,2025-03,8854000000.0,9673000000.0,7
김포시,2025-02,8711000000.0,9182000000.0,10
김포시,2025-01,10647000000.0,9847000000.0,10
김포시,2024-12,10499000000.0,10766000000.0,7
김포시,2024-11,10383000000.0,11179000000.0,7
김포시,2024-10,11140000000.0,11485000000.0,7
김포시,2024-09,8838000000.0,9755000000.0,10
김포시,2024-08,10750000000.0,12105000000.0,7
김포시,2024-07,11207000000.0,12685000000.0,7
김포시,2024-06,12229000000.0,11928000000.0,7
김포시,2024-05,9791000000.0,10740000000.0,7
김포시,2024-04,9724000000.0,10853000000.0,7
김포시,2024-03,9665000000.0,12137000000.0,7
김포시,2024-02,15151000000.0,11700000000.0,10
김포시,2024-01,9686000000.0,10909000000.0,10
남양주시,2025-12,25985000000.0,26842000000.0,7
남양주시,2025-11,25512000000.0,27742000000.0,7
남양주시,2025-10,30367000000.0,24385000000.0,7
남양주시,2025-09,22139000000.0,22771000000.0,10
남양주시,2025-08,20618000000.0,19786000000.0,7
남양주시,2025-07,22065000000.0,21661000000.0,7
남양주시,2025-06,23550000000.0,23818000000.0,7
남양주시,2025-05,22889000000.0,24788000000.0,7
남양주시,2025-04,21749000000.0,25049000000.0,7
남양주시,2025-03,28930000000.0,28573000000.0,7
남양주시,2025-02,26743000000.0,25007000000.0,10
남양주시,2025-01,30711000000.0,24129000000.0,10
남양주시,2024-12,20736000000.0,20997000000.0,7
남양주시,2024-11,19856000000.0,20414000000.0,7
남양주시,2024-10,19186000000.0,21911000000.0,7
남양주시,2024-09,28401000000.0,22917000000.0,10
남양주시,2024-08,20252000000.0,20521000000.0,7
남양주시,2024-07,20014000000.0,20073000000.0,7
남양주시,2024-06,19807000000.0,19837000000.0,7
남양주시,2024-05,20179000000.0,20879000000.0,7
남양주시,2024-04,19473000000.0,20502000000.0,7
남양주시,2024-03,19096000000.0,21738000000.0,7
남양주시,2024-02,26797000000.0,21272000000.0,10
남양주시,2024-01,18927000000.0,18978000000.0,10
동두천시,2025-12,2368000000.0,2226000000.0,7
동두천시,2025-11,2109000000.0,2139000000.0,7
동두천시,2025-10,2447000000.0,1930000000.0,7
동두천시,2025-09,2446000000.0,1720000000.0,10
동두천시,2025-08,1374000000.0,1364000000.0,7
동두천시,2025-07,1625000000.0,1508000000.0,7
동두천시,2025-06,1449000000.0,1518000000.0,7
동두천시,2025-05,1563000000.0,1664000000.0,7
동두천시,2025-04,1485000000.0,1640000000.0,7
동두천시,2025-03,1508000000.0,1814000000.0,7
동두천시,2025-02,1141000000.0,1691000000.0,10
동두천시,2025-01,2261000000.0,1989000000.0,10
동두천시,2024-12,1950000000.0,2709000000.0,7
동두천시,2024-11,1843000000.0,1809000000.0,7
동두천시,2024-10,1614000000.0,1955000000.0,7
동두천시,2024-09,3208000000.0,1918000000.0,10
동두천시,2024-08,1476000000.0,1480000000.0,7
동두천시,2024-07,1554000000.0,997000000.0,7
동두천시,2024-06,1456000000.0,1177000000.0,7
동두천시,2024-05,2285000000.0,1891000000.0,7
동두천시,2024-04,1284000000.0,1657000000.0,7
동두천시,2024-03,1135000000.0,1608000000.0,7
동두천시,2024-02,2974000000.0,1543000000.0,10
동두천시,2024-01,1160000000.0,701000000.0,10
부천시,2025-12,35481000000.0,31984000000.0,7
부천시,2025-11,31655000000.0,32178000000.0,7
부천시,2025-10,31553000000.0,27356000000.0,7
부천시,2025-09,44860000000.0,25080000000.0,10
부천시,2025-08,18158000000.0,16794000000.0,7
부천시,2025-07,26147000000.0,16483000000.0,7
부천시,2025-06,14276000000.0,11871000000.0,7
부천시,2025-05,8145000000.0,9726000000.0,7
부천시,2025-04,10999000000.0,12814000000.0,7
부천시,2025-03,13830000000.0,15055000000.0,7
부천시,2025-02,12663000000.0,14063000000.0,10
부천시,2025-01,22025000000.0,15592000000.0,10
부천시,2024-12,3606000000.0,8444000000.0,7
부천시,2024-11,14849000000.0,17249000000.0,7
부천시,2024-10,15308000000.0,19390000000.0,7
부천시,2024-09,26456000000.0,20880000000.0,10
부천시,2024-08,18689000000.0,19609000000.0,7
부천시,2024-07,19628000000.0,19602000000.0,7
부천시,2024-06,21537000000.0,19083000000.0,7
부천시,2024-05,16540000000.0,18050000000.0,7
부천시,2024-04,15782000000.0,18216000000.0,7
부천시,2024-03,15041000000.0,20112000000.0,7
부천시,2024-02,26168000000.0,21666000000.0,10
부천시,2024-01,12573000000.0,20301000000.0,10
성남시,2025-12,28010000000.0,41423000000.0,7
성남시,2025-11,17742000000.0,40310000000.0,7
성남시,2025-10,69203000000.0,46601000000.0,7
성남시,2025-09,16590000000.0,36470000000.0,10
성남시,2025-08,11766000000.0,39450000000.0,7
성남시,2025-07,10440000000.0,51876000000.0,7
성남시,2025-06,100270000000.0,65330000000.0,7
성남시,2025-05,88236000000.0,62579000000.0,7
성남시,2025-04,58222000000.0,50398000000.0,7
성남시,2025-03,61578000000.0,47463000000.0,7
성남시,2025-02,58185000000.0,40831000000.0,10
성남시,2025-01,88730000000.0,31053000000.0,10
성남시,2024-12,17081000000.0,15385000000.0,7
성남시,2024-11,10041000000.0,12741000000.0,7
성남시,2024-10,10041000000.0,14645000000.0,7
성남시,2024-09,30108000000.0,16836000000.0,10
성남시,2024-08,10048000000.0,12297000000.0,7
성남시,2024-07,10029000000.0,13111000000.0,7
성남시,2024-06,10041000000.0,14799000000.0,7
성남시,2024-05,16095000000.0,20175000000.0,7
성남시,2024-04,15514000000.0,20293000000.0,7
성남시,2024-03,15763000000.0,22430000000.0,7
성남시,2024-02,40021000000.0,23002000000.0,10
성남시,2024-01,15329000000.0,18830000000.0,10
수원시,2025-12,29849000000.0,40562000000.0,7
수원시,2025-11,30735000000.0,49907000000.0,7
수원시,2025-10,91717000000.0,50585000000.0,7
수원시,2025-09,24073000000.0,38371000000.0,10
수원시,2025-08,69525000000.0,51767000000.0,7
수원시,2025-07,23281000000.0,22717000000.0,7
수원시,2025-06,20865000000.0,22067000000.0,7
수원시,2025-05,21070000000.0,24396000000.0,7
수원시,2025-04,20210000000.0,25765000000.0,7
수원시,2025-03,20001000000.0,29868000000.0,7
수원시,2025-02,21527000000.0,35374000000.0,10
수원시,2025-01,95743000000.0,33781000000.0,10
수원시,2024-12,19491000000.0,23415000000.0,7
수원시,2024-11,20887000000.0,23538000000.0,7
수원시,2024-10,18469000000.0,26037000000.0,7
수원시,2024-09,38117000000.0,30375000000.0,10
수원시,2024-08,24711000000.0,25737000000.0,7
수원시,2024-07,26141000000.0,25390000000.0,7
수원시,2024-06,30226000000.0,24396000000.0,7
수원시,2024-05,19288000000.0,22336000000.0,7
수원시,2024-04,19769000000.0,23026000000.0,7
수원시,2024-03,18634000000.0,22787000000.0,7
수원시,2024-02,38781000000.0,23661000000.0,10
수원시,2024-01,18840000000.0,22427000000.0,10
시흥시,2025-12,22405000000.0,21651000000.0,7
시흥시,2025-11,23270000000.0,24078000000.0,7
시흥시,2025-10,23016000000.0,21911000000.0,7
시흥시,2025-09,29125000000.0,21211000000.0,10
시흥시,2025-08,15358000000.0,19232000000.0,7
시흥시,2025-07,31061000000.0,21934000000.0,7
시흥시,2025-06,17055000000.0,17436000000.0,7
시흥시,2025-05,17289000000.0,18173000000.0,7
시흥시,2025-04,16958000000.0,17940000000.0,7
시흥시,2025-03,17134000000.0,19071000000.0,7
시흥시,2025-02,15509000000.0,18232000000.0,10
시흥시,2025-01,31470000000.0,18488000000.0,10
시흥시,2024-12,3824000000.0,9691000000.0,7
시흥시,2024-11,18675000000.0,18120000000.0,7
시흥시,2024-10,17610000000.0,37968000000.0,7
시흥시,2024-09,23251000000.0,20192000000.0,10
시흥시,2024-08,18699000000.0,18622000000.0,7
시흥시,2024-07,19092000000.0,17595000000.0,7
시흥시,2024-06,21165000000.0,19809000000.0,7
시흥시,2024-05,18359000000.0,19527000000.0,7
시흥시,2024-04,18079000000.0,19272000000.0,7
시흥시,2024-03,17840000000.0,20625000000.0,7
시흥시,2024-02,24554000000.0,20456000000.0,10
시흥시,2024-01,16121000000.0,17699000000.0,10
안산시,2025-12,29156000000.0,28909000000.0,7
안산시,2025-11,27969000000.0,27948000000.0,7
안산시,2025-10,29672000000.0,27896000000.0,7
안산시,2025-09,22279000000.0,22380000000.0,10
안산시,2025-08,22066000000.0,19926000000.0,7
안산시,2025-07,21565000000.0,17002000000.0,7
안산시,2025-06,17419000000.0,17301000000.0,7
안산시,2025-05,17146000000.0,17822000000.0,7
안산시,2025-04,16895000000.0,17257000000.0,7
안산시,2025-03,16814000000.0,17616000000.0,7
안산시,2025-02,16257000000.0,15615000000.0,10
안산시,2025-01,19197000000.0,15946000000.0,10
안산시,2024-12,18807000000.0,15158000000.0,7
안산시,2024-11,11150000000.0,12185000000.0,7
안산시,2024-10,10481000000.0,13542000000.0,7
안산시,2024-09,19750000000.0,13839000000.0,10
안산시,2024-08,11265000000.0,12020000000.0,7
안산시,2024-07,11473000000.0,12033000000.0,7
안산시,2024-06,11734000000.0,11216000000.0,7
안산시,2024-05,13009000000.0,12907000000.0,7
안산시,2024-04,10657000000.0,12554000000.0,7
안산시,2024-03,10155000000.0,13995000000.0,7
안산시,2024-02,20029000000.0,14433000000.0,10
안산시,2024-01,10193000000.0,13194000000.0,10
안성시,2025-12,4186000000.0,5343000000.0,7
안성시,2025-11,5276000000.0,7365000000.0,7
안성시,2025-10,9130000000.0,7693000000.0,7
안성시,2025-09,10156000000.0,6858000000.0,10
안성시,2025-08,4764000000.0,5208000000.0,7
안성시,2025-07,7182000000.0,5186000000.0,7
안성시,2025-06,4100000000.0,4439000000.0,7
안성시,2025-05,4170000000.0,5089000000.0,7
안성시,2025-04,4161000000.0,5567000000.0,7
안성시,2025-03,3969000000.0,6062000000.0,7
안성시,2025-02,6132000000.0,6073000000.0,10
안성시,2025-01,11450000000.0,6775000000.0,10
안성시,2024-12,4782000000.0,5366000000.0,7
안성시,2024-11,4117000000.0,5112000000.0,7
안성시,2024-10,3534000000.0,6626000000.0,7
안성시,2024-09,8918000000.0,5797000000.0,10
안성시,2024-08,4431000000.0,5066000000.0,7
안성시,2024-07,4533000000.0,4761000000.0,7
안성시,2024-06,4860000000.0,6557000000.0,7
안성시,2024-05,4149000000.0,5032000000.0,7
안성시,2024-04,3966000000.0,5011000000.0,7
안성시,2024-03,3741000000.0,5509000000.0,7
안성시,2024-02,6405000000.0,5216000000.0,10
안성시,2024-01,3608000000.0,3877000000.0,10
안양시,2025-12,23771000000.0,24033000000.0,7
안양시,2025-11,24882000000.0,23735000000.0,7
안양시,2025-10,24510000000.0,18392000000.0,7
안양시,2025-09,22309000000.0,16479000000.0,10
안양시,2025-08,14471000000.0,11965000000.0,7
안양시,2025-07,14706000000.0,11750000000.0,7
안양시,2025-06,7809000000.0,10236000000.0,7
안양시,2025-05,7434000000.0,12182000000.0,7
안양시,2025-04,16369000000.0,16641000000.0,7
안양시,2025-03,16996000000.0,14539000000.0,7
안양시,2025-02,16943000000.0,13713000000.0,10
안양시,2025-01,18547000000.0,10504000000.0,10
안양시,2024-12,8246000000.0,8742000000.0,7
안양시,2024-11,8050000000.0,8727000000.0,7
안양시,2024-10,8027000000.0,9818000000.0,7
안양시,2024-09,11439000000.0,10450000000.0,10
안양시,2024-08,11537000000.0,11073000000.0,7
안양시,2024-07,11539000000.0,11981000000.0,7
안양시,2024-06,11742000000.0,10077000000.0,7
안양시,2024-05,9358000000.0,9459000000.0,7
안양시,2024-04,9543000000.0,8897000000.0,7
안양시,2024-03,6861000000.0,8810000000.0,7
안양시,2024-02,9741000000.0,8945000000.0,10
안양시,2024-01,7328000000.0,12915000000.0,10
양주시,2025-12,10988000000.0,6997000000.0,7
양주시,2025-11,5850000000.0,6150000000.0,7
양주시,2025-10,5082000000.0,5323000000.0,7
양주시,2025-09,5004000000.0,5676000000.0,10
양주시,2025-08,7745000000.0,5173000000.0,7
양주시,2025-07,6010000000.0,4871000000.0,7
양주시,2025-06,5896000000.0,4519000000.0,7
양주시,2025-05,3806000000.0,4023000000.0,7
양주시,2025-04,3819000000.0,4017000000.0,7
양주시,2025-03,3816000000.0,4277000000.0,7
양주시,2025-02,3342000000.0,3978000000.0,10
양주시,2025-01,6456000000.0,4156000000.0,10
양주시,2024-12,2242000000.0,5164000000.0,7
양주시,2024-11,2615000000.0,2684000000.0,7
양주시,2024-10,4717000000.0,5095000000.0,7
양주시,2024-09,4916000000.0,4753000000.0,10
양주시,2024-08,4583000000.0,5137000000.0,7
양주시,2024-07,4732000000.0,5705000000.0,7
양주시,2024-06,4890000000.0,4433000000.0,7
양주시,2024-05,4728000000.0,4809000000.0,7
양주시,2024-04,4102000000.0,4669000000.0,7
양주시,2024-03,4041000000.0,5071000000.0,7
양주시,2024-02,5522000000.0,4926000000.0,10
양주시,2024-01,3715000000.0,5375000000.0,10
양평군,2025-12,4289000000.0,4458000000.0,7
양평군,2025-11,4255000000.0,4741000000.0,7
양평군,2025-10,5194000000.0,4402000000.0,7
양평군,2025-09,3754000000.0,3912000000.0,10
양평군,2025-08,3446000000.0,3418000000.0,7
양평군,2025-07,3570000000.0,3482000000.0,7
양평군,2025-06,3831000000.0,3922000000.0,7
양평군,2025-05,3869000000.0,4209000000.0,7
양평군,2025-04,3742000000.0,4219000000.0,7
양평군,2025-03,3482000000.0,4661000000.0,7
양평군,2025-02,5077000000.0,4415000000.0,10
양평군,2025-01,5802000000.0,3716000000.0,10
양평군,2024-12,3261000000.0,4101000000.0,7
양평군,2024-11,3232000000.0,3082000000.0,7
양평군,2024-10,3051000000.0,3457000000.0,7
양평군,2024-09,5125000000.0,4091000000.0,10
양평군,2024-08,3148000000.0,4125000000.0,7
양평군,2024-07,3610000000.0,5329000000.0,7
양평군,2024-06,5624000000.0,6617000000.0,7
양평군,2024-05,6086000000.0,6712000000.0,7
양평군,2024-04,6128000000.0,5803000000.0,7
양평군,2024-03,4726000000.0,4854000000.0,7
양평군,2024-02,5969000000.0,5759000000.0,10
양평군,2024-01,4617000000.0,6246000000.0,10
여주시,2025-12,4766000000.0,4424000000.0,7
여주시,2025-11,4482000000.0,4401000000.0,7
여주시,2025-10,4281000000.0,3855000000.0,7
여주시,2025-09,6079000000.0,3572000000.0,10
여주시,2025-08,2532000000.0,2621000000.0,7
여주시,2025-07,3264000000.0,2777000000.0,7
여주시,2025-06,2809000000.0,2872000000.0,7
여주시,2025-05,2977000000.0,3124000000.0,7
여주시,2025-04,2787000000.0,3088000000.0,7
여주시,2025-03,2708000000.0,3255000000.0,7
여주시,2025-02,2217000000.0,2904000000.0,10
여주시,2025-01,4716000000.0,3247000000.0,10
여주시,2024-12,2263000000.0,3604000000.0,7
여주시,2024-11,2682000000.0,3191000000.0,7
여주시,2024-10,2082000000.0,3627000000.0,7
여주시,2024-09,6597000000.0,4136000000.0,10
여주시,2024-08,2765000000.0,3968000000.0,7
여주시,2024-07,2746000000.0,5496000000.0,7
여주시,2024-06,2573000000.0,3071000000.0,7
여주시,2024-05,4663000000.0,3487000000.0,7
여주시,2024-04,2728000000.0,3425000000.0,7
여주시,2024-03,2449000000.0,3753000000.0,7
여주시,2024-02,5022000000.0,4066000000.0,10
여주시,2024-01,2406000000.0,4558000000.0,10
연천군,2025-12,3557000000.0,2826000000.0,7
연천군,2025-11,2975000000.0,2699000000.0,7
연천군,2025-10,2687000000.0,2185000000.0,7
연천군,2025-09,2378000000.0,1838000000.0,10
연천군,2025-08,1449000000.0,1433000000.0,7
연천군,2025-07,1871000000.0,1627000000.0,7
연천군,2025-06,1670000000.0,1600000000.0,7
연천군,2025-05,1762000000.0,1762000000.0,7
연천군,2025-04,1722000000.0,1732000000.0,7
연천군,2025-03,1662000000.0,1735000000.0,7
연천군,2025-02,1510000000.0,1383000000.0,10
연천군,2025-01,1416000000.0,2816000000.0,10
연천군,2024-12,2325000000.0,1189000000.0,7
연천군,2024-11,1624000000.0,1207000000.0,7
연천군,2024-10,1580000000.0,1249000000.0,7
연천군,2024-09,1546000000.0,1202000000.0,10
연천군,2024-08,1624000000.0,1298000000.0,7
연천군,2024-07,1624000000.0,1292000000.0,7
연천군,2024-06,1341000000.0,1155000000.0,7
연천군,2024-05,1458000000.0,1285000000.0,7
연천군,2024-04,1400000000.0,1220000000.0,7
연천군,2024-03,1342000000.0,1143000000.0,7
연천군,2024-02,1213000000.0,1017000000.0,10
연천군,2024-01,1236000000.0,1035000000.0,10
오산시,2025-12,10894000000.0,9851000000.0,7
오산시,2025-11,8896000000.0,9550000000.0,7
오산시,2025-10,7895000000.0,8186000000.0,7
오산시,2025-09,7606000000.0,8169000000.0,10
오산시,2025-08,7737000000.0,7339000000.0,7
오산시,2025-07,13477000000.0,6248000000.0,7
오산시,2025-06,4585000000.0,4653000000.0,7
오산시,2025-05,5539000000.0,4833000000.0,7
오산시,2025-04,4626000000.0,5470000000.0,7
오산시,2025-03,4274000000.0,5505000000.0,7
오산시,2025-02,3512000000.0,5542000000.0,10
오산시,2025-01,9417000000.0,5080000000.0,10
오산시,2024-12,5507000000.0,5324000000.0,7
오산시,2024-11,4180000000.0,3879000000.0,7
오산시,2024-10,4130000000.0,3945000000.0,7
오산시,2024-09,6907000000.0,4214000000.0,10
오산시,2024-08,4105000000.0,3336000000.0,7
오산시,2024-07,4233000000.0,1585000000.0,7
오산시,2024-06,4600000000.0,4182000000.0,7
오산시,2024-05,5527000000.0,3989000000.0,7
오산시,2024-04,3716000000.0,3650000000.0,7
오산시,2024-03,3769000000.0,4045000000.0,7
오산시,2024-02,5435000000.0,4882000000.0,10
오산시,2024-01,3714000000.0,743000000.0,10
용인시,2025-12,62888000000.0,42553000000.0,7
용인시,2025-11,50810000000.0,46464000000.0,7
용인시,2025-10,44381000000.0,37970000000.0,7
용인시,2025-09,23871000000.0,23898000000.0,10
용인시,2025-08,23871000000.0,23898000000.0,7
용인시,2025-07,38021000000.0,25540000000.0,7
용인시,2025-06,20591000000.0,20400000000.0,7
용인시,2025-05,20631000000.0,20814000000.0,7
용인시,2025-04,20876000000.0,21005000000.0,7
용인시,2025-03,20893000000.0,22183000000.0,7
용인시,2025-02,20780000000.0,20276000000.0,10
용인시,2025-01,29308000000.0,19949000000.0,10
용인시,2024-12,12015000000.0,13857000000.0,7
용인시,2024-11,14403000000.0,16957000000.0,7
용인시,2024-10,15015000000.0,20495000000.0,7
용인시,2024-09,25364000000.0,22852000000.0,10
용인시,2024-08,23747000000.0,26583000000.0,7
용인시,2024-07,26335000000.0,26593000000.0,7
용인시,2024-06,27899000000.0,25574000000.0,7
용인시,2024-05,23242000000.0,24015000000.0,7
용인시,2024-04,19834000000.0,23621000000.0,7
용인시,2024-03,17072000000.0,26135000000.0,7
용인시,2024-02,31911000000.0,27177000000.0,10
용인시,2024-01,13641000000.0,27593000000.0,10
의왕시,2025-12,2747000000.0,3422000000.0,7
의왕시,2025-11,3325000000.0,4148000000.0,7
의왕시,2025-10,4581000000.0,3605000000.0,7
의왕시,2025-09,4189000000.0,3586000000.0,10
의왕시,2025-08,3048000000.0,2868000000.0,7
의왕시,2025-07,3554000000.0,3141000000.0,7
의왕시,2025-06,3328000000.0,3237000000.0,7
의왕시,2025-05,3349000000.0,3325000000.0,7
의왕시,2025-04,3349000000.0,3376000000.0,7
의왕시,2025-03,3331000000.0,3533000000.0,7
의왕시,2025-02,3280000000.0,3200000000.0,10
의왕시,2025-01,4868000000.0,3562000000.0,10
의왕시,2024-12,3325000000.0,3491000000.0,7
의왕시,2024-11,3426000000.0,3661000000.0,7
의왕시,2024-10,3040000000.0,3453000000.0,7
의왕시,2024-09,4368000000.0,3208000000.0,10
의왕시,2024-08,3173000000.0,2678000000.0,7
의왕시,2024-07,3262000000.0,1012000000.0,7
의왕시,2024-06,3894000000.0,2503000000.0,7
의왕시,2024-05,2614000000.0,2989000000.0,7
의왕시,2024-04,2621000000.0,2965000000.0,7
의왕시,2024-03,2613000000.0,3100000000.0,7
의왕시,2024-02,4405000000.0,2662000000.0,10
의왕시,2024-01,2299000000.0,1717000000.0,10
의정부시,2025-12,3547000000.0,3770000000.0,7
의정부시,2025-11,3409000000.0,3897000000.0,7
의정부시,2025-10,3115000000.0,3386000000.0,7
의정부시,2025-09,3083000000.0,4157000000.0,10
의정부시,2025-08,5140000000.0,4538000000.0,7
의정부시,2025-07,7021000000.0,4356000000.0,7
의정부시,2025-06,2840000000.0,2911000000.0,7
의정부시,2025-05,2847000000.0,3077000000.0,7
의정부시,2025-04,2894000000.0,3120000000.0,7
의정부시,2025-03,2923000000.0,3435000000.0,7
의정부시,2025-02,2875000000.0,3387000000.0,10
의정부시,2025-01,3552000000.0,3820000000.0,10
의정부시,2024-12,4868000000.0,5673000000.0,7
의정부시,2024-11,4796000000.0,3543000000.0,7
의정부시,2024-10,4708000000.0,3624000000.0,7
의정부시,2024-09,4890000000.0,3349000000.0,10
의정부시,2024-08,2818000000.0,2342000000.0,7
의정부시,2024-07,2847000000.0,2438000000.0,7
의정부시,2024-06,2885000000.0,2452000000.0,7
의정부시,2024-05,2607000000.0,2166000000.0,7
의정부시,2024-04,2674000000.0,2088000000.0,7
의정부시,2024-03,1936000000.0,2475000000.0,7
의정부시,2024-02,2997000000.0,3307000000.0,10
의정부시,2024-01,3333000000.0,4031000000.0,10
이천시,2025-12,12324000000.0,12113000000.0,7
이천시,2025-11,12417000000.0,12562000000.0,7
이천시,2025-10,11569000000.0,11084000000.0,7
이천시,2025-09,15500000000.0,10461000000.0,10
이천시,2025-08,8084000000.0,8139000000.0,7
이천시,2025-07,9073000000.0,8133000000.0,7
이천시,2025-06,8081000000.0,8365000000.0,7
이천시,2025-05,8933000000.0,9409000000.0,7
이천시,2025-04,8253000000.0,9167000000.0,7
이천시,2025-03,7409000000.0,9137000000.0,7
이천시,2025-02,6345000000.0,9333000000.0,10
이천시,2025-01,17197000000.0,10350000000.0,10
이천시,2024-12,7573000000.0,9101000000.0,7
이천시,2024-11,7923000000.0,8935000000.0,7
이천시,2024-10,7068000000.0,9866000000.0,7
이천시,2024-09,13501000000.0,9295000000.0,10
이천시,2024-08,7400000000.0,8208000000.0,7
이천시,2024-07,7637000000.0,9107000000.0,7
이천시,2024-06,7948000000.0,5906000000.0,7
이천시,2024-05,7759000000.0,8087000000.0,7
이천시,2024-04,7499000000.0,8156000000.0,7
이천시,2024-03,7036000000.0,9003000000.0,7
이천시,2024-02,12574000000.0,9619000000.0,10
이천시,2024-01,6823000000.0,8556000000.0,10
파주시,2025-12,32838000000.0,32656000000.0,7
파주시,2025-11,32541000000.0,33046000000.0,7
파주시,2025-10,32706000000.0,29607000000.0,7
파주시,2025-09,27373000000.0,28197000000.0,10
파주시,2025-08,25411000000.0,25267000000.0,7
파주시,2025-07,25457000000.0,26688000000.0,7
파주시,2025-06,27652000000.0,28922000000.0,7
파주시,2025-05,33456000000.0,31096000000.0,7
파주시,2025-04,28745000000.0,29258000000.0,7
파주시,2025-03,27895000000.0,29100000000.0,7
파주시,2025-02,20238000000.0,20415000000.0,10
파주시,2025-01,27228000000.0,22138000000.0,10
파주시,2024-12,21599000000.0,24386000000.0,7
파주시,2024-11,20812000000.0,20873000000.0,7
파주시,2024-10,20157000000.0,22085000000.0,7
파주시,2024-09,24624000000.0,21937000000.0,10
파주시,2024-08,20215000000.0,21634000000.0,7
파주시,2024-07,19786000000.0,22387000000.0,7
파주시,2024-06,18785000000.0,20495000000.0,7
파주시,2024-05,24200000000.0,22583000000.0,7
파주시,2024-04,19426000000.0,19740000000.0,7
파주시,2024-03,20189000000.0,21196000000.0,7
파주시,2024-02,29503000000.0,19276000000.0,10
파주시,2024-01,16560000000.0,13829000000.0,10
평택시,2025-12,18498000000.0,18373000000.0,7
평택시,2025-11,19095000000.0,21785000000.0,7
평택시,2025-10,31950000000.0,19199000000.0,7
평택시,2025-09,12831000000.0,12941000000.0,10
평택시,2025-08,12606000000.0,13560000000.0,7
평택시,2025-07,17712000000.0,12425000000.0,7
평택시,2025-06,13750000000.0,13489000000.0,7
평택시,2025-05,12169000000.0,13618000000.0,7
평택시,2025-04,13338000000.0,14301000000.0,7
평택시,2025-03,13278000000.0,14815000000.0,7
평택시,2025-02,13497000000.0,13917000000.0,10
평택시,2025-01,19858000000.0,14187000000.0,10
평택시,2024-12,8696000000.0,11459000000.0,7
평택시,2024-11,12312000000.0,12906000000.0,7
평택시,2024-10,12572000000.0,14004000000.0,7
평택시,2024-09,16822000000.0,14222000000.0,10
평택시,2024-08,13494000000.0,13303000000.0,7
평택시,2024-07,12757000000.0,13058000000.0,7
평택시,2024-06,13763000000.0,12823000000.0,7
평택시,2024-05,11748000000.0,13026000000.0,7
평택시,2024-04,11407000000.0,13106000000.0,7
평택시,2024-03,10877000000.0,14355000000.0,7
평택시,2024-02,21159000000.0,14457000000.0,10
평택시,2024-01,11990000000.0,12139000000.0,10
포천시,2025-12,885000000.0,1775000000.0,7
포천시,2025-11,2625000000.0,4322000000.0,7
포천시,2025-10,6598000000.0,5556000000.0,7
포천시,2025-09,6035000000.0,4576000000.0,10
포천시,2025-08,3729000000.0,3497000000.0,7
포천시,2025-07,3543000000.0,2995000000.0,7
포천시,2025-06,3117000000.0,3188000000.0,7
포천시,2025-05,3061000000.0,2970000000.0,7
포천시,2025-04,2828000000.0,2433000000.0,7
포천시,2025-03,2369000000.0,2322000000.0,7
포천시,2025-02,1998000000.0,1995000000.0,10
포천시,2025-01,2271000000.0,2073000000.0,10
포천시,2024-12,4433000000.0,4361000000.0,7
포천시,2024-11,387000000.0,404000000.0,7
포천시,2024-10,2591000000.0,2685000000.0,7
포천시,2024-09,2927000000.0,2212000000.0,10
포천시,2024-08,2041000000.0,1971000000.0,7
포천시,2024-07,2016000000.0,1505000000.0,7
포천시,2024-06,2249000000.0,1712000000.0,7
포천시,2024-05,2064000000.0,1854000000.0,7
포천시,2024-04,2173000000.0,2074000000.0,7
포천시,2024-03,1868000000.0,2302000000.0,7
포천시,2024-02,2540000000.0,2201000000.0,10
포천시,2024-01,2426000000.0,1957000000.0,10
하남시,2025-12,10428000000.0,11193000000.0,7
하남시,2025-11,8893000000.0,11224000000.0,7
하남시,2025-10,12851000000.0,10339000000.0,7
하남시,2025-09,12702000000.0,10105000000.0,10
하남시,2025-08,8861000000.0,7964000000.0,7
하남시,2025-07,12269000000.0,8329000000.0,7
하남시,2025-06,5542000000.0,6239000000.0,7
하남시,2025-05,7107000000.0,7507000000.0,7
하남시,2025-04,7140000000.0,7521000000.0,7
하남시,2025-03,7193000000.0,8070000000.0,7
하남시,2025-02,7130000000.0,7578000000.0,10
하남시,2025-01,10179000000.0,8228000000.0,10
하남시,2024-12,5476000000.0,7651000000.0,7
하남시,2024-11,5669000000.0,7741000000.0,7
하남시,2024-10,5694000000.0,10168000000.0,7
하남시,2024-09,12210000000.0,12651000000.0,10
하남시,2024-08,13692000000.0,13522000000.0,7
하남시,2024-07,15384000000.0,13128000000.0,7
하남시,2024-06,18128000000.0,11829000000.0,7
하남시,2024-05,7160000000.0,8103000000.0,7
하남시,2024-04,7048000000.0,8114000000.0,7
하남시,2024-03,6949000000.0,9038000000.0,7
하남시,2024-02,10534000000.0,9331000000.0,10
하남시,2024-01,6120000000.0,10213000000.0,10
화성시,2025-12,77470000000.0,74113000000.0,7
화성시,2025-11,71988000000.0,72105000000.0,7
화성시,2025-10,69171000000.0,63159000000.0,7
화성시,2025-09,79603000000.0,65574000000.0,10
화성시,2025-08,47180000000.0,48115000000.0,7
화성시,2025-07,50172000000.0,51028000000.0,7
화성시,2025-06,52610000000.0,53655000000.0,7
화성시,2025-05,51109000000.0,55844000000.0,7
화성시,2025-04,49132000000.0,53771000000.0,7
화성시,2025-03,55842000000.0,58351000000.0,7
화성시,2025-02,55754000000.0,44166000000.0,10
화성시,2025-01,97456000000.0,62969000000.0,10
화성시,2024-12,24699000000.0,31556000000.0,7
화성시,2024-11,25978000000.0,30428000000.0,7
화성시,2024-10,34067000000.0,34067000000.0,7
화성시,2024-09,38918000000.0,32742000000.0,10
화성시,2024-08,32750000000.0,32603000000.0,7
화성시,2024-07,33421000000.0,33325000000.0,7
화성시,2024-06,33904000000.0,32445000000.0,7
화성시,2024-05,33096000000.0,31715000000.0,7
화성시,2024-04,28824000000.0,30175000000.0,7
화성시,2024-03,29676000000.0,33436000000.0,7
화성시,2024-02,37689000000.0,31811000000.0,10
화성시,2024-01,39505000000.0,30436000000.0,10
