조회년도,조사월,조사일,조사회차,시군구명,병해충명,조회값
2023,6,1,1,강진군,잎도열병(발생추정면적),0.0
2023,6,1,1,강진군,잎도열병(감수율),0.0
2023,6,1,1,강진군,잎도열병(피해율),0.0
2023,6,1,1,강진군,잎도열병(발생면적율),0.0
2023,6,1,1,강진군,이삭도열병(발생추정면적),0.0
2023,6,1,1,강진군,이삭도열병(감수율),0.0
2023,6,1,1,강진군,이삭도열병(피해율),0.0
2023,6,1,1,강진군,이삭도열병(발생면적율),0.0
2023,6,1,1,강진군,잎집무늬마름병(발생추정면적),0.0
2023,6,1,1,강진군,잎집무늬마름병(감수율),0.0
2023,6,1,1,강진군,잎집무늬마름병(피해율),0.0
2023,6,1,1,강진군,잎집무늬마름병(발생면적율),0.0
2023,6,1,1,강진군,흰잎마름병(발생추정면적),0.0
2023,6,1,1,강진군,흰잎마름병(감수율),0.0
2023,6,1,1,강진군,흰잎마름병(피해율),0.0
2023,6,1,1,강진군,흰잎마름병(발생면적율),0.0
2023,6,1,1,강진군,세균벼알마름병(발생추정면적),0.0
2023,6,1,1,강진군,세균벼알마름병(감수율),0.0
2023,6,1,1,강진군,세균벼알마름병(피해율),0.0
2023,6,1,1,강진군,세균벼알마름병(발생면적율),0.0
2023,6,1,1,강진군,줄무늬잎마름병(발생면적),0.0
2023,6,1,1,강진군,줄무늬잎마름병(감수율),0.0
2023,6,1,1,강진군,줄무늬잎마름병(피해율),0.0
2023,6,1,1,강진군,줄무늬잎마름병(발생면적률),0.0
2023,6,1,1,강진군,벼검은줄오갈병(발생면적),0.0
2023,6,1,1,강진군,벼검은줄오갈병(감수율),0.0
2023,6,1,1,강진군,벼검은줄오갈병(피해율),0.0
2023,6,1,1,강진군,벼검은줄오갈병(발생면적률),0.0
2023,6,1,1,강진군,오갈병(발생면적),0.0
2023,6,1,1,강진군,오갈병(감수율),0.0
2023,6,1,1,강진군,오갈병(피해율),0.0
2023,6,1,1,강진군,오갈병(발생면적률),0.0
2023,6,1,1,강진군,이삭누룩병(발생추정면적),0.0
2023,6,1,1,강진군,이삭누룩병(감수율),0.0
2023,6,1,1,강진군,이삭누룩병(피해율),0.0
2023,6,1,1,강진군,이삭누룩병(발생면적율),0.0
2023,6,1,1,강진군,깨씨무늬병(발생추정면적),0.0
2023,6,1,1,강진군,깨씨무늬병(감수율),0.0
2023,6,1,1,강진군,깨씨무늬병(피해율),0.0
2023,6,1,1,강진군,깨씨무늬병(발생면적율),0.0
2023,6,1,1,강진군,벼잎벌레(발생추정면적),0.0
2023,6,1,1,강진군,벼잎벌레(감수율),0.0
2023,6,1,1,강진군,벼잎벌레(피해율),0.0
2023,6,1,1,강진군,벼잎벌레(발생면적율),0.0
2023,6,1,1,강진군,벼애잎굴파리(발생추정면적),0.0
2023,6,1,1,강진군,벼애잎굴파리(감수율),0.0
2023,6,1,1,강진군,벼애잎굴파리(피해율),0.0
2023,6,1,1,강진군,벼애잎굴파리(발생면적율),0.0
2023,6,1,1,강진군,벼줄기굴파리(발생추정면적),0.0
2023,6,1,1,강진군,벼줄기굴파리(감수율),0.0
2023,6,1,1,강진군,벼줄기굴파리(피해율),0.0
2023,6,1,1,강진군,벼줄기굴파리(발생면적율),0.0
2023,6,1,1,강진군,애멸구(발생추정면적),0.0
2023,6,1,1,강진군,애멸구(감수율),0.0
2023,6,1,1,강진군,애멸구(피해율),0.0
2023,6,1,1,강진군,애멸구(발생면적율),0.0
2023,6,1,1,강진군,끝동매미충(발생추정면적),0.0
2023,6,1,1,강진군,끝동매미충(감수율),0.0
2023,6,1,1,강진군,끝동매미충(피해율),0.0
2023,6,1,1,강진군,끝동매미충(발생면적율),0.0
2023,6,1,1,강진군,벼멸구(발생추정면적),0.0
2023,6,1,1,강진군,벼멸구(감수율),0.0
2023,6,1,1,강진군,벼멸구(피해율),0.0
2023,6,1,1,강진군,벼멸구(발생면적율),0.0
2023,6,1,1,강진군,흰등멸구(발생추정면적),0.0
2023,6,1,1,강진군,흰등멸구(감수율),0.0
2023,6,1,1,강진군,흰등멸구(피해율),0.0
2023,6,1,1,강진군,흰등멸구(발생면적율),0.0
2023,6,1,1,강진군,벼물바구미(발생추정면적),0.0
2023,6,1,1,강진군,벼물바구미(감수율),0.0
2023,6,1,1,강진군,벼물바구미(피해율),0.0
2023,6,1,1,강진군,벼물바구미(발생면적율),0.0
2023,6,1,1,강진군,혹명나방(발생추정면적),0.0
2023,6,1,1,강진군,혹명나방(감수율),0.0
2023,6,1,1,강진군,혹명나방(피해율),0.0
2023,6,1,1,강진군,혹명나방(발생면적율),0.0
2023,6,1,1,강진군,멸강나방(발생추정면적),0.0
2023,6,1,1,강진군,멸강나방(감수율),0.0
2023,6,1,1,강진군,멸강나방(피해율),0.0
2023,6,1,1,강진군,멸강나방(발생면적율),0.0
2023,6,1,1,강진군,먹노린재(발생추정면적),0.0
2023,6,1,1,강진군,먹노린재(감수율),0.0
2023,6,1,1,강진군,먹노린재(피해율),0.0
2023,6,1,1,강진군,먹노린재(발생면적율),0.0
2023,6,1,1,강진군,이화명나방1화기(발생면적),0.0
2023,6,1,1,강진군,이화명나방1화기(감수율),0.0
2023,6,1,1,강진군,이화명나방1화기(피해율),0.0
2023,6,1,1,강진군,이화명나방1화기(발생면적률),0.0
2023,6,1,1,강진군,이화명나방2화기(발생면적),0.0
2023,6,1,1,강진군,이화명나방2화기(감수율),0.0
2023,6,1,1,강진군,이화명나방2화기(피해율),0.0
2023,6,1,1,강진군,이화명나방2화기(발생면적률),0.0
2023,6,1,1,고흥군,잎도열병(발생추정면적),0.0
2023,6,1,1,고흥군,잎도열병(감수율),0.0
2023,6,1,1,고흥군,잎도열병(피해율),0.0
2023,6,1,1,고흥군,잎도열병(발생면적율),0.0
2023,6,1,1,고흥군,이삭도열병(발생추정면적),0.0
2023,6,1,1,고흥군,이삭도열병(감수율),0.0
2023,6,1,1,고흥군,이삭도열병(피해율),0.0
2023,6,1,1,고흥군,이삭도열병(발생면적율),0.0
2023,6,1,1,고흥군,잎집무늬마름병(발생추정면적),0.0
2023,6,1,1,고흥군,잎집무늬마름병(감수율),0.0
2023,6,1,1,고흥군,잎집무늬마름병(피해율),0.0
2023,6,1,1,고흥군,잎집무늬마름병(발생면적율),0.0
2023,6,1,1,고흥군,흰잎마름병(발생추정면적),0.0
2023,6,1,1,고흥군,흰잎마름병(감수율),0.0
2023,6,1,1,고흥군,흰잎마름병(피해율),0.0
2023,6,1,1,고흥군,흰잎마름병(발생면적율),0.0
2023,6,1,1,고흥군,세균벼알마름병(발생추정면적),0.0
2023,6,1,1,고흥군,세균벼알마름병(감수율),0.0
2023,6,1,1,고흥군,세균벼알마름병(피해율),0.0
2023,6,1,1,고흥군,세균벼알마름병(발생면적율),0.0
2023,6,1,1,고흥군,줄무늬잎마름병(발생면적),0.0
2023,6,1,1,고흥군,줄무늬잎마름병(감수율),0.0
2023,6,1,1,고흥군,줄무늬잎마름병(피해율),0.0
2023,6,1,1,고흥군,줄무늬잎마름병(발생면적률),0.0
2023,6,1,1,고흥군,벼검은줄오갈병(발생면적),0.0
2023,6,1,1,고흥군,벼검은줄오갈병(감수율),0.0
2023,6,1,1,고흥군,벼검은줄오갈병(피해율),0.0
2023,6,1,1,고흥군,벼검은줄오갈병(발생면적률),0.0
2023,6,1,1,고흥군,오갈병(발생면적),0.0
2023,6,1,1,고흥군,오갈병(감수율),0.0
2023,6,1,1,고흥군,오갈병(피해율),0.0
2023,6,1,1,고흥군,오갈병(발생면적률),0.0
2023,6,1,1,고흥군,이삭누룩병(발생추정면적),0.0
2023,6,1,1,고흥군,이삭누룩병(감수율),0.0
2023,6,1,1,고흥군,이삭누룩병(피해율),0.0
2023,6,1,1,고흥군,이삭누룩병(발생면적율),0.0
2023,6,1,1,고흥군,깨씨무늬병(발생추정면적),0.0
2023,6,1,1,고흥군,깨씨무늬병(감수율),0.0
2023,6,1,1,고흥군,깨씨무늬병(피해율),0.0
2023,6,1,1,고흥군,깨씨무늬병(발생면적율),0.0
2023,6,1,1,고흥군,벼잎벌레(발생추정면적),0.0
2023,6,1,1,고흥군,벼잎벌레(감수율),0.0
2023,6,1,1,고흥군,벼잎벌레(피해율),0.0
2023,6,1,1,고흥군,벼잎벌레(발생면적율),0.0
2023,6,1,1,고흥군,벼애잎굴파리(발생추정면적),0.0
2023,6,1,1,고흥군,벼애잎굴파리(감수율),0.0
2023,6,1,1,고흥군,벼애잎굴파리(피해율),0.0
2023,6,1,1,고흥군,벼애잎굴파리(발생면적율),0.0
2023,6,1,1,고흥군,벼줄기굴파리(발생추정면적),0.0
2023,6,1,1,고흥군,벼줄기굴파리(감수율),0.0
2023,6,1,1,고흥군,벼줄기굴파리(피해율),0.0
2023,6,1,1,고흥군,벼줄기굴파리(발생면적율),0.0
2023,6,1,1,고흥군,애멸구(발생추정면적),0.0
2023,6,1,1,고흥군,애멸구(감수율),0.0
2023,6,1,1,고흥군,애멸구(피해율),0.0
2023,6,1,1,고흥군,애멸구(발생면적율),0.0
2023,6,1,1,고흥군,끝동매미충(발생추정면적),0.0
2023,6,1,1,고흥군,끝동매미충(감수율),0.0
2023,6,1,1,고흥군,끝동매미충(피해율),0.0
2023,6,1,1,고흥군,끝동매미충(발생면적율),0.0
2023,6,1,1,고흥군,벼멸구(발생추정면적),0.0
2023,6,1,1,고흥군,벼멸구(감수율),0.0
2023,6,1,1,고흥군,벼멸구(피해율),0.0
2023,6,1,1,고흥군,벼멸구(발생면적율),0.0
2023,6,1,1,고흥군,흰등멸구(발생추정면적),0.0
2023,6,1,1,고흥군,흰등멸구(감수율),0.0
2023,6,1,1,고흥군,흰등멸구(피해율),0.0
2023,6,1,1,고흥군,흰등멸구(발생면적율),0.0
2023,6,1,1,고흥군,벼물바구미(발생추정면적),0.0
2023,6,1,1,고흥군,벼물바구미(감수율),0.0
2023,6,1,1,고흥군,벼물바구미(피해율),0.0
2023,6,1,1,고흥군,벼물바구미(발생면적율),0.0
2023,6,1,1,고흥군,혹명나방(발생추정면적),0.0
2023,6,1,1,고흥군,혹명나방(감수율),0.0
2023,6,1,1,고흥군,혹명나방(피해율),0.0
2023,6,1,1,고흥군,혹명나방(발생면적율),0.0
2023,6,1,1,고흥군,멸강나방(발생추정면적),0.0
2023,6,1,1,고흥군,멸강나방(감수율),0.0
2023,6,1,1,고흥군,멸강나방(피해율),0.0
2023,6,1,1,고흥군,멸강나방(발생면적율),0.0
2023,6,1,1,고흥군,먹노린재(발생추정면적),0.0
2023,6,1,1,고흥군,먹노린재(감수율),0.0
2023,6,1,1,고흥군,먹노린재(피해율),0.0
2023,6,1,1,고흥군,먹노린재(발생면적율),0.0
2023,6,1,1,고흥군,이화명나방1화기(발생면적),0.0
2023,6,1,1,고흥군,이화명나방1화기(감수율),0.0
2023,6,1,1,고흥군,이화명나방1화기(피해율),0.0
2023,6,1,1,고흥군,이화명나방1화기(발생면적률),0.0
2023,6,1,1,고흥군,이화명나방2화기(발생면적),0.0
2023,6,1,1,고흥군,이화명나방2화기(감수율),0.0
2023,6,1,1,고흥군,이화명나방2화기(피해율),0.0
2023,6,1,1,고흥군,이화명나방2화기(발생면적률),0.0
2023,6,1,1,곡성군,잎도열병(발생추정면적),0.0
2023,6,1,1,곡성군,잎도열병(감수율),0.0
2023,6,1,1,곡성군,잎도열병(피해율),0.0
2023,6,1,1,곡성군,잎도열병(발생면적율),0.0
2023,6,1,1,곡성군,이삭도열병(발생추정면적),0.0
2023,6,1,1,곡성군,이삭도열병(감수율),0.0
2023,6,1,1,곡성군,이삭도열병(피해율),0.0
2023,6,1,1,곡성군,이삭도열병(발생면적율),0.0
2023,6,1,1,곡성군,잎집무늬마름병(발생추정면적),0.0
2023,6,1,1,곡성군,잎집무늬마름병(감수율),0.0
2023,6,1,1,곡성군,잎집무늬마름병(피해율),0.0
2023,6,1,1,곡성군,잎집무늬마름병(발생면적율),0.0
2023,6,1,1,곡성군,흰잎마름병(발생추정면적),0.0
2023,6,1,1,곡성군,흰잎마름병(감수율),0.0
2023,6,1,1,곡성군,흰잎마름병(피해율),0.0
2023,6,1,1,곡성군,흰잎마름병(발생면적율),0.0
2023,6,1,1,곡성군,세균벼알마름병(발생추정면적),0.0
2023,6,1,1,곡성군,세균벼알마름병(감수율),0.0
2023,6,1,1,곡성군,세균벼알마름병(피해율),0.0
2023,6,1,1,곡성군,세균벼알마름병(발생면적율),0.0
2023,6,1,1,곡성군,줄무늬잎마름병(발생면적),0.0
2023,6,1,1,곡성군,줄무늬잎마름병(감수율),0.0
2023,6,1,1,곡성군,줄무늬잎마름병(피해율),0.0
2023,6,1,1,곡성군,줄무늬잎마름병(발생면적률),0.0
2023,6,1,1,곡성군,벼검은줄오갈병(발생면적),0.0
2023,6,1,1,곡성군,벼검은줄오갈병(감수율),0.0
2023,6,1,1,곡성군,벼검은줄오갈병(피해율),0.0
2023,6,1,1,곡성군,벼검은줄오갈병(발생면적률),0.0
2023,6,1,1,곡성군,오갈병(발생면적),0.0
2023,6,1,1,곡성군,오갈병(감수율),0.0
2023,6,1,1,곡성군,오갈병(피해율),0.0
2023,6,1,1,곡성군,오갈병(발생면적률),0.0
2023,6,1,1,곡성군,이삭누룩병(발생추정면적),0.0
2023,6,1,1,곡성군,이삭누룩병(감수율),0.0
2023,6,1,1,곡성군,이삭누룩병(피해율),0.0
2023,6,1,1,곡성군,이삭누룩병(발생면적율),0.0
2023,6,1,1,곡성군,깨씨무늬병(발생추정면적),0.0
2023,6,1,1,곡성군,깨씨무늬병(감수율),0.0
2023,6,1,1,곡성군,깨씨무늬병(피해율),0.0
2023,6,1,1,곡성군,깨씨무늬병(발생면적율),0.0
2023,6,1,1,곡성군,벼잎벌레(발생추정면적),0.0
2023,6,1,1,곡성군,벼잎벌레(감수율),0.0
2023,6,1,1,곡성군,벼잎벌레(피해율),0.0
2023,6,1,1,곡성군,벼잎벌레(발생면적율),0.0
2023,6,1,1,곡성군,벼애잎굴파리(발생추정면적),0.0
2023,6,1,1,곡성군,벼애잎굴파리(감수율),0.0
2023,6,1,1,곡성군,벼애잎굴파리(피해율),0.0
2023,6,1,1,곡성군,벼애잎굴파리(발생면적율),0.0
2023,6,1,1,곡성군,벼줄기굴파리(발생추정면적),0.0
2023,6,1,1,곡성군,벼줄기굴파리(감수율),0.0
2023,6,1,1,곡성군,벼줄기굴파리(피해율),0.0
2023,6,1,1,곡성군,벼줄기굴파리(발생면적율),0.0
2023,6,1,1,곡성군,애멸구(발생추정면적),0.0
2023,6,1,1,곡성군,애멸구(감수율),0.0
2023,6,1,1,곡성군,애멸구(피해율),0.0
2023,6,1,1,곡성군,애멸구(발생면적율),0.0
2023,6,1,1,곡성군,끝동매미충(발생추정면적),0.0
2023,6,1,1,곡성군,끝동매미충(감수율),0.0
2023,6,1,1,곡성군,끝동매미충(피해율),0.0
2023,6,1,1,곡성군,끝동매미충(발생면적율),0.0
2023,6,1,1,곡성군,벼멸구(발생추정면적),0.0
2023,6,1,1,곡성군,벼멸구(감수율),0.0
2023,6,1,1,곡성군,벼멸구(피해율),0.0
2023,6,1,1,곡성군,벼멸구(발생면적율),0.0
2023,6,1,1,곡성군,흰등멸구(발생추정면적),0.0
2023,6,1,1,곡성군,흰등멸구(감수율),0.0
2023,6,1,1,곡성군,흰등멸구(피해율),0.0
2023,6,1,1,곡성군,흰등멸구(발생면적율),0.0
2023,6,1,1,곡성군,벼물바구미(발생추정면적),0.0
2023,6,1,1,곡성군,벼물바구미(감수율),0.0
2023,6,1,1,곡성군,벼물바구미(피해율),0.0
2023,6,1,1,곡성군,벼물바구미(발생면적율),0.0
2023,6,1,1,곡성군,혹명나방(발생추정면적),0.0
2023,6,1,1,곡성군,혹명나방(감수율),0.0
2023,6,1,1,곡성군,혹명나방(피해율),0.0
2023,6,1,1,곡성군,혹명나방(발생면적율),0.0
2023,6,1,1,곡성군,멸강나방(발생추정면적),0.0
2023,6,1,1,곡성군,멸강나방(감수율),0.0
2023,6,1,1,곡성군,멸강나방(피해율),0.0
2023,6,1,1,곡성군,멸강나방(발생면적율),0.0
2023,6,1,1,곡성군,먹노린재(발생추정면적),0.0
2023,6,1,1,곡성군,먹노린재(감수율),0.0
2023,6,1,1,곡성군,먹노린재(피해율),0.0
2023,6,1,1,곡성군,먹노린재(발생면적율),0.0
2023,6,1,1,곡성군,이화명나방1화기(발생면적),0.0
2023,6,1,1,곡성군,이화명나방1화기(감수율),0.0
2023,6,1,1,곡성군,이화명나방1화기(피해율),0.0
2023,6,1,1,곡성군,이화명나방1화기(발생면적률),0.0
2023,6,1,1,곡성군,이화명나방2화기(발생면적),0.0
2023,6,1,1,곡성군,이화명나방2화기(감수율),0.0
2023,6,1,1,곡성군,이화명나방2화기(피해율),0.0
2023,6,1,1,곡성군,이화명나방2화기(발생면적률),0.0
2023,6,1,1,광양시,잎도열병(발생추정면적),0.0
2023,6,1,1,광양시,잎도열병(감수율),0.0
2023,6,1,1,광양시,잎도열병(피해율),0.0
2023,6,1,1,광양시,잎도열병(발생면적율),0.0
2023,6,1,1,광양시,이삭도열병(발생추정면적),0.0
2023,6,1,1,광양시,이삭도열병(감수율),0.0
2023,6,1,1,광양시,이삭도열병(피해율),0.0
2023,6,1,1,광양시,이삭도열병(발생면적율),0.0
2023,6,1,1,광양시,잎집무늬마름병(발생추정면적),0.0
2023,6,1,1,광양시,잎집무늬마름병(감수율),0.0
2023,6,1,1,광양시,잎집무늬마름병(피해율),0.0
2023,6,1,1,광양시,잎집무늬마름병(발생면적율),0.0
2023,6,1,1,광양시,흰잎마름병(발생추정면적),0.0
2023,6,1,1,광양시,흰잎마름병(감수율),0.0
2023,6,1,1,광양시,흰잎마름병(피해율),0.0
2023,6,1,1,광양시,흰잎마름병(발생면적율),0.0
2023,6,1,1,광양시,세균벼알마름병(발생추정면적),0.0
2023,6,1,1,광양시,세균벼알마름병(감수율),0.0
2023,6,1,1,광양시,세균벼알마름병(피해율),0.0
2023,6,1,1,광양시,세균벼알마름병(발생면적율),0.0
2023,6,1,1,광양시,줄무늬잎마름병(발생면적),0.0
2023,6,1,1,광양시,줄무늬잎마름병(감수율),0.0
2023,6,1,1,광양시,줄무늬잎마름병(피해율),0.0
2023,6,1,1,광양시,줄무늬잎마름병(발생면적률),0.0
2023,6,1,1,광양시,벼검은줄오갈병(발생면적),0.0
2023,6,1,1,광양시,벼검은줄오갈병(감수율),0.0
2023,6,1,1,광양시,벼검은줄오갈병(피해율),0.0
2023,6,1,1,광양시,벼검은줄오갈병(발생면적률),0.0
2023,6,1,1,광양시,오갈병(발생면적),0.0
2023,6,1,1,광양시,오갈병(감수율),0.0
2023,6,1,1,광양시,오갈병(피해율),0.0
2023,6,1,1,광양시,오갈병(발생면적률),0.0
2023,6,1,1,광양시,이삭누룩병(발생추정면적),0.0
2023,6,1,1,광양시,이삭누룩병(감수율),0.0
2023,6,1,1,광양시,이삭누룩병(피해율),0.0
2023,6,1,1,광양시,이삭누룩병(발생면적율),0.0
2023,6,1,1,광양시,깨씨무늬병(발생추정면적),0.0
2023,6,1,1,광양시,깨씨무늬병(감수율),0.0
2023,6,1,1,광양시,깨씨무늬병(피해율),0.0
2023,6,1,1,광양시,깨씨무늬병(발생면적율),0.0
2023,6,1,1,광양시,벼잎벌레(발생추정면적),0.0
2023,6,1,1,광양시,벼잎벌레(감수율),0.0
2023,6,1,1,광양시,벼잎벌레(피해율),0.0
2023,6,1,1,광양시,벼잎벌레(발생면적율),0.0
2023,6,1,1,광양시,벼애잎굴파리(발생추정면적),0.0
2023,6,1,1,광양시,벼애잎굴파리(감수율),0.0
2023,6,1,1,광양시,벼애잎굴파리(피해율),0.0
2023,6,1,1,광양시,벼애잎굴파리(발생면적율),0.0
2023,6,1,1,광양시,벼줄기굴파리(발생추정면적),0.0
2023,6,1,1,광양시,벼줄기굴파리(감수율),0.0
2023,6,1,1,광양시,벼줄기굴파리(피해율),0.0
2023,6,1,1,광양시,벼줄기굴파리(발생면적율),0.0
2023,6,1,1,광양시,애멸구(발생추정면적),0.0
2023,6,1,1,광양시,애멸구(감수율),0.0
2023,6,1,1,광양시,애멸구(피해율),0.0
2023,6,1,1,광양시,애멸구(발생면적율),0.0
2023,6,1,1,광양시,끝동매미충(발생추정면적),0.0
2023,6,1,1,광양시,끝동매미충(감수율),0.0
2023,6,1,1,광양시,끝동매미충(피해율),0.0
2023,6,1,1,광양시,끝동매미충(발생면적율),0.0
2023,6,1,1,광양시,벼멸구(발생추정면적),0.0
2023,6,1,1,광양시,벼멸구(감수율),0.0
2023,6,1,1,광양시,벼멸구(피해율),0.0
2023,6,1,1,광양시,벼멸구(발생면적율),0.0
2023,6,1,1,광양시,흰등멸구(발생추정면적),0.0
2023,6,1,1,광양시,흰등멸구(감수율),0.0
2023,6,1,1,광양시,흰등멸구(피해율),0.0
2023,6,1,1,광양시,흰등멸구(발생면적율),0.0
2023,6,1,1,광양시,벼물바구미(발생추정면적),0.0
2023,6,1,1,광양시,벼물바구미(감수율),0.0
2023,6,1,1,광양시,벼물바구미(피해율),0.0
2023,6,1,1,광양시,벼물바구미(발생면적율),0.0
2023,6,1,1,광양시,혹명나방(발생추정면적),0.0
2023,6,1,1,광양시,혹명나방(감수율),0.0
2023,6,1,1,광양시,혹명나방(피해율),0.0
2023,6,1,1,광양시,혹명나방(발생면적율),0.0
2023,6,1,1,광양시,멸강나방(발생추정면적),0.0
2023,6,1,1,광양시,멸강나방(감수율),0.0
2023,6,1,1,광양시,멸강나방(피해율),0.0
2023,6,1,1,광양시,멸강나방(발생면적율),0.0
2023,6,1,1,광양시,먹노린재(발생추정면적),0.0
2023,6,1,1,광양시,먹노린재(감수율),0.0
2023,6,1,1,광양시,먹노린재(피해율),0.0
2023,6,1,1,광양시,먹노린재(발생면적율),0.0
2023,6,1,1,광양시,이화명나방1화기(발생면적),0.0
2023,6,1,1,광양시,이화명나방1화기(감수율),0.0
2023,6,1,1,광양시,이화명나방1화기(피해율),0.0
2023,6,1,1,광양시,이화명나방1화기(발생면적률),0.0
2023,6,1,1,광양시,이화명나방2화기(발생면적),0.0
2023,6,1,1,광양시,이화명나방2화기(감수율),0.0
2023,6,1,1,광양시,이화명나방2화기(피해율),0.0
2023,6,1,1,광양시,이화명나방2화기(발생면적률),0.0
2023,6,1,1,구례군,잎도열병(발생추정면적),0.0
2023,6,1,1,구례군,잎도열병(감수율),0.0
2023,6,1,1,구례군,잎도열병(피해율),0.0
2023,6,1,1,구례군,잎도열병(발생면적율),0.0
2023,6,1,1,구례군,이삭도열병(발생추정면적),0.0
2023,6,1,1,구례군,이삭도열병(감수율),0.0
2023,6,1,1,구례군,이삭도열병(피해율),0.0
2023,6,1,1,구례군,이삭도열병(발생면적율),0.0
2023,6,1,1,구례군,잎집무늬마름병(발생추정면적),0.0
2023,6,1,1,구례군,잎집무늬마름병(감수율),0.0
2023,6,1,1,구례군,잎집무늬마름병(피해율),0.0
2023,6,1,1,구례군,잎집무늬마름병(발생면적율),0.0
2023,6,1,1,구례군,흰잎마름병(발생추정면적),0.0
2023,6,1,1,구례군,흰잎마름병(감수율),0.0
2023,6,1,1,구례군,흰잎마름병(피해율),0.0
2023,6,1,1,구례군,흰잎마름병(발생면적율),0.0
2023,6,1,1,구례군,세균벼알마름병(발생추정면적),0.0
2023,6,1,1,구례군,세균벼알마름병(감수율),0.0
2023,6,1,1,구례군,세균벼알마름병(피해율),0.0
2023,6,1,1,구례군,세균벼알마름병(발생면적율),0.0
2023,6,1,1,구례군,줄무늬잎마름병(발생면적),0.0
2023,6,1,1,구례군,줄무늬잎마름병(감수율),0.0
2023,6,1,1,구례군,줄무늬잎마름병(피해율),0.0
2023,6,1,1,구례군,줄무늬잎마름병(발생면적률),0.0
2023,6,1,1,구례군,벼검은줄오갈병(발생면적),0.0
2023,6,1,1,구례군,벼검은줄오갈병(감수율),0.0
2023,6,1,1,구례군,벼검은줄오갈병(피해율),0.0
2023,6,1,1,구례군,벼검은줄오갈병(발생면적률),0.0
2023,6,1,1,구례군,오갈병(발생면적),0.0
2023,6,1,1,구례군,오갈병(감수율),0.0
2023,6,1,1,구례군,오갈병(피해율),0.0
2023,6,1,1,구례군,오갈병(발생면적률),0.0
2023,6,1,1,구례군,이삭누룩병(발생추정면적),0.0
2023,6,1,1,구례군,이삭누룩병(감수율),0.0
2023,6,1,1,구례군,이삭누룩병(피해율),0.0
2023,6,1,1,구례군,이삭누룩병(발생면적율),0.0
2023,6,1,1,구례군,깨씨무늬병(발생추정면적),0.0
2023,6,1,1,구례군,깨씨무늬병(감수율),0.0
2023,6,1,1,구례군,깨씨무늬병(피해율),0.0
2023,6,1,1,구례군,깨씨무늬병(발생면적율),0.0
2023,6,1,1,구례군,벼잎벌레(발생추정면적),0.0
2023,6,1,1,구례군,벼잎벌레(감수율),0.0
2023,6,1,1,구례군,벼잎벌레(피해율),0.0
2023,6,1,1,구례군,벼잎벌레(발생면적율),0.0
2023,6,1,1,구례군,벼애잎굴파리(발생추정면적),0.0
2023,6,1,1,구례군,벼애잎굴파리(감수율),0.0
2023,6,1,1,구례군,벼애잎굴파리(피해율),0.0
2023,6,1,1,구례군,벼애잎굴파리(발생면적율),0.0
2023,6,1,1,구례군,벼줄기굴파리(발생추정면적),0.0
2023,6,1,1,구례군,벼줄기굴파리(감수율),0.0
2023,6,1,1,구례군,벼줄기굴파리(피해율),0.0
2023,6,1,1,구례군,벼줄기굴파리(발생면적율),0.0
2023,6,1,1,구례군,애멸구(발생추정면적),0.0
2023,6,1,1,구례군,애멸구(감수율),0.0
2023,6,1,1,구례군,애멸구(피해율),0.0
2023,6,1,1,구례군,애멸구(발생면적율),0.0
2023,6,1,1,구례군,끝동매미충(발생추정면적),0.0
2023,6,1,1,구례군,끝동매미충(감수율),0.0
2023,6,1,1,구례군,끝동매미충(피해율),0.0
2023,6,1,1,구례군,끝동매미충(발생면적율),0.0
2023,6,1,1,구례군,벼멸구(발생추정면적),0.0
2023,6,1,1,구례군,벼멸구(감수율),0.0
2023,6,1,1,구례군,벼멸구(피해율),0.0
2023,6,1,1,구례군,벼멸구(발생면적율),0.0
2023,6,1,1,구례군,흰등멸구(발생추정면적),0.0
2023,6,1,1,구례군,흰등멸구(감수율),0.0
2023,6,1,1,구례군,흰등멸구(피해율),0.0
2023,6,1,1,구례군,흰등멸구(발생면적율),0.0
2023,6,1,1,구례군,벼물바구미(발생추정면적),6.494
2023,6,1,1,구례군,벼물바구미(감수율),0.003
2023,6,1,1,구례군,벼물바구미(피해율),0.011
2023,6,1,1,구례군,벼물바구미(발생면적율),0.325
2023,6,1,1,구례군,혹명나방(발생추정면적),0.0
2023,6,1,1,구례군,혹명나방(감수율),0.0
2023,6,1,1,구례군,혹명나방(피해율),0.0
2023,6,1,1,구례군,혹명나방(발생면적율),0.0
2023,6,1,1,구례군,멸강나방(발생추정면적),0.0
2023,6,1,1,구례군,멸강나방(감수율),0.0
2023,6,1,1,구례군,멸강나방(피해율),0.0
2023,6,1,1,구례군,멸강나방(발생면적율),0.0
2023,6,1,1,구례군,먹노린재(발생추정면적),0.0
2023,6,1,1,구례군,먹노린재(감수율),0.0
2023,6,1,1,구례군,먹노린재(피해율),0.0
2023,6,1,1,구례군,먹노린재(발생면적율),0.0
2023,6,1,1,구례군,이화명나방1화기(발생면적),0.0
2023,6,1,1,구례군,이화명나방1화기(감수율),0.0
2023,6,1,1,구례군,이화명나방1화기(피해율),0.0
2023,6,1,1,구례군,이화명나방1화기(발생면적률),0.0
2023,6,1,1,구례군,이화명나방2화기(발생면적),0.0
2023,6,1,1,구례군,이화명나방2화기(감수율),0.0
2023,6,1,1,구례군,이화명나방2화기(피해율),0.0
2023,6,1,1,구례군,이화명나방2화기(발생면적률),0.0
2023,6,1,1,나주시,잎도열병(발생추정면적),0.0
2023,6,1,1,나주시,잎도열병(감수율),0.0
2023,6,1,1,나주시,잎도열병(피해율),0.0
2023,6,1,1,나주시,잎도열병(발생면적율),0.0
2023,6,1,1,나주시,이삭도열병(발생추정면적),0.0
2023,6,1,1,나주시,이삭도열병(감수율),0.0
2023,6,1,1,나주시,이삭도열병(피해율),0.0
2023,6,1,1,나주시,이삭도열병(발생면적율),0.0
2023,6,1,1,나주시,잎집무늬마름병(발생추정면적),0.0
2023,6,1,1,나주시,잎집무늬마름병(감수율),0.0
2023,6,1,1,나주시,잎집무늬마름병(피해율),0.0
2023,6,1,1,나주시,잎집무늬마름병(발생면적율),0.0
2023,6,1,1,나주시,흰잎마름병(발생추정면적),0.0
2023,6,1,1,나주시,흰잎마름병(감수율),0.0
2023,6,1,1,나주시,흰잎마름병(피해율),0.0
2023,6,1,1,나주시,흰잎마름병(발생면적율),0.0
2023,6,1,1,나주시,세균벼알마름병(발생추정면적),0.0
2023,6,1,1,나주시,세균벼알마름병(감수율),0.0
2023,6,1,1,나주시,세균벼알마름병(피해율),0.0
2023,6,1,1,나주시,세균벼알마름병(발생면적율),0.0
2023,6,1,1,나주시,줄무늬잎마름병(발생면적),0.0
2023,6,1,1,나주시,줄무늬잎마름병(감수율),0.0
2023,6,1,1,나주시,줄무늬잎마름병(피해율),0.0
2023,6,1,1,나주시,줄무늬잎마름병(발생면적률),0.0
2023,6,1,1,나주시,벼검은줄오갈병(발생면적),0.0
2023,6,1,1,나주시,벼검은줄오갈병(감수율),0.0
2023,6,1,1,나주시,벼검은줄오갈병(피해율),0.0
2023,6,1,1,나주시,벼검은줄오갈병(발생면적률),0.0
2023,6,1,1,나주시,오갈병(발생면적),0.0
2023,6,1,1,나주시,오갈병(감수율),0.0
2023,6,1,1,나주시,오갈병(피해율),0.0
2023,6,1,1,나주시,오갈병(발생면적률),0.0
2023,6,1,1,나주시,이삭누룩병(발생추정면적),0.0
2023,6,1,1,나주시,이삭누룩병(감수율),0.0
2023,6,1,1,나주시,이삭누룩병(피해율),0.0
2023,6,1,1,나주시,이삭누룩병(발생면적율),0.0
2023,6,1,1,나주시,깨씨무늬병(발생추정면적),0.0
2023,6,1,1,나주시,깨씨무늬병(감수율),0.0
2023,6,1,1,나주시,깨씨무늬병(피해율),0.0
2023,6,1,1,나주시,깨씨무늬병(발생면적율),0.0
2023,6,1,1,나주시,벼잎벌레(발생추정면적),0.0
2023,6,1,1,나주시,벼잎벌레(감수율),0.0
2023,6,1,1,나주시,벼잎벌레(피해율),0.0
2023,6,1,1,나주시,벼잎벌레(발생면적율),0.0
2023,6,1,1,나주시,벼애잎굴파리(발생추정면적),0.0
2023,6,1,1,나주시,벼애잎굴파리(감수율),0.0
2023,6,1,1,나주시,벼애잎굴파리(피해율),0.0
2023,6,1,1,나주시,벼애잎굴파리(발생면적율),0.0
2023,6,1,1,나주시,벼줄기굴파리(발생추정면적),0.0
2023,6,1,1,나주시,벼줄기굴파리(감수율),0.0
2023,6,1,1,나주시,벼줄기굴파리(피해율),0.0
2023,6,1,1,나주시,벼줄기굴파리(발생면적율),0.0
2023,6,1,1,나주시,애멸구(발생추정면적),0.0
2023,6,1,1,나주시,애멸구(감수율),0.0
2023,6,1,1,나주시,애멸구(피해율),0.0
2023,6,1,1,나주시,애멸구(발생면적율),0.0
2023,6,1,1,나주시,끝동매미충(발생추정면적),0.0
2023,6,1,1,나주시,끝동매미충(감수율),0.0
2023,6,1,1,나주시,끝동매미충(피해율),0.0
2023,6,1,1,나주시,끝동매미충(발생면적율),0.0
2023,6,1,1,나주시,벼멸구(발생추정면적),0.0
2023,6,1,1,나주시,벼멸구(감수율),0.0
2023,6,1,1,나주시,벼멸구(피해율),0.0
2023,6,1,1,나주시,벼멸구(발생면적율),0.0
2023,6,1,1,나주시,흰등멸구(발생추정면적),0.0
2023,6,1,1,나주시,흰등멸구(감수율),0.0
2023,6,1,1,나주시,흰등멸구(피해율),0.0
2023,6,1,1,나주시,흰등멸구(발생면적율),0.0
2023,6,1,1,나주시,벼물바구미(발생추정면적),0.0
2023,6,1,1,나주시,벼물바구미(감수율),0.0
2023,6,1,1,나주시,벼물바구미(피해율),0.0
2023,6,1,1,나주시,벼물바구미(발생면적율),0.0
2023,6,1,1,나주시,혹명나방(발생추정면적),0.0
2023,6,1,1,나주시,혹명나방(감수율),0.0
2023,6,1,1,나주시,혹명나방(피해율),0.0
2023,6,1,1,나주시,혹명나방(발생면적율),0.0
2023,6,1,1,나주시,멸강나방(발생추정면적),0.0
2023,6,1,1,나주시,멸강나방(감수율),0.0
2023,6,1,1,나주시,멸강나방(피해율),0.0
2023,6,1,1,나주시,멸강나방(발생면적율),0.0
2023,6,1,1,나주시,먹노린재(발생추정면적),0.0
2023,6,1,1,나주시,먹노린재(감수율),0.0
2023,6,1,1,나주시,먹노린재(피해율),0.0
2023,6,1,1,나주시,먹노린재(발생면적율),0.0
2023,6,1,1,나주시,이화명나방1화기(발생면적),0.0
2023,6,1,1,나주시,이화명나방1화기(감수율),0.0
2023,6,1,1,나주시,이화명나방1화기(피해율),0.0
2023,6,1,1,나주시,이화명나방1화기(발생면적률),0.0
2023,6,1,1,나주시,이화명나방2화기(발생면적),0.0
2023,6,1,1,나주시,이화명나방2화기(감수율),0.0
2023,6,1,1,나주시,이화명나방2화기(피해율),0.0
2023,6,1,1,나주시,이화명나방2화기(발생면적률),0.0
2023,6,1,1,담양군,잎도열병(발생추정면적),0.0
2023,6,1,1,담양군,잎도열병(감수율),0.0
2023,6,1,1,담양군,잎도열병(피해율),0.0
2023,6,1,1,담양군,잎도열병(발생면적율),0.0
2023,6,1,1,담양군,이삭도열병(발생추정면적),0.0
2023,6,1,1,담양군,이삭도열병(감수율),0.0
2023,6,1,1,담양군,이삭도열병(피해율),0.0
2023,6,1,1,담양군,이삭도열병(발생면적율),0.0
2023,6,1,1,담양군,잎집무늬마름병(발생추정면적),0.0
2023,6,1,1,담양군,잎집무늬마름병(감수율),0.0
2023,6,1,1,담양군,잎집무늬마름병(피해율),0.0
2023,6,1,1,담양군,잎집무늬마름병(발생면적율),0.0
2023,6,1,1,담양군,흰잎마름병(발생추정면적),0.0
2023,6,1,1,담양군,흰잎마름병(감수율),0.0
2023,6,1,1,담양군,흰잎마름병(피해율),0.0
2023,6,1,1,담양군,흰잎마름병(발생면적율),0.0
2023,6,1,1,담양군,세균벼알마름병(발생추정면적),0.0
2023,6,1,1,담양군,세균벼알마름병(감수율),0.0
2023,6,1,1,담양군,세균벼알마름병(피해율),0.0
2023,6,1,1,담양군,세균벼알마름병(발생면적율),0.0
2023,6,1,1,담양군,줄무늬잎마름병(발생면적),0.0
2023,6,1,1,담양군,줄무늬잎마름병(감수율),0.0
2023,6,1,1,담양군,줄무늬잎마름병(피해율),0.0
2023,6,1,1,담양군,줄무늬잎마름병(발생면적률),0.0
2023,6,1,1,담양군,벼검은줄오갈병(발생면적),0.0
2023,6,1,1,담양군,벼검은줄오갈병(감수율),0.0
2023,6,1,1,담양군,벼검은줄오갈병(피해율),0.0
2023,6,1,1,담양군,벼검은줄오갈병(발생면적률),0.0
2023,6,1,1,담양군,오갈병(발생면적),0.0
2023,6,1,1,담양군,오갈병(감수율),0.0
2023,6,1,1,담양군,오갈병(피해율),0.0
2023,6,1,1,담양군,오갈병(발생면적률),0.0
2023,6,1,1,담양군,이삭누룩병(발생추정면적),0.0
2023,6,1,1,담양군,이삭누룩병(감수율),0.0
2023,6,1,1,담양군,이삭누룩병(피해율),0.0
2023,6,1,1,담양군,이삭누룩병(발생면적율),0.0
2023,6,1,1,담양군,깨씨무늬병(발생추정면적),0.0
2023,6,1,1,담양군,깨씨무늬병(감수율),0.0
2023,6,1,1,담양군,깨씨무늬병(피해율),0.0
2023,6,1,1,담양군,깨씨무늬병(발생면적율),0.0
2023,6,1,1,담양군,벼잎벌레(발생추정면적),0.0
2023,6,1,1,담양군,벼잎벌레(감수율),0.0
2023,6,1,1,담양군,벼잎벌레(피해율),0.0
2023,6,1,1,담양군,벼잎벌레(발생면적율),0.0
2023,6,1,1,담양군,벼애잎굴파리(발생추정면적),0.0
2023,6,1,1,담양군,벼애잎굴파리(감수율),0.0
2023,6,1,1,담양군,벼애잎굴파리(피해율),0.0
2023,6,1,1,담양군,벼애잎굴파리(발생면적율),0.0
2023,6,1,1,담양군,벼줄기굴파리(발생추정면적),0.0
2023,6,1,1,담양군,벼줄기굴파리(감수율),0.0
2023,6,1,1,담양군,벼줄기굴파리(피해율),0.0
2023,6,1,1,담양군,벼줄기굴파리(발생면적율),0.0
2023,6,1,1,담양군,애멸구(발생추정면적),0.0
2023,6,1,1,담양군,애멸구(감수율),0.0
2023,6,1,1,담양군,애멸구(피해율),0.0
2023,6,1,1,담양군,애멸구(발생면적율),0.0
2023,6,1,1,담양군,끝동매미충(발생추정면적),0.0
2023,6,1,1,담양군,끝동매미충(감수율),0.0
2023,6,1,1,담양군,끝동매미충(피해율),0.0
2023,6,1,1,담양군,끝동매미충(발생면적율),0.0
2023,6,1,1,담양군,벼멸구(발생추정면적),0.0
2023,6,1,1,담양군,벼멸구(감수율),0.0
2023,6,1,1,담양군,벼멸구(피해율),0.0
2023,6,1,1,담양군,벼멸구(발생면적율),0.0
2023,6,1,1,담양군,흰등멸구(발생추정면적),0.0
2023,6,1,1,담양군,흰등멸구(감수율),0.0
2023,6,1,1,담양군,흰등멸구(피해율),0.0
2023,6,1,1,담양군,흰등멸구(발생면적율),0.0
2023,6,1,1,담양군,벼물바구미(발생추정면적),0.0
2023,6,1,1,담양군,벼물바구미(감수율),0.0
2023,6,1,1,담양군,벼물바구미(피해율),0.0
2023,6,1,1,담양군,벼물바구미(발생면적율),0.0
2023,6,1,1,담양군,혹명나방(발생추정면적),0.0
2023,6,1,1,담양군,혹명나방(감수율),0.0
2023,6,1,1,담양군,혹명나방(피해율),0.0
2023,6,1,1,담양군,혹명나방(발생면적율),0.0
2023,6,1,1,담양군,멸강나방(발생추정면적),0.0
2023,6,1,1,담양군,멸강나방(감수율),0.0
2023,6,1,1,담양군,멸강나방(피해율),0.0
2023,6,1,1,담양군,멸강나방(발생면적율),0.0
2023,6,1,1,담양군,먹노린재(발생추정면적),0.0
2023,6,1,1,담양군,먹노린재(감수율),0.0
2023,6,1,1,담양군,먹노린재(피해율),0.0
2023,6,1,1,담양군,먹노린재(발생면적율),0.0
2023,6,1,1,담양군,이화명나방1화기(발생면적),0.0
2023,6,1,1,담양군,이화명나방1화기(감수율),0.0
2023,6,1,1,담양군,이화명나방1화기(피해율),0.0
2023,6,1,1,담양군,이화명나방1화기(발생면적률),0.0
2023,6,1,1,담양군,이화명나방2화기(발생면적),0.0
2023,6,1,1,담양군,이화명나방2화기(감수율),0.0
2023,6,1,1,담양군,이화명나방2화기(피해율),0.0
2023,6,1,1,담양군,이화명나방2화기(발생면적률),0.0
2023,6,1,1,무안군,잎도열병(발생추정면적),0.0
2023,6,1,1,무안군,잎도열병(감수율),0.0
2023,6,1,1,무안군,잎도열병(피해율),0.0
2023,6,1,1,무안군,잎도열병(발생면적율),0.0
2023,6,1,1,무안군,이삭도열병(발생추정면적),0.0
2023,6,1,1,무안군,이삭도열병(감수율),0.0
2023,6,1,1,무안군,이삭도열병(피해율),0.0
2023,6,1,1,무안군,이삭도열병(발생면적율),0.0
2023,6,1,1,무안군,잎집무늬마름병(발생추정면적),0.0
2023,6,1,1,무안군,잎집무늬마름병(감수율),0.0
2023,6,1,1,무안군,잎집무늬마름병(피해율),0.0
2023,6,1,1,무안군,잎집무늬마름병(발생면적율),0.0
2023,6,1,1,무안군,흰잎마름병(발생추정면적),0.0
2023,6,1,1,무안군,흰잎마름병(감수율),0.0
2023,6,1,1,무안군,흰잎마름병(피해율),0.0
2023,6,1,1,무안군,흰잎마름병(발생면적율),0.0
2023,6,1,1,무안군,세균벼알마름병(발생추정면적),0.0
2023,6,1,1,무안군,세균벼알마름병(감수율),0.0
2023,6,1,1,무안군,세균벼알마름병(피해율),0.0
2023,6,1,1,무안군,세균벼알마름병(발생면적율),0.0
2023,6,1,1,무안군,줄무늬잎마름병(발생면적),0.0
2023,6,1,1,무안군,줄무늬잎마름병(감수율),0.0
2023,6,1,1,무안군,줄무늬잎마름병(피해율),0.0
2023,6,1,1,무안군,줄무늬잎마름병(발생면적률),0.0
2023,6,1,1,무안군,벼검은줄오갈병(발생면적),0.0
2023,6,1,1,무안군,벼검은줄오갈병(감수율),0.0
2023,6,1,1,무안군,벼검은줄오갈병(피해율),0.0
2023,6,1,1,무안군,벼검은줄오갈병(발생면적률),0.0
2023,6,1,1,무안군,오갈병(발생면적),0.0
2023,6,1,1,무안군,오갈병(감수율),0.0
2023,6,1,1,무안군,오갈병(피해율),0.0
2023,6,1,1,무안군,오갈병(발생면적률),0.0
2023,6,1,1,무안군,이삭누룩병(발생추정면적),0.0
2023,6,1,1,무안군,이삭누룩병(감수율),0.0
2023,6,1,1,무안군,이삭누룩병(피해율),0.0
2023,6,1,1,무안군,이삭누룩병(발생면적율),0.0
2023,6,1,1,무안군,깨씨무늬병(발생추정면적),0.0
2023,6,1,1,무안군,깨씨무늬병(감수율),0.0
2023,6,1,1,무안군,깨씨무늬병(피해율),0.0
2023,6,1,1,무안군,깨씨무늬병(발생면적율),0.0
2023,6,1,1,무안군,벼잎벌레(발생추정면적),0.0
2023,6,1,1,무안군,벼잎벌레(감수율),0.0
2023,6,1,1,무안군,벼잎벌레(피해율),0.0
2023,6,1,1,무안군,벼잎벌레(발생면적율),0.0
2023,6,1,1,무안군,벼애잎굴파리(발생추정면적),0.0
2023,6,1,1,무안군,벼애잎굴파리(감수율),0.0
2023,6,1,1,무안군,벼애잎굴파리(피해율),0.0
2023,6,1,1,무안군,벼애잎굴파리(발생면적율),0.0
2023,6,1,1,무안군,벼줄기굴파리(발생추정면적),0.0
2023,6,1,1,무안군,벼줄기굴파리(감수율),0.0
2023,6,1,1,무안군,벼줄기굴파리(피해율),0.0
2023,6,1,1,무안군,벼줄기굴파리(발생면적율),0.0
2023,6,1,1,무안군,애멸구(발생추정면적),0.0
2023,6,1,1,무안군,애멸구(감수율),0.0
2023,6,1,1,무안군,애멸구(피해율),0.0
2023,6,1,1,무안군,애멸구(발생면적율),0.0
2023,6,1,1,무안군,끝동매미충(발생추정면적),0.0
2023,6,1,1,무안군,끝동매미충(감수율),0.0
2023,6,1,1,무안군,끝동매미충(피해율),0.0
2023,6,1,1,무안군,끝동매미충(발생면적율),0.0
2023,6,1,1,무안군,벼멸구(발생추정면적),0.0
2023,6,1,1,무안군,벼멸구(감수율),0.0
2023,6,1,1,무안군,벼멸구(피해율),0.0
2023,6,1,1,무안군,벼멸구(발생면적율),0.0
2023,6,1,1,무안군,흰등멸구(발생추정면적),0.0
2023,6,1,1,무안군,흰등멸구(감수율),0.0
2023,6,1,1,무안군,흰등멸구(피해율),0.0
2023,6,1,1,무안군,흰등멸구(발생면적율),0.0
2023,6,1,1,무안군,벼물바구미(발생추정면적),0.0
2023,6,1,1,무안군,벼물바구미(감수율),0.0
2023,6,1,1,무안군,벼물바구미(피해율),0.0
2023,6,1,1,무안군,벼물바구미(발생면적율),0.0
2023,6,1,1,무안군,혹명나방(발생추정면적),0.0
2023,6,1,1,무안군,혹명나방(감수율),0.0
2023,6,1,1,무안군,혹명나방(피해율),0.0
2023,6,1,1,무안군,혹명나방(발생면적율),0.0
2023,6,1,1,무안군,멸강나방(발생추정면적),0.0
2023,6,1,1,무안군,멸강나방(감수율),0.0
2023,6,1,1,무안군,멸강나방(피해율),0.0
2023,6,1,1,무안군,멸강나방(발생면적율),0.0
2023,6,1,1,무안군,먹노린재(발생추정면적),0.0
2023,6,1,1,무안군,먹노린재(감수율),0.0
2023,6,1,1,무안군,먹노린재(피해율),0.0
2023,6,1,1,무안군,먹노린재(발생면적율),0.0
2023,6,1,1,무안군,이화명나방1화기(발생면적),0.0
2023,6,1,1,무안군,이화명나방1화기(감수율),0.0
2023,6,1,1,무안군,이화명나방1화기(피해율),0.0
2023,6,1,1,무안군,이화명나방1화기(발생면적률),0.0
2023,6,1,1,무안군,이화명나방2화기(발생면적),0.0
2023,6,1,1,무안군,이화명나방2화기(감수율),0.0
2023,6,1,1,무안군,이화명나방2화기(피해율),0.0
2023,6,1,1,무안군,이화명나방2화기(발생면적률),0.0
2023,6,1,1,보성군,잎도열병(발생추정면적),0.0
2023,6,1,1,보성군,잎도열병(감수율),0.0
2023,6,1,1,보성군,잎도열병(피해율),0.0
2023,6,1,1,보성군,잎도열병(발생면적율),0.0
2023,6,1,1,보성군,이삭도열병(발생추정면적),0.0
2023,6,1,1,보성군,이삭도열병(감수율),0.0
2023,6,1,1,보성군,이삭도열병(피해율),0.0
2023,6,1,1,보성군,이삭도열병(발생면적율),0.0
2023,6,1,1,보성군,잎집무늬마름병(발생추정면적),0.0
2023,6,1,1,보성군,잎집무늬마름병(감수율),0.0
2023,6,1,1,보성군,잎집무늬마름병(피해율),0.0
2023,6,1,1,보성군,잎집무늬마름병(발생면적율),0.0
2023,6,1,1,보성군,흰잎마름병(발생추정면적),0.0
2023,6,1,1,보성군,흰잎마름병(감수율),0.0
2023,6,1,1,보성군,흰잎마름병(피해율),0.0
2023,6,1,1,보성군,흰잎마름병(발생면적율),0.0
2023,6,1,1,보성군,세균벼알마름병(발생추정면적),0.0
2023,6,1,1,보성군,세균벼알마름병(감수율),0.0
2023,6,1,1,보성군,세균벼알마름병(피해율),0.0
2023,6,1,1,보성군,세균벼알마름병(발생면적율),0.0
2023,6,1,1,보성군,줄무늬잎마름병(발생면적),0.0
2023,6,1,1,보성군,줄무늬잎마름병(감수율),0.0
2023,6,1,1,보성군,줄무늬잎마름병(피해율),0.0
2023,6,1,1,보성군,줄무늬잎마름병(발생면적률),0.0
2023,6,1,1,보성군,벼검은줄오갈병(발생면적),0.0
2023,6,1,1,보성군,벼검은줄오갈병(감수율),0.0
2023,6,1,1,보성군,벼검은줄오갈병(피해율),0.0
2023,6,1,1,보성군,벼검은줄오갈병(발생면적률),0.0
2023,6,1,1,보성군,오갈병(발생면적),0.0
2023,6,1,1,보성군,오갈병(감수율),0.0
2023,6,1,1,보성군,오갈병(피해율),0.0
2023,6,1,1,보성군,오갈병(발생면적률),0.0
2023,6,1,1,보성군,이삭누룩병(발생추정면적),0.0
2023,6,1,1,보성군,이삭누룩병(감수율),0.0
2023,6,1,1,보성군,이삭누룩병(피해율),0.0
2023,6,1,1,보성군,이삭누룩병(발생면적율),0.0
2023,6,1,1,보성군,깨씨무늬병(발생추정면적),0.0
2023,6,1,1,보성군,깨씨무늬병(감수율),0.0
2023,6,1,1,보성군,깨씨무늬병(피해율),0.0
2023,6,1,1,보성군,깨씨무늬병(발생면적율),0.0
2023,6,1,1,보성군,벼잎벌레(발생추정면적),0.0
2023,6,1,1,보성군,벼잎벌레(감수율),0.0
2023,6,1,1,보성군,벼잎벌레(피해율),0.0
2023,6,1,1,보성군,벼잎벌레(발생면적율),0.0
2023,6,1,1,보성군,벼애잎굴파리(발생추정면적),0.0
2023,6,1,1,보성군,벼애잎굴파리(감수율),0.0
2023,6,1,1,보성군,벼애잎굴파리(피해율),0.0
2023,6,1,1,보성군,벼애잎굴파리(발생면적율),0.0
2023,6,1,1,보성군,벼줄기굴파리(발생추정면적),0.0
2023,6,1,1,보성군,벼줄기굴파리(감수율),0.0
2023,6,1,1,보성군,벼줄기굴파리(피해율),0.0
2023,6,1,1,보성군,벼줄기굴파리(발생면적율),0.0
2023,6,1,1,보성군,애멸구(발생추정면적),0.0
2023,6,1,1,보성군,애멸구(감수율),0.0
2023,6,1,1,보성군,애멸구(피해율),0.0
2023,6,1,1,보성군,애멸구(발생면적율),0.0
2023,6,1,1,보성군,끝동매미충(발생추정면적),0.0
2023,6,1,1,보성군,끝동매미충(감수율),0.0
2023,6,1,1,보성군,끝동매미충(피해율),0.0
2023,6,1,1,보성군,끝동매미충(발생면적율),0.0
2023,6,1,1,보성군,벼멸구(발생추정면적),0.0
2023,6,1,1,보성군,벼멸구(감수율),0.0
2023,6,1,1,보성군,벼멸구(피해율),0.0
2023,6,1,1,보성군,벼멸구(발생면적율),0.0
2023,6,1,1,보성군,흰등멸구(발생추정면적),0.0
2023,6,1,1,보성군,흰등멸구(감수율),0.0
2023,6,1,1,보성군,흰등멸구(피해율),0.0
2023,6,1,1,보성군,흰등멸구(발생면적율),0.0
2023,6,1,1,보성군,벼물바구미(발생추정면적),0.0
2023,6,1,1,보성군,벼물바구미(감수율),0.0
2023,6,1,1,보성군,벼물바구미(피해율),0.0
2023,6,1,1,보성군,벼물바구미(발생면적율),0.0
2023,6,1,1,보성군,혹명나방(발생추정면적),0.0
2023,6,1,1,보성군,혹명나방(감수율),0.0
2023,6,1,1,보성군,혹명나방(피해율),0.0
2023,6,1,1,보성군,혹명나방(발생면적율),0.0
2023,6,1,1,보성군,멸강나방(발생추정면적),0.0
2023,6,1,1,보성군,멸강나방(감수율),0.0
2023,6,1,1,보성군,멸강나방(피해율),0.0
2023,6,1,1,보성군,멸강나방(발생면적율),0.0
2023,6,1,1,보성군,먹노린재(발생추정면적),0.0
2023,6,1,1,보성군,먹노린재(감수율),0.0
2023,6,1,1,보성군,먹노린재(피해율),0.0
2023,6,1,1,보성군,먹노린재(발생면적율),0.0
2023,6,1,1,보성군,이화명나방1화기(발생면적),0.0
2023,6,1,1,보성군,이화명나방1화기(감수율),0.0
2023,6,1,1,보성군,이화명나방1화기(피해율),0.0
2023,6,1,1,보성군,이화명나방1화기(발생면적률),0.0
2023,6,1,1,보성군,이화명나방2화기(발생면적),0.0
2023,6,1,1,보성군,이화명나방2화기(감수율),0.0
2023,6,1,1,보성군,이화명나방2화기(피해율),0.0
2023,6,1,1,보성군,이화명나방2화기(발생면적률),0.0
2023,6,1,1,순천시,잎도열병(발생추정면적),0.0
2023,6,1,1,순천시,잎도열병(감수율),0.0
2023,6,1,1,순천시,잎도열병(피해율),0.0
2023,6,1,1,순천시,잎도열병(발생면적율),0.0
2023,6,1,1,순천시,이삭도열병(발생추정면적),0.0
2023,6,1,1,순천시,이삭도열병(감수율),0.0
2023,6,1,1,순천시,이삭도열병(피해율),0.0
2023,6,1,1,순천시,이삭도열병(발생면적율),0.0
2023,6,1,1,순천시,잎집무늬마름병(발생추정면적),0.0
2023,6,1,1,순천시,잎집무늬마름병(감수율),0.0
2023,6,1,1,순천시,잎집무늬마름병(피해율),0.0
2023,6,1,1,순천시,잎집무늬마름병(발생면적율),0.0
2023,6,1,1,순천시,흰잎마름병(발생추정면적),0.0
2023,6,1,1,순천시,흰잎마름병(감수율),0.0
2023,6,1,1,순천시,흰잎마름병(피해율),0.0
2023,6,1,1,순천시,흰잎마름병(발생면적율),0.0
2023,6,1,1,순천시,세균벼알마름병(발생추정면적),0.0
2023,6,1,1,순천시,세균벼알마름병(감수율),0.0
2023,6,1,1,순천시,세균벼알마름병(피해율),0.0
2023,6,1,1,순천시,세균벼알마름병(발생면적율),0.0
2023,6,1,1,순천시,줄무늬잎마름병(발생면적),0.0
2023,6,1,1,순천시,줄무늬잎마름병(감수율),0.0
2023,6,1,1,순천시,줄무늬잎마름병(피해율),0.0
2023,6,1,1,순천시,줄무늬잎마름병(발생면적률),0.0
2023,6,1,1,순천시,벼검은줄오갈병(발생면적),0.0
2023,6,1,1,순천시,벼검은줄오갈병(감수율),0.0
2023,6,1,1,순천시,벼검은줄오갈병(피해율),0.0
2023,6,1,1,순천시,벼검은줄오갈병(발생면적률),0.0
2023,6,1,1,순천시,오갈병(발생면적),0.0
2023,6,1,1,순천시,오갈병(감수율),0.0
2023,6,1,1,순천시,오갈병(피해율),0.0
2023,6,1,1,순천시,오갈병(발생면적률),0.0
2023,6,1,1,순천시,이삭누룩병(발생추정면적),0.0
2023,6,1,1,순천시,이삭누룩병(감수율),0.0
2023,6,1,1,순천시,이삭누룩병(피해율),0.0
2023,6,1,1,순천시,이삭누룩병(발생면적율),0.0
2023,6,1,1,순천시,깨씨무늬병(발생추정면적),0.0
2023,6,1,1,순천시,깨씨무늬병(감수율),0.0
2023,6,1,1,순천시,깨씨무늬병(피해율),0.0
2023,6,1,1,순천시,깨씨무늬병(발생면적율),0.0
2023,6,1,1,순천시,벼잎벌레(발생추정면적),0.0
2023,6,1,1,순천시,벼잎벌레(감수율),0.0
2023,6,1,1,순천시,벼잎벌레(피해율),0.0
2023,6,1,1,순천시,벼잎벌레(발생면적율),0.0
2023,6,1,1,순천시,벼애잎굴파리(발생추정면적),0.0
2023,6,1,1,순천시,벼애잎굴파리(감수율),0.0
2023,6,1,1,순천시,벼애잎굴파리(피해율),0.0
2023,6,1,1,순천시,벼애잎굴파리(발생면적율),0.0
2023,6,1,1,순천시,벼줄기굴파리(발생추정면적),0.0
2023,6,1,1,순천시,벼줄기굴파리(감수율),0.0
2023,6,1,1,순천시,벼줄기굴파리(피해율),0.0
2023,6,1,1,순천시,벼줄기굴파리(발생면적율),0.0
2023,6,1,1,순천시,애멸구(발생추정면적),0.0
2023,6,1,1,순천시,애멸구(감수율),0.0
2023,6,1,1,순천시,애멸구(피해율),0.0
2023,6,1,1,순천시,애멸구(발생면적율),0.0
2023,6,1,1,순천시,끝동매미충(발생추정면적),0.0
2023,6,1,1,순천시,끝동매미충(감수율),0.0
2023,6,1,1,순천시,끝동매미충(피해율),0.0
2023,6,1,1,순천시,끝동매미충(발생면적율),0.0
2023,6,1,1,순천시,벼멸구(발생추정면적),0.0
2023,6,1,1,순천시,벼멸구(감수율),0.0
2023,6,1,1,순천시,벼멸구(피해율),0.0
2023,6,1,1,순천시,벼멸구(발생면적율),0.0
2023,6,1,1,순천시,흰등멸구(발생추정면적),0.0
2023,6,1,1,순천시,흰등멸구(감수율),0.0
2023,6,1,1,순천시,흰등멸구(피해율),0.0
2023,6,1,1,순천시,흰등멸구(발생면적율),0.0
2023,6,1,1,순천시,벼물바구미(발생추정면적),0.0
2023,6,1,1,순천시,벼물바구미(감수율),0.0
2023,6,1,1,순천시,벼물바구미(피해율),0.0
2023,6,1,1,순천시,벼물바구미(발생면적율),0.0
2023,6,1,1,순천시,혹명나방(발생추정면적),0.0
2023,6,1,1,순천시,혹명나방(감수율),0.0
2023,6,1,1,순천시,혹명나방(피해율),0.0
2023,6,1,1,순천시,혹명나방(발생면적율),0.0
2023,6,1,1,순천시,멸강나방(발생추정면적),0.0
2023,6,1,1,순천시,멸강나방(감수율),0.0
2023,6,1,1,순천시,멸강나방(피해율),0.0
2023,6,1,1,순천시,멸강나방(발생면적율),0.0
2023,6,1,1,순천시,먹노린재(발생추정면적),0.0
2023,6,1,1,순천시,먹노린재(감수율),0.0
2023,6,1,1,순천시,먹노린재(피해율),0.0
2023,6,1,1,순천시,먹노린재(발생면적율),0.0
2023,6,1,1,순천시,이화명나방1화기(발생면적),0.0
2023,6,1,1,순천시,이화명나방1화기(감수율),0.0
2023,6,1,1,순천시,이화명나방1화기(피해율),0.0
2023,6,1,1,순천시,이화명나방1화기(발생면적률),0.0
2023,6,1,1,순천시,이화명나방2화기(발생면적),0.0
2023,6,1,1,순천시,이화명나방2화기(감수율),0.0
2023,6,1,1,순천시,이화명나방2화기(피해율),0.0
2023,6,1,1,순천시,이화명나방2화기(발생면적률),0.0
2023,6,1,1,신안군,잎도열병(발생추정면적),0.0
2023,6,1,1,신안군,잎도열병(감수율),0.0
2023,6,1,1,신안군,잎도열병(피해율),0.0
2023,6,1,1,신안군,잎도열병(발생면적율),0.0
2023,6,1,1,신안군,이삭도열병(발생추정면적),0.0
2023,6,1,1,신안군,이삭도열병(감수율),0.0
2023,6,1,1,신안군,이삭도열병(피해율),0.0
2023,6,1,1,신안군,이삭도열병(발생면적율),0.0
2023,6,1,1,신안군,잎집무늬마름병(발생추정면적),0.0
2023,6,1,1,신안군,잎집무늬마름병(감수율),0.0
2023,6,1,1,신안군,잎집무늬마름병(피해율),0.0
2023,6,1,1,신안군,잎집무늬마름병(발생면적율),0.0
2023,6,1,1,신안군,흰잎마름병(발생추정면적),0.0
2023,6,1,1,신안군,흰잎마름병(감수율),0.0
2023,6,1,1,신안군,흰잎마름병(피해율),0.0
2023,6,1,1,신안군,흰잎마름병(발생면적율),0.0
2023,6,1,1,신안군,세균벼알마름병(발생추정면적),0.0
2023,6,1,1,신안군,세균벼알마름병(감수율),0.0
2023,6,1,1,신안군,세균벼알마름병(피해율),0.0
2023,6,1,1,신안군,세균벼알마름병(발생면적율),0.0
2023,6,1,1,신안군,줄무늬잎마름병(발생면적),0.0
2023,6,1,1,신안군,줄무늬잎마름병(감수율),0.0
2023,6,1,1,신안군,줄무늬잎마름병(피해율),0.0
2023,6,1,1,신안군,줄무늬잎마름병(발생면적률),0.0
2023,6,1,1,신안군,벼검은줄오갈병(발생면적),0.0
2023,6,1,1,신안군,벼검은줄오갈병(감수율),0.0
2023,6,1,1,신안군,벼검은줄오갈병(피해율),0.0
2023,6,1,1,신안군,벼검은줄오갈병(발생면적률),0.0
2023,6,1,1,신안군,오갈병(발생면적),0.0
2023,6,1,1,신안군,오갈병(감수율),0.0
2023,6,1,1,신안군,오갈병(피해율),0.0
2023,6,1,1,신안군,오갈병(발생면적률),0.0
2023,6,1,1,신안군,이삭누룩병(발생추정면적),0.0
2023,6,1,1,신안군,이삭누룩병(감수율),0.0
2023,6,1,1,신안군,이삭누룩병(피해율),0.0
2023,6,1,1,신안군,이삭누룩병(발생면적율),0.0
2023,6,1,1,신안군,깨씨무늬병(발생추정면적),0.0
2023,6,1,1,신안군,깨씨무늬병(감수율),0.0
2023,6,1,1,신안군,깨씨무늬병(피해율),0.0
2023,6,1,1,신안군,깨씨무늬병(발생면적율),0.0
2023,6,1,1,신안군,벼잎벌레(발생추정면적),0.0
2023,6,1,1,신안군,벼잎벌레(감수율),0.0
2023,6,1,1,신안군,벼잎벌레(피해율),0.0
2023,6,1,1,신안군,벼잎벌레(발생면적율),0.0
2023,6,1,1,신안군,벼애잎굴파리(발생추정면적),0.0
2023,6,1,1,신안군,벼애잎굴파리(감수율),0.0
2023,6,1,1,신안군,벼애잎굴파리(피해율),0.0
2023,6,1,1,신안군,벼애잎굴파리(발생면적율),0.0
2023,6,1,1,신안군,벼줄기굴파리(발생추정면적),0.0
2023,6,1,1,신안군,벼줄기굴파리(감수율),0.0
2023,6,1,1,신안군,벼줄기굴파리(피해율),0.0
2023,6,1,1,신안군,벼줄기굴파리(발생면적율),0.0
2023,6,1,1,신안군,애멸구(발생추정면적),0.0
2023,6,1,1,신안군,애멸구(감수율),0.0
2023,6,1,1,신안군,애멸구(피해율),0.0
2023,6,1,1,신안군,애멸구(발생면적율),0.0
2023,6,1,1,신안군,끝동매미충(발생추정면적),0.0
2023,6,1,1,신안군,끝동매미충(감수율),0.0
2023,6,1,1,신안군,끝동매미충(피해율),0.0
2023,6,1,1,신안군,끝동매미충(발생면적율),0.0
2023,6,1,1,신안군,벼멸구(발생추정면적),0.0
2023,6,1,1,신안군,벼멸구(감수율),0.0
2023,6,1,1,신안군,벼멸구(피해율),0.0
2023,6,1,1,신안군,벼멸구(발생면적율),0.0
2023,6,1,1,신안군,흰등멸구(발생추정면적),0.0
2023,6,1,1,신안군,흰등멸구(감수율),0.0
2023,6,1,1,신안군,흰등멸구(피해율),0.0
2023,6,1,1,신안군,흰등멸구(발생면적율),0.0
2023,6,1,1,신안군,벼물바구미(발생추정면적),0.0
2023,6,1,1,신안군,벼물바구미(감수율),0.0
2023,6,1,1,신안군,벼물바구미(피해율),0.0
2023,6,1,1,신안군,벼물바구미(발생면적율),0.0
2023,6,1,1,신안군,혹명나방(발생추정면적),0.0
2023,6,1,1,신안군,혹명나방(감수율),0.0
2023,6,1,1,신안군,혹명나방(피해율),0.0
2023,6,1,1,신안군,혹명나방(발생면적율),0.0
2023,6,1,1,신안군,멸강나방(발생추정면적),0.0
2023,6,1,1,신안군,멸강나방(감수율),0.0
2023,6,1,1,신안군,멸강나방(피해율),0.0
2023,6,1,1,신안군,멸강나방(발생면적율),0.0
2023,6,1,1,신안군,먹노린재(발생추정면적),0.0
2023,6,1,1,신안군,먹노린재(감수율),0.0
2023,6,1,1,신안군,먹노린재(피해율),0.0
2023,6,1,1,신안군,먹노린재(발생면적율),0.0
2023,6,1,1,신안군,이화명나방1화기(발생면적),0.0
2023,6,1,1,신안군,이화명나방1화기(감수율),0.0
2023,6,1,1,신안군,이화명나방1화기(피해율),0.0
2023,6,1,1,신안군,이화명나방1화기(발생면적률),0.0
2023,6,1,1,신안군,이화명나방2화기(발생면적),0.0
2023,6,1,1,신안군,이화명나방2화기(감수율),0.0
2023,6,1,1,신안군,이화명나방2화기(피해율),0.0
2023,6,1,1,신안군,이화명나방2화기(발생면적률),0.0
2023,6,1,1,여수시,잎도열병(발생추정면적),0.0
2023,6,1,1,여수시,잎도열병(감수율),0.0
2023,6,1,1,여수시,잎도열병(피해율),0.0
2023,6,1,1,여수시,잎도열병(발생면적율),0.0
2023,6,1,1,여수시,이삭도열병(발생추정면적),0.0
2023,6,1,1,여수시,이삭도열병(감수율),0.0
2023,6,1,1,여수시,이삭도열병(피해율),0.0
2023,6,1,1,여수시,이삭도열병(발생면적율),0.0
2023,6,1,1,여수시,잎집무늬마름병(발생추정면적),0.0
2023,6,1,1,여수시,잎집무늬마름병(감수율),0.0
2023,6,1,1,여수시,잎집무늬마름병(피해율),0.0
2023,6,1,1,여수시,잎집무늬마름병(발생면적율),0.0
2023,6,1,1,여수시,흰잎마름병(발생추정면적),0.0
2023,6,1,1,여수시,흰잎마름병(감수율),0.0
2023,6,1,1,여수시,흰잎마름병(피해율),0.0
2023,6,1,1,여수시,흰잎마름병(발생면적율),0.0
2023,6,1,1,여수시,세균벼알마름병(발생추정면적),0.0
2023,6,1,1,여수시,세균벼알마름병(감수율),0.0
2023,6,1,1,여수시,세균벼알마름병(피해율),0.0
2023,6,1,1,여수시,세균벼알마름병(발생면적율),0.0
2023,6,1,1,여수시,줄무늬잎마름병(발생면적),0.0
2023,6,1,1,여수시,줄무늬잎마름병(감수율),0.0
2023,6,1,1,여수시,줄무늬잎마름병(피해율),0.0
2023,6,1,1,여수시,줄무늬잎마름병(발생면적률),0.0
2023,6,1,1,여수시,벼검은줄오갈병(발생면적),0.0
2023,6,1,1,여수시,벼검은줄오갈병(감수율),0.0
2023,6,1,1,여수시,벼검은줄오갈병(피해율),0.0
2023,6,1,1,여수시,벼검은줄오갈병(발생면적률),0.0
2023,6,1,1,여수시,오갈병(발생면적),0.0
2023,6,1,1,여수시,오갈병(감수율),0.0
2023,6,1,1,여수시,오갈병(피해율),0.0
2023,6,1,1,여수시,오갈병(발생면적률),0.0
2023,6,1,1,여수시,이삭누룩병(발생추정면적),0.0
2023,6,1,1,여수시,이삭누룩병(감수율),0.0
2023,6,1,1,여수시,이삭누룩병(피해율),0.0
2023,6,1,1,여수시,이삭누룩병(발생면적율),0.0
2023,6,1,1,여수시,깨씨무늬병(발생추정면적),0.0
2023,6,1,1,여수시,깨씨무늬병(감수율),0.0
2023,6,1,1,여수시,깨씨무늬병(피해율),0.0
2023,6,1,1,여수시,깨씨무늬병(발생면적율),0.0
2023,6,1,1,여수시,벼잎벌레(발생추정면적),0.0
2023,6,1,1,여수시,벼잎벌레(감수율),0.0
2023,6,1,1,여수시,벼잎벌레(피해율),0.0
2023,6,1,1,여수시,벼잎벌레(발생면적율),0.0
2023,6,1,1,여수시,벼애잎굴파리(발생추정면적),0.0
2023,6,1,1,여수시,벼애잎굴파리(감수율),0.0
2023,6,1,1,여수시,벼애잎굴파리(피해율),0.0
2023,6,1,1,여수시,벼애잎굴파리(발생면적율),0.0
2023,6,1,1,여수시,벼줄기굴파리(발생추정면적),0.0
2023,6,1,1,여수시,벼줄기굴파리(감수율),0.0
2023,6,1,1,여수시,벼줄기굴파리(피해율),0.0
2023,6,1,1,여수시,벼줄기굴파리(발생면적율),0.0
2023,6,1,1,여수시,애멸구(발생추정면적),0.0
2023,6,1,1,여수시,애멸구(감수율),0.0
2023,6,1,1,여수시,애멸구(피해율),0.0
2023,6,1,1,여수시,애멸구(발생면적율),0.0
2023,6,1,1,여수시,끝동매미충(발생추정면적),0.0
2023,6,1,1,여수시,끝동매미충(감수율),0.0
2023,6,1,1,여수시,끝동매미충(피해율),0.0
2023,6,1,1,여수시,끝동매미충(발생면적율),0.0
2023,6,1,1,여수시,벼멸구(발생추정면적),0.0
2023,6,1,1,여수시,벼멸구(감수율),0.0
2023,6,1,1,여수시,벼멸구(피해율),0.0
2023,6,1,1,여수시,벼멸구(발생면적율),0.0
2023,6,1,1,여수시,흰등멸구(발생추정면적),0.0
2023,6,1,1,여수시,흰등멸구(감수율),0.0
2023,6,1,1,여수시,흰등멸구(피해율),0.0
2023,6,1,1,여수시,흰등멸구(발생면적율),0.0
2023,6,1,1,여수시,벼물바구미(발생추정면적),0.0
2023,6,1,1,여수시,벼물바구미(감수율),0.0
2023,6,1,1,여수시,벼물바구미(피해율),0.0
2023,6,1,1,여수시,벼물바구미(발생면적율),0.0
2023,6,1,1,여수시,혹명나방(발생추정면적),0.0
2023,6,1,1,여수시,혹명나방(감수율),0.0
2023,6,1,1,여수시,혹명나방(피해율),0.0
2023,6,1,1,여수시,혹명나방(발생면적율),0.0
2023,6,1,1,여수시,멸강나방(발생추정면적),0.0
2023,6,1,1,여수시,멸강나방(감수율),0.0
2023,6,1,1,여수시,멸강나방(피해율),0.0
2023,6,1,1,여수시,멸강나방(발생면적율),0.0
2023,6,1,1,여수시,먹노린재(발생추정면적),0.0
2023,6,1,1,여수시,먹노린재(감수율),0.0
2023,6,1,1,여수시,먹노린재(피해율),0.0
2023,6,1,1,여수시,먹노린재(발생면적율),0.0
2023,6,1,1,여수시,이화명나방1화기(발생면적),0.0
2023,6,1,1,여수시,이화명나방1화기(감수율),0.0
2023,6,1,1,여수시,이화명나방1화기(피해율),0.0
2023,6,1,1,여수시,이화명나방1화기(발생면적률),0.0
2023,6,1,1,여수시,이화명나방2화기(발생면적),0.0
2023,6,1,1,여수시,이화명나방2화기(감수율),0.0
2023,6,1,1,여수시,이화명나방2화기(피해율),0.0
2023,6,1,1,여수시,이화명나방2화기(발생면적률),0.0
2023,6,1,1,영광군,잎도열병(발생추정면적),0.0
2023,6,1,1,영광군,잎도열병(감수율),0.0
2023,6,1,1,영광군,잎도열병(피해율),0.0
2023,6,1,1,영광군,잎도열병(발생면적율),0.0
2023,6,1,1,영광군,이삭도열병(발생추정면적),0.0
2023,6,1,1,영광군,이삭도열병(감수율),0.0
2023,6,1,1,영광군,이삭도열병(피해율),0.0
2023,6,1,1,영광군,이삭도열병(발생면적율),0.0
2023,6,1,1,영광군,잎집무늬마름병(발생추정면적),0.0
2023,6,1,1,영광군,잎집무늬마름병(감수율),0.0
2023,6,1,1,영광군,잎집무늬마름병(피해율),0.0
2023,6,1,1,영광군,잎집무늬마름병(발생면적율),0.0
2023,6,1,1,영광군,흰잎마름병(발생추정면적),0.0
2023,6,1,1,영광군,흰잎마름병(감수율),0.0
2023,6,1,1,영광군,흰잎마름병(피해율),0.0
2023,6,1,1,영광군,흰잎마름병(발생면적율),0.0
2023,6,1,1,영광군,세균벼알마름병(발생추정면적),0.0
2023,6,1,1,영광군,세균벼알마름병(감수율),0.0
2023,6,1,1,영광군,세균벼알마름병(피해율),0.0
2023,6,1,1,영광군,세균벼알마름병(발생면적율),0.0
2023,6,1,1,영광군,줄무늬잎마름병(발생면적),0.0
2023,6,1,1,영광군,줄무늬잎마름병(감수율),0.0
2023,6,1,1,영광군,줄무늬잎마름병(피해율),0.0
2023,6,1,1,영광군,줄무늬잎마름병(발생면적률),0.0
2023,6,1,1,영광군,벼검은줄오갈병(발생면적),0.0
2023,6,1,1,영광군,벼검은줄오갈병(감수율),0.0
2023,6,1,1,영광군,벼검은줄오갈병(피해율),0.0
2023,6,1,1,영광군,벼검은줄오갈병(발생면적률),0.0
2023,6,1,1,영광군,오갈병(발생면적),0.0
2023,6,1,1,영광군,오갈병(감수율),0.0
2023,6,1,1,영광군,오갈병(피해율),0.0
2023,6,1,1,영광군,오갈병(발생면적률),0.0
2023,6,1,1,영광군,이삭누룩병(발생추정면적),0.0
2023,6,1,1,영광군,이삭누룩병(감수율),0.0
2023,6,1,1,영광군,이삭누룩병(피해율),0.0
2023,6,1,1,영광군,이삭누룩병(발생면적율),0.0
2023,6,1,1,영광군,깨씨무늬병(발생추정면적),0.0
2023,6,1,1,영광군,깨씨무늬병(감수율),0.0
2023,6,1,1,영광군,깨씨무늬병(피해율),0.0
2023,6,1,1,영광군,깨씨무늬병(발생면적율),0.0
2023,6,1,1,영광군,벼잎벌레(발생추정면적),0.0
2023,6,1,1,영광군,벼잎벌레(감수율),0.0
2023,6,1,1,영광군,벼잎벌레(피해율),0.0
2023,6,1,1,영광군,벼잎벌레(발생면적율),0.0
2023,6,1,1,영광군,벼애잎굴파리(발생추정면적),0.0
2023,6,1,1,영광군,벼애잎굴파리(감수율),0.0
2023,6,1,1,영광군,벼애잎굴파리(피해율),0.0
2023,6,1,1,영광군,벼애잎굴파리(발생면적율),0.0
2023,6,1,1,영광군,벼줄기굴파리(발생추정면적),0.0
2023,6,1,1,영광군,벼줄기굴파리(감수율),0.0
2023,6,1,1,영광군,벼줄기굴파리(피해율),0.0
2023,6,1,1,영광군,벼줄기굴파리(발생면적율),0.0
2023,6,1,1,영광군,애멸구(발생추정면적),0.0
2023,6,1,1,영광군,애멸구(감수율),0.0
2023,6,1,1,영광군,애멸구(피해율),0.0
2023,6,1,1,영광군,애멸구(발생면적율),0.0
2023,6,1,1,영광군,끝동매미충(발생추정면적),0.0
2023,6,1,1,영광군,끝동매미충(감수율),0.0
2023,6,1,1,영광군,끝동매미충(피해율),0.0
2023,6,1,1,영광군,끝동매미충(발생면적율),0.0
2023,6,1,1,영광군,벼멸구(발생추정면적),0.0
2023,6,1,1,영광군,벼멸구(감수율),0.0
2023,6,1,1,영광군,벼멸구(피해율),0.0
2023,6,1,1,영광군,벼멸구(발생면적율),0.0
2023,6,1,1,영광군,흰등멸구(발생추정면적),0.0
2023,6,1,1,영광군,흰등멸구(감수율),0.0
2023,6,1,1,영광군,흰등멸구(피해율),0.0
2023,6,1,1,영광군,흰등멸구(발생면적율),0.0
2023,6,1,1,영광군,벼물바구미(발생추정면적),0.0
2023,6,1,1,영광군,벼물바구미(감수율),0.0
2023,6,1,1,영광군,벼물바구미(피해율),0.0
2023,6,1,1,영광군,벼물바구미(발생면적율),0.0
2023,6,1,1,영광군,혹명나방(발생추정면적),0.0
2023,6,1,1,영광군,혹명나방(감수율),0.0
2023,6,1,1,영광군,혹명나방(피해율),0.0
2023,6,1,1,영광군,혹명나방(발생면적율),0.0
2023,6,1,1,영광군,멸강나방(발생추정면적),0.0
2023,6,1,1,영광군,멸강나방(감수율),0.0
2023,6,1,1,영광군,멸강나방(피해율),0.0
2023,6,1,1,영광군,멸강나방(발생면적율),0.0
2023,6,1,1,영광군,먹노린재(발생추정면적),0.0
2023,6,1,1,영광군,먹노린재(감수율),0.0
2023,6,1,1,영광군,먹노린재(피해율),0.0
2023,6,1,1,영광군,먹노린재(발생면적율),0.0
2023,6,1,1,영광군,이화명나방1화기(발생면적),0.0
2023,6,1,1,영광군,이화명나방1화기(감수율),0.0
2023,6,1,1,영광군,이화명나방1화기(피해율),0.0
2023,6,1,1,영광군,이화명나방1화기(발생면적률),0.0
2023,6,1,1,영광군,이화명나방2화기(발생면적),0.0
2023,6,1,1,영광군,이화명나방2화기(감수율),0.0
2023,6,1,1,영광군,이화명나방2화기(피해율),0.0
2023,6,1,1,영광군,이화명나방2화기(발생면적률),0.0
2023,6,1,1,영암군,잎도열병(발생추정면적),0.0
2023,6,1,1,영암군,잎도열병(감수율),0.0
2023,6,1,1,영암군,잎도열병(피해율),0.0
2023,6,1,1,영암군,잎도열병(발생면적율),0.0
2023,6,1,1,영암군,이삭도열병(발생추정면적),0.0
2023,6,1,1,영암군,이삭도열병(감수율),0.0
2023,6,1,1,영암군,이삭도열병(피해율),0.0
2023,6,1,1,영암군,이삭도열병(발생면적율),0.0
2023,6,1,1,영암군,잎집무늬마름병(발생추정면적),0.0
2023,6,1,1,영암군,잎집무늬마름병(감수율),0.0
2023,6,1,1,영암군,잎집무늬마름병(피해율),0.0
2023,6,1,1,영암군,잎집무늬마름병(발생면적율),0.0
2023,6,1,1,영암군,흰잎마름병(발생추정면적),0.0
2023,6,1,1,영암군,흰잎마름병(감수율),0.0
2023,6,1,1,영암군,흰잎마름병(피해율),0.0
2023,6,1,1,영암군,흰잎마름병(발생면적율),0.0
2023,6,1,1,영암군,세균벼알마름병(발생추정면적),0.0
2023,6,1,1,영암군,세균벼알마름병(감수율),0.0
2023,6,1,1,영암군,세균벼알마름병(피해율),0.0
2023,6,1,1,영암군,세균벼알마름병(발생면적율),0.0
2023,6,1,1,영암군,줄무늬잎마름병(발생면적),0.0
2023,6,1,1,영암군,줄무늬잎마름병(감수율),0.0
2023,6,1,1,영암군,줄무늬잎마름병(피해율),0.0
2023,6,1,1,영암군,줄무늬잎마름병(발생면적률),0.0
2023,6,1,1,영암군,벼검은줄오갈병(발생면적),0.0
2023,6,1,1,영암군,벼검은줄오갈병(감수율),0.0
2023,6,1,1,영암군,벼검은줄오갈병(피해율),0.0
2023,6,1,1,영암군,벼검은줄오갈병(발생면적률),0.0
2023,6,1,1,영암군,오갈병(발생면적),0.0
2023,6,1,1,영암군,오갈병(감수율),0.0
2023,6,1,1,영암군,오갈병(피해율),0.0
2023,6,1,1,영암군,오갈병(발생면적률),0.0
2023,6,1,1,영암군,이삭누룩병(발생추정면적),0.0
2023,6,1,1,영암군,이삭누룩병(감수율),0.0
2023,6,1,1,영암군,이삭누룩병(피해율),0.0
2023,6,1,1,영암군,이삭누룩병(발생면적율),0.0
2023,6,1,1,영암군,깨씨무늬병(발생추정면적),0.0
2023,6,1,1,영암군,깨씨무늬병(감수율),0.0
2023,6,1,1,영암군,깨씨무늬병(피해율),0.0
2023,6,1,1,영암군,깨씨무늬병(발생면적율),0.0
2023,6,1,1,영암군,벼잎벌레(발생추정면적),0.0
2023,6,1,1,영암군,벼잎벌레(감수율),0.0
2023,6,1,1,영암군,벼잎벌레(피해율),0.0
2023,6,1,1,영암군,벼잎벌레(발생면적율),0.0
2023,6,1,1,영암군,벼애잎굴파리(발생추정면적),0.0
2023,6,1,1,영암군,벼애잎굴파리(감수율),0.0
2023,6,1,1,영암군,벼애잎굴파리(피해율),0.0
2023,6,1,1,영암군,벼애잎굴파리(발생면적율),0.0
2023,6,1,1,영암군,벼줄기굴파리(발생추정면적),0.0
2023,6,1,1,영암군,벼줄기굴파리(감수율),0.0
2023,6,1,1,영암군,벼줄기굴파리(피해율),0.0
2023,6,1,1,영암군,벼줄기굴파리(발생면적율),0.0
2023,6,1,1,영암군,애멸구(발생추정면적),0.0
2023,6,1,1,영암군,애멸구(감수율),0.0
2023,6,1,1,영암군,애멸구(피해율),0.0
2023,6,1,1,영암군,애멸구(발생면적율),0.0
2023,6,1,1,영암군,끝동매미충(발생추정면적),0.0
2023,6,1,1,영암군,끝동매미충(감수율),0.0
2023,6,1,1,영암군,끝동매미충(피해율),0.0
2023,6,1,1,영암군,끝동매미충(발생면적율),0.0
2023,6,1,1,영암군,벼멸구(발생추정면적),0.0
2023,6,1,1,영암군,벼멸구(감수율),0.0
2023,6,1,1,영암군,벼멸구(피해율),0.0
2023,6,1,1,영암군,벼멸구(발생면적율),0.0
2023,6,1,1,영암군,흰등멸구(발생추정면적),0.0
2023,6,1,1,영암군,흰등멸구(감수율),0.0
2023,6,1,1,영암군,흰등멸구(피해율),0.0
2023,6,1,1,영암군,흰등멸구(발생면적율),0.0
2023,6,1,1,영암군,벼물바구미(발생추정면적),0.0
2023,6,1,1,영암군,벼물바구미(감수율),0.0
2023,6,1,1,영암군,벼물바구미(피해율),0.0
2023,6,1,1,영암군,벼물바구미(발생면적율),0.0
2023,6,1,1,영암군,혹명나방(발생추정면적),0.0
2023,6,1,1,영암군,혹명나방(감수율),0.0
2023,6,1,1,영암군,혹명나방(피해율),0.0
2023,6,1,1,영암군,혹명나방(발생면적율),0.0
2023,6,1,1,영암군,멸강나방(발생추정면적),0.0
2023,6,1,1,영암군,멸강나방(감수율),0.0
2023,6,1,1,영암군,멸강나방(피해율),0.0
2023,6,1,1,영암군,멸강나방(발생면적율),0.0
2023,6,1,1,영암군,먹노린재(발생추정면적),0.0
2023,6,1,1,영암군,먹노린재(감수율),0.0
2023,6,1,1,영암군,먹노린재(피해율),0.0
2023,6,1,1,영암군,먹노린재(발생면적율),0.0
2023,6,1,1,영암군,이화명나방1화기(발생면적),0.0
2023,6,1,1,영암군,이화명나방1화기(감수율),0.0
2023,6,1,1,영암군,이화명나방1화기(피해율),0.0
2023,6,1,1,영암군,이화명나방1화기(발생면적률),0.0
2023,6,1,1,영암군,이화명나방2화기(발생면적),0.0
2023,6,1,1,영암군,이화명나방2화기(감수율),0.0
2023,6,1,1,영암군,이화명나방2화기(피해율),0.0
2023,6,1,1,영암군,이화명나방2화기(발생면적률),0.0
2023,6,1,1,완도군,잎도열병(발생추정면적),0.0
2023,6,1,1,완도군,잎도열병(감수율),0.0
2023,6,1,1,완도군,잎도열병(피해율),0.0
2023,6,1,1,완도군,잎도열병(발생면적율),0.0
2023,6,1,1,완도군,이삭도열병(발생추정면적),0.0
2023,6,1,1,완도군,이삭도열병(감수율),0.0
2023,6,1,1,완도군,이삭도열병(피해율),0.0
2023,6,1,1,완도군,이삭도열병(발생면적율),0.0
2023,6,1,1,완도군,잎집무늬마름병(발생추정면적),0.0
2023,6,1,1,완도군,잎집무늬마름병(감수율),0.0
2023,6,1,1,완도군,잎집무늬마름병(피해율),0.0
2023,6,1,1,완도군,잎집무늬마름병(발생면적율),0.0
2023,6,1,1,완도군,흰잎마름병(발생추정면적),0.0
2023,6,1,1,완도군,흰잎마름병(감수율),0.0
2023,6,1,1,완도군,흰잎마름병(피해율),0.0
2023,6,1,1,완도군,흰잎마름병(발생면적율),0.0
2023,6,1,1,완도군,세균벼알마름병(발생추정면적),0.0
2023,6,1,1,완도군,세균벼알마름병(감수율),0.0
2023,6,1,1,완도군,세균벼알마름병(피해율),0.0
2023,6,1,1,완도군,세균벼알마름병(발생면적율),0.0
2023,6,1,1,완도군,줄무늬잎마름병(발생면적),0.0
2023,6,1,1,완도군,줄무늬잎마름병(감수율),0.0
2023,6,1,1,완도군,줄무늬잎마름병(피해율),0.0
2023,6,1,1,완도군,줄무늬잎마름병(발생면적률),0.0
2023,6,1,1,완도군,벼검은줄오갈병(발생면적),0.0
2023,6,1,1,완도군,벼검은줄오갈병(감수율),0.0
2023,6,1,1,완도군,벼검은줄오갈병(피해율),0.0
2023,6,1,1,완도군,벼검은줄오갈병(발생면적률),0.0
2023,6,1,1,완도군,오갈병(발생면적),0.0
2023,6,1,1,완도군,오갈병(감수율),0.0
2023,6,1,1,완도군,오갈병(피해율),0.0
2023,6,1,1,완도군,오갈병(발생면적률),0.0
2023,6,1,1,완도군,이삭누룩병(발생추정면적),0.0
2023,6,1,1,완도군,이삭누룩병(감수율),0.0
2023,6,1,1,완도군,이삭누룩병(피해율),0.0
2023,6,1,1,완도군,이삭누룩병(발생면적율),0.0
2023,6,1,1,완도군,깨씨무늬병(발생추정면적),0.0
2023,6,1,1,완도군,깨씨무늬병(감수율),0.0
2023,6,1,1,완도군,깨씨무늬병(피해율),0.0
2023,6,1,1,완도군,깨씨무늬병(발생면적율),0.0
2023,6,1,1,완도군,벼잎벌레(발생추정면적),0.0
2023,6,1,1,완도군,벼잎벌레(감수율),0.0
2023,6,1,1,완도군,벼잎벌레(피해율),0.0
2023,6,1,1,완도군,벼잎벌레(발생면적율),0.0
2023,6,1,1,완도군,벼애잎굴파리(발생추정면적),0.0
2023,6,1,1,완도군,벼애잎굴파리(감수율),0.0
2023,6,1,1,완도군,벼애잎굴파리(피해율),0.0
2023,6,1,1,완도군,벼애잎굴파리(발생면적율),0.0
2023,6,1,1,완도군,벼줄기굴파리(발생추정면적),0.0
2023,6,1,1,완도군,벼줄기굴파리(감수율),0.0
2023,6,1,1,완도군,벼줄기굴파리(피해율),0.0
2023,6,1,1,완도군,벼줄기굴파리(발생면적율),0.0
2023,6,1,1,완도군,애멸구(발생추정면적),0.0
2023,6,1,1,완도군,애멸구(감수율),0.0
2023,6,1,1,완도군,애멸구(피해율),0.0
2023,6,1,1,완도군,애멸구(발생면적율),0.0
2023,6,1,1,완도군,끝동매미충(발생추정면적),0.0
2023,6,1,1,완도군,끝동매미충(감수율),0.0
2023,6,1,1,완도군,끝동매미충(피해율),0.0
2023,6,1,1,완도군,끝동매미충(발생면적율),0.0
2023,6,1,1,완도군,벼멸구(발생추정면적),0.0
2023,6,1,1,완도군,벼멸구(감수율),0.0
2023,6,1,1,완도군,벼멸구(피해율),0.0
2023,6,1,1,완도군,벼멸구(발생면적율),0.0
2023,6,1,1,완도군,흰등멸구(발생추정면적),0.0
2023,6,1,1,완도군,흰등멸구(감수율),0.0
2023,6,1,1,완도군,흰등멸구(피해율),0.0
2023,6,1,1,완도군,흰등멸구(발생면적율),0.0
2023,6,1,1,완도군,벼물바구미(발생추정면적),0.0
2023,6,1,1,완도군,벼물바구미(감수율),0.0
2023,6,1,1,완도군,벼물바구미(피해율),0.0
2023,6,1,1,완도군,벼물바구미(발생면적율),0.0
2023,6,1,1,완도군,혹명나방(발생추정면적),0.0
2023,6,1,1,완도군,혹명나방(감수율),0.0
2023,6,1,1,완도군,혹명나방(피해율),0.0
2023,6,1,1,완도군,혹명나방(발생면적율),0.0
2023,6,1,1,완도군,멸강나방(발생추정면적),0.0
2023,6,1,1,완도군,멸강나방(감수율),0.0
2023,6,1,1,완도군,멸강나방(피해율),0.0
2023,6,1,1,완도군,멸강나방(발생면적율),0.0
2023,6,1,1,완도군,먹노린재(발생추정면적),0.0
2023,6,1,1,완도군,먹노린재(감수율),0.0
2023,6,1,1,완도군,먹노린재(피해율),0.0
2023,6,1,1,완도군,먹노린재(발생면적율),0.0
2023,6,1,1,완도군,이화명나방1화기(발생면적),0.0
2023,6,1,1,완도군,이화명나방1화기(감수율),0.0
2023,6,1,1,완도군,이화명나방1화기(피해율),0.0
2023,6,1,1,완도군,이화명나방1화기(발생면적률),0.0
2023,6,1,1,완도군,이화명나방2화기(발생면적),0.0
2023,6,1,1,완도군,이화명나방2화기(감수율),0.0
2023,6,1,1,완도군,이화명나방2화기(피해율),0.0
2023,6,1,1,완도군,이화명나방2화기(발생면적률),0.0
2023,6,1,1,장성군,잎도열병(발생추정면적),0.0
2023,6,1,1,장성군,잎도열병(감수율),0.0
2023,6,1,1,장성군,잎도열병(피해율),0.0
2023,6,1,1,장성군,잎도열병(발생면적율),0.0
2023,6,1,1,장성군,이삭도열병(발생추정면적),0.0
2023,6,1,1,장성군,이삭도열병(감수율),0.0
2023,6,1,1,장성군,이삭도열병(피해율),0.0
2023,6,1,1,장성군,이삭도열병(발생면적율),0.0
2023,6,1,1,장성군,잎집무늬마름병(발생추정면적),0.0
2023,6,1,1,장성군,잎집무늬마름병(감수율),0.0
2023,6,1,1,장성군,잎집무늬마름병(피해율),0.0
2023,6,1,1,장성군,잎집무늬마름병(발생면적율),0.0
2023,6,1,1,장성군,흰잎마름병(발생추정면적),0.0
2023,6,1,1,장성군,흰잎마름병(감수율),0.0
2023,6,1,1,장성군,흰잎마름병(피해율),0.0
2023,6,1,1,장성군,흰잎마름병(발생면적율),0.0
2023,6,1,1,장성군,세균벼알마름병(발생추정면적),0.0
2023,6,1,1,장성군,세균벼알마름병(감수율),0.0
2023,6,1,1,장성군,세균벼알마름병(피해율),0.0
2023,6,1,1,장성군,세균벼알마름병(발생면적율),0.0
2023,6,1,1,장성군,줄무늬잎마름병(발생면적),0.0
2023,6,1,1,장성군,줄무늬잎마름병(감수율),0.0
2023,6,1,1,장성군,줄무늬잎마름병(피해율),0.0
2023,6,1,1,장성군,줄무늬잎마름병(발생면적률),0.0
2023,6,1,1,장성군,벼검은줄오갈병(발생면적),0.0
2023,6,1,1,장성군,벼검은줄오갈병(감수율),0.0
2023,6,1,1,장성군,벼검은줄오갈병(피해율),0.0
2023,6,1,1,장성군,벼검은줄오갈병(발생면적률),0.0
2023,6,1,1,장성군,오갈병(발생면적),0.0
2023,6,1,1,장성군,오갈병(감수율),0.0
2023,6,1,1,장성군,오갈병(피해율),0.0
2023,6,1,1,장성군,오갈병(발생면적률),0.0
2023,6,1,1,장성군,이삭누룩병(발생추정면적),0.0
2023,6,1,1,장성군,이삭누룩병(감수율),0.0
2023,6,1,1,장성군,이삭누룩병(피해율),0.0
2023,6,1,1,장성군,이삭누룩병(발생면적율),0.0
2023,6,1,1,장성군,깨씨무늬병(발생추정면적),0.0
2023,6,1,1,장성군,깨씨무늬병(감수율),0.0
2023,6,1,1,장성군,깨씨무늬병(피해율),0.0
2023,6,1,1,장성군,깨씨무늬병(발생면적율),0.0
2023,6,1,1,장성군,벼잎벌레(발생추정면적),0.0
2023,6,1,1,장성군,벼잎벌레(감수율),0.0
2023,6,1,1,장성군,벼잎벌레(피해율),0.0
2023,6,1,1,장성군,벼잎벌레(발생면적율),0.0
2023,6,1,1,장성군,벼애잎굴파리(발생추정면적),0.0
2023,6,1,1,장성군,벼애잎굴파리(감수율),0.0
2023,6,1,1,장성군,벼애잎굴파리(피해율),0.0
2023,6,1,1,장성군,벼애잎굴파리(발생면적율),0.0
2023,6,1,1,장성군,벼줄기굴파리(발생추정면적),0.0
2023,6,1,1,장성군,벼줄기굴파리(감수율),0.0
2023,6,1,1,장성군,벼줄기굴파리(피해율),0.0
2023,6,1,1,장성군,벼줄기굴파리(발생면적율),0.0
2023,6,1,1,장성군,애멸구(발생추정면적),0.0
2023,6,1,1,장성군,애멸구(감수율),0.0
2023,6,1,1,장성군,애멸구(피해율),0.0
2023,6,1,1,장성군,애멸구(발생면적율),0.0
2023,6,1,1,장성군,끝동매미충(발생추정면적),0.0
2023,6,1,1,장성군,끝동매미충(감수율),0.0
2023,6,1,1,장성군,끝동매미충(피해율),0.0
2023,6,1,1,장성군,끝동매미충(발생면적율),0.0
2023,6,1,1,장성군,벼멸구(발생추정면적),0.0
2023,6,1,1,장성군,벼멸구(감수율),0.0
2023,6,1,1,장성군,벼멸구(피해율),0.0
2023,6,1,1,장성군,벼멸구(발생면적율),0.0
2023,6,1,1,장성군,흰등멸구(발생추정면적),0.0
2023,6,1,1,장성군,흰등멸구(감수율),0.0
2023,6,1,1,장성군,흰등멸구(피해율),0.0
2023,6,1,1,장성군,흰등멸구(발생면적율),0.0
2023,6,1,1,장성군,벼물바구미(발생추정면적),0.0
2023,6,1,1,장성군,벼물바구미(감수율),0.0
2023,6,1,1,장성군,벼물바구미(피해율),0.0
2023,6,1,1,장성군,벼물바구미(발생면적율),0.0
2023,6,1,1,장성군,혹명나방(발생추정면적),0.0
2023,6,1,1,장성군,혹명나방(감수율),0.0
2023,6,1,1,장성군,혹명나방(피해율),0.0
2023,6,1,1,장성군,혹명나방(발생면적율),0.0
2023,6,1,1,장성군,멸강나방(발생추정면적),0.0
2023,6,1,1,장성군,멸강나방(감수율),0.0
2023,6,1,1,장성군,멸강나방(피해율),0.0
2023,6,1,1,장성군,멸강나방(발생면적율),0.0
2023,6,1,1,장성군,먹노린재(발생추정면적),0.0
2023,6,1,1,장성군,먹노린재(감수율),0.0
2023,6,1,1,장성군,먹노린재(피해율),0.0
2023,6,1,1,장성군,먹노린재(발생면적율),0.0
2023,6,1,1,장성군,이화명나방1화기(발생면적),0.0
2023,6,1,1,장성군,이화명나방1화기(감수율),0.0
2023,6,1,1,장성군,이화명나방1화기(피해율),0.0
2023,6,1,1,장성군,이화명나방1화기(발생면적률),0.0
2023,6,1,1,장성군,이화명나방2화기(발생면적),0.0
2023,6,1,1,장성군,이화명나방2화기(감수율),0.0
2023,6,1,1,장성군,이화명나방2화기(피해율),0.0
2023,6,1,1,장성군,이화명나방2화기(발생면적률),0.0
2023,6,1,1,장흥군,잎도열병(발생추정면적),0.0
2023,6,1,1,장흥군,잎도열병(감수율),0.0
2023,6,1,1,장흥군,잎도열병(피해율),0.0
2023,6,1,1,장흥군,잎도열병(발생면적율),0.0
2023,6,1,1,장흥군,이삭도열병(발생추정면적),0.0
2023,6,1,1,장흥군,이삭도열병(감수율),0.0
2023,6,1,1,장흥군,이삭도열병(피해율),0.0
2023,6,1,1,장흥군,이삭도열병(발생면적율),0.0
2023,6,1,1,장흥군,잎집무늬마름병(발생추정면적),0.0
2023,6,1,1,장흥군,잎집무늬마름병(감수율),0.0
2023,6,1,1,장흥군,잎집무늬마름병(피해율),0.0
2023,6,1,1,장흥군,잎집무늬마름병(발생면적율),0.0
2023,6,1,1,장흥군,흰잎마름병(발생추정면적),0.0
2023,6,1,1,장흥군,흰잎마름병(감수율),0.0
2023,6,1,1,장흥군,흰잎마름병(피해율),0.0
2023,6,1,1,장흥군,흰잎마름병(발생면적율),0.0
2023,6,1,1,장흥군,세균벼알마름병(발생추정면적),0.0
2023,6,1,1,장흥군,세균벼알마름병(감수율),0.0
2023,6,1,1,장흥군,세균벼알마름병(피해율),0.0
2023,6,1,1,장흥군,세균벼알마름병(발생면적율),0.0
2023,6,1,1,장흥군,줄무늬잎마름병(발생면적),0.0
2023,6,1,1,장흥군,줄무늬잎마름병(감수율),0.0
2023,6,1,1,장흥군,줄무늬잎마름병(피해율),0.0
2023,6,1,1,장흥군,줄무늬잎마름병(발생면적률),0.0
2023,6,1,1,장흥군,벼검은줄오갈병(발생면적),0.0
2023,6,1,1,장흥군,벼검은줄오갈병(감수율),0.0
2023,6,1,1,장흥군,벼검은줄오갈병(피해율),0.0
2023,6,1,1,장흥군,벼검은줄오갈병(발생면적률),0.0
2023,6,1,1,장흥군,오갈병(발생면적),0.0
2023,6,1,1,장흥군,오갈병(감수율),0.0
2023,6,1,1,장흥군,오갈병(피해율),0.0
2023,6,1,1,장흥군,오갈병(발생면적률),0.0
2023,6,1,1,장흥군,이삭누룩병(발생추정면적),0.0
2023,6,1,1,장흥군,이삭누룩병(감수율),0.0
2023,6,1,1,장흥군,이삭누룩병(피해율),0.0
2023,6,1,1,장흥군,이삭누룩병(발생면적율),0.0
2023,6,1,1,장흥군,깨씨무늬병(발생추정면적),0.0
2023,6,1,1,장흥군,깨씨무늬병(감수율),0.0
2023,6,1,1,장흥군,깨씨무늬병(피해율),0.0
2023,6,1,1,장흥군,깨씨무늬병(발생면적율),0.0
2023,6,1,1,장흥군,벼잎벌레(발생추정면적),0.0
2023,6,1,1,장흥군,벼잎벌레(감수율),0.0
2023,6,1,1,장흥군,벼잎벌레(피해율),0.0
2023,6,1,1,장흥군,벼잎벌레(발생면적율),0.0
2023,6,1,1,장흥군,벼애잎굴파리(발생추정면적),0.0
2023,6,1,1,장흥군,벼애잎굴파리(감수율),0.0
2023,6,1,1,장흥군,벼애잎굴파리(피해율),0.0
2023,6,1,1,장흥군,벼애잎굴파리(발생면적율),0.0
2023,6,1,1,장흥군,벼줄기굴파리(발생추정면적),0.0
2023,6,1,1,장흥군,벼줄기굴파리(감수율),0.0
2023,6,1,1,장흥군,벼줄기굴파리(피해율),0.0
2023,6,1,1,장흥군,벼줄기굴파리(발생면적율),0.0
2023,6,1,1,장흥군,애멸구(발생추정면적),0.0
2023,6,1,1,장흥군,애멸구(감수율),0.0
2023,6,1,1,장흥군,애멸구(피해율),0.0
2023,6,1,1,장흥군,애멸구(발생면적율),0.0
2023,6,1,1,장흥군,끝동매미충(발생추정면적),0.0
2023,6,1,1,장흥군,끝동매미충(감수율),0.0
2023,6,1,1,장흥군,끝동매미충(피해율),0.0
2023,6,1,1,장흥군,끝동매미충(발생면적율),0.0
2023,6,1,1,장흥군,벼멸구(발생추정면적),0.0
2023,6,1,1,장흥군,벼멸구(감수율),0.0
2023,6,1,1,장흥군,벼멸구(피해율),0.0
2023,6,1,1,장흥군,벼멸구(발생면적율),0.0
2023,6,1,1,장흥군,흰등멸구(발생추정면적),0.0
2023,6,1,1,장흥군,흰등멸구(감수율),0.0
2023,6,1,1,장흥군,흰등멸구(피해율),0.0
2023,6,1,1,장흥군,흰등멸구(발생면적율),0.0
2023,6,1,1,장흥군,벼물바구미(발생추정면적),0.0
2023,6,1,1,장흥군,벼물바구미(감수율),0.0
2023,6,1,1,장흥군,벼물바구미(피해율),0.0
2023,6,1,1,장흥군,벼물바구미(발생면적율),0.0
2023,6,1,1,장흥군,혹명나방(발생추정면적),0.0
2023,6,1,1,장흥군,혹명나방(감수율),0.0
2023,6,1,1,장흥군,혹명나방(피해율),0.0
2023,6,1,1,장흥군,혹명나방(발생면적율),0.0
2023,6,1,1,장흥군,멸강나방(발생추정면적),0.0
2023,6,1,1,장흥군,멸강나방(감수율),0.0
2023,6,1,1,장흥군,멸강나방(피해율),0.0
2023,6,1,1,장흥군,멸강나방(발생면적율),0.0
2023,6,1,1,장흥군,먹노린재(발생추정면적),0.0
2023,6,1,1,장흥군,먹노린재(감수율),0.0
2023,6,1,1,장흥군,먹노린재(피해율),0.0
2023,6,1,1,장흥군,먹노린재(발생면적율),0.0
2023,6,1,1,장흥군,이화명나방1화기(발생면적),0.0
2023,6,1,1,장흥군,이화명나방1화기(감수율),0.0
2023,6,1,1,장흥군,이화명나방1화기(피해율),0.0
2023,6,1,1,장흥군,이화명나방1화기(발생면적률),0.0
2023,6,1,1,장흥군,이화명나방2화기(발생면적),0.0
2023,6,1,1,장흥군,이화명나방2화기(감수율),0.0
2023,6,1,1,장흥군,이화명나방2화기(피해율),0.0
2023,6,1,1,장흥군,이화명나방2화기(발생면적률),0.0
2023,6,1,1,진도군,잎도열병(발생추정면적),0.0
2023,6,1,1,진도군,잎도열병(감수율),0.0
2023,6,1,1,진도군,잎도열병(피해율),0.0
2023,6,1,1,진도군,잎도열병(발생면적율),0.0
2023,6,1,1,진도군,이삭도열병(발생추정면적),0.0
2023,6,1,1,진도군,이삭도열병(감수율),0.0
2023,6,1,1,진도군,이삭도열병(피해율),0.0
2023,6,1,1,진도군,이삭도열병(발생면적율),0.0
2023,6,1,1,진도군,잎집무늬마름병(발생추정면적),0.0
2023,6,1,1,진도군,잎집무늬마름병(감수율),0.0
2023,6,1,1,진도군,잎집무늬마름병(피해율),0.0
2023,6,1,1,진도군,잎집무늬마름병(발생면적율),0.0
2023,6,1,1,진도군,흰잎마름병(발생추정면적),0.0
2023,6,1,1,진도군,흰잎마름병(감수율),0.0
2023,6,1,1,진도군,흰잎마름병(피해율),0.0
2023,6,1,1,진도군,흰잎마름병(발생면적율),0.0
2023,6,1,1,진도군,세균벼알마름병(발생추정면적),0.0
2023,6,1,1,진도군,세균벼알마름병(감수율),0.0
2023,6,1,1,진도군,세균벼알마름병(피해율),0.0
2023,6,1,1,진도군,세균벼알마름병(발생면적율),0.0
2023,6,1,1,진도군,줄무늬잎마름병(발생면적),0.0
2023,6,1,1,진도군,줄무늬잎마름병(감수율),0.0
2023,6,1,1,진도군,줄무늬잎마름병(피해율),0.0
2023,6,1,1,진도군,줄무늬잎마름병(발생면적률),0.0
2023,6,1,1,진도군,벼검은줄오갈병(발생면적),0.0
2023,6,1,1,진도군,벼검은줄오갈병(감수율),0.0
2023,6,1,1,진도군,벼검은줄오갈병(피해율),0.0
2023,6,1,1,진도군,벼검은줄오갈병(발생면적률),0.0
2023,6,1,1,진도군,오갈병(발생면적),0.0
2023,6,1,1,진도군,오갈병(감수율),0.0
2023,6,1,1,진도군,오갈병(피해율),0.0
2023,6,1,1,진도군,오갈병(발생면적률),0.0
2023,6,1,1,진도군,이삭누룩병(발생추정면적),0.0
2023,6,1,1,진도군,이삭누룩병(감수율),0.0
2023,6,1,1,진도군,이삭누룩병(피해율),0.0
2023,6,1,1,진도군,이삭누룩병(발생면적율),0.0
2023,6,1,1,진도군,깨씨무늬병(발생추정면적),0.0
2023,6,1,1,진도군,깨씨무늬병(감수율),0.0
2023,6,1,1,진도군,깨씨무늬병(피해율),0.0
2023,6,1,1,진도군,깨씨무늬병(발생면적율),0.0
2023,6,1,1,진도군,벼잎벌레(발생추정면적),0.0
2023,6,1,1,진도군,벼잎벌레(감수율),0.0
2023,6,1,1,진도군,벼잎벌레(피해율),0.0
2023,6,1,1,진도군,벼잎벌레(발생면적율),0.0
2023,6,1,1,진도군,벼애잎굴파리(발생추정면적),2.644
2023,6,1,1,진도군,벼애잎굴파리(감수율),0.001
2023,6,1,1,진도군,벼애잎굴파리(피해율),0.002
2023,6,1,1,진도군,벼애잎굴파리(발생면적율),0.048
2023,6,1,1,진도군,벼줄기굴파리(발생추정면적),0.0
2023,6,1,1,진도군,벼줄기굴파리(감수율),0.0
2023,6,1,1,진도군,벼줄기굴파리(피해율),0.0
2023,6,1,1,진도군,벼줄기굴파리(발생면적율),0.0
2023,6,1,1,진도군,애멸구(발생추정면적),4.407
2023,6,1,1,진도군,애멸구(감수율),0.003
2023,6,1,1,진도군,애멸구(피해율),0.008
2023,6,1,1,진도군,애멸구(발생면적율),0.079
2023,6,1,1,진도군,끝동매미충(발생추정면적),0.0
2023,6,1,1,진도군,끝동매미충(감수율),0.0
2023,6,1,1,진도군,끝동매미충(피해율),0.0
2023,6,1,1,진도군,끝동매미충(발생면적율),0.0
2023,6,1,1,진도군,벼멸구(발생추정면적),0.0
2023,6,1,1,진도군,벼멸구(감수율),0.0
2023,6,1,1,진도군,벼멸구(피해율),0.0
2023,6,1,1,진도군,벼멸구(발생면적율),0.0
2023,6,1,1,진도군,흰등멸구(발생추정면적),0.0
2023,6,1,1,진도군,흰등멸구(감수율),0.0
2023,6,1,1,진도군,흰등멸구(피해율),0.0
2023,6,1,1,진도군,흰등멸구(발생면적율),0.0
2023,6,1,1,진도군,벼물바구미(발생추정면적),7.933
2023,6,1,1,진도군,벼물바구미(감수율),0.001
2023,6,1,1,진도군,벼물바구미(피해율),0.005
2023,6,1,1,진도군,벼물바구미(발생면적율),0.143
2023,6,1,1,진도군,혹명나방(발생추정면적),0.0
2023,6,1,1,진도군,혹명나방(감수율),0.0
2023,6,1,1,진도군,혹명나방(피해율),0.0
2023,6,1,1,진도군,혹명나방(발생면적율),0.0
2023,6,1,1,진도군,멸강나방(발생추정면적),0.0
2023,6,1,1,진도군,멸강나방(감수율),0.0
2023,6,1,1,진도군,멸강나방(피해율),0.0
2023,6,1,1,진도군,멸강나방(발생면적율),0.0
2023,6,1,1,진도군,먹노린재(발생추정면적),2.644
2023,6,1,1,진도군,먹노린재(감수율),0.001
2023,6,1,1,진도군,먹노린재(피해율),0.002
2023,6,1,1,진도군,먹노린재(발생면적율),0.048
2023,6,1,1,진도군,이화명나방1화기(발생면적),0.441
2023,6,1,1,진도군,이화명나방1화기(감수율),0.0
2023,6,1,1,진도군,이화명나방1화기(피해율),0.0
2023,6,1,1,진도군,이화명나방1화기(발생면적률),0.008
2023,6,1,1,진도군,이화명나방2화기(발생면적),0.0
2023,6,1,1,진도군,이화명나방2화기(감수율),0.0
2023,6,1,1,진도군,이화명나방2화기(피해율),0.0
2023,6,1,1,진도군,이화명나방2화기(발생면적률),0.0
2023,6,1,1,함평군,잎도열병(발생추정면적),0.0
2023,6,1,1,함평군,잎도열병(감수율),0.0
2023,6,1,1,함평군,잎도열병(피해율),0.0
2023,6,1,1,함평군,잎도열병(발생면적율),0.0
2023,6,1,1,함평군,이삭도열병(발생추정면적),0.0
2023,6,1,1,함평군,이삭도열병(감수율),0.0
2023,6,1,1,함평군,이삭도열병(피해율),0.0
2023,6,1,1,함평군,이삭도열병(발생면적율),0.0
2023,6,1,1,함평군,잎집무늬마름병(발생추정면적),0.0
2023,6,1,1,함평군,잎집무늬마름병(감수율),0.0
2023,6,1,1,함평군,잎집무늬마름병(피해율),0.0
2023,6,1,1,함평군,잎집무늬마름병(발생면적율),0.0
2023,6,1,1,함평군,흰잎마름병(발생추정면적),0.0
2023,6,1,1,함평군,흰잎마름병(감수율),0.0
2023,6,1,1,함평군,흰잎마름병(피해율),0.0
2023,6,1,1,함평군,흰잎마름병(발생면적율),0.0
2023,6,1,1,함평군,세균벼알마름병(발생추정면적),0.0
2023,6,1,1,함평군,세균벼알마름병(감수율),0.0
2023,6,1,1,함평군,세균벼알마름병(피해율),0.0
2023,6,1,1,함평군,세균벼알마름병(발생면적율),0.0
2023,6,1,1,함평군,줄무늬잎마름병(발생면적),0.0
2023,6,1,1,함평군,줄무늬잎마름병(감수율),0.0
2023,6,1,1,함평군,줄무늬잎마름병(피해율),0.0
2023,6,1,1,함평군,줄무늬잎마름병(발생면적률),0.0
2023,6,1,1,함평군,벼검은줄오갈병(발생면적),0.0
2023,6,1,1,함평군,벼검은줄오갈병(감수율),0.0
2023,6,1,1,함평군,벼검은줄오갈병(피해율),0.0
2023,6,1,1,함평군,벼검은줄오갈병(발생면적률),0.0
2023,6,1,1,함평군,오갈병(발생면적),0.0
2023,6,1,1,함평군,오갈병(감수율),0.0
2023,6,1,1,함평군,오갈병(피해율),0.0
2023,6,1,1,함평군,오갈병(발생면적률),0.0
2023,6,1,1,함평군,이삭누룩병(발생추정면적),0.0
2023,6,1,1,함평군,이삭누룩병(감수율),0.0
2023,6,1,1,함평군,이삭누룩병(피해율),0.0
2023,6,1,1,함평군,이삭누룩병(발생면적율),0.0
2023,6,1,1,함평군,깨씨무늬병(발생추정면적),0.0
2023,6,1,1,함평군,깨씨무늬병(감수율),0.0
2023,6,1,1,함평군,깨씨무늬병(피해율),0.0
2023,6,1,1,함평군,깨씨무늬병(발생면적율),0.0
2023,6,1,1,함평군,벼잎벌레(발생추정면적),0.0
2023,6,1,1,함평군,벼잎벌레(감수율),0.0
2023,6,1,1,함평군,벼잎벌레(피해율),0.0
2023,6,1,1,함평군,벼잎벌레(발생면적율),0.0
2023,6,1,1,함평군,벼애잎굴파리(발생추정면적),0.0
2023,6,1,1,함평군,벼애잎굴파리(감수율),0.0
2023,6,1,1,함평군,벼애잎굴파리(피해율),0.0
2023,6,1,1,함평군,벼애잎굴파리(발생면적율),0.0
2023,6,1,1,함평군,벼줄기굴파리(발생추정면적),0.0
2023,6,1,1,함평군,벼줄기굴파리(감수율),0.0
2023,6,1,1,함평군,벼줄기굴파리(피해율),0.0
2023,6,1,1,함평군,벼줄기굴파리(발생면적율),0.0
2023,6,1,1,함평군,애멸구(발생추정면적),0.0
2023,6,1,1,함평군,애멸구(감수율),0.0
2023,6,1,1,함평군,애멸구(피해율),0.0
2023,6,1,1,함평군,애멸구(발생면적율),0.0
2023,6,1,1,함평군,끝동매미충(발생추정면적),0.0
2023,6,1,1,함평군,끝동매미충(감수율),0.0
2023,6,1,1,함평군,끝동매미충(피해율),0.0
2023,6,1,1,함평군,끝동매미충(발생면적율),0.0
2023,6,1,1,함평군,벼멸구(발생추정면적),0.0
2023,6,1,1,함평군,벼멸구(감수율),0.0
2023,6,1,1,함평군,벼멸구(피해율),0.0
2023,6,1,1,함평군,벼멸구(발생면적율),0.0
2023,6,1,1,함평군,흰등멸구(발생추정면적),0.0
2023,6,1,1,함평군,흰등멸구(감수율),0.0
2023,6,1,1,함평군,흰등멸구(피해율),0.0
2023,6,1,1,함평군,흰등멸구(발생면적율),0.0
2023,6,1,1,함평군,벼물바구미(발생추정면적),0.0
2023,6,1,1,함평군,벼물바구미(감수율),0.0
2023,6,1,1,함평군,벼물바구미(피해율),0.0
2023,6,1,1,함평군,벼물바구미(발생면적율),0.0
2023,6,1,1,함평군,혹명나방(발생추정면적),0.0
2023,6,1,1,함평군,혹명나방(감수율),0.0
2023,6,1,1,함평군,혹명나방(피해율),0.0
2023,6,1,1,함평군,혹명나방(발생면적율),0.0
2023,6,1,1,함평군,멸강나방(발생추정면적),0.0
2023,6,1,1,함평군,멸강나방(감수율),0.0
2023,6,1,1,함평군,멸강나방(피해율),0.0
2023,6,1,1,함평군,멸강나방(발생면적율),0.0
2023,6,1,1,함평군,먹노린재(발생추정면적),0.0
2023,6,1,1,함평군,먹노린재(감수율),0.0
2023,6,1,1,함평군,먹노린재(피해율),0.0
2023,6,1,1,함평군,먹노린재(발생면적율),0.0
2023,6,1,1,함평군,이화명나방1화기(발생면적),0.0
2023,6,1,1,함평군,이화명나방1화기(감수율),0.0
2023,6,1,1,함평군,이화명나방1화기(피해율),0.0
2023,6,1,1,함평군,이화명나방1화기(발생면적률),0.0
2023,6,1,1,함평군,이화명나방2화기(발생면적),0.0
2023,6,1,1,함평군,이화명나방2화기(감수율),0.0
2023,6,1,1,함평군,이화명나방2화기(피해율),0.0
2023,6,1,1,함평군,이화명나방2화기(발생면적률),0.0
2023,6,1,1,해남군,잎도열병(발생추정면적),0.0
2023,6,1,1,해남군,잎도열병(감수율),0.0
2023,6,1,1,해남군,잎도열병(피해율),0.0
2023,6,1,1,해남군,잎도열병(발생면적율),0.0
2023,6,1,1,해남군,이삭도열병(발생추정면적),0.0
2023,6,1,1,해남군,이삭도열병(감수율),0.0
2023,6,1,1,해남군,이삭도열병(피해율),0.0
2023,6,1,1,해남군,이삭도열병(발생면적율),0.0
2023,6,1,1,해남군,잎집무늬마름병(발생추정면적),0.0
2023,6,1,1,해남군,잎집무늬마름병(감수율),0.0
2023,6,1,1,해남군,잎집무늬마름병(피해율),0.0
2023,6,1,1,해남군,잎집무늬마름병(발생면적율),0.0
2023,6,1,1,해남군,흰잎마름병(발생추정면적),0.0
2023,6,1,1,해남군,흰잎마름병(감수율),0.0
2023,6,1,1,해남군,흰잎마름병(피해율),0.0
2023,6,1,1,해남군,흰잎마름병(발생면적율),0.0
2023,6,1,1,해남군,세균벼알마름병(발생추정면적),0.0
2023,6,1,1,해남군,세균벼알마름병(감수율),0.0
2023,6,1,1,해남군,세균벼알마름병(피해율),0.0
2023,6,1,1,해남군,세균벼알마름병(발생면적율),0.0
2023,6,1,1,해남군,줄무늬잎마름병(발생면적),0.0
2023,6,1,1,해남군,줄무늬잎마름병(감수율),0.0
2023,6,1,1,해남군,줄무늬잎마름병(피해율),0.0
2023,6,1,1,해남군,줄무늬잎마름병(발생면적률),0.0
2023,6,1,1,해남군,벼검은줄오갈병(발생면적),0.0
2023,6,1,1,해남군,벼검은줄오갈병(감수율),0.0
2023,6,1,1,해남군,벼검은줄오갈병(피해율),0.0
2023,6,1,1,해남군,벼검은줄오갈병(발생면적률),0.0
2023,6,1,1,해남군,오갈병(발생면적),0.0
2023,6,1,1,해남군,오갈병(감수율),0.0
2023,6,1,1,해남군,오갈병(피해율),0.0
2023,6,1,1,해남군,오갈병(발생면적률),0.0
2023,6,1,1,해남군,이삭누룩병(발생추정면적),0.0
2023,6,1,1,해남군,이삭누룩병(감수율),0.0
2023,6,1,1,해남군,이삭누룩병(피해율),0.0
2023,6,1,1,해남군,이삭누룩병(발생면적율),0.0
2023,6,1,1,해남군,깨씨무늬병(발생추정면적),0.0
2023,6,1,1,해남군,깨씨무늬병(감수율),0.0
2023,6,1,1,해남군,깨씨무늬병(피해율),0.0
2023,6,1,1,해남군,깨씨무늬병(발생면적율),0.0
2023,6,1,1,해남군,벼잎벌레(발생추정면적),0.0
2023,6,1,1,해남군,벼잎벌레(감수율),0.0
2023,6,1,1,해남군,벼잎벌레(피해율),0.0
2023,6,1,1,해남군,벼잎벌레(발생면적율),0.0
2023,6,1,1,해남군,벼애잎굴파리(발생추정면적),0.0
2023,6,1,1,해남군,벼애잎굴파리(감수율),0.0
2023,6,1,1,해남군,벼애잎굴파리(피해율),0.0
2023,6,1,1,해남군,벼애잎굴파리(발생면적율),0.0
2023,6,1,1,해남군,벼줄기굴파리(발생추정면적),0.0
2023,6,1,1,해남군,벼줄기굴파리(감수율),0.0
2023,6,1,1,해남군,벼줄기굴파리(피해율),0.0
2023,6,1,1,해남군,벼줄기굴파리(발생면적율),0.0
2023,6,1,1,해남군,애멸구(발생추정면적),0.0
2023,6,1,1,해남군,애멸구(감수율),0.0
2023,6,1,1,해남군,애멸구(피해율),0.0
2023,6,1,1,해남군,애멸구(발생면적율),0.0
2023,6,1,1,해남군,끝동매미충(발생추정면적),0.0
2023,6,1,1,해남군,끝동매미충(감수율),0.0
2023,6,1,1,해남군,끝동매미충(피해율),0.0
2023,6,1,1,해남군,끝동매미충(발생면적율),0.0
2023,6,1,1,해남군,벼멸구(발생추정면적),0.0
2023,6,1,1,해남군,벼멸구(감수율),0.0
2023,6,1,1,해남군,벼멸구(피해율),0.0
2023,6,1,1,해남군,벼멸구(발생면적율),0.0
2023,6,1,1,해남군,흰등멸구(발생추정면적),0.0
2023,6,1,1,해남군,흰등멸구(감수율),0.0
2023,6,1,1,해남군,흰등멸구(피해율),0.0
2023,6,1,1,해남군,흰등멸구(발생면적율),0.0
2023,6,1,1,해남군,벼물바구미(발생추정면적),0.0
2023,6,1,1,해남군,벼물바구미(감수율),0.0
2023,6,1,1,해남군,벼물바구미(피해율),0.0
2023,6,1,1,해남군,벼물바구미(발생면적율),0.0
2023,6,1,1,해남군,혹명나방(발생추정면적),0.0
2023,6,1,1,해남군,혹명나방(감수율),0.0
2023,6,1,1,해남군,혹명나방(피해율),0.0
2023,6,1,1,해남군,혹명나방(발생면적율),0.0
2023,6,1,1,해남군,멸강나방(발생추정면적),0.0
2023,6,1,1,해남군,멸강나방(감수율),0.0
2023,6,1,1,해남군,멸강나방(피해율),0.0
2023,6,1,1,해남군,멸강나방(발생면적율),0.0
2023,6,1,1,해남군,먹노린재(발생추정면적),0.0
2023,6,1,1,해남군,먹노린재(감수율),0.0
2023,6,1,1,해남군,먹노린재(피해율),0.0
2023,6,1,1,해남군,먹노린재(발생면적율),0.0
2023,6,1,1,해남군,이화명나방1화기(발생면적),0.0
2023,6,1,1,해남군,이화명나방1화기(감수율),0.0
2023,6,1,1,해남군,이화명나방1화기(피해율),0.0
2023,6,1,1,해남군,이화명나방1화기(발생면적률),0.0
2023,6,1,1,해남군,이화명나방2화기(발생면적),0.0
2023,6,1,1,해남군,이화명나방2화기(감수율),0.0
2023,6,1,1,해남군,이화명나방2화기(피해율),0.0
2023,6,1,1,해남군,이화명나방2화기(발생면적률),0.0
2023,6,1,1,화순군,잎도열병(발생추정면적),0.0
2023,6,1,1,화순군,잎도열병(감수율),0.0
2023,6,1,1,화순군,잎도열병(피해율),0.0
2023,6,1,1,화순군,잎도열병(발생면적율),0.0
2023,6,1,1,화순군,이삭도열병(발생추정면적),0.0
2023,6,1,1,화순군,이삭도열병(감수율),0.0
2023,6,1,1,화순군,이삭도열병(피해율),0.0
2023,6,1,1,화순군,이삭도열병(발생면적율),0.0
2023,6,1,1,화순군,잎집무늬마름병(발생추정면적),0.0
2023,6,1,1,화순군,잎집무늬마름병(감수율),0.0
2023,6,1,1,화순군,잎집무늬마름병(피해율),0.0
2023,6,1,1,화순군,잎집무늬마름병(발생면적율),0.0
2023,6,1,1,화순군,흰잎마름병(발생추정면적),0.0
2023,6,1,1,화순군,흰잎마름병(감수율),0.0
2023,6,1,1,화순군,흰잎마름병(피해율),0.0
2023,6,1,1,화순군,흰잎마름병(발생면적율),0.0
2023,6,1,1,화순군,세균벼알마름병(발생추정면적),0.0
2023,6,1,1,화순군,세균벼알마름병(감수율),0.0
2023,6,1,1,화순군,세균벼알마름병(피해율),0.0
2023,6,1,1,화순군,세균벼알마름병(발생면적율),0.0
2023,6,1,1,화순군,줄무늬잎마름병(발생면적),0.0
2023,6,1,1,화순군,줄무늬잎마름병(감수율),0.0
2023,6,1,1,화순군,줄무늬잎마름병(피해율),0.0
2023,6,1,1,화순군,줄무늬잎마름병(발생면적률),0.0
2023,6,1,1,화순군,벼검은줄오갈병(발생면적),0.0
2023,6,1,1,화순군,벼검은줄오갈병(감수율),0.0
2023,6,1,1,화순군,벼검은줄오갈병(피해율),0.0
2023,6,1,1,화순군,벼검은줄오갈병(발생면적률),0.0
2023,6,1,1,화순군,오갈병(발생면적),0.0
2023,6,1,1,화순군,오갈병(감수율),0.0
2023,6,1,1,화순군,오갈병(피해율),0.0
2023,6,1,1,화순군,오갈병(발생면적률),0.0
2023,6,1,1,화순군,이삭누룩병(발생추정면적),0.0
2023,6,1,1,화순군,이삭누룩병(감수율),0.0
2023,6,1,1,화순군,이삭누룩병(피해율),0.0
2023,6,1,1,화순군,이삭누룩병(발생면적율),0.0
2023,6,1,1,화순군,깨씨무늬병(발생추정면적),0.0
2023,6,1,1,화순군,깨씨무늬병(감수율),0.0
2023,6,1,1,화순군,깨씨무늬병(피해율),0.0
2023,6,1,1,화순군,깨씨무늬병(발생면적율),0.0
2023,6,1,1,화순군,벼잎벌레(발생추정면적),0.0
2023,6,1,1,화순군,벼잎벌레(감수율),0.0
2023,6,1,1,화순군,벼잎벌레(피해율),0.0
2023,6,1,1,화순군,벼잎벌레(발생면적율),0.0
2023,6,1,1,화순군,벼애잎굴파리(발생추정면적),0.0
2023,6,1,1,화순군,벼애잎굴파리(감수율),0.0
2023,6,1,1,화순군,벼애잎굴파리(피해율),0.0
2023,6,1,1,화순군,벼애잎굴파리(발생면적율),0.0
2023,6,1,1,화순군,벼줄기굴파리(발생추정면적),0.0
2023,6,1,1,화순군,벼줄기굴파리(감수율),0.0
2023,6,1,1,화순군,벼줄기굴파리(피해율),0.0
2023,6,1,1,화순군,벼줄기굴파리(발생면적율),0.0
2023,6,1,1,화순군,애멸구(발생추정면적),0.0
2023,6,1,1,화순군,애멸구(감수율),0.0
2023,6,1,1,화순군,애멸구(피해율),0.0
2023,6,1,1,화순군,애멸구(발생면적율),0.0
2023,6,1,1,화순군,끝동매미충(발생추정면적),0.0
2023,6,1,1,화순군,끝동매미충(감수율),0.0
2023,6,1,1,화순군,끝동매미충(피해율),0.0
2023,6,1,1,화순군,끝동매미충(발생면적율),0.0
2023,6,1,1,화순군,벼멸구(발생추정면적),0.0
2023,6,1,1,화순군,벼멸구(감수율),0.0
2023,6,1,1,화순군,벼멸구(피해율),0.0
2023,6,1,1,화순군,벼멸구(발생면적율),0.0
2023,6,1,1,화순군,흰등멸구(발생추정면적),0.0
2023,6,1,1,화순군,흰등멸구(감수율),0.0
2023,6,1,1,화순군,흰등멸구(피해율),0.0
2023,6,1,1,화순군,흰등멸구(발생면적율),0.0
2023,6,1,1,화순군,벼물바구미(발생추정면적),0.0
2023,6,1,1,화순군,벼물바구미(감수율),0.0
2023,6,1,1,화순군,벼물바구미(피해율),0.0
2023,6,1,1,화순군,벼물바구미(발생면적율),0.0
2023,6,1,1,화순군,혹명나방(발생추정면적),0.0
2023,6,1,1,화순군,혹명나방(감수율),0.0
2023,6,1,1,화순군,혹명나방(피해율),0.0
2023,6,1,1,화순군,혹명나방(발생면적율),0.0
2023,6,1,1,화순군,멸강나방(발생추정면적),0.0
2023,6,1,1,화순군,멸강나방(감수율),0.0
2023,6,1,1,화순군,멸강나방(피해율),0.0
2023,6,1,1,화순군,멸강나방(발생면적율),0.0
2023,6,1,1,화순군,먹노린재(발생추정면적),0.0
2023,6,1,1,화순군,먹노린재(감수율),0.0
2023,6,1,1,화순군,먹노린재(피해율),0.0
2023,6,1,1,화순군,먹노린재(발생면적율),0.0
2023,6,1,1,화순군,이화명나방1화기(발생면적),0.0
2023,6,1,1,화순군,이화명나방1화기(감수율),0.0
2023,6,1,1,화순군,이화명나방1화기(피해율),0.0
2023,6,1,1,화순군,이화명나방1화기(발생면적률),0.0
2023,6,1,1,화순군,이화명나방2화기(발생면적),0.0
2023,6,1,1,화순군,이화명나방2화기(감수율),0.0
2023,6,1,1,화순군,이화명나방2화기(피해율),0.0
2023,6,1,1,화순군,이화명나방2화기(발생면적률),0.0
2025,6,1,1,강진군,잎도열병(발생추정면적),0.0
2025,6,1,1,강진군,잎도열병(감수율),0.0
2025,6,1,1,강진군,잎도열병(피해율),0.0
2025,6,1,1,강진군,잎도열병(발생면적율),0.0
2025,6,1,1,강진군,이삭도열병(발생추정면적),0.0
2025,6,1,1,강진군,이삭도열병(감수율),0.0
2025,6,1,1,강진군,이삭도열병(피해율),0.0
2025,6,1,1,강진군,이삭도열병(발생면적율),0.0
2025,6,1,1,강진군,잎집무늬마름병(발생추정면적),0.0
2025,6,1,1,강진군,잎집무늬마름병(감수율),0.0
2025,6,1,1,강진군,잎집무늬마름병(피해율),0.0
2025,6,1,1,강진군,잎집무늬마름병(발생면적율),0.0
2025,6,1,1,강진군,흰잎마름병(발생추정면적),0.0
2025,6,1,1,강진군,흰잎마름병(감수율),0.0
2025,6,1,1,강진군,흰잎마름병(피해율),0.0
2025,6,1,1,강진군,흰잎마름병(발생면적율),0.0
2025,6,1,1,강진군,세균벼알마름병(발생추정면적),0.0
2025,6,1,1,강진군,세균벼알마름병(감수율),0.0
2025,6,1,1,강진군,세균벼알마름병(피해율),0.0
2025,6,1,1,강진군,세균벼알마름병(발생면적율),0.0
2025,6,1,1,강진군,줄무늬잎마름병(발생면적),0.0
2025,6,1,1,강진군,줄무늬잎마름병(감수율),0.0
2025,6,1,1,강진군,줄무늬잎마름병(피해율),0.0
2025,6,1,1,강진군,줄무늬잎마름병(발생면적률),0.0
2025,6,1,1,강진군,벼검은줄오갈병(발생면적),0.0
2025,6,1,1,강진군,벼검은줄오갈병(감수율),0.0
2025,6,1,1,강진군,벼검은줄오갈병(피해율),0.0
2025,6,1,1,강진군,벼검은줄오갈병(발생면적률),0.0
2025,6,1,1,강진군,오갈병(발생면적),0.0
2025,6,1,1,강진군,오갈병(감수율),0.0
2025,6,1,1,강진군,오갈병(피해율),0.0
2025,6,1,1,강진군,오갈병(발생면적률),0.0
2025,6,1,1,강진군,이삭누룩병(발생추정면적),0.0
2025,6,1,1,강진군,이삭누룩병(감수율),0.0
2025,6,1,1,강진군,이삭누룩병(피해율),0.0
2025,6,1,1,강진군,이삭누룩병(발생면적율),0.0
2025,6,1,1,강진군,깨씨무늬병(발생추정면적),0.0
2025,6,1,1,강진군,깨씨무늬병(감수율),0.0
2025,6,1,1,강진군,깨씨무늬병(피해율),0.0
2025,6,1,1,강진군,깨씨무늬병(발생면적율),0.0
2025,6,1,1,강진군,벼잎벌레(발생추정면적),0.0
2025,6,1,1,강진군,벼잎벌레(감수율),0.0
2025,6,1,1,강진군,벼잎벌레(피해율),0.0
2025,6,1,1,강진군,벼잎벌레(발생면적율),0.0
2025,6,1,1,강진군,벼애잎굴파리(발생추정면적),0.0
2025,6,1,1,강진군,벼애잎굴파리(감수율),0.0
2025,6,1,1,강진군,벼애잎굴파리(피해율),0.0
2025,6,1,1,강진군,벼애잎굴파리(발생면적율),0.0
2025,6,1,1,강진군,벼줄기굴파리(발생추정면적),0.0
2025,6,1,1,강진군,벼줄기굴파리(감수율),0.0
2025,6,1,1,강진군,벼줄기굴파리(피해율),0.0
2025,6,1,1,강진군,벼줄기굴파리(발생면적율),0.0
2025,6,1,1,강진군,애멸구(발생추정면적),0.0
2025,6,1,1,강진군,애멸구(감수율),0.0
2025,6,1,1,강진군,애멸구(피해율),0.0
2025,6,1,1,강진군,애멸구(발생면적율),0.0
2025,6,1,1,강진군,끝동매미충(발생추정면적),0.0
2025,6,1,1,강진군,끝동매미충(감수율),0.0
2025,6,1,1,강진군,끝동매미충(피해율),0.0
2025,6,1,1,강진군,끝동매미충(발생면적율),0.0
2025,6,1,1,강진군,벼멸구(발생추정면적),0.0
2025,6,1,1,강진군,벼멸구(감수율),0.0
2025,6,1,1,강진군,벼멸구(피해율),0.0
2025,6,1,1,강진군,벼멸구(발생면적율),0.0
2025,6,1,1,강진군,흰등멸구(발생추정면적),0.0
2025,6,1,1,강진군,흰등멸구(감수율),0.0
2025,6,1,1,강진군,흰등멸구(피해율),0.0
2025,6,1,1,강진군,흰등멸구(발생면적율),0.0
2025,6,1,1,강진군,벼물바구미(발생추정면적),0.0
2025,6,1,1,강진군,벼물바구미(감수율),0.0
2025,6,1,1,강진군,벼물바구미(피해율),0.0
2025,6,1,1,강진군,벼물바구미(발생면적율),0.0
2025,6,1,1,강진군,혹명나방(발생추정면적),0.0
2025,6,1,1,강진군,혹명나방(감수율),0.0
2025,6,1,1,강진군,혹명나방(피해율),0.0
2025,6,1,1,강진군,혹명나방(발생면적율),0.0
2025,6,1,1,강진군,멸강나방(발생추정면적),0.0
2025,6,1,1,강진군,멸강나방(감수율),0.0
2025,6,1,1,강진군,멸강나방(피해율),0.0
2025,6,1,1,강진군,멸강나방(발생면적율),0.0
2025,6,1,1,강진군,먹노린재(발생추정면적),0.0
2025,6,1,1,강진군,먹노린재(감수율),0.0
2025,6,1,1,강진군,먹노린재(피해율),0.0
2025,6,1,1,강진군,먹노린재(발생면적율),0.0
2025,6,1,1,강진군,이화명나방1화기(발생면적),0.0
2025,6,1,1,강진군,이화명나방1화기(감수율),0.0
2025,6,1,1,강진군,이화명나방1화기(피해율),0.0
2025,6,1,1,강진군,이화명나방1화기(발생면적률),0.0
2025,6,1,1,강진군,이화명나방2화기(발생면적),0.0
2025,6,1,1,강진군,이화명나방2화기(감수율),0.0
2025,6,1,1,강진군,이화명나방2화기(피해율),0.0
2025,6,1,1,강진군,이화명나방2화기(발생면적률),0.0
2025,6,1,1,강진군,바이러스병(발생추정면적),0.0
2025,6,1,1,강진군,바이러스병(감수율),0.0
2025,6,1,1,강진군,바이러스병(피해율),0.0
2025,6,1,1,강진군,바이러스병(발생면적율),0.0
2025,6,1,1,강진군,키다리병(발생추정면적),0.0
2025,6,1,1,강진군,키다리병(감수율),0.0
2025,6,1,1,강진군,키다리병(피해율),0.0
2025,6,1,1,강진군,키다리병(발생면적율),0.0
2025,6,1,1,강진군,이화명나방(발생추정면적),0.0
2025,6,1,1,강진군,이화명나방(감수율),0.0
2025,6,1,1,강진군,이화명나방(피해율),0.0
2025,6,1,1,강진군,이화명나방(발생면적율),0.0
2025,6,1,1,강진군,벼애나방(발생추정면적),0.0
2025,6,1,1,강진군,벼애나방(감수율),0.0
2025,6,1,1,강진군,벼애나방(피해율),0.0
2025,6,1,1,강진군,벼애나방(발생면적율),0.0
2025,6,1,1,강진군,벼잎선충(발생추정면적),0.0
2025,6,1,1,강진군,벼잎선충(감수율),0.0
2025,6,1,1,강진군,벼잎선충(피해율),0.0
2025,6,1,1,강진군,벼잎선충(발생면적율),0.0
2025,6,1,1,고흥군,잎도열병(발생추정면적),0.0
2025,6,1,1,고흥군,잎도열병(감수율),0.0
2025,6,1,1,고흥군,잎도열병(피해율),0.0
2025,6,1,1,고흥군,잎도열병(발생면적율),0.0
2025,6,1,1,고흥군,이삭도열병(발생추정면적),0.0
2025,6,1,1,고흥군,이삭도열병(감수율),0.0
2025,6,1,1,고흥군,이삭도열병(피해율),0.0
2025,6,1,1,고흥군,이삭도열병(발생면적율),0.0
2025,6,1,1,고흥군,잎집무늬마름병(발생추정면적),0.0
2025,6,1,1,고흥군,잎집무늬마름병(감수율),0.0
2025,6,1,1,고흥군,잎집무늬마름병(피해율),0.0
2025,6,1,1,고흥군,잎집무늬마름병(발생면적율),0.0
2025,6,1,1,고흥군,흰잎마름병(발생추정면적),0.0
2025,6,1,1,고흥군,흰잎마름병(감수율),0.0
2025,6,1,1,고흥군,흰잎마름병(피해율),0.0
2025,6,1,1,고흥군,흰잎마름병(발생면적율),0.0
2025,6,1,1,고흥군,세균벼알마름병(발생추정면적),0.0
2025,6,1,1,고흥군,세균벼알마름병(감수율),0.0
2025,6,1,1,고흥군,세균벼알마름병(피해율),0.0
2025,6,1,1,고흥군,세균벼알마름병(발생면적율),0.0
2025,6,1,1,고흥군,줄무늬잎마름병(발생면적),0.0
2025,6,1,1,고흥군,줄무늬잎마름병(감수율),0.0
2025,6,1,1,고흥군,줄무늬잎마름병(피해율),0.0
2025,6,1,1,고흥군,줄무늬잎마름병(발생면적률),0.0
2025,6,1,1,고흥군,벼검은줄오갈병(발생면적),0.0
2025,6,1,1,고흥군,벼검은줄오갈병(감수율),0.0
2025,6,1,1,고흥군,벼검은줄오갈병(피해율),0.0
2025,6,1,1,고흥군,벼검은줄오갈병(발생면적률),0.0
2025,6,1,1,고흥군,오갈병(발생면적),0.0
2025,6,1,1,고흥군,오갈병(감수율),0.0
2025,6,1,1,고흥군,오갈병(피해율),0.0
2025,6,1,1,고흥군,오갈병(발생면적률),0.0
2025,6,1,1,고흥군,이삭누룩병(발생추정면적),0.0
2025,6,1,1,고흥군,이삭누룩병(감수율),0.0
2025,6,1,1,고흥군,이삭누룩병(피해율),0.0
2025,6,1,1,고흥군,이삭누룩병(발생면적율),0.0
2025,6,1,1,고흥군,깨씨무늬병(발생추정면적),0.0
2025,6,1,1,고흥군,깨씨무늬병(감수율),0.0
2025,6,1,1,고흥군,깨씨무늬병(피해율),0.0
2025,6,1,1,고흥군,깨씨무늬병(발생면적율),0.0
2025,6,1,1,고흥군,벼잎벌레(발생추정면적),0.0
2025,6,1,1,고흥군,벼잎벌레(감수율),0.0
2025,6,1,1,고흥군,벼잎벌레(피해율),0.0
2025,6,1,1,고흥군,벼잎벌레(발생면적율),0.0
2025,6,1,1,고흥군,벼애잎굴파리(발생추정면적),0.0
2025,6,1,1,고흥군,벼애잎굴파리(감수율),0.0
2025,6,1,1,고흥군,벼애잎굴파리(피해율),0.0
2025,6,1,1,고흥군,벼애잎굴파리(발생면적율),0.0
2025,6,1,1,고흥군,벼줄기굴파리(발생추정면적),0.0
2025,6,1,1,고흥군,벼줄기굴파리(감수율),0.0
2025,6,1,1,고흥군,벼줄기굴파리(피해율),0.0
2025,6,1,1,고흥군,벼줄기굴파리(발생면적율),0.0
2025,6,1,1,고흥군,애멸구(발생추정면적),0.0
2025,6,1,1,고흥군,애멸구(감수율),0.0
2025,6,1,1,고흥군,애멸구(피해율),0.0
2025,6,1,1,고흥군,애멸구(발생면적율),0.0
2025,6,1,1,고흥군,끝동매미충(발생추정면적),0.0
2025,6,1,1,고흥군,끝동매미충(감수율),0.0
2025,6,1,1,고흥군,끝동매미충(피해율),0.0
2025,6,1,1,고흥군,끝동매미충(발생면적율),0.0
2025,6,1,1,고흥군,벼멸구(발생추정면적),0.0
2025,6,1,1,고흥군,벼멸구(감수율),0.0
2025,6,1,1,고흥군,벼멸구(피해율),0.0
2025,6,1,1,고흥군,벼멸구(발생면적율),0.0
2025,6,1,1,고흥군,흰등멸구(발생추정면적),0.0
2025,6,1,1,고흥군,흰등멸구(감수율),0.0
2025,6,1,1,고흥군,흰등멸구(피해율),0.0
2025,6,1,1,고흥군,흰등멸구(발생면적율),0.0
2025,6,1,1,고흥군,벼물바구미(발생추정면적),0.0
2025,6,1,1,고흥군,벼물바구미(감수율),0.0
2025,6,1,1,고흥군,벼물바구미(피해율),0.0
2025,6,1,1,고흥군,벼물바구미(발생면적율),0.0
2025,6,1,1,고흥군,혹명나방(발생추정면적),0.0
2025,6,1,1,고흥군,혹명나방(감수율),0.0
2025,6,1,1,고흥군,혹명나방(피해율),0.0
2025,6,1,1,고흥군,혹명나방(발생면적율),0.0
2025,6,1,1,고흥군,멸강나방(발생추정면적),0.0
2025,6,1,1,고흥군,멸강나방(감수율),0.0
2025,6,1,1,고흥군,멸강나방(피해율),0.0
2025,6,1,1,고흥군,멸강나방(발생면적율),0.0
2025,6,1,1,고흥군,먹노린재(발생추정면적),0.0
2025,6,1,1,고흥군,먹노린재(감수율),0.0
2025,6,1,1,고흥군,먹노린재(피해율),0.0
2025,6,1,1,고흥군,먹노린재(발생면적율),0.0
2025,6,1,1,고흥군,이화명나방1화기(발생면적),0.0
2025,6,1,1,고흥군,이화명나방1화기(감수율),0.0
2025,6,1,1,고흥군,이화명나방1화기(피해율),0.0
2025,6,1,1,고흥군,이화명나방1화기(발생면적률),0.0
2025,6,1,1,고흥군,이화명나방2화기(발생면적),0.0
2025,6,1,1,고흥군,이화명나방2화기(감수율),0.0
2025,6,1,1,고흥군,이화명나방2화기(피해율),0.0
2025,6,1,1,고흥군,이화명나방2화기(발생면적률),0.0
2025,6,1,1,고흥군,바이러스병(발생추정면적),0.0
2025,6,1,1,고흥군,바이러스병(감수율),0.0
2025,6,1,1,고흥군,바이러스병(피해율),0.0
2025,6,1,1,고흥군,바이러스병(발생면적율),0.0
2025,6,1,1,고흥군,키다리병(발생추정면적),0.0
2025,6,1,1,고흥군,키다리병(감수율),0.0
2025,6,1,1,고흥군,키다리병(피해율),0.0
2025,6,1,1,고흥군,키다리병(발생면적율),0.0
2025,6,1,1,고흥군,이화명나방(발생추정면적),0.0
2025,6,1,1,고흥군,이화명나방(감수율),0.0
2025,6,1,1,고흥군,이화명나방(피해율),0.0
2025,6,1,1,고흥군,이화명나방(발생면적율),0.0
2025,6,1,1,고흥군,벼애나방(발생추정면적),0.0
2025,6,1,1,고흥군,벼애나방(감수율),0.0
2025,6,1,1,고흥군,벼애나방(피해율),0.0
2025,6,1,1,고흥군,벼애나방(발생면적율),0.0
2025,6,1,1,고흥군,벼잎선충(발생추정면적),0.0
2025,6,1,1,고흥군,벼잎선충(감수율),0.0
2025,6,1,1,고흥군,벼잎선충(피해율),0.0
2025,6,1,1,고흥군,벼잎선충(발생면적율),0.0
2025,6,1,1,곡성군,잎도열병(발생추정면적),0.0
2025,6,1,1,곡성군,잎도열병(감수율),0.0
2025,6,1,1,곡성군,잎도열병(피해율),0.0
2025,6,1,1,곡성군,잎도열병(발생면적율),0.0
2025,6,1,1,곡성군,이삭도열병(발생추정면적),0.0
2025,6,1,1,곡성군,이삭도열병(감수율),0.0
2025,6,1,1,곡성군,이삭도열병(피해율),0.0
2025,6,1,1,곡성군,이삭도열병(발생면적율),0.0
2025,6,1,1,곡성군,잎집무늬마름병(발생추정면적),0.0
2025,6,1,1,곡성군,잎집무늬마름병(감수율),0.0
2025,6,1,1,곡성군,잎집무늬마름병(피해율),0.0
2025,6,1,1,곡성군,잎집무늬마름병(발생면적율),0.0
2025,6,1,1,곡성군,흰잎마름병(발생추정면적),0.0
2025,6,1,1,곡성군,흰잎마름병(감수율),0.0
2025,6,1,1,곡성군,흰잎마름병(피해율),0.0
2025,6,1,1,곡성군,흰잎마름병(발생면적율),0.0
2025,6,1,1,곡성군,세균벼알마름병(발생추정면적),0.0
2025,6,1,1,곡성군,세균벼알마름병(감수율),0.0
2025,6,1,1,곡성군,세균벼알마름병(피해율),0.0
2025,6,1,1,곡성군,세균벼알마름병(발생면적율),0.0
2025,6,1,1,곡성군,줄무늬잎마름병(발생면적),0.0
2025,6,1,1,곡성군,줄무늬잎마름병(감수율),0.0
2025,6,1,1,곡성군,줄무늬잎마름병(피해율),0.0
2025,6,1,1,곡성군,줄무늬잎마름병(발생면적률),0.0
2025,6,1,1,곡성군,벼검은줄오갈병(발생면적),0.0
2025,6,1,1,곡성군,벼검은줄오갈병(감수율),0.0
2025,6,1,1,곡성군,벼검은줄오갈병(피해율),0.0
2025,6,1,1,곡성군,벼검은줄오갈병(발생면적률),0.0
2025,6,1,1,곡성군,오갈병(발생면적),0.0
2025,6,1,1,곡성군,오갈병(감수율),0.0
2025,6,1,1,곡성군,오갈병(피해율),0.0
2025,6,1,1,곡성군,오갈병(발생면적률),0.0
2025,6,1,1,곡성군,이삭누룩병(발생추정면적),0.0
2025,6,1,1,곡성군,이삭누룩병(감수율),0.0
2025,6,1,1,곡성군,이삭누룩병(피해율),0.0
2025,6,1,1,곡성군,이삭누룩병(발생면적율),0.0
2025,6,1,1,곡성군,깨씨무늬병(발생추정면적),0.0
2025,6,1,1,곡성군,깨씨무늬병(감수율),0.0
2025,6,1,1,곡성군,깨씨무늬병(피해율),0.0
2025,6,1,1,곡성군,깨씨무늬병(발생면적율),0.0
2025,6,1,1,곡성군,벼잎벌레(발생추정면적),0.0
2025,6,1,1,곡성군,벼잎벌레(감수율),0.0
2025,6,1,1,곡성군,벼잎벌레(피해율),0.0
2025,6,1,1,곡성군,벼잎벌레(발생면적율),0.0
2025,6,1,1,곡성군,벼애잎굴파리(발생추정면적),0.0
2025,6,1,1,곡성군,벼애잎굴파리(감수율),0.0
2025,6,1,1,곡성군,벼애잎굴파리(피해율),0.0
2025,6,1,1,곡성군,벼애잎굴파리(발생면적율),0.0
2025,6,1,1,곡성군,벼줄기굴파리(발생추정면적),0.0
2025,6,1,1,곡성군,벼줄기굴파리(감수율),0.0
2025,6,1,1,곡성군,벼줄기굴파리(피해율),0.0
2025,6,1,1,곡성군,벼줄기굴파리(발생면적율),0.0
2025,6,1,1,곡성군,애멸구(발생추정면적),0.0
2025,6,1,1,곡성군,애멸구(감수율),0.0
2025,6,1,1,곡성군,애멸구(피해율),0.0
2025,6,1,1,곡성군,애멸구(발생면적율),0.0
2025,6,1,1,곡성군,끝동매미충(발생추정면적),0.0
2025,6,1,1,곡성군,끝동매미충(감수율),0.0
2025,6,1,1,곡성군,끝동매미충(피해율),0.0
2025,6,1,1,곡성군,끝동매미충(발생면적율),0.0
2025,6,1,1,곡성군,벼멸구(발생추정면적),0.0
2025,6,1,1,곡성군,벼멸구(감수율),0.0
2025,6,1,1,곡성군,벼멸구(피해율),0.0
2025,6,1,1,곡성군,벼멸구(발생면적율),0.0
2025,6,1,1,곡성군,흰등멸구(발생추정면적),0.0
2025,6,1,1,곡성군,흰등멸구(감수율),0.0
2025,6,1,1,곡성군,흰등멸구(피해율),0.0
2025,6,1,1,곡성군,흰등멸구(발생면적율),0.0
2025,6,1,1,곡성군,벼물바구미(발생추정면적),0.0
2025,6,1,1,곡성군,벼물바구미(감수율),0.0
2025,6,1,1,곡성군,벼물바구미(피해율),0.0
2025,6,1,1,곡성군,벼물바구미(발생면적율),0.0
2025,6,1,1,곡성군,혹명나방(발생추정면적),0.0
2025,6,1,1,곡성군,혹명나방(감수율),0.0
2025,6,1,1,곡성군,혹명나방(피해율),0.0
2025,6,1,1,곡성군,혹명나방(발생면적율),0.0
2025,6,1,1,곡성군,멸강나방(발생추정면적),0.0
2025,6,1,1,곡성군,멸강나방(감수율),0.0
2025,6,1,1,곡성군,멸강나방(피해율),0.0
2025,6,1,1,곡성군,멸강나방(발생면적율),0.0
2025,6,1,1,곡성군,먹노린재(발생추정면적),0.0
2025,6,1,1,곡성군,먹노린재(감수율),0.0
2025,6,1,1,곡성군,먹노린재(피해율),0.0
2025,6,1,1,곡성군,먹노린재(발생면적율),0.0
2025,6,1,1,곡성군,이화명나방1화기(발생면적),0.0
2025,6,1,1,곡성군,이화명나방1화기(감수율),0.0
2025,6,1,1,곡성군,이화명나방1화기(피해율),0.0
2025,6,1,1,곡성군,이화명나방1화기(발생면적률),0.0
2025,6,1,1,곡성군,이화명나방2화기(발생면적),0.0
2025,6,1,1,곡성군,이화명나방2화기(감수율),0.0
2025,6,1,1,곡성군,이화명나방2화기(피해율),0.0
2025,6,1,1,곡성군,이화명나방2화기(발생면적률),0.0
2025,6,1,1,곡성군,바이러스병(발생추정면적),0.0
2025,6,1,1,곡성군,바이러스병(감수율),0.0
2025,6,1,1,곡성군,바이러스병(피해율),0.0
2025,6,1,1,곡성군,바이러스병(발생면적율),0.0
2025,6,1,1,곡성군,키다리병(발생추정면적),0.0
2025,6,1,1,곡성군,키다리병(감수율),0.0
2025,6,1,1,곡성군,키다리병(피해율),0.0
2025,6,1,1,곡성군,키다리병(발생면적율),0.0
2025,6,1,1,곡성군,이화명나방(발생추정면적),0.0
2025,6,1,1,곡성군,이화명나방(감수율),0.0
2025,6,1,1,곡성군,이화명나방(피해율),0.0
2025,6,1,1,곡성군,이화명나방(발생면적율),0.0
2025,6,1,1,곡성군,벼애나방(발생추정면적),0.0
2025,6,1,1,곡성군,벼애나방(감수율),0.0
2025,6,1,1,곡성군,벼애나방(피해율),0.0
2025,6,1,1,곡성군,벼애나방(발생면적율),0.0
2025,6,1,1,곡성군,벼잎선충(발생추정면적),0.0
2025,6,1,1,곡성군,벼잎선충(감수율),0.0
2025,6,1,1,곡성군,벼잎선충(피해율),0.0
2025,6,1,1,곡성군,벼잎선충(발생면적율),0.0
2025,6,1,1,광양시,잎도열병(발생추정면적),0.0
2025,6,1,1,광양시,잎도열병(감수율),0.0
2025,6,1,1,광양시,잎도열병(피해율),0.0
2025,6,1,1,광양시,잎도열병(발생면적율),0.0
2025,6,1,1,광양시,이삭도열병(발생추정면적),0.0
2025,6,1,1,광양시,이삭도열병(감수율),0.0
2025,6,1,1,광양시,이삭도열병(피해율),0.0
2025,6,1,1,광양시,이삭도열병(발생면적율),0.0
2025,6,1,1,광양시,잎집무늬마름병(발생추정면적),0.0
2025,6,1,1,광양시,잎집무늬마름병(감수율),0.0
2025,6,1,1,광양시,잎집무늬마름병(피해율),0.0
2025,6,1,1,광양시,잎집무늬마름병(발생면적율),0.0
2025,6,1,1,광양시,흰잎마름병(발생추정면적),0.0
2025,6,1,1,광양시,흰잎마름병(감수율),0.0
2025,6,1,1,광양시,흰잎마름병(피해율),0.0
2025,6,1,1,광양시,흰잎마름병(발생면적율),0.0
2025,6,1,1,광양시,세균벼알마름병(발생추정면적),0.0
2025,6,1,1,광양시,세균벼알마름병(감수율),0.0
2025,6,1,1,광양시,세균벼알마름병(피해율),0.0
2025,6,1,1,광양시,세균벼알마름병(발생면적율),0.0
2025,6,1,1,광양시,줄무늬잎마름병(발생면적),0.0
2025,6,1,1,광양시,줄무늬잎마름병(감수율),0.0
2025,6,1,1,광양시,줄무늬잎마름병(피해율),0.0
2025,6,1,1,광양시,줄무늬잎마름병(발생면적률),0.0
2025,6,1,1,광양시,벼검은줄오갈병(발생면적),0.0
2025,6,1,1,광양시,벼검은줄오갈병(감수율),0.0
2025,6,1,1,광양시,벼검은줄오갈병(피해율),0.0
2025,6,1,1,광양시,벼검은줄오갈병(발생면적률),0.0
2025,6,1,1,광양시,오갈병(발생면적),0.0
2025,6,1,1,광양시,오갈병(감수율),0.0
2025,6,1,1,광양시,오갈병(피해율),0.0
2025,6,1,1,광양시,오갈병(발생면적률),0.0
2025,6,1,1,광양시,이삭누룩병(발생추정면적),0.0
2025,6,1,1,광양시,이삭누룩병(감수율),0.0
2025,6,1,1,광양시,이삭누룩병(피해율),0.0
2025,6,1,1,광양시,이삭누룩병(발생면적율),0.0
2025,6,1,1,광양시,깨씨무늬병(발생추정면적),0.0
2025,6,1,1,광양시,깨씨무늬병(감수율),0.0
2025,6,1,1,광양시,깨씨무늬병(피해율),0.0
2025,6,1,1,광양시,깨씨무늬병(발생면적율),0.0
2025,6,1,1,광양시,벼잎벌레(발생추정면적),0.0
2025,6,1,1,광양시,벼잎벌레(감수율),0.0
2025,6,1,1,광양시,벼잎벌레(피해율),0.0
2025,6,1,1,광양시,벼잎벌레(발생면적율),0.0
2025,6,1,1,광양시,벼애잎굴파리(발생추정면적),0.0
2025,6,1,1,광양시,벼애잎굴파리(감수율),0.0
2025,6,1,1,광양시,벼애잎굴파리(피해율),0.0
2025,6,1,1,광양시,벼애잎굴파리(발생면적율),0.0
2025,6,1,1,광양시,벼줄기굴파리(발생추정면적),0.0
2025,6,1,1,광양시,벼줄기굴파리(감수율),0.0
2025,6,1,1,광양시,벼줄기굴파리(피해율),0.0
2025,6,1,1,광양시,벼줄기굴파리(발생면적율),0.0
2025,6,1,1,광양시,애멸구(발생추정면적),0.0
2025,6,1,1,광양시,애멸구(감수율),0.0
2025,6,1,1,광양시,애멸구(피해율),0.0
2025,6,1,1,광양시,애멸구(발생면적율),0.0
2025,6,1,1,광양시,끝동매미충(발생추정면적),0.0
2025,6,1,1,광양시,끝동매미충(감수율),0.0
2025,6,1,1,광양시,끝동매미충(피해율),0.0
2025,6,1,1,광양시,끝동매미충(발생면적율),0.0
2025,6,1,1,광양시,벼멸구(발생추정면적),0.0
2025,6,1,1,광양시,벼멸구(감수율),0.0
2025,6,1,1,광양시,벼멸구(피해율),0.0
2025,6,1,1,광양시,벼멸구(발생면적율),0.0
2025,6,1,1,광양시,흰등멸구(발생추정면적),0.0
2025,6,1,1,광양시,흰등멸구(감수율),0.0
2025,6,1,1,광양시,흰등멸구(피해율),0.0
2025,6,1,1,광양시,흰등멸구(발생면적율),0.0
2025,6,1,1,광양시,벼물바구미(발생추정면적),0.0
2025,6,1,1,광양시,벼물바구미(감수율),0.0
2025,6,1,1,광양시,벼물바구미(피해율),0.0
2025,6,1,1,광양시,벼물바구미(발생면적율),0.0
2025,6,1,1,광양시,혹명나방(발생추정면적),0.0
2025,6,1,1,광양시,혹명나방(감수율),0.0
2025,6,1,1,광양시,혹명나방(피해율),0.0
2025,6,1,1,광양시,혹명나방(발생면적율),0.0
2025,6,1,1,광양시,멸강나방(발생추정면적),0.0
2025,6,1,1,광양시,멸강나방(감수율),0.0
2025,6,1,1,광양시,멸강나방(피해율),0.0
2025,6,1,1,광양시,멸강나방(발생면적율),0.0
2025,6,1,1,광양시,먹노린재(발생추정면적),0.0
2025,6,1,1,광양시,먹노린재(감수율),0.0
2025,6,1,1,광양시,먹노린재(피해율),0.0
2025,6,1,1,광양시,먹노린재(발생면적율),0.0
2025,6,1,1,광양시,이화명나방1화기(발생면적),0.0
2025,6,1,1,광양시,이화명나방1화기(감수율),0.0
2025,6,1,1,광양시,이화명나방1화기(피해율),0.0
2025,6,1,1,광양시,이화명나방1화기(발생면적률),0.0
2025,6,1,1,광양시,이화명나방2화기(발생면적),0.0
2025,6,1,1,광양시,이화명나방2화기(감수율),0.0
2025,6,1,1,광양시,이화명나방2화기(피해율),0.0
2025,6,1,1,광양시,이화명나방2화기(발생면적률),0.0
2025,6,1,1,광양시,바이러스병(발생추정면적),0.0
2025,6,1,1,광양시,바이러스병(감수율),0.0
2025,6,1,1,광양시,바이러스병(피해율),0.0
2025,6,1,1,광양시,바이러스병(발생면적율),0.0
2025,6,1,1,광양시,키다리병(발생추정면적),0.0
2025,6,1,1,광양시,키다리병(감수율),0.0
2025,6,1,1,광양시,키다리병(피해율),0.0
2025,6,1,1,광양시,키다리병(발생면적율),0.0
2025,6,1,1,광양시,이화명나방(발생추정면적),0.0
2025,6,1,1,광양시,이화명나방(감수율),0.0
2025,6,1,1,광양시,이화명나방(피해율),0.0
2025,6,1,1,광양시,이화명나방(발생면적율),0.0
2025,6,1,1,광양시,벼애나방(발생추정면적),0.0
2025,6,1,1,광양시,벼애나방(감수율),0.0
2025,6,1,1,광양시,벼애나방(피해율),0.0
2025,6,1,1,광양시,벼애나방(발생면적율),0.0
2025,6,1,1,광양시,벼잎선충(발생추정면적),0.0
2025,6,1,1,광양시,벼잎선충(감수율),0.0
2025,6,1,1,광양시,벼잎선충(피해율),0.0
2025,6,1,1,광양시,벼잎선충(발생면적율),0.0
2025,6,1,1,구례군,잎도열병(발생추정면적),0.0
2025,6,1,1,구례군,잎도열병(감수율),0.0
2025,6,1,1,구례군,잎도열병(피해율),0.0
2025,6,1,1,구례군,잎도열병(발생면적율),0.0
2025,6,1,1,구례군,이삭도열병(발생추정면적),0.0
2025,6,1,1,구례군,이삭도열병(감수율),0.0
2025,6,1,1,구례군,이삭도열병(피해율),0.0
2025,6,1,1,구례군,이삭도열병(발생면적율),0.0
2025,6,1,1,구례군,잎집무늬마름병(발생추정면적),0.0
2025,6,1,1,구례군,잎집무늬마름병(감수율),0.0
2025,6,1,1,구례군,잎집무늬마름병(피해율),0.0
2025,6,1,1,구례군,잎집무늬마름병(발생면적율),0.0
2025,6,1,1,구례군,흰잎마름병(발생추정면적),0.0
2025,6,1,1,구례군,흰잎마름병(감수율),0.0
2025,6,1,1,구례군,흰잎마름병(피해율),0.0
2025,6,1,1,구례군,흰잎마름병(발생면적율),0.0
2025,6,1,1,구례군,세균벼알마름병(발생추정면적),0.0
2025,6,1,1,구례군,세균벼알마름병(감수율),0.0
2025,6,1,1,구례군,세균벼알마름병(피해율),0.0
2025,6,1,1,구례군,세균벼알마름병(발생면적율),0.0
2025,6,1,1,구례군,줄무늬잎마름병(발생면적),0.0
2025,6,1,1,구례군,줄무늬잎마름병(감수율),0.0
2025,6,1,1,구례군,줄무늬잎마름병(피해율),0.0
2025,6,1,1,구례군,줄무늬잎마름병(발생면적률),0.0
2025,6,1,1,구례군,벼검은줄오갈병(발생면적),0.0
2025,6,1,1,구례군,벼검은줄오갈병(감수율),0.0
2025,6,1,1,구례군,벼검은줄오갈병(피해율),0.0
2025,6,1,1,구례군,벼검은줄오갈병(발생면적률),0.0
2025,6,1,1,구례군,오갈병(발생면적),0.0
2025,6,1,1,구례군,오갈병(감수율),0.0
2025,6,1,1,구례군,오갈병(피해율),0.0
2025,6,1,1,구례군,오갈병(발생면적률),0.0
2025,6,1,1,구례군,이삭누룩병(발생추정면적),0.0
2025,6,1,1,구례군,이삭누룩병(감수율),0.0
2025,6,1,1,구례군,이삭누룩병(피해율),0.0
2025,6,1,1,구례군,이삭누룩병(발생면적율),0.0
2025,6,1,1,구례군,깨씨무늬병(발생추정면적),0.0
2025,6,1,1,구례군,깨씨무늬병(감수율),0.0
2025,6,1,1,구례군,깨씨무늬병(피해율),0.0
2025,6,1,1,구례군,깨씨무늬병(발생면적율),0.0
2025,6,1,1,구례군,벼잎벌레(발생추정면적),0.0
2025,6,1,1,구례군,벼잎벌레(감수율),0.0
2025,6,1,1,구례군,벼잎벌레(피해율),0.0
2025,6,1,1,구례군,벼잎벌레(발생면적율),0.0
2025,6,1,1,구례군,벼애잎굴파리(발생추정면적),0.0
2025,6,1,1,구례군,벼애잎굴파리(감수율),0.0
2025,6,1,1,구례군,벼애잎굴파리(피해율),0.0
2025,6,1,1,구례군,벼애잎굴파리(발생면적율),0.0
2025,6,1,1,구례군,벼줄기굴파리(발생추정면적),0.0
2025,6,1,1,구례군,벼줄기굴파리(감수율),0.0
2025,6,1,1,구례군,벼줄기굴파리(피해율),0.0
2025,6,1,1,구례군,벼줄기굴파리(발생면적율),0.0
2025,6,1,1,구례군,애멸구(발생추정면적),0.0
2025,6,1,1,구례군,애멸구(감수율),0.0
2025,6,1,1,구례군,애멸구(피해율),0.0
2025,6,1,1,구례군,애멸구(발생면적율),0.0
2025,6,1,1,구례군,끝동매미충(발생추정면적),0.0
2025,6,1,1,구례군,끝동매미충(감수율),0.0
2025,6,1,1,구례군,끝동매미충(피해율),0.0
2025,6,1,1,구례군,끝동매미충(발생면적율),0.0
2025,6,1,1,구례군,벼멸구(발생추정면적),0.0
2025,6,1,1,구례군,벼멸구(감수율),0.0
2025,6,1,1,구례군,벼멸구(피해율),0.0
2025,6,1,1,구례군,벼멸구(발생면적율),0.0
2025,6,1,1,구례군,흰등멸구(발생추정면적),0.0
2025,6,1,1,구례군,흰등멸구(감수율),0.0
2025,6,1,1,구례군,흰등멸구(피해율),0.0
2025,6,1,1,구례군,흰등멸구(발생면적율),0.0
2025,6,1,1,구례군,벼물바구미(발생추정면적),0.0
2025,6,1,1,구례군,벼물바구미(감수율),0.0
2025,6,1,1,구례군,벼물바구미(피해율),0.0
2025,6,1,1,구례군,벼물바구미(발생면적율),0.0
2025,6,1,1,구례군,혹명나방(발생추정면적),0.0
2025,6,1,1,구례군,혹명나방(감수율),0.0
2025,6,1,1,구례군,혹명나방(피해율),0.0
2025,6,1,1,구례군,혹명나방(발생면적율),0.0
2025,6,1,1,구례군,멸강나방(발생추정면적),0.0
2025,6,1,1,구례군,멸강나방(감수율),0.0
2025,6,1,1,구례군,멸강나방(피해율),0.0
2025,6,1,1,구례군,멸강나방(발생면적율),0.0
2025,6,1,1,구례군,먹노린재(발생추정면적),0.0
2025,6,1,1,구례군,먹노린재(감수율),0.0
2025,6,1,1,구례군,먹노린재(피해율),0.0
2025,6,1,1,구례군,먹노린재(발생면적율),0.0
2025,6,1,1,구례군,이화명나방1화기(발생면적),0.0
2025,6,1,1,구례군,이화명나방1화기(감수율),0.0
2025,6,1,1,구례군,이화명나방1화기(피해율),0.0
2025,6,1,1,구례군,이화명나방1화기(발생면적률),0.0
2025,6,1,1,구례군,이화명나방2화기(발생면적),0.0
2025,6,1,1,구례군,이화명나방2화기(감수율),0.0
2025,6,1,1,구례군,이화명나방2화기(피해율),0.0
2025,6,1,1,구례군,이화명나방2화기(발생면적률),0.0
2025,6,1,1,구례군,바이러스병(발생추정면적),0.0
2025,6,1,1,구례군,바이러스병(감수율),0.0
2025,6,1,1,구례군,바이러스병(피해율),0.0
2025,6,1,1,구례군,바이러스병(발생면적율),0.0
2025,6,1,1,구례군,키다리병(발생추정면적),0.0
2025,6,1,1,구례군,키다리병(감수율),0.0
2025,6,1,1,구례군,키다리병(피해율),0.0
2025,6,1,1,구례군,키다리병(발생면적율),0.0
2025,6,1,1,구례군,이화명나방(발생추정면적),0.0
2025,6,1,1,구례군,이화명나방(감수율),0.0
2025,6,1,1,구례군,이화명나방(피해율),0.0
2025,6,1,1,구례군,이화명나방(발생면적율),0.0
2025,6,1,1,구례군,벼애나방(발생추정면적),0.0
2025,6,1,1,구례군,벼애나방(감수율),0.0
2025,6,1,1,구례군,벼애나방(피해율),0.0
2025,6,1,1,구례군,벼애나방(발생면적율),0.0
2025,6,1,1,구례군,벼잎선충(발생추정면적),0.0
2025,6,1,1,구례군,벼잎선충(감수율),0.0
2025,6,1,1,구례군,벼잎선충(피해율),0.0
2025,6,1,1,구례군,벼잎선충(발생면적율),0.0
2025,6,1,1,나주시,잎도열병(발생추정면적),0.0
2025,6,1,1,나주시,잎도열병(감수율),0.0
2025,6,1,1,나주시,잎도열병(피해율),0.0
2025,6,1,1,나주시,잎도열병(발생면적율),0.0
2025,6,1,1,나주시,이삭도열병(발생추정면적),0.0
2025,6,1,1,나주시,이삭도열병(감수율),0.0
2025,6,1,1,나주시,이삭도열병(피해율),0.0
2025,6,1,1,나주시,이삭도열병(발생면적율),0.0
2025,6,1,1,나주시,잎집무늬마름병(발생추정면적),0.0
2025,6,1,1,나주시,잎집무늬마름병(감수율),0.0
2025,6,1,1,나주시,잎집무늬마름병(피해율),0.0
2025,6,1,1,나주시,잎집무늬마름병(발생면적율),0.0
2025,6,1,1,나주시,흰잎마름병(발생추정면적),0.0
2025,6,1,1,나주시,흰잎마름병(감수율),0.0
2025,6,1,1,나주시,흰잎마름병(피해율),0.0
2025,6,1,1,나주시,흰잎마름병(발생면적율),0.0
2025,6,1,1,나주시,세균벼알마름병(발생추정면적),0.0
2025,6,1,1,나주시,세균벼알마름병(감수율),0.0
2025,6,1,1,나주시,세균벼알마름병(피해율),0.0
2025,6,1,1,나주시,세균벼알마름병(발생면적율),0.0
2025,6,1,1,나주시,줄무늬잎마름병(발생면적),0.0
2025,6,1,1,나주시,줄무늬잎마름병(감수율),0.0
2025,6,1,1,나주시,줄무늬잎마름병(피해율),0.0
2025,6,1,1,나주시,줄무늬잎마름병(발생면적률),0.0
2025,6,1,1,나주시,벼검은줄오갈병(발생면적),0.0
2025,6,1,1,나주시,벼검은줄오갈병(감수율),0.0
2025,6,1,1,나주시,벼검은줄오갈병(피해율),0.0
2025,6,1,1,나주시,벼검은줄오갈병(발생면적률),0.0
2025,6,1,1,나주시,오갈병(발생면적),0.0
2025,6,1,1,나주시,오갈병(감수율),0.0
2025,6,1,1,나주시,오갈병(피해율),0.0
2025,6,1,1,나주시,오갈병(발생면적률),0.0
2025,6,1,1,나주시,이삭누룩병(발생추정면적),0.0
2025,6,1,1,나주시,이삭누룩병(감수율),0.0
2025,6,1,1,나주시,이삭누룩병(피해율),0.0
2025,6,1,1,나주시,이삭누룩병(발생면적율),0.0
2025,6,1,1,나주시,깨씨무늬병(발생추정면적),0.0
2025,6,1,1,나주시,깨씨무늬병(감수율),0.0
2025,6,1,1,나주시,깨씨무늬병(피해율),0.0
2025,6,1,1,나주시,깨씨무늬병(발생면적율),0.0
2025,6,1,1,나주시,벼잎벌레(발생추정면적),0.0
2025,6,1,1,나주시,벼잎벌레(감수율),0.0
2025,6,1,1,나주시,벼잎벌레(피해율),0.0
2025,6,1,1,나주시,벼잎벌레(발생면적율),0.0
2025,6,1,1,나주시,벼애잎굴파리(발생추정면적),0.0
2025,6,1,1,나주시,벼애잎굴파리(감수율),0.0
2025,6,1,1,나주시,벼애잎굴파리(피해율),0.0
2025,6,1,1,나주시,벼애잎굴파리(발생면적율),0.0
2025,6,1,1,나주시,벼줄기굴파리(발생추정면적),0.0
2025,6,1,1,나주시,벼줄기굴파리(감수율),0.0
2025,6,1,1,나주시,벼줄기굴파리(피해율),0.0
2025,6,1,1,나주시,벼줄기굴파리(발생면적율),0.0
2025,6,1,1,나주시,애멸구(발생추정면적),0.0
2025,6,1,1,나주시,애멸구(감수율),0.0
2025,6,1,1,나주시,애멸구(피해율),0.0
2025,6,1,1,나주시,애멸구(발생면적율),0.0
2025,6,1,1,나주시,끝동매미충(발생추정면적),0.0
2025,6,1,1,나주시,끝동매미충(감수율),0.0
2025,6,1,1,나주시,끝동매미충(피해율),0.0
2025,6,1,1,나주시,끝동매미충(발생면적율),0.0
2025,6,1,1,나주시,벼멸구(발생추정면적),0.0
2025,6,1,1,나주시,벼멸구(감수율),0.0
2025,6,1,1,나주시,벼멸구(피해율),0.0
2025,6,1,1,나주시,벼멸구(발생면적율),0.0
2025,6,1,1,나주시,흰등멸구(발생추정면적),0.0
2025,6,1,1,나주시,흰등멸구(감수율),0.0
2025,6,1,1,나주시,흰등멸구(피해율),0.0
2025,6,1,1,나주시,흰등멸구(발생면적율),0.0
2025,6,1,1,나주시,벼물바구미(발생추정면적),0.0
2025,6,1,1,나주시,벼물바구미(감수율),0.0
2025,6,1,1,나주시,벼물바구미(피해율),0.0
2025,6,1,1,나주시,벼물바구미(발생면적율),0.0
2025,6,1,1,나주시,혹명나방(발생추정면적),0.0
2025,6,1,1,나주시,혹명나방(감수율),0.0
2025,6,1,1,나주시,혹명나방(피해율),0.0
2025,6,1,1,나주시,혹명나방(발생면적율),0.0
2025,6,1,1,나주시,멸강나방(발생추정면적),0.0
2025,6,1,1,나주시,멸강나방(감수율),0.0
2025,6,1,1,나주시,멸강나방(피해율),0.0
2025,6,1,1,나주시,멸강나방(발생면적율),0.0
2025,6,1,1,나주시,먹노린재(발생추정면적),0.0
2025,6,1,1,나주시,먹노린재(감수율),0.0
2025,6,1,1,나주시,먹노린재(피해율),0.0
2025,6,1,1,나주시,먹노린재(발생면적율),0.0
2025,6,1,1,나주시,이화명나방1화기(발생면적),0.0
2025,6,1,1,나주시,이화명나방1화기(감수율),0.0
2025,6,1,1,나주시,이화명나방1화기(피해율),0.0
2025,6,1,1,나주시,이화명나방1화기(발생면적률),0.0
2025,6,1,1,나주시,이화명나방2화기(발생면적),0.0
2025,6,1,1,나주시,이화명나방2화기(감수율),0.0
2025,6,1,1,나주시,이화명나방2화기(피해율),0.0
2025,6,1,1,나주시,이화명나방2화기(발생면적률),0.0
2025,6,1,1,나주시,바이러스병(발생추정면적),0.0
2025,6,1,1,나주시,바이러스병(감수율),0.0
2025,6,1,1,나주시,바이러스병(피해율),0.0
2025,6,1,1,나주시,바이러스병(발생면적율),0.0
2025,6,1,1,나주시,키다리병(발생추정면적),0.0
2025,6,1,1,나주시,키다리병(감수율),0.0
2025,6,1,1,나주시,키다리병(피해율),0.0
2025,6,1,1,나주시,키다리병(발생면적율),0.0
2025,6,1,1,나주시,이화명나방(발생추정면적),0.0
2025,6,1,1,나주시,이화명나방(감수율),0.0
2025,6,1,1,나주시,이화명나방(피해율),0.0
2025,6,1,1,나주시,이화명나방(발생면적율),0.0
2025,6,1,1,나주시,벼애나방(발생추정면적),0.0
2025,6,1,1,나주시,벼애나방(감수율),0.0
2025,6,1,1,나주시,벼애나방(피해율),0.0
2025,6,1,1,나주시,벼애나방(발생면적율),0.0
2025,6,1,1,나주시,벼잎선충(발생추정면적),0.0
2025,6,1,1,나주시,벼잎선충(감수율),0.0
2025,6,1,1,나주시,벼잎선충(피해율),0.0
2025,6,1,1,나주시,벼잎선충(발생면적율),0.0
2025,6,1,1,담양군,잎도열병(발생추정면적),0.0
2025,6,1,1,담양군,잎도열병(감수율),0.0
2025,6,1,1,담양군,잎도열병(피해율),0.0
2025,6,1,1,담양군,잎도열병(발생면적율),0.0
2025,6,1,1,담양군,이삭도열병(발생추정면적),0.0
2025,6,1,1,담양군,이삭도열병(감수율),0.0
2025,6,1,1,담양군,이삭도열병(피해율),0.0
2025,6,1,1,담양군,이삭도열병(발생면적율),0.0
2025,6,1,1,담양군,잎집무늬마름병(발생추정면적),0.0
2025,6,1,1,담양군,잎집무늬마름병(감수율),0.0
2025,6,1,1,담양군,잎집무늬마름병(피해율),0.0
2025,6,1,1,담양군,잎집무늬마름병(발생면적율),0.0
2025,6,1,1,담양군,흰잎마름병(발생추정면적),0.0
2025,6,1,1,담양군,흰잎마름병(감수율),0.0
2025,6,1,1,담양군,흰잎마름병(피해율),0.0
2025,6,1,1,담양군,흰잎마름병(발생면적율),0.0
2025,6,1,1,담양군,세균벼알마름병(발생추정면적),0.0
2025,6,1,1,담양군,세균벼알마름병(감수율),0.0
2025,6,1,1,담양군,세균벼알마름병(피해율),0.0
2025,6,1,1,담양군,세균벼알마름병(발생면적율),0.0
2025,6,1,1,담양군,줄무늬잎마름병(발생면적),0.0
2025,6,1,1,담양군,줄무늬잎마름병(감수율),0.0
2025,6,1,1,담양군,줄무늬잎마름병(피해율),0.0
2025,6,1,1,담양군,줄무늬잎마름병(발생면적률),0.0
2025,6,1,1,담양군,벼검은줄오갈병(발생면적),0.0
2025,6,1,1,담양군,벼검은줄오갈병(감수율),0.0
2025,6,1,1,담양군,벼검은줄오갈병(피해율),0.0
2025,6,1,1,담양군,벼검은줄오갈병(발생면적률),0.0
2025,6,1,1,담양군,오갈병(발생면적),0.0
2025,6,1,1,담양군,오갈병(감수율),0.0
2025,6,1,1,담양군,오갈병(피해율),0.0
2025,6,1,1,담양군,오갈병(발생면적률),0.0
2025,6,1,1,담양군,이삭누룩병(발생추정면적),0.0
2025,6,1,1,담양군,이삭누룩병(감수율),0.0
2025,6,1,1,담양군,이삭누룩병(피해율),0.0
2025,6,1,1,담양군,이삭누룩병(발생면적율),0.0
2025,6,1,1,담양군,깨씨무늬병(발생추정면적),0.0
2025,6,1,1,담양군,깨씨무늬병(감수율),0.0
2025,6,1,1,담양군,깨씨무늬병(피해율),0.0
2025,6,1,1,담양군,깨씨무늬병(발생면적율),0.0
2025,6,1,1,담양군,벼잎벌레(발생추정면적),0.0
2025,6,1,1,담양군,벼잎벌레(감수율),0.0
2025,6,1,1,담양군,벼잎벌레(피해율),0.0
2025,6,1,1,담양군,벼잎벌레(발생면적율),0.0
2025,6,1,1,담양군,벼애잎굴파리(발생추정면적),0.0
2025,6,1,1,담양군,벼애잎굴파리(감수율),0.0
2025,6,1,1,담양군,벼애잎굴파리(피해율),0.0
2025,6,1,1,담양군,벼애잎굴파리(발생면적율),0.0
2025,6,1,1,담양군,벼줄기굴파리(발생추정면적),0.0
2025,6,1,1,담양군,벼줄기굴파리(감수율),0.0
2025,6,1,1,담양군,벼줄기굴파리(피해율),0.0
2025,6,1,1,담양군,벼줄기굴파리(발생면적율),0.0
2025,6,1,1,담양군,애멸구(발생추정면적),0.0
2025,6,1,1,담양군,애멸구(감수율),0.0
2025,6,1,1,담양군,애멸구(피해율),0.0
2025,6,1,1,담양군,애멸구(발생면적율),0.0
2025,6,1,1,담양군,끝동매미충(발생추정면적),0.0
2025,6,1,1,담양군,끝동매미충(감수율),0.0
2025,6,1,1,담양군,끝동매미충(피해율),0.0
2025,6,1,1,담양군,끝동매미충(발생면적율),0.0
2025,6,1,1,담양군,벼멸구(발생추정면적),0.0
2025,6,1,1,담양군,벼멸구(감수율),0.0
2025,6,1,1,담양군,벼멸구(피해율),0.0
2025,6,1,1,담양군,벼멸구(발생면적율),0.0
2025,6,1,1,담양군,흰등멸구(발생추정면적),0.0
2025,6,1,1,담양군,흰등멸구(감수율),0.0
2025,6,1,1,담양군,흰등멸구(피해율),0.0
2025,6,1,1,담양군,흰등멸구(발생면적율),0.0
2025,6,1,1,담양군,벼물바구미(발생추정면적),0.0
2025,6,1,1,담양군,벼물바구미(감수율),0.0
2025,6,1,1,담양군,벼물바구미(피해율),0.0
2025,6,1,1,담양군,벼물바구미(발생면적율),0.0
2025,6,1,1,담양군,혹명나방(발생추정면적),0.0
2025,6,1,1,담양군,혹명나방(감수율),0.0
2025,6,1,1,담양군,혹명나방(피해율),0.0
2025,6,1,1,담양군,혹명나방(발생면적율),0.0
2025,6,1,1,담양군,멸강나방(발생추정면적),0.0
2025,6,1,1,담양군,멸강나방(감수율),0.0
2025,6,1,1,담양군,멸강나방(피해율),0.0
2025,6,1,1,담양군,멸강나방(발생면적율),0.0
2025,6,1,1,담양군,먹노린재(발생추정면적),0.0
2025,6,1,1,담양군,먹노린재(감수율),0.0
2025,6,1,1,담양군,먹노린재(피해율),0.0
2025,6,1,1,담양군,먹노린재(발생면적율),0.0
2025,6,1,1,담양군,이화명나방1화기(발생면적),0.0
2025,6,1,1,담양군,이화명나방1화기(감수율),0.0
2025,6,1,1,담양군,이화명나방1화기(피해율),0.0
2025,6,1,1,담양군,이화명나방1화기(발생면적률),0.0
2025,6,1,1,담양군,이화명나방2화기(발생면적),0.0
2025,6,1,1,담양군,이화명나방2화기(감수율),0.0
2025,6,1,1,담양군,이화명나방2화기(피해율),0.0
2025,6,1,1,담양군,이화명나방2화기(발생면적률),0.0
2025,6,1,1,담양군,바이러스병(발생추정면적),0.0
2025,6,1,1,담양군,바이러스병(감수율),0.0
2025,6,1,1,담양군,바이러스병(피해율),0.0
2025,6,1,1,담양군,바이러스병(발생면적율),0.0
2025,6,1,1,담양군,키다리병(발생추정면적),0.0
2025,6,1,1,담양군,키다리병(감수율),0.0
2025,6,1,1,담양군,키다리병(피해율),0.0
2025,6,1,1,담양군,키다리병(발생면적율),0.0
2025,6,1,1,담양군,이화명나방(발생추정면적),0.0
2025,6,1,1,담양군,이화명나방(감수율),0.0
2025,6,1,1,담양군,이화명나방(피해율),0.0
2025,6,1,1,담양군,이화명나방(발생면적율),0.0
2025,6,1,1,담양군,벼애나방(발생추정면적),0.0
2025,6,1,1,담양군,벼애나방(감수율),0.0
2025,6,1,1,담양군,벼애나방(피해율),0.0
2025,6,1,1,담양군,벼애나방(발생면적율),0.0
2025,6,1,1,담양군,벼잎선충(발생추정면적),0.0
2025,6,1,1,담양군,벼잎선충(감수율),0.0
2025,6,1,1,담양군,벼잎선충(피해율),0.0
2025,6,1,1,담양군,벼잎선충(발생면적율),0.0
2025,6,1,1,무안군,잎도열병(발생추정면적),0.0
2025,6,1,1,무안군,잎도열병(감수율),0.0
2025,6,1,1,무안군,잎도열병(피해율),0.0
2025,6,1,1,무안군,잎도열병(발생면적율),0.0
2025,6,1,1,무안군,이삭도열병(발생추정면적),0.0
2025,6,1,1,무안군,이삭도열병(감수율),0.0
2025,6,1,1,무안군,이삭도열병(피해율),0.0
2025,6,1,1,무안군,이삭도열병(발생면적율),0.0
2025,6,1,1,무안군,잎집무늬마름병(발생추정면적),0.0
2025,6,1,1,무안군,잎집무늬마름병(감수율),0.0
2025,6,1,1,무안군,잎집무늬마름병(피해율),0.0
2025,6,1,1,무안군,잎집무늬마름병(발생면적율),0.0
2025,6,1,1,무안군,흰잎마름병(발생추정면적),0.0
2025,6,1,1,무안군,흰잎마름병(감수율),0.0
2025,6,1,1,무안군,흰잎마름병(피해율),0.0
2025,6,1,1,무안군,흰잎마름병(발생면적율),0.0
2025,6,1,1,무안군,세균벼알마름병(발생추정면적),0.0
2025,6,1,1,무안군,세균벼알마름병(감수율),0.0
2025,6,1,1,무안군,세균벼알마름병(피해율),0.0
2025,6,1,1,무안군,세균벼알마름병(발생면적율),0.0
2025,6,1,1,무안군,줄무늬잎마름병(발생면적),0.0
2025,6,1,1,무안군,줄무늬잎마름병(감수율),0.0
2025,6,1,1,무안군,줄무늬잎마름병(피해율),0.0
2025,6,1,1,무안군,줄무늬잎마름병(발생면적률),0.0
2025,6,1,1,무안군,벼검은줄오갈병(발생면적),0.0
2025,6,1,1,무안군,벼검은줄오갈병(감수율),0.0
2025,6,1,1,무안군,벼검은줄오갈병(피해율),0.0
2025,6,1,1,무안군,벼검은줄오갈병(발생면적률),0.0
2025,6,1,1,무안군,오갈병(발생면적),0.0
2025,6,1,1,무안군,오갈병(감수율),0.0
2025,6,1,1,무안군,오갈병(피해율),0.0
2025,6,1,1,무안군,오갈병(발생면적률),0.0
2025,6,1,1,무안군,이삭누룩병(발생추정면적),0.0
2025,6,1,1,무안군,이삭누룩병(감수율),0.0
2025,6,1,1,무안군,이삭누룩병(피해율),0.0
2025,6,1,1,무안군,이삭누룩병(발생면적율),0.0
2025,6,1,1,무안군,깨씨무늬병(발생추정면적),0.0
2025,6,1,1,무안군,깨씨무늬병(감수율),0.0
2025,6,1,1,무안군,깨씨무늬병(피해율),0.0
2025,6,1,1,무안군,깨씨무늬병(발생면적율),0.0
2025,6,1,1,무안군,벼잎벌레(발생추정면적),0.0
2025,6,1,1,무안군,벼잎벌레(감수율),0.0
2025,6,1,1,무안군,벼잎벌레(피해율),0.0
2025,6,1,1,무안군,벼잎벌레(발생면적율),0.0
2025,6,1,1,무안군,벼애잎굴파리(발생추정면적),0.0
2025,6,1,1,무안군,벼애잎굴파리(감수율),0.0
2025,6,1,1,무안군,벼애잎굴파리(피해율),0.0
2025,6,1,1,무안군,벼애잎굴파리(발생면적율),0.0
2025,6,1,1,무안군,벼줄기굴파리(발생추정면적),0.0
2025,6,1,1,무안군,벼줄기굴파리(감수율),0.0
2025,6,1,1,무안군,벼줄기굴파리(피해율),0.0
2025,6,1,1,무안군,벼줄기굴파리(발생면적율),0.0
2025,6,1,1,무안군,애멸구(발생추정면적),0.0
2025,6,1,1,무안군,애멸구(감수율),0.0
2025,6,1,1,무안군,애멸구(피해율),0.0
2025,6,1,1,무안군,애멸구(발생면적율),0.0
2025,6,1,1,무안군,끝동매미충(발생추정면적),0.0
2025,6,1,1,무안군,끝동매미충(감수율),0.0
2025,6,1,1,무안군,끝동매미충(피해율),0.0
2025,6,1,1,무안군,끝동매미충(발생면적율),0.0
2025,6,1,1,무안군,벼멸구(발생추정면적),0.0
2025,6,1,1,무안군,벼멸구(감수율),0.0
2025,6,1,1,무안군,벼멸구(피해율),0.0
2025,6,1,1,무안군,벼멸구(발생면적율),0.0
2025,6,1,1,무안군,흰등멸구(발생추정면적),0.0
2025,6,1,1,무안군,흰등멸구(감수율),0.0
2025,6,1,1,무안군,흰등멸구(피해율),0.0
2025,6,1,1,무안군,흰등멸구(발생면적율),0.0
2025,6,1,1,무안군,벼물바구미(발생추정면적),0.0
2025,6,1,1,무안군,벼물바구미(감수율),0.0
2025,6,1,1,무안군,벼물바구미(피해율),0.0
2025,6,1,1,무안군,벼물바구미(발생면적율),0.0
2025,6,1,1,무안군,혹명나방(발생추정면적),0.0
2025,6,1,1,무안군,혹명나방(감수율),0.0
2025,6,1,1,무안군,혹명나방(피해율),0.0
2025,6,1,1,무안군,혹명나방(발생면적율),0.0
2025,6,1,1,무안군,멸강나방(발생추정면적),0.0
2025,6,1,1,무안군,멸강나방(감수율),0.0
2025,6,1,1,무안군,멸강나방(피해율),0.0
2025,6,1,1,무안군,멸강나방(발생면적율),0.0
2025,6,1,1,무안군,먹노린재(발생추정면적),0.0
2025,6,1,1,무안군,먹노린재(감수율),0.0
2025,6,1,1,무안군,먹노린재(피해율),0.0
2025,6,1,1,무안군,먹노린재(발생면적율),0.0
2025,6,1,1,무안군,이화명나방1화기(발생면적),0.0
2025,6,1,1,무안군,이화명나방1화기(감수율),0.0
2025,6,1,1,무안군,이화명나방1화기(피해율),0.0
2025,6,1,1,무안군,이화명나방1화기(발생면적률),0.0
2025,6,1,1,무안군,이화명나방2화기(발생면적),0.0
2025,6,1,1,무안군,이화명나방2화기(감수율),0.0
2025,6,1,1,무안군,이화명나방2화기(피해율),0.0
2025,6,1,1,무안군,이화명나방2화기(발생면적률),0.0
2025,6,1,1,무안군,바이러스병(발생추정면적),0.0
2025,6,1,1,무안군,바이러스병(감수율),0.0
2025,6,1,1,무안군,바이러스병(피해율),0.0
2025,6,1,1,무안군,바이러스병(발생면적율),0.0
2025,6,1,1,무안군,키다리병(발생추정면적),0.0
2025,6,1,1,무안군,키다리병(감수율),0.0
2025,6,1,1,무안군,키다리병(피해율),0.0
2025,6,1,1,무안군,키다리병(발생면적율),0.0
2025,6,1,1,무안군,이화명나방(발생추정면적),0.0
2025,6,1,1,무안군,이화명나방(감수율),0.0
2025,6,1,1,무안군,이화명나방(피해율),0.0
2025,6,1,1,무안군,이화명나방(발생면적율),0.0
2025,6,1,1,무안군,벼애나방(발생추정면적),0.0
2025,6,1,1,무안군,벼애나방(감수율),0.0
2025,6,1,1,무안군,벼애나방(피해율),0.0
2025,6,1,1,무안군,벼애나방(발생면적율),0.0
2025,6,1,1,무안군,벼잎선충(발생추정면적),0.0
2025,6,1,1,무안군,벼잎선충(감수율),0.0
2025,6,1,1,무안군,벼잎선충(피해율),0.0
2025,6,1,1,무안군,벼잎선충(발생면적율),0.0
2025,6,1,1,보성군,잎도열병(발생추정면적),0.0
2025,6,1,1,보성군,잎도열병(감수율),0.0
2025,6,1,1,보성군,잎도열병(피해율),0.0
2025,6,1,1,보성군,잎도열병(발생면적율),0.0
2025,6,1,1,보성군,이삭도열병(발생추정면적),0.0
2025,6,1,1,보성군,이삭도열병(감수율),0.0
2025,6,1,1,보성군,이삭도열병(피해율),0.0
2025,6,1,1,보성군,이삭도열병(발생면적율),0.0
2025,6,1,1,보성군,잎집무늬마름병(발생추정면적),0.0
2025,6,1,1,보성군,잎집무늬마름병(감수율),0.0
2025,6,1,1,보성군,잎집무늬마름병(피해율),0.0
2025,6,1,1,보성군,잎집무늬마름병(발생면적율),0.0
2025,6,1,1,보성군,흰잎마름병(발생추정면적),0.0
2025,6,1,1,보성군,흰잎마름병(감수율),0.0
2025,6,1,1,보성군,흰잎마름병(피해율),0.0
2025,6,1,1,보성군,흰잎마름병(발생면적율),0.0
2025,6,1,1,보성군,세균벼알마름병(발생추정면적),0.0
2025,6,1,1,보성군,세균벼알마름병(감수율),0.0
2025,6,1,1,보성군,세균벼알마름병(피해율),0.0
2025,6,1,1,보성군,세균벼알마름병(발생면적율),0.0
2025,6,1,1,보성군,줄무늬잎마름병(발생면적),0.0
2025,6,1,1,보성군,줄무늬잎마름병(감수율),0.0
2025,6,1,1,보성군,줄무늬잎마름병(피해율),0.0
2025,6,1,1,보성군,줄무늬잎마름병(발생면적률),0.0
2025,6,1,1,보성군,벼검은줄오갈병(발생면적),0.0
2025,6,1,1,보성군,벼검은줄오갈병(감수율),0.0
2025,6,1,1,보성군,벼검은줄오갈병(피해율),0.0
2025,6,1,1,보성군,벼검은줄오갈병(발생면적률),0.0
2025,6,1,1,보성군,오갈병(발생면적),0.0
2025,6,1,1,보성군,오갈병(감수율),0.0
2025,6,1,1,보성군,오갈병(피해율),0.0
2025,6,1,1,보성군,오갈병(발생면적률),0.0
2025,6,1,1,보성군,이삭누룩병(발생추정면적),0.0
2025,6,1,1,보성군,이삭누룩병(감수율),0.0
2025,6,1,1,보성군,이삭누룩병(피해율),0.0
2025,6,1,1,보성군,이삭누룩병(발생면적율),0.0
2025,6,1,1,보성군,깨씨무늬병(발생추정면적),0.0
2025,6,1,1,보성군,깨씨무늬병(감수율),0.0
2025,6,1,1,보성군,깨씨무늬병(피해율),0.0
2025,6,1,1,보성군,깨씨무늬병(발생면적율),0.0
2025,6,1,1,보성군,벼잎벌레(발생추정면적),0.0
2025,6,1,1,보성군,벼잎벌레(감수율),0.0
2025,6,1,1,보성군,벼잎벌레(피해율),0.0
2025,6,1,1,보성군,벼잎벌레(발생면적율),0.0
2025,6,1,1,보성군,벼애잎굴파리(발생추정면적),0.0
2025,6,1,1,보성군,벼애잎굴파리(감수율),0.0
2025,6,1,1,보성군,벼애잎굴파리(피해율),0.0
2025,6,1,1,보성군,벼애잎굴파리(발생면적율),0.0
2025,6,1,1,보성군,벼줄기굴파리(발생추정면적),0.0
2025,6,1,1,보성군,벼줄기굴파리(감수율),0.0
2025,6,1,1,보성군,벼줄기굴파리(피해율),0.0
2025,6,1,1,보성군,벼줄기굴파리(발생면적율),0.0
2025,6,1,1,보성군,애멸구(발생추정면적),0.0
2025,6,1,1,보성군,애멸구(감수율),0.0
2025,6,1,1,보성군,애멸구(피해율),0.0
2025,6,1,1,보성군,애멸구(발생면적율),0.0
2025,6,1,1,보성군,끝동매미충(발생추정면적),0.0
2025,6,1,1,보성군,끝동매미충(감수율),0.0
2025,6,1,1,보성군,끝동매미충(피해율),0.0
2025,6,1,1,보성군,끝동매미충(발생면적율),0.0
2025,6,1,1,보성군,벼멸구(발생추정면적),0.0
2025,6,1,1,보성군,벼멸구(감수율),0.0
2025,6,1,1,보성군,벼멸구(피해율),0.0
2025,6,1,1,보성군,벼멸구(발생면적율),0.0
2025,6,1,1,보성군,흰등멸구(발생추정면적),0.0
2025,6,1,1,보성군,흰등멸구(감수율),0.0
2025,6,1,1,보성군,흰등멸구(피해율),0.0
2025,6,1,1,보성군,흰등멸구(발생면적율),0.0
2025,6,1,1,보성군,벼물바구미(발생추정면적),0.0
2025,6,1,1,보성군,벼물바구미(감수율),0.0
2025,6,1,1,보성군,벼물바구미(피해율),0.0
2025,6,1,1,보성군,벼물바구미(발생면적율),0.0
2025,6,1,1,보성군,혹명나방(발생추정면적),0.0
2025,6,1,1,보성군,혹명나방(감수율),0.0
2025,6,1,1,보성군,혹명나방(피해율),0.0
2025,6,1,1,보성군,혹명나방(발생면적율),0.0
2025,6,1,1,보성군,멸강나방(발생추정면적),0.0
2025,6,1,1,보성군,멸강나방(감수율),0.0
2025,6,1,1,보성군,멸강나방(피해율),0.0
2025,6,1,1,보성군,멸강나방(발생면적율),0.0
2025,6,1,1,보성군,먹노린재(발생추정면적),0.0
2025,6,1,1,보성군,먹노린재(감수율),0.0
2025,6,1,1,보성군,먹노린재(피해율),0.0
2025,6,1,1,보성군,먹노린재(발생면적율),0.0
2025,6,1,1,보성군,이화명나방1화기(발생면적),0.0
2025,6,1,1,보성군,이화명나방1화기(감수율),0.0
2025,6,1,1,보성군,이화명나방1화기(피해율),0.0
2025,6,1,1,보성군,이화명나방1화기(발생면적률),0.0
2025,6,1,1,보성군,이화명나방2화기(발생면적),0.0
2025,6,1,1,보성군,이화명나방2화기(감수율),0.0
2025,6,1,1,보성군,이화명나방2화기(피해율),0.0
2025,6,1,1,보성군,이화명나방2화기(발생면적률),0.0
2025,6,1,1,보성군,바이러스병(발생추정면적),0.0
2025,6,1,1,보성군,바이러스병(감수율),0.0
2025,6,1,1,보성군,바이러스병(피해율),0.0
2025,6,1,1,보성군,바이러스병(발생면적율),0.0
2025,6,1,1,보성군,키다리병(발생추정면적),0.0
2025,6,1,1,보성군,키다리병(감수율),0.0
2025,6,1,1,보성군,키다리병(피해율),0.0
2025,6,1,1,보성군,키다리병(발생면적율),0.0
2025,6,1,1,보성군,이화명나방(발생추정면적),0.0
2025,6,1,1,보성군,이화명나방(감수율),0.0
2025,6,1,1,보성군,이화명나방(피해율),0.0
2025,6,1,1,보성군,이화명나방(발생면적율),0.0
2025,6,1,1,보성군,벼애나방(발생추정면적),0.0
2025,6,1,1,보성군,벼애나방(감수율),0.0
2025,6,1,1,보성군,벼애나방(피해율),0.0
2025,6,1,1,보성군,벼애나방(발생면적율),0.0
2025,6,1,1,보성군,벼잎선충(발생추정면적),0.0
2025,6,1,1,보성군,벼잎선충(감수율),0.0
2025,6,1,1,보성군,벼잎선충(피해율),0.0
2025,6,1,1,보성군,벼잎선충(발생면적율),0.0
2025,6,1,1,순천시,잎도열병(발생추정면적),0.0
2025,6,1,1,순천시,잎도열병(감수율),0.0
2025,6,1,1,순천시,잎도열병(피해율),0.0
2025,6,1,1,순천시,잎도열병(발생면적율),0.0
2025,6,1,1,순천시,이삭도열병(발생추정면적),0.0
2025,6,1,1,순천시,이삭도열병(감수율),0.0
2025,6,1,1,순천시,이삭도열병(피해율),0.0
2025,6,1,1,순천시,이삭도열병(발생면적율),0.0
2025,6,1,1,순천시,잎집무늬마름병(발생추정면적),0.0
2025,6,1,1,순천시,잎집무늬마름병(감수율),0.0
2025,6,1,1,순천시,잎집무늬마름병(피해율),0.0
2025,6,1,1,순천시,잎집무늬마름병(발생면적율),0.0
2025,6,1,1,순천시,흰잎마름병(발생추정면적),0.0
2025,6,1,1,순천시,흰잎마름병(감수율),0.0
2025,6,1,1,순천시,흰잎마름병(피해율),0.0
2025,6,1,1,순천시,흰잎마름병(발생면적율),0.0
2025,6,1,1,순천시,세균벼알마름병(발생추정면적),0.0
2025,6,1,1,순천시,세균벼알마름병(감수율),0.0
2025,6,1,1,순천시,세균벼알마름병(피해율),0.0
2025,6,1,1,순천시,세균벼알마름병(발생면적율),0.0
2025,6,1,1,순천시,줄무늬잎마름병(발생면적),0.0
2025,6,1,1,순천시,줄무늬잎마름병(감수율),0.0
2025,6,1,1,순천시,줄무늬잎마름병(피해율),0.0
2025,6,1,1,순천시,줄무늬잎마름병(발생면적률),0.0
2025,6,1,1,순천시,벼검은줄오갈병(발생면적),0.0
2025,6,1,1,순천시,벼검은줄오갈병(감수율),0.0
2025,6,1,1,순천시,벼검은줄오갈병(피해율),0.0
2025,6,1,1,순천시,벼검은줄오갈병(발생면적률),0.0
2025,6,1,1,순천시,오갈병(발생면적),0.0
2025,6,1,1,순천시,오갈병(감수율),0.0
2025,6,1,1,순천시,오갈병(피해율),0.0
2025,6,1,1,순천시,오갈병(발생면적률),0.0
2025,6,1,1,순천시,이삭누룩병(발생추정면적),0.0
2025,6,1,1,순천시,이삭누룩병(감수율),0.0
2025,6,1,1,순천시,이삭누룩병(피해율),0.0
2025,6,1,1,순천시,이삭누룩병(발생면적율),0.0
2025,6,1,1,순천시,깨씨무늬병(발생추정면적),0.0
2025,6,1,1,순천시,깨씨무늬병(감수율),0.0
2025,6,1,1,순천시,깨씨무늬병(피해율),0.0
2025,6,1,1,순천시,깨씨무늬병(발생면적율),0.0
2025,6,1,1,순천시,벼잎벌레(발생추정면적),0.0
2025,6,1,1,순천시,벼잎벌레(감수율),0.0
2025,6,1,1,순천시,벼잎벌레(피해율),0.0
2025,6,1,1,순천시,벼잎벌레(발생면적율),0.0
2025,6,1,1,순천시,벼애잎굴파리(발생추정면적),0.0
2025,6,1,1,순천시,벼애잎굴파리(감수율),0.0
2025,6,1,1,순천시,벼애잎굴파리(피해율),0.0
2025,6,1,1,순천시,벼애잎굴파리(발생면적율),0.0
2025,6,1,1,순천시,벼줄기굴파리(발생추정면적),0.0
2025,6,1,1,순천시,벼줄기굴파리(감수율),0.0
2025,6,1,1,순천시,벼줄기굴파리(피해율),0.0
2025,6,1,1,순천시,벼줄기굴파리(발생면적율),0.0
2025,6,1,1,순천시,애멸구(발생추정면적),0.0
2025,6,1,1,순천시,애멸구(감수율),0.0
2025,6,1,1,순천시,애멸구(피해율),0.0
2025,6,1,1,순천시,애멸구(발생면적율),0.0
2025,6,1,1,순천시,끝동매미충(발생추정면적),0.0
2025,6,1,1,순천시,끝동매미충(감수율),0.0
2025,6,1,1,순천시,끝동매미충(피해율),0.0
2025,6,1,1,순천시,끝동매미충(발생면적율),0.0
2025,6,1,1,순천시,벼멸구(발생추정면적),0.0
2025,6,1,1,순천시,벼멸구(감수율),0.0
2025,6,1,1,순천시,벼멸구(피해율),0.0
2025,6,1,1,순천시,벼멸구(발생면적율),0.0
2025,6,1,1,순천시,흰등멸구(발생추정면적),0.0
2025,6,1,1,순천시,흰등멸구(감수율),0.0
2025,6,1,1,순천시,흰등멸구(피해율),0.0
2025,6,1,1,순천시,흰등멸구(발생면적율),0.0
2025,6,1,1,순천시,벼물바구미(발생추정면적),0.0
2025,6,1,1,순천시,벼물바구미(감수율),0.0
2025,6,1,1,순천시,벼물바구미(피해율),0.0
2025,6,1,1,순천시,벼물바구미(발생면적율),0.0
2025,6,1,1,순천시,혹명나방(발생추정면적),0.0
2025,6,1,1,순천시,혹명나방(감수율),0.0
2025,6,1,1,순천시,혹명나방(피해율),0.0
2025,6,1,1,순천시,혹명나방(발생면적율),0.0
2025,6,1,1,순천시,멸강나방(발생추정면적),0.0
2025,6,1,1,순천시,멸강나방(감수율),0.0
2025,6,1,1,순천시,멸강나방(피해율),0.0
2025,6,1,1,순천시,멸강나방(발생면적율),0.0
2025,6,1,1,순천시,먹노린재(발생추정면적),0.0
2025,6,1,1,순천시,먹노린재(감수율),0.0
2025,6,1,1,순천시,먹노린재(피해율),0.0
2025,6,1,1,순천시,먹노린재(발생면적율),0.0
2025,6,1,1,순천시,이화명나방1화기(발생면적),0.0
2025,6,1,1,순천시,이화명나방1화기(감수율),0.0
2025,6,1,1,순천시,이화명나방1화기(피해율),0.0
2025,6,1,1,순천시,이화명나방1화기(발생면적률),0.0
2025,6,1,1,순천시,이화명나방2화기(발생면적),0.0
2025,6,1,1,순천시,이화명나방2화기(감수율),0.0
2025,6,1,1,순천시,이화명나방2화기(피해율),0.0
2025,6,1,1,순천시,이화명나방2화기(발생면적률),0.0
2025,6,1,1,순천시,바이러스병(발생추정면적),0.0
2025,6,1,1,순천시,바이러스병(감수율),0.0
2025,6,1,1,순천시,바이러스병(피해율),0.0
2025,6,1,1,순천시,바이러스병(발생면적율),0.0
2025,6,1,1,순천시,키다리병(발생추정면적),0.0
2025,6,1,1,순천시,키다리병(감수율),0.0
2025,6,1,1,순천시,키다리병(피해율),0.0
2025,6,1,1,순천시,키다리병(발생면적율),0.0
2025,6,1,1,순천시,이화명나방(발생추정면적),0.0
2025,6,1,1,순천시,이화명나방(감수율),0.0
2025,6,1,1,순천시,이화명나방(피해율),0.0
2025,6,1,1,순천시,이화명나방(발생면적율),0.0
2025,6,1,1,순천시,벼애나방(발생추정면적),0.0
2025,6,1,1,순천시,벼애나방(감수율),0.0
2025,6,1,1,순천시,벼애나방(피해율),0.0
2025,6,1,1,순천시,벼애나방(발생면적율),0.0
2025,6,1,1,순천시,벼잎선충(발생추정면적),0.0
2025,6,1,1,순천시,벼잎선충(감수율),0.0
2025,6,1,1,순천시,벼잎선충(피해율),0.0
2025,6,1,1,순천시,벼잎선충(발생면적율),0.0
2025,6,1,1,신안군,잎도열병(발생추정면적),0.0
2025,6,1,1,신안군,잎도열병(감수율),0.0
2025,6,1,1,신안군,잎도열병(피해율),0.0
2025,6,1,1,신안군,잎도열병(발생면적율),0.0
2025,6,1,1,신안군,이삭도열병(발생추정면적),0.0
2025,6,1,1,신안군,이삭도열병(감수율),0.0
2025,6,1,1,신안군,이삭도열병(피해율),0.0
2025,6,1,1,신안군,이삭도열병(발생면적율),0.0
2025,6,1,1,신안군,잎집무늬마름병(발생추정면적),0.0
2025,6,1,1,신안군,잎집무늬마름병(감수율),0.0
2025,6,1,1,신안군,잎집무늬마름병(피해율),0.0
2025,6,1,1,신안군,잎집무늬마름병(발생면적율),0.0
2025,6,1,1,신안군,흰잎마름병(발생추정면적),0.0
2025,6,1,1,신안군,흰잎마름병(감수율),0.0
2025,6,1,1,신안군,흰잎마름병(피해율),0.0
2025,6,1,1,신안군,흰잎마름병(발생면적율),0.0
2025,6,1,1,신안군,세균벼알마름병(발생추정면적),0.0
2025,6,1,1,신안군,세균벼알마름병(감수율),0.0
2025,6,1,1,신안군,세균벼알마름병(피해율),0.0
2025,6,1,1,신안군,세균벼알마름병(발생면적율),0.0
2025,6,1,1,신안군,줄무늬잎마름병(발생면적),0.0
2025,6,1,1,신안군,줄무늬잎마름병(감수율),0.0
2025,6,1,1,신안군,줄무늬잎마름병(피해율),0.0
2025,6,1,1,신안군,줄무늬잎마름병(발생면적률),0.0
2025,6,1,1,신안군,벼검은줄오갈병(발생면적),0.0
2025,6,1,1,신안군,벼검은줄오갈병(감수율),0.0
2025,6,1,1,신안군,벼검은줄오갈병(피해율),0.0
2025,6,1,1,신안군,벼검은줄오갈병(발생면적률),0.0
2025,6,1,1,신안군,오갈병(발생면적),0.0
2025,6,1,1,신안군,오갈병(감수율),0.0
2025,6,1,1,신안군,오갈병(피해율),0.0
2025,6,1,1,신안군,오갈병(발생면적률),0.0
2025,6,1,1,신안군,이삭누룩병(발생추정면적),0.0
2025,6,1,1,신안군,이삭누룩병(감수율),0.0
2025,6,1,1,신안군,이삭누룩병(피해율),0.0
2025,6,1,1,신안군,이삭누룩병(발생면적율),0.0
2025,6,1,1,신안군,깨씨무늬병(발생추정면적),0.0
2025,6,1,1,신안군,깨씨무늬병(감수율),0.0
2025,6,1,1,신안군,깨씨무늬병(피해율),0.0
2025,6,1,1,신안군,깨씨무늬병(발생면적율),0.0
2025,6,1,1,신안군,벼잎벌레(발생추정면적),0.0
2025,6,1,1,신안군,벼잎벌레(감수율),0.0
2025,6,1,1,신안군,벼잎벌레(피해율),0.0
2025,6,1,1,신안군,벼잎벌레(발생면적율),0.0
2025,6,1,1,신안군,벼애잎굴파리(발생추정면적),0.0
2025,6,1,1,신안군,벼애잎굴파리(감수율),0.0
2025,6,1,1,신안군,벼애잎굴파리(피해율),0.0
2025,6,1,1,신안군,벼애잎굴파리(발생면적율),0.0
2025,6,1,1,신안군,벼줄기굴파리(발생추정면적),0.0
2025,6,1,1,신안군,벼줄기굴파리(감수율),0.0
2025,6,1,1,신안군,벼줄기굴파리(피해율),0.0
2025,6,1,1,신안군,벼줄기굴파리(발생면적율),0.0
2025,6,1,1,신안군,애멸구(발생추정면적),0.0
2025,6,1,1,신안군,애멸구(감수율),0.0
2025,6,1,1,신안군,애멸구(피해율),0.0
2025,6,1,1,신안군,애멸구(발생면적율),0.0
2025,6,1,1,신안군,끝동매미충(발생추정면적),0.0
2025,6,1,1,신안군,끝동매미충(감수율),0.0
2025,6,1,1,신안군,끝동매미충(피해율),0.0
2025,6,1,1,신안군,끝동매미충(발생면적율),0.0
2025,6,1,1,신안군,벼멸구(발생추정면적),0.0
2025,6,1,1,신안군,벼멸구(감수율),0.0
2025,6,1,1,신안군,벼멸구(피해율),0.0
2025,6,1,1,신안군,벼멸구(발생면적율),0.0
2025,6,1,1,신안군,흰등멸구(발생추정면적),0.0
2025,6,1,1,신안군,흰등멸구(감수율),0.0
2025,6,1,1,신안군,흰등멸구(피해율),0.0
2025,6,1,1,신안군,흰등멸구(발생면적율),0.0
2025,6,1,1,신안군,벼물바구미(발생추정면적),0.0
2025,6,1,1,신안군,벼물바구미(감수율),0.0
2025,6,1,1,신안군,벼물바구미(피해율),0.0
2025,6,1,1,신안군,벼물바구미(발생면적율),0.0
2025,6,1,1,신안군,혹명나방(발생추정면적),0.0
2025,6,1,1,신안군,혹명나방(감수율),0.0
2025,6,1,1,신안군,혹명나방(피해율),0.0
2025,6,1,1,신안군,혹명나방(발생면적율),0.0
2025,6,1,1,신안군,멸강나방(발생추정면적),0.0
2025,6,1,1,신안군,멸강나방(감수율),0.0
2025,6,1,1,신안군,멸강나방(피해율),0.0
2025,6,1,1,신안군,멸강나방(발생면적율),0.0
2025,6,1,1,신안군,먹노린재(발생추정면적),0.0
2025,6,1,1,신안군,먹노린재(감수율),0.0
2025,6,1,1,신안군,먹노린재(피해율),0.0
2025,6,1,1,신안군,먹노린재(발생면적율),0.0
2025,6,1,1,신안군,이화명나방1화기(발생면적),0.0
2025,6,1,1,신안군,이화명나방1화기(감수율),0.0
2025,6,1,1,신안군,이화명나방1화기(피해율),0.0
2025,6,1,1,신안군,이화명나방1화기(발생면적률),0.0
2025,6,1,1,신안군,이화명나방2화기(발생면적),0.0
2025,6,1,1,신안군,이화명나방2화기(감수율),0.0
2025,6,1,1,신안군,이화명나방2화기(피해율),0.0
2025,6,1,1,신안군,이화명나방2화기(발생면적률),0.0
2025,6,1,1,신안군,바이러스병(발생추정면적),0.0
2025,6,1,1,신안군,바이러스병(감수율),0.0
2025,6,1,1,신안군,바이러스병(피해율),0.0
2025,6,1,1,신안군,바이러스병(발생면적율),0.0
2025,6,1,1,신안군,키다리병(발생추정면적),0.0
2025,6,1,1,신안군,키다리병(감수율),0.0
2025,6,1,1,신안군,키다리병(피해율),0.0
2025,6,1,1,신안군,키다리병(발생면적율),0.0
2025,6,1,1,신안군,이화명나방(발생추정면적),0.0
2025,6,1,1,신안군,이화명나방(감수율),0.0
2025,6,1,1,신안군,이화명나방(피해율),0.0
2025,6,1,1,신안군,이화명나방(발생면적율),0.0
2025,6,1,1,신안군,벼애나방(발생추정면적),0.0
2025,6,1,1,신안군,벼애나방(감수율),0.0
2025,6,1,1,신안군,벼애나방(피해율),0.0
2025,6,1,1,신안군,벼애나방(발생면적율),0.0
2025,6,1,1,신안군,벼잎선충(발생추정면적),0.0
2025,6,1,1,신안군,벼잎선충(감수율),0.0
2025,6,1,1,신안군,벼잎선충(피해율),0.0
2025,6,1,1,신안군,벼잎선충(발생면적율),0.0
2025,6,1,1,여수시,잎도열병(발생추정면적),0.0
2025,6,1,1,여수시,잎도열병(감수율),0.0
2025,6,1,1,여수시,잎도열병(피해율),0.0
2025,6,1,1,여수시,잎도열병(발생면적율),0.0
2025,6,1,1,여수시,이삭도열병(발생추정면적),0.0
2025,6,1,1,여수시,이삭도열병(감수율),0.0
2025,6,1,1,여수시,이삭도열병(피해율),0.0
2025,6,1,1,여수시,이삭도열병(발생면적율),0.0
2025,6,1,1,여수시,잎집무늬마름병(발생추정면적),0.0
2025,6,1,1,여수시,잎집무늬마름병(감수율),0.0
2025,6,1,1,여수시,잎집무늬마름병(피해율),0.0
2025,6,1,1,여수시,잎집무늬마름병(발생면적율),0.0
2025,6,1,1,여수시,흰잎마름병(발생추정면적),0.0
2025,6,1,1,여수시,흰잎마름병(감수율),0.0
2025,6,1,1,여수시,흰잎마름병(피해율),0.0
2025,6,1,1,여수시,흰잎마름병(발생면적율),0.0
2025,6,1,1,여수시,세균벼알마름병(발생추정면적),0.0
2025,6,1,1,여수시,세균벼알마름병(감수율),0.0
2025,6,1,1,여수시,세균벼알마름병(피해율),0.0
2025,6,1,1,여수시,세균벼알마름병(발생면적율),0.0
2025,6,1,1,여수시,줄무늬잎마름병(발생면적),0.0
2025,6,1,1,여수시,줄무늬잎마름병(감수율),0.0
2025,6,1,1,여수시,줄무늬잎마름병(피해율),0.0
2025,6,1,1,여수시,줄무늬잎마름병(발생면적률),0.0
2025,6,1,1,여수시,벼검은줄오갈병(발생면적),0.0
2025,6,1,1,여수시,벼검은줄오갈병(감수율),0.0
2025,6,1,1,여수시,벼검은줄오갈병(피해율),0.0
2025,6,1,1,여수시,벼검은줄오갈병(발생면적률),0.0
2025,6,1,1,여수시,오갈병(발생면적),0.0
2025,6,1,1,여수시,오갈병(감수율),0.0
2025,6,1,1,여수시,오갈병(피해율),0.0
2025,6,1,1,여수시,오갈병(발생면적률),0.0
2025,6,1,1,여수시,이삭누룩병(발생추정면적),0.0
2025,6,1,1,여수시,이삭누룩병(감수율),0.0
2025,6,1,1,여수시,이삭누룩병(피해율),0.0
2025,6,1,1,여수시,이삭누룩병(발생면적율),0.0
2025,6,1,1,여수시,깨씨무늬병(발생추정면적),0.0
2025,6,1,1,여수시,깨씨무늬병(감수율),0.0
2025,6,1,1,여수시,깨씨무늬병(피해율),0.0
2025,6,1,1,여수시,깨씨무늬병(발생면적율),0.0
2025,6,1,1,여수시,벼잎벌레(발생추정면적),0.0
2025,6,1,1,여수시,벼잎벌레(감수율),0.0
2025,6,1,1,여수시,벼잎벌레(피해율),0.0
2025,6,1,1,여수시,벼잎벌레(발생면적율),0.0
2025,6,1,1,여수시,벼애잎굴파리(발생추정면적),0.0
2025,6,1,1,여수시,벼애잎굴파리(감수율),0.0
2025,6,1,1,여수시,벼애잎굴파리(피해율),0.0
2025,6,1,1,여수시,벼애잎굴파리(발생면적율),0.0
2025,6,1,1,여수시,벼줄기굴파리(발생추정면적),0.0
2025,6,1,1,여수시,벼줄기굴파리(감수율),0.0
2025,6,1,1,여수시,벼줄기굴파리(피해율),0.0
2025,6,1,1,여수시,벼줄기굴파리(발생면적율),0.0
2025,6,1,1,여수시,애멸구(발생추정면적),0.0
2025,6,1,1,여수시,애멸구(감수율),0.0
2025,6,1,1,여수시,애멸구(피해율),0.0
2025,6,1,1,여수시,애멸구(발생면적율),0.0
2025,6,1,1,여수시,끝동매미충(발생추정면적),0.0
2025,6,1,1,여수시,끝동매미충(감수율),0.0
2025,6,1,1,여수시,끝동매미충(피해율),0.0
2025,6,1,1,여수시,끝동매미충(발생면적율),0.0
2025,6,1,1,여수시,벼멸구(발생추정면적),0.0
2025,6,1,1,여수시,벼멸구(감수율),0.0
2025,6,1,1,여수시,벼멸구(피해율),0.0
2025,6,1,1,여수시,벼멸구(발생면적율),0.0
2025,6,1,1,여수시,흰등멸구(발생추정면적),0.0
2025,6,1,1,여수시,흰등멸구(감수율),0.0
2025,6,1,1,여수시,흰등멸구(피해율),0.0
2025,6,1,1,여수시,흰등멸구(발생면적율),0.0
2025,6,1,1,여수시,벼물바구미(발생추정면적),0.0
2025,6,1,1,여수시,벼물바구미(감수율),0.0
2025,6,1,1,여수시,벼물바구미(피해율),0.0
2025,6,1,1,여수시,벼물바구미(발생면적율),0.0
2025,6,1,1,여수시,혹명나방(발생추정면적),0.0
2025,6,1,1,여수시,혹명나방(감수율),0.0
2025,6,1,1,여수시,혹명나방(피해율),0.0
2025,6,1,1,여수시,혹명나방(발생면적율),0.0
2025,6,1,1,여수시,멸강나방(발생추정면적),0.0
2025,6,1,1,여수시,멸강나방(감수율),0.0
2025,6,1,1,여수시,멸강나방(피해율),0.0
2025,6,1,1,여수시,멸강나방(발생면적율),0.0
2025,6,1,1,여수시,먹노린재(발생추정면적),0.0
2025,6,1,1,여수시,먹노린재(감수율),0.0
2025,6,1,1,여수시,먹노린재(피해율),0.0
2025,6,1,1,여수시,먹노린재(발생면적율),0.0
2025,6,1,1,여수시,이화명나방1화기(발생면적),0.0
2025,6,1,1,여수시,이화명나방1화기(감수율),0.0
2025,6,1,1,여수시,이화명나방1화기(피해율),0.0
2025,6,1,1,여수시,이화명나방1화기(발생면적률),0.0
2025,6,1,1,여수시,이화명나방2화기(발생면적),0.0
2025,6,1,1,여수시,이화명나방2화기(감수율),0.0
2025,6,1,1,여수시,이화명나방2화기(피해율),0.0
2025,6,1,1,여수시,이화명나방2화기(발생면적률),0.0
2025,6,1,1,여수시,바이러스병(발생추정면적),0.0
2025,6,1,1,여수시,바이러스병(감수율),0.0
2025,6,1,1,여수시,바이러스병(피해율),0.0
2025,6,1,1,여수시,바이러스병(발생면적율),0.0
2025,6,1,1,여수시,키다리병(발생추정면적),0.0
2025,6,1,1,여수시,키다리병(감수율),0.0
2025,6,1,1,여수시,키다리병(피해율),0.0
2025,6,1,1,여수시,키다리병(발생면적율),0.0
2025,6,1,1,여수시,이화명나방(발생추정면적),0.0
2025,6,1,1,여수시,이화명나방(감수율),0.0
2025,6,1,1,여수시,이화명나방(피해율),0.0
2025,6,1,1,여수시,이화명나방(발생면적율),0.0
2025,6,1,1,여수시,벼애나방(발생추정면적),0.0
2025,6,1,1,여수시,벼애나방(감수율),0.0
2025,6,1,1,여수시,벼애나방(피해율),0.0
2025,6,1,1,여수시,벼애나방(발생면적율),0.0
2025,6,1,1,여수시,벼잎선충(발생추정면적),0.0
2025,6,1,1,여수시,벼잎선충(감수율),0.0
2025,6,1,1,여수시,벼잎선충(피해율),0.0
2025,6,1,1,여수시,벼잎선충(발생면적율),0.0
2025,6,1,1,영광군,잎도열병(발생추정면적),0.0
2025,6,1,1,영광군,잎도열병(감수율),0.0
2025,6,1,1,영광군,잎도열병(피해율),0.0
2025,6,1,1,영광군,잎도열병(발생면적율),0.0
2025,6,1,1,영광군,이삭도열병(발생추정면적),0.0
2025,6,1,1,영광군,이삭도열병(감수율),0.0
2025,6,1,1,영광군,이삭도열병(피해율),0.0
2025,6,1,1,영광군,이삭도열병(발생면적율),0.0
2025,6,1,1,영광군,잎집무늬마름병(발생추정면적),0.0
2025,6,1,1,영광군,잎집무늬마름병(감수율),0.0
2025,6,1,1,영광군,잎집무늬마름병(피해율),0.0
2025,6,1,1,영광군,잎집무늬마름병(발생면적율),0.0
2025,6,1,1,영광군,흰잎마름병(발생추정면적),0.0
2025,6,1,1,영광군,흰잎마름병(감수율),0.0
2025,6,1,1,영광군,흰잎마름병(피해율),0.0
2025,6,1,1,영광군,흰잎마름병(발생면적율),0.0
2025,6,1,1,영광군,세균벼알마름병(발생추정면적),0.0
2025,6,1,1,영광군,세균벼알마름병(감수율),0.0
2025,6,1,1,영광군,세균벼알마름병(피해율),0.0
2025,6,1,1,영광군,세균벼알마름병(발생면적율),0.0
2025,6,1,1,영광군,줄무늬잎마름병(발생면적),0.0
2025,6,1,1,영광군,줄무늬잎마름병(감수율),0.0
2025,6,1,1,영광군,줄무늬잎마름병(피해율),0.0
2025,6,1,1,영광군,줄무늬잎마름병(발생면적률),0.0
2025,6,1,1,영광군,벼검은줄오갈병(발생면적),0.0
2025,6,1,1,영광군,벼검은줄오갈병(감수율),0.0
2025,6,1,1,영광군,벼검은줄오갈병(피해율),0.0
2025,6,1,1,영광군,벼검은줄오갈병(발생면적률),0.0
2025,6,1,1,영광군,오갈병(발생면적),0.0
2025,6,1,1,영광군,오갈병(감수율),0.0
2025,6,1,1,영광군,오갈병(피해율),0.0
2025,6,1,1,영광군,오갈병(발생면적률),0.0
2025,6,1,1,영광군,이삭누룩병(발생추정면적),0.0
2025,6,1,1,영광군,이삭누룩병(감수율),0.0
2025,6,1,1,영광군,이삭누룩병(피해율),0.0
2025,6,1,1,영광군,이삭누룩병(발생면적율),0.0
2025,6,1,1,영광군,깨씨무늬병(발생추정면적),0.0
2025,6,1,1,영광군,깨씨무늬병(감수율),0.0
2025,6,1,1,영광군,깨씨무늬병(피해율),0.0
2025,6,1,1,영광군,깨씨무늬병(발생면적율),0.0
2025,6,1,1,영광군,벼잎벌레(발생추정면적),0.0
2025,6,1,1,영광군,벼잎벌레(감수율),0.0
2025,6,1,1,영광군,벼잎벌레(피해율),0.0
2025,6,1,1,영광군,벼잎벌레(발생면적율),0.0
2025,6,1,1,영광군,벼애잎굴파리(발생추정면적),0.0
2025,6,1,1,영광군,벼애잎굴파리(감수율),0.0
2025,6,1,1,영광군,벼애잎굴파리(피해율),0.0
2025,6,1,1,영광군,벼애잎굴파리(발생면적율),0.0
2025,6,1,1,영광군,벼줄기굴파리(발생추정면적),0.0
2025,6,1,1,영광군,벼줄기굴파리(감수율),0.0
2025,6,1,1,영광군,벼줄기굴파리(피해율),0.0
2025,6,1,1,영광군,벼줄기굴파리(발생면적율),0.0
2025,6,1,1,영광군,애멸구(발생추정면적),0.0
2025,6,1,1,영광군,애멸구(감수율),0.0
2025,6,1,1,영광군,애멸구(피해율),0.0
2025,6,1,1,영광군,애멸구(발생면적율),0.0
2025,6,1,1,영광군,끝동매미충(발생추정면적),0.0
2025,6,1,1,영광군,끝동매미충(감수율),0.0
2025,6,1,1,영광군,끝동매미충(피해율),0.0
2025,6,1,1,영광군,끝동매미충(발생면적율),0.0
2025,6,1,1,영광군,벼멸구(발생추정면적),0.0
2025,6,1,1,영광군,벼멸구(감수율),0.0
2025,6,1,1,영광군,벼멸구(피해율),0.0
2025,6,1,1,영광군,벼멸구(발생면적율),0.0
2025,6,1,1,영광군,흰등멸구(발생추정면적),0.0
2025,6,1,1,영광군,흰등멸구(감수율),0.0
2025,6,1,1,영광군,흰등멸구(피해율),0.0
2025,6,1,1,영광군,흰등멸구(발생면적율),0.0
2025,6,1,1,영광군,벼물바구미(발생추정면적),0.0
2025,6,1,1,영광군,벼물바구미(감수율),0.0
2025,6,1,1,영광군,벼물바구미(피해율),0.0
2025,6,1,1,영광군,벼물바구미(발생면적율),0.0
2025,6,1,1,영광군,혹명나방(발생추정면적),0.0
2025,6,1,1,영광군,혹명나방(감수율),0.0
2025,6,1,1,영광군,혹명나방(피해율),0.0
2025,6,1,1,영광군,혹명나방(발생면적율),0.0
2025,6,1,1,영광군,멸강나방(발생추정면적),0.0
2025,6,1,1,영광군,멸강나방(감수율),0.0
2025,6,1,1,영광군,멸강나방(피해율),0.0
2025,6,1,1,영광군,멸강나방(발생면적율),0.0
2025,6,1,1,영광군,먹노린재(발생추정면적),0.0
2025,6,1,1,영광군,먹노린재(감수율),0.0
2025,6,1,1,영광군,먹노린재(피해율),0.0
2025,6,1,1,영광군,먹노린재(발생면적율),0.0
2025,6,1,1,영광군,이화명나방1화기(발생면적),0.0
2025,6,1,1,영광군,이화명나방1화기(감수율),0.0
2025,6,1,1,영광군,이화명나방1화기(피해율),0.0
2025,6,1,1,영광군,이화명나방1화기(발생면적률),0.0
2025,6,1,1,영광군,이화명나방2화기(발생면적),0.0
2025,6,1,1,영광군,이화명나방2화기(감수율),0.0
2025,6,1,1,영광군,이화명나방2화기(피해율),0.0
2025,6,1,1,영광군,이화명나방2화기(발생면적률),0.0
2025,6,1,1,영광군,바이러스병(발생추정면적),0.0
2025,6,1,1,영광군,바이러스병(감수율),0.0
2025,6,1,1,영광군,바이러스병(피해율),0.0
2025,6,1,1,영광군,바이러스병(발생면적율),0.0
2025,6,1,1,영광군,키다리병(발생추정면적),0.0
2025,6,1,1,영광군,키다리병(감수율),0.0
2025,6,1,1,영광군,키다리병(피해율),0.0
2025,6,1,1,영광군,키다리병(발생면적율),0.0
2025,6,1,1,영광군,이화명나방(발생추정면적),0.0
2025,6,1,1,영광군,이화명나방(감수율),0.0
2025,6,1,1,영광군,이화명나방(피해율),0.0
2025,6,1,1,영광군,이화명나방(발생면적율),0.0
2025,6,1,1,영광군,벼애나방(발생추정면적),0.0
2025,6,1,1,영광군,벼애나방(감수율),0.0
2025,6,1,1,영광군,벼애나방(피해율),0.0
2025,6,1,1,영광군,벼애나방(발생면적율),0.0
2025,6,1,1,영광군,벼잎선충(발생추정면적),0.0
2025,6,1,1,영광군,벼잎선충(감수율),0.0
2025,6,1,1,영광군,벼잎선충(피해율),0.0
2025,6,1,1,영광군,벼잎선충(발생면적율),0.0
2025,6,1,1,영암군,잎도열병(발생추정면적),0.0
2025,6,1,1,영암군,잎도열병(감수율),0.0
2025,6,1,1,영암군,잎도열병(피해율),0.0
2025,6,1,1,영암군,잎도열병(발생면적율),0.0
2025,6,1,1,영암군,이삭도열병(발생추정면적),0.0
2025,6,1,1,영암군,이삭도열병(감수율),0.0
2025,6,1,1,영암군,이삭도열병(피해율),0.0
2025,6,1,1,영암군,이삭도열병(발생면적율),0.0
2025,6,1,1,영암군,잎집무늬마름병(발생추정면적),0.0
2025,6,1,1,영암군,잎집무늬마름병(감수율),0.0
2025,6,1,1,영암군,잎집무늬마름병(피해율),0.0
2025,6,1,1,영암군,잎집무늬마름병(발생면적율),0.0
2025,6,1,1,영암군,흰잎마름병(발생추정면적),0.0
2025,6,1,1,영암군,흰잎마름병(감수율),0.0
2025,6,1,1,영암군,흰잎마름병(피해율),0.0
2025,6,1,1,영암군,흰잎마름병(발생면적율),0.0
2025,6,1,1,영암군,세균벼알마름병(발생추정면적),0.0
2025,6,1,1,영암군,세균벼알마름병(감수율),0.0
2025,6,1,1,영암군,세균벼알마름병(피해율),0.0
2025,6,1,1,영암군,세균벼알마름병(발생면적율),0.0
2025,6,1,1,영암군,줄무늬잎마름병(발생면적),0.0
2025,6,1,1,영암군,줄무늬잎마름병(감수율),0.0
2025,6,1,1,영암군,줄무늬잎마름병(피해율),0.0
2025,6,1,1,영암군,줄무늬잎마름병(발생면적률),0.0
2025,6,1,1,영암군,벼검은줄오갈병(발생면적),0.0
2025,6,1,1,영암군,벼검은줄오갈병(감수율),0.0
2025,6,1,1,영암군,벼검은줄오갈병(피해율),0.0
2025,6,1,1,영암군,벼검은줄오갈병(발생면적률),0.0
2025,6,1,1,영암군,오갈병(발생면적),0.0
2025,6,1,1,영암군,오갈병(감수율),0.0
2025,6,1,1,영암군,오갈병(피해율),0.0
2025,6,1,1,영암군,오갈병(발생면적률),0.0
2025,6,1,1,영암군,이삭누룩병(발생추정면적),0.0
2025,6,1,1,영암군,이삭누룩병(감수율),0.0
2025,6,1,1,영암군,이삭누룩병(피해율),0.0
2025,6,1,1,영암군,이삭누룩병(발생면적율),0.0
2025,6,1,1,영암군,깨씨무늬병(발생추정면적),0.0
2025,6,1,1,영암군,깨씨무늬병(감수율),0.0
2025,6,1,1,영암군,깨씨무늬병(피해율),0.0
2025,6,1,1,영암군,깨씨무늬병(발생면적율),0.0
2025,6,1,1,영암군,벼잎벌레(발생추정면적),0.0
2025,6,1,1,영암군,벼잎벌레(감수율),0.0
2025,6,1,1,영암군,벼잎벌레(피해율),0.0
2025,6,1,1,영암군,벼잎벌레(발생면적율),0.0
2025,6,1,1,영암군,벼애잎굴파리(발생추정면적),0.0
2025,6,1,1,영암군,벼애잎굴파리(감수율),0.0
2025,6,1,1,영암군,벼애잎굴파리(피해율),0.0
2025,6,1,1,영암군,벼애잎굴파리(발생면적율),0.0
2025,6,1,1,영암군,벼줄기굴파리(발생추정면적),0.0
2025,6,1,1,영암군,벼줄기굴파리(감수율),0.0
2025,6,1,1,영암군,벼줄기굴파리(피해율),0.0
2025,6,1,1,영암군,벼줄기굴파리(발생면적율),0.0
2025,6,1,1,영암군,애멸구(발생추정면적),0.0
2025,6,1,1,영암군,애멸구(감수율),0.0
2025,6,1,1,영암군,애멸구(피해율),0.0
2025,6,1,1,영암군,애멸구(발생면적율),0.0
2025,6,1,1,영암군,끝동매미충(발생추정면적),0.0
2025,6,1,1,영암군,끝동매미충(감수율),0.0
2025,6,1,1,영암군,끝동매미충(피해율),0.0
2025,6,1,1,영암군,끝동매미충(발생면적율),0.0
2025,6,1,1,영암군,벼멸구(발생추정면적),0.0
2025,6,1,1,영암군,벼멸구(감수율),0.0
2025,6,1,1,영암군,벼멸구(피해율),0.0
2025,6,1,1,영암군,벼멸구(발생면적율),0.0
2025,6,1,1,영암군,흰등멸구(발생추정면적),0.0
2025,6,1,1,영암군,흰등멸구(감수율),0.0
2025,6,1,1,영암군,흰등멸구(피해율),0.0
2025,6,1,1,영암군,흰등멸구(발생면적율),0.0
2025,6,1,1,영암군,벼물바구미(발생추정면적),0.0
2025,6,1,1,영암군,벼물바구미(감수율),0.0
2025,6,1,1,영암군,벼물바구미(피해율),0.0
2025,6,1,1,영암군,벼물바구미(발생면적율),0.0
2025,6,1,1,영암군,혹명나방(발생추정면적),0.0
2025,6,1,1,영암군,혹명나방(감수율),0.0
2025,6,1,1,영암군,혹명나방(피해율),0.0
2025,6,1,1,영암군,혹명나방(발생면적율),0.0
2025,6,1,1,영암군,멸강나방(발생추정면적),0.0
2025,6,1,1,영암군,멸강나방(감수율),0.0
2025,6,1,1,영암군,멸강나방(피해율),0.0
2025,6,1,1,영암군,멸강나방(발생면적율),0.0
2025,6,1,1,영암군,먹노린재(발생추정면적),0.0
2025,6,1,1,영암군,먹노린재(감수율),0.0
2025,6,1,1,영암군,먹노린재(피해율),0.0
2025,6,1,1,영암군,먹노린재(발생면적율),0.0
2025,6,1,1,영암군,이화명나방1화기(발생면적),0.0
2025,6,1,1,영암군,이화명나방1화기(감수율),0.0
2025,6,1,1,영암군,이화명나방1화기(피해율),0.0
2025,6,1,1,영암군,이화명나방1화기(발생면적률),0.0
2025,6,1,1,영암군,이화명나방2화기(발생면적),0.0
2025,6,1,1,영암군,이화명나방2화기(감수율),0.0
2025,6,1,1,영암군,이화명나방2화기(피해율),0.0
2025,6,1,1,영암군,이화명나방2화기(발생면적률),0.0
2025,6,1,1,영암군,바이러스병(발생추정면적),0.0
2025,6,1,1,영암군,바이러스병(감수율),0.0
2025,6,1,1,영암군,바이러스병(피해율),0.0
2025,6,1,1,영암군,바이러스병(발생면적율),0.0
2025,6,1,1,영암군,키다리병(발생추정면적),0.0
2025,6,1,1,영암군,키다리병(감수율),0.0
2025,6,1,1,영암군,키다리병(피해율),0.0
2025,6,1,1,영암군,키다리병(발생면적율),0.0
2025,6,1,1,영암군,이화명나방(발생추정면적),0.0
2025,6,1,1,영암군,이화명나방(감수율),0.0
2025,6,1,1,영암군,이화명나방(피해율),0.0
2025,6,1,1,영암군,이화명나방(발생면적율),0.0
2025,6,1,1,영암군,벼애나방(발생추정면적),0.0
2025,6,1,1,영암군,벼애나방(감수율),0.0
2025,6,1,1,영암군,벼애나방(피해율),0.0
2025,6,1,1,영암군,벼애나방(발생면적율),0.0
2025,6,1,1,영암군,벼잎선충(발생추정면적),0.0
2025,6,1,1,영암군,벼잎선충(감수율),0.0
2025,6,1,1,영암군,벼잎선충(피해율),0.0
2025,6,1,1,영암군,벼잎선충(발생면적율),0.0
2025,6,1,1,완도군,잎도열병(발생추정면적),0.0
2025,6,1,1,완도군,잎도열병(감수율),0.0
2025,6,1,1,완도군,잎도열병(피해율),0.0
2025,6,1,1,완도군,잎도열병(발생면적율),0.0
2025,6,1,1,완도군,이삭도열병(발생추정면적),0.0
2025,6,1,1,완도군,이삭도열병(감수율),0.0
2025,6,1,1,완도군,이삭도열병(피해율),0.0
2025,6,1,1,완도군,이삭도열병(발생면적율),0.0
2025,6,1,1,완도군,잎집무늬마름병(발생추정면적),0.0
2025,6,1,1,완도군,잎집무늬마름병(감수율),0.0
2025,6,1,1,완도군,잎집무늬마름병(피해율),0.0
2025,6,1,1,완도군,잎집무늬마름병(발생면적율),0.0
2025,6,1,1,완도군,흰잎마름병(발생추정면적),0.0
2025,6,1,1,완도군,흰잎마름병(감수율),0.0
2025,6,1,1,완도군,흰잎마름병(피해율),0.0
2025,6,1,1,완도군,흰잎마름병(발생면적율),0.0
2025,6,1,1,완도군,세균벼알마름병(발생추정면적),0.0
2025,6,1,1,완도군,세균벼알마름병(감수율),0.0
2025,6,1,1,완도군,세균벼알마름병(피해율),0.0
2025,6,1,1,완도군,세균벼알마름병(발생면적율),0.0
2025,6,1,1,완도군,줄무늬잎마름병(발생면적),0.0
2025,6,1,1,완도군,줄무늬잎마름병(감수율),0.0
2025,6,1,1,완도군,줄무늬잎마름병(피해율),0.0
2025,6,1,1,완도군,줄무늬잎마름병(발생면적률),0.0
2025,6,1,1,완도군,벼검은줄오갈병(발생면적),0.0
2025,6,1,1,완도군,벼검은줄오갈병(감수율),0.0
2025,6,1,1,완도군,벼검은줄오갈병(피해율),0.0
2025,6,1,1,완도군,벼검은줄오갈병(발생면적률),0.0
2025,6,1,1,완도군,오갈병(발생면적),0.0
2025,6,1,1,완도군,오갈병(감수율),0.0
2025,6,1,1,완도군,오갈병(피해율),0.0
2025,6,1,1,완도군,오갈병(발생면적률),0.0
2025,6,1,1,완도군,이삭누룩병(발생추정면적),0.0
2025,6,1,1,완도군,이삭누룩병(감수율),0.0
2025,6,1,1,완도군,이삭누룩병(피해율),0.0
2025,6,1,1,완도군,이삭누룩병(발생면적율),0.0
2025,6,1,1,완도군,깨씨무늬병(발생추정면적),0.0
2025,6,1,1,완도군,깨씨무늬병(감수율),0.0
2025,6,1,1,완도군,깨씨무늬병(피해율),0.0
2025,6,1,1,완도군,깨씨무늬병(발생면적율),0.0
2025,6,1,1,완도군,벼잎벌레(발생추정면적),0.0
2025,6,1,1,완도군,벼잎벌레(감수율),0.0
2025,6,1,1,완도군,벼잎벌레(피해율),0.0
2025,6,1,1,완도군,벼잎벌레(발생면적율),0.0
2025,6,1,1,완도군,벼애잎굴파리(발생추정면적),0.0
2025,6,1,1,완도군,벼애잎굴파리(감수율),0.0
2025,6,1,1,완도군,벼애잎굴파리(피해율),0.0
2025,6,1,1,완도군,벼애잎굴파리(발생면적율),0.0
2025,6,1,1,완도군,벼줄기굴파리(발생추정면적),0.0
2025,6,1,1,완도군,벼줄기굴파리(감수율),0.0
2025,6,1,1,완도군,벼줄기굴파리(피해율),0.0
2025,6,1,1,완도군,벼줄기굴파리(발생면적율),0.0
2025,6,1,1,완도군,애멸구(발생추정면적),0.0
2025,6,1,1,완도군,애멸구(감수율),0.0
2025,6,1,1,완도군,애멸구(피해율),0.0
2025,6,1,1,완도군,애멸구(발생면적율),0.0
2025,6,1,1,완도군,끝동매미충(발생추정면적),0.0
2025,6,1,1,완도군,끝동매미충(감수율),0.0
2025,6,1,1,완도군,끝동매미충(피해율),0.0
2025,6,1,1,완도군,끝동매미충(발생면적율),0.0
2025,6,1,1,완도군,벼멸구(발생추정면적),0.0
2025,6,1,1,완도군,벼멸구(감수율),0.0
2025,6,1,1,완도군,벼멸구(피해율),0.0
2025,6,1,1,완도군,벼멸구(발생면적율),0.0
2025,6,1,1,완도군,흰등멸구(발생추정면적),0.0
2025,6,1,1,완도군,흰등멸구(감수율),0.0
2025,6,1,1,완도군,흰등멸구(피해율),0.0
2025,6,1,1,완도군,흰등멸구(발생면적율),0.0
2025,6,1,1,완도군,벼물바구미(발생추정면적),0.0
2025,6,1,1,완도군,벼물바구미(감수율),0.0
2025,6,1,1,완도군,벼물바구미(피해율),0.0
2025,6,1,1,완도군,벼물바구미(발생면적율),0.0
2025,6,1,1,완도군,혹명나방(발생추정면적),0.0
2025,6,1,1,완도군,혹명나방(감수율),0.0
2025,6,1,1,완도군,혹명나방(피해율),0.0
2025,6,1,1,완도군,혹명나방(발생면적율),0.0
2025,6,1,1,완도군,멸강나방(발생추정면적),0.0
2025,6,1,1,완도군,멸강나방(감수율),0.0
2025,6,1,1,완도군,멸강나방(피해율),0.0
2025,6,1,1,완도군,멸강나방(발생면적율),0.0
2025,6,1,1,완도군,먹노린재(발생추정면적),0.0
2025,6,1,1,완도군,먹노린재(감수율),0.0
2025,6,1,1,완도군,먹노린재(피해율),0.0
2025,6,1,1,완도군,먹노린재(발생면적율),0.0
2025,6,1,1,완도군,이화명나방1화기(발생면적),0.0
2025,6,1,1,완도군,이화명나방1화기(감수율),0.0
2025,6,1,1,완도군,이화명나방1화기(피해율),0.0
2025,6,1,1,완도군,이화명나방1화기(발생면적률),0.0
2025,6,1,1,완도군,이화명나방2화기(발생면적),0.0
2025,6,1,1,완도군,이화명나방2화기(감수율),0.0
2025,6,1,1,완도군,이화명나방2화기(피해율),0.0
2025,6,1,1,완도군,이화명나방2화기(발생면적률),0.0
2025,6,1,1,완도군,바이러스병(발생추정면적),0.0
2025,6,1,1,완도군,바이러스병(감수율),0.0
2025,6,1,1,완도군,바이러스병(피해율),0.0
2025,6,1,1,완도군,바이러스병(발생면적율),0.0
2025,6,1,1,완도군,키다리병(발생추정면적),0.0
2025,6,1,1,완도군,키다리병(감수율),0.0
2025,6,1,1,완도군,키다리병(피해율),0.0
2025,6,1,1,완도군,키다리병(발생면적율),0.0
2025,6,1,1,완도군,이화명나방(발생추정면적),0.0
2025,6,1,1,완도군,이화명나방(감수율),0.0
2025,6,1,1,완도군,이화명나방(피해율),0.0
2025,6,1,1,완도군,이화명나방(발생면적율),0.0
2025,6,1,1,완도군,벼애나방(발생추정면적),0.0
2025,6,1,1,완도군,벼애나방(감수율),0.0
2025,6,1,1,완도군,벼애나방(피해율),0.0
2025,6,1,1,완도군,벼애나방(발생면적율),0.0
2025,6,1,1,완도군,벼잎선충(발생추정면적),0.0
2025,6,1,1,완도군,벼잎선충(감수율),0.0
2025,6,1,1,완도군,벼잎선충(피해율),0.0
2025,6,1,1,완도군,벼잎선충(발생면적율),0.0
2025,6,1,1,장성군,잎도열병(발생추정면적),0.0
2025,6,1,1,장성군,잎도열병(감수율),0.0
2025,6,1,1,장성군,잎도열병(피해율),0.0
2025,6,1,1,장성군,잎도열병(발생면적율),0.0
2025,6,1,1,장성군,이삭도열병(발생추정면적),0.0
2025,6,1,1,장성군,이삭도열병(감수율),0.0
2025,6,1,1,장성군,이삭도열병(피해율),0.0
2025,6,1,1,장성군,이삭도열병(발생면적율),0.0
2025,6,1,1,장성군,잎집무늬마름병(발생추정면적),0.0
2025,6,1,1,장성군,잎집무늬마름병(감수율),0.0
2025,6,1,1,장성군,잎집무늬마름병(피해율),0.0
2025,6,1,1,장성군,잎집무늬마름병(발생면적율),0.0
2025,6,1,1,장성군,흰잎마름병(발생추정면적),0.0
2025,6,1,1,장성군,흰잎마름병(감수율),0.0
2025,6,1,1,장성군,흰잎마름병(피해율),0.0
2025,6,1,1,장성군,흰잎마름병(발생면적율),0.0
2025,6,1,1,장성군,세균벼알마름병(발생추정면적),0.0
2025,6,1,1,장성군,세균벼알마름병(감수율),0.0
2025,6,1,1,장성군,세균벼알마름병(피해율),0.0
2025,6,1,1,장성군,세균벼알마름병(발생면적율),0.0
2025,6,1,1,장성군,줄무늬잎마름병(발생면적),0.0
2025,6,1,1,장성군,줄무늬잎마름병(감수율),0.0
2025,6,1,1,장성군,줄무늬잎마름병(피해율),0.0
2025,6,1,1,장성군,줄무늬잎마름병(발생면적률),0.0
2025,6,1,1,장성군,벼검은줄오갈병(발생면적),0.0
2025,6,1,1,장성군,벼검은줄오갈병(감수율),0.0
2025,6,1,1,장성군,벼검은줄오갈병(피해율),0.0
2025,6,1,1,장성군,벼검은줄오갈병(발생면적률),0.0
2025,6,1,1,장성군,오갈병(발생면적),0.0
2025,6,1,1,장성군,오갈병(감수율),0.0
2025,6,1,1,장성군,오갈병(피해율),0.0
2025,6,1,1,장성군,오갈병(발생면적률),0.0
2025,6,1,1,장성군,이삭누룩병(발생추정면적),0.0
2025,6,1,1,장성군,이삭누룩병(감수율),0.0
2025,6,1,1,장성군,이삭누룩병(피해율),0.0
2025,6,1,1,장성군,이삭누룩병(발생면적율),0.0
2025,6,1,1,장성군,깨씨무늬병(발생추정면적),0.0
2025,6,1,1,장성군,깨씨무늬병(감수율),0.0
2025,6,1,1,장성군,깨씨무늬병(피해율),0.0
2025,6,1,1,장성군,깨씨무늬병(발생면적율),0.0
2025,6,1,1,장성군,벼잎벌레(발생추정면적),0.0
2025,6,1,1,장성군,벼잎벌레(감수율),0.0
2025,6,1,1,장성군,벼잎벌레(피해율),0.0
2025,6,1,1,장성군,벼잎벌레(발생면적율),0.0
2025,6,1,1,장성군,벼애잎굴파리(발생추정면적),0.0
2025,6,1,1,장성군,벼애잎굴파리(감수율),0.0
2025,6,1,1,장성군,벼애잎굴파리(피해율),0.0
2025,6,1,1,장성군,벼애잎굴파리(발생면적율),0.0
2025,6,1,1,장성군,벼줄기굴파리(발생추정면적),0.0
2025,6,1,1,장성군,벼줄기굴파리(감수율),0.0
2025,6,1,1,장성군,벼줄기굴파리(피해율),0.0
2025,6,1,1,장성군,벼줄기굴파리(발생면적율),0.0
2025,6,1,1,장성군,애멸구(발생추정면적),0.0
2025,6,1,1,장성군,애멸구(감수율),0.0
2025,6,1,1,장성군,애멸구(피해율),0.0
2025,6,1,1,장성군,애멸구(발생면적율),0.0
2025,6,1,1,장성군,끝동매미충(발생추정면적),0.0
2025,6,1,1,장성군,끝동매미충(감수율),0.0
2025,6,1,1,장성군,끝동매미충(피해율),0.0
2025,6,1,1,장성군,끝동매미충(발생면적율),0.0
2025,6,1,1,장성군,벼멸구(발생추정면적),0.0
2025,6,1,1,장성군,벼멸구(감수율),0.0
2025,6,1,1,장성군,벼멸구(피해율),0.0
2025,6,1,1,장성군,벼멸구(발생면적율),0.0
2025,6,1,1,장성군,흰등멸구(발생추정면적),0.0
2025,6,1,1,장성군,흰등멸구(감수율),0.0
2025,6,1,1,장성군,흰등멸구(피해율),0.0
2025,6,1,1,장성군,흰등멸구(발생면적율),0.0
2025,6,1,1,장성군,벼물바구미(발생추정면적),0.0
2025,6,1,1,장성군,벼물바구미(감수율),0.0
2025,6,1,1,장성군,벼물바구미(피해율),0.0
2025,6,1,1,장성군,벼물바구미(발생면적율),0.0
2025,6,1,1,장성군,혹명나방(발생추정면적),0.0
2025,6,1,1,장성군,혹명나방(감수율),0.0
2025,6,1,1,장성군,혹명나방(피해율),0.0
2025,6,1,1,장성군,혹명나방(발생면적율),0.0
2025,6,1,1,장성군,멸강나방(발생추정면적),0.0
2025,6,1,1,장성군,멸강나방(감수율),0.0
2025,6,1,1,장성군,멸강나방(피해율),0.0
2025,6,1,1,장성군,멸강나방(발생면적율),0.0
2025,6,1,1,장성군,먹노린재(발생추정면적),0.0
2025,6,1,1,장성군,먹노린재(감수율),0.0
2025,6,1,1,장성군,먹노린재(피해율),0.0
2025,6,1,1,장성군,먹노린재(발생면적율),0.0
2025,6,1,1,장성군,이화명나방1화기(발생면적),0.0
2025,6,1,1,장성군,이화명나방1화기(감수율),0.0
2025,6,1,1,장성군,이화명나방1화기(피해율),0.0
2025,6,1,1,장성군,이화명나방1화기(발생면적률),0.0
2025,6,1,1,장성군,이화명나방2화기(발생면적),0.0
2025,6,1,1,장성군,이화명나방2화기(감수율),0.0
2025,6,1,1,장성군,이화명나방2화기(피해율),0.0
2025,6,1,1,장성군,이화명나방2화기(발생면적률),0.0
2025,6,1,1,장성군,바이러스병(발생추정면적),0.0
2025,6,1,1,장성군,바이러스병(감수율),0.0
2025,6,1,1,장성군,바이러스병(피해율),0.0
2025,6,1,1,장성군,바이러스병(발생면적율),0.0
2025,6,1,1,장성군,키다리병(발생추정면적),0.0
2025,6,1,1,장성군,키다리병(감수율),0.0
2025,6,1,1,장성군,키다리병(피해율),0.0
2025,6,1,1,장성군,키다리병(발생면적율),0.0
2025,6,1,1,장성군,이화명나방(발생추정면적),0.0
2025,6,1,1,장성군,이화명나방(감수율),0.0
2025,6,1,1,장성군,이화명나방(피해율),0.0
2025,6,1,1,장성군,이화명나방(발생면적율),0.0
2025,6,1,1,장성군,벼애나방(발생추정면적),0.0
2025,6,1,1,장성군,벼애나방(감수율),0.0
2025,6,1,1,장성군,벼애나방(피해율),0.0
2025,6,1,1,장성군,벼애나방(발생면적율),0.0
2025,6,1,1,장성군,벼잎선충(발생추정면적),0.0
2025,6,1,1,장성군,벼잎선충(감수율),0.0
2025,6,1,1,장성군,벼잎선충(피해율),0.0
2025,6,1,1,장성군,벼잎선충(발생면적율),0.0
2025,6,1,1,장흥군,잎도열병(발생추정면적),0.0
2025,6,1,1,장흥군,잎도열병(감수율),0.0
2025,6,1,1,장흥군,잎도열병(피해율),0.0
2025,6,1,1,장흥군,잎도열병(발생면적율),0.0
2025,6,1,1,장흥군,이삭도열병(발생추정면적),0.0
2025,6,1,1,장흥군,이삭도열병(감수율),0.0
2025,6,1,1,장흥군,이삭도열병(피해율),0.0
2025,6,1,1,장흥군,이삭도열병(발생면적율),0.0
2025,6,1,1,장흥군,잎집무늬마름병(발생추정면적),0.0
2025,6,1,1,장흥군,잎집무늬마름병(감수율),0.0
2025,6,1,1,장흥군,잎집무늬마름병(피해율),0.0
2025,6,1,1,장흥군,잎집무늬마름병(발생면적율),0.0
2025,6,1,1,장흥군,흰잎마름병(발생추정면적),0.0
2025,6,1,1,장흥군,흰잎마름병(감수율),0.0
2025,6,1,1,장흥군,흰잎마름병(피해율),0.0
2025,6,1,1,장흥군,흰잎마름병(발생면적율),0.0
2025,6,1,1,장흥군,세균벼알마름병(발생추정면적),0.0
2025,6,1,1,장흥군,세균벼알마름병(감수율),0.0
2025,6,1,1,장흥군,세균벼알마름병(피해율),0.0
2025,6,1,1,장흥군,세균벼알마름병(발생면적율),0.0
2025,6,1,1,장흥군,줄무늬잎마름병(발생면적),0.0
2025,6,1,1,장흥군,줄무늬잎마름병(감수율),0.0
2025,6,1,1,장흥군,줄무늬잎마름병(피해율),0.0
2025,6,1,1,장흥군,줄무늬잎마름병(발생면적률),0.0
2025,6,1,1,장흥군,벼검은줄오갈병(발생면적),0.0
2025,6,1,1,장흥군,벼검은줄오갈병(감수율),0.0
2025,6,1,1,장흥군,벼검은줄오갈병(피해율),0.0
2025,6,1,1,장흥군,벼검은줄오갈병(발생면적률),0.0
2025,6,1,1,장흥군,오갈병(발생면적),0.0
2025,6,1,1,장흥군,오갈병(감수율),0.0
2025,6,1,1,장흥군,오갈병(피해율),0.0
2025,6,1,1,장흥군,오갈병(발생면적률),0.0
2025,6,1,1,장흥군,이삭누룩병(발생추정면적),0.0
2025,6,1,1,장흥군,이삭누룩병(감수율),0.0
2025,6,1,1,장흥군,이삭누룩병(피해율),0.0
2025,6,1,1,장흥군,이삭누룩병(발생면적율),0.0
2025,6,1,1,장흥군,깨씨무늬병(발생추정면적),0.0
2025,6,1,1,장흥군,깨씨무늬병(감수율),0.0
2025,6,1,1,장흥군,깨씨무늬병(피해율),0.0
2025,6,1,1,장흥군,깨씨무늬병(발생면적율),0.0
2025,6,1,1,장흥군,벼잎벌레(발생추정면적),0.0
2025,6,1,1,장흥군,벼잎벌레(감수율),0.0
2025,6,1,1,장흥군,벼잎벌레(피해율),0.0
2025,6,1,1,장흥군,벼잎벌레(발생면적율),0.0
2025,6,1,1,장흥군,벼애잎굴파리(발생추정면적),0.0
2025,6,1,1,장흥군,벼애잎굴파리(감수율),0.0
2025,6,1,1,장흥군,벼애잎굴파리(피해율),0.0
2025,6,1,1,장흥군,벼애잎굴파리(발생면적율),0.0
2025,6,1,1,장흥군,벼줄기굴파리(발생추정면적),0.0
2025,6,1,1,장흥군,벼줄기굴파리(감수율),0.0
2025,6,1,1,장흥군,벼줄기굴파리(피해율),0.0
2025,6,1,1,장흥군,벼줄기굴파리(발생면적율),0.0
2025,6,1,1,장흥군,애멸구(발생추정면적),0.0
2025,6,1,1,장흥군,애멸구(감수율),0.0
2025,6,1,1,장흥군,애멸구(피해율),0.0
2025,6,1,1,장흥군,애멸구(발생면적율),0.0
2025,6,1,1,장흥군,끝동매미충(발생추정면적),0.0
2025,6,1,1,장흥군,끝동매미충(감수율),0.0
2025,6,1,1,장흥군,끝동매미충(피해율),0.0
2025,6,1,1,장흥군,끝동매미충(발생면적율),0.0
2025,6,1,1,장흥군,벼멸구(발생추정면적),0.0
2025,6,1,1,장흥군,벼멸구(감수율),0.0
2025,6,1,1,장흥군,벼멸구(피해율),0.0
2025,6,1,1,장흥군,벼멸구(발생면적율),0.0
2025,6,1,1,장흥군,흰등멸구(발생추정면적),0.0
2025,6,1,1,장흥군,흰등멸구(감수율),0.0
2025,6,1,1,장흥군,흰등멸구(피해율),0.0
2025,6,1,1,장흥군,흰등멸구(발생면적율),0.0
2025,6,1,1,장흥군,벼물바구미(발생추정면적),0.0
2025,6,1,1,장흥군,벼물바구미(감수율),0.0
2025,6,1,1,장흥군,벼물바구미(피해율),0.0
2025,6,1,1,장흥군,벼물바구미(발생면적율),0.0
2025,6,1,1,장흥군,혹명나방(발생추정면적),0.0
2025,6,1,1,장흥군,혹명나방(감수율),0.0
2025,6,1,1,장흥군,혹명나방(피해율),0.0
2025,6,1,1,장흥군,혹명나방(발생면적율),0.0
2025,6,1,1,장흥군,멸강나방(발생추정면적),0.0
2025,6,1,1,장흥군,멸강나방(감수율),0.0
2025,6,1,1,장흥군,멸강나방(피해율),0.0
2025,6,1,1,장흥군,멸강나방(발생면적율),0.0
2025,6,1,1,장흥군,먹노린재(발생추정면적),0.0
2025,6,1,1,장흥군,먹노린재(감수율),0.0
2025,6,1,1,장흥군,먹노린재(피해율),0.0
2025,6,1,1,장흥군,먹노린재(발생면적율),0.0
2025,6,1,1,장흥군,이화명나방1화기(발생면적),0.0
2025,6,1,1,장흥군,이화명나방1화기(감수율),0.0
2025,6,1,1,장흥군,이화명나방1화기(피해율),0.0
2025,6,1,1,장흥군,이화명나방1화기(발생면적률),0.0
2025,6,1,1,장흥군,이화명나방2화기(발생면적),0.0
2025,6,1,1,장흥군,이화명나방2화기(감수율),0.0
2025,6,1,1,장흥군,이화명나방2화기(피해율),0.0
2025,6,1,1,장흥군,이화명나방2화기(발생면적률),0.0
2025,6,1,1,장흥군,바이러스병(발생추정면적),0.0
2025,6,1,1,장흥군,바이러스병(감수율),0.0
2025,6,1,1,장흥군,바이러스병(피해율),0.0
2025,6,1,1,장흥군,바이러스병(발생면적율),0.0
2025,6,1,1,장흥군,키다리병(발생추정면적),0.0
2025,6,1,1,장흥군,키다리병(감수율),0.0
2025,6,1,1,장흥군,키다리병(피해율),0.0
2025,6,1,1,장흥군,키다리병(발생면적율),0.0
2025,6,1,1,장흥군,이화명나방(발생추정면적),0.0
2025,6,1,1,장흥군,이화명나방(감수율),0.0
2025,6,1,1,장흥군,이화명나방(피해율),0.0
2025,6,1,1,장흥군,이화명나방(발생면적율),0.0
2025,6,1,1,장흥군,벼애나방(발생추정면적),0.0
2025,6,1,1,장흥군,벼애나방(감수율),0.0
2025,6,1,1,장흥군,벼애나방(피해율),0.0
2025,6,1,1,장흥군,벼애나방(발생면적율),0.0
2025,6,1,1,장흥군,벼잎선충(발생추정면적),0.0
2025,6,1,1,장흥군,벼잎선충(감수율),0.0
2025,6,1,1,장흥군,벼잎선충(피해율),0.0
2025,6,1,1,장흥군,벼잎선충(발생면적율),0.0
2025,6,1,1,진도군,잎도열병(발생추정면적),0.0
2025,6,1,1,진도군,잎도열병(감수율),0.0
2025,6,1,1,진도군,잎도열병(피해율),0.0
2025,6,1,1,진도군,잎도열병(발생면적율),0.0
2025,6,1,1,진도군,이삭도열병(발생추정면적),0.0
2025,6,1,1,진도군,이삭도열병(감수율),0.0
2025,6,1,1,진도군,이삭도열병(피해율),0.0
2025,6,1,1,진도군,이삭도열병(발생면적율),0.0
2025,6,1,1,진도군,잎집무늬마름병(발생추정면적),0.0
2025,6,1,1,진도군,잎집무늬마름병(감수율),0.0
2025,6,1,1,진도군,잎집무늬마름병(피해율),0.0
2025,6,1,1,진도군,잎집무늬마름병(발생면적율),0.0
2025,6,1,1,진도군,흰잎마름병(발생추정면적),0.0
2025,6,1,1,진도군,흰잎마름병(감수율),0.0
2025,6,1,1,진도군,흰잎마름병(피해율),0.0
2025,6,1,1,진도군,흰잎마름병(발생면적율),0.0
2025,6,1,1,진도군,세균벼알마름병(발생추정면적),0.0
2025,6,1,1,진도군,세균벼알마름병(감수율),0.0
2025,6,1,1,진도군,세균벼알마름병(피해율),0.0
2025,6,1,1,진도군,세균벼알마름병(발생면적율),0.0
2025,6,1,1,진도군,줄무늬잎마름병(발생면적),0.0
2025,6,1,1,진도군,줄무늬잎마름병(감수율),0.0
2025,6,1,1,진도군,줄무늬잎마름병(피해율),0.0
2025,6,1,1,진도군,줄무늬잎마름병(발생면적률),0.0
2025,6,1,1,진도군,벼검은줄오갈병(발생면적),0.0
2025,6,1,1,진도군,벼검은줄오갈병(감수율),0.0
2025,6,1,1,진도군,벼검은줄오갈병(피해율),0.0
2025,6,1,1,진도군,벼검은줄오갈병(발생면적률),0.0
2025,6,1,1,진도군,오갈병(발생면적),0.0
2025,6,1,1,진도군,오갈병(감수율),0.0
2025,6,1,1,진도군,오갈병(피해율),0.0
2025,6,1,1,진도군,오갈병(발생면적률),0.0
2025,6,1,1,진도군,이삭누룩병(발생추정면적),0.0
2025,6,1,1,진도군,이삭누룩병(감수율),0.0
2025,6,1,1,진도군,이삭누룩병(피해율),0.0
2025,6,1,1,진도군,이삭누룩병(발생면적율),0.0
2025,6,1,1,진도군,깨씨무늬병(발생추정면적),0.0
2025,6,1,1,진도군,깨씨무늬병(감수율),0.0
2025,6,1,1,진도군,깨씨무늬병(피해율),0.0
2025,6,1,1,진도군,깨씨무늬병(발생면적율),0.0
2025,6,1,1,진도군,벼잎벌레(발생추정면적),0.0
2025,6,1,1,진도군,벼잎벌레(감수율),0.0
2025,6,1,1,진도군,벼잎벌레(피해율),0.0
2025,6,1,1,진도군,벼잎벌레(발생면적율),0.0
2025,6,1,1,진도군,벼애잎굴파리(발생추정면적),0.0
2025,6,1,1,진도군,벼애잎굴파리(감수율),0.0
2025,6,1,1,진도군,벼애잎굴파리(피해율),0.0
2025,6,1,1,진도군,벼애잎굴파리(발생면적율),0.0
2025,6,1,1,진도군,벼줄기굴파리(발생추정면적),0.0
2025,6,1,1,진도군,벼줄기굴파리(감수율),0.0
2025,6,1,1,진도군,벼줄기굴파리(피해율),0.0
2025,6,1,1,진도군,벼줄기굴파리(발생면적율),0.0
2025,6,1,1,진도군,애멸구(발생추정면적),0.0
2025,6,1,1,진도군,애멸구(감수율),0.0
2025,6,1,1,진도군,애멸구(피해율),0.0
2025,6,1,1,진도군,애멸구(발생면적율),0.0
2025,6,1,1,진도군,끝동매미충(발생추정면적),0.0
2025,6,1,1,진도군,끝동매미충(감수율),0.0
2025,6,1,1,진도군,끝동매미충(피해율),0.0
2025,6,1,1,진도군,끝동매미충(발생면적율),0.0
2025,6,1,1,진도군,벼멸구(발생추정면적),0.0
2025,6,1,1,진도군,벼멸구(감수율),0.0
2025,6,1,1,진도군,벼멸구(피해율),0.0
2025,6,1,1,진도군,벼멸구(발생면적율),0.0
2025,6,1,1,진도군,흰등멸구(발생추정면적),0.0
2025,6,1,1,진도군,흰등멸구(감수율),0.0
2025,6,1,1,진도군,흰등멸구(피해율),0.0
2025,6,1,1,진도군,흰등멸구(발생면적율),0.0
2025,6,1,1,진도군,벼물바구미(발생추정면적),0.868
2025,6,1,1,진도군,벼물바구미(감수율),0.0
2025,6,1,1,진도군,벼물바구미(피해율),0.001
2025,6,1,1,진도군,벼물바구미(발생면적율),0.016
2025,6,1,1,진도군,혹명나방(발생추정면적),0.0
2025,6,1,1,진도군,혹명나방(감수율),0.0
2025,6,1,1,진도군,혹명나방(피해율),0.0
2025,6,1,1,진도군,혹명나방(발생면적율),0.0
2025,6,1,1,진도군,멸강나방(발생추정면적),0.0
2025,6,1,1,진도군,멸강나방(감수율),0.0
2025,6,1,1,진도군,멸강나방(피해율),0.0
2025,6,1,1,진도군,멸강나방(발생면적율),0.0
2025,6,1,1,진도군,먹노린재(발생추정면적),0.0
2025,6,1,1,진도군,먹노린재(감수율),0.0
2025,6,1,1,진도군,먹노린재(피해율),0.0
2025,6,1,1,진도군,먹노린재(발생면적율),0.0
2025,6,1,1,진도군,이화명나방1화기(발생면적),0.0
2025,6,1,1,진도군,이화명나방1화기(감수율),0.0
2025,6,1,1,진도군,이화명나방1화기(피해율),0.0
2025,6,1,1,진도군,이화명나방1화기(발생면적률),0.0
2025,6,1,1,진도군,이화명나방2화기(발생면적),0.0
2025,6,1,1,진도군,이화명나방2화기(감수율),0.0
2025,6,1,1,진도군,이화명나방2화기(피해율),0.0
2025,6,1,1,진도군,이화명나방2화기(발생면적률),0.0
2025,6,1,1,진도군,바이러스병(발생추정면적),0.0
2025,6,1,1,진도군,바이러스병(감수율),0.0
2025,6,1,1,진도군,바이러스병(피해율),0.0
2025,6,1,1,진도군,바이러스병(발생면적율),0.0
2025,6,1,1,진도군,키다리병(발생추정면적),0.0
2025,6,1,1,진도군,키다리병(감수율),0.0
2025,6,1,1,진도군,키다리병(피해율),0.0
2025,6,1,1,진도군,키다리병(발생면적율),0.0
2025,6,1,1,진도군,이화명나방(발생추정면적),0.0
2025,6,1,1,진도군,이화명나방(감수율),0.0
2025,6,1,1,진도군,이화명나방(피해율),0.0
2025,6,1,1,진도군,이화명나방(발생면적율),0.0
2025,6,1,1,진도군,벼애나방(발생추정면적),0.0
2025,6,1,1,진도군,벼애나방(감수율),0.0
2025,6,1,1,진도군,벼애나방(피해율),0.0
2025,6,1,1,진도군,벼애나방(발생면적율),0.0
2025,6,1,1,진도군,벼잎선충(발생추정면적),0.0
2025,6,1,1,진도군,벼잎선충(감수율),0.0
2025,6,1,1,진도군,벼잎선충(피해율),0.0
2025,6,1,1,진도군,벼잎선충(발생면적율),0.0
2025,6,1,1,함평군,잎도열병(발생추정면적),0.0
2025,6,1,1,함평군,잎도열병(감수율),0.0
2025,6,1,1,함평군,잎도열병(피해율),0.0
2025,6,1,1,함평군,잎도열병(발생면적율),0.0
2025,6,1,1,함평군,이삭도열병(발생추정면적),0.0
2025,6,1,1,함평군,이삭도열병(감수율),0.0
2025,6,1,1,함평군,이삭도열병(피해율),0.0
2025,6,1,1,함평군,이삭도열병(발생면적율),0.0
2025,6,1,1,함평군,잎집무늬마름병(발생추정면적),0.0
2025,6,1,1,함평군,잎집무늬마름병(감수율),0.0
2025,6,1,1,함평군,잎집무늬마름병(피해율),0.0
2025,6,1,1,함평군,잎집무늬마름병(발생면적율),0.0
2025,6,1,1,함평군,흰잎마름병(발생추정면적),0.0
2025,6,1,1,함평군,흰잎마름병(감수율),0.0
2025,6,1,1,함평군,흰잎마름병(피해율),0.0
2025,6,1,1,함평군,흰잎마름병(발생면적율),0.0
2025,6,1,1,함평군,세균벼알마름병(발생추정면적),0.0
2025,6,1,1,함평군,세균벼알마름병(감수율),0.0
2025,6,1,1,함평군,세균벼알마름병(피해율),0.0
2025,6,1,1,함평군,세균벼알마름병(발생면적율),0.0
2025,6,1,1,함평군,줄무늬잎마름병(발생면적),0.0
2025,6,1,1,함평군,줄무늬잎마름병(감수율),0.0
2025,6,1,1,함평군,줄무늬잎마름병(피해율),0.0
2025,6,1,1,함평군,줄무늬잎마름병(발생면적률),0.0
2025,6,1,1,함평군,벼검은줄오갈병(발생면적),0.0
2025,6,1,1,함평군,벼검은줄오갈병(감수율),0.0
2025,6,1,1,함평군,벼검은줄오갈병(피해율),0.0
2025,6,1,1,함평군,벼검은줄오갈병(발생면적률),0.0
2025,6,1,1,함평군,오갈병(발생면적),0.0
2025,6,1,1,함평군,오갈병(감수율),0.0
2025,6,1,1,함평군,오갈병(피해율),0.0
2025,6,1,1,함평군,오갈병(발생면적률),0.0
2025,6,1,1,함평군,이삭누룩병(발생추정면적),0.0
2025,6,1,1,함평군,이삭누룩병(감수율),0.0
2025,6,1,1,함평군,이삭누룩병(피해율),0.0
2025,6,1,1,함평군,이삭누룩병(발생면적율),0.0
2025,6,1,1,함평군,깨씨무늬병(발생추정면적),0.0
2025,6,1,1,함평군,깨씨무늬병(감수율),0.0
2025,6,1,1,함평군,깨씨무늬병(피해율),0.0
2025,6,1,1,함평군,깨씨무늬병(발생면적율),0.0
2025,6,1,1,함평군,벼잎벌레(발생추정면적),0.0
2025,6,1,1,함평군,벼잎벌레(감수율),0.0
2025,6,1,1,함평군,벼잎벌레(피해율),0.0
2025,6,1,1,함평군,벼잎벌레(발생면적율),0.0
2025,6,1,1,함평군,벼애잎굴파리(발생추정면적),0.0
2025,6,1,1,함평군,벼애잎굴파리(감수율),0.0
2025,6,1,1,함평군,벼애잎굴파리(피해율),0.0
2025,6,1,1,함평군,벼애잎굴파리(발생면적율),0.0
2025,6,1,1,함평군,벼줄기굴파리(발생추정면적),0.0
2025,6,1,1,함평군,벼줄기굴파리(감수율),0.0
2025,6,1,1,함평군,벼줄기굴파리(피해율),0.0
2025,6,1,1,함평군,벼줄기굴파리(발생면적율),0.0
2025,6,1,1,함평군,애멸구(발생추정면적),0.0
2025,6,1,1,함평군,애멸구(감수율),0.0
2025,6,1,1,함평군,애멸구(피해율),0.0
2025,6,1,1,함평군,애멸구(발생면적율),0.0
2025,6,1,1,함평군,끝동매미충(발생추정면적),0.0
2025,6,1,1,함평군,끝동매미충(감수율),0.0
2025,6,1,1,함평군,끝동매미충(피해율),0.0
2025,6,1,1,함평군,끝동매미충(발생면적율),0.0
2025,6,1,1,함평군,벼멸구(발생추정면적),0.0
2025,6,1,1,함평군,벼멸구(감수율),0.0
2025,6,1,1,함평군,벼멸구(피해율),0.0
2025,6,1,1,함평군,벼멸구(발생면적율),0.0
2025,6,1,1,함평군,흰등멸구(발생추정면적),0.0
2025,6,1,1,함평군,흰등멸구(감수율),0.0
2025,6,1,1,함평군,흰등멸구(피해율),0.0
2025,6,1,1,함평군,흰등멸구(발생면적율),0.0
2025,6,1,1,함평군,벼물바구미(발생추정면적),0.0
2025,6,1,1,함평군,벼물바구미(감수율),0.0
2025,6,1,1,함평군,벼물바구미(피해율),0.0
2025,6,1,1,함평군,벼물바구미(발생면적율),0.0
2025,6,1,1,함평군,혹명나방(발생추정면적),0.0
2025,6,1,1,함평군,혹명나방(감수율),0.0
2025,6,1,1,함평군,혹명나방(피해율),0.0
2025,6,1,1,함평군,혹명나방(발생면적율),0.0
2025,6,1,1,함평군,멸강나방(발생추정면적),0.0
2025,6,1,1,함평군,멸강나방(감수율),0.0
2025,6,1,1,함평군,멸강나방(피해율),0.0
2025,6,1,1,함평군,멸강나방(발생면적율),0.0
2025,6,1,1,함평군,먹노린재(발생추정면적),0.0
2025,6,1,1,함평군,먹노린재(감수율),0.0
2025,6,1,1,함평군,먹노린재(피해율),0.0
2025,6,1,1,함평군,먹노린재(발생면적율),0.0
2025,6,1,1,함평군,이화명나방1화기(발생면적),0.0
2025,6,1,1,함평군,이화명나방1화기(감수율),0.0
2025,6,1,1,함평군,이화명나방1화기(피해율),0.0
2025,6,1,1,함평군,이화명나방1화기(발생면적률),0.0
2025,6,1,1,함평군,이화명나방2화기(발생면적),0.0
2025,6,1,1,함평군,이화명나방2화기(감수율),0.0
2025,6,1,1,함평군,이화명나방2화기(피해율),0.0
2025,6,1,1,함평군,이화명나방2화기(발생면적률),0.0
2025,6,1,1,함평군,바이러스병(발생추정면적),0.0
2025,6,1,1,함평군,바이러스병(감수율),0.0
2025,6,1,1,함평군,바이러스병(피해율),0.0
2025,6,1,1,함평군,바이러스병(발생면적율),0.0
2025,6,1,1,함평군,키다리병(발생추정면적),0.0
2025,6,1,1,함평군,키다리병(감수율),0.0
2025,6,1,1,함평군,키다리병(피해율),0.0
2025,6,1,1,함평군,키다리병(발생면적율),0.0
2025,6,1,1,함평군,이화명나방(발생추정면적),0.0
2025,6,1,1,함평군,이화명나방(감수율),0.0
2025,6,1,1,함평군,이화명나방(피해율),0.0
2025,6,1,1,함평군,이화명나방(발생면적율),0.0
2025,6,1,1,함평군,벼애나방(발생추정면적),0.0
2025,6,1,1,함평군,벼애나방(감수율),0.0
2025,6,1,1,함평군,벼애나방(피해율),0.0
2025,6,1,1,함평군,벼애나방(발생면적율),0.0
2025,6,1,1,함평군,벼잎선충(발생추정면적),0.0
2025,6,1,1,함평군,벼잎선충(감수율),0.0
2025,6,1,1,함평군,벼잎선충(피해율),0.0
2025,6,1,1,함평군,벼잎선충(발생면적율),0.0
2025,6,1,1,해남군,잎도열병(발생추정면적),0.0
2025,6,1,1,해남군,잎도열병(감수율),0.0
2025,6,1,1,해남군,잎도열병(피해율),0.0
2025,6,1,1,해남군,잎도열병(발생면적율),0.0
2025,6,1,1,해남군,이삭도열병(발생추정면적),0.0
2025,6,1,1,해남군,이삭도열병(감수율),0.0
2025,6,1,1,해남군,이삭도열병(피해율),0.0
2025,6,1,1,해남군,이삭도열병(발생면적율),0.0
2025,6,1,1,해남군,잎집무늬마름병(발생추정면적),0.0
2025,6,1,1,해남군,잎집무늬마름병(감수율),0.0
2025,6,1,1,해남군,잎집무늬마름병(피해율),0.0
2025,6,1,1,해남군,잎집무늬마름병(발생면적율),0.0
2025,6,1,1,해남군,흰잎마름병(발생추정면적),0.0
2025,6,1,1,해남군,흰잎마름병(감수율),0.0
2025,6,1,1,해남군,흰잎마름병(피해율),0.0
2025,6,1,1,해남군,흰잎마름병(발생면적율),0.0
2025,6,1,1,해남군,세균벼알마름병(발생추정면적),0.0
2025,6,1,1,해남군,세균벼알마름병(감수율),0.0
2025,6,1,1,해남군,세균벼알마름병(피해율),0.0
2025,6,1,1,해남군,세균벼알마름병(발생면적율),0.0
2025,6,1,1,해남군,줄무늬잎마름병(발생면적),0.0
2025,6,1,1,해남군,줄무늬잎마름병(감수율),0.0
2025,6,1,1,해남군,줄무늬잎마름병(피해율),0.0
2025,6,1,1,해남군,줄무늬잎마름병(발생면적률),0.0
2025,6,1,1,해남군,벼검은줄오갈병(발생면적),0.0
2025,6,1,1,해남군,벼검은줄오갈병(감수율),0.0
2025,6,1,1,해남군,벼검은줄오갈병(피해율),0.0
2025,6,1,1,해남군,벼검은줄오갈병(발생면적률),0.0
2025,6,1,1,해남군,오갈병(발생면적),0.0
2025,6,1,1,해남군,오갈병(감수율),0.0
2025,6,1,1,해남군,오갈병(피해율),0.0
2025,6,1,1,해남군,오갈병(발생면적률),0.0
2025,6,1,1,해남군,이삭누룩병(발생추정면적),0.0
2025,6,1,1,해남군,이삭누룩병(감수율),0.0
2025,6,1,1,해남군,이삭누룩병(피해율),0.0
2025,6,1,1,해남군,이삭누룩병(발생면적율),0.0
2025,6,1,1,해남군,깨씨무늬병(발생추정면적),0.0
2025,6,1,1,해남군,깨씨무늬병(감수율),0.0
2025,6,1,1,해남군,깨씨무늬병(피해율),0.0
2025,6,1,1,해남군,깨씨무늬병(발생면적율),0.0
2025,6,1,1,해남군,벼잎벌레(발생추정면적),0.0
2025,6,1,1,해남군,벼잎벌레(감수율),0.0
2025,6,1,1,해남군,벼잎벌레(피해율),0.0
2025,6,1,1,해남군,벼잎벌레(발생면적율),0.0
2025,6,1,1,해남군,벼애잎굴파리(발생추정면적),0.0
2025,6,1,1,해남군,벼애잎굴파리(감수율),0.0
2025,6,1,1,해남군,벼애잎굴파리(피해율),0.0
2025,6,1,1,해남군,벼애잎굴파리(발생면적율),0.0
2025,6,1,1,해남군,벼줄기굴파리(발생추정면적),0.0
2025,6,1,1,해남군,벼줄기굴파리(감수율),0.0
2025,6,1,1,해남군,벼줄기굴파리(피해율),0.0
2025,6,1,1,해남군,벼줄기굴파리(발생면적율),0.0
2025,6,1,1,해남군,애멸구(발생추정면적),0.0
2025,6,1,1,해남군,애멸구(감수율),0.0
2025,6,1,1,해남군,애멸구(피해율),0.0
2025,6,1,1,해남군,애멸구(발생면적율),0.0
2025,6,1,1,해남군,끝동매미충(발생추정면적),0.0
2025,6,1,1,해남군,끝동매미충(감수율),0.0
2025,6,1,1,해남군,끝동매미충(피해율),0.0
2025,6,1,1,해남군,끝동매미충(발생면적율),0.0
2025,6,1,1,해남군,벼멸구(발생추정면적),0.0
2025,6,1,1,해남군,벼멸구(감수율),0.0
2025,6,1,1,해남군,벼멸구(피해율),0.0
2025,6,1,1,해남군,벼멸구(발생면적율),0.0
2025,6,1,1,해남군,흰등멸구(발생추정면적),0.0
2025,6,1,1,해남군,흰등멸구(감수율),0.0
2025,6,1,1,해남군,흰등멸구(피해율),0.0
2025,6,1,1,해남군,흰등멸구(발생면적율),0.0
2025,6,1,1,해남군,벼물바구미(발생추정면적),0.0
2025,6,1,1,해남군,벼물바구미(감수율),0.0
2025,6,1,1,해남군,벼물바구미(피해율),0.0
2025,6,1,1,해남군,벼물바구미(발생면적율),0.0
2025,6,1,1,해남군,혹명나방(발생추정면적),0.0
2025,6,1,1,해남군,혹명나방(감수율),0.0
2025,6,1,1,해남군,혹명나방(피해율),0.0
2025,6,1,1,해남군,혹명나방(발생면적율),0.0
2025,6,1,1,해남군,멸강나방(발생추정면적),0.0
2025,6,1,1,해남군,멸강나방(감수율),0.0
2025,6,1,1,해남군,멸강나방(피해율),0.0
2025,6,1,1,해남군,멸강나방(발생면적율),0.0
2025,6,1,1,해남군,먹노린재(발생추정면적),0.0
2025,6,1,1,해남군,먹노린재(감수율),0.0
2025,6,1,1,해남군,먹노린재(피해율),0.0
2025,6,1,1,해남군,먹노린재(발생면적율),0.0
2025,6,1,1,해남군,이화명나방1화기(발생면적),0.0
2025,6,1,1,해남군,이화명나방1화기(감수율),0.0
2025,6,1,1,해남군,이화명나방1화기(피해율),0.0
2025,6,1,1,해남군,이화명나방1화기(발생면적률),0.0
2025,6,1,1,해남군,이화명나방2화기(발생면적),0.0
2025,6,1,1,해남군,이화명나방2화기(감수율),0.0
2025,6,1,1,해남군,이화명나방2화기(피해율),0.0
2025,6,1,1,해남군,이화명나방2화기(발생면적률),0.0
2025,6,1,1,해남군,바이러스병(발생추정면적),0.0
2025,6,1,1,해남군,바이러스병(감수율),0.0
2025,6,1,1,해남군,바이러스병(피해율),0.0
2025,6,1,1,해남군,바이러스병(발생면적율),0.0
2025,6,1,1,해남군,키다리병(발생추정면적),0.0
2025,6,1,1,해남군,키다리병(감수율),0.0
2025,6,1,1,해남군,키다리병(피해율),0.0
2025,6,1,1,해남군,키다리병(발생면적율),0.0
2025,6,1,1,해남군,이화명나방(발생추정면적),0.0
2025,6,1,1,해남군,이화명나방(감수율),0.0
2025,6,1,1,해남군,이화명나방(피해율),0.0
2025,6,1,1,해남군,이화명나방(발생면적율),0.0
2025,6,1,1,해남군,벼애나방(발생추정면적),0.0
2025,6,1,1,해남군,벼애나방(감수율),0.0
2025,6,1,1,해남군,벼애나방(피해율),0.0
2025,6,1,1,해남군,벼애나방(발생면적율),0.0
2025,6,1,1,해남군,벼잎선충(발생추정면적),0.0
2025,6,1,1,해남군,벼잎선충(감수율),0.0
2025,6,1,1,해남군,벼잎선충(피해율),0.0
2025,6,1,1,해남군,벼잎선충(발생면적율),0.0
2025,6,1,1,화순군,잎도열병(발생추정면적),0.0
2025,6,1,1,화순군,잎도열병(감수율),0.0
2025,6,1,1,화순군,잎도열병(피해율),0.0
2025,6,1,1,화순군,잎도열병(발생면적율),0.0
2025,6,1,1,화순군,이삭도열병(발생추정면적),0.0
2025,6,1,1,화순군,이삭도열병(감수율),0.0
2025,6,1,1,화순군,이삭도열병(피해율),0.0
2025,6,1,1,화순군,이삭도열병(발생면적율),0.0
2025,6,1,1,화순군,잎집무늬마름병(발생추정면적),0.0
2025,6,1,1,화순군,잎집무늬마름병(감수율),0.0
2025,6,1,1,화순군,잎집무늬마름병(피해율),0.0
2025,6,1,1,화순군,잎집무늬마름병(발생면적율),0.0
2025,6,1,1,화순군,흰잎마름병(발생추정면적),0.0
2025,6,1,1,화순군,흰잎마름병(감수율),0.0
2025,6,1,1,화순군,흰잎마름병(피해율),0.0
2025,6,1,1,화순군,흰잎마름병(발생면적율),0.0
2025,6,1,1,화순군,세균벼알마름병(발생추정면적),0.0
2025,6,1,1,화순군,세균벼알마름병(감수율),0.0
2025,6,1,1,화순군,세균벼알마름병(피해율),0.0
2025,6,1,1,화순군,세균벼알마름병(발생면적율),0.0
2025,6,1,1,화순군,줄무늬잎마름병(발생면적),0.0
2025,6,1,1,화순군,줄무늬잎마름병(감수율),0.0
2025,6,1,1,화순군,줄무늬잎마름병(피해율),0.0
2025,6,1,1,화순군,줄무늬잎마름병(발생면적률),0.0
2025,6,1,1,화순군,벼검은줄오갈병(발생면적),0.0
2025,6,1,1,화순군,벼검은줄오갈병(감수율),0.0
2025,6,1,1,화순군,벼검은줄오갈병(피해율),0.0
2025,6,1,1,화순군,벼검은줄오갈병(발생면적률),0.0
2025,6,1,1,화순군,오갈병(발생면적),0.0
2025,6,1,1,화순군,오갈병(감수율),0.0
2025,6,1,1,화순군,오갈병(피해율),0.0
2025,6,1,1,화순군,오갈병(발생면적률),0.0
2025,6,1,1,화순군,이삭누룩병(발생추정면적),0.0
2025,6,1,1,화순군,이삭누룩병(감수율),0.0
2025,6,1,1,화순군,이삭누룩병(피해율),0.0
2025,6,1,1,화순군,이삭누룩병(발생면적율),0.0
2025,6,1,1,화순군,깨씨무늬병(발생추정면적),0.0
2025,6,1,1,화순군,깨씨무늬병(감수율),0.0
2025,6,1,1,화순군,깨씨무늬병(피해율),0.0
2025,6,1,1,화순군,깨씨무늬병(발생면적율),0.0
2025,6,1,1,화순군,벼잎벌레(발생추정면적),0.0
2025,6,1,1,화순군,벼잎벌레(감수율),0.0
2025,6,1,1,화순군,벼잎벌레(피해율),0.0
2025,6,1,1,화순군,벼잎벌레(발생면적율),0.0
2025,6,1,1,화순군,벼애잎굴파리(발생추정면적),0.0
2025,6,1,1,화순군,벼애잎굴파리(감수율),0.0
2025,6,1,1,화순군,벼애잎굴파리(피해율),0.0
2025,6,1,1,화순군,벼애잎굴파리(발생면적율),0.0
2025,6,1,1,화순군,벼줄기굴파리(발생추정면적),0.0
2025,6,1,1,화순군,벼줄기굴파리(감수율),0.0
2025,6,1,1,화순군,벼줄기굴파리(피해율),0.0
2025,6,1,1,화순군,벼줄기굴파리(발생면적율),0.0
2025,6,1,1,화순군,애멸구(발생추정면적),0.0
2025,6,1,1,화순군,애멸구(감수율),0.0
2025,6,1,1,화순군,애멸구(피해율),0.0
2025,6,1,1,화순군,애멸구(발생면적율),0.0
2025,6,1,1,화순군,끝동매미충(발생추정면적),0.0
2025,6,1,1,화순군,끝동매미충(감수율),0.0
2025,6,1,1,화순군,끝동매미충(피해율),0.0
2025,6,1,1,화순군,끝동매미충(발생면적율),0.0
2025,6,1,1,화순군,벼멸구(발생추정면적),0.0
2025,6,1,1,화순군,벼멸구(감수율),0.0
2025,6,1,1,화순군,벼멸구(피해율),0.0
2025,6,1,1,화순군,벼멸구(발생면적율),0.0
2025,6,1,1,화순군,흰등멸구(발생추정면적),0.0
2025,6,1,1,화순군,흰등멸구(감수율),0.0
2025,6,1,1,화순군,흰등멸구(피해율),0.0
2025,6,1,1,화순군,흰등멸구(발생면적율),0.0
2025,6,1,1,화순군,벼물바구미(발생추정면적),0.0
2025,6,1,1,화순군,벼물바구미(감수율),0.0
2025,6,1,1,화순군,벼물바구미(피해율),0.0
2025,6,1,1,화순군,벼물바구미(발생면적율),0.0
2025,6,1,1,화순군,혹명나방(발생추정면적),0.0
2025,6,1,1,화순군,혹명나방(감수율),0.0
2025,6,1,1,화순군,혹명나방(피해율),0.0
2025,6,1,1,화순군,혹명나방(발생면적율),0.0
2025,6,1,1,화순군,멸강나방(발생추정면적),0.0
2025,6,1,1,화순군,멸강나방(감수율),0.0
2025,6,1,1,화순군,멸강나방(피해율),0.0
2025,6,1,1,화순군,멸강나방(발생면적율),0.0
2025,6,1,1,화순군,먹노린재(발생추정면적),0.0
2025,6,1,1,화순군,먹노린재(감수율),0.0
2025,6,1,1,화순군,먹노린재(피해율),0.0
2025,6,1,1,화순군,먹노린재(발생면적율),0.0
2025,6,1,1,화순군,이화명나방1화기(발생면적),0.0
2025,6,1,1,화순군,이화명나방1화기(감수율),0.0
2025,6,1,1,화순군,이화명나방1화기(피해율),0.0
2025,6,1,1,화순군,이화명나방1화기(발생면적률),0.0
2025,6,1,1,화순군,이화명나방2화기(발생면적),0.0
2025,6,1,1,화순군,이화명나방2화기(감수율),0.0
2025,6,1,1,화순군,이화명나방2화기(피해율),0.0
2025,6,1,1,화순군,이화명나방2화기(발생면적률),0.0
2025,6,1,1,화순군,바이러스병(발생추정면적),0.0
2025,6,1,1,화순군,바이러스병(감수율),0.0
2025,6,1,1,화순군,바이러스병(피해율),0.0
2025,6,1,1,화순군,바이러스병(발생면적율),0.0
2025,6,1,1,화순군,키다리병(발생추정면적),0.0
2025,6,1,1,화순군,키다리병(감수율),0.0
2025,6,1,1,화순군,키다리병(피해율),0.0
2025,6,1,1,화순군,키다리병(발생면적율),0.0
2025,6,1,1,화순군,이화명나방(발생추정면적),0.0
2025,6,1,1,화순군,이화명나방(감수율),0.0
2025,6,1,1,화순군,이화명나방(피해율),0.0
2025,6,1,1,화순군,이화명나방(발생면적율),0.0
2025,6,1,1,화순군,벼애나방(발생추정면적),0.0
2025,6,1,1,화순군,벼애나방(감수율),0.0
2025,6,1,1,화순군,벼애나방(피해율),0.0
2025,6,1,1,화순군,벼애나방(발생면적율),0.0
2025,6,1,1,화순군,벼잎선충(발생추정면적),0.0
2025,6,1,1,화순군,벼잎선충(감수율),0.0
2025,6,1,1,화순군,벼잎선충(피해율),0.0
2025,6,1,1,화순군,벼잎선충(발생면적율),0.0
2024,6,1,1,강진군,잎도열병(발생추정면적),0.0
2024,6,1,1,강진군,잎도열병(감수율),0.0
2024,6,1,1,강진군,잎도열병(피해율),0.0
2024,6,1,1,강진군,잎도열병(발생면적율),0.0
2024,6,1,1,강진군,이삭도열병(발생추정면적),0.0
2024,6,1,1,강진군,이삭도열병(감수율),0.0
2024,6,1,1,강진군,이삭도열병(피해율),0.0
2024,6,1,1,강진군,이삭도열병(발생면적율),0.0
2024,6,1,1,강진군,잎집무늬마름병(발생추정면적),0.0
2024,6,1,1,강진군,잎집무늬마름병(감수율),0.0
2024,6,1,1,강진군,잎집무늬마름병(피해율),0.0
2024,6,1,1,강진군,잎집무늬마름병(발생면적율),0.0
2024,6,1,1,강진군,흰잎마름병(발생추정면적),0.0
2024,6,1,1,강진군,흰잎마름병(감수율),0.0
2024,6,1,1,강진군,흰잎마름병(피해율),0.0
2024,6,1,1,강진군,흰잎마름병(발생면적율),0.0
2024,6,1,1,강진군,세균벼알마름병(발생추정면적),0.0
2024,6,1,1,강진군,세균벼알마름병(감수율),0.0
2024,6,1,1,강진군,세균벼알마름병(피해율),0.0
2024,6,1,1,강진군,세균벼알마름병(발생면적율),0.0
2024,6,1,1,강진군,줄무늬잎마름병(발생면적),0.0
2024,6,1,1,강진군,줄무늬잎마름병(감수율),0.0
2024,6,1,1,강진군,줄무늬잎마름병(피해율),0.0
2024,6,1,1,강진군,줄무늬잎마름병(발생면적률),0.0
2024,6,1,1,강진군,벼검은줄오갈병(발생면적),0.0
2024,6,1,1,강진군,벼검은줄오갈병(감수율),0.0
2024,6,1,1,강진군,벼검은줄오갈병(피해율),0.0
2024,6,1,1,강진군,벼검은줄오갈병(발생면적률),0.0
2024,6,1,1,강진군,오갈병(발생면적),0.0
2024,6,1,1,강진군,오갈병(감수율),0.0
2024,6,1,1,강진군,오갈병(피해율),0.0
2024,6,1,1,강진군,오갈병(발생면적률),0.0
2024,6,1,1,강진군,이삭누룩병(발생추정면적),0.0
2024,6,1,1,강진군,이삭누룩병(감수율),0.0
2024,6,1,1,강진군,이삭누룩병(피해율),0.0
2024,6,1,1,강진군,이삭누룩병(발생면적율),0.0
2024,6,1,1,강진군,깨씨무늬병(발생추정면적),0.0
2024,6,1,1,강진군,깨씨무늬병(감수율),0.0
2024,6,1,1,강진군,깨씨무늬병(피해율),0.0
2024,6,1,1,강진군,깨씨무늬병(발생면적율),0.0
2024,6,1,1,강진군,벼잎벌레(발생추정면적),0.0
2024,6,1,1,강진군,벼잎벌레(감수율),0.0
2024,6,1,1,강진군,벼잎벌레(피해율),0.0
2024,6,1,1,강진군,벼잎벌레(발생면적율),0.0
2024,6,1,1,강진군,벼애잎굴파리(발생추정면적),0.0
2024,6,1,1,강진군,벼애잎굴파리(감수율),0.0
2024,6,1,1,강진군,벼애잎굴파리(피해율),0.0
2024,6,1,1,강진군,벼애잎굴파리(발생면적율),0.0
2024,6,1,1,강진군,벼줄기굴파리(발생추정면적),0.0
2024,6,1,1,강진군,벼줄기굴파리(감수율),0.0
2024,6,1,1,강진군,벼줄기굴파리(피해율),0.0
2024,6,1,1,강진군,벼줄기굴파리(발생면적율),0.0
2024,6,1,1,강진군,애멸구(발생추정면적),0.0
2024,6,1,1,강진군,애멸구(감수율),0.0
2024,6,1,1,강진군,애멸구(피해율),0.0
2024,6,1,1,강진군,애멸구(발생면적율),0.0
2024,6,1,1,강진군,끝동매미충(발생추정면적),0.0
2024,6,1,1,강진군,끝동매미충(감수율),0.0
2024,6,1,1,강진군,끝동매미충(피해율),0.0
2024,6,1,1,강진군,끝동매미충(발생면적율),0.0
2024,6,1,1,강진군,벼멸구(발생추정면적),0.0
2024,6,1,1,강진군,벼멸구(감수율),0.0
2024,6,1,1,강진군,벼멸구(피해율),0.0
2024,6,1,1,강진군,벼멸구(발생면적율),0.0
2024,6,1,1,강진군,흰등멸구(발생추정면적),0.0
2024,6,1,1,강진군,흰등멸구(감수율),0.0
2024,6,1,1,강진군,흰등멸구(피해율),0.0
2024,6,1,1,강진군,흰등멸구(발생면적율),0.0
2024,6,1,1,강진군,벼물바구미(발생추정면적),0.0
2024,6,1,1,강진군,벼물바구미(감수율),0.0
2024,6,1,1,강진군,벼물바구미(피해율),0.0
2024,6,1,1,강진군,벼물바구미(발생면적율),0.0
2024,6,1,1,강진군,혹명나방(발생추정면적),0.0
2024,6,1,1,강진군,혹명나방(감수율),0.0
2024,6,1,1,강진군,혹명나방(피해율),0.0
2024,6,1,1,강진군,혹명나방(발생면적율),0.0
2024,6,1,1,강진군,멸강나방(발생추정면적),0.0
2024,6,1,1,강진군,멸강나방(감수율),0.0
2024,6,1,1,강진군,멸강나방(피해율),0.0
2024,6,1,1,강진군,멸강나방(발생면적율),0.0
2024,6,1,1,강진군,먹노린재(발생추정면적),0.0
2024,6,1,1,강진군,먹노린재(감수율),0.0
2024,6,1,1,강진군,먹노린재(피해율),0.0
2024,6,1,1,강진군,먹노린재(발생면적율),0.0
2024,6,1,1,강진군,이화명나방1화기(발생면적),0.0
2024,6,1,1,강진군,이화명나방1화기(감수율),0.0
2024,6,1,1,강진군,이화명나방1화기(피해율),0.0
2024,6,1,1,강진군,이화명나방1화기(발생면적률),0.0
2024,6,1,1,강진군,이화명나방2화기(발생면적),0.0
2024,6,1,1,강진군,이화명나방2화기(감수율),0.0
2024,6,1,1,강진군,이화명나방2화기(피해율),0.0
2024,6,1,1,강진군,이화명나방2화기(발생면적률),0.0
2024,6,1,1,고흥군,잎도열병(발생추정면적),0.0
2024,6,1,1,고흥군,잎도열병(감수율),0.0
2024,6,1,1,고흥군,잎도열병(피해율),0.0
2024,6,1,1,고흥군,잎도열병(발생면적율),0.0
2024,6,1,1,고흥군,이삭도열병(발생추정면적),0.0
2024,6,1,1,고흥군,이삭도열병(감수율),0.0
2024,6,1,1,고흥군,이삭도열병(피해율),0.0
2024,6,1,1,고흥군,이삭도열병(발생면적율),0.0
2024,6,1,1,고흥군,잎집무늬마름병(발생추정면적),0.0
2024,6,1,1,고흥군,잎집무늬마름병(감수율),0.0
2024,6,1,1,고흥군,잎집무늬마름병(피해율),0.0
2024,6,1,1,고흥군,잎집무늬마름병(발생면적율),0.0
2024,6,1,1,고흥군,흰잎마름병(발생추정면적),0.0
2024,6,1,1,고흥군,흰잎마름병(감수율),0.0
2024,6,1,1,고흥군,흰잎마름병(피해율),0.0
2024,6,1,1,고흥군,흰잎마름병(발생면적율),0.0
2024,6,1,1,고흥군,세균벼알마름병(발생추정면적),0.0
2024,6,1,1,고흥군,세균벼알마름병(감수율),0.0
2024,6,1,1,고흥군,세균벼알마름병(피해율),0.0
2024,6,1,1,고흥군,세균벼알마름병(발생면적율),0.0
2024,6,1,1,고흥군,줄무늬잎마름병(발생면적),0.0
2024,6,1,1,고흥군,줄무늬잎마름병(감수율),0.0
2024,6,1,1,고흥군,줄무늬잎마름병(피해율),0.0
2024,6,1,1,고흥군,줄무늬잎마름병(발생면적률),0.0
2024,6,1,1,고흥군,벼검은줄오갈병(발생면적),0.0
2024,6,1,1,고흥군,벼검은줄오갈병(감수율),0.0
2024,6,1,1,고흥군,벼검은줄오갈병(피해율),0.0
2024,6,1,1,고흥군,벼검은줄오갈병(발생면적률),0.0
2024,6,1,1,고흥군,오갈병(발생면적),0.0
2024,6,1,1,고흥군,오갈병(감수율),0.0
2024,6,1,1,고흥군,오갈병(피해율),0.0
2024,6,1,1,고흥군,오갈병(발생면적률),0.0
2024,6,1,1,고흥군,이삭누룩병(발생추정면적),0.0
2024,6,1,1,고흥군,이삭누룩병(감수율),0.0
2024,6,1,1,고흥군,이삭누룩병(피해율),0.0
2024,6,1,1,고흥군,이삭누룩병(발생면적율),0.0
2024,6,1,1,고흥군,깨씨무늬병(발생추정면적),0.0
2024,6,1,1,고흥군,깨씨무늬병(감수율),0.0
2024,6,1,1,고흥군,깨씨무늬병(피해율),0.0
2024,6,1,1,고흥군,깨씨무늬병(발생면적율),0.0
2024,6,1,1,고흥군,벼잎벌레(발생추정면적),0.0
2024,6,1,1,고흥군,벼잎벌레(감수율),0.0
2024,6,1,1,고흥군,벼잎벌레(피해율),0.0
2024,6,1,1,고흥군,벼잎벌레(발생면적율),0.0
2024,6,1,1,고흥군,벼애잎굴파리(발생추정면적),0.0
2024,6,1,1,고흥군,벼애잎굴파리(감수율),0.0
2024,6,1,1,고흥군,벼애잎굴파리(피해율),0.0
2024,6,1,1,고흥군,벼애잎굴파리(발생면적율),0.0
2024,6,1,1,고흥군,벼줄기굴파리(발생추정면적),0.0
2024,6,1,1,고흥군,벼줄기굴파리(감수율),0.0
2024,6,1,1,고흥군,벼줄기굴파리(피해율),0.0
2024,6,1,1,고흥군,벼줄기굴파리(발생면적율),0.0
2024,6,1,1,고흥군,애멸구(발생추정면적),0.0
2024,6,1,1,고흥군,애멸구(감수율),0.0
2024,6,1,1,고흥군,애멸구(피해율),0.0
2024,6,1,1,고흥군,애멸구(발생면적율),0.0
2024,6,1,1,고흥군,끝동매미충(발생추정면적),0.0
2024,6,1,1,고흥군,끝동매미충(감수율),0.0
2024,6,1,1,고흥군,끝동매미충(피해율),0.0
2024,6,1,1,고흥군,끝동매미충(발생면적율),0.0
2024,6,1,1,고흥군,벼멸구(발생추정면적),0.0
2024,6,1,1,고흥군,벼멸구(감수율),0.0
2024,6,1,1,고흥군,벼멸구(피해율),0.0
2024,6,1,1,고흥군,벼멸구(발생면적율),0.0
2024,6,1,1,고흥군,흰등멸구(발생추정면적),0.0
2024,6,1,1,고흥군,흰등멸구(감수율),0.0
2024,6,1,1,고흥군,흰등멸구(피해율),0.0
2024,6,1,1,고흥군,흰등멸구(발생면적율),0.0
2024,6,1,1,고흥군,벼물바구미(발생추정면적),0.0
2024,6,1,1,고흥군,벼물바구미(감수율),0.0
2024,6,1,1,고흥군,벼물바구미(피해율),0.0
2024,6,1,1,고흥군,벼물바구미(발생면적율),0.0
2024,6,1,1,고흥군,혹명나방(발생추정면적),0.0
2024,6,1,1,고흥군,혹명나방(감수율),0.0
2024,6,1,1,고흥군,혹명나방(피해율),0.0
2024,6,1,1,고흥군,혹명나방(발생면적율),0.0
2024,6,1,1,고흥군,멸강나방(발생추정면적),0.0
2024,6,1,1,고흥군,멸강나방(감수율),0.0
2024,6,1,1,고흥군,멸강나방(피해율),0.0
2024,6,1,1,고흥군,멸강나방(발생면적율),0.0
2024,6,1,1,고흥군,먹노린재(발생추정면적),0.0
2024,6,1,1,고흥군,먹노린재(감수율),0.0
2024,6,1,1,고흥군,먹노린재(피해율),0.0
2024,6,1,1,고흥군,먹노린재(발생면적율),0.0
2024,6,1,1,고흥군,이화명나방1화기(발생면적),0.0
2024,6,1,1,고흥군,이화명나방1화기(감수율),0.0
2024,6,1,1,고흥군,이화명나방1화기(피해율),0.0
2024,6,1,1,고흥군,이화명나방1화기(발생면적률),0.0
2024,6,1,1,고흥군,이화명나방2화기(발생면적),0.0
2024,6,1,1,고흥군,이화명나방2화기(감수율),0.0
2024,6,1,1,고흥군,이화명나방2화기(피해율),0.0
2024,6,1,1,고흥군,이화명나방2화기(발생면적률),0.0
2024,6,1,1,곡성군,잎도열병(발생추정면적),0.0
2024,6,1,1,곡성군,잎도열병(감수율),0.0
2024,6,1,1,곡성군,잎도열병(피해율),0.0
2024,6,1,1,곡성군,잎도열병(발생면적율),0.0
2024,6,1,1,곡성군,이삭도열병(발생추정면적),0.0
2024,6,1,1,곡성군,이삭도열병(감수율),0.0
2024,6,1,1,곡성군,이삭도열병(피해율),0.0
2024,6,1,1,곡성군,이삭도열병(발생면적율),0.0
2024,6,1,1,곡성군,잎집무늬마름병(발생추정면적),0.0
2024,6,1,1,곡성군,잎집무늬마름병(감수율),0.0
2024,6,1,1,곡성군,잎집무늬마름병(피해율),0.0
2024,6,1,1,곡성군,잎집무늬마름병(발생면적율),0.0
2024,6,1,1,곡성군,흰잎마름병(발생추정면적),0.0
2024,6,1,1,곡성군,흰잎마름병(감수율),0.0
2024,6,1,1,곡성군,흰잎마름병(피해율),0.0
2024,6,1,1,곡성군,흰잎마름병(발생면적율),0.0
2024,6,1,1,곡성군,세균벼알마름병(발생추정면적),0.0
2024,6,1,1,곡성군,세균벼알마름병(감수율),0.0
2024,6,1,1,곡성군,세균벼알마름병(피해율),0.0
2024,6,1,1,곡성군,세균벼알마름병(발생면적율),0.0
2024,6,1,1,곡성군,줄무늬잎마름병(발생면적),0.0
2024,6,1,1,곡성군,줄무늬잎마름병(감수율),0.0
2024,6,1,1,곡성군,줄무늬잎마름병(피해율),0.0
2024,6,1,1,곡성군,줄무늬잎마름병(발생면적률),0.0
2024,6,1,1,곡성군,벼검은줄오갈병(발생면적),0.0
2024,6,1,1,곡성군,벼검은줄오갈병(감수율),0.0
2024,6,1,1,곡성군,벼검은줄오갈병(피해율),0.0
2024,6,1,1,곡성군,벼검은줄오갈병(발생면적률),0.0
2024,6,1,1,곡성군,오갈병(발생면적),0.0
2024,6,1,1,곡성군,오갈병(감수율),0.0
2024,6,1,1,곡성군,오갈병(피해율),0.0
2024,6,1,1,곡성군,오갈병(발생면적률),0.0
2024,6,1,1,곡성군,이삭누룩병(발생추정면적),0.0
2024,6,1,1,곡성군,이삭누룩병(감수율),0.0
2024,6,1,1,곡성군,이삭누룩병(피해율),0.0
2024,6,1,1,곡성군,이삭누룩병(발생면적율),0.0
2024,6,1,1,곡성군,깨씨무늬병(발생추정면적),0.0
2024,6,1,1,곡성군,깨씨무늬병(감수율),0.0
2024,6,1,1,곡성군,깨씨무늬병(피해율),0.0
2024,6,1,1,곡성군,깨씨무늬병(발생면적율),0.0
2024,6,1,1,곡성군,벼잎벌레(발생추정면적),0.0
2024,6,1,1,곡성군,벼잎벌레(감수율),0.0
2024,6,1,1,곡성군,벼잎벌레(피해율),0.0
2024,6,1,1,곡성군,벼잎벌레(발생면적율),0.0
2024,6,1,1,곡성군,벼애잎굴파리(발생추정면적),0.0
2024,6,1,1,곡성군,벼애잎굴파리(감수율),0.0
2024,6,1,1,곡성군,벼애잎굴파리(피해율),0.0
2024,6,1,1,곡성군,벼애잎굴파리(발생면적율),0.0
2024,6,1,1,곡성군,벼줄기굴파리(발생추정면적),0.0
2024,6,1,1,곡성군,벼줄기굴파리(감수율),0.0
2024,6,1,1,곡성군,벼줄기굴파리(피해율),0.0
2024,6,1,1,곡성군,벼줄기굴파리(발생면적율),0.0
2024,6,1,1,곡성군,애멸구(발생추정면적),0.0
2024,6,1,1,곡성군,애멸구(감수율),0.0
2024,6,1,1,곡성군,애멸구(피해율),0.0
2024,6,1,1,곡성군,애멸구(발생면적율),0.0
2024,6,1,1,곡성군,끝동매미충(발생추정면적),0.0
2024,6,1,1,곡성군,끝동매미충(감수율),0.0
2024,6,1,1,곡성군,끝동매미충(피해율),0.0
2024,6,1,1,곡성군,끝동매미충(발생면적율),0.0
2024,6,1,1,곡성군,벼멸구(발생추정면적),0.0
2024,6,1,1,곡성군,벼멸구(감수율),0.0
2024,6,1,1,곡성군,벼멸구(피해율),0.0
2024,6,1,1,곡성군,벼멸구(발생면적율),0.0
2024,6,1,1,곡성군,흰등멸구(발생추정면적),0.0
2024,6,1,1,곡성군,흰등멸구(감수율),0.0
2024,6,1,1,곡성군,흰등멸구(피해율),0.0
2024,6,1,1,곡성군,흰등멸구(발생면적율),0.0
2024,6,1,1,곡성군,벼물바구미(발생추정면적),0.0
2024,6,1,1,곡성군,벼물바구미(감수율),0.0
2024,6,1,1,곡성군,벼물바구미(피해율),0.0
2024,6,1,1,곡성군,벼물바구미(발생면적율),0.0
2024,6,1,1,곡성군,혹명나방(발생추정면적),0.0
2024,6,1,1,곡성군,혹명나방(감수율),0.0
2024,6,1,1,곡성군,혹명나방(피해율),0.0
2024,6,1,1,곡성군,혹명나방(발생면적율),0.0
2024,6,1,1,곡성군,멸강나방(발생추정면적),0.0
2024,6,1,1,곡성군,멸강나방(감수율),0.0
2024,6,1,1,곡성군,멸강나방(피해율),0.0
2024,6,1,1,곡성군,멸강나방(발생면적율),0.0
2024,6,1,1,곡성군,먹노린재(발생추정면적),0.0
2024,6,1,1,곡성군,먹노린재(감수율),0.0
2024,6,1,1,곡성군,먹노린재(피해율),0.0
2024,6,1,1,곡성군,먹노린재(발생면적율),0.0
2024,6,1,1,곡성군,이화명나방1화기(발생면적),0.0
2024,6,1,1,곡성군,이화명나방1화기(감수율),0.0
2024,6,1,1,곡성군,이화명나방1화기(피해율),0.0
2024,6,1,1,곡성군,이화명나방1화기(발생면적률),0.0
2024,6,1,1,곡성군,이화명나방2화기(발생면적),0.0
2024,6,1,1,곡성군,이화명나방2화기(감수율),0.0
2024,6,1,1,곡성군,이화명나방2화기(피해율),0.0
2024,6,1,1,곡성군,이화명나방2화기(발생면적률),0.0
2024,6,1,1,광양시,잎도열병(발생추정면적),0.0
2024,6,1,1,광양시,잎도열병(감수율),0.0
2024,6,1,1,광양시,잎도열병(피해율),0.0
2024,6,1,1,광양시,잎도열병(발생면적율),0.0
2024,6,1,1,광양시,이삭도열병(발생추정면적),0.0
2024,6,1,1,광양시,이삭도열병(감수율),0.0
2024,6,1,1,광양시,이삭도열병(피해율),0.0
2024,6,1,1,광양시,이삭도열병(발생면적율),0.0
2024,6,1,1,광양시,잎집무늬마름병(발생추정면적),0.0
2024,6,1,1,광양시,잎집무늬마름병(감수율),0.0
2024,6,1,1,광양시,잎집무늬마름병(피해율),0.0
2024,6,1,1,광양시,잎집무늬마름병(발생면적율),0.0
2024,6,1,1,광양시,흰잎마름병(발생추정면적),0.0
2024,6,1,1,광양시,흰잎마름병(감수율),0.0
2024,6,1,1,광양시,흰잎마름병(피해율),0.0
2024,6,1,1,광양시,흰잎마름병(발생면적율),0.0
2024,6,1,1,광양시,세균벼알마름병(발생추정면적),0.0
2024,6,1,1,광양시,세균벼알마름병(감수율),0.0
2024,6,1,1,광양시,세균벼알마름병(피해율),0.0
2024,6,1,1,광양시,세균벼알마름병(발생면적율),0.0
2024,6,1,1,광양시,줄무늬잎마름병(발생면적),0.0
2024,6,1,1,광양시,줄무늬잎마름병(감수율),0.0
2024,6,1,1,광양시,줄무늬잎마름병(피해율),0.0
2024,6,1,1,광양시,줄무늬잎마름병(발생면적률),0.0
2024,6,1,1,광양시,벼검은줄오갈병(발생면적),0.0
2024,6,1,1,광양시,벼검은줄오갈병(감수율),0.0
2024,6,1,1,광양시,벼검은줄오갈병(피해율),0.0
2024,6,1,1,광양시,벼검은줄오갈병(발생면적률),0.0
2024,6,1,1,광양시,오갈병(발생면적),0.0
2024,6,1,1,광양시,오갈병(감수율),0.0
2024,6,1,1,광양시,오갈병(피해율),0.0
2024,6,1,1,광양시,오갈병(발생면적률),0.0
2024,6,1,1,광양시,이삭누룩병(발생추정면적),0.0
2024,6,1,1,광양시,이삭누룩병(감수율),0.0
2024,6,1,1,광양시,이삭누룩병(피해율),0.0
2024,6,1,1,광양시,이삭누룩병(발생면적율),0.0
2024,6,1,1,광양시,깨씨무늬병(발생추정면적),0.0
2024,6,1,1,광양시,깨씨무늬병(감수율),0.0
2024,6,1,1,광양시,깨씨무늬병(피해율),0.0
2024,6,1,1,광양시,깨씨무늬병(발생면적율),0.0
2024,6,1,1,광양시,벼잎벌레(발생추정면적),0.0
2024,6,1,1,광양시,벼잎벌레(감수율),0.0
2024,6,1,1,광양시,벼잎벌레(피해율),0.0
2024,6,1,1,광양시,벼잎벌레(발생면적율),0.0
2024,6,1,1,광양시,벼애잎굴파리(발생추정면적),0.0
2024,6,1,1,광양시,벼애잎굴파리(감수율),0.0
2024,6,1,1,광양시,벼애잎굴파리(피해율),0.0
2024,6,1,1,광양시,벼애잎굴파리(발생면적율),0.0
2024,6,1,1,광양시,벼줄기굴파리(발생추정면적),0.0
2024,6,1,1,광양시,벼줄기굴파리(감수율),0.0
2024,6,1,1,광양시,벼줄기굴파리(피해율),0.0
2024,6,1,1,광양시,벼줄기굴파리(발생면적율),0.0
2024,6,1,1,광양시,애멸구(발생추정면적),0.0
2024,6,1,1,광양시,애멸구(감수율),0.0
2024,6,1,1,광양시,애멸구(피해율),0.0
2024,6,1,1,광양시,애멸구(발생면적율),0.0
2024,6,1,1,광양시,끝동매미충(발생추정면적),0.0
2024,6,1,1,광양시,끝동매미충(감수율),0.0
2024,6,1,1,광양시,끝동매미충(피해율),0.0
2024,6,1,1,광양시,끝동매미충(발생면적율),0.0
2024,6,1,1,광양시,벼멸구(발생추정면적),0.0
2024,6,1,1,광양시,벼멸구(감수율),0.0
2024,6,1,1,광양시,벼멸구(피해율),0.0
2024,6,1,1,광양시,벼멸구(발생면적율),0.0
2024,6,1,1,광양시,흰등멸구(발생추정면적),0.0
2024,6,1,1,광양시,흰등멸구(감수율),0.0
2024,6,1,1,광양시,흰등멸구(피해율),0.0
2024,6,1,1,광양시,흰등멸구(발생면적율),0.0
2024,6,1,1,광양시,벼물바구미(발생추정면적),0.0
2024,6,1,1,광양시,벼물바구미(감수율),0.0
2024,6,1,1,광양시,벼물바구미(피해율),0.0
2024,6,1,1,광양시,벼물바구미(발생면적율),0.0
2024,6,1,1,광양시,혹명나방(발생추정면적),0.0
2024,6,1,1,광양시,혹명나방(감수율),0.0
2024,6,1,1,광양시,혹명나방(피해율),0.0
2024,6,1,1,광양시,혹명나방(발생면적율),0.0
2024,6,1,1,광양시,멸강나방(발생추정면적),0.0
2024,6,1,1,광양시,멸강나방(감수율),0.0
2024,6,1,1,광양시,멸강나방(피해율),0.0
2024,6,1,1,광양시,멸강나방(발생면적율),0.0
2024,6,1,1,광양시,먹노린재(발생추정면적),0.0
2024,6,1,1,광양시,먹노린재(감수율),0.0
2024,6,1,1,광양시,먹노린재(피해율),0.0
2024,6,1,1,광양시,먹노린재(발생면적율),0.0
2024,6,1,1,광양시,이화명나방1화기(발생면적),0.0
2024,6,1,1,광양시,이화명나방1화기(감수율),0.0
2024,6,1,1,광양시,이화명나방1화기(피해율),0.0
2024,6,1,1,광양시,이화명나방1화기(발생면적률),0.0
2024,6,1,1,광양시,이화명나방2화기(발생면적),0.0
2024,6,1,1,광양시,이화명나방2화기(감수율),0.0
2024,6,1,1,광양시,이화명나방2화기(피해율),0.0
2024,6,1,1,광양시,이화명나방2화기(발생면적률),0.0
2024,6,1,1,구례군,잎도열병(발생추정면적),0.0
2024,6,1,1,구례군,잎도열병(감수율),0.0
2024,6,1,1,구례군,잎도열병(피해율),0.0
2024,6,1,1,구례군,잎도열병(발생면적율),0.0
2024,6,1,1,구례군,이삭도열병(발생추정면적),0.0
2024,6,1,1,구례군,이삭도열병(감수율),0.0
2024,6,1,1,구례군,이삭도열병(피해율),0.0
2024,6,1,1,구례군,이삭도열병(발생면적율),0.0
2024,6,1,1,구례군,잎집무늬마름병(발생추정면적),0.0
2024,6,1,1,구례군,잎집무늬마름병(감수율),0.0
2024,6,1,1,구례군,잎집무늬마름병(피해율),0.0
2024,6,1,1,구례군,잎집무늬마름병(발생면적율),0.0
2024,6,1,1,구례군,흰잎마름병(발생추정면적),0.0
2024,6,1,1,구례군,흰잎마름병(감수율),0.0
2024,6,1,1,구례군,흰잎마름병(피해율),0.0
2024,6,1,1,구례군,흰잎마름병(발생면적율),0.0
2024,6,1,1,구례군,세균벼알마름병(발생추정면적),0.0
2024,6,1,1,구례군,세균벼알마름병(감수율),0.0
2024,6,1,1,구례군,세균벼알마름병(피해율),0.0
2024,6,1,1,구례군,세균벼알마름병(발생면적율),0.0
2024,6,1,1,구례군,줄무늬잎마름병(발생면적),0.0
2024,6,1,1,구례군,줄무늬잎마름병(감수율),0.0
2024,6,1,1,구례군,줄무늬잎마름병(피해율),0.0
2024,6,1,1,구례군,줄무늬잎마름병(발생면적률),0.0
2024,6,1,1,구례군,벼검은줄오갈병(발생면적),0.0
2024,6,1,1,구례군,벼검은줄오갈병(감수율),0.0
2024,6,1,1,구례군,벼검은줄오갈병(피해율),0.0
2024,6,1,1,구례군,벼검은줄오갈병(발생면적률),0.0
2024,6,1,1,구례군,오갈병(발생면적),0.0
2024,6,1,1,구례군,오갈병(감수율),0.0
2024,6,1,1,구례군,오갈병(피해율),0.0
2024,6,1,1,구례군,오갈병(발생면적률),0.0
2024,6,1,1,구례군,이삭누룩병(발생추정면적),0.0
2024,6,1,1,구례군,이삭누룩병(감수율),0.0
2024,6,1,1,구례군,이삭누룩병(피해율),0.0
2024,6,1,1,구례군,이삭누룩병(발생면적율),0.0
2024,6,1,1,구례군,깨씨무늬병(발생추정면적),0.0
2024,6,1,1,구례군,깨씨무늬병(감수율),0.0
2024,6,1,1,구례군,깨씨무늬병(피해율),0.0
2024,6,1,1,구례군,깨씨무늬병(발생면적율),0.0
2024,6,1,1,구례군,벼잎벌레(발생추정면적),0.0
2024,6,1,1,구례군,벼잎벌레(감수율),0.0
2024,6,1,1,구례군,벼잎벌레(피해율),0.0
2024,6,1,1,구례군,벼잎벌레(발생면적율),0.0
2024,6,1,1,구례군,벼애잎굴파리(발생추정면적),0.0
2024,6,1,1,구례군,벼애잎굴파리(감수율),0.0
2024,6,1,1,구례군,벼애잎굴파리(피해율),0.0
2024,6,1,1,구례군,벼애잎굴파리(발생면적율),0.0
2024,6,1,1,구례군,벼줄기굴파리(발생추정면적),0.0
2024,6,1,1,구례군,벼줄기굴파리(감수율),0.0
2024,6,1,1,구례군,벼줄기굴파리(피해율),0.0
2024,6,1,1,구례군,벼줄기굴파리(발생면적율),0.0
2024,6,1,1,구례군,애멸구(발생추정면적),0.0
2024,6,1,1,구례군,애멸구(감수율),0.0
2024,6,1,1,구례군,애멸구(피해율),0.0
2024,6,1,1,구례군,애멸구(발생면적율),0.0
2024,6,1,1,구례군,끝동매미충(발생추정면적),0.0
2024,6,1,1,구례군,끝동매미충(감수율),0.0
2024,6,1,1,구례군,끝동매미충(피해율),0.0
2024,6,1,1,구례군,끝동매미충(발생면적율),0.0
2024,6,1,1,구례군,벼멸구(발생추정면적),0.0
2024,6,1,1,구례군,벼멸구(감수율),0.0
2024,6,1,1,구례군,벼멸구(피해율),0.0
2024,6,1,1,구례군,벼멸구(발생면적율),0.0
2024,6,1,1,구례군,흰등멸구(발생추정면적),0.0
2024,6,1,1,구례군,흰등멸구(감수율),0.0
2024,6,1,1,구례군,흰등멸구(피해율),0.0
2024,6,1,1,구례군,흰등멸구(발생면적율),0.0
2024,6,1,1,구례군,벼물바구미(발생추정면적),0.0
2024,6,1,1,구례군,벼물바구미(감수율),0.0
2024,6,1,1,구례군,벼물바구미(피해율),0.0
2024,6,1,1,구례군,벼물바구미(발생면적율),0.0
2024,6,1,1,구례군,혹명나방(발생추정면적),0.0
2024,6,1,1,구례군,혹명나방(감수율),0.0
2024,6,1,1,구례군,혹명나방(피해율),0.0
2024,6,1,1,구례군,혹명나방(발생면적율),0.0
2024,6,1,1,구례군,멸강나방(발생추정면적),0.0
2024,6,1,1,구례군,멸강나방(감수율),0.0
2024,6,1,1,구례군,멸강나방(피해율),0.0
2024,6,1,1,구례군,멸강나방(발생면적율),0.0
2024,6,1,1,구례군,먹노린재(발생추정면적),0.0
2024,6,1,1,구례군,먹노린재(감수율),0.0
2024,6,1,1,구례군,먹노린재(피해율),0.0
2024,6,1,1,구례군,먹노린재(발생면적율),0.0
2024,6,1,1,구례군,이화명나방1화기(발생면적),0.0
2024,6,1,1,구례군,이화명나방1화기(감수율),0.0
2024,6,1,1,구례군,이화명나방1화기(피해율),0.0
2024,6,1,1,구례군,이화명나방1화기(발생면적률),0.0
2024,6,1,1,구례군,이화명나방2화기(발생면적),0.0
2024,6,1,1,구례군,이화명나방2화기(감수율),0.0
2024,6,1,1,구례군,이화명나방2화기(피해율),0.0
2024,6,1,1,구례군,이화명나방2화기(발생면적률),0.0
2024,6,1,1,나주시,잎도열병(발생추정면적),0.0
2024,6,1,1,나주시,잎도열병(감수율),0.0
2024,6,1,1,나주시,잎도열병(피해율),0.0
2024,6,1,1,나주시,잎도열병(발생면적율),0.0
2024,6,1,1,나주시,이삭도열병(발생추정면적),0.0
2024,6,1,1,나주시,이삭도열병(감수율),0.0
2024,6,1,1,나주시,이삭도열병(피해율),0.0
2024,6,1,1,나주시,이삭도열병(발생면적율),0.0
2024,6,1,1,나주시,잎집무늬마름병(발생추정면적),0.0
2024,6,1,1,나주시,잎집무늬마름병(감수율),0.0
2024,6,1,1,나주시,잎집무늬마름병(피해율),0.0
2024,6,1,1,나주시,잎집무늬마름병(발생면적율),0.0
2024,6,1,1,나주시,흰잎마름병(발생추정면적),0.0
2024,6,1,1,나주시,흰잎마름병(감수율),0.0
2024,6,1,1,나주시,흰잎마름병(피해율),0.0
2024,6,1,1,나주시,흰잎마름병(발생면적율),0.0
2024,6,1,1,나주시,세균벼알마름병(발생추정면적),0.0
2024,6,1,1,나주시,세균벼알마름병(감수율),0.0
2024,6,1,1,나주시,세균벼알마름병(피해율),0.0
2024,6,1,1,나주시,세균벼알마름병(발생면적율),0.0
2024,6,1,1,나주시,줄무늬잎마름병(발생면적),0.0
2024,6,1,1,나주시,줄무늬잎마름병(감수율),0.0
2024,6,1,1,나주시,줄무늬잎마름병(피해율),0.0
2024,6,1,1,나주시,줄무늬잎마름병(발생면적률),0.0
2024,6,1,1,나주시,벼검은줄오갈병(발생면적),0.0
2024,6,1,1,나주시,벼검은줄오갈병(감수율),0.0
2024,6,1,1,나주시,벼검은줄오갈병(피해율),0.0
2024,6,1,1,나주시,벼검은줄오갈병(발생면적률),0.0
2024,6,1,1,나주시,오갈병(발생면적),0.0
2024,6,1,1,나주시,오갈병(감수율),0.0
2024,6,1,1,나주시,오갈병(피해율),0.0
2024,6,1,1,나주시,오갈병(발생면적률),0.0
2024,6,1,1,나주시,이삭누룩병(발생추정면적),0.0
2024,6,1,1,나주시,이삭누룩병(감수율),0.0
2024,6,1,1,나주시,이삭누룩병(피해율),0.0
2024,6,1,1,나주시,이삭누룩병(발생면적율),0.0
2024,6,1,1,나주시,깨씨무늬병(발생추정면적),0.0
2024,6,1,1,나주시,깨씨무늬병(감수율),0.0
2024,6,1,1,나주시,깨씨무늬병(피해율),0.0
2024,6,1,1,나주시,깨씨무늬병(발생면적율),0.0
2024,6,1,1,나주시,벼잎벌레(발생추정면적),0.0
2024,6,1,1,나주시,벼잎벌레(감수율),0.0
2024,6,1,1,나주시,벼잎벌레(피해율),0.0
2024,6,1,1,나주시,벼잎벌레(발생면적율),0.0
2024,6,1,1,나주시,벼애잎굴파리(발생추정면적),0.0
2024,6,1,1,나주시,벼애잎굴파리(감수율),0.0
2024,6,1,1,나주시,벼애잎굴파리(피해율),0.0
2024,6,1,1,나주시,벼애잎굴파리(발생면적율),0.0
2024,6,1,1,나주시,벼줄기굴파리(발생추정면적),0.0
2024,6,1,1,나주시,벼줄기굴파리(감수율),0.0
2024,6,1,1,나주시,벼줄기굴파리(피해율),0.0
2024,6,1,1,나주시,벼줄기굴파리(발생면적율),0.0
2024,6,1,1,나주시,애멸구(발생추정면적),0.0
2024,6,1,1,나주시,애멸구(감수율),0.0
2024,6,1,1,나주시,애멸구(피해율),0.0
2024,6,1,1,나주시,애멸구(발생면적율),0.0
2024,6,1,1,나주시,끝동매미충(발생추정면적),0.0
2024,6,1,1,나주시,끝동매미충(감수율),0.0
2024,6,1,1,나주시,끝동매미충(피해율),0.0
2024,6,1,1,나주시,끝동매미충(발생면적율),0.0
2024,6,1,1,나주시,벼멸구(발생추정면적),0.0
2024,6,1,1,나주시,벼멸구(감수율),0.0
2024,6,1,1,나주시,벼멸구(피해율),0.0
2024,6,1,1,나주시,벼멸구(발생면적율),0.0
2024,6,1,1,나주시,흰등멸구(발생추정면적),0.0
2024,6,1,1,나주시,흰등멸구(감수율),0.0
2024,6,1,1,나주시,흰등멸구(피해율),0.0
2024,6,1,1,나주시,흰등멸구(발생면적율),0.0
2024,6,1,1,나주시,벼물바구미(발생추정면적),0.0
2024,6,1,1,나주시,벼물바구미(감수율),0.0
2024,6,1,1,나주시,벼물바구미(피해율),0.0
2024,6,1,1,나주시,벼물바구미(발생면적율),0.0
2024,6,1,1,나주시,혹명나방(발생추정면적),0.0
2024,6,1,1,나주시,혹명나방(감수율),0.0
2024,6,1,1,나주시,혹명나방(피해율),0.0
2024,6,1,1,나주시,혹명나방(발생면적율),0.0
2024,6,1,1,나주시,멸강나방(발생추정면적),0.0
2024,6,1,1,나주시,멸강나방(감수율),0.0
2024,6,1,1,나주시,멸강나방(피해율),0.0
2024,6,1,1,나주시,멸강나방(발생면적율),0.0
2024,6,1,1,나주시,먹노린재(발생추정면적),0.0
2024,6,1,1,나주시,먹노린재(감수율),0.0
2024,6,1,1,나주시,먹노린재(피해율),0.0
2024,6,1,1,나주시,먹노린재(발생면적율),0.0
2024,6,1,1,나주시,이화명나방1화기(발생면적),0.0
2024,6,1,1,나주시,이화명나방1화기(감수율),0.0
2024,6,1,1,나주시,이화명나방1화기(피해율),0.0
2024,6,1,1,나주시,이화명나방1화기(발생면적률),0.0
2024,6,1,1,나주시,이화명나방2화기(발생면적),0.0
2024,6,1,1,나주시,이화명나방2화기(감수율),0.0
2024,6,1,1,나주시,이화명나방2화기(피해율),0.0
2024,6,1,1,나주시,이화명나방2화기(발생면적률),0.0
2024,6,1,1,담양군,잎도열병(발생추정면적),0.0
2024,6,1,1,담양군,잎도열병(감수율),0.0
2024,6,1,1,담양군,잎도열병(피해율),0.0
2024,6,1,1,담양군,잎도열병(발생면적율),0.0
2024,6,1,1,담양군,이삭도열병(발생추정면적),0.0
2024,6,1,1,담양군,이삭도열병(감수율),0.0
2024,6,1,1,담양군,이삭도열병(피해율),0.0
2024,6,1,1,담양군,이삭도열병(발생면적율),0.0
2024,6,1,1,담양군,잎집무늬마름병(발생추정면적),0.0
2024,6,1,1,담양군,잎집무늬마름병(감수율),0.0
2024,6,1,1,담양군,잎집무늬마름병(피해율),0.0
2024,6,1,1,담양군,잎집무늬마름병(발생면적율),0.0
2024,6,1,1,담양군,흰잎마름병(발생추정면적),0.0
2024,6,1,1,담양군,흰잎마름병(감수율),0.0
2024,6,1,1,담양군,흰잎마름병(피해율),0.0
2024,6,1,1,담양군,흰잎마름병(발생면적율),0.0
2024,6,1,1,담양군,세균벼알마름병(발생추정면적),0.0
2024,6,1,1,담양군,세균벼알마름병(감수율),0.0
2024,6,1,1,담양군,세균벼알마름병(피해율),0.0
2024,6,1,1,담양군,세균벼알마름병(발생면적율),0.0
2024,6,1,1,담양군,줄무늬잎마름병(발생면적),0.0
2024,6,1,1,담양군,줄무늬잎마름병(감수율),0.0
2024,6,1,1,담양군,줄무늬잎마름병(피해율),0.0
2024,6,1,1,담양군,줄무늬잎마름병(발생면적률),0.0
2024,6,1,1,담양군,벼검은줄오갈병(발생면적),0.0
2024,6,1,1,담양군,벼검은줄오갈병(감수율),0.0
2024,6,1,1,담양군,벼검은줄오갈병(피해율),0.0
2024,6,1,1,담양군,벼검은줄오갈병(발생면적률),0.0
2024,6,1,1,담양군,오갈병(발생면적),0.0
2024,6,1,1,담양군,오갈병(감수율),0.0
2024,6,1,1,담양군,오갈병(피해율),0.0
2024,6,1,1,담양군,오갈병(발생면적률),0.0
2024,6,1,1,담양군,이삭누룩병(발생추정면적),0.0
2024,6,1,1,담양군,이삭누룩병(감수율),0.0
2024,6,1,1,담양군,이삭누룩병(피해율),0.0
2024,6,1,1,담양군,이삭누룩병(발생면적율),0.0
2024,6,1,1,담양군,깨씨무늬병(발생추정면적),0.0
2024,6,1,1,담양군,깨씨무늬병(감수율),0.0
2024,6,1,1,담양군,깨씨무늬병(피해율),0.0
2024,6,1,1,담양군,깨씨무늬병(발생면적율),0.0
2024,6,1,1,담양군,벼잎벌레(발생추정면적),0.0
2024,6,1,1,담양군,벼잎벌레(감수율),0.0
2024,6,1,1,담양군,벼잎벌레(피해율),0.0
2024,6,1,1,담양군,벼잎벌레(발생면적율),0.0
2024,6,1,1,담양군,벼애잎굴파리(발생추정면적),0.0
2024,6,1,1,담양군,벼애잎굴파리(감수율),0.0
2024,6,1,1,담양군,벼애잎굴파리(피해율),0.0
2024,6,1,1,담양군,벼애잎굴파리(발생면적율),0.0
2024,6,1,1,담양군,벼줄기굴파리(발생추정면적),0.0
2024,6,1,1,담양군,벼줄기굴파리(감수율),0.0
2024,6,1,1,담양군,벼줄기굴파리(피해율),0.0
2024,6,1,1,담양군,벼줄기굴파리(발생면적율),0.0
2024,6,1,1,담양군,애멸구(발생추정면적),0.0
2024,6,1,1,담양군,애멸구(감수율),0.0
2024,6,1,1,담양군,애멸구(피해율),0.0
2024,6,1,1,담양군,애멸구(발생면적율),0.0
2024,6,1,1,담양군,끝동매미충(발생추정면적),0.0
2024,6,1,1,담양군,끝동매미충(감수율),0.0
2024,6,1,1,담양군,끝동매미충(피해율),0.0
2024,6,1,1,담양군,끝동매미충(발생면적율),0.0
2024,6,1,1,담양군,벼멸구(발생추정면적),0.0
2024,6,1,1,담양군,벼멸구(감수율),0.0
2024,6,1,1,담양군,벼멸구(피해율),0.0
2024,6,1,1,담양군,벼멸구(발생면적율),0.0
2024,6,1,1,담양군,흰등멸구(발생추정면적),0.0
2024,6,1,1,담양군,흰등멸구(감수율),0.0
2024,6,1,1,담양군,흰등멸구(피해율),0.0
2024,6,1,1,담양군,흰등멸구(발생면적율),0.0
2024,6,1,1,담양군,벼물바구미(발생추정면적),0.0
2024,6,1,1,담양군,벼물바구미(감수율),0.0
2024,6,1,1,담양군,벼물바구미(피해율),0.0
2024,6,1,1,담양군,벼물바구미(발생면적율),0.0
2024,6,1,1,담양군,혹명나방(발생추정면적),0.0
2024,6,1,1,담양군,혹명나방(감수율),0.0
2024,6,1,1,담양군,혹명나방(피해율),0.0
2024,6,1,1,담양군,혹명나방(발생면적율),0.0
2024,6,1,1,담양군,멸강나방(발생추정면적),0.0
2024,6,1,1,담양군,멸강나방(감수율),0.0
2024,6,1,1,담양군,멸강나방(피해율),0.0
2024,6,1,1,담양군,멸강나방(발생면적율),0.0
2024,6,1,1,담양군,먹노린재(발생추정면적),0.0
2024,6,1,1,담양군,먹노린재(감수율),0.0
2024,6,1,1,담양군,먹노린재(피해율),0.0
2024,6,1,1,담양군,먹노린재(발생면적율),0.0
2024,6,1,1,담양군,이화명나방1화기(발생면적),0.0
2024,6,1,1,담양군,이화명나방1화기(감수율),0.0
2024,6,1,1,담양군,이화명나방1화기(피해율),0.0
2024,6,1,1,담양군,이화명나방1화기(발생면적률),0.0
2024,6,1,1,담양군,이화명나방2화기(발생면적),0.0
2024,6,1,1,담양군,이화명나방2화기(감수율),0.0
2024,6,1,1,담양군,이화명나방2화기(피해율),0.0
2024,6,1,1,담양군,이화명나방2화기(발생면적률),0.0
2024,6,1,1,무안군,잎도열병(발생추정면적),0.0
2024,6,1,1,무안군,잎도열병(감수율),0.0
2024,6,1,1,무안군,잎도열병(피해율),0.0
2024,6,1,1,무안군,잎도열병(발생면적율),0.0
2024,6,1,1,무안군,이삭도열병(발생추정면적),0.0
2024,6,1,1,무안군,이삭도열병(감수율),0.0
2024,6,1,1,무안군,이삭도열병(피해율),0.0
2024,6,1,1,무안군,이삭도열병(발생면적율),0.0
2024,6,1,1,무안군,잎집무늬마름병(발생추정면적),0.0
2024,6,1,1,무안군,잎집무늬마름병(감수율),0.0
2024,6,1,1,무안군,잎집무늬마름병(피해율),0.0
2024,6,1,1,무안군,잎집무늬마름병(발생면적율),0.0
2024,6,1,1,무안군,흰잎마름병(발생추정면적),0.0
2024,6,1,1,무안군,흰잎마름병(감수율),0.0
2024,6,1,1,무안군,흰잎마름병(피해율),0.0
2024,6,1,1,무안군,흰잎마름병(발생면적율),0.0
2024,6,1,1,무안군,세균벼알마름병(발생추정면적),0.0
2024,6,1,1,무안군,세균벼알마름병(감수율),0.0
2024,6,1,1,무안군,세균벼알마름병(피해율),0.0
2024,6,1,1,무안군,세균벼알마름병(발생면적율),0.0
2024,6,1,1,무안군,줄무늬잎마름병(발생면적),0.0
2024,6,1,1,무안군,줄무늬잎마름병(감수율),0.0
2024,6,1,1,무안군,줄무늬잎마름병(피해율),0.0
2024,6,1,1,무안군,줄무늬잎마름병(발생면적률),0.0
2024,6,1,1,무안군,벼검은줄오갈병(발생면적),0.0
2024,6,1,1,무안군,벼검은줄오갈병(감수율),0.0
2024,6,1,1,무안군,벼검은줄오갈병(피해율),0.0
2024,6,1,1,무안군,벼검은줄오갈병(발생면적률),0.0
2024,6,1,1,무안군,오갈병(발생면적),0.0
2024,6,1,1,무안군,오갈병(감수율),0.0
2024,6,1,1,무안군,오갈병(피해율),0.0
2024,6,1,1,무안군,오갈병(발생면적률),0.0
2024,6,1,1,무안군,이삭누룩병(발생추정면적),0.0
2024,6,1,1,무안군,이삭누룩병(감수율),0.0
2024,6,1,1,무안군,이삭누룩병(피해율),0.0
2024,6,1,1,무안군,이삭누룩병(발생면적율),0.0
2024,6,1,1,무안군,깨씨무늬병(발생추정면적),0.0
2024,6,1,1,무안군,깨씨무늬병(감수율),0.0
2024,6,1,1,무안군,깨씨무늬병(피해율),0.0
2024,6,1,1,무안군,깨씨무늬병(발생면적율),0.0
2024,6,1,1,무안군,벼잎벌레(발생추정면적),0.0
2024,6,1,1,무안군,벼잎벌레(감수율),0.0
2024,6,1,1,무안군,벼잎벌레(피해율),0.0
2024,6,1,1,무안군,벼잎벌레(발생면적율),0.0
2024,6,1,1,무안군,벼애잎굴파리(발생추정면적),0.0
2024,6,1,1,무안군,벼애잎굴파리(감수율),0.0
2024,6,1,1,무안군,벼애잎굴파리(피해율),0.0
2024,6,1,1,무안군,벼애잎굴파리(발생면적율),0.0
2024,6,1,1,무안군,벼줄기굴파리(발생추정면적),0.0
2024,6,1,1,무안군,벼줄기굴파리(감수율),0.0
2024,6,1,1,무안군,벼줄기굴파리(피해율),0.0
2024,6,1,1,무안군,벼줄기굴파리(발생면적율),0.0
2024,6,1,1,무안군,애멸구(발생추정면적),0.0
2024,6,1,1,무안군,애멸구(감수율),0.0
2024,6,1,1,무안군,애멸구(피해율),0.0
2024,6,1,1,무안군,애멸구(발생면적율),0.0
2024,6,1,1,무안군,끝동매미충(발생추정면적),0.0
2024,6,1,1,무안군,끝동매미충(감수율),0.0
2024,6,1,1,무안군,끝동매미충(피해율),0.0
2024,6,1,1,무안군,끝동매미충(발생면적율),0.0
2024,6,1,1,무안군,벼멸구(발생추정면적),0.0
2024,6,1,1,무안군,벼멸구(감수율),0.0
2024,6,1,1,무안군,벼멸구(피해율),0.0
2024,6,1,1,무안군,벼멸구(발생면적율),0.0
2024,6,1,1,무안군,흰등멸구(발생추정면적),0.0
2024,6,1,1,무안군,흰등멸구(감수율),0.0
2024,6,1,1,무안군,흰등멸구(피해율),0.0
2024,6,1,1,무안군,흰등멸구(발생면적율),0.0
2024,6,1,1,무안군,벼물바구미(발생추정면적),0.0
2024,6,1,1,무안군,벼물바구미(감수율),0.0
2024,6,1,1,무안군,벼물바구미(피해율),0.0
2024,6,1,1,무안군,벼물바구미(발생면적율),0.0
2024,6,1,1,무안군,혹명나방(발생추정면적),0.0
2024,6,1,1,무안군,혹명나방(감수율),0.0
2024,6,1,1,무안군,혹명나방(피해율),0.0
2024,6,1,1,무안군,혹명나방(발생면적율),0.0
2024,6,1,1,무안군,멸강나방(발생추정면적),0.0
2024,6,1,1,무안군,멸강나방(감수율),0.0
2024,6,1,1,무안군,멸강나방(피해율),0.0
2024,6,1,1,무안군,멸강나방(발생면적율),0.0
2024,6,1,1,무안군,먹노린재(발생추정면적),0.0
2024,6,1,1,무안군,먹노린재(감수율),0.0
2024,6,1,1,무안군,먹노린재(피해율),0.0
2024,6,1,1,무안군,먹노린재(발생면적율),0.0
2024,6,1,1,무안군,이화명나방1화기(발생면적),0.0
2024,6,1,1,무안군,이화명나방1화기(감수율),0.0
2024,6,1,1,무안군,이화명나방1화기(피해율),0.0
2024,6,1,1,무안군,이화명나방1화기(발생면적률),0.0
2024,6,1,1,무안군,이화명나방2화기(발생면적),0.0
2024,6,1,1,무안군,이화명나방2화기(감수율),0.0
2024,6,1,1,무안군,이화명나방2화기(피해율),0.0
2024,6,1,1,무안군,이화명나방2화기(발생면적률),0.0
2024,6,1,1,보성군,잎도열병(발생추정면적),0.0
2024,6,1,1,보성군,잎도열병(감수율),0.0
2024,6,1,1,보성군,잎도열병(피해율),0.0
2024,6,1,1,보성군,잎도열병(발생면적율),0.0
2024,6,1,1,보성군,이삭도열병(발생추정면적),0.0
2024,6,1,1,보성군,이삭도열병(감수율),0.0
2024,6,1,1,보성군,이삭도열병(피해율),0.0
2024,6,1,1,보성군,이삭도열병(발생면적율),0.0
2024,6,1,1,보성군,잎집무늬마름병(발생추정면적),0.0
2024,6,1,1,보성군,잎집무늬마름병(감수율),0.0
2024,6,1,1,보성군,잎집무늬마름병(피해율),0.0
2024,6,1,1,보성군,잎집무늬마름병(발생면적율),0.0
2024,6,1,1,보성군,흰잎마름병(발생추정면적),0.0
2024,6,1,1,보성군,흰잎마름병(감수율),0.0
2024,6,1,1,보성군,흰잎마름병(피해율),0.0
2024,6,1,1,보성군,흰잎마름병(발생면적율),0.0
2024,6,1,1,보성군,세균벼알마름병(발생추정면적),0.0
2024,6,1,1,보성군,세균벼알마름병(감수율),0.0
2024,6,1,1,보성군,세균벼알마름병(피해율),0.0
2024,6,1,1,보성군,세균벼알마름병(발생면적율),0.0
2024,6,1,1,보성군,줄무늬잎마름병(발생면적),0.0
2024,6,1,1,보성군,줄무늬잎마름병(감수율),0.0
2024,6,1,1,보성군,줄무늬잎마름병(피해율),0.0
2024,6,1,1,보성군,줄무늬잎마름병(발생면적률),0.0
2024,6,1,1,보성군,벼검은줄오갈병(발생면적),0.0
2024,6,1,1,보성군,벼검은줄오갈병(감수율),0.0
2024,6,1,1,보성군,벼검은줄오갈병(피해율),0.0
2024,6,1,1,보성군,벼검은줄오갈병(발생면적률),0.0
2024,6,1,1,보성군,오갈병(발생면적),0.0
2024,6,1,1,보성군,오갈병(감수율),0.0
2024,6,1,1,보성군,오갈병(피해율),0.0
2024,6,1,1,보성군,오갈병(발생면적률),0.0
2024,6,1,1,보성군,이삭누룩병(발생추정면적),0.0
2024,6,1,1,보성군,이삭누룩병(감수율),0.0
2024,6,1,1,보성군,이삭누룩병(피해율),0.0
2024,6,1,1,보성군,이삭누룩병(발생면적율),0.0
2024,6,1,1,보성군,깨씨무늬병(발생추정면적),0.0
2024,6,1,1,보성군,깨씨무늬병(감수율),0.0
2024,6,1,1,보성군,깨씨무늬병(피해율),0.0
2024,6,1,1,보성군,깨씨무늬병(발생면적율),0.0
2024,6,1,1,보성군,벼잎벌레(발생추정면적),0.0
2024,6,1,1,보성군,벼잎벌레(감수율),0.0
2024,6,1,1,보성군,벼잎벌레(피해율),0.0
2024,6,1,1,보성군,벼잎벌레(발생면적율),0.0
2024,6,1,1,보성군,벼애잎굴파리(발생추정면적),0.0
2024,6,1,1,보성군,벼애잎굴파리(감수율),0.0
2024,6,1,1,보성군,벼애잎굴파리(피해율),0.0
2024,6,1,1,보성군,벼애잎굴파리(발생면적율),0.0
2024,6,1,1,보성군,벼줄기굴파리(발생추정면적),0.0
2024,6,1,1,보성군,벼줄기굴파리(감수율),0.0
2024,6,1,1,보성군,벼줄기굴파리(피해율),0.0
2024,6,1,1,보성군,벼줄기굴파리(발생면적율),0.0
2024,6,1,1,보성군,애멸구(발생추정면적),0.0
2024,6,1,1,보성군,애멸구(감수율),0.0
2024,6,1,1,보성군,애멸구(피해율),0.0
2024,6,1,1,보성군,애멸구(발생면적율),0.0
2024,6,1,1,보성군,끝동매미충(발생추정면적),0.0
2024,6,1,1,보성군,끝동매미충(감수율),0.0
2024,6,1,1,보성군,끝동매미충(피해율),0.0
2024,6,1,1,보성군,끝동매미충(발생면적율),0.0
2024,6,1,1,보성군,벼멸구(발생추정면적),0.0
2024,6,1,1,보성군,벼멸구(감수율),0.0
2024,6,1,1,보성군,벼멸구(피해율),0.0
2024,6,1,1,보성군,벼멸구(발생면적율),0.0
2024,6,1,1,보성군,흰등멸구(발생추정면적),0.0
2024,6,1,1,보성군,흰등멸구(감수율),0.0
2024,6,1,1,보성군,흰등멸구(피해율),0.0
2024,6,1,1,보성군,흰등멸구(발생면적율),0.0
2024,6,1,1,보성군,벼물바구미(발생추정면적),0.0
2024,6,1,1,보성군,벼물바구미(감수율),0.0
2024,6,1,1,보성군,벼물바구미(피해율),0.0
2024,6,1,1,보성군,벼물바구미(발생면적율),0.0
2024,6,1,1,보성군,혹명나방(발생추정면적),0.0
2024,6,1,1,보성군,혹명나방(감수율),0.0
2024,6,1,1,보성군,혹명나방(피해율),0.0
2024,6,1,1,보성군,혹명나방(발생면적율),0.0
2024,6,1,1,보성군,멸강나방(발생추정면적),0.0
2024,6,1,1,보성군,멸강나방(감수율),0.0
2024,6,1,1,보성군,멸강나방(피해율),0.0
2024,6,1,1,보성군,멸강나방(발생면적율),0.0
2024,6,1,1,보성군,먹노린재(발생추정면적),0.0
2024,6,1,1,보성군,먹노린재(감수율),0.0
2024,6,1,1,보성군,먹노린재(피해율),0.0
2024,6,1,1,보성군,먹노린재(발생면적율),0.0
2024,6,1,1,보성군,이화명나방1화기(발생면적),0.0
2024,6,1,1,보성군,이화명나방1화기(감수율),0.0
2024,6,1,1,보성군,이화명나방1화기(피해율),0.0
2024,6,1,1,보성군,이화명나방1화기(발생면적률),0.0
2024,6,1,1,보성군,이화명나방2화기(발생면적),0.0
2024,6,1,1,보성군,이화명나방2화기(감수율),0.0
2024,6,1,1,보성군,이화명나방2화기(피해율),0.0
2024,6,1,1,보성군,이화명나방2화기(발생면적률),0.0
2024,6,1,1,순천시,잎도열병(발생추정면적),0.0
2024,6,1,1,순천시,잎도열병(감수율),0.0
2024,6,1,1,순천시,잎도열병(피해율),0.0
2024,6,1,1,순천시,잎도열병(발생면적율),0.0
2024,6,1,1,순천시,이삭도열병(발생추정면적),0.0
2024,6,1,1,순천시,이삭도열병(감수율),0.0
2024,6,1,1,순천시,이삭도열병(피해율),0.0
2024,6,1,1,순천시,이삭도열병(발생면적율),0.0
2024,6,1,1,순천시,잎집무늬마름병(발생추정면적),0.0
2024,6,1,1,순천시,잎집무늬마름병(감수율),0.0
2024,6,1,1,순천시,잎집무늬마름병(피해율),0.0
2024,6,1,1,순천시,잎집무늬마름병(발생면적율),0.0
2024,6,1,1,순천시,흰잎마름병(발생추정면적),0.0
2024,6,1,1,순천시,흰잎마름병(감수율),0.0
2024,6,1,1,순천시,흰잎마름병(피해율),0.0
2024,6,1,1,순천시,흰잎마름병(발생면적율),0.0
2024,6,1,1,순천시,세균벼알마름병(발생추정면적),0.0
2024,6,1,1,순천시,세균벼알마름병(감수율),0.0
2024,6,1,1,순천시,세균벼알마름병(피해율),0.0
2024,6,1,1,순천시,세균벼알마름병(발생면적율),0.0
2024,6,1,1,순천시,줄무늬잎마름병(발생면적),0.0
2024,6,1,1,순천시,줄무늬잎마름병(감수율),0.0
2024,6,1,1,순천시,줄무늬잎마름병(피해율),0.0
2024,6,1,1,순천시,줄무늬잎마름병(발생면적률),0.0
2024,6,1,1,순천시,벼검은줄오갈병(발생면적),0.0
2024,6,1,1,순천시,벼검은줄오갈병(감수율),0.0
2024,6,1,1,순천시,벼검은줄오갈병(피해율),0.0
2024,6,1,1,순천시,벼검은줄오갈병(발생면적률),0.0
2024,6,1,1,순천시,오갈병(발생면적),0.0
2024,6,1,1,순천시,오갈병(감수율),0.0
2024,6,1,1,순천시,오갈병(피해율),0.0
2024,6,1,1,순천시,오갈병(발생면적률),0.0
2024,6,1,1,순천시,이삭누룩병(발생추정면적),0.0
2024,6,1,1,순천시,이삭누룩병(감수율),0.0
2024,6,1,1,순천시,이삭누룩병(피해율),0.0
2024,6,1,1,순천시,이삭누룩병(발생면적율),0.0
2024,6,1,1,순천시,깨씨무늬병(발생추정면적),0.0
2024,6,1,1,순천시,깨씨무늬병(감수율),0.0
2024,6,1,1,순천시,깨씨무늬병(피해율),0.0
2024,6,1,1,순천시,깨씨무늬병(발생면적율),0.0
2024,6,1,1,순천시,벼잎벌레(발생추정면적),0.0
2024,6,1,1,순천시,벼잎벌레(감수율),0.0
2024,6,1,1,순천시,벼잎벌레(피해율),0.0
2024,6,1,1,순천시,벼잎벌레(발생면적율),0.0
2024,6,1,1,순천시,벼애잎굴파리(발생추정면적),0.0
2024,6,1,1,순천시,벼애잎굴파리(감수율),0.0
2024,6,1,1,순천시,벼애잎굴파리(피해율),0.0
2024,6,1,1,순천시,벼애잎굴파리(발생면적율),0.0
2024,6,1,1,순천시,벼줄기굴파리(발생추정면적),0.0
2024,6,1,1,순천시,벼줄기굴파리(감수율),0.0
2024,6,1,1,순천시,벼줄기굴파리(피해율),0.0
2024,6,1,1,순천시,벼줄기굴파리(발생면적율),0.0
2024,6,1,1,순천시,애멸구(발생추정면적),0.0
2024,6,1,1,순천시,애멸구(감수율),0.0
2024,6,1,1,순천시,애멸구(피해율),0.0
2024,6,1,1,순천시,애멸구(발생면적율),0.0
2024,6,1,1,순천시,끝동매미충(발생추정면적),0.0
2024,6,1,1,순천시,끝동매미충(감수율),0.0
2024,6,1,1,순천시,끝동매미충(피해율),0.0
2024,6,1,1,순천시,끝동매미충(발생면적율),0.0
2024,6,1,1,순천시,벼멸구(발생추정면적),0.0
2024,6,1,1,순천시,벼멸구(감수율),0.0
2024,6,1,1,순천시,벼멸구(피해율),0.0
2024,6,1,1,순천시,벼멸구(발생면적율),0.0
2024,6,1,1,순천시,흰등멸구(발생추정면적),0.0
2024,6,1,1,순천시,흰등멸구(감수율),0.0
2024,6,1,1,순천시,흰등멸구(피해율),0.0
2024,6,1,1,순천시,흰등멸구(발생면적율),0.0
2024,6,1,1,순천시,벼물바구미(발생추정면적),0.0
2024,6,1,1,순천시,벼물바구미(감수율),0.0
2024,6,1,1,순천시,벼물바구미(피해율),0.0
2024,6,1,1,순천시,벼물바구미(발생면적율),0.0
2024,6,1,1,순천시,혹명나방(발생추정면적),0.0
2024,6,1,1,순천시,혹명나방(감수율),0.0
2024,6,1,1,순천시,혹명나방(피해율),0.0
2024,6,1,1,순천시,혹명나방(발생면적율),0.0
2024,6,1,1,순천시,멸강나방(발생추정면적),0.0
2024,6,1,1,순천시,멸강나방(감수율),0.0
2024,6,1,1,순천시,멸강나방(피해율),0.0
2024,6,1,1,순천시,멸강나방(발생면적율),0.0
2024,6,1,1,순천시,먹노린재(발생추정면적),0.0
2024,6,1,1,순천시,먹노린재(감수율),0.0
2024,6,1,1,순천시,먹노린재(피해율),0.0
2024,6,1,1,순천시,먹노린재(발생면적율),0.0
2024,6,1,1,순천시,이화명나방1화기(발생면적),0.0
2024,6,1,1,순천시,이화명나방1화기(감수율),0.0
2024,6,1,1,순천시,이화명나방1화기(피해율),0.0
2024,6,1,1,순천시,이화명나방1화기(발생면적률),0.0
2024,6,1,1,순천시,이화명나방2화기(발생면적),0.0
2024,6,1,1,순천시,이화명나방2화기(감수율),0.0
2024,6,1,1,순천시,이화명나방2화기(피해율),0.0
2024,6,1,1,순천시,이화명나방2화기(발생면적률),0.0
2024,6,1,1,신안군,잎도열병(발생추정면적),0.0
2024,6,1,1,신안군,잎도열병(감수율),0.0
2024,6,1,1,신안군,잎도열병(피해율),0.0
2024,6,1,1,신안군,잎도열병(발생면적율),0.0
2024,6,1,1,신안군,이삭도열병(발생추정면적),0.0
2024,6,1,1,신안군,이삭도열병(감수율),0.0
2024,6,1,1,신안군,이삭도열병(피해율),0.0
2024,6,1,1,신안군,이삭도열병(발생면적율),0.0
2024,6,1,1,신안군,잎집무늬마름병(발생추정면적),0.0
2024,6,1,1,신안군,잎집무늬마름병(감수율),0.0
2024,6,1,1,신안군,잎집무늬마름병(피해율),0.0
2024,6,1,1,신안군,잎집무늬마름병(발생면적율),0.0
2024,6,1,1,신안군,흰잎마름병(발생추정면적),0.0
2024,6,1,1,신안군,흰잎마름병(감수율),0.0
2024,6,1,1,신안군,흰잎마름병(피해율),0.0
2024,6,1,1,신안군,흰잎마름병(발생면적율),0.0
2024,6,1,1,신안군,세균벼알마름병(발생추정면적),0.0
2024,6,1,1,신안군,세균벼알마름병(감수율),0.0
2024,6,1,1,신안군,세균벼알마름병(피해율),0.0
2024,6,1,1,신안군,세균벼알마름병(발생면적율),0.0
2024,6,1,1,신안군,줄무늬잎마름병(발생면적),0.0
2024,6,1,1,신안군,줄무늬잎마름병(감수율),0.0
2024,6,1,1,신안군,줄무늬잎마름병(피해율),0.0
2024,6,1,1,신안군,줄무늬잎마름병(발생면적률),0.0
2024,6,1,1,신안군,벼검은줄오갈병(발생면적),0.0
2024,6,1,1,신안군,벼검은줄오갈병(감수율),0.0
2024,6,1,1,신안군,벼검은줄오갈병(피해율),0.0
2024,6,1,1,신안군,벼검은줄오갈병(발생면적률),0.0
2024,6,1,1,신안군,오갈병(발생면적),0.0
2024,6,1,1,신안군,오갈병(감수율),0.0
2024,6,1,1,신안군,오갈병(피해율),0.0
2024,6,1,1,신안군,오갈병(발생면적률),0.0
2024,6,1,1,신안군,이삭누룩병(발생추정면적),0.0
2024,6,1,1,신안군,이삭누룩병(감수율),0.0
2024,6,1,1,신안군,이삭누룩병(피해율),0.0
2024,6,1,1,신안군,이삭누룩병(발생면적율),0.0
2024,6,1,1,신안군,깨씨무늬병(발생추정면적),0.0
2024,6,1,1,신안군,깨씨무늬병(감수율),0.0
2024,6,1,1,신안군,깨씨무늬병(피해율),0.0
2024,6,1,1,신안군,깨씨무늬병(발생면적율),0.0
2024,6,1,1,신안군,벼잎벌레(발생추정면적),0.0
2024,6,1,1,신안군,벼잎벌레(감수율),0.0
2024,6,1,1,신안군,벼잎벌레(피해율),0.0
2024,6,1,1,신안군,벼잎벌레(발생면적율),0.0
2024,6,1,1,신안군,벼애잎굴파리(발생추정면적),0.0
2024,6,1,1,신안군,벼애잎굴파리(감수율),0.0
2024,6,1,1,신안군,벼애잎굴파리(피해율),0.0
2024,6,1,1,신안군,벼애잎굴파리(발생면적율),0.0
2024,6,1,1,신안군,벼줄기굴파리(발생추정면적),0.0
2024,6,1,1,신안군,벼줄기굴파리(감수율),0.0
2024,6,1,1,신안군,벼줄기굴파리(피해율),0.0
2024,6,1,1,신안군,벼줄기굴파리(발생면적율),0.0
2024,6,1,1,신안군,애멸구(발생추정면적),0.0
2024,6,1,1,신안군,애멸구(감수율),0.0
2024,6,1,1,신안군,애멸구(피해율),0.0
2024,6,1,1,신안군,애멸구(발생면적율),0.0
2024,6,1,1,신안군,끝동매미충(발생추정면적),0.0
2024,6,1,1,신안군,끝동매미충(감수율),0.0
2024,6,1,1,신안군,끝동매미충(피해율),0.0
2024,6,1,1,신안군,끝동매미충(발생면적율),0.0
2024,6,1,1,신안군,벼멸구(발생추정면적),0.0
2024,6,1,1,신안군,벼멸구(감수율),0.0
2024,6,1,1,신안군,벼멸구(피해율),0.0
2024,6,1,1,신안군,벼멸구(발생면적율),0.0
2024,6,1,1,신안군,흰등멸구(발생추정면적),0.0
2024,6,1,1,신안군,흰등멸구(감수율),0.0
2024,6,1,1,신안군,흰등멸구(피해율),0.0
2024,6,1,1,신안군,흰등멸구(발생면적율),0.0
2024,6,1,1,신안군,벼물바구미(발생추정면적),0.0
2024,6,1,1,신안군,벼물바구미(감수율),0.0
2024,6,1,1,신안군,벼물바구미(피해율),0.0
2024,6,1,1,신안군,벼물바구미(발생면적율),0.0
2024,6,1,1,신안군,혹명나방(발생추정면적),0.0
2024,6,1,1,신안군,혹명나방(감수율),0.0
2024,6,1,1,신안군,혹명나방(피해율),0.0
2024,6,1,1,신안군,혹명나방(발생면적율),0.0
2024,6,1,1,신안군,멸강나방(발생추정면적),0.0
2024,6,1,1,신안군,멸강나방(감수율),0.0
2024,6,1,1,신안군,멸강나방(피해율),0.0
2024,6,1,1,신안군,멸강나방(발생면적율),0.0
2024,6,1,1,신안군,먹노린재(발생추정면적),0.0
2024,6,1,1,신안군,먹노린재(감수율),0.0
2024,6,1,1,신안군,먹노린재(피해율),0.0
2024,6,1,1,신안군,먹노린재(발생면적율),0.0
2024,6,1,1,신안군,이화명나방1화기(발생면적),0.0
2024,6,1,1,신안군,이화명나방1화기(감수율),0.0
2024,6,1,1,신안군,이화명나방1화기(피해율),0.0
2024,6,1,1,신안군,이화명나방1화기(발생면적률),0.0
2024,6,1,1,신안군,이화명나방2화기(발생면적),0.0
2024,6,1,1,신안군,이화명나방2화기(감수율),0.0
2024,6,1,1,신안군,이화명나방2화기(피해율),0.0
2024,6,1,1,신안군,이화명나방2화기(발생면적률),0.0
2024,6,1,1,여수시,잎도열병(발생추정면적),0.0
2024,6,1,1,여수시,잎도열병(감수율),0.0
2024,6,1,1,여수시,잎도열병(피해율),0.0
2024,6,1,1,여수시,잎도열병(발생면적율),0.0
2024,6,1,1,여수시,이삭도열병(발생추정면적),0.0
2024,6,1,1,여수시,이삭도열병(감수율),0.0
2024,6,1,1,여수시,이삭도열병(피해율),0.0
2024,6,1,1,여수시,이삭도열병(발생면적율),0.0
2024,6,1,1,여수시,잎집무늬마름병(발생추정면적),0.0
2024,6,1,1,여수시,잎집무늬마름병(감수율),0.0
2024,6,1,1,여수시,잎집무늬마름병(피해율),0.0
2024,6,1,1,여수시,잎집무늬마름병(발생면적율),0.0
2024,6,1,1,여수시,흰잎마름병(발생추정면적),0.0
2024,6,1,1,여수시,흰잎마름병(감수율),0.0
2024,6,1,1,여수시,흰잎마름병(피해율),0.0
2024,6,1,1,여수시,흰잎마름병(발생면적율),0.0
2024,6,1,1,여수시,세균벼알마름병(발생추정면적),0.0
2024,6,1,1,여수시,세균벼알마름병(감수율),0.0
2024,6,1,1,여수시,세균벼알마름병(피해율),0.0
2024,6,1,1,여수시,세균벼알마름병(발생면적율),0.0
2024,6,1,1,여수시,줄무늬잎마름병(발생면적),0.0
2024,6,1,1,여수시,줄무늬잎마름병(감수율),0.0
2024,6,1,1,여수시,줄무늬잎마름병(피해율),0.0
2024,6,1,1,여수시,줄무늬잎마름병(발생면적률),0.0
2024,6,1,1,여수시,벼검은줄오갈병(발생면적),0.0
2024,6,1,1,여수시,벼검은줄오갈병(감수율),0.0
2024,6,1,1,여수시,벼검은줄오갈병(피해율),0.0
2024,6,1,1,여수시,벼검은줄오갈병(발생면적률),0.0
2024,6,1,1,여수시,오갈병(발생면적),0.0
2024,6,1,1,여수시,오갈병(감수율),0.0
2024,6,1,1,여수시,오갈병(피해율),0.0
2024,6,1,1,여수시,오갈병(발생면적률),0.0
2024,6,1,1,여수시,이삭누룩병(발생추정면적),0.0
2024,6,1,1,여수시,이삭누룩병(감수율),0.0
2024,6,1,1,여수시,이삭누룩병(피해율),0.0
2024,6,1,1,여수시,이삭누룩병(발생면적율),0.0
2024,6,1,1,여수시,깨씨무늬병(발생추정면적),0.0
2024,6,1,1,여수시,깨씨무늬병(감수율),0.0
2024,6,1,1,여수시,깨씨무늬병(피해율),0.0
2024,6,1,1,여수시,깨씨무늬병(발생면적율),0.0
2024,6,1,1,여수시,벼잎벌레(발생추정면적),0.0
2024,6,1,1,여수시,벼잎벌레(감수율),0.0
2024,6,1,1,여수시,벼잎벌레(피해율),0.0
2024,6,1,1,여수시,벼잎벌레(발생면적율),0.0
2024,6,1,1,여수시,벼애잎굴파리(발생추정면적),0.0
2024,6,1,1,여수시,벼애잎굴파리(감수율),0.0
2024,6,1,1,여수시,벼애잎굴파리(피해율),0.0
2024,6,1,1,여수시,벼애잎굴파리(발생면적율),0.0
2024,6,1,1,여수시,벼줄기굴파리(발생추정면적),0.0
2024,6,1,1,여수시,벼줄기굴파리(감수율),0.0
2024,6,1,1,여수시,벼줄기굴파리(피해율),0.0
2024,6,1,1,여수시,벼줄기굴파리(발생면적율),0.0
2024,6,1,1,여수시,애멸구(발생추정면적),0.0
2024,6,1,1,여수시,애멸구(감수율),0.0
2024,6,1,1,여수시,애멸구(피해율),0.0
2024,6,1,1,여수시,애멸구(발생면적율),0.0
2024,6,1,1,여수시,끝동매미충(발생추정면적),0.0
2024,6,1,1,여수시,끝동매미충(감수율),0.0
2024,6,1,1,여수시,끝동매미충(피해율),0.0
2024,6,1,1,여수시,끝동매미충(발생면적율),0.0
2024,6,1,1,여수시,벼멸구(발생추정면적),0.0
2024,6,1,1,여수시,벼멸구(감수율),0.0
2024,6,1,1,여수시,벼멸구(피해율),0.0
2024,6,1,1,여수시,벼멸구(발생면적율),0.0
2024,6,1,1,여수시,흰등멸구(발생추정면적),0.0
2024,6,1,1,여수시,흰등멸구(감수율),0.0
2024,6,1,1,여수시,흰등멸구(피해율),0.0
2024,6,1,1,여수시,흰등멸구(발생면적율),0.0
2024,6,1,1,여수시,벼물바구미(발생추정면적),0.0
2024,6,1,1,여수시,벼물바구미(감수율),0.0
2024,6,1,1,여수시,벼물바구미(피해율),0.0
2024,6,1,1,여수시,벼물바구미(발생면적율),0.0
2024,6,1,1,여수시,혹명나방(발생추정면적),0.0
2024,6,1,1,여수시,혹명나방(감수율),0.0
2024,6,1,1,여수시,혹명나방(피해율),0.0
2024,6,1,1,여수시,혹명나방(발생면적율),0.0
2024,6,1,1,여수시,멸강나방(발생추정면적),0.0
2024,6,1,1,여수시,멸강나방(감수율),0.0
2024,6,1,1,여수시,멸강나방(피해율),0.0
2024,6,1,1,여수시,멸강나방(발생면적율),0.0
2024,6,1,1,여수시,먹노린재(발생추정면적),0.0
2024,6,1,1,여수시,먹노린재(감수율),0.0
2024,6,1,1,여수시,먹노린재(피해율),0.0
2024,6,1,1,여수시,먹노린재(발생면적율),0.0
2024,6,1,1,여수시,이화명나방1화기(발생면적),0.0
2024,6,1,1,여수시,이화명나방1화기(감수율),0.0
2024,6,1,1,여수시,이화명나방1화기(피해율),0.0
2024,6,1,1,여수시,이화명나방1화기(발생면적률),0.0
2024,6,1,1,여수시,이화명나방2화기(발생면적),0.0
2024,6,1,1,여수시,이화명나방2화기(감수율),0.0
2024,6,1,1,여수시,이화명나방2화기(피해율),0.0
2024,6,1,1,여수시,이화명나방2화기(발생면적률),0.0
2024,6,1,1,영광군,잎도열병(발생추정면적),0.0
2024,6,1,1,영광군,잎도열병(감수율),0.0
2024,6,1,1,영광군,잎도열병(피해율),0.0
2024,6,1,1,영광군,잎도열병(발생면적율),0.0
2024,6,1,1,영광군,이삭도열병(발생추정면적),0.0
2024,6,1,1,영광군,이삭도열병(감수율),0.0
2024,6,1,1,영광군,이삭도열병(피해율),0.0
2024,6,1,1,영광군,이삭도열병(발생면적율),0.0
2024,6,1,1,영광군,잎집무늬마름병(발생추정면적),0.0
2024,6,1,1,영광군,잎집무늬마름병(감수율),0.0
2024,6,1,1,영광군,잎집무늬마름병(피해율),0.0
2024,6,1,1,영광군,잎집무늬마름병(발생면적율),0.0
2024,6,1,1,영광군,흰잎마름병(발생추정면적),0.0
2024,6,1,1,영광군,흰잎마름병(감수율),0.0
2024,6,1,1,영광군,흰잎마름병(피해율),0.0
2024,6,1,1,영광군,흰잎마름병(발생면적율),0.0
2024,6,1,1,영광군,세균벼알마름병(발생추정면적),0.0
2024,6,1,1,영광군,세균벼알마름병(감수율),0.0
2024,6,1,1,영광군,세균벼알마름병(피해율),0.0
2024,6,1,1,영광군,세균벼알마름병(발생면적율),0.0
2024,6,1,1,영광군,줄무늬잎마름병(발생면적),0.0
2024,6,1,1,영광군,줄무늬잎마름병(감수율),0.0
2024,6,1,1,영광군,줄무늬잎마름병(피해율),0.0
2024,6,1,1,영광군,줄무늬잎마름병(발생면적률),0.0
2024,6,1,1,영광군,벼검은줄오갈병(발생면적),0.0
2024,6,1,1,영광군,벼검은줄오갈병(감수율),0.0
2024,6,1,1,영광군,벼검은줄오갈병(피해율),0.0
2024,6,1,1,영광군,벼검은줄오갈병(발생면적률),0.0
2024,6,1,1,영광군,오갈병(발생면적),0.0
2024,6,1,1,영광군,오갈병(감수율),0.0
2024,6,1,1,영광군,오갈병(피해율),0.0
2024,6,1,1,영광군,오갈병(발생면적률),0.0
2024,6,1,1,영광군,이삭누룩병(발생추정면적),0.0
2024,6,1,1,영광군,이삭누룩병(감수율),0.0
2024,6,1,1,영광군,이삭누룩병(피해율),0.0
2024,6,1,1,영광군,이삭누룩병(발생면적율),0.0
2024,6,1,1,영광군,깨씨무늬병(발생추정면적),0.0
2024,6,1,1,영광군,깨씨무늬병(감수율),0.0
2024,6,1,1,영광군,깨씨무늬병(피해율),0.0
2024,6,1,1,영광군,깨씨무늬병(발생면적율),0.0
2024,6,1,1,영광군,벼잎벌레(발생추정면적),0.0
2024,6,1,1,영광군,벼잎벌레(감수율),0.0
2024,6,1,1,영광군,벼잎벌레(피해율),0.0
2024,6,1,1,영광군,벼잎벌레(발생면적율),0.0
2024,6,1,1,영광군,벼애잎굴파리(발생추정면적),0.0
2024,6,1,1,영광군,벼애잎굴파리(감수율),0.0
2024,6,1,1,영광군,벼애잎굴파리(피해율),0.0
2024,6,1,1,영광군,벼애잎굴파리(발생면적율),0.0
2024,6,1,1,영광군,벼줄기굴파리(발생추정면적),0.0
2024,6,1,1,영광군,벼줄기굴파리(감수율),0.0
2024,6,1,1,영광군,벼줄기굴파리(피해율),0.0
2024,6,1,1,영광군,벼줄기굴파리(발생면적율),0.0
2024,6,1,1,영광군,애멸구(발생추정면적),0.0
2024,6,1,1,영광군,애멸구(감수율),0.0
2024,6,1,1,영광군,애멸구(피해율),0.0
2024,6,1,1,영광군,애멸구(발생면적율),0.0
2024,6,1,1,영광군,끝동매미충(발생추정면적),0.0
2024,6,1,1,영광군,끝동매미충(감수율),0.0
2024,6,1,1,영광군,끝동매미충(피해율),0.0
2024,6,1,1,영광군,끝동매미충(발생면적율),0.0
2024,6,1,1,영광군,벼멸구(발생추정면적),0.0
2024,6,1,1,영광군,벼멸구(감수율),0.0
2024,6,1,1,영광군,벼멸구(피해율),0.0
2024,6,1,1,영광군,벼멸구(발생면적율),0.0
2024,6,1,1,영광군,흰등멸구(발생추정면적),0.0
2024,6,1,1,영광군,흰등멸구(감수율),0.0
2024,6,1,1,영광군,흰등멸구(피해율),0.0
2024,6,1,1,영광군,흰등멸구(발생면적율),0.0
2024,6,1,1,영광군,벼물바구미(발생추정면적),0.0
2024,6,1,1,영광군,벼물바구미(감수율),0.0
2024,6,1,1,영광군,벼물바구미(피해율),0.0
2024,6,1,1,영광군,벼물바구미(발생면적율),0.0
2024,6,1,1,영광군,혹명나방(발생추정면적),0.0
2024,6,1,1,영광군,혹명나방(감수율),0.0
2024,6,1,1,영광군,혹명나방(피해율),0.0
2024,6,1,1,영광군,혹명나방(발생면적율),0.0
2024,6,1,1,영광군,멸강나방(발생추정면적),0.0
2024,6,1,1,영광군,멸강나방(감수율),0.0
2024,6,1,1,영광군,멸강나방(피해율),0.0
2024,6,1,1,영광군,멸강나방(발생면적율),0.0
2024,6,1,1,영광군,먹노린재(발생추정면적),0.0
2024,6,1,1,영광군,먹노린재(감수율),0.0
2024,6,1,1,영광군,먹노린재(피해율),0.0
2024,6,1,1,영광군,먹노린재(발생면적율),0.0
2024,6,1,1,영광군,이화명나방1화기(발생면적),0.0
2024,6,1,1,영광군,이화명나방1화기(감수율),0.0
2024,6,1,1,영광군,이화명나방1화기(피해율),0.0
2024,6,1,1,영광군,이화명나방1화기(발생면적률),0.0
2024,6,1,1,영광군,이화명나방2화기(발생면적),0.0
2024,6,1,1,영광군,이화명나방2화기(감수율),0.0
2024,6,1,1,영광군,이화명나방2화기(피해율),0.0
2024,6,1,1,영광군,이화명나방2화기(발생면적률),0.0
2024,6,1,1,영암군,잎도열병(발생추정면적),0.0
2024,6,1,1,영암군,잎도열병(감수율),0.0
2024,6,1,1,영암군,잎도열병(피해율),0.0
2024,6,1,1,영암군,잎도열병(발생면적율),0.0
2024,6,1,1,영암군,이삭도열병(발생추정면적),0.0
2024,6,1,1,영암군,이삭도열병(감수율),0.0
2024,6,1,1,영암군,이삭도열병(피해율),0.0
2024,6,1,1,영암군,이삭도열병(발생면적율),0.0
2024,6,1,1,영암군,잎집무늬마름병(발생추정면적),0.0
2024,6,1,1,영암군,잎집무늬마름병(감수율),0.0
2024,6,1,1,영암군,잎집무늬마름병(피해율),0.0
2024,6,1,1,영암군,잎집무늬마름병(발생면적율),0.0
2024,6,1,1,영암군,흰잎마름병(발생추정면적),0.0
2024,6,1,1,영암군,흰잎마름병(감수율),0.0
2024,6,1,1,영암군,흰잎마름병(피해율),0.0
2024,6,1,1,영암군,흰잎마름병(발생면적율),0.0
2024,6,1,1,영암군,세균벼알마름병(발생추정면적),0.0
2024,6,1,1,영암군,세균벼알마름병(감수율),0.0
2024,6,1,1,영암군,세균벼알마름병(피해율),0.0
2024,6,1,1,영암군,세균벼알마름병(발생면적율),0.0
2024,6,1,1,영암군,줄무늬잎마름병(발생면적),0.0
2024,6,1,1,영암군,줄무늬잎마름병(감수율),0.0
2024,6,1,1,영암군,줄무늬잎마름병(피해율),0.0
2024,6,1,1,영암군,줄무늬잎마름병(발생면적률),0.0
2024,6,1,1,영암군,벼검은줄오갈병(발생면적),0.0
2024,6,1,1,영암군,벼검은줄오갈병(감수율),0.0
2024,6,1,1,영암군,벼검은줄오갈병(피해율),0.0
2024,6,1,1,영암군,벼검은줄오갈병(발생면적률),0.0
2024,6,1,1,영암군,오갈병(발생면적),0.0
2024,6,1,1,영암군,오갈병(감수율),0.0
2024,6,1,1,영암군,오갈병(피해율),0.0
2024,6,1,1,영암군,오갈병(발생면적률),0.0
2024,6,1,1,영암군,이삭누룩병(발생추정면적),0.0
2024,6,1,1,영암군,이삭누룩병(감수율),0.0
2024,6,1,1,영암군,이삭누룩병(피해율),0.0
2024,6,1,1,영암군,이삭누룩병(발생면적율),0.0
2024,6,1,1,영암군,깨씨무늬병(발생추정면적),0.0
2024,6,1,1,영암군,깨씨무늬병(감수율),0.0
2024,6,1,1,영암군,깨씨무늬병(피해율),0.0
2024,6,1,1,영암군,깨씨무늬병(발생면적율),0.0
2024,6,1,1,영암군,벼잎벌레(발생추정면적),0.0
2024,6,1,1,영암군,벼잎벌레(감수율),0.0
2024,6,1,1,영암군,벼잎벌레(피해율),0.0
2024,6,1,1,영암군,벼잎벌레(발생면적율),0.0
2024,6,1,1,영암군,벼애잎굴파리(발생추정면적),0.0
2024,6,1,1,영암군,벼애잎굴파리(감수율),0.0
2024,6,1,1,영암군,벼애잎굴파리(피해율),0.0
2024,6,1,1,영암군,벼애잎굴파리(발생면적율),0.0
2024,6,1,1,영암군,벼줄기굴파리(발생추정면적),0.0
2024,6,1,1,영암군,벼줄기굴파리(감수율),0.0
2024,6,1,1,영암군,벼줄기굴파리(피해율),0.0
2024,6,1,1,영암군,벼줄기굴파리(발생면적율),0.0
2024,6,1,1,영암군,애멸구(발생추정면적),0.0
2024,6,1,1,영암군,애멸구(감수율),0.0
2024,6,1,1,영암군,애멸구(피해율),0.0
2024,6,1,1,영암군,애멸구(발생면적율),0.0
2024,6,1,1,영암군,끝동매미충(발생추정면적),0.0
2024,6,1,1,영암군,끝동매미충(감수율),0.0
2024,6,1,1,영암군,끝동매미충(피해율),0.0
2024,6,1,1,영암군,끝동매미충(발생면적율),0.0
2024,6,1,1,영암군,벼멸구(발생추정면적),0.0
2024,6,1,1,영암군,벼멸구(감수율),0.0
2024,6,1,1,영암군,벼멸구(피해율),0.0
2024,6,1,1,영암군,벼멸구(발생면적율),0.0
2024,6,1,1,영암군,흰등멸구(발생추정면적),0.0
2024,6,1,1,영암군,흰등멸구(감수율),0.0
2024,6,1,1,영암군,흰등멸구(피해율),0.0
2024,6,1,1,영암군,흰등멸구(발생면적율),0.0
2024,6,1,1,영암군,벼물바구미(발생추정면적),0.0
2024,6,1,1,영암군,벼물바구미(감수율),0.0
2024,6,1,1,영암군,벼물바구미(피해율),0.0
2024,6,1,1,영암군,벼물바구미(발생면적율),0.0
2024,6,1,1,영암군,혹명나방(발생추정면적),0.0
2024,6,1,1,영암군,혹명나방(감수율),0.0
2024,6,1,1,영암군,혹명나방(피해율),0.0
2024,6,1,1,영암군,혹명나방(발생면적율),0.0
2024,6,1,1,영암군,멸강나방(발생추정면적),0.0
2024,6,1,1,영암군,멸강나방(감수율),0.0
2024,6,1,1,영암군,멸강나방(피해율),0.0
2024,6,1,1,영암군,멸강나방(발생면적율),0.0
2024,6,1,1,영암군,먹노린재(발생추정면적),0.0
2024,6,1,1,영암군,먹노린재(감수율),0.0
2024,6,1,1,영암군,먹노린재(피해율),0.0
2024,6,1,1,영암군,먹노린재(발생면적율),0.0
2024,6,1,1,영암군,이화명나방1화기(발생면적),0.0
2024,6,1,1,영암군,이화명나방1화기(감수율),0.0
2024,6,1,1,영암군,이화명나방1화기(피해율),0.0
2024,6,1,1,영암군,이화명나방1화기(발생면적률),0.0
2024,6,1,1,영암군,이화명나방2화기(발생면적),0.0
2024,6,1,1,영암군,이화명나방2화기(감수율),0.0
2024,6,1,1,영암군,이화명나방2화기(피해율),0.0
2024,6,1,1,영암군,이화명나방2화기(발생면적률),0.0
2024,6,1,1,완도군,잎도열병(발생추정면적),0.0
2024,6,1,1,완도군,잎도열병(감수율),0.0
2024,6,1,1,완도군,잎도열병(피해율),0.0
2024,6,1,1,완도군,잎도열병(발생면적율),0.0
2024,6,1,1,완도군,이삭도열병(발생추정면적),0.0
2024,6,1,1,완도군,이삭도열병(감수율),0.0
2024,6,1,1,완도군,이삭도열병(피해율),0.0
2024,6,1,1,완도군,이삭도열병(발생면적율),0.0
2024,6,1,1,완도군,잎집무늬마름병(발생추정면적),0.0
2024,6,1,1,완도군,잎집무늬마름병(감수율),0.0
2024,6,1,1,완도군,잎집무늬마름병(피해율),0.0
2024,6,1,1,완도군,잎집무늬마름병(발생면적율),0.0
2024,6,1,1,완도군,흰잎마름병(발생추정면적),0.0
2024,6,1,1,완도군,흰잎마름병(감수율),0.0
2024,6,1,1,완도군,흰잎마름병(피해율),0.0
2024,6,1,1,완도군,흰잎마름병(발생면적율),0.0
2024,6,1,1,완도군,세균벼알마름병(발생추정면적),0.0
2024,6,1,1,완도군,세균벼알마름병(감수율),0.0
2024,6,1,1,완도군,세균벼알마름병(피해율),0.0
2024,6,1,1,완도군,세균벼알마름병(발생면적율),0.0
2024,6,1,1,완도군,줄무늬잎마름병(발생면적),0.0
2024,6,1,1,완도군,줄무늬잎마름병(감수율),0.0
2024,6,1,1,완도군,줄무늬잎마름병(피해율),0.0
2024,6,1,1,완도군,줄무늬잎마름병(발생면적률),0.0
2024,6,1,1,완도군,벼검은줄오갈병(발생면적),0.0
2024,6,1,1,완도군,벼검은줄오갈병(감수율),0.0
2024,6,1,1,완도군,벼검은줄오갈병(피해율),0.0
2024,6,1,1,완도군,벼검은줄오갈병(발생면적률),0.0
2024,6,1,1,완도군,오갈병(발생면적),0.0
2024,6,1,1,완도군,오갈병(감수율),0.0
2024,6,1,1,완도군,오갈병(피해율),0.0
2024,6,1,1,완도군,오갈병(발생면적률),0.0
2024,6,1,1,완도군,이삭누룩병(발생추정면적),0.0
2024,6,1,1,완도군,이삭누룩병(감수율),0.0
2024,6,1,1,완도군,이삭누룩병(피해율),0.0
2024,6,1,1,완도군,이삭누룩병(발생면적율),0.0
2024,6,1,1,완도군,깨씨무늬병(발생추정면적),0.0
2024,6,1,1,완도군,깨씨무늬병(감수율),0.0
2024,6,1,1,완도군,깨씨무늬병(피해율),0.0
2024,6,1,1,완도군,깨씨무늬병(발생면적율),0.0
2024,6,1,1,완도군,벼잎벌레(발생추정면적),0.0
2024,6,1,1,완도군,벼잎벌레(감수율),0.0
2024,6,1,1,완도군,벼잎벌레(피해율),0.0
2024,6,1,1,완도군,벼잎벌레(발생면적율),0.0
2024,6,1,1,완도군,벼애잎굴파리(발생추정면적),0.0
2024,6,1,1,완도군,벼애잎굴파리(감수율),0.0
2024,6,1,1,완도군,벼애잎굴파리(피해율),0.0
2024,6,1,1,완도군,벼애잎굴파리(발생면적율),0.0
2024,6,1,1,완도군,벼줄기굴파리(발생추정면적),0.0
2024,6,1,1,완도군,벼줄기굴파리(감수율),0.0
2024,6,1,1,완도군,벼줄기굴파리(피해율),0.0
2024,6,1,1,완도군,벼줄기굴파리(발생면적율),0.0
2024,6,1,1,완도군,애멸구(발생추정면적),0.0
2024,6,1,1,완도군,애멸구(감수율),0.0
2024,6,1,1,완도군,애멸구(피해율),0.0
2024,6,1,1,완도군,애멸구(발생면적율),0.0
2024,6,1,1,완도군,끝동매미충(발생추정면적),0.0
2024,6,1,1,완도군,끝동매미충(감수율),0.0
2024,6,1,1,완도군,끝동매미충(피해율),0.0
2024,6,1,1,완도군,끝동매미충(발생면적율),0.0
2024,6,1,1,완도군,벼멸구(발생추정면적),0.0
2024,6,1,1,완도군,벼멸구(감수율),0.0
2024,6,1,1,완도군,벼멸구(피해율),0.0
2024,6,1,1,완도군,벼멸구(발생면적율),0.0
2024,6,1,1,완도군,흰등멸구(발생추정면적),0.0
2024,6,1,1,완도군,흰등멸구(감수율),0.0
2024,6,1,1,완도군,흰등멸구(피해율),0.0
2024,6,1,1,완도군,흰등멸구(발생면적율),0.0
2024,6,1,1,완도군,벼물바구미(발생추정면적),0.0
2024,6,1,1,완도군,벼물바구미(감수율),0.0
2024,6,1,1,완도군,벼물바구미(피해율),0.0
2024,6,1,1,완도군,벼물바구미(발생면적율),0.0
2024,6,1,1,완도군,혹명나방(발생추정면적),0.0
2024,6,1,1,완도군,혹명나방(감수율),0.0
2024,6,1,1,완도군,혹명나방(피해율),0.0
2024,6,1,1,완도군,혹명나방(발생면적율),0.0
2024,6,1,1,완도군,멸강나방(발생추정면적),0.0
2024,6,1,1,완도군,멸강나방(감수율),0.0
2024,6,1,1,완도군,멸강나방(피해율),0.0
2024,6,1,1,완도군,멸강나방(발생면적율),0.0
2024,6,1,1,완도군,먹노린재(발생추정면적),0.0
2024,6,1,1,완도군,먹노린재(감수율),0.0
2024,6,1,1,완도군,먹노린재(피해율),0.0
2024,6,1,1,완도군,먹노린재(발생면적율),0.0
2024,6,1,1,완도군,이화명나방1화기(발생면적),0.0
2024,6,1,1,완도군,이화명나방1화기(감수율),0.0
2024,6,1,1,완도군,이화명나방1화기(피해율),0.0
2024,6,1,1,완도군,이화명나방1화기(발생면적률),0.0
2024,6,1,1,완도군,이화명나방2화기(발생면적),0.0
2024,6,1,1,완도군,이화명나방2화기(감수율),0.0
2024,6,1,1,완도군,이화명나방2화기(피해율),0.0
2024,6,1,1,완도군,이화명나방2화기(발생면적률),0.0
2024,6,1,1,장성군,잎도열병(발생추정면적),0.0
2024,6,1,1,장성군,잎도열병(감수율),0.0
2024,6,1,1,장성군,잎도열병(피해율),0.0
2024,6,1,1,장성군,잎도열병(발생면적율),0.0
2024,6,1,1,장성군,이삭도열병(발생추정면적),0.0
2024,6,1,1,장성군,이삭도열병(감수율),0.0
2024,6,1,1,장성군,이삭도열병(피해율),0.0
2024,6,1,1,장성군,이삭도열병(발생면적율),0.0
2024,6,1,1,장성군,잎집무늬마름병(발생추정면적),0.0
2024,6,1,1,장성군,잎집무늬마름병(감수율),0.0
2024,6,1,1,장성군,잎집무늬마름병(피해율),0.0
2024,6,1,1,장성군,잎집무늬마름병(발생면적율),0.0
2024,6,1,1,장성군,흰잎마름병(발생추정면적),0.0
2024,6,1,1,장성군,흰잎마름병(감수율),0.0
2024,6,1,1,장성군,흰잎마름병(피해율),0.0
2024,6,1,1,장성군,흰잎마름병(발생면적율),0.0
2024,6,1,1,장성군,세균벼알마름병(발생추정면적),0.0
2024,6,1,1,장성군,세균벼알마름병(감수율),0.0
2024,6,1,1,장성군,세균벼알마름병(피해율),0.0
2024,6,1,1,장성군,세균벼알마름병(발생면적율),0.0
2024,6,1,1,장성군,줄무늬잎마름병(발생면적),0.0
2024,6,1,1,장성군,줄무늬잎마름병(감수율),0.0
2024,6,1,1,장성군,줄무늬잎마름병(피해율),0.0
2024,6,1,1,장성군,줄무늬잎마름병(발생면적률),0.0
2024,6,1,1,장성군,벼검은줄오갈병(발생면적),0.0
2024,6,1,1,장성군,벼검은줄오갈병(감수율),0.0
2024,6,1,1,장성군,벼검은줄오갈병(피해율),0.0
2024,6,1,1,장성군,벼검은줄오갈병(발생면적률),0.0
2024,6,1,1,장성군,오갈병(발생면적),0.0
2024,6,1,1,장성군,오갈병(감수율),0.0
2024,6,1,1,장성군,오갈병(피해율),0.0
2024,6,1,1,장성군,오갈병(발생면적률),0.0
2024,6,1,1,장성군,이삭누룩병(발생추정면적),0.0
2024,6,1,1,장성군,이삭누룩병(감수율),0.0
2024,6,1,1,장성군,이삭누룩병(피해율),0.0
2024,6,1,1,장성군,이삭누룩병(발생면적율),0.0
2024,6,1,1,장성군,깨씨무늬병(발생추정면적),0.0
2024,6,1,1,장성군,깨씨무늬병(감수율),0.0
2024,6,1,1,장성군,깨씨무늬병(피해율),0.0
2024,6,1,1,장성군,깨씨무늬병(발생면적율),0.0
2024,6,1,1,장성군,벼잎벌레(발생추정면적),0.0
2024,6,1,1,장성군,벼잎벌레(감수율),0.0
2024,6,1,1,장성군,벼잎벌레(피해율),0.0
2024,6,1,1,장성군,벼잎벌레(발생면적율),0.0
2024,6,1,1,장성군,벼애잎굴파리(발생추정면적),0.0
2024,6,1,1,장성군,벼애잎굴파리(감수율),0.0
2024,6,1,1,장성군,벼애잎굴파리(피해율),0.0
2024,6,1,1,장성군,벼애잎굴파리(발생면적율),0.0
2024,6,1,1,장성군,벼줄기굴파리(발생추정면적),0.0
2024,6,1,1,장성군,벼줄기굴파리(감수율),0.0
2024,6,1,1,장성군,벼줄기굴파리(피해율),0.0
2024,6,1,1,장성군,벼줄기굴파리(발생면적율),0.0
2024,6,1,1,장성군,애멸구(발생추정면적),0.0
2024,6,1,1,장성군,애멸구(감수율),0.0
2024,6,1,1,장성군,애멸구(피해율),0.0
2024,6,1,1,장성군,애멸구(발생면적율),0.0
2024,6,1,1,장성군,끝동매미충(발생추정면적),0.0
2024,6,1,1,장성군,끝동매미충(감수율),0.0
2024,6,1,1,장성군,끝동매미충(피해율),0.0
2024,6,1,1,장성군,끝동매미충(발생면적율),0.0
2024,6,1,1,장성군,벼멸구(발생추정면적),0.0
2024,6,1,1,장성군,벼멸구(감수율),0.0
2024,6,1,1,장성군,벼멸구(피해율),0.0
2024,6,1,1,장성군,벼멸구(발생면적율),0.0
2024,6,1,1,장성군,흰등멸구(발생추정면적),0.0
2024,6,1,1,장성군,흰등멸구(감수율),0.0
2024,6,1,1,장성군,흰등멸구(피해율),0.0
2024,6,1,1,장성군,흰등멸구(발생면적율),0.0
2024,6,1,1,장성군,벼물바구미(발생추정면적),0.0
2024,6,1,1,장성군,벼물바구미(감수율),0.0
2024,6,1,1,장성군,벼물바구미(피해율),0.0
2024,6,1,1,장성군,벼물바구미(발생면적율),0.0
2024,6,1,1,장성군,혹명나방(발생추정면적),0.0
2024,6,1,1,장성군,혹명나방(감수율),0.0
2024,6,1,1,장성군,혹명나방(피해율),0.0
2024,6,1,1,장성군,혹명나방(발생면적율),0.0
2024,6,1,1,장성군,멸강나방(발생추정면적),0.0
2024,6,1,1,장성군,멸강나방(감수율),0.0
2024,6,1,1,장성군,멸강나방(피해율),0.0
2024,6,1,1,장성군,멸강나방(발생면적율),0.0
2024,6,1,1,장성군,먹노린재(발생추정면적),0.0
2024,6,1,1,장성군,먹노린재(감수율),0.0
2024,6,1,1,장성군,먹노린재(피해율),0.0
2024,6,1,1,장성군,먹노린재(발생면적율),0.0
2024,6,1,1,장성군,이화명나방1화기(발생면적),0.0
2024,6,1,1,장성군,이화명나방1화기(감수율),0.0
2024,6,1,1,장성군,이화명나방1화기(피해율),0.0
2024,6,1,1,장성군,이화명나방1화기(발생면적률),0.0
2024,6,1,1,장성군,이화명나방2화기(발생면적),0.0
2024,6,1,1,장성군,이화명나방2화기(감수율),0.0
2024,6,1,1,장성군,이화명나방2화기(피해율),0.0
2024,6,1,1,장성군,이화명나방2화기(발생면적률),0.0
2024,6,1,1,장흥군,잎도열병(발생추정면적),0.0
2024,6,1,1,장흥군,잎도열병(감수율),0.0
2024,6,1,1,장흥군,잎도열병(피해율),0.0
2024,6,1,1,장흥군,잎도열병(발생면적율),0.0
2024,6,1,1,장흥군,이삭도열병(발생추정면적),0.0
2024,6,1,1,장흥군,이삭도열병(감수율),0.0
2024,6,1,1,장흥군,이삭도열병(피해율),0.0
2024,6,1,1,장흥군,이삭도열병(발생면적율),0.0
2024,6,1,1,장흥군,잎집무늬마름병(발생추정면적),0.0
2024,6,1,1,장흥군,잎집무늬마름병(감수율),0.0
2024,6,1,1,장흥군,잎집무늬마름병(피해율),0.0
2024,6,1,1,장흥군,잎집무늬마름병(발생면적율),0.0
2024,6,1,1,장흥군,흰잎마름병(발생추정면적),0.0
2024,6,1,1,장흥군,흰잎마름병(감수율),0.0
2024,6,1,1,장흥군,흰잎마름병(피해율),0.0
2024,6,1,1,장흥군,흰잎마름병(발생면적율),0.0
2024,6,1,1,장흥군,세균벼알마름병(발생추정면적),0.0
2024,6,1,1,장흥군,세균벼알마름병(감수율),0.0
2024,6,1,1,장흥군,세균벼알마름병(피해율),0.0
2024,6,1,1,장흥군,세균벼알마름병(발생면적율),0.0
2024,6,1,1,장흥군,줄무늬잎마름병(발생면적),0.0
2024,6,1,1,장흥군,줄무늬잎마름병(감수율),0.0
2024,6,1,1,장흥군,줄무늬잎마름병(피해율),0.0
2024,6,1,1,장흥군,줄무늬잎마름병(발생면적률),0.0
2024,6,1,1,장흥군,벼검은줄오갈병(발생면적),0.0
2024,6,1,1,장흥군,벼검은줄오갈병(감수율),0.0
2024,6,1,1,장흥군,벼검은줄오갈병(피해율),0.0
2024,6,1,1,장흥군,벼검은줄오갈병(발생면적률),0.0
2024,6,1,1,장흥군,오갈병(발생면적),0.0
2024,6,1,1,장흥군,오갈병(감수율),0.0
2024,6,1,1,장흥군,오갈병(피해율),0.0
2024,6,1,1,장흥군,오갈병(발생면적률),0.0
2024,6,1,1,장흥군,이삭누룩병(발생추정면적),0.0
2024,6,1,1,장흥군,이삭누룩병(감수율),0.0
2024,6,1,1,장흥군,이삭누룩병(피해율),0.0
2024,6,1,1,장흥군,이삭누룩병(발생면적율),0.0
2024,6,1,1,장흥군,깨씨무늬병(발생추정면적),0.0
2024,6,1,1,장흥군,깨씨무늬병(감수율),0.0
2024,6,1,1,장흥군,깨씨무늬병(피해율),0.0
2024,6,1,1,장흥군,깨씨무늬병(발생면적율),0.0
2024,6,1,1,장흥군,벼잎벌레(발생추정면적),0.0
2024,6,1,1,장흥군,벼잎벌레(감수율),0.0
2024,6,1,1,장흥군,벼잎벌레(피해율),0.0
2024,6,1,1,장흥군,벼잎벌레(발생면적율),0.0
2024,6,1,1,장흥군,벼애잎굴파리(발생추정면적),0.0
2024,6,1,1,장흥군,벼애잎굴파리(감수율),0.0
2024,6,1,1,장흥군,벼애잎굴파리(피해율),0.0
2024,6,1,1,장흥군,벼애잎굴파리(발생면적율),0.0
2024,6,1,1,장흥군,벼줄기굴파리(발생추정면적),0.0
2024,6,1,1,장흥군,벼줄기굴파리(감수율),0.0
2024,6,1,1,장흥군,벼줄기굴파리(피해율),0.0
2024,6,1,1,장흥군,벼줄기굴파리(발생면적율),0.0
2024,6,1,1,장흥군,애멸구(발생추정면적),0.0
2024,6,1,1,장흥군,애멸구(감수율),0.0
2024,6,1,1,장흥군,애멸구(피해율),0.0
2024,6,1,1,장흥군,애멸구(발생면적율),0.0
2024,6,1,1,장흥군,끝동매미충(발생추정면적),0.0
2024,6,1,1,장흥군,끝동매미충(감수율),0.0
2024,6,1,1,장흥군,끝동매미충(피해율),0.0
2024,6,1,1,장흥군,끝동매미충(발생면적율),0.0
2024,6,1,1,장흥군,벼멸구(발생추정면적),0.0
2024,6,1,1,장흥군,벼멸구(감수율),0.0
2024,6,1,1,장흥군,벼멸구(피해율),0.0
2024,6,1,1,장흥군,벼멸구(발생면적율),0.0
2024,6,1,1,장흥군,흰등멸구(발생추정면적),0.0
2024,6,1,1,장흥군,흰등멸구(감수율),0.0
2024,6,1,1,장흥군,흰등멸구(피해율),0.0
2024,6,1,1,장흥군,흰등멸구(발생면적율),0.0
2024,6,1,1,장흥군,벼물바구미(발생추정면적),0.0
2024,6,1,1,장흥군,벼물바구미(감수율),0.0
2024,6,1,1,장흥군,벼물바구미(피해율),0.0
2024,6,1,1,장흥군,벼물바구미(발생면적율),0.0
2024,6,1,1,장흥군,혹명나방(발생추정면적),0.0
2024,6,1,1,장흥군,혹명나방(감수율),0.0
2024,6,1,1,장흥군,혹명나방(피해율),0.0
2024,6,1,1,장흥군,혹명나방(발생면적율),0.0
2024,6,1,1,장흥군,멸강나방(발생추정면적),0.0
2024,6,1,1,장흥군,멸강나방(감수율),0.0
2024,6,1,1,장흥군,멸강나방(피해율),0.0
2024,6,1,1,장흥군,멸강나방(발생면적율),0.0
2024,6,1,1,장흥군,먹노린재(발생추정면적),0.0
2024,6,1,1,장흥군,먹노린재(감수율),0.0
2024,6,1,1,장흥군,먹노린재(피해율),0.0
2024,6,1,1,장흥군,먹노린재(발생면적율),0.0
2024,6,1,1,장흥군,이화명나방1화기(발생면적),0.0
2024,6,1,1,장흥군,이화명나방1화기(감수율),0.0
2024,6,1,1,장흥군,이화명나방1화기(피해율),0.0
2024,6,1,1,장흥군,이화명나방1화기(발생면적률),0.0
2024,6,1,1,장흥군,이화명나방2화기(발생면적),0.0
2024,6,1,1,장흥군,이화명나방2화기(감수율),0.0
2024,6,1,1,장흥군,이화명나방2화기(피해율),0.0
2024,6,1,1,장흥군,이화명나방2화기(발생면적률),0.0
2024,6,1,1,진도군,잎도열병(발생추정면적),0.0
2024,6,1,1,진도군,잎도열병(감수율),0.0
2024,6,1,1,진도군,잎도열병(피해율),0.0
2024,6,1,1,진도군,잎도열병(발생면적율),0.0
2024,6,1,1,진도군,이삭도열병(발생추정면적),0.0
2024,6,1,1,진도군,이삭도열병(감수율),0.0
2024,6,1,1,진도군,이삭도열병(피해율),0.0
2024,6,1,1,진도군,이삭도열병(발생면적율),0.0
2024,6,1,1,진도군,잎집무늬마름병(발생추정면적),0.0
2024,6,1,1,진도군,잎집무늬마름병(감수율),0.0
2024,6,1,1,진도군,잎집무늬마름병(피해율),0.0
2024,6,1,1,진도군,잎집무늬마름병(발생면적율),0.0
2024,6,1,1,진도군,흰잎마름병(발생추정면적),0.0
2024,6,1,1,진도군,흰잎마름병(감수율),0.0
2024,6,1,1,진도군,흰잎마름병(피해율),0.0
2024,6,1,1,진도군,흰잎마름병(발생면적율),0.0
2024,6,1,1,진도군,세균벼알마름병(발생추정면적),0.0
2024,6,1,1,진도군,세균벼알마름병(감수율),0.0
2024,6,1,1,진도군,세균벼알마름병(피해율),0.0
2024,6,1,1,진도군,세균벼알마름병(발생면적율),0.0
2024,6,1,1,진도군,줄무늬잎마름병(발생면적),0.0
2024,6,1,1,진도군,줄무늬잎마름병(감수율),0.0
2024,6,1,1,진도군,줄무늬잎마름병(피해율),0.0
2024,6,1,1,진도군,줄무늬잎마름병(발생면적률),0.0
2024,6,1,1,진도군,벼검은줄오갈병(발생면적),0.0
2024,6,1,1,진도군,벼검은줄오갈병(감수율),0.0
2024,6,1,1,진도군,벼검은줄오갈병(피해율),0.0
2024,6,1,1,진도군,벼검은줄오갈병(발생면적률),0.0
2024,6,1,1,진도군,오갈병(발생면적),0.0
2024,6,1,1,진도군,오갈병(감수율),0.0
2024,6,1,1,진도군,오갈병(피해율),0.0
2024,6,1,1,진도군,오갈병(발생면적률),0.0
2024,6,1,1,진도군,이삭누룩병(발생추정면적),0.0
2024,6,1,1,진도군,이삭누룩병(감수율),0.0
2024,6,1,1,진도군,이삭누룩병(피해율),0.0
2024,6,1,1,진도군,이삭누룩병(발생면적율),0.0
2024,6,1,1,진도군,깨씨무늬병(발생추정면적),0.0
2024,6,1,1,진도군,깨씨무늬병(감수율),0.0
2024,6,1,1,진도군,깨씨무늬병(피해율),0.0
2024,6,1,1,진도군,깨씨무늬병(발생면적율),0.0
2024,6,1,1,진도군,벼잎벌레(발생추정면적),0.0
2024,6,1,1,진도군,벼잎벌레(감수율),0.0
2024,6,1,1,진도군,벼잎벌레(피해율),0.0
2024,6,1,1,진도군,벼잎벌레(발생면적율),0.0
2024,6,1,1,진도군,벼애잎굴파리(발생추정면적),0.0
2024,6,1,1,진도군,벼애잎굴파리(감수율),0.0
2024,6,1,1,진도군,벼애잎굴파리(피해율),0.0
2024,6,1,1,진도군,벼애잎굴파리(발생면적율),0.0
2024,6,1,1,진도군,벼줄기굴파리(발생추정면적),0.0
2024,6,1,1,진도군,벼줄기굴파리(감수율),0.0
2024,6,1,1,진도군,벼줄기굴파리(피해율),0.0
2024,6,1,1,진도군,벼줄기굴파리(발생면적율),0.0
2024,6,1,1,진도군,애멸구(발생추정면적),0.0
2024,6,1,1,진도군,애멸구(감수율),0.0
2024,6,1,1,진도군,애멸구(피해율),0.0
2024,6,1,1,진도군,애멸구(발생면적율),0.0
2024,6,1,1,진도군,끝동매미충(발생추정면적),0.0
2024,6,1,1,진도군,끝동매미충(감수율),0.0
2024,6,1,1,진도군,끝동매미충(피해율),0.0
2024,6,1,1,진도군,끝동매미충(발생면적율),0.0
2024,6,1,1,진도군,벼멸구(발생추정면적),0.0
2024,6,1,1,진도군,벼멸구(감수율),0.0
2024,6,1,1,진도군,벼멸구(피해율),0.0
2024,6,1,1,진도군,벼멸구(발생면적율),0.0
2024,6,1,1,진도군,흰등멸구(발생추정면적),0.0
2024,6,1,1,진도군,흰등멸구(감수율),0.0
2024,6,1,1,진도군,흰등멸구(피해율),0.0
2024,6,1,1,진도군,흰등멸구(발생면적율),0.0
2024,6,1,1,진도군,벼물바구미(발생추정면적),0.842
2024,6,1,1,진도군,벼물바구미(감수율),0.0
2024,6,1,1,진도군,벼물바구미(피해율),0.001
2024,6,1,1,진도군,벼물바구미(발생면적율),0.016
2024,6,1,1,진도군,혹명나방(발생추정면적),0.0
2024,6,1,1,진도군,혹명나방(감수율),0.0
2024,6,1,1,진도군,혹명나방(피해율),0.0
2024,6,1,1,진도군,혹명나방(발생면적율),0.0
2024,6,1,1,진도군,멸강나방(발생추정면적),0.0
2024,6,1,1,진도군,멸강나방(감수율),0.0
2024,6,1,1,진도군,멸강나방(피해율),0.0
2024,6,1,1,진도군,멸강나방(발생면적율),0.0
2024,6,1,1,진도군,먹노린재(발생추정면적),0.0
2024,6,1,1,진도군,먹노린재(감수율),0.0
2024,6,1,1,진도군,먹노린재(피해율),0.0
2024,6,1,1,진도군,먹노린재(발생면적율),0.0
2024,6,1,1,진도군,이화명나방1화기(발생면적),0.0
2024,6,1,1,진도군,이화명나방1화기(감수율),0.0
2024,6,1,1,진도군,이화명나방1화기(피해율),0.0
2024,6,1,1,진도군,이화명나방1화기(발생면적률),0.0
2024,6,1,1,진도군,이화명나방2화기(발생면적),0.0
2024,6,1,1,진도군,이화명나방2화기(감수율),0.0
2024,6,1,1,진도군,이화명나방2화기(피해율),0.0
2024,6,1,1,진도군,이화명나방2화기(발생면적률),0.0
2024,6,1,1,함평군,잎도열병(발생추정면적),0.0
2024,6,1,1,함평군,잎도열병(감수율),0.0
2024,6,1,1,함평군,잎도열병(피해율),0.0
2024,6,1,1,함평군,잎도열병(발생면적율),0.0
2024,6,1,1,함평군,이삭도열병(발생추정면적),0.0
2024,6,1,1,함평군,이삭도열병(감수율),0.0
2024,6,1,1,함평군,이삭도열병(피해율),0.0
2024,6,1,1,함평군,이삭도열병(발생면적율),0.0
2024,6,1,1,함평군,잎집무늬마름병(발생추정면적),0.0
2024,6,1,1,함평군,잎집무늬마름병(감수율),0.0
2024,6,1,1,함평군,잎집무늬마름병(피해율),0.0
2024,6,1,1,함평군,잎집무늬마름병(발생면적율),0.0
2024,6,1,1,함평군,흰잎마름병(발생추정면적),0.0
2024,6,1,1,함평군,흰잎마름병(감수율),0.0
2024,6,1,1,함평군,흰잎마름병(피해율),0.0
2024,6,1,1,함평군,흰잎마름병(발생면적율),0.0
2024,6,1,1,함평군,세균벼알마름병(발생추정면적),0.0
2024,6,1,1,함평군,세균벼알마름병(감수율),0.0
2024,6,1,1,함평군,세균벼알마름병(피해율),0.0
2024,6,1,1,함평군,세균벼알마름병(발생면적율),0.0
2024,6,1,1,함평군,줄무늬잎마름병(발생면적),0.0
2024,6,1,1,함평군,줄무늬잎마름병(감수율),0.0
2024,6,1,1,함평군,줄무늬잎마름병(피해율),0.0
2024,6,1,1,함평군,줄무늬잎마름병(발생면적률),0.0
2024,6,1,1,함평군,벼검은줄오갈병(발생면적),0.0
2024,6,1,1,함평군,벼검은줄오갈병(감수율),0.0
2024,6,1,1,함평군,벼검은줄오갈병(피해율),0.0
2024,6,1,1,함평군,벼검은줄오갈병(발생면적률),0.0
2024,6,1,1,함평군,오갈병(발생면적),0.0
2024,6,1,1,함평군,오갈병(감수율),0.0
2024,6,1,1,함평군,오갈병(피해율),0.0
2024,6,1,1,함평군,오갈병(발생면적률),0.0
2024,6,1,1,함평군,이삭누룩병(발생추정면적),0.0
2024,6,1,1,함평군,이삭누룩병(감수율),0.0
2024,6,1,1,함평군,이삭누룩병(피해율),0.0
2024,6,1,1,함평군,이삭누룩병(발생면적율),0.0
2024,6,1,1,함평군,깨씨무늬병(발생추정면적),0.0
2024,6,1,1,함평군,깨씨무늬병(감수율),0.0
2024,6,1,1,함평군,깨씨무늬병(피해율),0.0
2024,6,1,1,함평군,깨씨무늬병(발생면적율),0.0
2024,6,1,1,함평군,벼잎벌레(발생추정면적),0.0
2024,6,1,1,함평군,벼잎벌레(감수율),0.0
2024,6,1,1,함평군,벼잎벌레(피해율),0.0
2024,6,1,1,함평군,벼잎벌레(발생면적율),0.0
2024,6,1,1,함평군,벼애잎굴파리(발생추정면적),0.0
2024,6,1,1,함평군,벼애잎굴파리(감수율),0.0
2024,6,1,1,함평군,벼애잎굴파리(피해율),0.0
2024,6,1,1,함평군,벼애잎굴파리(발생면적율),0.0
2024,6,1,1,함평군,벼줄기굴파리(발생추정면적),0.0
2024,6,1,1,함평군,벼줄기굴파리(감수율),0.0
2024,6,1,1,함평군,벼줄기굴파리(피해율),0.0
2024,6,1,1,함평군,벼줄기굴파리(발생면적율),0.0
2024,6,1,1,함평군,애멸구(발생추정면적),0.0
2024,6,1,1,함평군,애멸구(감수율),0.0
2024,6,1,1,함평군,애멸구(피해율),0.0
2024,6,1,1,함평군,애멸구(발생면적율),0.0
2024,6,1,1,함평군,끝동매미충(발생추정면적),0.0
2024,6,1,1,함평군,끝동매미충(감수율),0.0
2024,6,1,1,함평군,끝동매미충(피해율),0.0
2024,6,1,1,함평군,끝동매미충(발생면적율),0.0
2024,6,1,1,함평군,벼멸구(발생추정면적),0.0
2024,6,1,1,함평군,벼멸구(감수율),0.0
2024,6,1,1,함평군,벼멸구(피해율),0.0
2024,6,1,1,함평군,벼멸구(발생면적율),0.0
2024,6,1,1,함평군,흰등멸구(발생추정면적),0.0
2024,6,1,1,함평군,흰등멸구(감수율),0.0
2024,6,1,1,함평군,흰등멸구(피해율),0.0
2024,6,1,1,함평군,흰등멸구(발생면적율),0.0
2024,6,1,1,함평군,벼물바구미(발생추정면적),0.0
2024,6,1,1,함평군,벼물바구미(감수율),0.0
2024,6,1,1,함평군,벼물바구미(피해율),0.0
2024,6,1,1,함평군,벼물바구미(발생면적율),0.0
2024,6,1,1,함평군,혹명나방(발생추정면적),0.0
2024,6,1,1,함평군,혹명나방(감수율),0.0
2024,6,1,1,함평군,혹명나방(피해율),0.0
2024,6,1,1,함평군,혹명나방(발생면적율),0.0
2024,6,1,1,함평군,멸강나방(발생추정면적),0.0
2024,6,1,1,함평군,멸강나방(감수율),0.0
2024,6,1,1,함평군,멸강나방(피해율),0.0
2024,6,1,1,함평군,멸강나방(발생면적율),0.0
2024,6,1,1,함평군,먹노린재(발생추정면적),0.0
2024,6,1,1,함평군,먹노린재(감수율),0.0
2024,6,1,1,함평군,먹노린재(피해율),0.0
2024,6,1,1,함평군,먹노린재(발생면적율),0.0
2024,6,1,1,함평군,이화명나방1화기(발생면적),0.0
2024,6,1,1,함평군,이화명나방1화기(감수율),0.0
2024,6,1,1,함평군,이화명나방1화기(피해율),0.0
2024,6,1,1,함평군,이화명나방1화기(발생면적률),0.0
2024,6,1,1,함평군,이화명나방2화기(발생면적),0.0
2024,6,1,1,함평군,이화명나방2화기(감수율),0.0
2024,6,1,1,함평군,이화명나방2화기(피해율),0.0
2024,6,1,1,함평군,이화명나방2화기(발생면적률),0.0
2024,6,1,1,해남군,잎도열병(발생추정면적),0.0
2024,6,1,1,해남군,잎도열병(감수율),0.0
2024,6,1,1,해남군,잎도열병(피해율),0.0
2024,6,1,1,해남군,잎도열병(발생면적율),0.0
2024,6,1,1,해남군,이삭도열병(발생추정면적),0.0
2024,6,1,1,해남군,이삭도열병(감수율),0.0
2024,6,1,1,해남군,이삭도열병(피해율),0.0
2024,6,1,1,해남군,이삭도열병(발생면적율),0.0
2024,6,1,1,해남군,잎집무늬마름병(발생추정면적),0.0
2024,6,1,1,해남군,잎집무늬마름병(감수율),0.0
2024,6,1,1,해남군,잎집무늬마름병(피해율),0.0
2024,6,1,1,해남군,잎집무늬마름병(발생면적율),0.0
2024,6,1,1,해남군,흰잎마름병(발생추정면적),0.0
2024,6,1,1,해남군,흰잎마름병(감수율),0.0
2024,6,1,1,해남군,흰잎마름병(피해율),0.0
2024,6,1,1,해남군,흰잎마름병(발생면적율),0.0
2024,6,1,1,해남군,세균벼알마름병(발생추정면적),0.0
2024,6,1,1,해남군,세균벼알마름병(감수율),0.0
2024,6,1,1,해남군,세균벼알마름병(피해율),0.0
2024,6,1,1,해남군,세균벼알마름병(발생면적율),0.0
2024,6,1,1,해남군,줄무늬잎마름병(발생면적),0.0
2024,6,1,1,해남군,줄무늬잎마름병(감수율),0.0
2024,6,1,1,해남군,줄무늬잎마름병(피해율),0.0
2024,6,1,1,해남군,줄무늬잎마름병(발생면적률),0.0
2024,6,1,1,해남군,벼검은줄오갈병(발생면적),0.0
2024,6,1,1,해남군,벼검은줄오갈병(감수율),0.0
2024,6,1,1,해남군,벼검은줄오갈병(피해율),0.0
2024,6,1,1,해남군,벼검은줄오갈병(발생면적률),0.0
2024,6,1,1,해남군,오갈병(발생면적),0.0
2024,6,1,1,해남군,오갈병(감수율),0.0
2024,6,1,1,해남군,오갈병(피해율),0.0
2024,6,1,1,해남군,오갈병(발생면적률),0.0
2024,6,1,1,해남군,이삭누룩병(발생추정면적),0.0
2024,6,1,1,해남군,이삭누룩병(감수율),0.0
2024,6,1,1,해남군,이삭누룩병(피해율),0.0
2024,6,1,1,해남군,이삭누룩병(발생면적율),0.0
2024,6,1,1,해남군,깨씨무늬병(발생추정면적),0.0
2024,6,1,1,해남군,깨씨무늬병(감수율),0.0
2024,6,1,1,해남군,깨씨무늬병(피해율),0.0
2024,6,1,1,해남군,깨씨무늬병(발생면적율),0.0
2024,6,1,1,해남군,벼잎벌레(발생추정면적),0.0
2024,6,1,1,해남군,벼잎벌레(감수율),0.0
2024,6,1,1,해남군,벼잎벌레(피해율),0.0
2024,6,1,1,해남군,벼잎벌레(발생면적율),0.0
2024,6,1,1,해남군,벼애잎굴파리(발생추정면적),0.0
2024,6,1,1,해남군,벼애잎굴파리(감수율),0.0
2024,6,1,1,해남군,벼애잎굴파리(피해율),0.0
2024,6,1,1,해남군,벼애잎굴파리(발생면적율),0.0
2024,6,1,1,해남군,벼줄기굴파리(발생추정면적),0.0
2024,6,1,1,해남군,벼줄기굴파리(감수율),0.0
2024,6,1,1,해남군,벼줄기굴파리(피해율),0.0
2024,6,1,1,해남군,벼줄기굴파리(발생면적율),0.0
2024,6,1,1,해남군,애멸구(발생추정면적),0.0
2024,6,1,1,해남군,애멸구(감수율),0.0
2024,6,1,1,해남군,애멸구(피해율),0.0
2024,6,1,1,해남군,애멸구(발생면적율),0.0
2024,6,1,1,해남군,끝동매미충(발생추정면적),0.0
2024,6,1,1,해남군,끝동매미충(감수율),0.0
2024,6,1,1,해남군,끝동매미충(피해율),0.0
2024,6,1,1,해남군,끝동매미충(발생면적율),0.0
2024,6,1,1,해남군,벼멸구(발생추정면적),0.0
2024,6,1,1,해남군,벼멸구(감수율),0.0
2024,6,1,1,해남군,벼멸구(피해율),0.0
2024,6,1,1,해남군,벼멸구(발생면적율),0.0
2024,6,1,1,해남군,흰등멸구(발생추정면적),0.0
2024,6,1,1,해남군,흰등멸구(감수율),0.0
2024,6,1,1,해남군,흰등멸구(피해율),0.0
2024,6,1,1,해남군,흰등멸구(발생면적율),0.0
2024,6,1,1,해남군,벼물바구미(발생추정면적),0.0
2024,6,1,1,해남군,벼물바구미(감수율),0.0
2024,6,1,1,해남군,벼물바구미(피해율),0.0
2024,6,1,1,해남군,벼물바구미(발생면적율),0.0
2024,6,1,1,해남군,혹명나방(발생추정면적),0.0
2024,6,1,1,해남군,혹명나방(감수율),0.0
2024,6,1,1,해남군,혹명나방(피해율),0.0
2024,6,1,1,해남군,혹명나방(발생면적율),0.0
2024,6,1,1,해남군,멸강나방(발생추정면적),0.0
2024,6,1,1,해남군,멸강나방(감수율),0.0
2024,6,1,1,해남군,멸강나방(피해율),0.0
2024,6,1,1,해남군,멸강나방(발생면적율),0.0
2024,6,1,1,해남군,먹노린재(발생추정면적),0.0
2024,6,1,1,해남군,먹노린재(감수율),0.0
2024,6,1,1,해남군,먹노린재(피해율),0.0
2024,6,1,1,해남군,먹노린재(발생면적율),0.0
2024,6,1,1,해남군,이화명나방1화기(발생면적),0.0
2024,6,1,1,해남군,이화명나방1화기(감수율),0.0
2024,6,1,1,해남군,이화명나방1화기(피해율),0.0
2024,6,1,1,해남군,이화명나방1화기(발생면적률),0.0
2024,6,1,1,해남군,이화명나방2화기(발생면적),0.0
2024,6,1,1,해남군,이화명나방2화기(감수율),0.0
2024,6,1,1,해남군,이화명나방2화기(피해율),0.0
2024,6,1,1,해남군,이화명나방2화기(발생면적률),0.0
2024,6,1,1,화순군,잎도열병(발생추정면적),0.0
2024,6,1,1,화순군,잎도열병(감수율),0.0
2024,6,1,1,화순군,잎도열병(피해율),0.0
2024,6,1,1,화순군,잎도열병(발생면적율),0.0
2024,6,1,1,화순군,이삭도열병(발생추정면적),0.0
2024,6,1,1,화순군,이삭도열병(감수율),0.0
2024,6,1,1,화순군,이삭도열병(피해율),0.0
2024,6,1,1,화순군,이삭도열병(발생면적율),0.0
2024,6,1,1,화순군,잎집무늬마름병(발생추정면적),0.0
2024,6,1,1,화순군,잎집무늬마름병(감수율),0.0
2024,6,1,1,화순군,잎집무늬마름병(피해율),0.0
2024,6,1,1,화순군,잎집무늬마름병(발생면적율),0.0
2024,6,1,1,화순군,흰잎마름병(발생추정면적),0.0
2024,6,1,1,화순군,흰잎마름병(감수율),0.0
2024,6,1,1,화순군,흰잎마름병(피해율),0.0
2024,6,1,1,화순군,흰잎마름병(발생면적율),0.0
2024,6,1,1,화순군,세균벼알마름병(발생추정면적),0.0
2024,6,1,1,화순군,세균벼알마름병(감수율),0.0
2024,6,1,1,화순군,세균벼알마름병(피해율),0.0
2024,6,1,1,화순군,세균벼알마름병(발생면적율),0.0
2024,6,1,1,화순군,줄무늬잎마름병(발생면적),0.0
2024,6,1,1,화순군,줄무늬잎마름병(감수율),0.0
2024,6,1,1,화순군,줄무늬잎마름병(피해율),0.0
2024,6,1,1,화순군,줄무늬잎마름병(발생면적률),0.0
2024,6,1,1,화순군,벼검은줄오갈병(발생면적),0.0
2024,6,1,1,화순군,벼검은줄오갈병(감수율),0.0
2024,6,1,1,화순군,벼검은줄오갈병(피해율),0.0
2024,6,1,1,화순군,벼검은줄오갈병(발생면적률),0.0
2024,6,1,1,화순군,오갈병(발생면적),0.0
2024,6,1,1,화순군,오갈병(감수율),0.0
2024,6,1,1,화순군,오갈병(피해율),0.0
2024,6,1,1,화순군,오갈병(발생면적률),0.0
2024,6,1,1,화순군,이삭누룩병(발생추정면적),0.0
2024,6,1,1,화순군,이삭누룩병(감수율),0.0
2024,6,1,1,화순군,이삭누룩병(피해율),0.0
2024,6,1,1,화순군,이삭누룩병(발생면적율),0.0
2024,6,1,1,화순군,깨씨무늬병(발생추정면적),0.0
2024,6,1,1,화순군,깨씨무늬병(감수율),0.0
2024,6,1,1,화순군,깨씨무늬병(피해율),0.0
2024,6,1,1,화순군,깨씨무늬병(발생면적율),0.0
2024,6,1,1,화순군,벼잎벌레(발생추정면적),0.0
2024,6,1,1,화순군,벼잎벌레(감수율),0.0
2024,6,1,1,화순군,벼잎벌레(피해율),0.0
2024,6,1,1,화순군,벼잎벌레(발생면적율),0.0
2024,6,1,1,화순군,벼애잎굴파리(발생추정면적),0.0
2024,6,1,1,화순군,벼애잎굴파리(감수율),0.0
2024,6,1,1,화순군,벼애잎굴파리(피해율),0.0
2024,6,1,1,화순군,벼애잎굴파리(발생면적율),0.0
2024,6,1,1,화순군,벼줄기굴파리(발생추정면적),0.0
2024,6,1,1,화순군,벼줄기굴파리(감수율),0.0
2024,6,1,1,화순군,벼줄기굴파리(피해율),0.0
2024,6,1,1,화순군,벼줄기굴파리(발생면적율),0.0
2024,6,1,1,화순군,애멸구(발생추정면적),0.0
2024,6,1,1,화순군,애멸구(감수율),0.0
2024,6,1,1,화순군,애멸구(피해율),0.0
2024,6,1,1,화순군,애멸구(발생면적율),0.0
2024,6,1,1,화순군,끝동매미충(발생추정면적),0.0
2024,6,1,1,화순군,끝동매미충(감수율),0.0
2024,6,1,1,화순군,끝동매미충(피해율),0.0
2024,6,1,1,화순군,끝동매미충(발생면적율),0.0
2024,6,1,1,화순군,벼멸구(발생추정면적),0.0
2024,6,1,1,화순군,벼멸구(감수율),0.0
2024,6,1,1,화순군,벼멸구(피해율),0.0
2024,6,1,1,화순군,벼멸구(발생면적율),0.0
2024,6,1,1,화순군,흰등멸구(발생추정면적),0.0
2024,6,1,1,화순군,흰등멸구(감수율),0.0
2024,6,1,1,화순군,흰등멸구(피해율),0.0
2024,6,1,1,화순군,흰등멸구(발생면적율),0.0
2024,6,1,1,화순군,벼물바구미(발생추정면적),0.0
2024,6,1,1,화순군,벼물바구미(감수율),0.0
2024,6,1,1,화순군,벼물바구미(피해율),0.0
2024,6,1,1,화순군,벼물바구미(발생면적율),0.0
2024,6,1,1,화순군,혹명나방(발생추정면적),0.0
2024,6,1,1,화순군,혹명나방(감수율),0.0
2024,6,1,1,화순군,혹명나방(피해율),0.0
2024,6,1,1,화순군,혹명나방(발생면적율),0.0
2024,6,1,1,화순군,멸강나방(발생추정면적),0.0
2024,6,1,1,화순군,멸강나방(감수율),0.0
2024,6,1,1,화순군,멸강나방(피해율),0.0
2024,6,1,1,화순군,멸강나방(발생면적율),0.0
2024,6,1,1,화순군,먹노린재(발생추정면적),0.0
2024,6,1,1,화순군,먹노린재(감수율),0.0
2024,6,1,1,화순군,먹노린재(피해율),0.0
2024,6,1,1,화순군,먹노린재(발생면적율),0.0
2024,6,1,1,화순군,이화명나방1화기(발생면적),0.0
2024,6,1,1,화순군,이화명나방1화기(감수율),0.0
2024,6,1,1,화순군,이화명나방1화기(피해율),0.0
2024,6,1,1,화순군,이화명나방1화기(발생면적률),0.0
2024,6,1,1,화순군,이화명나방2화기(발생면적),0.0
2024,6,1,1,화순군,이화명나방2화기(감수율),0.0
2024,6,1,1,화순군,이화명나방2화기(피해율),0.0
2024,6,1,1,화순군,이화명나방2화기(발생면적률),0.0
2024,6,16,2,강진군,잎도열병(발생추정면적),0.0
2024,6,16,2,강진군,잎도열병(감수율),0.0
2024,6,16,2,강진군,잎도열병(피해율),0.0
2024,6,16,2,강진군,잎도열병(발생면적율),0.0
2024,6,16,2,강진군,이삭도열병(발생추정면적),0.0
2024,6,16,2,강진군,이삭도열병(감수율),0.0
2024,6,16,2,강진군,이삭도열병(피해율),0.0
2024,6,16,2,강진군,이삭도열병(발생면적율),0.0
2024,6,16,2,강진군,잎집무늬마름병(발생추정면적),0.0
2024,6,16,2,강진군,잎집무늬마름병(감수율),0.0
2024,6,16,2,강진군,잎집무늬마름병(피해율),0.0
2024,6,16,2,강진군,잎집무늬마름병(발생면적율),0.0
2024,6,16,2,강진군,흰잎마름병(발생추정면적),0.0
2024,6,16,2,강진군,흰잎마름병(감수율),0.0
2024,6,16,2,강진군,흰잎마름병(피해율),0.0
2024,6,16,2,강진군,흰잎마름병(발생면적율),0.0
2024,6,16,2,강진군,세균벼알마름병(발생추정면적),0.0
2024,6,16,2,강진군,세균벼알마름병(감수율),0.0
2024,6,16,2,강진군,세균벼알마름병(피해율),0.0
2024,6,16,2,강진군,세균벼알마름병(발생면적율),0.0
2024,6,16,2,강진군,줄무늬잎마름병(발생면적),0.0
2024,6,16,2,강진군,줄무늬잎마름병(감수율),0.0
2024,6,16,2,강진군,줄무늬잎마름병(피해율),0.0
2024,6,16,2,강진군,줄무늬잎마름병(발생면적률),0.0
2024,6,16,2,강진군,벼검은줄오갈병(발생면적),0.0
2024,6,16,2,강진군,벼검은줄오갈병(감수율),0.0
2024,6,16,2,강진군,벼검은줄오갈병(피해율),0.0
2024,6,16,2,강진군,벼검은줄오갈병(발생면적률),0.0
2024,6,16,2,강진군,오갈병(발생면적),0.0
2024,6,16,2,강진군,오갈병(감수율),0.0
2024,6,16,2,강진군,오갈병(피해율),0.0
2024,6,16,2,강진군,오갈병(발생면적률),0.0
2024,6,16,2,강진군,이삭누룩병(발생추정면적),0.0
2024,6,16,2,강진군,이삭누룩병(감수율),0.0
2024,6,16,2,강진군,이삭누룩병(피해율),0.0
2024,6,16,2,강진군,이삭누룩병(발생면적율),0.0
2024,6,16,2,강진군,깨씨무늬병(발생추정면적),0.0
2024,6,16,2,강진군,깨씨무늬병(감수율),0.0
2024,6,16,2,강진군,깨씨무늬병(피해율),0.0
2024,6,16,2,강진군,깨씨무늬병(발생면적율),0.0
2024,6,16,2,강진군,벼잎벌레(발생추정면적),0.0
2024,6,16,2,강진군,벼잎벌레(감수율),0.0
2024,6,16,2,강진군,벼잎벌레(피해율),0.0
2024,6,16,2,강진군,벼잎벌레(발생면적율),0.0
2024,6,16,2,강진군,벼애잎굴파리(발생추정면적),0.0
2024,6,16,2,강진군,벼애잎굴파리(감수율),0.0
2024,6,16,2,강진군,벼애잎굴파리(피해율),0.0
2024,6,16,2,강진군,벼애잎굴파리(발생면적율),0.0
2024,6,16,2,강진군,벼줄기굴파리(발생추정면적),0.0
2024,6,16,2,강진군,벼줄기굴파리(감수율),0.0
2024,6,16,2,강진군,벼줄기굴파리(피해율),0.0
2024,6,16,2,강진군,벼줄기굴파리(발생면적율),0.0
2024,6,16,2,강진군,애멸구(발생추정면적),0.0
2024,6,16,2,강진군,애멸구(감수율),0.0
2024,6,16,2,강진군,애멸구(피해율),0.0
2024,6,16,2,강진군,애멸구(발생면적율),0.0
2024,6,16,2,강진군,끝동매미충(발생추정면적),0.0
2024,6,16,2,강진군,끝동매미충(감수율),0.0
2024,6,16,2,강진군,끝동매미충(피해율),0.0
2024,6,16,2,강진군,끝동매미충(발생면적율),0.0
2024,6,16,2,강진군,벼멸구(발생추정면적),0.0
2024,6,16,2,강진군,벼멸구(감수율),0.0
2024,6,16,2,강진군,벼멸구(피해율),0.0
2024,6,16,2,강진군,벼멸구(발생면적율),0.0
2024,6,16,2,강진군,흰등멸구(발생추정면적),0.0
2024,6,16,2,강진군,흰등멸구(감수율),0.0
2024,6,16,2,강진군,흰등멸구(피해율),0.0
2024,6,16,2,강진군,흰등멸구(발생면적율),0.0
2024,6,16,2,강진군,벼물바구미(발생추정면적),0.0
2024,6,16,2,강진군,벼물바구미(감수율),0.0
2024,6,16,2,강진군,벼물바구미(피해율),0.0
2024,6,16,2,강진군,벼물바구미(발생면적율),0.0
2024,6,16,2,강진군,혹명나방(발생추정면적),0.0
2024,6,16,2,강진군,혹명나방(감수율),0.0
2024,6,16,2,강진군,혹명나방(피해율),0.0
2024,6,16,2,강진군,혹명나방(발생면적율),0.0
2024,6,16,2,강진군,멸강나방(발생추정면적),0.0
2024,6,16,2,강진군,멸강나방(감수율),0.0
2024,6,16,2,강진군,멸강나방(피해율),0.0
2024,6,16,2,강진군,멸강나방(발생면적율),0.0
2024,6,16,2,강진군,먹노린재(발생추정면적),0.0
2024,6,16,2,강진군,먹노린재(감수율),0.0
2024,6,16,2,강진군,먹노린재(피해율),0.0
2024,6,16,2,강진군,먹노린재(발생면적율),0.0
2024,6,16,2,강진군,이화명나방1화기(발생면적),0.0
2024,6,16,2,강진군,이화명나방1화기(감수율),0.0
2024,6,16,2,강진군,이화명나방1화기(피해율),0.0
2024,6,16,2,강진군,이화명나방1화기(발생면적률),0.0
2024,6,16,2,강진군,이화명나방2화기(발생면적),0.0
2024,6,16,2,강진군,이화명나방2화기(감수율),0.0
2024,6,16,2,강진군,이화명나방2화기(피해율),0.0
2024,6,16,2,강진군,이화명나방2화기(발생면적률),0.0
2024,6,16,2,고흥군,잎도열병(발생추정면적),0.0
2024,6,16,2,고흥군,잎도열병(감수율),0.0
2024,6,16,2,고흥군,잎도열병(피해율),0.0
2024,6,16,2,고흥군,잎도열병(발생면적율),0.0
2024,6,16,2,고흥군,이삭도열병(발생추정면적),0.0
2024,6,16,2,고흥군,이삭도열병(감수율),0.0
2024,6,16,2,고흥군,이삭도열병(피해율),0.0
2024,6,16,2,고흥군,이삭도열병(발생면적율),0.0
2024,6,16,2,고흥군,잎집무늬마름병(발생추정면적),0.0
2024,6,16,2,고흥군,잎집무늬마름병(감수율),0.0
2024,6,16,2,고흥군,잎집무늬마름병(피해율),0.0
2024,6,16,2,고흥군,잎집무늬마름병(발생면적율),0.0
2024,6,16,2,고흥군,흰잎마름병(발생추정면적),0.0
2024,6,16,2,고흥군,흰잎마름병(감수율),0.0
2024,6,16,2,고흥군,흰잎마름병(피해율),0.0
2024,6,16,2,고흥군,흰잎마름병(발생면적율),0.0
2024,6,16,2,고흥군,세균벼알마름병(발생추정면적),0.0
2024,6,16,2,고흥군,세균벼알마름병(감수율),0.0
2024,6,16,2,고흥군,세균벼알마름병(피해율),0.0
2024,6,16,2,고흥군,세균벼알마름병(발생면적율),0.0
2024,6,16,2,고흥군,줄무늬잎마름병(발생면적),0.0
2024,6,16,2,고흥군,줄무늬잎마름병(감수율),0.0
2024,6,16,2,고흥군,줄무늬잎마름병(피해율),0.0
2024,6,16,2,고흥군,줄무늬잎마름병(발생면적률),0.0
2024,6,16,2,고흥군,벼검은줄오갈병(발생면적),0.0
2024,6,16,2,고흥군,벼검은줄오갈병(감수율),0.0
2024,6,16,2,고흥군,벼검은줄오갈병(피해율),0.0
2024,6,16,2,고흥군,벼검은줄오갈병(발생면적률),0.0
2024,6,16,2,고흥군,오갈병(발생면적),0.0
2024,6,16,2,고흥군,오갈병(감수율),0.0
2024,6,16,2,고흥군,오갈병(피해율),0.0
2024,6,16,2,고흥군,오갈병(발생면적률),0.0
2024,6,16,2,고흥군,이삭누룩병(발생추정면적),0.0
2024,6,16,2,고흥군,이삭누룩병(감수율),0.0
2024,6,16,2,고흥군,이삭누룩병(피해율),0.0
2024,6,16,2,고흥군,이삭누룩병(발생면적율),0.0
2024,6,16,2,고흥군,깨씨무늬병(발생추정면적),0.0
2024,6,16,2,고흥군,깨씨무늬병(감수율),0.0
2024,6,16,2,고흥군,깨씨무늬병(피해율),0.0
2024,6,16,2,고흥군,깨씨무늬병(발생면적율),0.0
2024,6,16,2,고흥군,벼잎벌레(발생추정면적),0.0
2024,6,16,2,고흥군,벼잎벌레(감수율),0.0
2024,6,16,2,고흥군,벼잎벌레(피해율),0.0
2024,6,16,2,고흥군,벼잎벌레(발생면적율),0.0
2024,6,16,2,고흥군,벼애잎굴파리(발생추정면적),0.0
2024,6,16,2,고흥군,벼애잎굴파리(감수율),0.0
2024,6,16,2,고흥군,벼애잎굴파리(피해율),0.0
2024,6,16,2,고흥군,벼애잎굴파리(발생면적율),0.0
2024,6,16,2,고흥군,벼줄기굴파리(발생추정면적),0.0
2024,6,16,2,고흥군,벼줄기굴파리(감수율),0.0
2024,6,16,2,고흥군,벼줄기굴파리(피해율),0.0
2024,6,16,2,고흥군,벼줄기굴파리(발생면적율),0.0
2024,6,16,2,고흥군,애멸구(발생추정면적),0.0
2024,6,16,2,고흥군,애멸구(감수율),0.0
2024,6,16,2,고흥군,애멸구(피해율),0.0
2024,6,16,2,고흥군,애멸구(발생면적율),0.0
2024,6,16,2,고흥군,끝동매미충(발생추정면적),0.0
2024,6,16,2,고흥군,끝동매미충(감수율),0.0
2024,6,16,2,고흥군,끝동매미충(피해율),0.0
2024,6,16,2,고흥군,끝동매미충(발생면적율),0.0
2024,6,16,2,고흥군,벼멸구(발생추정면적),0.0
2024,6,16,2,고흥군,벼멸구(감수율),0.0
2024,6,16,2,고흥군,벼멸구(피해율),0.0
2024,6,16,2,고흥군,벼멸구(발생면적율),0.0
2024,6,16,2,고흥군,흰등멸구(발생추정면적),0.0
2024,6,16,2,고흥군,흰등멸구(감수율),0.0
2024,6,16,2,고흥군,흰등멸구(피해율),0.0
2024,6,16,2,고흥군,흰등멸구(발생면적율),0.0
2024,6,16,2,고흥군,벼물바구미(발생추정면적),0.0
2024,6,16,2,고흥군,벼물바구미(감수율),0.0
2024,6,16,2,고흥군,벼물바구미(피해율),0.0
2024,6,16,2,고흥군,벼물바구미(발생면적율),0.0
2024,6,16,2,고흥군,혹명나방(발생추정면적),0.0
2024,6,16,2,고흥군,혹명나방(감수율),0.0
2024,6,16,2,고흥군,혹명나방(피해율),0.0
2024,6,16,2,고흥군,혹명나방(발생면적율),0.0
2024,6,16,2,고흥군,멸강나방(발생추정면적),0.0
2024,6,16,2,고흥군,멸강나방(감수율),0.0
2024,6,16,2,고흥군,멸강나방(피해율),0.0
2024,6,16,2,고흥군,멸강나방(발생면적율),0.0
2024,6,16,2,고흥군,먹노린재(발생추정면적),0.0
2024,6,16,2,고흥군,먹노린재(감수율),0.0
2024,6,16,2,고흥군,먹노린재(피해율),0.0
2024,6,16,2,고흥군,먹노린재(발생면적율),0.0
2024,6,16,2,고흥군,이화명나방1화기(발생면적),0.0
2024,6,16,2,고흥군,이화명나방1화기(감수율),0.0
2024,6,16,2,고흥군,이화명나방1화기(피해율),0.0
2024,6,16,2,고흥군,이화명나방1화기(발생면적률),0.0
2024,6,16,2,고흥군,이화명나방2화기(발생면적),0.0
2024,6,16,2,고흥군,이화명나방2화기(감수율),0.0
2024,6,16,2,고흥군,이화명나방2화기(피해율),0.0
2024,6,16,2,고흥군,이화명나방2화기(발생면적률),0.0
2024,6,16,2,곡성군,잎도열병(발생추정면적),0.0
2024,6,16,2,곡성군,잎도열병(감수율),0.0
2024,6,16,2,곡성군,잎도열병(피해율),0.0
2024,6,16,2,곡성군,잎도열병(발생면적율),0.0
2024,6,16,2,곡성군,이삭도열병(발생추정면적),0.0
2024,6,16,2,곡성군,이삭도열병(감수율),0.0
2024,6,16,2,곡성군,이삭도열병(피해율),0.0
2024,6,16,2,곡성군,이삭도열병(발생면적율),0.0
2024,6,16,2,곡성군,잎집무늬마름병(발생추정면적),0.0
2024,6,16,2,곡성군,잎집무늬마름병(감수율),0.0
2024,6,16,2,곡성군,잎집무늬마름병(피해율),0.0
2024,6,16,2,곡성군,잎집무늬마름병(발생면적율),0.0
2024,6,16,2,곡성군,흰잎마름병(발생추정면적),0.0
2024,6,16,2,곡성군,흰잎마름병(감수율),0.0
2024,6,16,2,곡성군,흰잎마름병(피해율),0.0
2024,6,16,2,곡성군,흰잎마름병(발생면적율),0.0
2024,6,16,2,곡성군,세균벼알마름병(발생추정면적),0.0
2024,6,16,2,곡성군,세균벼알마름병(감수율),0.0
2024,6,16,2,곡성군,세균벼알마름병(피해율),0.0
2024,6,16,2,곡성군,세균벼알마름병(발생면적율),0.0
2024,6,16,2,곡성군,줄무늬잎마름병(발생면적),0.0
2024,6,16,2,곡성군,줄무늬잎마름병(감수율),0.0
2024,6,16,2,곡성군,줄무늬잎마름병(피해율),0.0
2024,6,16,2,곡성군,줄무늬잎마름병(발생면적률),0.0
2024,6,16,2,곡성군,벼검은줄오갈병(발생면적),0.0
2024,6,16,2,곡성군,벼검은줄오갈병(감수율),0.0
2024,6,16,2,곡성군,벼검은줄오갈병(피해율),0.0
2024,6,16,2,곡성군,벼검은줄오갈병(발생면적률),0.0
2024,6,16,2,곡성군,오갈병(발생면적),0.0
2024,6,16,2,곡성군,오갈병(감수율),0.0
2024,6,16,2,곡성군,오갈병(피해율),0.0
2024,6,16,2,곡성군,오갈병(발생면적률),0.0
2024,6,16,2,곡성군,이삭누룩병(발생추정면적),0.0
2024,6,16,2,곡성군,이삭누룩병(감수율),0.0
2024,6,16,2,곡성군,이삭누룩병(피해율),0.0
2024,6,16,2,곡성군,이삭누룩병(발생면적율),0.0
2024,6,16,2,곡성군,깨씨무늬병(발생추정면적),0.0
2024,6,16,2,곡성군,깨씨무늬병(감수율),0.0
2024,6,16,2,곡성군,깨씨무늬병(피해율),0.0
2024,6,16,2,곡성군,깨씨무늬병(발생면적율),0.0
2024,6,16,2,곡성군,벼잎벌레(발생추정면적),0.0
2024,6,16,2,곡성군,벼잎벌레(감수율),0.0
2024,6,16,2,곡성군,벼잎벌레(피해율),0.0
2024,6,16,2,곡성군,벼잎벌레(발생면적율),0.0
2024,6,16,2,곡성군,벼애잎굴파리(발생추정면적),0.0
2024,6,16,2,곡성군,벼애잎굴파리(감수율),0.0
2024,6,16,2,곡성군,벼애잎굴파리(피해율),0.0
2024,6,16,2,곡성군,벼애잎굴파리(발생면적율),0.0
2024,6,16,2,곡성군,벼줄기굴파리(발생추정면적),0.0
2024,6,16,2,곡성군,벼줄기굴파리(감수율),0.0
2024,6,16,2,곡성군,벼줄기굴파리(피해율),0.0
2024,6,16,2,곡성군,벼줄기굴파리(발생면적율),0.0
2024,6,16,2,곡성군,애멸구(발생추정면적),0.0
2024,6,16,2,곡성군,애멸구(감수율),0.0
2024,6,16,2,곡성군,애멸구(피해율),0.0
2024,6,16,2,곡성군,애멸구(발생면적율),0.0
2024,6,16,2,곡성군,끝동매미충(발생추정면적),0.0
2024,6,16,2,곡성군,끝동매미충(감수율),0.0
2024,6,16,2,곡성군,끝동매미충(피해율),0.0
2024,6,16,2,곡성군,끝동매미충(발생면적율),0.0
2024,6,16,2,곡성군,벼멸구(발생추정면적),0.0
2024,6,16,2,곡성군,벼멸구(감수율),0.0
2024,6,16,2,곡성군,벼멸구(피해율),0.0
2024,6,16,2,곡성군,벼멸구(발생면적율),0.0
2024,6,16,2,곡성군,흰등멸구(발생추정면적),0.0
2024,6,16,2,곡성군,흰등멸구(감수율),0.0
2024,6,16,2,곡성군,흰등멸구(피해율),0.0
2024,6,16,2,곡성군,흰등멸구(발생면적율),0.0
2024,6,16,2,곡성군,벼물바구미(발생추정면적),0.0
2024,6,16,2,곡성군,벼물바구미(감수율),0.0
2024,6,16,2,곡성군,벼물바구미(피해율),0.0
2024,6,16,2,곡성군,벼물바구미(발생면적율),0.0
2024,6,16,2,곡성군,혹명나방(발생추정면적),0.0
2024,6,16,2,곡성군,혹명나방(감수율),0.0
2024,6,16,2,곡성군,혹명나방(피해율),0.0
2024,6,16,2,곡성군,혹명나방(발생면적율),0.0
2024,6,16,2,곡성군,멸강나방(발생추정면적),0.0
2024,6,16,2,곡성군,멸강나방(감수율),0.0
2024,6,16,2,곡성군,멸강나방(피해율),0.0
2024,6,16,2,곡성군,멸강나방(발생면적율),0.0
2024,6,16,2,곡성군,먹노린재(발생추정면적),0.0
2024,6,16,2,곡성군,먹노린재(감수율),0.0
2024,6,16,2,곡성군,먹노린재(피해율),0.0
2024,6,16,2,곡성군,먹노린재(발생면적율),0.0
2024,6,16,2,곡성군,이화명나방1화기(발생면적),0.0
2024,6,16,2,곡성군,이화명나방1화기(감수율),0.0
2024,6,16,2,곡성군,이화명나방1화기(피해율),0.0
2024,6,16,2,곡성군,이화명나방1화기(발생면적률),0.0
2024,6,16,2,곡성군,이화명나방2화기(발생면적),0.0
2024,6,16,2,곡성군,이화명나방2화기(감수율),0.0
2024,6,16,2,곡성군,이화명나방2화기(피해율),0.0
2024,6,16,2,곡성군,이화명나방2화기(발생면적률),0.0
2024,6,16,2,광양시,잎도열병(발생추정면적),0.0
2024,6,16,2,광양시,잎도열병(감수율),0.0
2024,6,16,2,광양시,잎도열병(피해율),0.0
2024,6,16,2,광양시,잎도열병(발생면적율),0.0
2024,6,16,2,광양시,이삭도열병(발생추정면적),0.0
2024,6,16,2,광양시,이삭도열병(감수율),0.0
2024,6,16,2,광양시,이삭도열병(피해율),0.0
2024,6,16,2,광양시,이삭도열병(발생면적율),0.0
2024,6,16,2,광양시,잎집무늬마름병(발생추정면적),0.0
2024,6,16,2,광양시,잎집무늬마름병(감수율),0.0
2024,6,16,2,광양시,잎집무늬마름병(피해율),0.0
2024,6,16,2,광양시,잎집무늬마름병(발생면적율),0.0
2024,6,16,2,광양시,흰잎마름병(발생추정면적),0.0
2024,6,16,2,광양시,흰잎마름병(감수율),0.0
2024,6,16,2,광양시,흰잎마름병(피해율),0.0
2024,6,16,2,광양시,흰잎마름병(발생면적율),0.0
2024,6,16,2,광양시,세균벼알마름병(발생추정면적),0.0
2024,6,16,2,광양시,세균벼알마름병(감수율),0.0
2024,6,16,2,광양시,세균벼알마름병(피해율),0.0
2024,6,16,2,광양시,세균벼알마름병(발생면적율),0.0
2024,6,16,2,광양시,줄무늬잎마름병(발생면적),0.0
2024,6,16,2,광양시,줄무늬잎마름병(감수율),0.0
2024,6,16,2,광양시,줄무늬잎마름병(피해율),0.0
2024,6,16,2,광양시,줄무늬잎마름병(발생면적률),0.0
2024,6,16,2,광양시,벼검은줄오갈병(발생면적),0.0
2024,6,16,2,광양시,벼검은줄오갈병(감수율),0.0
2024,6,16,2,광양시,벼검은줄오갈병(피해율),0.0
2024,6,16,2,광양시,벼검은줄오갈병(발생면적률),0.0
2024,6,16,2,광양시,오갈병(발생면적),0.0
2024,6,16,2,광양시,오갈병(감수율),0.0
2024,6,16,2,광양시,오갈병(피해율),0.0
2024,6,16,2,광양시,오갈병(발생면적률),0.0
2024,6,16,2,광양시,이삭누룩병(발생추정면적),0.0
2024,6,16,2,광양시,이삭누룩병(감수율),0.0
2024,6,16,2,광양시,이삭누룩병(피해율),0.0
2024,6,16,2,광양시,이삭누룩병(발생면적율),0.0
2024,6,16,2,광양시,깨씨무늬병(발생추정면적),0.0
2024,6,16,2,광양시,깨씨무늬병(감수율),0.0
2024,6,16,2,광양시,깨씨무늬병(피해율),0.0
2024,6,16,2,광양시,깨씨무늬병(발생면적율),0.0
2024,6,16,2,광양시,벼잎벌레(발생추정면적),0.0
2024,6,16,2,광양시,벼잎벌레(감수율),0.0
2024,6,16,2,광양시,벼잎벌레(피해율),0.0
2024,6,16,2,광양시,벼잎벌레(발생면적율),0.0
2024,6,16,2,광양시,벼애잎굴파리(발생추정면적),0.0
2024,6,16,2,광양시,벼애잎굴파리(감수율),0.0
2024,6,16,2,광양시,벼애잎굴파리(피해율),0.0
2024,6,16,2,광양시,벼애잎굴파리(발생면적율),0.0
2024,6,16,2,광양시,벼줄기굴파리(발생추정면적),0.0
2024,6,16,2,광양시,벼줄기굴파리(감수율),0.0
2024,6,16,2,광양시,벼줄기굴파리(피해율),0.0
2024,6,16,2,광양시,벼줄기굴파리(발생면적율),0.0
2024,6,16,2,광양시,애멸구(발생추정면적),0.0
2024,6,16,2,광양시,애멸구(감수율),0.0
2024,6,16,2,광양시,애멸구(피해율),0.0
2024,6,16,2,광양시,애멸구(발생면적율),0.0
2024,6,16,2,광양시,끝동매미충(발생추정면적),0.0
2024,6,16,2,광양시,끝동매미충(감수율),0.0
2024,6,16,2,광양시,끝동매미충(피해율),0.0
2024,6,16,2,광양시,끝동매미충(발생면적율),0.0
2024,6,16,2,광양시,벼멸구(발생추정면적),0.0
2024,6,16,2,광양시,벼멸구(감수율),0.0
2024,6,16,2,광양시,벼멸구(피해율),0.0
2024,6,16,2,광양시,벼멸구(발생면적율),0.0
2024,6,16,2,광양시,흰등멸구(발생추정면적),0.0
2024,6,16,2,광양시,흰등멸구(감수율),0.0
2024,6,16,2,광양시,흰등멸구(피해율),0.0
2024,6,16,2,광양시,흰등멸구(발생면적율),0.0
2024,6,16,2,광양시,벼물바구미(발생추정면적),0.0
2024,6,16,2,광양시,벼물바구미(감수율),0.0
2024,6,16,2,광양시,벼물바구미(피해율),0.0
2024,6,16,2,광양시,벼물바구미(발생면적율),0.0
2024,6,16,2,광양시,혹명나방(발생추정면적),0.0
2024,6,16,2,광양시,혹명나방(감수율),0.0
2024,6,16,2,광양시,혹명나방(피해율),0.0
2024,6,16,2,광양시,혹명나방(발생면적율),0.0
2024,6,16,2,광양시,멸강나방(발생추정면적),0.0
2024,6,16,2,광양시,멸강나방(감수율),0.0
2024,6,16,2,광양시,멸강나방(피해율),0.0
2024,6,16,2,광양시,멸강나방(발생면적율),0.0
2024,6,16,2,광양시,먹노린재(발생추정면적),0.0
2024,6,16,2,광양시,먹노린재(감수율),0.0
2024,6,16,2,광양시,먹노린재(피해율),0.0
2024,6,16,2,광양시,먹노린재(발생면적율),0.0
2024,6,16,2,광양시,이화명나방1화기(발생면적),0.0
2024,6,16,2,광양시,이화명나방1화기(감수율),0.0
2024,6,16,2,광양시,이화명나방1화기(피해율),0.0
2024,6,16,2,광양시,이화명나방1화기(발생면적률),0.0
2024,6,16,2,광양시,이화명나방2화기(발생면적),0.0
2024,6,16,2,광양시,이화명나방2화기(감수율),0.0
2024,6,16,2,광양시,이화명나방2화기(피해율),0.0
2024,6,16,2,광양시,이화명나방2화기(발생면적률),0.0
2024,6,16,2,구례군,잎도열병(발생추정면적),0.0
2024,6,16,2,구례군,잎도열병(감수율),0.0
2024,6,16,2,구례군,잎도열병(피해율),0.0
2024,6,16,2,구례군,잎도열병(발생면적율),0.0
2024,6,16,2,구례군,이삭도열병(발생추정면적),0.0
2024,6,16,2,구례군,이삭도열병(감수율),0.0
2024,6,16,2,구례군,이삭도열병(피해율),0.0
2024,6,16,2,구례군,이삭도열병(발생면적율),0.0
2024,6,16,2,구례군,잎집무늬마름병(발생추정면적),0.0
2024,6,16,2,구례군,잎집무늬마름병(감수율),0.0
2024,6,16,2,구례군,잎집무늬마름병(피해율),0.0
2024,6,16,2,구례군,잎집무늬마름병(발생면적율),0.0
2024,6,16,2,구례군,흰잎마름병(발생추정면적),0.0
2024,6,16,2,구례군,흰잎마름병(감수율),0.0
2024,6,16,2,구례군,흰잎마름병(피해율),0.0
2024,6,16,2,구례군,흰잎마름병(발생면적율),0.0
2024,6,16,2,구례군,세균벼알마름병(발생추정면적),0.0
2024,6,16,2,구례군,세균벼알마름병(감수율),0.0
2024,6,16,2,구례군,세균벼알마름병(피해율),0.0
2024,6,16,2,구례군,세균벼알마름병(발생면적율),0.0
2024,6,16,2,구례군,줄무늬잎마름병(발생면적),0.0
2024,6,16,2,구례군,줄무늬잎마름병(감수율),0.0
2024,6,16,2,구례군,줄무늬잎마름병(피해율),0.0
2024,6,16,2,구례군,줄무늬잎마름병(발생면적률),0.0
2024,6,16,2,구례군,벼검은줄오갈병(발생면적),0.0
2024,6,16,2,구례군,벼검은줄오갈병(감수율),0.0
2024,6,16,2,구례군,벼검은줄오갈병(피해율),0.0
2024,6,16,2,구례군,벼검은줄오갈병(발생면적률),0.0
2024,6,16,2,구례군,오갈병(발생면적),0.0
2024,6,16,2,구례군,오갈병(감수율),0.0
2024,6,16,2,구례군,오갈병(피해율),0.0
2024,6,16,2,구례군,오갈병(발생면적률),0.0
2024,6,16,2,구례군,이삭누룩병(발생추정면적),0.0
2024,6,16,2,구례군,이삭누룩병(감수율),0.0
2024,6,16,2,구례군,이삭누룩병(피해율),0.0
2024,6,16,2,구례군,이삭누룩병(발생면적율),0.0
2024,6,16,2,구례군,깨씨무늬병(발생추정면적),0.0
2024,6,16,2,구례군,깨씨무늬병(감수율),0.0
2024,6,16,2,구례군,깨씨무늬병(피해율),0.0
2024,6,16,2,구례군,깨씨무늬병(발생면적율),0.0
2024,6,16,2,구례군,벼잎벌레(발생추정면적),0.0
2024,6,16,2,구례군,벼잎벌레(감수율),0.0
2024,6,16,2,구례군,벼잎벌레(피해율),0.0
2024,6,16,2,구례군,벼잎벌레(발생면적율),0.0
2024,6,16,2,구례군,벼애잎굴파리(발생추정면적),0.0
2024,6,16,2,구례군,벼애잎굴파리(감수율),0.0
2024,6,16,2,구례군,벼애잎굴파리(피해율),0.0
2024,6,16,2,구례군,벼애잎굴파리(발생면적율),0.0
2024,6,16,2,구례군,벼줄기굴파리(발생추정면적),0.0
2024,6,16,2,구례군,벼줄기굴파리(감수율),0.0
2024,6,16,2,구례군,벼줄기굴파리(피해율),0.0
2024,6,16,2,구례군,벼줄기굴파리(발생면적율),0.0
2024,6,16,2,구례군,애멸구(발생추정면적),0.0
2024,6,16,2,구례군,애멸구(감수율),0.0
2024,6,16,2,구례군,애멸구(피해율),0.0
2024,6,16,2,구례군,애멸구(발생면적율),0.0
2024,6,16,2,구례군,끝동매미충(발생추정면적),0.0
2024,6,16,2,구례군,끝동매미충(감수율),0.0
2024,6,16,2,구례군,끝동매미충(피해율),0.0
2024,6,16,2,구례군,끝동매미충(발생면적율),0.0
2024,6,16,2,구례군,벼멸구(발생추정면적),0.0
2024,6,16,2,구례군,벼멸구(감수율),0.0
2024,6,16,2,구례군,벼멸구(피해율),0.0
2024,6,16,2,구례군,벼멸구(발생면적율),0.0
2024,6,16,2,구례군,흰등멸구(발생추정면적),0.0
2024,6,16,2,구례군,흰등멸구(감수율),0.0
2024,6,16,2,구례군,흰등멸구(피해율),0.0
2024,6,16,2,구례군,흰등멸구(발생면적율),0.0
2024,6,16,2,구례군,벼물바구미(발생추정면적),0.0
2024,6,16,2,구례군,벼물바구미(감수율),0.0
2024,6,16,2,구례군,벼물바구미(피해율),0.0
2024,6,16,2,구례군,벼물바구미(발생면적율),0.0
2024,6,16,2,구례군,혹명나방(발생추정면적),0.0
2024,6,16,2,구례군,혹명나방(감수율),0.0
2024,6,16,2,구례군,혹명나방(피해율),0.0
2024,6,16,2,구례군,혹명나방(발생면적율),0.0
2024,6,16,2,구례군,멸강나방(발생추정면적),0.0
2024,6,16,2,구례군,멸강나방(감수율),0.0
2024,6,16,2,구례군,멸강나방(피해율),0.0
2024,6,16,2,구례군,멸강나방(발생면적율),0.0
2024,6,16,2,구례군,먹노린재(발생추정면적),0.0
2024,6,16,2,구례군,먹노린재(감수율),0.0
2024,6,16,2,구례군,먹노린재(피해율),0.0
2024,6,16,2,구례군,먹노린재(발생면적율),0.0
2024,6,16,2,구례군,이화명나방1화기(발생면적),0.0
2024,6,16,2,구례군,이화명나방1화기(감수율),0.0
2024,6,16,2,구례군,이화명나방1화기(피해율),0.0
2024,6,16,2,구례군,이화명나방1화기(발생면적률),0.0
2024,6,16,2,구례군,이화명나방2화기(발생면적),0.0
2024,6,16,2,구례군,이화명나방2화기(감수율),0.0
2024,6,16,2,구례군,이화명나방2화기(피해율),0.0
2024,6,16,2,구례군,이화명나방2화기(발생면적률),0.0
2024,6,16,2,나주시,잎도열병(발생추정면적),0.0
2024,6,16,2,나주시,잎도열병(감수율),0.0
2024,6,16,2,나주시,잎도열병(피해율),0.0
2024,6,16,2,나주시,잎도열병(발생면적율),0.0
2024,6,16,2,나주시,이삭도열병(발생추정면적),0.0
2024,6,16,2,나주시,이삭도열병(감수율),0.0
2024,6,16,2,나주시,이삭도열병(피해율),0.0
2024,6,16,2,나주시,이삭도열병(발생면적율),0.0
2024,6,16,2,나주시,잎집무늬마름병(발생추정면적),0.0
2024,6,16,2,나주시,잎집무늬마름병(감수율),0.0
2024,6,16,2,나주시,잎집무늬마름병(피해율),0.0
2024,6,16,2,나주시,잎집무늬마름병(발생면적율),0.0
2024,6,16,2,나주시,흰잎마름병(발생추정면적),0.0
2024,6,16,2,나주시,흰잎마름병(감수율),0.0
2024,6,16,2,나주시,흰잎마름병(피해율),0.0
2024,6,16,2,나주시,흰잎마름병(발생면적율),0.0
2024,6,16,2,나주시,세균벼알마름병(발생추정면적),0.0
2024,6,16,2,나주시,세균벼알마름병(감수율),0.0
2024,6,16,2,나주시,세균벼알마름병(피해율),0.0
2024,6,16,2,나주시,세균벼알마름병(발생면적율),0.0
2024,6,16,2,나주시,줄무늬잎마름병(발생면적),0.0
2024,6,16,2,나주시,줄무늬잎마름병(감수율),0.0
2024,6,16,2,나주시,줄무늬잎마름병(피해율),0.0
2024,6,16,2,나주시,줄무늬잎마름병(발생면적률),0.0
2024,6,16,2,나주시,벼검은줄오갈병(발생면적),0.0
2024,6,16,2,나주시,벼검은줄오갈병(감수율),0.0
2024,6,16,2,나주시,벼검은줄오갈병(피해율),0.0
2024,6,16,2,나주시,벼검은줄오갈병(발생면적률),0.0
2024,6,16,2,나주시,오갈병(발생면적),0.0
2024,6,16,2,나주시,오갈병(감수율),0.0
2024,6,16,2,나주시,오갈병(피해율),0.0
2024,6,16,2,나주시,오갈병(발생면적률),0.0
2024,6,16,2,나주시,이삭누룩병(발생추정면적),0.0
2024,6,16,2,나주시,이삭누룩병(감수율),0.0
2024,6,16,2,나주시,이삭누룩병(피해율),0.0
2024,6,16,2,나주시,이삭누룩병(발생면적율),0.0
2024,6,16,2,나주시,깨씨무늬병(발생추정면적),0.0
2024,6,16,2,나주시,깨씨무늬병(감수율),0.0
2024,6,16,2,나주시,깨씨무늬병(피해율),0.0
2024,6,16,2,나주시,깨씨무늬병(발생면적율),0.0
2024,6,16,2,나주시,벼잎벌레(발생추정면적),0.0
2024,6,16,2,나주시,벼잎벌레(감수율),0.0
2024,6,16,2,나주시,벼잎벌레(피해율),0.0
2024,6,16,2,나주시,벼잎벌레(발생면적율),0.0
2024,6,16,2,나주시,벼애잎굴파리(발생추정면적),0.0
2024,6,16,2,나주시,벼애잎굴파리(감수율),0.0
2024,6,16,2,나주시,벼애잎굴파리(피해율),0.0
2024,6,16,2,나주시,벼애잎굴파리(발생면적율),0.0
2024,6,16,2,나주시,벼줄기굴파리(발생추정면적),0.0
2024,6,16,2,나주시,벼줄기굴파리(감수율),0.0
2024,6,16,2,나주시,벼줄기굴파리(피해율),0.0
2024,6,16,2,나주시,벼줄기굴파리(발생면적율),0.0
2024,6,16,2,나주시,애멸구(발생추정면적),0.0
2024,6,16,2,나주시,애멸구(감수율),0.0
2024,6,16,2,나주시,애멸구(피해율),0.0
2024,6,16,2,나주시,애멸구(발생면적율),0.0
2024,6,16,2,나주시,끝동매미충(발생추정면적),0.0
2024,6,16,2,나주시,끝동매미충(감수율),0.0
2024,6,16,2,나주시,끝동매미충(피해율),0.0
2024,6,16,2,나주시,끝동매미충(발생면적율),0.0
2024,6,16,2,나주시,벼멸구(발생추정면적),0.0
2024,6,16,2,나주시,벼멸구(감수율),0.0
2024,6,16,2,나주시,벼멸구(피해율),0.0
2024,6,16,2,나주시,벼멸구(발생면적율),0.0
2024,6,16,2,나주시,흰등멸구(발생추정면적),0.0
2024,6,16,2,나주시,흰등멸구(감수율),0.0
2024,6,16,2,나주시,흰등멸구(피해율),0.0
2024,6,16,2,나주시,흰등멸구(발생면적율),0.0
2024,6,16,2,나주시,벼물바구미(발생추정면적),0.0
2024,6,16,2,나주시,벼물바구미(감수율),0.0
2024,6,16,2,나주시,벼물바구미(피해율),0.0
2024,6,16,2,나주시,벼물바구미(발생면적율),0.0
2024,6,16,2,나주시,혹명나방(발생추정면적),0.0
2024,6,16,2,나주시,혹명나방(감수율),0.0
2024,6,16,2,나주시,혹명나방(피해율),0.0
2024,6,16,2,나주시,혹명나방(발생면적율),0.0
2024,6,16,2,나주시,멸강나방(발생추정면적),0.0
2024,6,16,2,나주시,멸강나방(감수율),0.0
2024,6,16,2,나주시,멸강나방(피해율),0.0
2024,6,16,2,나주시,멸강나방(발생면적율),0.0
2024,6,16,2,나주시,먹노린재(발생추정면적),0.0
2024,6,16,2,나주시,먹노린재(감수율),0.0
2024,6,16,2,나주시,먹노린재(피해율),0.0
2024,6,16,2,나주시,먹노린재(발생면적율),0.0
2024,6,16,2,나주시,이화명나방1화기(발생면적),0.0
2024,6,16,2,나주시,이화명나방1화기(감수율),0.0
2024,6,16,2,나주시,이화명나방1화기(피해율),0.0
2024,6,16,2,나주시,이화명나방1화기(발생면적률),0.0
2024,6,16,2,나주시,이화명나방2화기(발생면적),0.0
2024,6,16,2,나주시,이화명나방2화기(감수율),0.0
2024,6,16,2,나주시,이화명나방2화기(피해율),0.0
2024,6,16,2,나주시,이화명나방2화기(발생면적률),0.0
2024,6,16,2,담양군,잎도열병(발생추정면적),0.0
2024,6,16,2,담양군,잎도열병(감수율),0.0
2024,6,16,2,담양군,잎도열병(피해율),0.0
2024,6,16,2,담양군,잎도열병(발생면적율),0.0
2024,6,16,2,담양군,이삭도열병(발생추정면적),0.0
2024,6,16,2,담양군,이삭도열병(감수율),0.0
2024,6,16,2,담양군,이삭도열병(피해율),0.0
2024,6,16,2,담양군,이삭도열병(발생면적율),0.0
2024,6,16,2,담양군,잎집무늬마름병(발생추정면적),0.0
2024,6,16,2,담양군,잎집무늬마름병(감수율),0.0
2024,6,16,2,담양군,잎집무늬마름병(피해율),0.0
2024,6,16,2,담양군,잎집무늬마름병(발생면적율),0.0
2024,6,16,2,담양군,흰잎마름병(발생추정면적),0.0
2024,6,16,2,담양군,흰잎마름병(감수율),0.0
2024,6,16,2,담양군,흰잎마름병(피해율),0.0
2024,6,16,2,담양군,흰잎마름병(발생면적율),0.0
2024,6,16,2,담양군,세균벼알마름병(발생추정면적),0.0
2024,6,16,2,담양군,세균벼알마름병(감수율),0.0
2024,6,16,2,담양군,세균벼알마름병(피해율),0.0
2024,6,16,2,담양군,세균벼알마름병(발생면적율),0.0
2024,6,16,2,담양군,줄무늬잎마름병(발생면적),0.0
2024,6,16,2,담양군,줄무늬잎마름병(감수율),0.0
2024,6,16,2,담양군,줄무늬잎마름병(피해율),0.0
2024,6,16,2,담양군,줄무늬잎마름병(발생면적률),0.0
2024,6,16,2,담양군,벼검은줄오갈병(발생면적),0.0
2024,6,16,2,담양군,벼검은줄오갈병(감수율),0.0
2024,6,16,2,담양군,벼검은줄오갈병(피해율),0.0
2024,6,16,2,담양군,벼검은줄오갈병(발생면적률),0.0
2024,6,16,2,담양군,오갈병(발생면적),0.0
2024,6,16,2,담양군,오갈병(감수율),0.0
2024,6,16,2,담양군,오갈병(피해율),0.0
2024,6,16,2,담양군,오갈병(발생면적률),0.0
2024,6,16,2,담양군,이삭누룩병(발생추정면적),0.0
2024,6,16,2,담양군,이삭누룩병(감수율),0.0
2024,6,16,2,담양군,이삭누룩병(피해율),0.0
2024,6,16,2,담양군,이삭누룩병(발생면적율),0.0
2024,6,16,2,담양군,깨씨무늬병(발생추정면적),0.0
2024,6,16,2,담양군,깨씨무늬병(감수율),0.0
2024,6,16,2,담양군,깨씨무늬병(피해율),0.0
2024,6,16,2,담양군,깨씨무늬병(발생면적율),0.0
2024,6,16,2,담양군,벼잎벌레(발생추정면적),0.0
2024,6,16,2,담양군,벼잎벌레(감수율),0.0
2024,6,16,2,담양군,벼잎벌레(피해율),0.0
2024,6,16,2,담양군,벼잎벌레(발생면적율),0.0
2024,6,16,2,담양군,벼애잎굴파리(발생추정면적),0.0
2024,6,16,2,담양군,벼애잎굴파리(감수율),0.0
2024,6,16,2,담양군,벼애잎굴파리(피해율),0.0
2024,6,16,2,담양군,벼애잎굴파리(발생면적율),0.0
2024,6,16,2,담양군,벼줄기굴파리(발생추정면적),0.0
2024,6,16,2,담양군,벼줄기굴파리(감수율),0.0
2024,6,16,2,담양군,벼줄기굴파리(피해율),0.0
2024,6,16,2,담양군,벼줄기굴파리(발생면적율),0.0
2024,6,16,2,담양군,애멸구(발생추정면적),0.0
2024,6,16,2,담양군,애멸구(감수율),0.0
2024,6,16,2,담양군,애멸구(피해율),0.0
2024,6,16,2,담양군,애멸구(발생면적율),0.0
2024,6,16,2,담양군,끝동매미충(발생추정면적),0.0
2024,6,16,2,담양군,끝동매미충(감수율),0.0
2024,6,16,2,담양군,끝동매미충(피해율),0.0
2024,6,16,2,담양군,끝동매미충(발생면적율),0.0
2024,6,16,2,담양군,벼멸구(발생추정면적),0.0
2024,6,16,2,담양군,벼멸구(감수율),0.0
2024,6,16,2,담양군,벼멸구(피해율),0.0
2024,6,16,2,담양군,벼멸구(발생면적율),0.0
2024,6,16,2,담양군,흰등멸구(발생추정면적),0.0
2024,6,16,2,담양군,흰등멸구(감수율),0.0
2024,6,16,2,담양군,흰등멸구(피해율),0.0
2024,6,16,2,담양군,흰등멸구(발생면적율),0.0
2024,6,16,2,담양군,벼물바구미(발생추정면적),0.0
2024,6,16,2,담양군,벼물바구미(감수율),0.0
2024,6,16,2,담양군,벼물바구미(피해율),0.0
2024,6,16,2,담양군,벼물바구미(발생면적율),0.0
2024,6,16,2,담양군,혹명나방(발생추정면적),0.0
2024,6,16,2,담양군,혹명나방(감수율),0.0
2024,6,16,2,담양군,혹명나방(피해율),0.0
2024,6,16,2,담양군,혹명나방(발생면적율),0.0
2024,6,16,2,담양군,멸강나방(발생추정면적),0.0
2024,6,16,2,담양군,멸강나방(감수율),0.0
2024,6,16,2,담양군,멸강나방(피해율),0.0
2024,6,16,2,담양군,멸강나방(발생면적율),0.0
2024,6,16,2,담양군,먹노린재(발생추정면적),0.0
2024,6,16,2,담양군,먹노린재(감수율),0.0
2024,6,16,2,담양군,먹노린재(피해율),0.0
2024,6,16,2,담양군,먹노린재(발생면적율),0.0
2024,6,16,2,담양군,이화명나방1화기(발생면적),0.0
2024,6,16,2,담양군,이화명나방1화기(감수율),0.0
2024,6,16,2,담양군,이화명나방1화기(피해율),0.0
2024,6,16,2,담양군,이화명나방1화기(발생면적률),0.0
2024,6,16,2,담양군,이화명나방2화기(발생면적),0.0
2024,6,16,2,담양군,이화명나방2화기(감수율),0.0
2024,6,16,2,담양군,이화명나방2화기(피해율),0.0
2024,6,16,2,담양군,이화명나방2화기(발생면적률),0.0
2024,6,16,2,무안군,잎도열병(발생추정면적),0.0
2024,6,16,2,무안군,잎도열병(감수율),0.0
2024,6,16,2,무안군,잎도열병(피해율),0.0
2024,6,16,2,무안군,잎도열병(발생면적율),0.0
2024,6,16,2,무안군,이삭도열병(발생추정면적),0.0
2024,6,16,2,무안군,이삭도열병(감수율),0.0
2024,6,16,2,무안군,이삭도열병(피해율),0.0
2024,6,16,2,무안군,이삭도열병(발생면적율),0.0
2024,6,16,2,무안군,잎집무늬마름병(발생추정면적),0.0
2024,6,16,2,무안군,잎집무늬마름병(감수율),0.0
2024,6,16,2,무안군,잎집무늬마름병(피해율),0.0
2024,6,16,2,무안군,잎집무늬마름병(발생면적율),0.0
2024,6,16,2,무안군,흰잎마름병(발생추정면적),0.0
2024,6,16,2,무안군,흰잎마름병(감수율),0.0
2024,6,16,2,무안군,흰잎마름병(피해율),0.0
2024,6,16,2,무안군,흰잎마름병(발생면적율),0.0
2024,6,16,2,무안군,세균벼알마름병(발생추정면적),0.0
2024,6,16,2,무안군,세균벼알마름병(감수율),0.0
2024,6,16,2,무안군,세균벼알마름병(피해율),0.0
2024,6,16,2,무안군,세균벼알마름병(발생면적율),0.0
2024,6,16,2,무안군,줄무늬잎마름병(발생면적),0.0
2024,6,16,2,무안군,줄무늬잎마름병(감수율),0.0
2024,6,16,2,무안군,줄무늬잎마름병(피해율),0.0
2024,6,16,2,무안군,줄무늬잎마름병(발생면적률),0.0
2024,6,16,2,무안군,벼검은줄오갈병(발생면적),0.0
2024,6,16,2,무안군,벼검은줄오갈병(감수율),0.0
2024,6,16,2,무안군,벼검은줄오갈병(피해율),0.0
2024,6,16,2,무안군,벼검은줄오갈병(발생면적률),0.0
2024,6,16,2,무안군,오갈병(발생면적),0.0
2024,6,16,2,무안군,오갈병(감수율),0.0
2024,6,16,2,무안군,오갈병(피해율),0.0
2024,6,16,2,무안군,오갈병(발생면적률),0.0
2024,6,16,2,무안군,이삭누룩병(발생추정면적),0.0
2024,6,16,2,무안군,이삭누룩병(감수율),0.0
2024,6,16,2,무안군,이삭누룩병(피해율),0.0
2024,6,16,2,무안군,이삭누룩병(발생면적율),0.0
2024,6,16,2,무안군,깨씨무늬병(발생추정면적),0.0
2024,6,16,2,무안군,깨씨무늬병(감수율),0.0
2024,6,16,2,무안군,깨씨무늬병(피해율),0.0
2024,6,16,2,무안군,깨씨무늬병(발생면적율),0.0
2024,6,16,2,무안군,벼잎벌레(발생추정면적),0.0
2024,6,16,2,무안군,벼잎벌레(감수율),0.0
2024,6,16,2,무안군,벼잎벌레(피해율),0.0
2024,6,16,2,무안군,벼잎벌레(발생면적율),0.0
2024,6,16,2,무안군,벼애잎굴파리(발생추정면적),0.0
2024,6,16,2,무안군,벼애잎굴파리(감수율),0.0
2024,6,16,2,무안군,벼애잎굴파리(피해율),0.0
2024,6,16,2,무안군,벼애잎굴파리(발생면적율),0.0
2024,6,16,2,무안군,벼줄기굴파리(발생추정면적),0.0
2024,6,16,2,무안군,벼줄기굴파리(감수율),0.0
2024,6,16,2,무안군,벼줄기굴파리(피해율),0.0
2024,6,16,2,무안군,벼줄기굴파리(발생면적율),0.0
2024,6,16,2,무안군,애멸구(발생추정면적),0.0
2024,6,16,2,무안군,애멸구(감수율),0.0
2024,6,16,2,무안군,애멸구(피해율),0.0
2024,6,16,2,무안군,애멸구(발생면적율),0.0
2024,6,16,2,무안군,끝동매미충(발생추정면적),0.0
2024,6,16,2,무안군,끝동매미충(감수율),0.0
2024,6,16,2,무안군,끝동매미충(피해율),0.0
2024,6,16,2,무안군,끝동매미충(발생면적율),0.0
2024,6,16,2,무안군,벼멸구(발생추정면적),0.0
2024,6,16,2,무안군,벼멸구(감수율),0.0
2024,6,16,2,무안군,벼멸구(피해율),0.0
2024,6,16,2,무안군,벼멸구(발생면적율),0.0
2024,6,16,2,무안군,흰등멸구(발생추정면적),0.0
2024,6,16,2,무안군,흰등멸구(감수율),0.0
2024,6,16,2,무안군,흰등멸구(피해율),0.0
2024,6,16,2,무안군,흰등멸구(발생면적율),0.0
2024,6,16,2,무안군,벼물바구미(발생추정면적),0.0
2024,6,16,2,무안군,벼물바구미(감수율),0.0
2024,6,16,2,무안군,벼물바구미(피해율),0.0
2024,6,16,2,무안군,벼물바구미(발생면적율),0.0
2024,6,16,2,무안군,혹명나방(발생추정면적),0.0
2024,6,16,2,무안군,혹명나방(감수율),0.0
2024,6,16,2,무안군,혹명나방(피해율),0.0
2024,6,16,2,무안군,혹명나방(발생면적율),0.0
2024,6,16,2,무안군,멸강나방(발생추정면적),0.0
2024,6,16,2,무안군,멸강나방(감수율),0.0
2024,6,16,2,무안군,멸강나방(피해율),0.0
2024,6,16,2,무안군,멸강나방(발생면적율),0.0
2024,6,16,2,무안군,먹노린재(발생추정면적),0.0
2024,6,16,2,무안군,먹노린재(감수율),0.0
2024,6,16,2,무안군,먹노린재(피해율),0.0
2024,6,16,2,무안군,먹노린재(발생면적율),0.0
2024,6,16,2,무안군,이화명나방1화기(발생면적),0.0
2024,6,16,2,무안군,이화명나방1화기(감수율),0.0
2024,6,16,2,무안군,이화명나방1화기(피해율),0.0
2024,6,16,2,무안군,이화명나방1화기(발생면적률),0.0
2024,6,16,2,무안군,이화명나방2화기(발생면적),0.0
2024,6,16,2,무안군,이화명나방2화기(감수율),0.0
2024,6,16,2,무안군,이화명나방2화기(피해율),0.0
2024,6,16,2,무안군,이화명나방2화기(발생면적률),0.0
2024,6,16,2,보성군,잎도열병(발생추정면적),0.0
2024,6,16,2,보성군,잎도열병(감수율),0.0
2024,6,16,2,보성군,잎도열병(피해율),0.0
2024,6,16,2,보성군,잎도열병(발생면적율),0.0
2024,6,16,2,보성군,이삭도열병(발생추정면적),0.0
2024,6,16,2,보성군,이삭도열병(감수율),0.0
2024,6,16,2,보성군,이삭도열병(피해율),0.0
2024,6,16,2,보성군,이삭도열병(발생면적율),0.0
2024,6,16,2,보성군,잎집무늬마름병(발생추정면적),0.0
2024,6,16,2,보성군,잎집무늬마름병(감수율),0.0
2024,6,16,2,보성군,잎집무늬마름병(피해율),0.0
2024,6,16,2,보성군,잎집무늬마름병(발생면적율),0.0
2024,6,16,2,보성군,흰잎마름병(발생추정면적),0.0
2024,6,16,2,보성군,흰잎마름병(감수율),0.0
2024,6,16,2,보성군,흰잎마름병(피해율),0.0
2024,6,16,2,보성군,흰잎마름병(발생면적율),0.0
2024,6,16,2,보성군,세균벼알마름병(발생추정면적),0.0
2024,6,16,2,보성군,세균벼알마름병(감수율),0.0
2024,6,16,2,보성군,세균벼알마름병(피해율),0.0
2024,6,16,2,보성군,세균벼알마름병(발생면적율),0.0
2024,6,16,2,보성군,줄무늬잎마름병(발생면적),0.0
2024,6,16,2,보성군,줄무늬잎마름병(감수율),0.0
2024,6,16,2,보성군,줄무늬잎마름병(피해율),0.0
2024,6,16,2,보성군,줄무늬잎마름병(발생면적률),0.0
2024,6,16,2,보성군,벼검은줄오갈병(발생면적),0.0
2024,6,16,2,보성군,벼검은줄오갈병(감수율),0.0
2024,6,16,2,보성군,벼검은줄오갈병(피해율),0.0
2024,6,16,2,보성군,벼검은줄오갈병(발생면적률),0.0
2024,6,16,2,보성군,오갈병(발생면적),0.0
2024,6,16,2,보성군,오갈병(감수율),0.0
2024,6,16,2,보성군,오갈병(피해율),0.0
2024,6,16,2,보성군,오갈병(발생면적률),0.0
2024,6,16,2,보성군,이삭누룩병(발생추정면적),0.0
2024,6,16,2,보성군,이삭누룩병(감수율),0.0
2024,6,16,2,보성군,이삭누룩병(피해율),0.0
2024,6,16,2,보성군,이삭누룩병(발생면적율),0.0
2024,6,16,2,보성군,깨씨무늬병(발생추정면적),0.0
2024,6,16,2,보성군,깨씨무늬병(감수율),0.0
2024,6,16,2,보성군,깨씨무늬병(피해율),0.0
2024,6,16,2,보성군,깨씨무늬병(발생면적율),0.0
2024,6,16,2,보성군,벼잎벌레(발생추정면적),0.0
2024,6,16,2,보성군,벼잎벌레(감수율),0.0
2024,6,16,2,보성군,벼잎벌레(피해율),0.0
2024,6,16,2,보성군,벼잎벌레(발생면적율),0.0
2024,6,16,2,보성군,벼애잎굴파리(발생추정면적),0.0
2024,6,16,2,보성군,벼애잎굴파리(감수율),0.0
2024,6,16,2,보성군,벼애잎굴파리(피해율),0.0
2024,6,16,2,보성군,벼애잎굴파리(발생면적율),0.0
2024,6,16,2,보성군,벼줄기굴파리(발생추정면적),0.0
2024,6,16,2,보성군,벼줄기굴파리(감수율),0.0
2024,6,16,2,보성군,벼줄기굴파리(피해율),0.0
2024,6,16,2,보성군,벼줄기굴파리(발생면적율),0.0
2024,6,16,2,보성군,애멸구(발생추정면적),0.0
2024,6,16,2,보성군,애멸구(감수율),0.0
2024,6,16,2,보성군,애멸구(피해율),0.0
2024,6,16,2,보성군,애멸구(발생면적율),0.0
2024,6,16,2,보성군,끝동매미충(발생추정면적),0.0
2024,6,16,2,보성군,끝동매미충(감수율),0.0
2024,6,16,2,보성군,끝동매미충(피해율),0.0
2024,6,16,2,보성군,끝동매미충(발생면적율),0.0
2024,6,16,2,보성군,벼멸구(발생추정면적),0.0
2024,6,16,2,보성군,벼멸구(감수율),0.0
2024,6,16,2,보성군,벼멸구(피해율),0.0
2024,6,16,2,보성군,벼멸구(발생면적율),0.0
2024,6,16,2,보성군,흰등멸구(발생추정면적),0.0
2024,6,16,2,보성군,흰등멸구(감수율),0.0
2024,6,16,2,보성군,흰등멸구(피해율),0.0
2024,6,16,2,보성군,흰등멸구(발생면적율),0.0
2024,6,16,2,보성군,벼물바구미(발생추정면적),0.0
2024,6,16,2,보성군,벼물바구미(감수율),0.0
2024,6,16,2,보성군,벼물바구미(피해율),0.0
2024,6,16,2,보성군,벼물바구미(발생면적율),0.0
2024,6,16,2,보성군,혹명나방(발생추정면적),0.0
2024,6,16,2,보성군,혹명나방(감수율),0.0
2024,6,16,2,보성군,혹명나방(피해율),0.0
2024,6,16,2,보성군,혹명나방(발생면적율),0.0
2024,6,16,2,보성군,멸강나방(발생추정면적),0.0
2024,6,16,2,보성군,멸강나방(감수율),0.0
2024,6,16,2,보성군,멸강나방(피해율),0.0
2024,6,16,2,보성군,멸강나방(발생면적율),0.0
2024,6,16,2,보성군,먹노린재(발생추정면적),0.0
2024,6,16,2,보성군,먹노린재(감수율),0.0
2024,6,16,2,보성군,먹노린재(피해율),0.0
2024,6,16,2,보성군,먹노린재(발생면적율),0.0
2024,6,16,2,보성군,이화명나방1화기(발생면적),0.0
2024,6,16,2,보성군,이화명나방1화기(감수율),0.0
2024,6,16,2,보성군,이화명나방1화기(피해율),0.0
2024,6,16,2,보성군,이화명나방1화기(발생면적률),0.0
2024,6,16,2,보성군,이화명나방2화기(발생면적),0.0
2024,6,16,2,보성군,이화명나방2화기(감수율),0.0
2024,6,16,2,보성군,이화명나방2화기(피해율),0.0
2024,6,16,2,보성군,이화명나방2화기(발생면적률),0.0
2024,6,16,2,순천시,잎도열병(발생추정면적),0.0
2024,6,16,2,순천시,잎도열병(감수율),0.0
2024,6,16,2,순천시,잎도열병(피해율),0.0
2024,6,16,2,순천시,잎도열병(발생면적율),0.0
2024,6,16,2,순천시,이삭도열병(발생추정면적),0.0
2024,6,16,2,순천시,이삭도열병(감수율),0.0
2024,6,16,2,순천시,이삭도열병(피해율),0.0
2024,6,16,2,순천시,이삭도열병(발생면적율),0.0
2024,6,16,2,순천시,잎집무늬마름병(발생추정면적),0.0
2024,6,16,2,순천시,잎집무늬마름병(감수율),0.0
2024,6,16,2,순천시,잎집무늬마름병(피해율),0.0
2024,6,16,2,순천시,잎집무늬마름병(발생면적율),0.0
2024,6,16,2,순천시,흰잎마름병(발생추정면적),0.0
2024,6,16,2,순천시,흰잎마름병(감수율),0.0
2024,6,16,2,순천시,흰잎마름병(피해율),0.0
2024,6,16,2,순천시,흰잎마름병(발생면적율),0.0
2024,6,16,2,순천시,세균벼알마름병(발생추정면적),0.0
2024,6,16,2,순천시,세균벼알마름병(감수율),0.0
2024,6,16,2,순천시,세균벼알마름병(피해율),0.0
2024,6,16,2,순천시,세균벼알마름병(발생면적율),0.0
2024,6,16,2,순천시,줄무늬잎마름병(발생면적),0.0
2024,6,16,2,순천시,줄무늬잎마름병(감수율),0.0
2024,6,16,2,순천시,줄무늬잎마름병(피해율),0.0
2024,6,16,2,순천시,줄무늬잎마름병(발생면적률),0.0
2024,6,16,2,순천시,벼검은줄오갈병(발생면적),0.0
2024,6,16,2,순천시,벼검은줄오갈병(감수율),0.0
2024,6,16,2,순천시,벼검은줄오갈병(피해율),0.0
2024,6,16,2,순천시,벼검은줄오갈병(발생면적률),0.0
2024,6,16,2,순천시,오갈병(발생면적),0.0
2024,6,16,2,순천시,오갈병(감수율),0.0
2024,6,16,2,순천시,오갈병(피해율),0.0
2024,6,16,2,순천시,오갈병(발생면적률),0.0
2024,6,16,2,순천시,이삭누룩병(발생추정면적),0.0
2024,6,16,2,순천시,이삭누룩병(감수율),0.0
2024,6,16,2,순천시,이삭누룩병(피해율),0.0
2024,6,16,2,순천시,이삭누룩병(발생면적율),0.0
2024,6,16,2,순천시,깨씨무늬병(발생추정면적),0.0
2024,6,16,2,순천시,깨씨무늬병(감수율),0.0
2024,6,16,2,순천시,깨씨무늬병(피해율),0.0
2024,6,16,2,순천시,깨씨무늬병(발생면적율),0.0
2024,6,16,2,순천시,벼잎벌레(발생추정면적),0.0
2024,6,16,2,순천시,벼잎벌레(감수율),0.0
2024,6,16,2,순천시,벼잎벌레(피해율),0.0
2024,6,16,2,순천시,벼잎벌레(발생면적율),0.0
2024,6,16,2,순천시,벼애잎굴파리(발생추정면적),0.0
2024,6,16,2,순천시,벼애잎굴파리(감수율),0.0
2024,6,16,2,순천시,벼애잎굴파리(피해율),0.0
2024,6,16,2,순천시,벼애잎굴파리(발생면적율),0.0
2024,6,16,2,순천시,벼줄기굴파리(발생추정면적),0.0
2024,6,16,2,순천시,벼줄기굴파리(감수율),0.0
2024,6,16,2,순천시,벼줄기굴파리(피해율),0.0
2024,6,16,2,순천시,벼줄기굴파리(발생면적율),0.0
2024,6,16,2,순천시,애멸구(발생추정면적),0.0
2024,6,16,2,순천시,애멸구(감수율),0.0
2024,6,16,2,순천시,애멸구(피해율),0.0
2024,6,16,2,순천시,애멸구(발생면적율),0.0
2024,6,16,2,순천시,끝동매미충(발생추정면적),0.0
2024,6,16,2,순천시,끝동매미충(감수율),0.0
2024,6,16,2,순천시,끝동매미충(피해율),0.0
2024,6,16,2,순천시,끝동매미충(발생면적율),0.0
2024,6,16,2,순천시,벼멸구(발생추정면적),0.0
2024,6,16,2,순천시,벼멸구(감수율),0.0
2024,6,16,2,순천시,벼멸구(피해율),0.0
2024,6,16,2,순천시,벼멸구(발생면적율),0.0
2024,6,16,2,순천시,흰등멸구(발생추정면적),0.0
2024,6,16,2,순천시,흰등멸구(감수율),0.0
2024,6,16,2,순천시,흰등멸구(피해율),0.0
2024,6,16,2,순천시,흰등멸구(발생면적율),0.0
2024,6,16,2,순천시,벼물바구미(발생추정면적),0.0
2024,6,16,2,순천시,벼물바구미(감수율),0.0
2024,6,16,2,순천시,벼물바구미(피해율),0.0
2024,6,16,2,순천시,벼물바구미(발생면적율),0.0
2024,6,16,2,순천시,혹명나방(발생추정면적),0.0
2024,6,16,2,순천시,혹명나방(감수율),0.0
2024,6,16,2,순천시,혹명나방(피해율),0.0
2024,6,16,2,순천시,혹명나방(발생면적율),0.0
2024,6,16,2,순천시,멸강나방(발생추정면적),0.0
2024,6,16,2,순천시,멸강나방(감수율),0.0
2024,6,16,2,순천시,멸강나방(피해율),0.0
2024,6,16,2,순천시,멸강나방(발생면적율),0.0
2024,6,16,2,순천시,먹노린재(발생추정면적),0.0
2024,6,16,2,순천시,먹노린재(감수율),0.0
2024,6,16,2,순천시,먹노린재(피해율),0.0
2024,6,16,2,순천시,먹노린재(발생면적율),0.0
2024,6,16,2,순천시,이화명나방1화기(발생면적),0.0
2024,6,16,2,순천시,이화명나방1화기(감수율),0.0
2024,6,16,2,순천시,이화명나방1화기(피해율),0.0
2024,6,16,2,순천시,이화명나방1화기(발생면적률),0.0
2024,6,16,2,순천시,이화명나방2화기(발생면적),0.0
2024,6,16,2,순천시,이화명나방2화기(감수율),0.0
2024,6,16,2,순천시,이화명나방2화기(피해율),0.0
2024,6,16,2,순천시,이화명나방2화기(발생면적률),0.0
2024,6,16,2,신안군,잎도열병(발생추정면적),0.0
2024,6,16,2,신안군,잎도열병(감수율),0.0
2024,6,16,2,신안군,잎도열병(피해율),0.0
2024,6,16,2,신안군,잎도열병(발생면적율),0.0
2024,6,16,2,신안군,이삭도열병(발생추정면적),0.0
2024,6,16,2,신안군,이삭도열병(감수율),0.0
2024,6,16,2,신안군,이삭도열병(피해율),0.0
2024,6,16,2,신안군,이삭도열병(발생면적율),0.0
2024,6,16,2,신안군,잎집무늬마름병(발생추정면적),0.0
2024,6,16,2,신안군,잎집무늬마름병(감수율),0.0
2024,6,16,2,신안군,잎집무늬마름병(피해율),0.0
2024,6,16,2,신안군,잎집무늬마름병(발생면적율),0.0
2024,6,16,2,신안군,흰잎마름병(발생추정면적),0.0
2024,6,16,2,신안군,흰잎마름병(감수율),0.0
2024,6,16,2,신안군,흰잎마름병(피해율),0.0
2024,6,16,2,신안군,흰잎마름병(발생면적율),0.0
2024,6,16,2,신안군,세균벼알마름병(발생추정면적),0.0
2024,6,16,2,신안군,세균벼알마름병(감수율),0.0
2024,6,16,2,신안군,세균벼알마름병(피해율),0.0
2024,6,16,2,신안군,세균벼알마름병(발생면적율),0.0
2024,6,16,2,신안군,줄무늬잎마름병(발생면적),0.0
2024,6,16,2,신안군,줄무늬잎마름병(감수율),0.0
2024,6,16,2,신안군,줄무늬잎마름병(피해율),0.0
2024,6,16,2,신안군,줄무늬잎마름병(발생면적률),0.0
2024,6,16,2,신안군,벼검은줄오갈병(발생면적),0.0
2024,6,16,2,신안군,벼검은줄오갈병(감수율),0.0
2024,6,16,2,신안군,벼검은줄오갈병(피해율),0.0
2024,6,16,2,신안군,벼검은줄오갈병(발생면적률),0.0
2024,6,16,2,신안군,오갈병(발생면적),0.0
2024,6,16,2,신안군,오갈병(감수율),0.0
2024,6,16,2,신안군,오갈병(피해율),0.0
2024,6,16,2,신안군,오갈병(발생면적률),0.0
2024,6,16,2,신안군,이삭누룩병(발생추정면적),0.0
2024,6,16,2,신안군,이삭누룩병(감수율),0.0
2024,6,16,2,신안군,이삭누룩병(피해율),0.0
2024,6,16,2,신안군,이삭누룩병(발생면적율),0.0
2024,6,16,2,신안군,깨씨무늬병(발생추정면적),0.0
2024,6,16,2,신안군,깨씨무늬병(감수율),0.0
2024,6,16,2,신안군,깨씨무늬병(피해율),0.0
2024,6,16,2,신안군,깨씨무늬병(발생면적율),0.0
2024,6,16,2,신안군,벼잎벌레(발생추정면적),0.0
2024,6,16,2,신안군,벼잎벌레(감수율),0.0
2024,6,16,2,신안군,벼잎벌레(피해율),0.0
2024,6,16,2,신안군,벼잎벌레(발생면적율),0.0
2024,6,16,2,신안군,벼애잎굴파리(발생추정면적),0.0
2024,6,16,2,신안군,벼애잎굴파리(감수율),0.0
2024,6,16,2,신안군,벼애잎굴파리(피해율),0.0
2024,6,16,2,신안군,벼애잎굴파리(발생면적율),0.0
2024,6,16,2,신안군,벼줄기굴파리(발생추정면적),0.0
2024,6,16,2,신안군,벼줄기굴파리(감수율),0.0
2024,6,16,2,신안군,벼줄기굴파리(피해율),0.0
2024,6,16,2,신안군,벼줄기굴파리(발생면적율),0.0
2024,6,16,2,신안군,애멸구(발생추정면적),0.0
2024,6,16,2,신안군,애멸구(감수율),0.0
2024,6,16,2,신안군,애멸구(피해율),0.0
2024,6,16,2,신안군,애멸구(발생면적율),0.0
2024,6,16,2,신안군,끝동매미충(발생추정면적),0.0
2024,6,16,2,신안군,끝동매미충(감수율),0.0
2024,6,16,2,신안군,끝동매미충(피해율),0.0
2024,6,16,2,신안군,끝동매미충(발생면적율),0.0
2024,6,16,2,신안군,벼멸구(발생추정면적),0.0
2024,6,16,2,신안군,벼멸구(감수율),0.0
2024,6,16,2,신안군,벼멸구(피해율),0.0
2024,6,16,2,신안군,벼멸구(발생면적율),0.0
2024,6,16,2,신안군,흰등멸구(발생추정면적),0.0
2024,6,16,2,신안군,흰등멸구(감수율),0.0
2024,6,16,2,신안군,흰등멸구(피해율),0.0
2024,6,16,2,신안군,흰등멸구(발생면적율),0.0
2024,6,16,2,신안군,벼물바구미(발생추정면적),0.0
2024,6,16,2,신안군,벼물바구미(감수율),0.0
2024,6,16,2,신안군,벼물바구미(피해율),0.0
2024,6,16,2,신안군,벼물바구미(발생면적율),0.0
2024,6,16,2,신안군,혹명나방(발생추정면적),0.0
2024,6,16,2,신안군,혹명나방(감수율),0.0
2024,6,16,2,신안군,혹명나방(피해율),0.0
2024,6,16,2,신안군,혹명나방(발생면적율),0.0
2024,6,16,2,신안군,멸강나방(발생추정면적),0.0
2024,6,16,2,신안군,멸강나방(감수율),0.0
2024,6,16,2,신안군,멸강나방(피해율),0.0
2024,6,16,2,신안군,멸강나방(발생면적율),0.0
2024,6,16,2,신안군,먹노린재(발생추정면적),0.0
2024,6,16,2,신안군,먹노린재(감수율),0.0
2024,6,16,2,신안군,먹노린재(피해율),0.0
2024,6,16,2,신안군,먹노린재(발생면적율),0.0
2024,6,16,2,신안군,이화명나방1화기(발생면적),0.0
2024,6,16,2,신안군,이화명나방1화기(감수율),0.0
2024,6,16,2,신안군,이화명나방1화기(피해율),0.0
2024,6,16,2,신안군,이화명나방1화기(발생면적률),0.0
2024,6,16,2,신안군,이화명나방2화기(발생면적),0.0
2024,6,16,2,신안군,이화명나방2화기(감수율),0.0
2024,6,16,2,신안군,이화명나방2화기(피해율),0.0
2024,6,16,2,신안군,이화명나방2화기(발생면적률),0.0
2024,6,16,2,여수시,잎도열병(발생추정면적),0.0
2024,6,16,2,여수시,잎도열병(감수율),0.0
2024,6,16,2,여수시,잎도열병(피해율),0.0
2024,6,16,2,여수시,잎도열병(발생면적율),0.0
2024,6,16,2,여수시,이삭도열병(발생추정면적),0.0
2024,6,16,2,여수시,이삭도열병(감수율),0.0
2024,6,16,2,여수시,이삭도열병(피해율),0.0
2024,6,16,2,여수시,이삭도열병(발생면적율),0.0
2024,6,16,2,여수시,잎집무늬마름병(발생추정면적),0.0
2024,6,16,2,여수시,잎집무늬마름병(감수율),0.0
2024,6,16,2,여수시,잎집무늬마름병(피해율),0.0
2024,6,16,2,여수시,잎집무늬마름병(발생면적율),0.0
2024,6,16,2,여수시,흰잎마름병(발생추정면적),0.0
2024,6,16,2,여수시,흰잎마름병(감수율),0.0
2024,6,16,2,여수시,흰잎마름병(피해율),0.0
2024,6,16,2,여수시,흰잎마름병(발생면적율),0.0
2024,6,16,2,여수시,세균벼알마름병(발생추정면적),0.0
2024,6,16,2,여수시,세균벼알마름병(감수율),0.0
2024,6,16,2,여수시,세균벼알마름병(피해율),0.0
2024,6,16,2,여수시,세균벼알마름병(발생면적율),0.0
2024,6,16,2,여수시,줄무늬잎마름병(발생면적),0.0
2024,6,16,2,여수시,줄무늬잎마름병(감수율),0.0
2024,6,16,2,여수시,줄무늬잎마름병(피해율),0.0
2024,6,16,2,여수시,줄무늬잎마름병(발생면적률),0.0
2024,6,16,2,여수시,벼검은줄오갈병(발생면적),0.0
2024,6,16,2,여수시,벼검은줄오갈병(감수율),0.0
2024,6,16,2,여수시,벼검은줄오갈병(피해율),0.0
2024,6,16,2,여수시,벼검은줄오갈병(발생면적률),0.0
2024,6,16,2,여수시,오갈병(발생면적),0.0
2024,6,16,2,여수시,오갈병(감수율),0.0
2024,6,16,2,여수시,오갈병(피해율),0.0
2024,6,16,2,여수시,오갈병(발생면적률),0.0
2024,6,16,2,여수시,이삭누룩병(발생추정면적),0.0
2024,6,16,2,여수시,이삭누룩병(감수율),0.0
2024,6,16,2,여수시,이삭누룩병(피해율),0.0
2024,6,16,2,여수시,이삭누룩병(발생면적율),0.0
2024,6,16,2,여수시,깨씨무늬병(발생추정면적),0.0
2024,6,16,2,여수시,깨씨무늬병(감수율),0.0
2024,6,16,2,여수시,깨씨무늬병(피해율),0.0
2024,6,16,2,여수시,깨씨무늬병(발생면적율),0.0
2024,6,16,2,여수시,벼잎벌레(발생추정면적),0.0
2024,6,16,2,여수시,벼잎벌레(감수율),0.0
2024,6,16,2,여수시,벼잎벌레(피해율),0.0
2024,6,16,2,여수시,벼잎벌레(발생면적율),0.0
2024,6,16,2,여수시,벼애잎굴파리(발생추정면적),0.0
2024,6,16,2,여수시,벼애잎굴파리(감수율),0.0
2024,6,16,2,여수시,벼애잎굴파리(피해율),0.0
2024,6,16,2,여수시,벼애잎굴파리(발생면적율),0.0
2024,6,16,2,여수시,벼줄기굴파리(발생추정면적),0.0
2024,6,16,2,여수시,벼줄기굴파리(감수율),0.0
2024,6,16,2,여수시,벼줄기굴파리(피해율),0.0
2024,6,16,2,여수시,벼줄기굴파리(발생면적율),0.0
2024,6,16,2,여수시,애멸구(발생추정면적),0.0
2024,6,16,2,여수시,애멸구(감수율),0.0
2024,6,16,2,여수시,애멸구(피해율),0.0
2024,6,16,2,여수시,애멸구(발생면적율),0.0
2024,6,16,2,여수시,끝동매미충(발생추정면적),0.0
2024,6,16,2,여수시,끝동매미충(감수율),0.0
2024,6,16,2,여수시,끝동매미충(피해율),0.0
2024,6,16,2,여수시,끝동매미충(발생면적율),0.0
2024,6,16,2,여수시,벼멸구(발생추정면적),0.0
2024,6,16,2,여수시,벼멸구(감수율),0.0
2024,6,16,2,여수시,벼멸구(피해율),0.0
2024,6,16,2,여수시,벼멸구(발생면적율),0.0
2024,6,16,2,여수시,흰등멸구(발생추정면적),0.0
2024,6,16,2,여수시,흰등멸구(감수율),0.0
2024,6,16,2,여수시,흰등멸구(피해율),0.0
2024,6,16,2,여수시,흰등멸구(발생면적율),0.0
2024,6,16,2,여수시,벼물바구미(발생추정면적),266.049
2024,6,16,2,여수시,벼물바구미(감수율),1.218
2024,6,16,2,여수시,벼물바구미(피해율),4.683
2024,6,16,2,여수시,벼물바구미(발생면적율),14.634
2024,6,16,2,여수시,혹명나방(발생추정면적),0.0
2024,6,16,2,여수시,혹명나방(감수율),0.0
2024,6,16,2,여수시,혹명나방(피해율),0.0
2024,6,16,2,여수시,혹명나방(발생면적율),0.0
2024,6,16,2,여수시,멸강나방(발생추정면적),0.0
2024,6,16,2,여수시,멸강나방(감수율),0.0
2024,6,16,2,여수시,멸강나방(피해율),0.0
2024,6,16,2,여수시,멸강나방(발생면적율),0.0
2024,6,16,2,여수시,먹노린재(발생추정면적),0.0
2024,6,16,2,여수시,먹노린재(감수율),0.0
2024,6,16,2,여수시,먹노린재(피해율),0.0
2024,6,16,2,여수시,먹노린재(발생면적율),0.0
2024,6,16,2,여수시,이화명나방1화기(발생면적),0.0
2024,6,16,2,여수시,이화명나방1화기(감수율),0.0
2024,6,16,2,여수시,이화명나방1화기(피해율),0.0
2024,6,16,2,여수시,이화명나방1화기(발생면적률),0.0
2024,6,16,2,여수시,이화명나방2화기(발생면적),0.0
2024,6,16,2,여수시,이화명나방2화기(감수율),0.0
2024,6,16,2,여수시,이화명나방2화기(피해율),0.0
2024,6,16,2,여수시,이화명나방2화기(발생면적률),0.0
2024,6,16,2,영광군,잎도열병(발생추정면적),0.0
2024,6,16,2,영광군,잎도열병(감수율),0.0
2024,6,16,2,영광군,잎도열병(피해율),0.0
2024,6,16,2,영광군,잎도열병(발생면적율),0.0
2024,6,16,2,영광군,이삭도열병(발생추정면적),0.0
2024,6,16,2,영광군,이삭도열병(감수율),0.0
2024,6,16,2,영광군,이삭도열병(피해율),0.0
2024,6,16,2,영광군,이삭도열병(발생면적율),0.0
2024,6,16,2,영광군,잎집무늬마름병(발생추정면적),0.0
2024,6,16,2,영광군,잎집무늬마름병(감수율),0.0
2024,6,16,2,영광군,잎집무늬마름병(피해율),0.0
2024,6,16,2,영광군,잎집무늬마름병(발생면적율),0.0
2024,6,16,2,영광군,흰잎마름병(발생추정면적),0.0
2024,6,16,2,영광군,흰잎마름병(감수율),0.0
2024,6,16,2,영광군,흰잎마름병(피해율),0.0
2024,6,16,2,영광군,흰잎마름병(발생면적율),0.0
2024,6,16,2,영광군,세균벼알마름병(발생추정면적),0.0
2024,6,16,2,영광군,세균벼알마름병(감수율),0.0
2024,6,16,2,영광군,세균벼알마름병(피해율),0.0
2024,6,16,2,영광군,세균벼알마름병(발생면적율),0.0
2024,6,16,2,영광군,줄무늬잎마름병(발생면적),0.0
2024,6,16,2,영광군,줄무늬잎마름병(감수율),0.0
2024,6,16,2,영광군,줄무늬잎마름병(피해율),0.0
2024,6,16,2,영광군,줄무늬잎마름병(발생면적률),0.0
2024,6,16,2,영광군,벼검은줄오갈병(발생면적),0.0
2024,6,16,2,영광군,벼검은줄오갈병(감수율),0.0
2024,6,16,2,영광군,벼검은줄오갈병(피해율),0.0
2024,6,16,2,영광군,벼검은줄오갈병(발생면적률),0.0
2024,6,16,2,영광군,오갈병(발생면적),0.0
2024,6,16,2,영광군,오갈병(감수율),0.0
2024,6,16,2,영광군,오갈병(피해율),0.0
2024,6,16,2,영광군,오갈병(발생면적률),0.0
2024,6,16,2,영광군,이삭누룩병(발생추정면적),0.0
2024,6,16,2,영광군,이삭누룩병(감수율),0.0
2024,6,16,2,영광군,이삭누룩병(피해율),0.0
2024,6,16,2,영광군,이삭누룩병(발생면적율),0.0
2024,6,16,2,영광군,깨씨무늬병(발생추정면적),0.0
2024,6,16,2,영광군,깨씨무늬병(감수율),0.0
2024,6,16,2,영광군,깨씨무늬병(피해율),0.0
2024,6,16,2,영광군,깨씨무늬병(발생면적율),0.0
2024,6,16,2,영광군,벼잎벌레(발생추정면적),0.0
2024,6,16,2,영광군,벼잎벌레(감수율),0.0
2024,6,16,2,영광군,벼잎벌레(피해율),0.0
2024,6,16,2,영광군,벼잎벌레(발생면적율),0.0
2024,6,16,2,영광군,벼애잎굴파리(발생추정면적),0.0
2024,6,16,2,영광군,벼애잎굴파리(감수율),0.0
2024,6,16,2,영광군,벼애잎굴파리(피해율),0.0
2024,6,16,2,영광군,벼애잎굴파리(발생면적율),0.0
2024,6,16,2,영광군,벼줄기굴파리(발생추정면적),0.0
2024,6,16,2,영광군,벼줄기굴파리(감수율),0.0
2024,6,16,2,영광군,벼줄기굴파리(피해율),0.0
2024,6,16,2,영광군,벼줄기굴파리(발생면적율),0.0
2024,6,16,2,영광군,애멸구(발생추정면적),0.0
2024,6,16,2,영광군,애멸구(감수율),0.0
2024,6,16,2,영광군,애멸구(피해율),0.0
2024,6,16,2,영광군,애멸구(발생면적율),0.0
2024,6,16,2,영광군,끝동매미충(발생추정면적),0.0
2024,6,16,2,영광군,끝동매미충(감수율),0.0
2024,6,16,2,영광군,끝동매미충(피해율),0.0
2024,6,16,2,영광군,끝동매미충(발생면적율),0.0
2024,6,16,2,영광군,벼멸구(발생추정면적),0.0
2024,6,16,2,영광군,벼멸구(감수율),0.0
2024,6,16,2,영광군,벼멸구(피해율),0.0
2024,6,16,2,영광군,벼멸구(발생면적율),0.0
2024,6,16,2,영광군,흰등멸구(발생추정면적),0.0
2024,6,16,2,영광군,흰등멸구(감수율),0.0
2024,6,16,2,영광군,흰등멸구(피해율),0.0
2024,6,16,2,영광군,흰등멸구(발생면적율),0.0
2024,6,16,2,영광군,벼물바구미(발생추정면적),0.0
2024,6,16,2,영광군,벼물바구미(감수율),0.0
2024,6,16,2,영광군,벼물바구미(피해율),0.0
2024,6,16,2,영광군,벼물바구미(발생면적율),0.0
2024,6,16,2,영광군,혹명나방(발생추정면적),0.0
2024,6,16,2,영광군,혹명나방(감수율),0.0
2024,6,16,2,영광군,혹명나방(피해율),0.0
2024,6,16,2,영광군,혹명나방(발생면적율),0.0
2024,6,16,2,영광군,멸강나방(발생추정면적),0.0
2024,6,16,2,영광군,멸강나방(감수율),0.0
2024,6,16,2,영광군,멸강나방(피해율),0.0
2024,6,16,2,영광군,멸강나방(발생면적율),0.0
2024,6,16,2,영광군,먹노린재(발생추정면적),0.0
2024,6,16,2,영광군,먹노린재(감수율),0.0
2024,6,16,2,영광군,먹노린재(피해율),0.0
2024,6,16,2,영광군,먹노린재(발생면적율),0.0
2024,6,16,2,영광군,이화명나방1화기(발생면적),0.0
2024,6,16,2,영광군,이화명나방1화기(감수율),0.0
2024,6,16,2,영광군,이화명나방1화기(피해율),0.0
2024,6,16,2,영광군,이화명나방1화기(발생면적률),0.0
2024,6,16,2,영광군,이화명나방2화기(발생면적),0.0
2024,6,16,2,영광군,이화명나방2화기(감수율),0.0
2024,6,16,2,영광군,이화명나방2화기(피해율),0.0
2024,6,16,2,영광군,이화명나방2화기(발생면적률),0.0
2024,6,16,2,영암군,잎도열병(발생추정면적),0.0
2024,6,16,2,영암군,잎도열병(감수율),0.0
2024,6,16,2,영암군,잎도열병(피해율),0.0
2024,6,16,2,영암군,잎도열병(발생면적율),0.0
2024,6,16,2,영암군,이삭도열병(발생추정면적),0.0
2024,6,16,2,영암군,이삭도열병(감수율),0.0
2024,6,16,2,영암군,이삭도열병(피해율),0.0
2024,6,16,2,영암군,이삭도열병(발생면적율),0.0
2024,6,16,2,영암군,잎집무늬마름병(발생추정면적),0.0
2024,6,16,2,영암군,잎집무늬마름병(감수율),0.0
2024,6,16,2,영암군,잎집무늬마름병(피해율),0.0
2024,6,16,2,영암군,잎집무늬마름병(발생면적율),0.0
2024,6,16,2,영암군,흰잎마름병(발생추정면적),0.0
2024,6,16,2,영암군,흰잎마름병(감수율),0.0
2024,6,16,2,영암군,흰잎마름병(피해율),0.0
2024,6,16,2,영암군,흰잎마름병(발생면적율),0.0
2024,6,16,2,영암군,세균벼알마름병(발생추정면적),0.0
2024,6,16,2,영암군,세균벼알마름병(감수율),0.0
2024,6,16,2,영암군,세균벼알마름병(피해율),0.0
2024,6,16,2,영암군,세균벼알마름병(발생면적율),0.0
2024,6,16,2,영암군,줄무늬잎마름병(발생면적),0.0
2024,6,16,2,영암군,줄무늬잎마름병(감수율),0.0
2024,6,16,2,영암군,줄무늬잎마름병(피해율),0.0
2024,6,16,2,영암군,줄무늬잎마름병(발생면적률),0.0
2024,6,16,2,영암군,벼검은줄오갈병(발생면적),0.0
2024,6,16,2,영암군,벼검은줄오갈병(감수율),0.0
2024,6,16,2,영암군,벼검은줄오갈병(피해율),0.0
2024,6,16,2,영암군,벼검은줄오갈병(발생면적률),0.0
2024,6,16,2,영암군,오갈병(발생면적),0.0
2024,6,16,2,영암군,오갈병(감수율),0.0
2024,6,16,2,영암군,오갈병(피해율),0.0
2024,6,16,2,영암군,오갈병(발생면적률),0.0
2024,6,16,2,영암군,이삭누룩병(발생추정면적),0.0
2024,6,16,2,영암군,이삭누룩병(감수율),0.0
2024,6,16,2,영암군,이삭누룩병(피해율),0.0
2024,6,16,2,영암군,이삭누룩병(발생면적율),0.0
2024,6,16,2,영암군,깨씨무늬병(발생추정면적),0.0
2024,6,16,2,영암군,깨씨무늬병(감수율),0.0
2024,6,16,2,영암군,깨씨무늬병(피해율),0.0
2024,6,16,2,영암군,깨씨무늬병(발생면적율),0.0
2024,6,16,2,영암군,벼잎벌레(발생추정면적),0.0
2024,6,16,2,영암군,벼잎벌레(감수율),0.0
2024,6,16,2,영암군,벼잎벌레(피해율),0.0
2024,6,16,2,영암군,벼잎벌레(발생면적율),0.0
2024,6,16,2,영암군,벼애잎굴파리(발생추정면적),0.0
2024,6,16,2,영암군,벼애잎굴파리(감수율),0.0
2024,6,16,2,영암군,벼애잎굴파리(피해율),0.0
2024,6,16,2,영암군,벼애잎굴파리(발생면적율),0.0
2024,6,16,2,영암군,벼줄기굴파리(발생추정면적),0.0
2024,6,16,2,영암군,벼줄기굴파리(감수율),0.0
2024,6,16,2,영암군,벼줄기굴파리(피해율),0.0
2024,6,16,2,영암군,벼줄기굴파리(발생면적율),0.0
2024,6,16,2,영암군,애멸구(발생추정면적),0.0
2024,6,16,2,영암군,애멸구(감수율),0.0
2024,6,16,2,영암군,애멸구(피해율),0.0
2024,6,16,2,영암군,애멸구(발생면적율),0.0
2024,6,16,2,영암군,끝동매미충(발생추정면적),0.0
2024,6,16,2,영암군,끝동매미충(감수율),0.0
2024,6,16,2,영암군,끝동매미충(피해율),0.0
2024,6,16,2,영암군,끝동매미충(발생면적율),0.0
2024,6,16,2,영암군,벼멸구(발생추정면적),0.0
2024,6,16,2,영암군,벼멸구(감수율),0.0
2024,6,16,2,영암군,벼멸구(피해율),0.0
2024,6,16,2,영암군,벼멸구(발생면적율),0.0
2024,6,16,2,영암군,흰등멸구(발생추정면적),0.0
2024,6,16,2,영암군,흰등멸구(감수율),0.0
2024,6,16,2,영암군,흰등멸구(피해율),0.0
2024,6,16,2,영암군,흰등멸구(발생면적율),0.0
2024,6,16,2,영암군,벼물바구미(발생추정면적),0.0
2024,6,16,2,영암군,벼물바구미(감수율),0.0
2024,6,16,2,영암군,벼물바구미(피해율),0.0
2024,6,16,2,영암군,벼물바구미(발생면적율),0.0
2024,6,16,2,영암군,혹명나방(발생추정면적),0.0
2024,6,16,2,영암군,혹명나방(감수율),0.0
2024,6,16,2,영암군,혹명나방(피해율),0.0
2024,6,16,2,영암군,혹명나방(발생면적율),0.0
2024,6,16,2,영암군,멸강나방(발생추정면적),0.0
2024,6,16,2,영암군,멸강나방(감수율),0.0
2024,6,16,2,영암군,멸강나방(피해율),0.0
2024,6,16,2,영암군,멸강나방(발생면적율),0.0
2024,6,16,2,영암군,먹노린재(발생추정면적),0.0
2024,6,16,2,영암군,먹노린재(감수율),0.0
2024,6,16,2,영암군,먹노린재(피해율),0.0
2024,6,16,2,영암군,먹노린재(발생면적율),0.0
2024,6,16,2,영암군,이화명나방1화기(발생면적),0.0
2024,6,16,2,영암군,이화명나방1화기(감수율),0.0
2024,6,16,2,영암군,이화명나방1화기(피해율),0.0
2024,6,16,2,영암군,이화명나방1화기(발생면적률),0.0
2024,6,16,2,영암군,이화명나방2화기(발생면적),0.0
2024,6,16,2,영암군,이화명나방2화기(감수율),0.0
2024,6,16,2,영암군,이화명나방2화기(피해율),0.0
2024,6,16,2,영암군,이화명나방2화기(발생면적률),0.0
2024,6,16,2,완도군,잎도열병(발생추정면적),0.0
2024,6,16,2,완도군,잎도열병(감수율),0.0
2024,6,16,2,완도군,잎도열병(피해율),0.0
2024,6,16,2,완도군,잎도열병(발생면적율),0.0
2024,6,16,2,완도군,이삭도열병(발생추정면적),0.0
2024,6,16,2,완도군,이삭도열병(감수율),0.0
2024,6,16,2,완도군,이삭도열병(피해율),0.0
2024,6,16,2,완도군,이삭도열병(발생면적율),0.0
2024,6,16,2,완도군,잎집무늬마름병(발생추정면적),0.0
2024,6,16,2,완도군,잎집무늬마름병(감수율),0.0
2024,6,16,2,완도군,잎집무늬마름병(피해율),0.0
2024,6,16,2,완도군,잎집무늬마름병(발생면적율),0.0
2024,6,16,2,완도군,흰잎마름병(발생추정면적),0.0
2024,6,16,2,완도군,흰잎마름병(감수율),0.0
2024,6,16,2,완도군,흰잎마름병(피해율),0.0
2024,6,16,2,완도군,흰잎마름병(발생면적율),0.0
2024,6,16,2,완도군,세균벼알마름병(발생추정면적),0.0
2024,6,16,2,완도군,세균벼알마름병(감수율),0.0
2024,6,16,2,완도군,세균벼알마름병(피해율),0.0
2024,6,16,2,완도군,세균벼알마름병(발생면적율),0.0
2024,6,16,2,완도군,줄무늬잎마름병(발생면적),0.0
2024,6,16,2,완도군,줄무늬잎마름병(감수율),0.0
2024,6,16,2,완도군,줄무늬잎마름병(피해율),0.0
2024,6,16,2,완도군,줄무늬잎마름병(발생면적률),0.0
2024,6,16,2,완도군,벼검은줄오갈병(발생면적),0.0
2024,6,16,2,완도군,벼검은줄오갈병(감수율),0.0
2024,6,16,2,완도군,벼검은줄오갈병(피해율),0.0
2024,6,16,2,완도군,벼검은줄오갈병(발생면적률),0.0
2024,6,16,2,완도군,오갈병(발생면적),0.0
2024,6,16,2,완도군,오갈병(감수율),0.0
2024,6,16,2,완도군,오갈병(피해율),0.0
2024,6,16,2,완도군,오갈병(발생면적률),0.0
2024,6,16,2,완도군,이삭누룩병(발생추정면적),0.0
2024,6,16,2,완도군,이삭누룩병(감수율),0.0
2024,6,16,2,완도군,이삭누룩병(피해율),0.0
2024,6,16,2,완도군,이삭누룩병(발생면적율),0.0
2024,6,16,2,완도군,깨씨무늬병(발생추정면적),0.0
2024,6,16,2,완도군,깨씨무늬병(감수율),0.0
2024,6,16,2,완도군,깨씨무늬병(피해율),0.0
2024,6,16,2,완도군,깨씨무늬병(발생면적율),0.0
2024,6,16,2,완도군,벼잎벌레(발생추정면적),0.0
2024,6,16,2,완도군,벼잎벌레(감수율),0.0
2024,6,16,2,완도군,벼잎벌레(피해율),0.0
2024,6,16,2,완도군,벼잎벌레(발생면적율),0.0
2024,6,16,2,완도군,벼애잎굴파리(발생추정면적),0.0
2024,6,16,2,완도군,벼애잎굴파리(감수율),0.0
2024,6,16,2,완도군,벼애잎굴파리(피해율),0.0
2024,6,16,2,완도군,벼애잎굴파리(발생면적율),0.0
2024,6,16,2,완도군,벼줄기굴파리(발생추정면적),0.0
2024,6,16,2,완도군,벼줄기굴파리(감수율),0.0
2024,6,16,2,완도군,벼줄기굴파리(피해율),0.0
2024,6,16,2,완도군,벼줄기굴파리(발생면적율),0.0
2024,6,16,2,완도군,애멸구(발생추정면적),0.0
2024,6,16,2,완도군,애멸구(감수율),0.0
2024,6,16,2,완도군,애멸구(피해율),0.0
2024,6,16,2,완도군,애멸구(발생면적율),0.0
2024,6,16,2,완도군,끝동매미충(발생추정면적),0.0
2024,6,16,2,완도군,끝동매미충(감수율),0.0
2024,6,16,2,완도군,끝동매미충(피해율),0.0
2024,6,16,2,완도군,끝동매미충(발생면적율),0.0
2024,6,16,2,완도군,벼멸구(발생추정면적),0.0
2024,6,16,2,완도군,벼멸구(감수율),0.0
2024,6,16,2,완도군,벼멸구(피해율),0.0
2024,6,16,2,완도군,벼멸구(발생면적율),0.0
2024,6,16,2,완도군,흰등멸구(발생추정면적),0.0
2024,6,16,2,완도군,흰등멸구(감수율),0.0
2024,6,16,2,완도군,흰등멸구(피해율),0.0
2024,6,16,2,완도군,흰등멸구(발생면적율),0.0
2024,6,16,2,완도군,벼물바구미(발생추정면적),0.0
2024,6,16,2,완도군,벼물바구미(감수율),0.0
2024,6,16,2,완도군,벼물바구미(피해율),0.0
2024,6,16,2,완도군,벼물바구미(발생면적율),0.0
2024,6,16,2,완도군,혹명나방(발생추정면적),0.0
2024,6,16,2,완도군,혹명나방(감수율),0.0
2024,6,16,2,완도군,혹명나방(피해율),0.0
2024,6,16,2,완도군,혹명나방(발생면적율),0.0
2024,6,16,2,완도군,멸강나방(발생추정면적),0.0
2024,6,16,2,완도군,멸강나방(감수율),0.0
2024,6,16,2,완도군,멸강나방(피해율),0.0
2024,6,16,2,완도군,멸강나방(발생면적율),0.0
2024,6,16,2,완도군,먹노린재(발생추정면적),0.0
2024,6,16,2,완도군,먹노린재(감수율),0.0
2024,6,16,2,완도군,먹노린재(피해율),0.0
2024,6,16,2,완도군,먹노린재(발생면적율),0.0
2024,6,16,2,완도군,이화명나방1화기(발생면적),0.0
2024,6,16,2,완도군,이화명나방1화기(감수율),0.0
2024,6,16,2,완도군,이화명나방1화기(피해율),0.0
2024,6,16,2,완도군,이화명나방1화기(발생면적률),0.0
2024,6,16,2,완도군,이화명나방2화기(발생면적),0.0
2024,6,16,2,완도군,이화명나방2화기(감수율),0.0
2024,6,16,2,완도군,이화명나방2화기(피해율),0.0
2024,6,16,2,완도군,이화명나방2화기(발생면적률),0.0
2024,6,16,2,장성군,잎도열병(발생추정면적),0.0
2024,6,16,2,장성군,잎도열병(감수율),0.0
2024,6,16,2,장성군,잎도열병(피해율),0.0
2024,6,16,2,장성군,잎도열병(발생면적율),0.0
2024,6,16,2,장성군,이삭도열병(발생추정면적),0.0
2024,6,16,2,장성군,이삭도열병(감수율),0.0
2024,6,16,2,장성군,이삭도열병(피해율),0.0
2024,6,16,2,장성군,이삭도열병(발생면적율),0.0
2024,6,16,2,장성군,잎집무늬마름병(발생추정면적),0.0
2024,6,16,2,장성군,잎집무늬마름병(감수율),0.0
2024,6,16,2,장성군,잎집무늬마름병(피해율),0.0
2024,6,16,2,장성군,잎집무늬마름병(발생면적율),0.0
2024,6,16,2,장성군,흰잎마름병(발생추정면적),0.0
2024,6,16,2,장성군,흰잎마름병(감수율),0.0
2024,6,16,2,장성군,흰잎마름병(피해율),0.0
2024,6,16,2,장성군,흰잎마름병(발생면적율),0.0
2024,6,16,2,장성군,세균벼알마름병(발생추정면적),0.0
2024,6,16,2,장성군,세균벼알마름병(감수율),0.0
2024,6,16,2,장성군,세균벼알마름병(피해율),0.0
2024,6,16,2,장성군,세균벼알마름병(발생면적율),0.0
2024,6,16,2,장성군,줄무늬잎마름병(발생면적),0.0
2024,6,16,2,장성군,줄무늬잎마름병(감수율),0.0
2024,6,16,2,장성군,줄무늬잎마름병(피해율),0.0
2024,6,16,2,장성군,줄무늬잎마름병(발생면적률),0.0
2024,6,16,2,장성군,벼검은줄오갈병(발생면적),0.0
2024,6,16,2,장성군,벼검은줄오갈병(감수율),0.0
2024,6,16,2,장성군,벼검은줄오갈병(피해율),0.0
2024,6,16,2,장성군,벼검은줄오갈병(발생면적률),0.0
2024,6,16,2,장성군,오갈병(발생면적),0.0
2024,6,16,2,장성군,오갈병(감수율),0.0
2024,6,16,2,장성군,오갈병(피해율),0.0
2024,6,16,2,장성군,오갈병(발생면적률),0.0
2024,6,16,2,장성군,이삭누룩병(발생추정면적),0.0
2024,6,16,2,장성군,이삭누룩병(감수율),0.0
2024,6,16,2,장성군,이삭누룩병(피해율),0.0
2024,6,16,2,장성군,이삭누룩병(발생면적율),0.0
2024,6,16,2,장성군,깨씨무늬병(발생추정면적),0.0
2024,6,16,2,장성군,깨씨무늬병(감수율),0.0
2024,6,16,2,장성군,깨씨무늬병(피해율),0.0
2024,6,16,2,장성군,깨씨무늬병(발생면적율),0.0
2024,6,16,2,장성군,벼잎벌레(발생추정면적),0.0
2024,6,16,2,장성군,벼잎벌레(감수율),0.0
2024,6,16,2,장성군,벼잎벌레(피해율),0.0
2024,6,16,2,장성군,벼잎벌레(발생면적율),0.0
2024,6,16,2,장성군,벼애잎굴파리(발생추정면적),0.0
2024,6,16,2,장성군,벼애잎굴파리(감수율),0.0
2024,6,16,2,장성군,벼애잎굴파리(피해율),0.0
2024,6,16,2,장성군,벼애잎굴파리(발생면적율),0.0
2024,6,16,2,장성군,벼줄기굴파리(발생추정면적),0.0
2024,6,16,2,장성군,벼줄기굴파리(감수율),0.0
2024,6,16,2,장성군,벼줄기굴파리(피해율),0.0
2024,6,16,2,장성군,벼줄기굴파리(발생면적율),0.0
2024,6,16,2,장성군,애멸구(발생추정면적),0.0
2024,6,16,2,장성군,애멸구(감수율),0.0
2024,6,16,2,장성군,애멸구(피해율),0.0
2024,6,16,2,장성군,애멸구(발생면적율),0.0
2024,6,16,2,장성군,끝동매미충(발생추정면적),0.0
2024,6,16,2,장성군,끝동매미충(감수율),0.0
2024,6,16,2,장성군,끝동매미충(피해율),0.0
2024,6,16,2,장성군,끝동매미충(발생면적율),0.0
2024,6,16,2,장성군,벼멸구(발생추정면적),0.0
2024,6,16,2,장성군,벼멸구(감수율),0.0
2024,6,16,2,장성군,벼멸구(피해율),0.0
2024,6,16,2,장성군,벼멸구(발생면적율),0.0
2024,6,16,2,장성군,흰등멸구(발생추정면적),0.0
2024,6,16,2,장성군,흰등멸구(감수율),0.0
2024,6,16,2,장성군,흰등멸구(피해율),0.0
2024,6,16,2,장성군,흰등멸구(발생면적율),0.0
2024,6,16,2,장성군,벼물바구미(발생추정면적),0.0
2024,6,16,2,장성군,벼물바구미(감수율),0.0
2024,6,16,2,장성군,벼물바구미(피해율),0.0
2024,6,16,2,장성군,벼물바구미(발생면적율),0.0
2024,6,16,2,장성군,혹명나방(발생추정면적),0.0
2024,6,16,2,장성군,혹명나방(감수율),0.0
2024,6,16,2,장성군,혹명나방(피해율),0.0
2024,6,16,2,장성군,혹명나방(발생면적율),0.0
2024,6,16,2,장성군,멸강나방(발생추정면적),0.0
2024,6,16,2,장성군,멸강나방(감수율),0.0
2024,6,16,2,장성군,멸강나방(피해율),0.0
2024,6,16,2,장성군,멸강나방(발생면적율),0.0
2024,6,16,2,장성군,먹노린재(발생추정면적),0.0
2024,6,16,2,장성군,먹노린재(감수율),0.0
2024,6,16,2,장성군,먹노린재(피해율),0.0
2024,6,16,2,장성군,먹노린재(발생면적율),0.0
2024,6,16,2,장성군,이화명나방1화기(발생면적),0.0
2024,6,16,2,장성군,이화명나방1화기(감수율),0.0
2024,6,16,2,장성군,이화명나방1화기(피해율),0.0
2024,6,16,2,장성군,이화명나방1화기(발생면적률),0.0
2024,6,16,2,장성군,이화명나방2화기(발생면적),0.0
2024,6,16,2,장성군,이화명나방2화기(감수율),0.0
2024,6,16,2,장성군,이화명나방2화기(피해율),0.0
2024,6,16,2,장성군,이화명나방2화기(발생면적률),0.0
2024,6,16,2,장흥군,잎도열병(발생추정면적),0.0
2024,6,16,2,장흥군,잎도열병(감수율),0.0
2024,6,16,2,장흥군,잎도열병(피해율),0.0
2024,6,16,2,장흥군,잎도열병(발생면적율),0.0
2024,6,16,2,장흥군,이삭도열병(발생추정면적),0.0
2024,6,16,2,장흥군,이삭도열병(감수율),0.0
2024,6,16,2,장흥군,이삭도열병(피해율),0.0
2024,6,16,2,장흥군,이삭도열병(발생면적율),0.0
2024,6,16,2,장흥군,잎집무늬마름병(발생추정면적),0.0
2024,6,16,2,장흥군,잎집무늬마름병(감수율),0.0
2024,6,16,2,장흥군,잎집무늬마름병(피해율),0.0
2024,6,16,2,장흥군,잎집무늬마름병(발생면적율),0.0
2024,6,16,2,장흥군,흰잎마름병(발생추정면적),0.0
2024,6,16,2,장흥군,흰잎마름병(감수율),0.0
2024,6,16,2,장흥군,흰잎마름병(피해율),0.0
2024,6,16,2,장흥군,흰잎마름병(발생면적율),0.0
2024,6,16,2,장흥군,세균벼알마름병(발생추정면적),0.0
2024,6,16,2,장흥군,세균벼알마름병(감수율),0.0
2024,6,16,2,장흥군,세균벼알마름병(피해율),0.0
2024,6,16,2,장흥군,세균벼알마름병(발생면적율),0.0
2024,6,16,2,장흥군,줄무늬잎마름병(발생면적),0.0
2024,6,16,2,장흥군,줄무늬잎마름병(감수율),0.0
2024,6,16,2,장흥군,줄무늬잎마름병(피해율),0.0
2024,6,16,2,장흥군,줄무늬잎마름병(발생면적률),0.0
2024,6,16,2,장흥군,벼검은줄오갈병(발생면적),0.0
2024,6,16,2,장흥군,벼검은줄오갈병(감수율),0.0
2024,6,16,2,장흥군,벼검은줄오갈병(피해율),0.0
2024,6,16,2,장흥군,벼검은줄오갈병(발생면적률),0.0
2024,6,16,2,장흥군,오갈병(발생면적),0.0
2024,6,16,2,장흥군,오갈병(감수율),0.0
2024,6,16,2,장흥군,오갈병(피해율),0.0
2024,6,16,2,장흥군,오갈병(발생면적률),0.0
2024,6,16,2,장흥군,이삭누룩병(발생추정면적),0.0
2024,6,16,2,장흥군,이삭누룩병(감수율),0.0
2024,6,16,2,장흥군,이삭누룩병(피해율),0.0
2024,6,16,2,장흥군,이삭누룩병(발생면적율),0.0
2024,6,16,2,장흥군,깨씨무늬병(발생추정면적),0.0
2024,6,16,2,장흥군,깨씨무늬병(감수율),0.0
2024,6,16,2,장흥군,깨씨무늬병(피해율),0.0
2024,6,16,2,장흥군,깨씨무늬병(발생면적율),0.0
2024,6,16,2,장흥군,벼잎벌레(발생추정면적),0.0
2024,6,16,2,장흥군,벼잎벌레(감수율),0.0
2024,6,16,2,장흥군,벼잎벌레(피해율),0.0
2024,6,16,2,장흥군,벼잎벌레(발생면적율),0.0
2024,6,16,2,장흥군,벼애잎굴파리(발생추정면적),0.0
2024,6,16,2,장흥군,벼애잎굴파리(감수율),0.0
2024,6,16,2,장흥군,벼애잎굴파리(피해율),0.0
2024,6,16,2,장흥군,벼애잎굴파리(발생면적율),0.0
2024,6,16,2,장흥군,벼줄기굴파리(발생추정면적),0.0
2024,6,16,2,장흥군,벼줄기굴파리(감수율),0.0
2024,6,16,2,장흥군,벼줄기굴파리(피해율),0.0
2024,6,16,2,장흥군,벼줄기굴파리(발생면적율),0.0
2024,6,16,2,장흥군,애멸구(발생추정면적),0.0
2024,6,16,2,장흥군,애멸구(감수율),0.0
2024,6,16,2,장흥군,애멸구(피해율),0.0
2024,6,16,2,장흥군,애멸구(발생면적율),0.0
2024,6,16,2,장흥군,끝동매미충(발생추정면적),0.0
2024,6,16,2,장흥군,끝동매미충(감수율),0.0
2024,6,16,2,장흥군,끝동매미충(피해율),0.0
2024,6,16,2,장흥군,끝동매미충(발생면적율),0.0
2024,6,16,2,장흥군,벼멸구(발생추정면적),0.0
2024,6,16,2,장흥군,벼멸구(감수율),0.0
2024,6,16,2,장흥군,벼멸구(피해율),0.0
2024,6,16,2,장흥군,벼멸구(발생면적율),0.0
2024,6,16,2,장흥군,흰등멸구(발생추정면적),0.0
2024,6,16,2,장흥군,흰등멸구(감수율),0.0
2024,6,16,2,장흥군,흰등멸구(피해율),0.0
2024,6,16,2,장흥군,흰등멸구(발생면적율),0.0
2024,6,16,2,장흥군,벼물바구미(발생추정면적),0.0
2024,6,16,2,장흥군,벼물바구미(감수율),0.0
2024,6,16,2,장흥군,벼물바구미(피해율),0.0
2024,6,16,2,장흥군,벼물바구미(발생면적율),0.0
2024,6,16,2,장흥군,혹명나방(발생추정면적),0.0
2024,6,16,2,장흥군,혹명나방(감수율),0.0
2024,6,16,2,장흥군,혹명나방(피해율),0.0
2024,6,16,2,장흥군,혹명나방(발생면적율),0.0
2024,6,16,2,장흥군,멸강나방(발생추정면적),0.0
2024,6,16,2,장흥군,멸강나방(감수율),0.0
2024,6,16,2,장흥군,멸강나방(피해율),0.0
2024,6,16,2,장흥군,멸강나방(발생면적율),0.0
2024,6,16,2,장흥군,먹노린재(발생추정면적),0.0
2024,6,16,2,장흥군,먹노린재(감수율),0.0
2024,6,16,2,장흥군,먹노린재(피해율),0.0
2024,6,16,2,장흥군,먹노린재(발생면적율),0.0
2024,6,16,2,장흥군,이화명나방1화기(발생면적),0.0
2024,6,16,2,장흥군,이화명나방1화기(감수율),0.0
2024,6,16,2,장흥군,이화명나방1화기(피해율),0.0
2024,6,16,2,장흥군,이화명나방1화기(발생면적률),0.0
2024,6,16,2,장흥군,이화명나방2화기(발생면적),0.0
2024,6,16,2,장흥군,이화명나방2화기(감수율),0.0
2024,6,16,2,장흥군,이화명나방2화기(피해율),0.0
2024,6,16,2,장흥군,이화명나방2화기(발생면적률),0.0
2024,6,16,2,진도군,잎도열병(발생추정면적),0.0
2024,6,16,2,진도군,잎도열병(감수율),0.0
2024,6,16,2,진도군,잎도열병(피해율),0.0
2024,6,16,2,진도군,잎도열병(발생면적율),0.0
2024,6,16,2,진도군,이삭도열병(발생추정면적),0.0
2024,6,16,2,진도군,이삭도열병(감수율),0.0
2024,6,16,2,진도군,이삭도열병(피해율),0.0
2024,6,16,2,진도군,이삭도열병(발생면적율),0.0
2024,6,16,2,진도군,잎집무늬마름병(발생추정면적),0.0
2024,6,16,2,진도군,잎집무늬마름병(감수율),0.0
2024,6,16,2,진도군,잎집무늬마름병(피해율),0.0
2024,6,16,2,진도군,잎집무늬마름병(발생면적율),0.0
2024,6,16,2,진도군,흰잎마름병(발생추정면적),0.0
2024,6,16,2,진도군,흰잎마름병(감수율),0.0
2024,6,16,2,진도군,흰잎마름병(피해율),0.0
2024,6,16,2,진도군,흰잎마름병(발생면적율),0.0
2024,6,16,2,진도군,세균벼알마름병(발생추정면적),0.0
2024,6,16,2,진도군,세균벼알마름병(감수율),0.0
2024,6,16,2,진도군,세균벼알마름병(피해율),0.0
2024,6,16,2,진도군,세균벼알마름병(발생면적율),0.0
2024,6,16,2,진도군,줄무늬잎마름병(발생면적),0.0
2024,6,16,2,진도군,줄무늬잎마름병(감수율),0.0
2024,6,16,2,진도군,줄무늬잎마름병(피해율),0.0
2024,6,16,2,진도군,줄무늬잎마름병(발생면적률),0.0
2024,6,16,2,진도군,벼검은줄오갈병(발생면적),0.0
2024,6,16,2,진도군,벼검은줄오갈병(감수율),0.0
2024,6,16,2,진도군,벼검은줄오갈병(피해율),0.0
2024,6,16,2,진도군,벼검은줄오갈병(발생면적률),0.0
2024,6,16,2,진도군,오갈병(발생면적),0.0
2024,6,16,2,진도군,오갈병(감수율),0.0
2024,6,16,2,진도군,오갈병(피해율),0.0
2024,6,16,2,진도군,오갈병(발생면적률),0.0
2024,6,16,2,진도군,이삭누룩병(발생추정면적),0.0
2024,6,16,2,진도군,이삭누룩병(감수율),0.0
2024,6,16,2,진도군,이삭누룩병(피해율),0.0
2024,6,16,2,진도군,이삭누룩병(발생면적율),0.0
2024,6,16,2,진도군,깨씨무늬병(발생추정면적),0.0
2024,6,16,2,진도군,깨씨무늬병(감수율),0.0
2024,6,16,2,진도군,깨씨무늬병(피해율),0.0
2024,6,16,2,진도군,깨씨무늬병(발생면적율),0.0
2024,6,16,2,진도군,벼잎벌레(발생추정면적),0.0
2024,6,16,2,진도군,벼잎벌레(감수율),0.0
2024,6,16,2,진도군,벼잎벌레(피해율),0.0
2024,6,16,2,진도군,벼잎벌레(발생면적율),0.0
2024,6,16,2,진도군,벼애잎굴파리(발생추정면적),5.893
2024,6,16,2,진도군,벼애잎굴파리(감수율),0.001
2024,6,16,2,진도군,벼애잎굴파리(피해율),0.005
2024,6,16,2,진도군,벼애잎굴파리(발생면적율),0.108
2024,6,16,2,진도군,벼줄기굴파리(발생추정면적),0.0
2024,6,16,2,진도군,벼줄기굴파리(감수율),0.0
2024,6,16,2,진도군,벼줄기굴파리(피해율),0.0
2024,6,16,2,진도군,벼줄기굴파리(발생면적율),0.0
2024,6,16,2,진도군,애멸구(발생추정면적),5.893
2024,6,16,2,진도군,애멸구(감수율),0.004
2024,6,16,2,진도군,애멸구(피해율),0.011
2024,6,16,2,진도군,애멸구(발생면적율),0.108
2024,6,16,2,진도군,끝동매미충(발생추정면적),0.561
2024,6,16,2,진도군,끝동매미충(감수율),0.0
2024,6,16,2,진도군,끝동매미충(피해율),0.001
2024,6,16,2,진도군,끝동매미충(발생면적율),0.01
2024,6,16,2,진도군,벼멸구(발생추정면적),0.0
2024,6,16,2,진도군,벼멸구(감수율),0.0
2024,6,16,2,진도군,벼멸구(피해율),0.0
2024,6,16,2,진도군,벼멸구(발생면적율),0.0
2024,6,16,2,진도군,흰등멸구(발생추정면적),0.0
2024,6,16,2,진도군,흰등멸구(감수율),0.0
2024,6,16,2,진도군,흰등멸구(피해율),0.0
2024,6,16,2,진도군,흰등멸구(발생면적율),0.0
2024,6,16,2,진도군,벼물바구미(발생추정면적),11.786
2024,6,16,2,진도군,벼물바구미(감수율),0.002
2024,6,16,2,진도군,벼물바구미(피해율),0.008
2024,6,16,2,진도군,벼물바구미(발생면적율),0.216
2024,6,16,2,진도군,혹명나방(발생추정면적),0.0
2024,6,16,2,진도군,혹명나방(감수율),0.0
2024,6,16,2,진도군,혹명나방(피해율),0.0
2024,6,16,2,진도군,혹명나방(발생면적율),0.0
2024,6,16,2,진도군,멸강나방(발생추정면적),0.0
2024,6,16,2,진도군,멸강나방(감수율),0.0
2024,6,16,2,진도군,멸강나방(피해율),0.0
2024,6,16,2,진도군,멸강나방(발생면적율),0.0
2024,6,16,2,진도군,먹노린재(발생추정면적),0.561
2024,6,16,2,진도군,먹노린재(감수율),0.0
2024,6,16,2,진도군,먹노린재(피해율),0.001
2024,6,16,2,진도군,먹노린재(발생면적율),0.01
2024,6,16,2,진도군,이화명나방1화기(발생면적),0.0
2024,6,16,2,진도군,이화명나방1화기(감수율),0.0
2024,6,16,2,진도군,이화명나방1화기(피해율),0.0
2024,6,16,2,진도군,이화명나방1화기(발생면적률),0.0
2024,6,16,2,진도군,이화명나방2화기(발생면적),0.0
2024,6,16,2,진도군,이화명나방2화기(감수율),0.0
2024,6,16,2,진도군,이화명나방2화기(피해율),0.0
2024,6,16,2,진도군,이화명나방2화기(발생면적률),0.0
2024,6,16,2,함평군,잎도열병(발생추정면적),0.0
2024,6,16,2,함평군,잎도열병(감수율),0.0
2024,6,16,2,함평군,잎도열병(피해율),0.0
2024,6,16,2,함평군,잎도열병(발생면적율),0.0
2024,6,16,2,함평군,이삭도열병(발생추정면적),0.0
2024,6,16,2,함평군,이삭도열병(감수율),0.0
2024,6,16,2,함평군,이삭도열병(피해율),0.0
2024,6,16,2,함평군,이삭도열병(발생면적율),0.0
2024,6,16,2,함평군,잎집무늬마름병(발생추정면적),0.0
2024,6,16,2,함평군,잎집무늬마름병(감수율),0.0
2024,6,16,2,함평군,잎집무늬마름병(피해율),0.0
2024,6,16,2,함평군,잎집무늬마름병(발생면적율),0.0
2024,6,16,2,함평군,흰잎마름병(발생추정면적),0.0
2024,6,16,2,함평군,흰잎마름병(감수율),0.0
2024,6,16,2,함평군,흰잎마름병(피해율),0.0
2024,6,16,2,함평군,흰잎마름병(발생면적율),0.0
2024,6,16,2,함평군,세균벼알마름병(발생추정면적),0.0
2024,6,16,2,함평군,세균벼알마름병(감수율),0.0
2024,6,16,2,함평군,세균벼알마름병(피해율),0.0
2024,6,16,2,함평군,세균벼알마름병(발생면적율),0.0
2024,6,16,2,함평군,줄무늬잎마름병(발생면적),0.0
2024,6,16,2,함평군,줄무늬잎마름병(감수율),0.0
2024,6,16,2,함평군,줄무늬잎마름병(피해율),0.0
2024,6,16,2,함평군,줄무늬잎마름병(발생면적률),0.0
2024,6,16,2,함평군,벼검은줄오갈병(발생면적),0.0
2024,6,16,2,함평군,벼검은줄오갈병(감수율),0.0
2024,6,16,2,함평군,벼검은줄오갈병(피해율),0.0
2024,6,16,2,함평군,벼검은줄오갈병(발생면적률),0.0
2024,6,16,2,함평군,오갈병(발생면적),0.0
2024,6,16,2,함평군,오갈병(감수율),0.0
2024,6,16,2,함평군,오갈병(피해율),0.0
2024,6,16,2,함평군,오갈병(발생면적률),0.0
2024,6,16,2,함평군,이삭누룩병(발생추정면적),0.0
2024,6,16,2,함평군,이삭누룩병(감수율),0.0
2024,6,16,2,함평군,이삭누룩병(피해율),0.0
2024,6,16,2,함평군,이삭누룩병(발생면적율),0.0
2024,6,16,2,함평군,깨씨무늬병(발생추정면적),0.0
2024,6,16,2,함평군,깨씨무늬병(감수율),0.0
2024,6,16,2,함평군,깨씨무늬병(피해율),0.0
2024,6,16,2,함평군,깨씨무늬병(발생면적율),0.0
2024,6,16,2,함평군,벼잎벌레(발생추정면적),0.0
2024,6,16,2,함평군,벼잎벌레(감수율),0.0
2024,6,16,2,함평군,벼잎벌레(피해율),0.0
2024,6,16,2,함평군,벼잎벌레(발생면적율),0.0
2024,6,16,2,함평군,벼애잎굴파리(발생추정면적),0.0
2024,6,16,2,함평군,벼애잎굴파리(감수율),0.0
2024,6,16,2,함평군,벼애잎굴파리(피해율),0.0
2024,6,16,2,함평군,벼애잎굴파리(발생면적율),0.0
2024,6,16,2,함평군,벼줄기굴파리(발생추정면적),0.0
2024,6,16,2,함평군,벼줄기굴파리(감수율),0.0
2024,6,16,2,함평군,벼줄기굴파리(피해율),0.0
2024,6,16,2,함평군,벼줄기굴파리(발생면적율),0.0
2024,6,16,2,함평군,애멸구(발생추정면적),0.0
2024,6,16,2,함평군,애멸구(감수율),0.0
2024,6,16,2,함평군,애멸구(피해율),0.0
2024,6,16,2,함평군,애멸구(발생면적율),0.0
2024,6,16,2,함평군,끝동매미충(발생추정면적),0.0
2024,6,16,2,함평군,끝동매미충(감수율),0.0
2024,6,16,2,함평군,끝동매미충(피해율),0.0
2024,6,16,2,함평군,끝동매미충(발생면적율),0.0
2024,6,16,2,함평군,벼멸구(발생추정면적),0.0
2024,6,16,2,함평군,벼멸구(감수율),0.0
2024,6,16,2,함평군,벼멸구(피해율),0.0
2024,6,16,2,함평군,벼멸구(발생면적율),0.0
2024,6,16,2,함평군,흰등멸구(발생추정면적),0.0
2024,6,16,2,함평군,흰등멸구(감수율),0.0
2024,6,16,2,함평군,흰등멸구(피해율),0.0
2024,6,16,2,함평군,흰등멸구(발생면적율),0.0
2024,6,16,2,함평군,벼물바구미(발생추정면적),0.0
2024,6,16,2,함평군,벼물바구미(감수율),0.0
2024,6,16,2,함평군,벼물바구미(피해율),0.0
2024,6,16,2,함평군,벼물바구미(발생면적율),0.0
2024,6,16,2,함평군,혹명나방(발생추정면적),0.0
2024,6,16,2,함평군,혹명나방(감수율),0.0
2024,6,16,2,함평군,혹명나방(피해율),0.0
2024,6,16,2,함평군,혹명나방(발생면적율),0.0
2024,6,16,2,함평군,멸강나방(발생추정면적),0.0
2024,6,16,2,함평군,멸강나방(감수율),0.0
2024,6,16,2,함평군,멸강나방(피해율),0.0
2024,6,16,2,함평군,멸강나방(발생면적율),0.0
2024,6,16,2,함평군,먹노린재(발생추정면적),0.0
2024,6,16,2,함평군,먹노린재(감수율),0.0
2024,6,16,2,함평군,먹노린재(피해율),0.0
2024,6,16,2,함평군,먹노린재(발생면적율),0.0
2024,6,16,2,함평군,이화명나방1화기(발생면적),0.0
2024,6,16,2,함평군,이화명나방1화기(감수율),0.0
2024,6,16,2,함평군,이화명나방1화기(피해율),0.0
2024,6,16,2,함평군,이화명나방1화기(발생면적률),0.0
2024,6,16,2,함평군,이화명나방2화기(발생면적),0.0
2024,6,16,2,함평군,이화명나방2화기(감수율),0.0
2024,6,16,2,함평군,이화명나방2화기(피해율),0.0
2024,6,16,2,함평군,이화명나방2화기(발생면적률),0.0
2024,6,16,2,해남군,잎도열병(발생추정면적),0.0
2024,6,16,2,해남군,잎도열병(감수율),0.0
2024,6,16,2,해남군,잎도열병(피해율),0.0
2024,6,16,2,해남군,잎도열병(발생면적율),0.0
2024,6,16,2,해남군,이삭도열병(발생추정면적),0.0
2024,6,16,2,해남군,이삭도열병(감수율),0.0
2024,6,16,2,해남군,이삭도열병(피해율),0.0
2024,6,16,2,해남군,이삭도열병(발생면적율),0.0
2024,6,16,2,해남군,잎집무늬마름병(발생추정면적),0.0
2024,6,16,2,해남군,잎집무늬마름병(감수율),0.0
2024,6,16,2,해남군,잎집무늬마름병(피해율),0.0
2024,6,16,2,해남군,잎집무늬마름병(발생면적율),0.0
2024,6,16,2,해남군,흰잎마름병(발생추정면적),0.0
2024,6,16,2,해남군,흰잎마름병(감수율),0.0
2024,6,16,2,해남군,흰잎마름병(피해율),0.0
2024,6,16,2,해남군,흰잎마름병(발생면적율),0.0
2024,6,16,2,해남군,세균벼알마름병(발생추정면적),0.0
2024,6,16,2,해남군,세균벼알마름병(감수율),0.0
2024,6,16,2,해남군,세균벼알마름병(피해율),0.0
2024,6,16,2,해남군,세균벼알마름병(발생면적율),0.0
2024,6,16,2,해남군,줄무늬잎마름병(발생면적),0.0
2024,6,16,2,해남군,줄무늬잎마름병(감수율),0.0
2024,6,16,2,해남군,줄무늬잎마름병(피해율),0.0
2024,6,16,2,해남군,줄무늬잎마름병(발생면적률),0.0
2024,6,16,2,해남군,벼검은줄오갈병(발생면적),0.0
2024,6,16,2,해남군,벼검은줄오갈병(감수율),0.0
2024,6,16,2,해남군,벼검은줄오갈병(피해율),0.0
2024,6,16,2,해남군,벼검은줄오갈병(발생면적률),0.0
2024,6,16,2,해남군,오갈병(발생면적),0.0
2024,6,16,2,해남군,오갈병(감수율),0.0
2024,6,16,2,해남군,오갈병(피해율),0.0
2024,6,16,2,해남군,오갈병(발생면적률),0.0
2024,6,16,2,해남군,이삭누룩병(발생추정면적),0.0
2024,6,16,2,해남군,이삭누룩병(감수율),0.0
2024,6,16,2,해남군,이삭누룩병(피해율),0.0
2024,6,16,2,해남군,이삭누룩병(발생면적율),0.0
2024,6,16,2,해남군,깨씨무늬병(발생추정면적),0.0
2024,6,16,2,해남군,깨씨무늬병(감수율),0.0
2024,6,16,2,해남군,깨씨무늬병(피해율),0.0
2024,6,16,2,해남군,깨씨무늬병(발생면적율),0.0
2024,6,16,2,해남군,벼잎벌레(발생추정면적),0.0
2024,6,16,2,해남군,벼잎벌레(감수율),0.0
2024,6,16,2,해남군,벼잎벌레(피해율),0.0
2024,6,16,2,해남군,벼잎벌레(발생면적율),0.0
2024,6,16,2,해남군,벼애잎굴파리(발생추정면적),0.0
2024,6,16,2,해남군,벼애잎굴파리(감수율),0.0
2024,6,16,2,해남군,벼애잎굴파리(피해율),0.0
2024,6,16,2,해남군,벼애잎굴파리(발생면적율),0.0
2024,6,16,2,해남군,벼줄기굴파리(발생추정면적),0.0
2024,6,16,2,해남군,벼줄기굴파리(감수율),0.0
2024,6,16,2,해남군,벼줄기굴파리(피해율),0.0
2024,6,16,2,해남군,벼줄기굴파리(발생면적율),0.0
2024,6,16,2,해남군,애멸구(발생추정면적),0.0
2024,6,16,2,해남군,애멸구(감수율),0.0
2024,6,16,2,해남군,애멸구(피해율),0.0
2024,6,16,2,해남군,애멸구(발생면적율),0.0
2024,6,16,2,해남군,끝동매미충(발생추정면적),0.0
2024,6,16,2,해남군,끝동매미충(감수율),0.0
2024,6,16,2,해남군,끝동매미충(피해율),0.0
2024,6,16,2,해남군,끝동매미충(발생면적율),0.0
2024,6,16,2,해남군,벼멸구(발생추정면적),0.0
2024,6,16,2,해남군,벼멸구(감수율),0.0
2024,6,16,2,해남군,벼멸구(피해율),0.0
2024,6,16,2,해남군,벼멸구(발생면적율),0.0
2024,6,16,2,해남군,흰등멸구(발생추정면적),0.0
2024,6,16,2,해남군,흰등멸구(감수율),0.0
2024,6,16,2,해남군,흰등멸구(피해율),0.0
2024,6,16,2,해남군,흰등멸구(발생면적율),0.0
2024,6,16,2,해남군,벼물바구미(발생추정면적),0.0
2024,6,16,2,해남군,벼물바구미(감수율),0.0
2024,6,16,2,해남군,벼물바구미(피해율),0.0
2024,6,16,2,해남군,벼물바구미(발생면적율),0.0
2024,6,16,2,해남군,혹명나방(발생추정면적),0.0
2024,6,16,2,해남군,혹명나방(감수율),0.0
2024,6,16,2,해남군,혹명나방(피해율),0.0
2024,6,16,2,해남군,혹명나방(발생면적율),0.0
2024,6,16,2,해남군,멸강나방(발생추정면적),0.0
2024,6,16,2,해남군,멸강나방(감수율),0.0
2024,6,16,2,해남군,멸강나방(피해율),0.0
2024,6,16,2,해남군,멸강나방(발생면적율),0.0
2024,6,16,2,해남군,먹노린재(발생추정면적),0.0
2024,6,16,2,해남군,먹노린재(감수율),0.0
2024,6,16,2,해남군,먹노린재(피해율),0.0
2024,6,16,2,해남군,먹노린재(발생면적율),0.0
2024,6,16,2,해남군,이화명나방1화기(발생면적),0.0
2024,6,16,2,해남군,이화명나방1화기(감수율),0.0
2024,6,16,2,해남군,이화명나방1화기(피해율),0.0
2024,6,16,2,해남군,이화명나방1화기(발생면적률),0.0
2024,6,16,2,해남군,이화명나방2화기(발생면적),0.0
2024,6,16,2,해남군,이화명나방2화기(감수율),0.0
2024,6,16,2,해남군,이화명나방2화기(피해율),0.0
2024,6,16,2,해남군,이화명나방2화기(발생면적률),0.0
2024,6,16,2,화순군,잎도열병(발생추정면적),0.0
2024,6,16,2,화순군,잎도열병(감수율),0.0
2024,6,16,2,화순군,잎도열병(피해율),0.0
2024,6,16,2,화순군,잎도열병(발생면적율),0.0
2024,6,16,2,화순군,이삭도열병(발생추정면적),0.0
2024,6,16,2,화순군,이삭도열병(감수율),0.0
2024,6,16,2,화순군,이삭도열병(피해율),0.0
2024,6,16,2,화순군,이삭도열병(발생면적율),0.0
2024,6,16,2,화순군,잎집무늬마름병(발생추정면적),0.0
2024,6,16,2,화순군,잎집무늬마름병(감수율),0.0
2024,6,16,2,화순군,잎집무늬마름병(피해율),0.0
2024,6,16,2,화순군,잎집무늬마름병(발생면적율),0.0
2024,6,16,2,화순군,흰잎마름병(발생추정면적),0.0
2024,6,16,2,화순군,흰잎마름병(감수율),0.0
2024,6,16,2,화순군,흰잎마름병(피해율),0.0
2024,6,16,2,화순군,흰잎마름병(발생면적율),0.0
2024,6,16,2,화순군,세균벼알마름병(발생추정면적),0.0
2024,6,16,2,화순군,세균벼알마름병(감수율),0.0
2024,6,16,2,화순군,세균벼알마름병(피해율),0.0
2024,6,16,2,화순군,세균벼알마름병(발생면적율),0.0
2024,6,16,2,화순군,줄무늬잎마름병(발생면적),0.0
2024,6,16,2,화순군,줄무늬잎마름병(감수율),0.0
2024,6,16,2,화순군,줄무늬잎마름병(피해율),0.0
2024,6,16,2,화순군,줄무늬잎마름병(발생면적률),0.0
2024,6,16,2,화순군,벼검은줄오갈병(발생면적),0.0
2024,6,16,2,화순군,벼검은줄오갈병(감수율),0.0
2024,6,16,2,화순군,벼검은줄오갈병(피해율),0.0
2024,6,16,2,화순군,벼검은줄오갈병(발생면적률),0.0
2024,6,16,2,화순군,오갈병(발생면적),0.0
2024,6,16,2,화순군,오갈병(감수율),0.0
2024,6,16,2,화순군,오갈병(피해율),0.0
2024,6,16,2,화순군,오갈병(발생면적률),0.0
2024,6,16,2,화순군,이삭누룩병(발생추정면적),0.0
2024,6,16,2,화순군,이삭누룩병(감수율),0.0
2024,6,16,2,화순군,이삭누룩병(피해율),0.0
2024,6,16,2,화순군,이삭누룩병(발생면적율),0.0
2024,6,16,2,화순군,깨씨무늬병(발생추정면적),0.0
2024,6,16,2,화순군,깨씨무늬병(감수율),0.0
2024,6,16,2,화순군,깨씨무늬병(피해율),0.0
2024,6,16,2,화순군,깨씨무늬병(발생면적율),0.0
2024,6,16,2,화순군,벼잎벌레(발생추정면적),0.0
2024,6,16,2,화순군,벼잎벌레(감수율),0.0
2024,6,16,2,화순군,벼잎벌레(피해율),0.0
2024,6,16,2,화순군,벼잎벌레(발생면적율),0.0
2024,6,16,2,화순군,벼애잎굴파리(발생추정면적),0.0
2024,6,16,2,화순군,벼애잎굴파리(감수율),0.0
2024,6,16,2,화순군,벼애잎굴파리(피해율),0.0
2024,6,16,2,화순군,벼애잎굴파리(발생면적율),0.0
2024,6,16,2,화순군,벼줄기굴파리(발생추정면적),0.0
2024,6,16,2,화순군,벼줄기굴파리(감수율),0.0
2024,6,16,2,화순군,벼줄기굴파리(피해율),0.0
2024,6,16,2,화순군,벼줄기굴파리(발생면적율),0.0
2024,6,16,2,화순군,애멸구(발생추정면적),0.0
2024,6,16,2,화순군,애멸구(감수율),0.0
2024,6,16,2,화순군,애멸구(피해율),0.0
2024,6,16,2,화순군,애멸구(발생면적율),0.0
2024,6,16,2,화순군,끝동매미충(발생추정면적),0.0
2024,6,16,2,화순군,끝동매미충(감수율),0.0
2024,6,16,2,화순군,끝동매미충(피해율),0.0
2024,6,16,2,화순군,끝동매미충(발생면적율),0.0
2024,6,16,2,화순군,벼멸구(발생추정면적),0.0
2024,6,16,2,화순군,벼멸구(감수율),0.0
2024,6,16,2,화순군,벼멸구(피해율),0.0
2024,6,16,2,화순군,벼멸구(발생면적율),0.0
2024,6,16,2,화순군,흰등멸구(발생추정면적),0.0
2024,6,16,2,화순군,흰등멸구(감수율),0.0
2024,6,16,2,화순군,흰등멸구(피해율),0.0
2024,6,16,2,화순군,흰등멸구(발생면적율),0.0
2024,6,16,2,화순군,벼물바구미(발생추정면적),0.583
2024,6,16,2,화순군,벼물바구미(감수율),0.0
2024,6,16,2,화순군,벼물바구미(피해율),0.0
2024,6,16,2,화순군,벼물바구미(발생면적율),0.013
2024,6,16,2,화순군,혹명나방(발생추정면적),0.0
2024,6,16,2,화순군,혹명나방(감수율),0.0
2024,6,16,2,화순군,혹명나방(피해율),0.0
2024,6,16,2,화순군,혹명나방(발생면적율),0.0
2024,6,16,2,화순군,멸강나방(발생추정면적),0.0
2024,6,16,2,화순군,멸강나방(감수율),0.0
2024,6,16,2,화순군,멸강나방(피해율),0.0
2024,6,16,2,화순군,멸강나방(발생면적율),0.0
2024,6,16,2,화순군,먹노린재(발생추정면적),0.0
2024,6,16,2,화순군,먹노린재(감수율),0.0
2024,6,16,2,화순군,먹노린재(피해율),0.0
2024,6,16,2,화순군,먹노린재(발생면적율),0.0
2024,6,16,2,화순군,이화명나방1화기(발생면적),0.0
2024,6,16,2,화순군,이화명나방1화기(감수율),0.0
2024,6,16,2,화순군,이화명나방1화기(피해율),0.0
2024,6,16,2,화순군,이화명나방1화기(발생면적률),0.0
2024,6,16,2,화순군,이화명나방2화기(발생면적),0.0
2024,6,16,2,화순군,이화명나방2화기(감수율),0.0
2024,6,16,2,화순군,이화명나방2화기(피해율),0.0
2024,6,16,2,화순군,이화명나방2화기(발생면적률),0.0
2025,9,16,8,강진군,잎도열병(발생추정면적),0.0
2025,9,16,8,강진군,잎도열병(감수율),0.0
2025,9,16,8,강진군,잎도열병(피해율),0.0
2025,9,16,8,강진군,잎도열병(발생면적율),0.0
2025,9,16,8,강진군,이삭도열병(발생추정면적),0.0
2025,9,16,8,강진군,이삭도열병(감수율),0.0
2025,9,16,8,강진군,이삭도열병(피해율),0.0
2025,9,16,8,강진군,이삭도열병(발생면적율),0.0
2025,9,16,8,강진군,잎집무늬마름병(발생추정면적),56.495
2025,9,16,8,강진군,잎집무늬마름병(감수율),0.01
2025,9,16,8,강진군,잎집무늬마름병(피해율),0.051
2025,9,16,8,강진군,잎집무늬마름병(발생면적율),0.674
2025,9,16,8,강진군,흰잎마름병(발생추정면적),1.487
2025,9,16,8,강진군,흰잎마름병(감수율),0.0
2025,9,16,8,강진군,흰잎마름병(피해율),0.001
2025,9,16,8,강진군,흰잎마름병(발생면적율),0.018
2025,9,16,8,강진군,세균벼알마름병(발생추정면적),0.743
2025,9,16,8,강진군,세균벼알마름병(감수율),0.0
2025,9,16,8,강진군,세균벼알마름병(피해율),0.0
2025,9,16,8,강진군,세균벼알마름병(발생면적율),0.009
2025,9,16,8,강진군,줄무늬잎마름병(발생면적),0.0
2025,9,16,8,강진군,줄무늬잎마름병(감수율),0.0
2025,9,16,8,강진군,줄무늬잎마름병(피해율),0.0
2025,9,16,8,강진군,줄무늬잎마름병(발생면적률),0.0
2025,9,16,8,강진군,벼검은줄오갈병(발생면적),0.0
2025,9,16,8,강진군,벼검은줄오갈병(감수율),0.0
2025,9,16,8,강진군,벼검은줄오갈병(피해율),0.0
2025,9,16,8,강진군,벼검은줄오갈병(발생면적률),0.0
2025,9,16,8,강진군,오갈병(발생면적),0.0
2025,9,16,8,강진군,오갈병(감수율),0.0
2025,9,16,8,강진군,오갈병(피해율),0.0
2025,9,16,8,강진군,오갈병(발생면적률),0.0
2025,9,16,8,강진군,이삭누룩병(발생추정면적),0.0
2025,9,16,8,강진군,이삭누룩병(감수율),0.0
2025,9,16,8,강진군,이삭누룩병(피해율),0.0
2025,9,16,8,강진군,이삭누룩병(발생면적율),0.0
2025,9,16,8,강진군,깨씨무늬병(발생추정면적),51.291
2025,9,16,8,강진군,깨씨무늬병(감수율),0.006
2025,9,16,8,강진군,깨씨무늬병(피해율),0.031
2025,9,16,8,강진군,깨씨무늬병(발생면적율),0.612
2025,9,16,8,강진군,벼잎벌레(발생추정면적),0.0
2025,9,16,8,강진군,벼잎벌레(감수율),0.0
2025,9,16,8,강진군,벼잎벌레(피해율),0.0
2025,9,16,8,강진군,벼잎벌레(발생면적율),0.0
2025,9,16,8,강진군,벼애잎굴파리(발생추정면적),0.0
2025,9,16,8,강진군,벼애잎굴파리(감수율),0.0
2025,9,16,8,강진군,벼애잎굴파리(피해율),0.0
2025,9,16,8,강진군,벼애잎굴파리(발생면적율),0.0
2025,9,16,8,강진군,벼줄기굴파리(발생추정면적),0.0
2025,9,16,8,강진군,벼줄기굴파리(감수율),0.0
2025,9,16,8,강진군,벼줄기굴파리(피해율),0.0
2025,9,16,8,강진군,벼줄기굴파리(발생면적율),0.0
2025,9,16,8,강진군,애멸구(발생추정면적),0.0
2025,9,16,8,강진군,애멸구(감수율),0.0
2025,9,16,8,강진군,애멸구(피해율),0.0
2025,9,16,8,강진군,애멸구(발생면적율),0.0
2025,9,16,8,강진군,끝동매미충(발생추정면적),0.0
2025,9,16,8,강진군,끝동매미충(감수율),0.0
2025,9,16,8,강진군,끝동매미충(피해율),0.0
2025,9,16,8,강진군,끝동매미충(발생면적율),0.0
2025,9,16,8,강진군,벼멸구(발생추정면적),0.0
2025,9,16,8,강진군,벼멸구(감수율),0.0
2025,9,16,8,강진군,벼멸구(피해율),0.0
2025,9,16,8,강진군,벼멸구(발생면적율),0.0
2025,9,16,8,강진군,흰등멸구(발생추정면적),0.0
2025,9,16,8,강진군,흰등멸구(감수율),0.0
2025,9,16,8,강진군,흰등멸구(피해율),0.0
2025,9,16,8,강진군,흰등멸구(발생면적율),0.0
2025,9,16,8,강진군,벼물바구미(발생추정면적),0.0
2025,9,16,8,강진군,벼물바구미(감수율),0.0
2025,9,16,8,강진군,벼물바구미(피해율),0.0
2025,9,16,8,강진군,벼물바구미(발생면적율),0.0
2025,9,16,8,강진군,혹명나방(발생추정면적),0.0
2025,9,16,8,강진군,혹명나방(감수율),0.0
2025,9,16,8,강진군,혹명나방(피해율),0.0
2025,9,16,8,강진군,혹명나방(발생면적율),0.0
2025,9,16,8,강진군,멸강나방(발생추정면적),0.0
2025,9,16,8,강진군,멸강나방(감수율),0.0
2025,9,16,8,강진군,멸강나방(피해율),0.0
2025,9,16,8,강진군,멸강나방(발생면적율),0.0
2025,9,16,8,강진군,먹노린재(발생추정면적),0.0
2025,9,16,8,강진군,먹노린재(감수율),0.0
2025,9,16,8,강진군,먹노린재(피해율),0.0
2025,9,16,8,강진군,먹노린재(발생면적율),0.0
2025,9,16,8,강진군,이화명나방1화기(발생면적),0.0
2025,9,16,8,강진군,이화명나방1화기(감수율),0.0
2025,9,16,8,강진군,이화명나방1화기(피해율),0.0
2025,9,16,8,강진군,이화명나방1화기(발생면적률),0.0
2025,9,16,8,강진군,이화명나방2화기(발생면적),0.0
2025,9,16,8,강진군,이화명나방2화기(감수율),0.0
2025,9,16,8,강진군,이화명나방2화기(피해율),0.0
2025,9,16,8,강진군,이화명나방2화기(발생면적률),0.0
2025,9,16,8,강진군,바이러스병(발생추정면적),0.0
2025,9,16,8,강진군,바이러스병(감수율),0.0
2025,9,16,8,강진군,바이러스병(피해율),0.0
2025,9,16,8,강진군,바이러스병(발생면적율),0.0
2025,9,16,8,강진군,키다리병(발생추정면적),0.0
2025,9,16,8,강진군,키다리병(감수율),0.0
2025,9,16,8,강진군,키다리병(피해율),0.0
2025,9,16,8,강진군,키다리병(발생면적율),0.0
2025,9,16,8,강진군,이화명나방(발생추정면적),0.0
2025,9,16,8,강진군,이화명나방(감수율),0.0
2025,9,16,8,강진군,이화명나방(피해율),0.0
2025,9,16,8,강진군,이화명나방(발생면적율),0.0
2025,9,16,8,강진군,벼애나방(발생추정면적),0.0
2025,9,16,8,강진군,벼애나방(감수율),0.0
2025,9,16,8,강진군,벼애나방(피해율),0.0
2025,9,16,8,강진군,벼애나방(발생면적율),0.0
2025,9,16,8,강진군,벼잎선충(발생추정면적),0.0
2025,9,16,8,강진군,벼잎선충(감수율),0.0
2025,9,16,8,강진군,벼잎선충(피해율),0.0
2025,9,16,8,강진군,벼잎선충(발생면적율),0.0
2025,9,16,8,고흥군,잎도열병(발생추정면적),0.0
2025,9,16,8,고흥군,잎도열병(감수율),0.0
2025,9,16,8,고흥군,잎도열병(피해율),0.0
2025,9,16,8,고흥군,잎도열병(발생면적율),0.0
2025,9,16,8,고흥군,이삭도열병(발생추정면적),0.0
2025,9,16,8,고흥군,이삭도열병(감수율),0.0
2025,9,16,8,고흥군,이삭도열병(피해율),0.0
2025,9,16,8,고흥군,이삭도열병(발생면적율),0.0
2025,9,16,8,고흥군,잎집무늬마름병(발생추정면적),78.95
2025,9,16,8,고흥군,잎집무늬마름병(감수율),0.015
2025,9,16,8,고흥군,잎집무늬마름병(피해율),0.075
2025,9,16,8,고흥군,잎집무늬마름병(발생면적율),0.756
2025,9,16,8,고흥군,흰잎마름병(발생추정면적),0.0
2025,9,16,8,고흥군,흰잎마름병(감수율),0.0
2025,9,16,8,고흥군,흰잎마름병(피해율),0.0
2025,9,16,8,고흥군,흰잎마름병(발생면적율),0.0
2025,9,16,8,고흥군,세균벼알마름병(발생추정면적),0.0
2025,9,16,8,고흥군,세균벼알마름병(감수율),0.0
2025,9,16,8,고흥군,세균벼알마름병(피해율),0.0
2025,9,16,8,고흥군,세균벼알마름병(발생면적율),0.0
2025,9,16,8,고흥군,줄무늬잎마름병(발생면적),0.0
2025,9,16,8,고흥군,줄무늬잎마름병(감수율),0.0
2025,9,16,8,고흥군,줄무늬잎마름병(피해율),0.0
2025,9,16,8,고흥군,줄무늬잎마름병(발생면적률),0.0
2025,9,16,8,고흥군,벼검은줄오갈병(발생면적),0.0
2025,9,16,8,고흥군,벼검은줄오갈병(감수율),0.0
2025,9,16,8,고흥군,벼검은줄오갈병(피해율),0.0
2025,9,16,8,고흥군,벼검은줄오갈병(발생면적률),0.0
2025,9,16,8,고흥군,오갈병(발생면적),0.0
2025,9,16,8,고흥군,오갈병(감수율),0.0
2025,9,16,8,고흥군,오갈병(피해율),0.0
2025,9,16,8,고흥군,오갈병(발생면적률),0.0
2025,9,16,8,고흥군,이삭누룩병(발생추정면적),0.0
2025,9,16,8,고흥군,이삭누룩병(감수율),0.0
2025,9,16,8,고흥군,이삭누룩병(피해율),0.0
2025,9,16,8,고흥군,이삭누룩병(발생면적율),0.0
2025,9,16,8,고흥군,깨씨무늬병(발생추정면적),103.8
2025,9,16,8,고흥군,깨씨무늬병(감수율),0.068
2025,9,16,8,고흥군,깨씨무늬병(피해율),0.342
2025,9,16,8,고흥군,깨씨무늬병(발생면적율),0.994
2025,9,16,8,고흥군,벼잎벌레(발생추정면적),0.0
2025,9,16,8,고흥군,벼잎벌레(감수율),0.0
2025,9,16,8,고흥군,벼잎벌레(피해율),0.0
2025,9,16,8,고흥군,벼잎벌레(발생면적율),0.0
2025,9,16,8,고흥군,벼애잎굴파리(발생추정면적),0.0
2025,9,16,8,고흥군,벼애잎굴파리(감수율),0.0
2025,9,16,8,고흥군,벼애잎굴파리(피해율),0.0
2025,9,16,8,고흥군,벼애잎굴파리(발생면적율),0.0
2025,9,16,8,고흥군,벼줄기굴파리(발생추정면적),0.0
2025,9,16,8,고흥군,벼줄기굴파리(감수율),0.0
2025,9,16,8,고흥군,벼줄기굴파리(피해율),0.0
2025,9,16,8,고흥군,벼줄기굴파리(발생면적율),0.0
2025,9,16,8,고흥군,애멸구(발생추정면적),0.0
2025,9,16,8,고흥군,애멸구(감수율),0.0
2025,9,16,8,고흥군,애멸구(피해율),0.0
2025,9,16,8,고흥군,애멸구(발생면적율),0.0
2025,9,16,8,고흥군,끝동매미충(발생추정면적),0.0
2025,9,16,8,고흥군,끝동매미충(감수율),0.0
2025,9,16,8,고흥군,끝동매미충(피해율),0.0
2025,9,16,8,고흥군,끝동매미충(발생면적율),0.0
2025,9,16,8,고흥군,벼멸구(발생추정면적),0.0
2025,9,16,8,고흥군,벼멸구(감수율),0.0
2025,9,16,8,고흥군,벼멸구(피해율),0.0
2025,9,16,8,고흥군,벼멸구(발생면적율),0.0
2025,9,16,8,고흥군,흰등멸구(발생추정면적),0.0
2025,9,16,8,고흥군,흰등멸구(감수율),0.0
2025,9,16,8,고흥군,흰등멸구(피해율),0.0
2025,9,16,8,고흥군,흰등멸구(발생면적율),0.0
2025,9,16,8,고흥군,벼물바구미(발생추정면적),0.0
2025,9,16,8,고흥군,벼물바구미(감수율),0.0
2025,9,16,8,고흥군,벼물바구미(피해율),0.0
2025,9,16,8,고흥군,벼물바구미(발생면적율),0.0
2025,9,16,8,고흥군,혹명나방(발생추정면적),0.629
2025,9,16,8,고흥군,혹명나방(감수율),0.0
2025,9,16,8,고흥군,혹명나방(피해율),0.0
2025,9,16,8,고흥군,혹명나방(발생면적율),0.006
2025,9,16,8,고흥군,멸강나방(발생추정면적),0.0
2025,9,16,8,고흥군,멸강나방(감수율),0.0
2025,9,16,8,고흥군,멸강나방(피해율),0.0
2025,9,16,8,고흥군,멸강나방(발생면적율),0.0
2025,9,16,8,고흥군,먹노린재(발생추정면적),0.0
2025,9,16,8,고흥군,먹노린재(감수율),0.0
2025,9,16,8,고흥군,먹노린재(피해율),0.0
2025,9,16,8,고흥군,먹노린재(발생면적율),0.0
2025,9,16,8,고흥군,이화명나방1화기(발생면적),0.0
2025,9,16,8,고흥군,이화명나방1화기(감수율),0.0
2025,9,16,8,고흥군,이화명나방1화기(피해율),0.0
2025,9,16,8,고흥군,이화명나방1화기(발생면적률),0.0
2025,9,16,8,고흥군,이화명나방2화기(발생면적),0.0
2025,9,16,8,고흥군,이화명나방2화기(감수율),0.0
2025,9,16,8,고흥군,이화명나방2화기(피해율),0.0
2025,9,16,8,고흥군,이화명나방2화기(발생면적률),0.0
2025,9,16,8,고흥군,바이러스병(발생추정면적),0.0
2025,9,16,8,고흥군,바이러스병(감수율),0.0
2025,9,16,8,고흥군,바이러스병(피해율),0.0
2025,9,16,8,고흥군,바이러스병(발생면적율),0.0
2025,9,16,8,고흥군,키다리병(발생추정면적),0.0
2025,9,16,8,고흥군,키다리병(감수율),0.0
2025,9,16,8,고흥군,키다리병(피해율),0.0
2025,9,16,8,고흥군,키다리병(발생면적율),0.0
2025,9,16,8,고흥군,이화명나방(발생추정면적),0.0
2025,9,16,8,고흥군,이화명나방(감수율),0.0
2025,9,16,8,고흥군,이화명나방(피해율),0.0
2025,9,16,8,고흥군,이화명나방(발생면적율),0.0
2025,9,16,8,고흥군,벼애나방(발생추정면적),0.0
2025,9,16,8,고흥군,벼애나방(감수율),0.0
2025,9,16,8,고흥군,벼애나방(피해율),0.0
2025,9,16,8,고흥군,벼애나방(발생면적율),0.0
2025,9,16,8,고흥군,벼잎선충(발생추정면적),0.0
2025,9,16,8,고흥군,벼잎선충(감수율),0.0
2025,9,16,8,고흥군,벼잎선충(피해율),0.0
2025,9,16,8,고흥군,벼잎선충(발생면적율),0.0
2025,9,16,8,곡성군,잎도열병(발생추정면적),0.0
2025,9,16,8,곡성군,잎도열병(감수율),0.0
2025,9,16,8,곡성군,잎도열병(피해율),0.0
2025,9,16,8,곡성군,잎도열병(발생면적율),0.0
2025,9,16,8,곡성군,이삭도열병(발생추정면적),0.0
2025,9,16,8,곡성군,이삭도열병(감수율),0.0
2025,9,16,8,곡성군,이삭도열병(피해율),0.0
2025,9,16,8,곡성군,이삭도열병(발생면적율),0.0
2025,9,16,8,곡성군,잎집무늬마름병(발생추정면적),1.63
2025,9,16,8,곡성군,잎집무늬마름병(감수율),0.001
2025,9,16,8,곡성군,잎집무늬마름병(피해율),0.003
2025,9,16,8,곡성군,잎집무늬마름병(발생면적율),0.043
2025,9,16,8,곡성군,흰잎마름병(발생추정면적),1.63
2025,9,16,8,곡성군,흰잎마름병(감수율),0.001
2025,9,16,8,곡성군,흰잎마름병(피해율),0.002
2025,9,16,8,곡성군,흰잎마름병(발생면적율),0.043
2025,9,16,8,곡성군,세균벼알마름병(발생추정면적),0.0
2025,9,16,8,곡성군,세균벼알마름병(감수율),0.0
2025,9,16,8,곡성군,세균벼알마름병(피해율),0.0
2025,9,16,8,곡성군,세균벼알마름병(발생면적율),0.0
2025,9,16,8,곡성군,줄무늬잎마름병(발생면적),0.0
2025,9,16,8,곡성군,줄무늬잎마름병(감수율),0.0
2025,9,16,8,곡성군,줄무늬잎마름병(피해율),0.0
2025,9,16,8,곡성군,줄무늬잎마름병(발생면적률),0.0
2025,9,16,8,곡성군,벼검은줄오갈병(발생면적),0.0
2025,9,16,8,곡성군,벼검은줄오갈병(감수율),0.0
2025,9,16,8,곡성군,벼검은줄오갈병(피해율),0.0
2025,9,16,8,곡성군,벼검은줄오갈병(발생면적률),0.0
2025,9,16,8,곡성군,오갈병(발생면적),0.0
2025,9,16,8,곡성군,오갈병(감수율),0.0
2025,9,16,8,곡성군,오갈병(피해율),0.0
2025,9,16,8,곡성군,오갈병(발생면적률),0.0
2025,9,16,8,곡성군,이삭누룩병(발생추정면적),0.0
2025,9,16,8,곡성군,이삭누룩병(감수율),0.0
2025,9,16,8,곡성군,이삭누룩병(피해율),0.0
2025,9,16,8,곡성군,이삭누룩병(발생면적율),0.0
2025,9,16,8,곡성군,깨씨무늬병(발생추정면적),5.298
2025,9,16,8,곡성군,깨씨무늬병(감수율),0.001
2025,9,16,8,곡성군,깨씨무늬병(피해율),0.007
2025,9,16,8,곡성군,깨씨무늬병(발생면적율),0.141
2025,9,16,8,곡성군,벼잎벌레(발생추정면적),0.0
2025,9,16,8,곡성군,벼잎벌레(감수율),0.0
2025,9,16,8,곡성군,벼잎벌레(피해율),0.0
2025,9,16,8,곡성군,벼잎벌레(발생면적율),0.0
2025,9,16,8,곡성군,벼애잎굴파리(발생추정면적),0.0
2025,9,16,8,곡성군,벼애잎굴파리(감수율),0.0
2025,9,16,8,곡성군,벼애잎굴파리(피해율),0.0
2025,9,16,8,곡성군,벼애잎굴파리(발생면적율),0.0
2025,9,16,8,곡성군,벼줄기굴파리(발생추정면적),0.0
2025,9,16,8,곡성군,벼줄기굴파리(감수율),0.0
2025,9,16,8,곡성군,벼줄기굴파리(피해율),0.0
2025,9,16,8,곡성군,벼줄기굴파리(발생면적율),0.0
2025,9,16,8,곡성군,애멸구(발생추정면적),0.0
2025,9,16,8,곡성군,애멸구(감수율),0.0
2025,9,16,8,곡성군,애멸구(피해율),0.0
2025,9,16,8,곡성군,애멸구(발생면적율),0.0
2025,9,16,8,곡성군,끝동매미충(발생추정면적),0.408
2025,9,16,8,곡성군,끝동매미충(감수율),0.0
2025,9,16,8,곡성군,끝동매미충(피해율),0.001
2025,9,16,8,곡성군,끝동매미충(발생면적율),0.011
2025,9,16,8,곡성군,벼멸구(발생추정면적),0.0
2025,9,16,8,곡성군,벼멸구(감수율),0.0
2025,9,16,8,곡성군,벼멸구(피해율),0.0
2025,9,16,8,곡성군,벼멸구(발생면적율),0.0
2025,9,16,8,곡성군,흰등멸구(발생추정면적),0.0
2025,9,16,8,곡성군,흰등멸구(감수율),0.0
2025,9,16,8,곡성군,흰등멸구(피해율),0.0
2025,9,16,8,곡성군,흰등멸구(발생면적율),0.0
2025,9,16,8,곡성군,벼물바구미(발생추정면적),0.0
2025,9,16,8,곡성군,벼물바구미(감수율),0.0
2025,9,16,8,곡성군,벼물바구미(피해율),0.0
2025,9,16,8,곡성군,벼물바구미(발생면적율),0.0
2025,9,16,8,곡성군,혹명나방(발생추정면적),0.0
2025,9,16,8,곡성군,혹명나방(감수율),0.0
2025,9,16,8,곡성군,혹명나방(피해율),0.0
2025,9,16,8,곡성군,혹명나방(발생면적율),0.0
2025,9,16,8,곡성군,멸강나방(발생추정면적),0.0
2025,9,16,8,곡성군,멸강나방(감수율),0.0
2025,9,16,8,곡성군,멸강나방(피해율),0.0
2025,9,16,8,곡성군,멸강나방(발생면적율),0.0
2025,9,16,8,곡성군,먹노린재(발생추정면적),0.0
2025,9,16,8,곡성군,먹노린재(감수율),0.0
2025,9,16,8,곡성군,먹노린재(피해율),0.0
2025,9,16,8,곡성군,먹노린재(발생면적율),0.0
2025,9,16,8,곡성군,이화명나방1화기(발생면적),0.0
2025,9,16,8,곡성군,이화명나방1화기(감수율),0.0
2025,9,16,8,곡성군,이화명나방1화기(피해율),0.0
2025,9,16,8,곡성군,이화명나방1화기(발생면적률),0.0
2025,9,16,8,곡성군,이화명나방2화기(발생면적),0.0
2025,9,16,8,곡성군,이화명나방2화기(감수율),0.0
2025,9,16,8,곡성군,이화명나방2화기(피해율),0.0
2025,9,16,8,곡성군,이화명나방2화기(발생면적률),0.0
2025,9,16,8,곡성군,바이러스병(발생추정면적),0.0
2025,9,16,8,곡성군,바이러스병(감수율),0.0
2025,9,16,8,곡성군,바이러스병(피해율),0.0
2025,9,16,8,곡성군,바이러스병(발생면적율),0.0
2025,9,16,8,곡성군,키다리병(발생추정면적),0.0
2025,9,16,8,곡성군,키다리병(감수율),0.0
2025,9,16,8,곡성군,키다리병(피해율),0.0
2025,9,16,8,곡성군,키다리병(발생면적율),0.0
2025,9,16,8,곡성군,이화명나방(발생추정면적),0.0
2025,9,16,8,곡성군,이화명나방(감수율),0.0
2025,9,16,8,곡성군,이화명나방(피해율),0.0
2025,9,16,8,곡성군,이화명나방(발생면적율),0.0
2025,9,16,8,곡성군,벼애나방(발생추정면적),0.0
2025,9,16,8,곡성군,벼애나방(감수율),0.0
2025,9,16,8,곡성군,벼애나방(피해율),0.0
2025,9,16,8,곡성군,벼애나방(발생면적율),0.0
2025,9,16,8,곡성군,벼잎선충(발생추정면적),0.0
2025,9,16,8,곡성군,벼잎선충(감수율),0.0
2025,9,16,8,곡성군,벼잎선충(피해율),0.0
2025,9,16,8,곡성군,벼잎선충(발생면적율),0.0
2025,9,16,8,광양시,잎도열병(발생추정면적),0.0
2025,9,16,8,광양시,잎도열병(감수율),0.0
2025,9,16,8,광양시,잎도열병(피해율),0.0
2025,9,16,8,광양시,잎도열병(발생면적율),0.0
2025,9,16,8,광양시,이삭도열병(발생추정면적),0.0
2025,9,16,8,광양시,이삭도열병(감수율),0.0
2025,9,16,8,광양시,이삭도열병(피해율),0.0
2025,9,16,8,광양시,이삭도열병(발생면적율),0.0
2025,9,16,8,광양시,잎집무늬마름병(발생추정면적),0.0
2025,9,16,8,광양시,잎집무늬마름병(감수율),0.0
2025,9,16,8,광양시,잎집무늬마름병(피해율),0.0
2025,9,16,8,광양시,잎집무늬마름병(발생면적율),0.0
2025,9,16,8,광양시,흰잎마름병(발생추정면적),0.0
2025,9,16,8,광양시,흰잎마름병(감수율),0.0
2025,9,16,8,광양시,흰잎마름병(피해율),0.0
2025,9,16,8,광양시,흰잎마름병(발생면적율),0.0
2025,9,16,8,광양시,세균벼알마름병(발생추정면적),0.0
2025,9,16,8,광양시,세균벼알마름병(감수율),0.0
2025,9,16,8,광양시,세균벼알마름병(피해율),0.0
2025,9,16,8,광양시,세균벼알마름병(발생면적율),0.0
2025,9,16,8,광양시,줄무늬잎마름병(발생면적),0.0
2025,9,16,8,광양시,줄무늬잎마름병(감수율),0.0
2025,9,16,8,광양시,줄무늬잎마름병(피해율),0.0
2025,9,16,8,광양시,줄무늬잎마름병(발생면적률),0.0
2025,9,16,8,광양시,벼검은줄오갈병(발생면적),0.0
2025,9,16,8,광양시,벼검은줄오갈병(감수율),0.0
2025,9,16,8,광양시,벼검은줄오갈병(피해율),0.0
2025,9,16,8,광양시,벼검은줄오갈병(발생면적률),0.0
2025,9,16,8,광양시,오갈병(발생면적),0.0
2025,9,16,8,광양시,오갈병(감수율),0.0
2025,9,16,8,광양시,오갈병(피해율),0.0
2025,9,16,8,광양시,오갈병(발생면적률),0.0
2025,9,16,8,광양시,이삭누룩병(발생추정면적),0.0
2025,9,16,8,광양시,이삭누룩병(감수율),0.0
2025,9,16,8,광양시,이삭누룩병(피해율),0.0
2025,9,16,8,광양시,이삭누룩병(발생면적율),0.0
2025,9,16,8,광양시,깨씨무늬병(발생추정면적),0.545
2025,9,16,8,광양시,깨씨무늬병(감수율),0.002
2025,9,16,8,광양시,깨씨무늬병(피해율),0.01
2025,9,16,8,광양시,깨씨무늬병(발생면적율),0.048
2025,9,16,8,광양시,벼잎벌레(발생추정면적),0.0
2025,9,16,8,광양시,벼잎벌레(감수율),0.0
2025,9,16,8,광양시,벼잎벌레(피해율),0.0
2025,9,16,8,광양시,벼잎벌레(발생면적율),0.0
2025,9,16,8,광양시,벼애잎굴파리(발생추정면적),0.0
2025,9,16,8,광양시,벼애잎굴파리(감수율),0.0
2025,9,16,8,광양시,벼애잎굴파리(피해율),0.0
2025,9,16,8,광양시,벼애잎굴파리(발생면적율),0.0
2025,9,16,8,광양시,벼줄기굴파리(발생추정면적),0.0
2025,9,16,8,광양시,벼줄기굴파리(감수율),0.0
2025,9,16,8,광양시,벼줄기굴파리(피해율),0.0
2025,9,16,8,광양시,벼줄기굴파리(발생면적율),0.0
2025,9,16,8,광양시,애멸구(발생추정면적),0.0
2025,9,16,8,광양시,애멸구(감수율),0.0
2025,9,16,8,광양시,애멸구(피해율),0.0
2025,9,16,8,광양시,애멸구(발생면적율),0.0
2025,9,16,8,광양시,끝동매미충(발생추정면적),0.0
2025,9,16,8,광양시,끝동매미충(감수율),0.0
2025,9,16,8,광양시,끝동매미충(피해율),0.0
2025,9,16,8,광양시,끝동매미충(발생면적율),0.0
2025,9,16,8,광양시,벼멸구(발생추정면적),0.0
2025,9,16,8,광양시,벼멸구(감수율),0.0
2025,9,16,8,광양시,벼멸구(피해율),0.0
2025,9,16,8,광양시,벼멸구(발생면적율),0.0
2025,9,16,8,광양시,흰등멸구(발생추정면적),0.0
2025,9,16,8,광양시,흰등멸구(감수율),0.0
2025,9,16,8,광양시,흰등멸구(피해율),0.0
2025,9,16,8,광양시,흰등멸구(발생면적율),0.0
2025,9,16,8,광양시,벼물바구미(발생추정면적),0.0
2025,9,16,8,광양시,벼물바구미(감수율),0.0
2025,9,16,8,광양시,벼물바구미(피해율),0.0
2025,9,16,8,광양시,벼물바구미(발생면적율),0.0
2025,9,16,8,광양시,혹명나방(발생추정면적),0.0
2025,9,16,8,광양시,혹명나방(감수율),0.0
2025,9,16,8,광양시,혹명나방(피해율),0.0
2025,9,16,8,광양시,혹명나방(발생면적율),0.0
2025,9,16,8,광양시,멸강나방(발생추정면적),0.0
2025,9,16,8,광양시,멸강나방(감수율),0.0
2025,9,16,8,광양시,멸강나방(피해율),0.0
2025,9,16,8,광양시,멸강나방(발생면적율),0.0
2025,9,16,8,광양시,먹노린재(발생추정면적),0.0
2025,9,16,8,광양시,먹노린재(감수율),0.0
2025,9,16,8,광양시,먹노린재(피해율),0.0
2025,9,16,8,광양시,먹노린재(발생면적율),0.0
2025,9,16,8,광양시,이화명나방1화기(발생면적),0.0
2025,9,16,8,광양시,이화명나방1화기(감수율),0.0
2025,9,16,8,광양시,이화명나방1화기(피해율),0.0
2025,9,16,8,광양시,이화명나방1화기(발생면적률),0.0
2025,9,16,8,광양시,이화명나방2화기(발생면적),0.0
2025,9,16,8,광양시,이화명나방2화기(감수율),0.0
2025,9,16,8,광양시,이화명나방2화기(피해율),0.0
2025,9,16,8,광양시,이화명나방2화기(발생면적률),0.0
2025,9,16,8,광양시,바이러스병(발생추정면적),0.0
2025,9,16,8,광양시,바이러스병(감수율),0.0
2025,9,16,8,광양시,바이러스병(피해율),0.0
2025,9,16,8,광양시,바이러스병(발생면적율),0.0
2025,9,16,8,광양시,키다리병(발생추정면적),0.0
2025,9,16,8,광양시,키다리병(감수율),0.0
2025,9,16,8,광양시,키다리병(피해율),0.0
2025,9,16,8,광양시,키다리병(발생면적율),0.0
2025,9,16,8,광양시,이화명나방(발생추정면적),0.0
2025,9,16,8,광양시,이화명나방(감수율),0.0
2025,9,16,8,광양시,이화명나방(피해율),0.0
2025,9,16,8,광양시,이화명나방(발생면적율),0.0
2025,9,16,8,광양시,벼애나방(발생추정면적),0.0
2025,9,16,8,광양시,벼애나방(감수율),0.0
2025,9,16,8,광양시,벼애나방(피해율),0.0
2025,9,16,8,광양시,벼애나방(발생면적율),0.0
2025,9,16,8,광양시,벼잎선충(발생추정면적),0.0
2025,9,16,8,광양시,벼잎선충(감수율),0.0
2025,9,16,8,광양시,벼잎선충(피해율),0.0
2025,9,16,8,광양시,벼잎선충(발생면적율),0.0
2025,9,16,8,구례군,잎도열병(발생추정면적),0.0
2025,9,16,8,구례군,잎도열병(감수율),0.0
2025,9,16,8,구례군,잎도열병(피해율),0.0
2025,9,16,8,구례군,잎도열병(발생면적율),0.0
2025,9,16,8,구례군,이삭도열병(발생추정면적),0.822
2025,9,16,8,구례군,이삭도열병(감수율),0.001
2025,9,16,8,구례군,이삭도열병(피해율),0.001
2025,9,16,8,구례군,이삭도열병(발생면적율),0.042
2025,9,16,8,구례군,잎집무늬마름병(발생추정면적),2.466
2025,9,16,8,구례군,잎집무늬마름병(감수율),0.002
2025,9,16,8,구례군,잎집무늬마름병(피해율),0.009
2025,9,16,8,구례군,잎집무늬마름병(발생면적율),0.127
2025,9,16,8,구례군,흰잎마름병(발생추정면적),0.822
2025,9,16,8,구례군,흰잎마름병(감수율),0.0
2025,9,16,8,구례군,흰잎마름병(피해율),0.002
2025,9,16,8,구례군,흰잎마름병(발생면적율),0.042
2025,9,16,8,구례군,세균벼알마름병(발생추정면적),0.822
2025,9,16,8,구례군,세균벼알마름병(감수율),0.001
2025,9,16,8,구례군,세균벼알마름병(피해율),0.002
2025,9,16,8,구례군,세균벼알마름병(발생면적율),0.042
2025,9,16,8,구례군,줄무늬잎마름병(발생면적),0.0
2025,9,16,8,구례군,줄무늬잎마름병(감수율),0.0
2025,9,16,8,구례군,줄무늬잎마름병(피해율),0.0
2025,9,16,8,구례군,줄무늬잎마름병(발생면적률),0.0
2025,9,16,8,구례군,벼검은줄오갈병(발생면적),0.0
2025,9,16,8,구례군,벼검은줄오갈병(감수율),0.0
2025,9,16,8,구례군,벼검은줄오갈병(피해율),0.0
2025,9,16,8,구례군,벼검은줄오갈병(발생면적률),0.0
2025,9,16,8,구례군,오갈병(발생면적),0.0
2025,9,16,8,구례군,오갈병(감수율),0.0
2025,9,16,8,구례군,오갈병(피해율),0.0
2025,9,16,8,구례군,오갈병(발생면적률),0.0
2025,9,16,8,구례군,이삭누룩병(발생추정면적),0.0
2025,9,16,8,구례군,이삭누룩병(감수율),0.0
2025,9,16,8,구례군,이삭누룩병(피해율),0.0
2025,9,16,8,구례군,이삭누룩병(발생면적율),0.0
2025,9,16,8,구례군,깨씨무늬병(발생추정면적),2.466
2025,9,16,8,구례군,깨씨무늬병(감수율),0.002
2025,9,16,8,구례군,깨씨무늬병(피해율),0.012
2025,9,16,8,구례군,깨씨무늬병(발생면적율),0.127
2025,9,16,8,구례군,벼잎벌레(발생추정면적),0.0
2025,9,16,8,구례군,벼잎벌레(감수율),0.0
2025,9,16,8,구례군,벼잎벌레(피해율),0.0
2025,9,16,8,구례군,벼잎벌레(발생면적율),0.0
2025,9,16,8,구례군,벼애잎굴파리(발생추정면적),0.0
2025,9,16,8,구례군,벼애잎굴파리(감수율),0.0
2025,9,16,8,구례군,벼애잎굴파리(피해율),0.0
2025,9,16,8,구례군,벼애잎굴파리(발생면적율),0.0
2025,9,16,8,구례군,벼줄기굴파리(발생추정면적),0.0
2025,9,16,8,구례군,벼줄기굴파리(감수율),0.0
2025,9,16,8,구례군,벼줄기굴파리(피해율),0.0
2025,9,16,8,구례군,벼줄기굴파리(발생면적율),0.0
2025,9,16,8,구례군,애멸구(발생추정면적),0.0
2025,9,16,8,구례군,애멸구(감수율),0.0
2025,9,16,8,구례군,애멸구(피해율),0.0
2025,9,16,8,구례군,애멸구(발생면적율),0.0
2025,9,16,8,구례군,끝동매미충(발생추정면적),0.0
2025,9,16,8,구례군,끝동매미충(감수율),0.0
2025,9,16,8,구례군,끝동매미충(피해율),0.0
2025,9,16,8,구례군,끝동매미충(발생면적율),0.0
2025,9,16,8,구례군,벼멸구(발생추정면적),0.0
2025,9,16,8,구례군,벼멸구(감수율),0.0
2025,9,16,8,구례군,벼멸구(피해율),0.0
2025,9,16,8,구례군,벼멸구(발생면적율),0.0
2025,9,16,8,구례군,흰등멸구(발생추정면적),0.844
2025,9,16,8,구례군,흰등멸구(감수율),0.002
2025,9,16,8,구례군,흰등멸구(피해율),0.004
2025,9,16,8,구례군,흰등멸구(발생면적율),0.042
2025,9,16,8,구례군,벼물바구미(발생추정면적),0.0
2025,9,16,8,구례군,벼물바구미(감수율),0.0
2025,9,16,8,구례군,벼물바구미(피해율),0.0
2025,9,16,8,구례군,벼물바구미(발생면적율),0.0
2025,9,16,8,구례군,혹명나방(발생추정면적),0.0
2025,9,16,8,구례군,혹명나방(감수율),0.0
2025,9,16,8,구례군,혹명나방(피해율),0.0
2025,9,16,8,구례군,혹명나방(발생면적율),0.0
2025,9,16,8,구례군,멸강나방(발생추정면적),0.0
2025,9,16,8,구례군,멸강나방(감수율),0.0
2025,9,16,8,구례군,멸강나방(피해율),0.0
2025,9,16,8,구례군,멸강나방(발생면적율),0.0
2025,9,16,8,구례군,먹노린재(발생추정면적),0.0
2025,9,16,8,구례군,먹노린재(감수율),0.0
2025,9,16,8,구례군,먹노린재(피해율),0.0
2025,9,16,8,구례군,먹노린재(발생면적율),0.0
2025,9,16,8,구례군,이화명나방1화기(발생면적),0.0
2025,9,16,8,구례군,이화명나방1화기(감수율),0.0
2025,9,16,8,구례군,이화명나방1화기(피해율),0.0
2025,9,16,8,구례군,이화명나방1화기(발생면적률),0.0
2025,9,16,8,구례군,이화명나방2화기(발생면적),0.0
2025,9,16,8,구례군,이화명나방2화기(감수율),0.0
2025,9,16,8,구례군,이화명나방2화기(피해율),0.0
2025,9,16,8,구례군,이화명나방2화기(발생면적률),0.0
2025,9,16,8,구례군,바이러스병(발생추정면적),0.0
2025,9,16,8,구례군,바이러스병(감수율),0.0
2025,9,16,8,구례군,바이러스병(피해율),0.0
2025,9,16,8,구례군,바이러스병(발생면적율),0.0
2025,9,16,8,구례군,키다리병(발생추정면적),0.0
2025,9,16,8,구례군,키다리병(감수율),0.0
2025,9,16,8,구례군,키다리병(피해율),0.0
2025,9,16,8,구례군,키다리병(발생면적율),0.0
2025,9,16,8,구례군,이화명나방(발생추정면적),0.0
2025,9,16,8,구례군,이화명나방(감수율),0.0
2025,9,16,8,구례군,이화명나방(피해율),0.0
2025,9,16,8,구례군,이화명나방(발생면적율),0.0
2025,9,16,8,구례군,벼애나방(발생추정면적),0.0
2025,9,16,8,구례군,벼애나방(감수율),0.0
2025,9,16,8,구례군,벼애나방(피해율),0.0
2025,9,16,8,구례군,벼애나방(발생면적율),0.0
2025,9,16,8,구례군,벼잎선충(발생추정면적),0.0
2025,9,16,8,구례군,벼잎선충(감수율),0.0
2025,9,16,8,구례군,벼잎선충(피해율),0.0
2025,9,16,8,구례군,벼잎선충(발생면적율),0.0
2025,9,16,8,나주시,잎도열병(발생추정면적),0.0
2025,9,16,8,나주시,잎도열병(감수율),0.0
2025,9,16,8,나주시,잎도열병(피해율),0.0
2025,9,16,8,나주시,잎도열병(발생면적율),0.0
2025,9,16,8,나주시,이삭도열병(발생추정면적),0.0
2025,9,16,8,나주시,이삭도열병(감수율),0.0
2025,9,16,8,나주시,이삭도열병(피해율),0.0
2025,9,16,8,나주시,이삭도열병(발생면적율),0.0
2025,9,16,8,나주시,잎집무늬마름병(발생추정면적),10.141
2025,9,16,8,나주시,잎집무늬마름병(감수율),0.002
2025,9,16,8,나주시,잎집무늬마름병(피해율),0.007
2025,9,16,8,나주시,잎집무늬마름병(발생면적율),0.091
2025,9,16,8,나주시,흰잎마름병(발생추정면적),0.0
2025,9,16,8,나주시,흰잎마름병(감수율),0.0
2025,9,16,8,나주시,흰잎마름병(피해율),0.0
2025,9,16,8,나주시,흰잎마름병(발생면적율),0.0
2025,9,16,8,나주시,세균벼알마름병(발생추정면적),0.0
2025,9,16,8,나주시,세균벼알마름병(감수율),0.0
2025,9,16,8,나주시,세균벼알마름병(피해율),0.0
2025,9,16,8,나주시,세균벼알마름병(발생면적율),0.0
2025,9,16,8,나주시,줄무늬잎마름병(발생면적),0.0
2025,9,16,8,나주시,줄무늬잎마름병(감수율),0.0
2025,9,16,8,나주시,줄무늬잎마름병(피해율),0.0
2025,9,16,8,나주시,줄무늬잎마름병(발생면적률),0.0
2025,9,16,8,나주시,벼검은줄오갈병(발생면적),0.0
2025,9,16,8,나주시,벼검은줄오갈병(감수율),0.0
2025,9,16,8,나주시,벼검은줄오갈병(피해율),0.0
2025,9,16,8,나주시,벼검은줄오갈병(발생면적률),0.0
2025,9,16,8,나주시,오갈병(발생면적),0.0
2025,9,16,8,나주시,오갈병(감수율),0.0
2025,9,16,8,나주시,오갈병(피해율),0.0
2025,9,16,8,나주시,오갈병(발생면적률),0.0
2025,9,16,8,나주시,이삭누룩병(발생추정면적),0.461
2025,9,16,8,나주시,이삭누룩병(감수율),0.0
2025,9,16,8,나주시,이삭누룩병(피해율),0.0
2025,9,16,8,나주시,이삭누룩병(발생면적율),0.004
2025,9,16,8,나주시,깨씨무늬병(발생추정면적),8.297
2025,9,16,8,나주시,깨씨무늬병(감수율),0.001
2025,9,16,8,나주시,깨씨무늬병(피해율),0.006
2025,9,16,8,나주시,깨씨무늬병(발생면적율),0.074
2025,9,16,8,나주시,벼잎벌레(발생추정면적),0.0
2025,9,16,8,나주시,벼잎벌레(감수율),0.0
2025,9,16,8,나주시,벼잎벌레(피해율),0.0
2025,9,16,8,나주시,벼잎벌레(발생면적율),0.0
2025,9,16,8,나주시,벼애잎굴파리(발생추정면적),0.0
2025,9,16,8,나주시,벼애잎굴파리(감수율),0.0
2025,9,16,8,나주시,벼애잎굴파리(피해율),0.0
2025,9,16,8,나주시,벼애잎굴파리(발생면적율),0.0
2025,9,16,8,나주시,벼줄기굴파리(발생추정면적),0.0
2025,9,16,8,나주시,벼줄기굴파리(감수율),0.0
2025,9,16,8,나주시,벼줄기굴파리(피해율),0.0
2025,9,16,8,나주시,벼줄기굴파리(발생면적율),0.0
2025,9,16,8,나주시,애멸구(발생추정면적),0.0
2025,9,16,8,나주시,애멸구(감수율),0.0
2025,9,16,8,나주시,애멸구(피해율),0.0
2025,9,16,8,나주시,애멸구(발생면적율),0.0
2025,9,16,8,나주시,끝동매미충(발생추정면적),0.0
2025,9,16,8,나주시,끝동매미충(감수율),0.0
2025,9,16,8,나주시,끝동매미충(피해율),0.0
2025,9,16,8,나주시,끝동매미충(발생면적율),0.0
2025,9,16,8,나주시,벼멸구(발생추정면적),0.0
2025,9,16,8,나주시,벼멸구(감수율),0.0
2025,9,16,8,나주시,벼멸구(피해율),0.0
2025,9,16,8,나주시,벼멸구(발생면적율),0.0
2025,9,16,8,나주시,흰등멸구(발생추정면적),0.94
2025,9,16,8,나주시,흰등멸구(감수율),0.0
2025,9,16,8,나주시,흰등멸구(피해율),0.001
2025,9,16,8,나주시,흰등멸구(발생면적율),0.009
2025,9,16,8,나주시,벼물바구미(발생추정면적),0.0
2025,9,16,8,나주시,벼물바구미(감수율),0.0
2025,9,16,8,나주시,벼물바구미(피해율),0.0
2025,9,16,8,나주시,벼물바구미(발생면적율),0.0
2025,9,16,8,나주시,혹명나방(발생추정면적),0.0
2025,9,16,8,나주시,혹명나방(감수율),0.0
2025,9,16,8,나주시,혹명나방(피해율),0.0
2025,9,16,8,나주시,혹명나방(발생면적율),0.0
2025,9,16,8,나주시,멸강나방(발생추정면적),0.0
2025,9,16,8,나주시,멸강나방(감수율),0.0
2025,9,16,8,나주시,멸강나방(피해율),0.0
2025,9,16,8,나주시,멸강나방(발생면적율),0.0
2025,9,16,8,나주시,먹노린재(발생추정면적),0.0
2025,9,16,8,나주시,먹노린재(감수율),0.0
2025,9,16,8,나주시,먹노린재(피해율),0.0
2025,9,16,8,나주시,먹노린재(발생면적율),0.0
2025,9,16,8,나주시,이화명나방1화기(발생면적),0.0
2025,9,16,8,나주시,이화명나방1화기(감수율),0.0
2025,9,16,8,나주시,이화명나방1화기(피해율),0.0
2025,9,16,8,나주시,이화명나방1화기(발생면적률),0.0
2025,9,16,8,나주시,이화명나방2화기(발생면적),0.0
2025,9,16,8,나주시,이화명나방2화기(감수율),0.0
2025,9,16,8,나주시,이화명나방2화기(피해율),0.0
2025,9,16,8,나주시,이화명나방2화기(발생면적률),0.0
2025,9,16,8,나주시,바이러스병(발생추정면적),0.0
2025,9,16,8,나주시,바이러스병(감수율),0.0
2025,9,16,8,나주시,바이러스병(피해율),0.0
2025,9,16,8,나주시,바이러스병(발생면적율),0.0
2025,9,16,8,나주시,키다리병(발생추정면적),0.0
2025,9,16,8,나주시,키다리병(감수율),0.0
2025,9,16,8,나주시,키다리병(피해율),0.0
2025,9,16,8,나주시,키다리병(발생면적율),0.0
2025,9,16,8,나주시,이화명나방(발생추정면적),0.0
2025,9,16,8,나주시,이화명나방(감수율),0.0
2025,9,16,8,나주시,이화명나방(피해율),0.0
2025,9,16,8,나주시,이화명나방(발생면적율),0.0
2025,9,16,8,나주시,벼애나방(발생추정면적),0.0
2025,9,16,8,나주시,벼애나방(감수율),0.0
2025,9,16,8,나주시,벼애나방(피해율),0.0
2025,9,16,8,나주시,벼애나방(발생면적율),0.0
2025,9,16,8,나주시,벼잎선충(발생추정면적),0.0
2025,9,16,8,나주시,벼잎선충(감수율),0.0
2025,9,16,8,나주시,벼잎선충(피해율),0.0
2025,9,16,8,나주시,벼잎선충(발생면적율),0.0
2025,9,16,8,담양군,잎도열병(발생추정면적),0.0
2025,9,16,8,담양군,잎도열병(감수율),0.0
2025,9,16,8,담양군,잎도열병(피해율),0.0
2025,9,16,8,담양군,잎도열병(발생면적율),0.0
2025,9,16,8,담양군,이삭도열병(발생추정면적),5.838
2025,9,16,8,담양군,이삭도열병(감수율),0.004
2025,9,16,8,담양군,이삭도열병(피해율),0.006
2025,9,16,8,담양군,이삭도열병(발생면적율),0.111
2025,9,16,8,담양군,잎집무늬마름병(발생추정면적),18.0
2025,9,16,8,담양군,잎집무늬마름병(감수율),0.006
2025,9,16,8,담양군,잎집무늬마름병(피해율),0.028
2025,9,16,8,담양군,잎집무늬마름병(발생면적율),0.341
2025,9,16,8,담양군,흰잎마름병(발생추정면적),9.243
2025,9,16,8,담양군,흰잎마름병(감수율),0.002
2025,9,16,8,담양군,흰잎마름병(피해율),0.012
2025,9,16,8,담양군,흰잎마름병(발생면적율),0.175
2025,9,16,8,담양군,세균벼알마름병(발생추정면적),2.919
2025,9,16,8,담양군,세균벼알마름병(감수율),0.001
2025,9,16,8,담양군,세균벼알마름병(피해율),0.002
2025,9,16,8,담양군,세균벼알마름병(발생면적율),0.055
2025,9,16,8,담양군,줄무늬잎마름병(발생면적),0.0
2025,9,16,8,담양군,줄무늬잎마름병(감수율),0.0
2025,9,16,8,담양군,줄무늬잎마름병(피해율),0.0
2025,9,16,8,담양군,줄무늬잎마름병(발생면적률),0.0
2025,9,16,8,담양군,벼검은줄오갈병(발생면적),0.0
2025,9,16,8,담양군,벼검은줄오갈병(감수율),0.0
2025,9,16,8,담양군,벼검은줄오갈병(피해율),0.0
2025,9,16,8,담양군,벼검은줄오갈병(발생면적률),0.0
2025,9,16,8,담양군,오갈병(발생면적),0.0
2025,9,16,8,담양군,오갈병(감수율),0.0
2025,9,16,8,담양군,오갈병(피해율),0.0
2025,9,16,8,담양군,오갈병(발생면적률),0.0
2025,9,16,8,담양군,이삭누룩병(발생추정면적),0.0
2025,9,16,8,담양군,이삭누룩병(감수율),0.0
2025,9,16,8,담양군,이삭누룩병(피해율),0.0
2025,9,16,8,담양군,이삭누룩병(발생면적율),0.0
2025,9,16,8,담양군,깨씨무늬병(발생추정면적),17.026
2025,9,16,8,담양군,깨씨무늬병(감수율),0.007
2025,9,16,8,담양군,깨씨무늬병(피해율),0.034
2025,9,16,8,담양군,깨씨무늬병(발생면적율),0.322
2025,9,16,8,담양군,벼잎벌레(발생추정면적),0.0
2025,9,16,8,담양군,벼잎벌레(감수율),0.0
2025,9,16,8,담양군,벼잎벌레(피해율),0.0
2025,9,16,8,담양군,벼잎벌레(발생면적율),0.0
2025,9,16,8,담양군,벼애잎굴파리(발생추정면적),0.0
2025,9,16,8,담양군,벼애잎굴파리(감수율),0.0
2025,9,16,8,담양군,벼애잎굴파리(피해율),0.0
2025,9,16,8,담양군,벼애잎굴파리(발생면적율),0.0
2025,9,16,8,담양군,벼줄기굴파리(발생추정면적),0.0
2025,9,16,8,담양군,벼줄기굴파리(감수율),0.0
2025,9,16,8,담양군,벼줄기굴파리(피해율),0.0
2025,9,16,8,담양군,벼줄기굴파리(발생면적율),0.0
2025,9,16,8,담양군,애멸구(발생추정면적),0.0
2025,9,16,8,담양군,애멸구(감수율),0.0
2025,9,16,8,담양군,애멸구(피해율),0.0
2025,9,16,8,담양군,애멸구(발생면적율),0.0
2025,9,16,8,담양군,끝동매미충(발생추정면적),0.0
2025,9,16,8,담양군,끝동매미충(감수율),0.0
2025,9,16,8,담양군,끝동매미충(피해율),0.0
2025,9,16,8,담양군,끝동매미충(발생면적율),0.0
2025,9,16,8,담양군,벼멸구(발생추정면적),0.0
2025,9,16,8,담양군,벼멸구(감수율),0.0
2025,9,16,8,담양군,벼멸구(피해율),0.0
2025,9,16,8,담양군,벼멸구(발생면적율),0.0
2025,9,16,8,담양군,흰등멸구(발생추정면적),0.0
2025,9,16,8,담양군,흰등멸구(감수율),0.0
2025,9,16,8,담양군,흰등멸구(피해율),0.0
2025,9,16,8,담양군,흰등멸구(발생면적율),0.0
2025,9,16,8,담양군,벼물바구미(발생추정면적),0.0
2025,9,16,8,담양군,벼물바구미(감수율),0.0
2025,9,16,8,담양군,벼물바구미(피해율),0.0
2025,9,16,8,담양군,벼물바구미(발생면적율),0.0
2025,9,16,8,담양군,혹명나방(발생추정면적),0.0
2025,9,16,8,담양군,혹명나방(감수율),0.0
2025,9,16,8,담양군,혹명나방(피해율),0.0
2025,9,16,8,담양군,혹명나방(발생면적율),0.0
2025,9,16,8,담양군,멸강나방(발생추정면적),0.0
2025,9,16,8,담양군,멸강나방(감수율),0.0
2025,9,16,8,담양군,멸강나방(피해율),0.0
2025,9,16,8,담양군,멸강나방(발생면적율),0.0
2025,9,16,8,담양군,먹노린재(발생추정면적),0.0
2025,9,16,8,담양군,먹노린재(감수율),0.0
2025,9,16,8,담양군,먹노린재(피해율),0.0
2025,9,16,8,담양군,먹노린재(발생면적율),0.0
2025,9,16,8,담양군,이화명나방1화기(발생면적),0.0
2025,9,16,8,담양군,이화명나방1화기(감수율),0.0
2025,9,16,8,담양군,이화명나방1화기(피해율),0.0
2025,9,16,8,담양군,이화명나방1화기(발생면적률),0.0
2025,9,16,8,담양군,이화명나방2화기(발생면적),0.0
2025,9,16,8,담양군,이화명나방2화기(감수율),0.0
2025,9,16,8,담양군,이화명나방2화기(피해율),0.0
2025,9,16,8,담양군,이화명나방2화기(발생면적률),0.0
2025,9,16,8,담양군,바이러스병(발생추정면적),0.0
2025,9,16,8,담양군,바이러스병(감수율),0.0
2025,9,16,8,담양군,바이러스병(피해율),0.0
2025,9,16,8,담양군,바이러스병(발생면적율),0.0
2025,9,16,8,담양군,키다리병(발생추정면적),0.0
2025,9,16,8,담양군,키다리병(감수율),0.0
2025,9,16,8,담양군,키다리병(피해율),0.0
2025,9,16,8,담양군,키다리병(발생면적율),0.0
2025,9,16,8,담양군,이화명나방(발생추정면적),0.0
2025,9,16,8,담양군,이화명나방(감수율),0.0
2025,9,16,8,담양군,이화명나방(피해율),0.0
2025,9,16,8,담양군,이화명나방(발생면적율),0.0
2025,9,16,8,담양군,벼애나방(발생추정면적),0.0
2025,9,16,8,담양군,벼애나방(감수율),0.0
2025,9,16,8,담양군,벼애나방(피해율),0.0
2025,9,16,8,담양군,벼애나방(발생면적율),0.0
2025,9,16,8,담양군,벼잎선충(발생추정면적),0.0
2025,9,16,8,담양군,벼잎선충(감수율),0.0
2025,9,16,8,담양군,벼잎선충(피해율),0.0
2025,9,16,8,담양군,벼잎선충(발생면적율),0.0
2025,9,16,8,무안군,잎도열병(발생추정면적),0.0
2025,9,16,8,무안군,잎도열병(감수율),0.0
2025,9,16,8,무안군,잎도열병(피해율),0.0
2025,9,16,8,무안군,잎도열병(발생면적율),0.0
2025,9,16,8,무안군,이삭도열병(발생추정면적),0.0
2025,9,16,8,무안군,이삭도열병(감수율),0.0
2025,9,16,8,무안군,이삭도열병(피해율),0.0
2025,9,16,8,무안군,이삭도열병(발생면적율),0.0
2025,9,16,8,무안군,잎집무늬마름병(발생추정면적),10.915
2025,9,16,8,무안군,잎집무늬마름병(감수율),0.003
2025,9,16,8,무안군,잎집무늬마름병(피해율),0.011
2025,9,16,8,무안군,잎집무늬마름병(발생면적율),0.143
2025,9,16,8,무안군,흰잎마름병(발생추정면적),0.0
2025,9,16,8,무안군,흰잎마름병(감수율),0.0
2025,9,16,8,무안군,흰잎마름병(피해율),0.0
2025,9,16,8,무안군,흰잎마름병(발생면적율),0.0
2025,9,16,8,무안군,세균벼알마름병(발생추정면적),0.728
2025,9,16,8,무안군,세균벼알마름병(감수율),0.0
2025,9,16,8,무안군,세균벼알마름병(피해율),0.0
2025,9,16,8,무안군,세균벼알마름병(발생면적율),0.01
2025,9,16,8,무안군,줄무늬잎마름병(발생면적),0.0
2025,9,16,8,무안군,줄무늬잎마름병(감수율),0.0
2025,9,16,8,무안군,줄무늬잎마름병(피해율),0.0
2025,9,16,8,무안군,줄무늬잎마름병(발생면적률),0.0
2025,9,16,8,무안군,벼검은줄오갈병(발생면적),0.0
2025,9,16,8,무안군,벼검은줄오갈병(감수율),0.0
2025,9,16,8,무안군,벼검은줄오갈병(피해율),0.0
2025,9,16,8,무안군,벼검은줄오갈병(발생면적률),0.0
2025,9,16,8,무안군,오갈병(발생면적),0.0
2025,9,16,8,무안군,오갈병(감수율),0.0
2025,9,16,8,무안군,오갈병(피해율),0.0
2025,9,16,8,무안군,오갈병(발생면적률),0.0
2025,9,16,8,무안군,이삭누룩병(발생추정면적),0.0
2025,9,16,8,무안군,이삭누룩병(감수율),0.0
2025,9,16,8,무안군,이삭누룩병(피해율),0.0
2025,9,16,8,무안군,이삭누룩병(발생면적율),0.0
2025,9,16,8,무안군,깨씨무늬병(발생추정면적),2.911
2025,9,16,8,무안군,깨씨무늬병(감수율),0.001
2025,9,16,8,무안군,깨씨무늬병(피해율),0.002
2025,9,16,8,무안군,깨씨무늬병(발생면적율),0.038
2025,9,16,8,무안군,벼잎벌레(발생추정면적),0.0
2025,9,16,8,무안군,벼잎벌레(감수율),0.0
2025,9,16,8,무안군,벼잎벌레(피해율),0.0
2025,9,16,8,무안군,벼잎벌레(발생면적율),0.0
2025,9,16,8,무안군,벼애잎굴파리(발생추정면적),0.0
2025,9,16,8,무안군,벼애잎굴파리(감수율),0.0
2025,9,16,8,무안군,벼애잎굴파리(피해율),0.0
2025,9,16,8,무안군,벼애잎굴파리(발생면적율),0.0
2025,9,16,8,무안군,벼줄기굴파리(발생추정면적),0.0
2025,9,16,8,무안군,벼줄기굴파리(감수율),0.0
2025,9,16,8,무안군,벼줄기굴파리(피해율),0.0
2025,9,16,8,무안군,벼줄기굴파리(발생면적율),0.0
2025,9,16,8,무안군,애멸구(발생추정면적),0.0
2025,9,16,8,무안군,애멸구(감수율),0.0
2025,9,16,8,무안군,애멸구(피해율),0.0
2025,9,16,8,무안군,애멸구(발생면적율),0.0
2025,9,16,8,무안군,끝동매미충(발생추정면적),0.0
2025,9,16,8,무안군,끝동매미충(감수율),0.0
2025,9,16,8,무안군,끝동매미충(피해율),0.0
2025,9,16,8,무안군,끝동매미충(발생면적율),0.0
2025,9,16,8,무안군,벼멸구(발생추정면적),0.0
2025,9,16,8,무안군,벼멸구(감수율),0.0
2025,9,16,8,무안군,벼멸구(피해율),0.0
2025,9,16,8,무안군,벼멸구(발생면적율),0.0
2025,9,16,8,무안군,흰등멸구(발생추정면적),0.0
2025,9,16,8,무안군,흰등멸구(감수율),0.0
2025,9,16,8,무안군,흰등멸구(피해율),0.0
2025,9,16,8,무안군,흰등멸구(발생면적율),0.0
2025,9,16,8,무안군,벼물바구미(발생추정면적),0.0
2025,9,16,8,무안군,벼물바구미(감수율),0.0
2025,9,16,8,무안군,벼물바구미(피해율),0.0
2025,9,16,8,무안군,벼물바구미(발생면적율),0.0
2025,9,16,8,무안군,혹명나방(발생추정면적),0.0
2025,9,16,8,무안군,혹명나방(감수율),0.0
2025,9,16,8,무안군,혹명나방(피해율),0.0
2025,9,16,8,무안군,혹명나방(발생면적율),0.0
2025,9,16,8,무안군,멸강나방(발생추정면적),0.0
2025,9,16,8,무안군,멸강나방(감수율),0.0
2025,9,16,8,무안군,멸강나방(피해율),0.0
2025,9,16,8,무안군,멸강나방(발생면적율),0.0
2025,9,16,8,무안군,먹노린재(발생추정면적),0.0
2025,9,16,8,무안군,먹노린재(감수율),0.0
2025,9,16,8,무안군,먹노린재(피해율),0.0
2025,9,16,8,무안군,먹노린재(발생면적율),0.0
2025,9,16,8,무안군,이화명나방1화기(발생면적),0.0
2025,9,16,8,무안군,이화명나방1화기(감수율),0.0
2025,9,16,8,무안군,이화명나방1화기(피해율),0.0
2025,9,16,8,무안군,이화명나방1화기(발생면적률),0.0
2025,9,16,8,무안군,이화명나방2화기(발생면적),0.0
2025,9,16,8,무안군,이화명나방2화기(감수율),0.0
2025,9,16,8,무안군,이화명나방2화기(피해율),0.0
2025,9,16,8,무안군,이화명나방2화기(발생면적률),0.0
2025,9,16,8,무안군,바이러스병(발생추정면적),0.0
2025,9,16,8,무안군,바이러스병(감수율),0.0
2025,9,16,8,무안군,바이러스병(피해율),0.0
2025,9,16,8,무안군,바이러스병(발생면적율),0.0
2025,9,16,8,무안군,키다리병(발생추정면적),0.0
2025,9,16,8,무안군,키다리병(감수율),0.0
2025,9,16,8,무안군,키다리병(피해율),0.0
2025,9,16,8,무안군,키다리병(발생면적율),0.0
2025,9,16,8,무안군,이화명나방(발생추정면적),0.0
2025,9,16,8,무안군,이화명나방(감수율),0.0
2025,9,16,8,무안군,이화명나방(피해율),0.0
2025,9,16,8,무안군,이화명나방(발생면적율),0.0
2025,9,16,8,무안군,벼애나방(발생추정면적),0.0
2025,9,16,8,무안군,벼애나방(감수율),0.0
2025,9,16,8,무안군,벼애나방(피해율),0.0
2025,9,16,8,무안군,벼애나방(발생면적율),0.0
2025,9,16,8,무안군,벼잎선충(발생추정면적),0.0
2025,9,16,8,무안군,벼잎선충(감수율),0.0
2025,9,16,8,무안군,벼잎선충(피해율),0.0
2025,9,16,8,무안군,벼잎선충(발생면적율),0.0
2025,9,16,8,보성군,잎도열병(발생추정면적),0.0
2025,9,16,8,보성군,잎도열병(감수율),0.0
2025,9,16,8,보성군,잎도열병(피해율),0.0
2025,9,16,8,보성군,잎도열병(발생면적율),0.0
2025,9,16,8,보성군,이삭도열병(발생추정면적),0.0
2025,9,16,8,보성군,이삭도열병(감수율),0.0
2025,9,16,8,보성군,이삭도열병(피해율),0.0
2025,9,16,8,보성군,이삭도열병(발생면적율),0.0
2025,9,16,8,보성군,잎집무늬마름병(발생추정면적),125.628
2025,9,16,8,보성군,잎집무늬마름병(감수율),0.032
2025,9,16,8,보성군,잎집무늬마름병(피해율),0.161
2025,9,16,8,보성군,잎집무늬마름병(발생면적율),1.614
2025,9,16,8,보성군,흰잎마름병(발생추정면적),18.064
2025,9,16,8,보성군,흰잎마름병(감수율),0.019
2025,9,16,8,보성군,흰잎마름병(피해율),0.093
2025,9,16,8,보성군,흰잎마름병(발생면적율),0.232
2025,9,16,8,보성군,세균벼알마름병(발생추정면적),0.0
2025,9,16,8,보성군,세균벼알마름병(감수율),0.0
2025,9,16,8,보성군,세균벼알마름병(피해율),0.0
2025,9,16,8,보성군,세균벼알마름병(발생면적율),0.0
2025,9,16,8,보성군,줄무늬잎마름병(발생면적),0.0
2025,9,16,8,보성군,줄무늬잎마름병(감수율),0.0
2025,9,16,8,보성군,줄무늬잎마름병(피해율),0.0
2025,9,16,8,보성군,줄무늬잎마름병(발생면적률),0.0
2025,9,16,8,보성군,벼검은줄오갈병(발생면적),0.0
2025,9,16,8,보성군,벼검은줄오갈병(감수율),0.0
2025,9,16,8,보성군,벼검은줄오갈병(피해율),0.0
2025,9,16,8,보성군,벼검은줄오갈병(발생면적률),0.0
2025,9,16,8,보성군,오갈병(발생면적),0.0
2025,9,16,8,보성군,오갈병(감수율),0.0
2025,9,16,8,보성군,오갈병(피해율),0.0
2025,9,16,8,보성군,오갈병(발생면적률),0.0
2025,9,16,8,보성군,이삭누룩병(발생추정면적),0.0
2025,9,16,8,보성군,이삭누룩병(감수율),0.0
2025,9,16,8,보성군,이삭누룩병(피해율),0.0
2025,9,16,8,보성군,이삭누룩병(발생면적율),0.0
2025,9,16,8,보성군,깨씨무늬병(발생추정면적),164.219
2025,9,16,8,보성군,깨씨무늬병(감수율),0.122
2025,9,16,8,보성군,깨씨무늬병(피해율),0.612
2025,9,16,8,보성군,깨씨무늬병(발생면적율),2.11
2025,9,16,8,보성군,벼잎벌레(발생추정면적),0.0
2025,9,16,8,보성군,벼잎벌레(감수율),0.0
2025,9,16,8,보성군,벼잎벌레(피해율),0.0
2025,9,16,8,보성군,벼잎벌레(발생면적율),0.0
2025,9,16,8,보성군,벼애잎굴파리(발생추정면적),0.0
2025,9,16,8,보성군,벼애잎굴파리(감수율),0.0
2025,9,16,8,보성군,벼애잎굴파리(피해율),0.0
2025,9,16,8,보성군,벼애잎굴파리(발생면적율),0.0
2025,9,16,8,보성군,벼줄기굴파리(발생추정면적),0.0
2025,9,16,8,보성군,벼줄기굴파리(감수율),0.0
2025,9,16,8,보성군,벼줄기굴파리(피해율),0.0
2025,9,16,8,보성군,벼줄기굴파리(발생면적율),0.0
2025,9,16,8,보성군,애멸구(발생추정면적),0.0
2025,9,16,8,보성군,애멸구(감수율),0.0
2025,9,16,8,보성군,애멸구(피해율),0.0
2025,9,16,8,보성군,애멸구(발생면적율),0.0
2025,9,16,8,보성군,끝동매미충(발생추정면적),0.0
2025,9,16,8,보성군,끝동매미충(감수율),0.0
2025,9,16,8,보성군,끝동매미충(피해율),0.0
2025,9,16,8,보성군,끝동매미충(발생면적율),0.0
2025,9,16,8,보성군,벼멸구(발생추정면적),0.0
2025,9,16,8,보성군,벼멸구(감수율),0.0
2025,9,16,8,보성군,벼멸구(피해율),0.0
2025,9,16,8,보성군,벼멸구(발생면적율),0.0
2025,9,16,8,보성군,흰등멸구(발생추정면적),0.0
2025,9,16,8,보성군,흰등멸구(감수율),0.0
2025,9,16,8,보성군,흰등멸구(피해율),0.0
2025,9,16,8,보성군,흰등멸구(발생면적율),0.0
2025,9,16,8,보성군,벼물바구미(발생추정면적),0.0
2025,9,16,8,보성군,벼물바구미(감수율),0.0
2025,9,16,8,보성군,벼물바구미(피해율),0.0
2025,9,16,8,보성군,벼물바구미(발생면적율),0.0
2025,9,16,8,보성군,혹명나방(발생추정면적),0.0
2025,9,16,8,보성군,혹명나방(감수율),0.0
2025,9,16,8,보성군,혹명나방(피해율),0.0
2025,9,16,8,보성군,혹명나방(발생면적율),0.0
2025,9,16,8,보성군,멸강나방(발생추정면적),0.0
2025,9,16,8,보성군,멸강나방(감수율),0.0
2025,9,16,8,보성군,멸강나방(피해율),0.0
2025,9,16,8,보성군,멸강나방(발생면적율),0.0
2025,9,16,8,보성군,먹노린재(발생추정면적),0.0
2025,9,16,8,보성군,먹노린재(감수율),0.0
2025,9,16,8,보성군,먹노린재(피해율),0.0
2025,9,16,8,보성군,먹노린재(발생면적율),0.0
2025,9,16,8,보성군,이화명나방1화기(발생면적),0.0
2025,9,16,8,보성군,이화명나방1화기(감수율),0.0
2025,9,16,8,보성군,이화명나방1화기(피해율),0.0
2025,9,16,8,보성군,이화명나방1화기(발생면적률),0.0
2025,9,16,8,보성군,이화명나방2화기(발생면적),0.0
2025,9,16,8,보성군,이화명나방2화기(감수율),0.0
2025,9,16,8,보성군,이화명나방2화기(피해율),0.0
2025,9,16,8,보성군,이화명나방2화기(발생면적률),0.0
2025,9,16,8,보성군,바이러스병(발생추정면적),0.0
2025,9,16,8,보성군,바이러스병(감수율),0.0
2025,9,16,8,보성군,바이러스병(피해율),0.0
2025,9,16,8,보성군,바이러스병(발생면적율),0.0
2025,9,16,8,보성군,키다리병(발생추정면적),0.0
2025,9,16,8,보성군,키다리병(감수율),0.0
2025,9,16,8,보성군,키다리병(피해율),0.0
2025,9,16,8,보성군,키다리병(발생면적율),0.0
2025,9,16,8,보성군,이화명나방(발생추정면적),0.0
2025,9,16,8,보성군,이화명나방(감수율),0.0
2025,9,16,8,보성군,이화명나방(피해율),0.0
2025,9,16,8,보성군,이화명나방(발생면적율),0.0
2025,9,16,8,보성군,벼애나방(발생추정면적),0.0
2025,9,16,8,보성군,벼애나방(감수율),0.0
2025,9,16,8,보성군,벼애나방(피해율),0.0
2025,9,16,8,보성군,벼애나방(발생면적율),0.0
2025,9,16,8,보성군,벼잎선충(발생추정면적),0.0
2025,9,16,8,보성군,벼잎선충(감수율),0.0
2025,9,16,8,보성군,벼잎선충(피해율),0.0
2025,9,16,8,보성군,벼잎선충(발생면적율),0.0
2025,9,16,8,순천시,잎도열병(발생추정면적),0.0
2025,9,16,8,순천시,잎도열병(감수율),0.0
2025,9,16,8,순천시,잎도열병(피해율),0.0
2025,9,16,8,순천시,잎도열병(발생면적율),0.0
2025,9,16,8,순천시,이삭도열병(발생추정면적),0.0
2025,9,16,8,순천시,이삭도열병(감수율),0.0
2025,9,16,8,순천시,이삭도열병(피해율),0.0
2025,9,16,8,순천시,이삭도열병(발생면적율),0.0
2025,9,16,8,순천시,잎집무늬마름병(발생추정면적),52.222
2025,9,16,8,순천시,잎집무늬마름병(감수율),0.018
2025,9,16,8,순천시,잎집무늬마름병(피해율),0.089
2025,9,16,8,순천시,잎집무늬마름병(발생면적율),1.182
2025,9,16,8,순천시,흰잎마름병(발생추정면적),52.222
2025,9,16,8,순천시,흰잎마름병(감수율),0.012
2025,9,16,8,순천시,흰잎마름병(피해율),0.059
2025,9,16,8,순천시,흰잎마름병(발생면적율),1.182
2025,9,16,8,순천시,세균벼알마름병(발생추정면적),20.889
2025,9,16,8,순천시,세균벼알마름병(감수율),0.01
2025,9,16,8,순천시,세균벼알마름병(피해율),0.017
2025,9,16,8,순천시,세균벼알마름병(발생면적율),0.473
2025,9,16,8,순천시,줄무늬잎마름병(발생면적),0.0
2025,9,16,8,순천시,줄무늬잎마름병(감수율),0.0
2025,9,16,8,순천시,줄무늬잎마름병(피해율),0.0
2025,9,16,8,순천시,줄무늬잎마름병(발생면적률),0.0
2025,9,16,8,순천시,벼검은줄오갈병(발생면적),0.0
2025,9,16,8,순천시,벼검은줄오갈병(감수율),0.0
2025,9,16,8,순천시,벼검은줄오갈병(피해율),0.0
2025,9,16,8,순천시,벼검은줄오갈병(발생면적률),0.0
2025,9,16,8,순천시,오갈병(발생면적),0.0
2025,9,16,8,순천시,오갈병(감수율),0.0
2025,9,16,8,순천시,오갈병(피해율),0.0
2025,9,16,8,순천시,오갈병(발생면적률),0.0
2025,9,16,8,순천시,이삭누룩병(발생추정면적),0.0
2025,9,16,8,순천시,이삭누룩병(감수율),0.0
2025,9,16,8,순천시,이삭누룩병(피해율),0.0
2025,9,16,8,순천시,이삭누룩병(발생면적율),0.0
2025,9,16,8,순천시,깨씨무늬병(발생추정면적),41.778
2025,9,16,8,순천시,깨씨무늬병(감수율),0.009
2025,9,16,8,순천시,깨씨무늬병(피해율),0.047
2025,9,16,8,순천시,깨씨무늬병(발생면적율),0.946
2025,9,16,8,순천시,벼잎벌레(발생추정면적),0.0
2025,9,16,8,순천시,벼잎벌레(감수율),0.0
2025,9,16,8,순천시,벼잎벌레(피해율),0.0
2025,9,16,8,순천시,벼잎벌레(발생면적율),0.0
2025,9,16,8,순천시,벼애잎굴파리(발생추정면적),0.0
2025,9,16,8,순천시,벼애잎굴파리(감수율),0.0
2025,9,16,8,순천시,벼애잎굴파리(피해율),0.0
2025,9,16,8,순천시,벼애잎굴파리(발생면적율),0.0
2025,9,16,8,순천시,벼줄기굴파리(발생추정면적),0.0
2025,9,16,8,순천시,벼줄기굴파리(감수율),0.0
2025,9,16,8,순천시,벼줄기굴파리(피해율),0.0
2025,9,16,8,순천시,벼줄기굴파리(발생면적율),0.0
2025,9,16,8,순천시,애멸구(발생추정면적),0.0
2025,9,16,8,순천시,애멸구(감수율),0.0
2025,9,16,8,순천시,애멸구(피해율),0.0
2025,9,16,8,순천시,애멸구(발생면적율),0.0
2025,9,16,8,순천시,끝동매미충(발생추정면적),0.0
2025,9,16,8,순천시,끝동매미충(감수율),0.0
2025,9,16,8,순천시,끝동매미충(피해율),0.0
2025,9,16,8,순천시,끝동매미충(발생면적율),0.0
2025,9,16,8,순천시,벼멸구(발생추정면적),0.0
2025,9,16,8,순천시,벼멸구(감수율),0.0
2025,9,16,8,순천시,벼멸구(피해율),0.0
2025,9,16,8,순천시,벼멸구(발생면적율),0.0
2025,9,16,8,순천시,흰등멸구(발생추정면적),0.0
2025,9,16,8,순천시,흰등멸구(감수율),0.0
2025,9,16,8,순천시,흰등멸구(피해율),0.0
2025,9,16,8,순천시,흰등멸구(발생면적율),0.0
2025,9,16,8,순천시,벼물바구미(발생추정면적),0.0
2025,9,16,8,순천시,벼물바구미(감수율),0.0
2025,9,16,8,순천시,벼물바구미(피해율),0.0
2025,9,16,8,순천시,벼물바구미(발생면적율),0.0
2025,9,16,8,순천시,혹명나방(발생추정면적),47.0
2025,9,16,8,순천시,혹명나방(감수율),0.011
2025,9,16,8,순천시,혹명나방(피해율),0.053
2025,9,16,8,순천시,혹명나방(발생면적율),1.064
2025,9,16,8,순천시,멸강나방(발생추정면적),0.0
2025,9,16,8,순천시,멸강나방(감수율),0.0
2025,9,16,8,순천시,멸강나방(피해율),0.0
2025,9,16,8,순천시,멸강나방(발생면적율),0.0
2025,9,16,8,순천시,먹노린재(발생추정면적),15.667
2025,9,16,8,순천시,먹노린재(감수율),0.004
2025,9,16,8,순천시,먹노린재(피해율),0.018
2025,9,16,8,순천시,먹노린재(발생면적율),0.355
2025,9,16,8,순천시,이화명나방1화기(발생면적),0.0
2025,9,16,8,순천시,이화명나방1화기(감수율),0.0
2025,9,16,8,순천시,이화명나방1화기(피해율),0.0
2025,9,16,8,순천시,이화명나방1화기(발생면적률),0.0
2025,9,16,8,순천시,이화명나방2화기(발생면적),5.222
2025,9,16,8,순천시,이화명나방2화기(감수율),0.003
2025,9,16,8,순천시,이화명나방2화기(피해율),0.003
2025,9,16,8,순천시,이화명나방2화기(발생면적률),0.118
2025,9,16,8,순천시,바이러스병(발생추정면적),0.0
2025,9,16,8,순천시,바이러스병(감수율),0.0
2025,9,16,8,순천시,바이러스병(피해율),0.0
2025,9,16,8,순천시,바이러스병(발생면적율),0.0
2025,9,16,8,순천시,키다리병(발생추정면적),0.0
2025,9,16,8,순천시,키다리병(감수율),0.0
2025,9,16,8,순천시,키다리병(피해율),0.0
2025,9,16,8,순천시,키다리병(발생면적율),0.0
2025,9,16,8,순천시,이화명나방(발생추정면적),0.0
2025,9,16,8,순천시,이화명나방(감수율),0.0
2025,9,16,8,순천시,이화명나방(피해율),0.0
2025,9,16,8,순천시,이화명나방(발생면적율),0.0
2025,9,16,8,순천시,벼애나방(발생추정면적),0.0
2025,9,16,8,순천시,벼애나방(감수율),0.0
2025,9,16,8,순천시,벼애나방(피해율),0.0
2025,9,16,8,순천시,벼애나방(발생면적율),0.0
2025,9,16,8,순천시,벼잎선충(발생추정면적),0.0
2025,9,16,8,순천시,벼잎선충(감수율),0.0
2025,9,16,8,순천시,벼잎선충(피해율),0.0
2025,9,16,8,순천시,벼잎선충(발생면적율),0.0
2025,9,16,8,신안군,잎도열병(발생추정면적),0.0
2025,9,16,8,신안군,잎도열병(감수율),0.0
2025,9,16,8,신안군,잎도열병(피해율),0.0
2025,9,16,8,신안군,잎도열병(발생면적율),0.0
2025,9,16,8,신안군,이삭도열병(발생추정면적),0.0
2025,9,16,8,신안군,이삭도열병(감수율),0.0
2025,9,16,8,신안군,이삭도열병(피해율),0.0
2025,9,16,8,신안군,이삭도열병(발생면적율),0.0
2025,9,16,8,신안군,잎집무늬마름병(발생추정면적),54.05
2025,9,16,8,신안군,잎집무늬마름병(감수율),0.01
2025,9,16,8,신안군,잎집무늬마름병(피해율),0.05
2025,9,16,8,신안군,잎집무늬마름병(발생면적율),0.67
2025,9,16,8,신안군,흰잎마름병(발생추정면적),0.0
2025,9,16,8,신안군,흰잎마름병(감수율),0.0
2025,9,16,8,신안군,흰잎마름병(피해율),0.0
2025,9,16,8,신안군,흰잎마름병(발생면적율),0.0
2025,9,16,8,신안군,세균벼알마름병(발생추정면적),0.0
2025,9,16,8,신안군,세균벼알마름병(감수율),0.0
2025,9,16,8,신안군,세균벼알마름병(피해율),0.0
2025,9,16,8,신안군,세균벼알마름병(발생면적율),0.0
2025,9,16,8,신안군,줄무늬잎마름병(발생면적),0.0
2025,9,16,8,신안군,줄무늬잎마름병(감수율),0.0
2025,9,16,8,신안군,줄무늬잎마름병(피해율),0.0
2025,9,16,8,신안군,줄무늬잎마름병(발생면적률),0.0
2025,9,16,8,신안군,벼검은줄오갈병(발생면적),0.0
2025,9,16,8,신안군,벼검은줄오갈병(감수율),0.0
2025,9,16,8,신안군,벼검은줄오갈병(피해율),0.0
2025,9,16,8,신안군,벼검은줄오갈병(발생면적률),0.0
2025,9,16,8,신안군,오갈병(발생면적),0.0
2025,9,16,8,신안군,오갈병(감수율),0.0
2025,9,16,8,신안군,오갈병(피해율),0.0
2025,9,16,8,신안군,오갈병(발생면적률),0.0
2025,9,16,8,신안군,이삭누룩병(발생추정면적),0.0
2025,9,16,8,신안군,이삭누룩병(감수율),0.0
2025,9,16,8,신안군,이삭누룩병(피해율),0.0
2025,9,16,8,신안군,이삭누룩병(발생면적율),0.0
2025,9,16,8,신안군,깨씨무늬병(발생추정면적),20.269
2025,9,16,8,신안군,깨씨무늬병(감수율),0.003
2025,9,16,8,신안군,깨씨무늬병(피해율),0.013
2025,9,16,8,신안군,깨씨무늬병(발생면적율),0.251
2025,9,16,8,신안군,벼잎벌레(발생추정면적),0.0
2025,9,16,8,신안군,벼잎벌레(감수율),0.0
2025,9,16,8,신안군,벼잎벌레(피해율),0.0
2025,9,16,8,신안군,벼잎벌레(발생면적율),0.0
2025,9,16,8,신안군,벼애잎굴파리(발생추정면적),0.0
2025,9,16,8,신안군,벼애잎굴파리(감수율),0.0
2025,9,16,8,신안군,벼애잎굴파리(피해율),0.0
2025,9,16,8,신안군,벼애잎굴파리(발생면적율),0.0
2025,9,16,8,신안군,벼줄기굴파리(발생추정면적),0.0
2025,9,16,8,신안군,벼줄기굴파리(감수율),0.0
2025,9,16,8,신안군,벼줄기굴파리(피해율),0.0
2025,9,16,8,신안군,벼줄기굴파리(발생면적율),0.0
2025,9,16,8,신안군,애멸구(발생추정면적),0.0
2025,9,16,8,신안군,애멸구(감수율),0.0
2025,9,16,8,신안군,애멸구(피해율),0.0
2025,9,16,8,신안군,애멸구(발생면적율),0.0
2025,9,16,8,신안군,끝동매미충(발생추정면적),0.0
2025,9,16,8,신안군,끝동매미충(감수율),0.0
2025,9,16,8,신안군,끝동매미충(피해율),0.0
2025,9,16,8,신안군,끝동매미충(발생면적율),0.0
2025,9,16,8,신안군,벼멸구(발생추정면적),0.0
2025,9,16,8,신안군,벼멸구(감수율),0.0
2025,9,16,8,신안군,벼멸구(피해율),0.0
2025,9,16,8,신안군,벼멸구(발생면적율),0.0
2025,9,16,8,신안군,흰등멸구(발생추정면적),0.0
2025,9,16,8,신안군,흰등멸구(감수율),0.0
2025,9,16,8,신안군,흰등멸구(피해율),0.0
2025,9,16,8,신안군,흰등멸구(발생면적율),0.0
2025,9,16,8,신안군,벼물바구미(발생추정면적),0.0
2025,9,16,8,신안군,벼물바구미(감수율),0.0
2025,9,16,8,신안군,벼물바구미(피해율),0.0
2025,9,16,8,신안군,벼물바구미(발생면적율),0.0
2025,9,16,8,신안군,혹명나방(발생추정면적),0.0
2025,9,16,8,신안군,혹명나방(감수율),0.0
2025,9,16,8,신안군,혹명나방(피해율),0.0
2025,9,16,8,신안군,혹명나방(발생면적율),0.0
2025,9,16,8,신안군,멸강나방(발생추정면적),0.0
2025,9,16,8,신안군,멸강나방(감수율),0.0
2025,9,16,8,신안군,멸강나방(피해율),0.0
2025,9,16,8,신안군,멸강나방(발생면적율),0.0
2025,9,16,8,신안군,먹노린재(발생추정면적),0.0
2025,9,16,8,신안군,먹노린재(감수율),0.0
2025,9,16,8,신안군,먹노린재(피해율),0.0
2025,9,16,8,신안군,먹노린재(발생면적율),0.0
2025,9,16,8,신안군,이화명나방1화기(발생면적),0.0
2025,9,16,8,신안군,이화명나방1화기(감수율),0.0
2025,9,16,8,신안군,이화명나방1화기(피해율),0.0
2025,9,16,8,신안군,이화명나방1화기(발생면적률),0.0
2025,9,16,8,신안군,이화명나방2화기(발생면적),0.0
2025,9,16,8,신안군,이화명나방2화기(감수율),0.0
2025,9,16,8,신안군,이화명나방2화기(피해율),0.0
2025,9,16,8,신안군,이화명나방2화기(발생면적률),0.0
2025,9,16,8,신안군,바이러스병(발생추정면적),0.0
2025,9,16,8,신안군,바이러스병(감수율),0.0
2025,9,16,8,신안군,바이러스병(피해율),0.0
2025,9,16,8,신안군,바이러스병(발생면적율),0.0
2025,9,16,8,신안군,키다리병(발생추정면적),0.0
2025,9,16,8,신안군,키다리병(감수율),0.0
2025,9,16,8,신안군,키다리병(피해율),0.0
2025,9,16,8,신안군,키다리병(발생면적율),0.0
2025,9,16,8,신안군,이화명나방(발생추정면적),0.0
2025,9,16,8,신안군,이화명나방(감수율),0.0
2025,9,16,8,신안군,이화명나방(피해율),0.0
2025,9,16,8,신안군,이화명나방(발생면적율),0.0
2025,9,16,8,신안군,벼애나방(발생추정면적),0.0
2025,9,16,8,신안군,벼애나방(감수율),0.0
2025,9,16,8,신안군,벼애나방(피해율),0.0
2025,9,16,8,신안군,벼애나방(발생면적율),0.0
2025,9,16,8,신안군,벼잎선충(발생추정면적),0.0
2025,9,16,8,신안군,벼잎선충(감수율),0.0
2025,9,16,8,신안군,벼잎선충(피해율),0.0
2025,9,16,8,신안군,벼잎선충(발생면적율),0.0
2025,9,16,8,여수시,잎도열병(발생추정면적),0.0
2025,9,16,8,여수시,잎도열병(감수율),0.0
2025,9,16,8,여수시,잎도열병(피해율),0.0
2025,9,16,8,여수시,잎도열병(발생면적율),0.0
2025,9,16,8,여수시,이삭도열병(발생추정면적),0.0
2025,9,16,8,여수시,이삭도열병(감수율),0.0
2025,9,16,8,여수시,이삭도열병(피해율),0.0
2025,9,16,8,여수시,이삭도열병(발생면적율),0.0
2025,9,16,8,여수시,잎집무늬마름병(발생추정면적),14.699
2025,9,16,8,여수시,잎집무늬마름병(감수율),0.016
2025,9,16,8,여수시,잎집무늬마름병(피해율),0.081
2025,9,16,8,여수시,잎집무늬마름병(발생면적율),0.813
2025,9,16,8,여수시,흰잎마름병(발생추정면적),5.39
2025,9,16,8,여수시,흰잎마름병(감수율),0.003
2025,9,16,8,여수시,흰잎마름병(피해율),0.015
2025,9,16,8,여수시,흰잎마름병(발생면적율),0.298
2025,9,16,8,여수시,세균벼알마름병(발생추정면적),4.9
2025,9,16,8,여수시,세균벼알마름병(감수율),0.006
2025,9,16,8,여수시,세균벼알마름병(피해율),0.01
2025,9,16,8,여수시,세균벼알마름병(발생면적율),0.271
2025,9,16,8,여수시,줄무늬잎마름병(발생면적),0.0
2025,9,16,8,여수시,줄무늬잎마름병(감수율),0.0
2025,9,16,8,여수시,줄무늬잎마름병(피해율),0.0
2025,9,16,8,여수시,줄무늬잎마름병(발생면적률),0.0
2025,9,16,8,여수시,벼검은줄오갈병(발생면적),0.0
2025,9,16,8,여수시,벼검은줄오갈병(감수율),0.0
2025,9,16,8,여수시,벼검은줄오갈병(피해율),0.0
2025,9,16,8,여수시,벼검은줄오갈병(발생면적률),0.0
2025,9,16,8,여수시,오갈병(발생면적),0.0
2025,9,16,8,여수시,오갈병(감수율),0.0
2025,9,16,8,여수시,오갈병(피해율),0.0
2025,9,16,8,여수시,오갈병(발생면적률),0.0
2025,9,16,8,여수시,이삭누룩병(발생추정면적),0.0
2025,9,16,8,여수시,이삭누룩병(감수율),0.0
2025,9,16,8,여수시,이삭누룩병(피해율),0.0
2025,9,16,8,여수시,이삭누룩병(발생면적율),0.0
2025,9,16,8,여수시,깨씨무늬병(발생추정면적),58.796
2025,9,16,8,여수시,깨씨무늬병(감수율),0.222
2025,9,16,8,여수시,깨씨무늬병(피해율),1.111
2025,9,16,8,여수시,깨씨무늬병(발생면적율),3.252
2025,9,16,8,여수시,벼잎벌레(발생추정면적),0.0
2025,9,16,8,여수시,벼잎벌레(감수율),0.0
2025,9,16,8,여수시,벼잎벌레(피해율),0.0
2025,9,16,8,여수시,벼잎벌레(발생면적율),0.0
2025,9,16,8,여수시,벼애잎굴파리(발생추정면적),0.0
2025,9,16,8,여수시,벼애잎굴파리(감수율),0.0
2025,9,16,8,여수시,벼애잎굴파리(피해율),0.0
2025,9,16,8,여수시,벼애잎굴파리(발생면적율),0.0
2025,9,16,8,여수시,벼줄기굴파리(발생추정면적),0.0
2025,9,16,8,여수시,벼줄기굴파리(감수율),0.0
2025,9,16,8,여수시,벼줄기굴파리(피해율),0.0
2025,9,16,8,여수시,벼줄기굴파리(발생면적율),0.0
2025,9,16,8,여수시,애멸구(발생추정면적),0.0
2025,9,16,8,여수시,애멸구(감수율),0.0
2025,9,16,8,여수시,애멸구(피해율),0.0
2025,9,16,8,여수시,애멸구(발생면적율),0.0
2025,9,16,8,여수시,끝동매미충(발생추정면적),9.799
2025,9,16,8,여수시,끝동매미충(감수율),0.014
2025,9,16,8,여수시,끝동매미충(피해율),0.068
2025,9,16,8,여수시,끝동매미충(발생면적율),0.542
2025,9,16,8,여수시,벼멸구(발생추정면적),0.246
2025,9,16,8,여수시,벼멸구(감수율),0.001
2025,9,16,8,여수시,벼멸구(피해율),0.001
2025,9,16,8,여수시,벼멸구(발생면적율),0.014
2025,9,16,8,여수시,흰등멸구(발생추정면적),0.739
2025,9,16,8,여수시,흰등멸구(감수율),0.002
2025,9,16,8,여수시,흰등멸구(피해율),0.004
2025,9,16,8,여수시,흰등멸구(발생면적율),0.041
2025,9,16,8,여수시,벼물바구미(발생추정면적),0.0
2025,9,16,8,여수시,벼물바구미(감수율),0.0
2025,9,16,8,여수시,벼물바구미(피해율),0.0
2025,9,16,8,여수시,벼물바구미(발생면적율),0.0
2025,9,16,8,여수시,혹명나방(발생추정면적),10.779
2025,9,16,8,여수시,혹명나방(감수율),0.006
2025,9,16,8,여수시,혹명나방(피해율),0.03
2025,9,16,8,여수시,혹명나방(발생면적율),0.596
2025,9,16,8,여수시,멸강나방(발생추정면적),0.0
2025,9,16,8,여수시,멸강나방(감수율),0.0
2025,9,16,8,여수시,멸강나방(피해율),0.0
2025,9,16,8,여수시,멸강나방(발생면적율),0.0
2025,9,16,8,여수시,먹노린재(발생추정면적),0.0
2025,9,16,8,여수시,먹노린재(감수율),0.0
2025,9,16,8,여수시,먹노린재(피해율),0.0
2025,9,16,8,여수시,먹노린재(발생면적율),0.0
2025,9,16,8,여수시,이화명나방1화기(발생면적),0.0
2025,9,16,8,여수시,이화명나방1화기(감수율),0.0
2025,9,16,8,여수시,이화명나방1화기(피해율),0.0
2025,9,16,8,여수시,이화명나방1화기(발생면적률),0.0
2025,9,16,8,여수시,이화명나방2화기(발생면적),0.0
2025,9,16,8,여수시,이화명나방2화기(감수율),0.0
2025,9,16,8,여수시,이화명나방2화기(피해율),0.0
2025,9,16,8,여수시,이화명나방2화기(발생면적률),0.0
2025,9,16,8,여수시,바이러스병(발생추정면적),0.0
2025,9,16,8,여수시,바이러스병(감수율),0.0
2025,9,16,8,여수시,바이러스병(피해율),0.0
2025,9,16,8,여수시,바이러스병(발생면적율),0.0
2025,9,16,8,여수시,키다리병(발생추정면적),0.0
2025,9,16,8,여수시,키다리병(감수율),0.0
2025,9,16,8,여수시,키다리병(피해율),0.0
2025,9,16,8,여수시,키다리병(발생면적율),0.0
2025,9,16,8,여수시,이화명나방(발생추정면적),0.0
2025,9,16,8,여수시,이화명나방(감수율),0.0
2025,9,16,8,여수시,이화명나방(피해율),0.0
2025,9,16,8,여수시,이화명나방(발생면적율),0.0
2025,9,16,8,여수시,벼애나방(발생추정면적),0.0
2025,9,16,8,여수시,벼애나방(감수율),0.0
2025,9,16,8,여수시,벼애나방(피해율),0.0
2025,9,16,8,여수시,벼애나방(발생면적율),0.0
2025,9,16,8,여수시,벼잎선충(발생추정면적),0.0
2025,9,16,8,여수시,벼잎선충(감수율),0.0
2025,9,16,8,여수시,벼잎선충(피해율),0.0
2025,9,16,8,여수시,벼잎선충(발생면적율),0.0
2025,9,16,8,영광군,잎도열병(발생추정면적),0.0
2025,9,16,8,영광군,잎도열병(감수율),0.0
2025,9,16,8,영광군,잎도열병(피해율),0.0
2025,9,16,8,영광군,잎도열병(발생면적율),0.0
2025,9,16,8,영광군,이삭도열병(발생추정면적),0.0
2025,9,16,8,영광군,이삭도열병(감수율),0.0
2025,9,16,8,영광군,이삭도열병(피해율),0.0
2025,9,16,8,영광군,이삭도열병(발생면적율),0.0
2025,9,16,8,영광군,잎집무늬마름병(발생추정면적),0.0
2025,9,16,8,영광군,잎집무늬마름병(감수율),0.0
2025,9,16,8,영광군,잎집무늬마름병(피해율),0.0
2025,9,16,8,영광군,잎집무늬마름병(발생면적율),0.0
2025,9,16,8,영광군,흰잎마름병(발생추정면적),0.0
2025,9,16,8,영광군,흰잎마름병(감수율),0.0
2025,9,16,8,영광군,흰잎마름병(피해율),0.0
2025,9,16,8,영광군,흰잎마름병(발생면적율),0.0
2025,9,16,8,영광군,세균벼알마름병(발생추정면적),0.0
2025,9,16,8,영광군,세균벼알마름병(감수율),0.0
2025,9,16,8,영광군,세균벼알마름병(피해율),0.0
2025,9,16,8,영광군,세균벼알마름병(발생면적율),0.0
2025,9,16,8,영광군,줄무늬잎마름병(발생면적),0.0
2025,9,16,8,영광군,줄무늬잎마름병(감수율),0.0
2025,9,16,8,영광군,줄무늬잎마름병(피해율),0.0
2025,9,16,8,영광군,줄무늬잎마름병(발생면적률),0.0
2025,9,16,8,영광군,벼검은줄오갈병(발생면적),0.0
2025,9,16,8,영광군,벼검은줄오갈병(감수율),0.0
2025,9,16,8,영광군,벼검은줄오갈병(피해율),0.0
2025,9,16,8,영광군,벼검은줄오갈병(발생면적률),0.0
2025,9,16,8,영광군,오갈병(발생면적),0.0
2025,9,16,8,영광군,오갈병(감수율),0.0
2025,9,16,8,영광군,오갈병(피해율),0.0
2025,9,16,8,영광군,오갈병(발생면적률),0.0
2025,9,16,8,영광군,이삭누룩병(발생추정면적),0.0
2025,9,16,8,영광군,이삭누룩병(감수율),0.0
2025,9,16,8,영광군,이삭누룩병(피해율),0.0
2025,9,16,8,영광군,이삭누룩병(발생면적율),0.0
2025,9,16,8,영광군,깨씨무늬병(발생추정면적),0.0
2025,9,16,8,영광군,깨씨무늬병(감수율),0.0
2025,9,16,8,영광군,깨씨무늬병(피해율),0.0
2025,9,16,8,영광군,깨씨무늬병(발생면적율),0.0
2025,9,16,8,영광군,벼잎벌레(발생추정면적),0.0
2025,9,16,8,영광군,벼잎벌레(감수율),0.0
2025,9,16,8,영광군,벼잎벌레(피해율),0.0
2025,9,16,8,영광군,벼잎벌레(발생면적율),0.0
2025,9,16,8,영광군,벼애잎굴파리(발생추정면적),0.0
2025,9,16,8,영광군,벼애잎굴파리(감수율),0.0
2025,9,16,8,영광군,벼애잎굴파리(피해율),0.0
2025,9,16,8,영광군,벼애잎굴파리(발생면적율),0.0
2025,9,16,8,영광군,벼줄기굴파리(발생추정면적),0.0
2025,9,16,8,영광군,벼줄기굴파리(감수율),0.0
2025,9,16,8,영광군,벼줄기굴파리(피해율),0.0
2025,9,16,8,영광군,벼줄기굴파리(발생면적율),0.0
2025,9,16,8,영광군,애멸구(발생추정면적),0.0
2025,9,16,8,영광군,애멸구(감수율),0.0
2025,9,16,8,영광군,애멸구(피해율),0.0
2025,9,16,8,영광군,애멸구(발생면적율),0.0
2025,9,16,8,영광군,끝동매미충(발생추정면적),0.0
2025,9,16,8,영광군,끝동매미충(감수율),0.0
2025,9,16,8,영광군,끝동매미충(피해율),0.0
2025,9,16,8,영광군,끝동매미충(발생면적율),0.0
2025,9,16,8,영광군,벼멸구(발생추정면적),0.0
2025,9,16,8,영광군,벼멸구(감수율),0.0
2025,9,16,8,영광군,벼멸구(피해율),0.0
2025,9,16,8,영광군,벼멸구(발생면적율),0.0
2025,9,16,8,영광군,흰등멸구(발생추정면적),0.0
2025,9,16,8,영광군,흰등멸구(감수율),0.0
2025,9,16,8,영광군,흰등멸구(피해율),0.0
2025,9,16,8,영광군,흰등멸구(발생면적율),0.0
2025,9,16,8,영광군,벼물바구미(발생추정면적),0.0
2025,9,16,8,영광군,벼물바구미(감수율),0.0
2025,9,16,8,영광군,벼물바구미(피해율),0.0
2025,9,16,8,영광군,벼물바구미(발생면적율),0.0
2025,9,16,8,영광군,혹명나방(발생추정면적),0.0
2025,9,16,8,영광군,혹명나방(감수율),0.0
2025,9,16,8,영광군,혹명나방(피해율),0.0
2025,9,16,8,영광군,혹명나방(발생면적율),0.0
2025,9,16,8,영광군,멸강나방(발생추정면적),0.0
2025,9,16,8,영광군,멸강나방(감수율),0.0
2025,9,16,8,영광군,멸강나방(피해율),0.0
2025,9,16,8,영광군,멸강나방(발생면적율),0.0
2025,9,16,8,영광군,먹노린재(발생추정면적),0.0
2025,9,16,8,영광군,먹노린재(감수율),0.0
2025,9,16,8,영광군,먹노린재(피해율),0.0
2025,9,16,8,영광군,먹노린재(발생면적율),0.0
2025,9,16,8,영광군,이화명나방1화기(발생면적),0.0
2025,9,16,8,영광군,이화명나방1화기(감수율),0.0
2025,9,16,8,영광군,이화명나방1화기(피해율),0.0
2025,9,16,8,영광군,이화명나방1화기(발생면적률),0.0
2025,9,16,8,영광군,이화명나방2화기(발생면적),0.0
2025,9,16,8,영광군,이화명나방2화기(감수율),0.0
2025,9,16,8,영광군,이화명나방2화기(피해율),0.0
2025,9,16,8,영광군,이화명나방2화기(발생면적률),0.0
2025,9,16,8,영광군,바이러스병(발생추정면적),0.0
2025,9,16,8,영광군,바이러스병(감수율),0.0
2025,9,16,8,영광군,바이러스병(피해율),0.0
2025,9,16,8,영광군,바이러스병(발생면적율),0.0
2025,9,16,8,영광군,키다리병(발생추정면적),0.0
2025,9,16,8,영광군,키다리병(감수율),0.0
2025,9,16,8,영광군,키다리병(피해율),0.0
2025,9,16,8,영광군,키다리병(발생면적율),0.0
2025,9,16,8,영광군,이화명나방(발생추정면적),0.0
2025,9,16,8,영광군,이화명나방(감수율),0.0
2025,9,16,8,영광군,이화명나방(피해율),0.0
2025,9,16,8,영광군,이화명나방(발생면적율),0.0
2025,9,16,8,영광군,벼애나방(발생추정면적),0.0
2025,9,16,8,영광군,벼애나방(감수율),0.0
2025,9,16,8,영광군,벼애나방(피해율),0.0
2025,9,16,8,영광군,벼애나방(발생면적율),0.0
2025,9,16,8,영광군,벼잎선충(발생추정면적),0.0
2025,9,16,8,영광군,벼잎선충(감수율),0.0
2025,9,16,8,영광군,벼잎선충(피해율),0.0
2025,9,16,8,영광군,벼잎선충(발생면적율),0.0
2025,9,16,8,영암군,잎도열병(발생추정면적),0.0
2025,9,16,8,영암군,잎도열병(감수율),0.0
2025,9,16,8,영암군,잎도열병(피해율),0.0
2025,9,16,8,영암군,잎도열병(발생면적율),0.0
2025,9,16,8,영암군,이삭도열병(발생추정면적),0.0
2025,9,16,8,영암군,이삭도열병(감수율),0.0
2025,9,16,8,영암군,이삭도열병(피해율),0.0
2025,9,16,8,영암군,이삭도열병(발생면적율),0.0
2025,9,16,8,영암군,잎집무늬마름병(발생추정면적),45.466
2025,9,16,8,영암군,잎집무늬마름병(감수율),0.005
2025,9,16,8,영암군,잎집무늬마름병(피해율),0.025
2025,9,16,8,영암군,잎집무늬마름병(발생면적율),0.326
2025,9,16,8,영암군,흰잎마름병(발생추정면적),13.055
2025,9,16,8,영암군,흰잎마름병(감수율),0.001
2025,9,16,8,영암군,흰잎마름병(피해율),0.005
2025,9,16,8,영암군,흰잎마름병(발생면적율),0.094
2025,9,16,8,영암군,세균벼알마름병(발생추정면적),4.502
2025,9,16,8,영암군,세균벼알마름병(감수율),0.001
2025,9,16,8,영암군,세균벼알마름병(피해율),0.001
2025,9,16,8,영암군,세균벼알마름병(발생면적율),0.032
2025,9,16,8,영암군,줄무늬잎마름병(발생면적),0.0
2025,9,16,8,영암군,줄무늬잎마름병(감수율),0.0
2025,9,16,8,영암군,줄무늬잎마름병(피해율),0.0
2025,9,16,8,영암군,줄무늬잎마름병(발생면적률),0.0
2025,9,16,8,영암군,벼검은줄오갈병(발생면적),0.0
2025,9,16,8,영암군,벼검은줄오갈병(감수율),0.0
2025,9,16,8,영암군,벼검은줄오갈병(피해율),0.0
2025,9,16,8,영암군,벼검은줄오갈병(발생면적률),0.0
2025,9,16,8,영암군,오갈병(발생면적),0.0
2025,9,16,8,영암군,오갈병(감수율),0.0
2025,9,16,8,영암군,오갈병(피해율),0.0
2025,9,16,8,영암군,오갈병(발생면적률),0.0
2025,9,16,8,영암군,이삭누룩병(발생추정면적),0.0
2025,9,16,8,영암군,이삭누룩병(감수율),0.0
2025,9,16,8,영암군,이삭누룩병(피해율),0.0
2025,9,16,8,영암군,이삭누룩병(발생면적율),0.0
2025,9,16,8,영암군,깨씨무늬병(발생추정면적),24.309
2025,9,16,8,영암군,깨씨무늬병(감수율),0.002
2025,9,16,8,영암군,깨씨무늬병(피해율),0.009
2025,9,16,8,영암군,깨씨무늬병(발생면적율),0.174
2025,9,16,8,영암군,벼잎벌레(발생추정면적),0.0
2025,9,16,8,영암군,벼잎벌레(감수율),0.0
2025,9,16,8,영암군,벼잎벌레(피해율),0.0
2025,9,16,8,영암군,벼잎벌레(발생면적율),0.0
2025,9,16,8,영암군,벼애잎굴파리(발생추정면적),0.0
2025,9,16,8,영암군,벼애잎굴파리(감수율),0.0
2025,9,16,8,영암군,벼애잎굴파리(피해율),0.0
2025,9,16,8,영암군,벼애잎굴파리(발생면적율),0.0
2025,9,16,8,영암군,벼줄기굴파리(발생추정면적),0.0
2025,9,16,8,영암군,벼줄기굴파리(감수율),0.0
2025,9,16,8,영암군,벼줄기굴파리(피해율),0.0
2025,9,16,8,영암군,벼줄기굴파리(발생면적율),0.0
2025,9,16,8,영암군,애멸구(발생추정면적),0.0
2025,9,16,8,영암군,애멸구(감수율),0.0
2025,9,16,8,영암군,애멸구(피해율),0.0
2025,9,16,8,영암군,애멸구(발생면적율),0.0
2025,9,16,8,영암군,끝동매미충(발생추정면적),4.502
2025,9,16,8,영암군,끝동매미충(감수율),0.0
2025,9,16,8,영암군,끝동매미충(피해율),0.002
2025,9,16,8,영암군,끝동매미충(발생면적율),0.032
2025,9,16,8,영암군,벼멸구(발생추정면적),1.013
2025,9,16,8,영암군,벼멸구(감수율),0.0
2025,9,16,8,영암군,벼멸구(피해율),0.001
2025,9,16,8,영암군,벼멸구(발생면적율),0.008
2025,9,16,8,영암군,흰등멸구(발생추정면적),25.335
2025,9,16,8,영암군,흰등멸구(감수율),0.008
2025,9,16,8,영암군,흰등멸구(피해율),0.02
2025,9,16,8,영암군,흰등멸구(발생면적율),0.202
2025,9,16,8,영암군,벼물바구미(발생추정면적),0.0
2025,9,16,8,영암군,벼물바구미(감수율),0.0
2025,9,16,8,영암군,벼물바구미(피해율),0.0
2025,9,16,8,영암군,벼물바구미(발생면적율),0.0
2025,9,16,8,영암군,혹명나방(발생추정면적),4.502
2025,9,16,8,영암군,혹명나방(감수율),0.0
2025,9,16,8,영암군,혹명나방(피해율),0.002
2025,9,16,8,영암군,혹명나방(발생면적율),0.032
2025,9,16,8,영암군,멸강나방(발생추정면적),0.0
2025,9,16,8,영암군,멸강나방(감수율),0.0
2025,9,16,8,영암군,멸강나방(피해율),0.0
2025,9,16,8,영암군,멸강나방(발생면적율),0.0
2025,9,16,8,영암군,먹노린재(발생추정면적),4.952
2025,9,16,8,영암군,먹노린재(감수율),0.0
2025,9,16,8,영암군,먹노린재(피해율),0.002
2025,9,16,8,영암군,먹노린재(발생면적율),0.035
2025,9,16,8,영암군,이화명나방1화기(발생면적),0.0
2025,9,16,8,영암군,이화명나방1화기(감수율),0.0
2025,9,16,8,영암군,이화명나방1화기(피해율),0.0
2025,9,16,8,영암군,이화명나방1화기(발생면적률),0.0
2025,9,16,8,영암군,이화명나방2화기(발생면적),0.0
2025,9,16,8,영암군,이화명나방2화기(감수율),0.0
2025,9,16,8,영암군,이화명나방2화기(피해율),0.0
2025,9,16,8,영암군,이화명나방2화기(발생면적률),0.0
2025,9,16,8,영암군,바이러스병(발생추정면적),0.0
2025,9,16,8,영암군,바이러스병(감수율),0.0
2025,9,16,8,영암군,바이러스병(피해율),0.0
2025,9,16,8,영암군,바이러스병(발생면적율),0.0
2025,9,16,8,영암군,키다리병(발생추정면적),0.0
2025,9,16,8,영암군,키다리병(감수율),0.0
2025,9,16,8,영암군,키다리병(피해율),0.0
2025,9,16,8,영암군,키다리병(발생면적율),0.0
2025,9,16,8,영암군,이화명나방(발생추정면적),0.0
2025,9,16,8,영암군,이화명나방(감수율),0.0
2025,9,16,8,영암군,이화명나방(피해율),0.0
2025,9,16,8,영암군,이화명나방(발생면적율),0.0
2025,9,16,8,영암군,벼애나방(발생추정면적),0.0
2025,9,16,8,영암군,벼애나방(감수율),0.0
2025,9,16,8,영암군,벼애나방(피해율),0.0
2025,9,16,8,영암군,벼애나방(발생면적율),0.0
2025,9,16,8,영암군,벼잎선충(발생추정면적),0.0
2025,9,16,8,영암군,벼잎선충(감수율),0.0
2025,9,16,8,영암군,벼잎선충(피해율),0.0
2025,9,16,8,영암군,벼잎선충(발생면적율),0.0
2025,9,16,8,완도군,잎도열병(발생추정면적),0.0
2025,9,16,8,완도군,잎도열병(감수율),0.0
2025,9,16,8,완도군,잎도열병(피해율),0.0
2025,9,16,8,완도군,잎도열병(발생면적율),0.0
2025,9,16,8,완도군,이삭도열병(발생추정면적),0.0
2025,9,16,8,완도군,이삭도열병(감수율),0.0
2025,9,16,8,완도군,이삭도열병(피해율),0.0
2025,9,16,8,완도군,이삭도열병(발생면적율),0.0
2025,9,16,8,완도군,잎집무늬마름병(발생추정면적),10.237
2025,9,16,8,완도군,잎집무늬마름병(감수율),0.011
2025,9,16,8,완도군,잎집무늬마름병(피해율),0.055
2025,9,16,8,완도군,잎집무늬마름병(발생면적율),0.733
2025,9,16,8,완도군,흰잎마름병(발생추정면적),0.0
2025,9,16,8,완도군,흰잎마름병(감수율),0.0
2025,9,16,8,완도군,흰잎마름병(피해율),0.0
2025,9,16,8,완도군,흰잎마름병(발생면적율),0.0
2025,9,16,8,완도군,세균벼알마름병(발생추정면적),0.0
2025,9,16,8,완도군,세균벼알마름병(감수율),0.0
2025,9,16,8,완도군,세균벼알마름병(피해율),0.0
2025,9,16,8,완도군,세균벼알마름병(발생면적율),0.0
2025,9,16,8,완도군,줄무늬잎마름병(발생면적),0.0
2025,9,16,8,완도군,줄무늬잎마름병(감수율),0.0
2025,9,16,8,완도군,줄무늬잎마름병(피해율),0.0
2025,9,16,8,완도군,줄무늬잎마름병(발생면적률),0.0
2025,9,16,8,완도군,벼검은줄오갈병(발생면적),0.0
2025,9,16,8,완도군,벼검은줄오갈병(감수율),0.0
2025,9,16,8,완도군,벼검은줄오갈병(피해율),0.0
2025,9,16,8,완도군,벼검은줄오갈병(발생면적률),0.0
2025,9,16,8,완도군,오갈병(발생면적),0.0
2025,9,16,8,완도군,오갈병(감수율),0.0
2025,9,16,8,완도군,오갈병(피해율),0.0
2025,9,16,8,완도군,오갈병(발생면적률),0.0
2025,9,16,8,완도군,이삭누룩병(발생추정면적),0.0
2025,9,16,8,완도군,이삭누룩병(감수율),0.0
2025,9,16,8,완도군,이삭누룩병(피해율),0.0
2025,9,16,8,완도군,이삭누룩병(발생면적율),0.0
2025,9,16,8,완도군,깨씨무늬병(발생추정면적),279.2
2025,9,16,8,완도군,깨씨무늬병(감수율),0.85
2025,9,16,8,완도군,깨씨무늬병(피해율),4.25
2025,9,16,8,완도군,깨씨무늬병(발생면적율),20.0
2025,9,16,8,완도군,벼잎벌레(발생추정면적),0.0
2025,9,16,8,완도군,벼잎벌레(감수율),0.0
2025,9,16,8,완도군,벼잎벌레(피해율),0.0
2025,9,16,8,완도군,벼잎벌레(발생면적율),0.0
2025,9,16,8,완도군,벼애잎굴파리(발생추정면적),0.0
2025,9,16,8,완도군,벼애잎굴파리(감수율),0.0
2025,9,16,8,완도군,벼애잎굴파리(피해율),0.0
2025,9,16,8,완도군,벼애잎굴파리(발생면적율),0.0
2025,9,16,8,완도군,벼줄기굴파리(발생추정면적),0.0
2025,9,16,8,완도군,벼줄기굴파리(감수율),0.0
2025,9,16,8,완도군,벼줄기굴파리(피해율),0.0
2025,9,16,8,완도군,벼줄기굴파리(발생면적율),0.0
2025,9,16,8,완도군,애멸구(발생추정면적),0.0
2025,9,16,8,완도군,애멸구(감수율),0.0
2025,9,16,8,완도군,애멸구(피해율),0.0
2025,9,16,8,완도군,애멸구(발생면적율),0.0
2025,9,16,8,완도군,끝동매미충(발생추정면적),0.0
2025,9,16,8,완도군,끝동매미충(감수율),0.0
2025,9,16,8,완도군,끝동매미충(피해율),0.0
2025,9,16,8,완도군,끝동매미충(발생면적율),0.0
2025,9,16,8,완도군,벼멸구(발생추정면적),0.519
2025,9,16,8,완도군,벼멸구(감수율),0.001
2025,9,16,8,완도군,벼멸구(피해율),0.003
2025,9,16,8,완도군,벼멸구(발생면적율),0.033
2025,9,16,8,완도군,흰등멸구(발생추정면적),2.595
2025,9,16,8,완도군,흰등멸구(감수율),0.007
2025,9,16,8,완도군,흰등멸구(피해율),0.017
2025,9,16,8,완도군,흰등멸구(발생면적율),0.167
2025,9,16,8,완도군,벼물바구미(발생추정면적),0.0
2025,9,16,8,완도군,벼물바구미(감수율),0.0
2025,9,16,8,완도군,벼물바구미(피해율),0.0
2025,9,16,8,완도군,벼물바구미(발생면적율),0.0
2025,9,16,8,완도군,혹명나방(발생추정면적),1.396
2025,9,16,8,완도군,혹명나방(감수율),0.001
2025,9,16,8,완도군,혹명나방(피해율),0.005
2025,9,16,8,완도군,혹명나방(발생면적율),0.1
2025,9,16,8,완도군,멸강나방(발생추정면적),0.0
2025,9,16,8,완도군,멸강나방(감수율),0.0
2025,9,16,8,완도군,멸강나방(피해율),0.0
2025,9,16,8,완도군,멸강나방(발생면적율),0.0
2025,9,16,8,완도군,먹노린재(발생추정면적),0.0
2025,9,16,8,완도군,먹노린재(감수율),0.0
2025,9,16,8,완도군,먹노린재(피해율),0.0
2025,9,16,8,완도군,먹노린재(발생면적율),0.0
2025,9,16,8,완도군,이화명나방1화기(발생면적),0.0
2025,9,16,8,완도군,이화명나방1화기(감수율),0.0
2025,9,16,8,완도군,이화명나방1화기(피해율),0.0
2025,9,16,8,완도군,이화명나방1화기(발생면적률),0.0
2025,9,16,8,완도군,이화명나방2화기(발생면적),0.0
2025,9,16,8,완도군,이화명나방2화기(감수율),0.0
2025,9,16,8,완도군,이화명나방2화기(피해율),0.0
2025,9,16,8,완도군,이화명나방2화기(발생면적률),0.0
2025,9,16,8,완도군,바이러스병(발생추정면적),0.0
2025,9,16,8,완도군,바이러스병(감수율),0.0
2025,9,16,8,완도군,바이러스병(피해율),0.0
2025,9,16,8,완도군,바이러스병(발생면적율),0.0
2025,9,16,8,완도군,키다리병(발생추정면적),0.0
2025,9,16,8,완도군,키다리병(감수율),0.0
2025,9,16,8,완도군,키다리병(피해율),0.0
2025,9,16,8,완도군,키다리병(발생면적율),0.0
2025,9,16,8,완도군,이화명나방(발생추정면적),0.0
2025,9,16,8,완도군,이화명나방(감수율),0.0
2025,9,16,8,완도군,이화명나방(피해율),0.0
2025,9,16,8,완도군,이화명나방(발생면적율),0.0
2025,9,16,8,완도군,벼애나방(발생추정면적),0.0
2025,9,16,8,완도군,벼애나방(감수율),0.0
2025,9,16,8,완도군,벼애나방(피해율),0.0
2025,9,16,8,완도군,벼애나방(발생면적율),0.0
2025,9,16,8,완도군,벼잎선충(발생추정면적),0.0
2025,9,16,8,완도군,벼잎선충(감수율),0.0
2025,9,16,8,완도군,벼잎선충(피해율),0.0
2025,9,16,8,완도군,벼잎선충(발생면적율),0.0
2025,9,16,8,장성군,잎도열병(발생추정면적),0.0
2025,9,16,8,장성군,잎도열병(감수율),0.0
2025,9,16,8,장성군,잎도열병(피해율),0.0
2025,9,16,8,장성군,잎도열병(발생면적율),0.0
2025,9,16,8,장성군,이삭도열병(발생추정면적),0.0
2025,9,16,8,장성군,이삭도열병(감수율),0.0
2025,9,16,8,장성군,이삭도열병(피해율),0.0
2025,9,16,8,장성군,이삭도열병(발생면적율),0.0
2025,9,16,8,장성군,잎집무늬마름병(발생추정면적),0.0
2025,9,16,8,장성군,잎집무늬마름병(감수율),0.0
2025,9,16,8,장성군,잎집무늬마름병(피해율),0.0
2025,9,16,8,장성군,잎집무늬마름병(발생면적율),0.0
2025,9,16,8,장성군,흰잎마름병(발생추정면적),0.0
2025,9,16,8,장성군,흰잎마름병(감수율),0.0
2025,9,16,8,장성군,흰잎마름병(피해율),0.0
2025,9,16,8,장성군,흰잎마름병(발생면적율),0.0
2025,9,16,8,장성군,세균벼알마름병(발생추정면적),0.0
2025,9,16,8,장성군,세균벼알마름병(감수율),0.0
2025,9,16,8,장성군,세균벼알마름병(피해율),0.0
2025,9,16,8,장성군,세균벼알마름병(발생면적율),0.0
2025,9,16,8,장성군,줄무늬잎마름병(발생면적),0.0
2025,9,16,8,장성군,줄무늬잎마름병(감수율),0.0
2025,9,16,8,장성군,줄무늬잎마름병(피해율),0.0
2025,9,16,8,장성군,줄무늬잎마름병(발생면적률),0.0
2025,9,16,8,장성군,벼검은줄오갈병(발생면적),0.0
2025,9,16,8,장성군,벼검은줄오갈병(감수율),0.0
2025,9,16,8,장성군,벼검은줄오갈병(피해율),0.0
2025,9,16,8,장성군,벼검은줄오갈병(발생면적률),0.0
2025,9,16,8,장성군,오갈병(발생면적),0.0
2025,9,16,8,장성군,오갈병(감수율),0.0
2025,9,16,8,장성군,오갈병(피해율),0.0
2025,9,16,8,장성군,오갈병(발생면적률),0.0
2025,9,16,8,장성군,이삭누룩병(발생추정면적),0.0
2025,9,16,8,장성군,이삭누룩병(감수율),0.0
2025,9,16,8,장성군,이삭누룩병(피해율),0.0
2025,9,16,8,장성군,이삭누룩병(발생면적율),0.0
2025,9,16,8,장성군,깨씨무늬병(발생추정면적),0.0
2025,9,16,8,장성군,깨씨무늬병(감수율),0.0
2025,9,16,8,장성군,깨씨무늬병(피해율),0.0
2025,9,16,8,장성군,깨씨무늬병(발생면적율),0.0
2025,9,16,8,장성군,벼잎벌레(발생추정면적),0.0
2025,9,16,8,장성군,벼잎벌레(감수율),0.0
2025,9,16,8,장성군,벼잎벌레(피해율),0.0
2025,9,16,8,장성군,벼잎벌레(발생면적율),0.0
2025,9,16,8,장성군,벼애잎굴파리(발생추정면적),0.0
2025,9,16,8,장성군,벼애잎굴파리(감수율),0.0
2025,9,16,8,장성군,벼애잎굴파리(피해율),0.0
2025,9,16,8,장성군,벼애잎굴파리(발생면적율),0.0
2025,9,16,8,장성군,벼줄기굴파리(발생추정면적),0.0
2025,9,16,8,장성군,벼줄기굴파리(감수율),0.0
2025,9,16,8,장성군,벼줄기굴파리(피해율),0.0
2025,9,16,8,장성군,벼줄기굴파리(발생면적율),0.0
2025,9,16,8,장성군,애멸구(발생추정면적),0.0
2025,9,16,8,장성군,애멸구(감수율),0.0
2025,9,16,8,장성군,애멸구(피해율),0.0
2025,9,16,8,장성군,애멸구(발생면적율),0.0
2025,9,16,8,장성군,끝동매미충(발생추정면적),0.0
2025,9,16,8,장성군,끝동매미충(감수율),0.0
2025,9,16,8,장성군,끝동매미충(피해율),0.0
2025,9,16,8,장성군,끝동매미충(발생면적율),0.0
2025,9,16,8,장성군,벼멸구(발생추정면적),0.0
2025,9,16,8,장성군,벼멸구(감수율),0.0
2025,9,16,8,장성군,벼멸구(피해율),0.0
2025,9,16,8,장성군,벼멸구(발생면적율),0.0
2025,9,16,8,장성군,흰등멸구(발생추정면적),0.0
2025,9,16,8,장성군,흰등멸구(감수율),0.0
2025,9,16,8,장성군,흰등멸구(피해율),0.0
2025,9,16,8,장성군,흰등멸구(발생면적율),0.0
2025,9,16,8,장성군,벼물바구미(발생추정면적),0.0
2025,9,16,8,장성군,벼물바구미(감수율),0.0
2025,9,16,8,장성군,벼물바구미(피해율),0.0
2025,9,16,8,장성군,벼물바구미(발생면적율),0.0
2025,9,16,8,장성군,혹명나방(발생추정면적),0.0
2025,9,16,8,장성군,혹명나방(감수율),0.0
2025,9,16,8,장성군,혹명나방(피해율),0.0
2025,9,16,8,장성군,혹명나방(발생면적율),0.0
2025,9,16,8,장성군,멸강나방(발생추정면적),0.0
2025,9,16,8,장성군,멸강나방(감수율),0.0
2025,9,16,8,장성군,멸강나방(피해율),0.0
2025,9,16,8,장성군,멸강나방(발생면적율),0.0
2025,9,16,8,장성군,먹노린재(발생추정면적),0.0
2025,9,16,8,장성군,먹노린재(감수율),0.0
2025,9,16,8,장성군,먹노린재(피해율),0.0
2025,9,16,8,장성군,먹노린재(발생면적율),0.0
2025,9,16,8,장성군,이화명나방1화기(발생면적),0.0
2025,9,16,8,장성군,이화명나방1화기(감수율),0.0
2025,9,16,8,장성군,이화명나방1화기(피해율),0.0
2025,9,16,8,장성군,이화명나방1화기(발생면적률),0.0
2025,9,16,8,장성군,이화명나방2화기(발생면적),0.0
2025,9,16,8,장성군,이화명나방2화기(감수율),0.0
2025,9,16,8,장성군,이화명나방2화기(피해율),0.0
2025,9,16,8,장성군,이화명나방2화기(발생면적률),0.0
2025,9,16,8,장성군,바이러스병(발생추정면적),0.0
2025,9,16,8,장성군,바이러스병(감수율),0.0
2025,9,16,8,장성군,바이러스병(피해율),0.0
2025,9,16,8,장성군,바이러스병(발생면적율),0.0
2025,9,16,8,장성군,키다리병(발생추정면적),0.0
2025,9,16,8,장성군,키다리병(감수율),0.0
2025,9,16,8,장성군,키다리병(피해율),0.0
2025,9,16,8,장성군,키다리병(발생면적율),0.0
2025,9,16,8,장성군,이화명나방(발생추정면적),0.0
2025,9,16,8,장성군,이화명나방(감수율),0.0
2025,9,16,8,장성군,이화명나방(피해율),0.0
2025,9,16,8,장성군,이화명나방(발생면적율),0.0
2025,9,16,8,장성군,벼애나방(발생추정면적),0.0
2025,9,16,8,장성군,벼애나방(감수율),0.0
2025,9,16,8,장성군,벼애나방(피해율),0.0
2025,9,16,8,장성군,벼애나방(발생면적율),0.0
2025,9,16,8,장성군,벼잎선충(발생추정면적),0.0
2025,9,16,8,장성군,벼잎선충(감수율),0.0
2025,9,16,8,장성군,벼잎선충(피해율),0.0
2025,9,16,8,장성군,벼잎선충(발생면적율),0.0
2025,9,16,8,장흥군,잎도열병(발생추정면적),7.132
2025,9,16,8,장흥군,잎도열병(감수율),0.0
2025,9,16,8,장흥군,잎도열병(피해율),0.0
2025,9,16,8,장흥군,잎도열병(발생면적율),0.096
2025,9,16,8,장흥군,이삭도열병(발생추정면적),0.0
2025,9,16,8,장흥군,이삭도열병(감수율),0.0
2025,9,16,8,장흥군,이삭도열병(피해율),0.0
2025,9,16,8,장흥군,이삭도열병(발생면적율),0.0
2025,9,16,8,장흥군,잎집무늬마름병(발생추정면적),82.018
2025,9,16,8,장흥군,잎집무늬마름병(감수율),0.017
2025,9,16,8,장흥군,잎집무늬마름병(피해율),0.083
2025,9,16,8,장흥군,잎집무늬마름병(발생면적율),1.108
2025,9,16,8,장흥군,흰잎마름병(발생추정면적),24.962
2025,9,16,8,장흥군,흰잎마름병(감수율),0.004
2025,9,16,8,장흥군,흰잎마름병(피해율),0.017
2025,9,16,8,장흥군,흰잎마름병(발생면적율),0.337
2025,9,16,8,장흥군,세균벼알마름병(발생추정면적),0.0
2025,9,16,8,장흥군,세균벼알마름병(감수율),0.0
2025,9,16,8,장흥군,세균벼알마름병(피해율),0.0
2025,9,16,8,장흥군,세균벼알마름병(발생면적율),0.0
2025,9,16,8,장흥군,줄무늬잎마름병(발생면적),0.0
2025,9,16,8,장흥군,줄무늬잎마름병(감수율),0.0
2025,9,16,8,장흥군,줄무늬잎마름병(피해율),0.0
2025,9,16,8,장흥군,줄무늬잎마름병(발생면적률),0.0
2025,9,16,8,장흥군,벼검은줄오갈병(발생면적),0.0
2025,9,16,8,장흥군,벼검은줄오갈병(감수율),0.0
2025,9,16,8,장흥군,벼검은줄오갈병(피해율),0.0
2025,9,16,8,장흥군,벼검은줄오갈병(발생면적률),0.0
2025,9,16,8,장흥군,오갈병(발생면적),0.0
2025,9,16,8,장흥군,오갈병(감수율),0.0
2025,9,16,8,장흥군,오갈병(피해율),0.0
2025,9,16,8,장흥군,오갈병(발생면적률),0.0
2025,9,16,8,장흥군,이삭누룩병(발생추정면적),0.0
2025,9,16,8,장흥군,이삭누룩병(감수율),0.0
2025,9,16,8,장흥군,이삭누룩병(피해율),0.0
2025,9,16,8,장흥군,이삭누룩병(발생면적율),0.0
2025,9,16,8,장흥군,깨씨무늬병(발생추정면적),78.452
2025,9,16,8,장흥군,깨씨무늬병(감수율),0.011
2025,9,16,8,장흥군,깨씨무늬병(피해율),0.053
2025,9,16,8,장흥군,깨씨무늬병(발생면적율),1.06
2025,9,16,8,장흥군,벼잎벌레(발생추정면적),0.0
2025,9,16,8,장흥군,벼잎벌레(감수율),0.0
2025,9,16,8,장흥군,벼잎벌레(피해율),0.0
2025,9,16,8,장흥군,벼잎벌레(발생면적율),0.0
2025,9,16,8,장흥군,벼애잎굴파리(발생추정면적),0.0
2025,9,16,8,장흥군,벼애잎굴파리(감수율),0.0
2025,9,16,8,장흥군,벼애잎굴파리(피해율),0.0
2025,9,16,8,장흥군,벼애잎굴파리(발생면적율),0.0
2025,9,16,8,장흥군,벼줄기굴파리(발생추정면적),0.0
2025,9,16,8,장흥군,벼줄기굴파리(감수율),0.0
2025,9,16,8,장흥군,벼줄기굴파리(피해율),0.0
2025,9,16,8,장흥군,벼줄기굴파리(발생면적율),0.0
2025,9,16,8,장흥군,애멸구(발생추정면적),0.0
2025,9,16,8,장흥군,애멸구(감수율),0.0
2025,9,16,8,장흥군,애멸구(피해율),0.0
2025,9,16,8,장흥군,애멸구(발생면적율),0.0
2025,9,16,8,장흥군,끝동매미충(발생추정면적),0.0
2025,9,16,8,장흥군,끝동매미충(감수율),0.0
2025,9,16,8,장흥군,끝동매미충(피해율),0.0
2025,9,16,8,장흥군,끝동매미충(발생면적율),0.0
2025,9,16,8,장흥군,벼멸구(발생추정면적),0.0
2025,9,16,8,장흥군,벼멸구(감수율),0.0
2025,9,16,8,장흥군,벼멸구(피해율),0.0
2025,9,16,8,장흥군,벼멸구(발생면적율),0.0
2025,9,16,8,장흥군,흰등멸구(발생추정면적),0.0
2025,9,16,8,장흥군,흰등멸구(감수율),0.0
2025,9,16,8,장흥군,흰등멸구(피해율),0.0
2025,9,16,8,장흥군,흰등멸구(발생면적율),0.0
2025,9,16,8,장흥군,벼물바구미(발생추정면적),0.0
2025,9,16,8,장흥군,벼물바구미(감수율),0.0
2025,9,16,8,장흥군,벼물바구미(피해율),0.0
2025,9,16,8,장흥군,벼물바구미(발생면적율),0.0
2025,9,16,8,장흥군,혹명나방(발생추정면적),0.0
2025,9,16,8,장흥군,혹명나방(감수율),0.0
2025,9,16,8,장흥군,혹명나방(피해율),0.0
2025,9,16,8,장흥군,혹명나방(발생면적율),0.0
2025,9,16,8,장흥군,멸강나방(발생추정면적),0.0
2025,9,16,8,장흥군,멸강나방(감수율),0.0
2025,9,16,8,장흥군,멸강나방(피해율),0.0
2025,9,16,8,장흥군,멸강나방(발생면적율),0.0
2025,9,16,8,장흥군,먹노린재(발생추정면적),0.0
2025,9,16,8,장흥군,먹노린재(감수율),0.0
2025,9,16,8,장흥군,먹노린재(피해율),0.0
2025,9,16,8,장흥군,먹노린재(발생면적율),0.0
2025,9,16,8,장흥군,이화명나방1화기(발생면적),0.0
2025,9,16,8,장흥군,이화명나방1화기(감수율),0.0
2025,9,16,8,장흥군,이화명나방1화기(피해율),0.0
2025,9,16,8,장흥군,이화명나방1화기(발생면적률),0.0
2025,9,16,8,장흥군,이화명나방2화기(발생면적),0.0
2025,9,16,8,장흥군,이화명나방2화기(감수율),0.0
2025,9,16,8,장흥군,이화명나방2화기(피해율),0.0
2025,9,16,8,장흥군,이화명나방2화기(발생면적률),0.0
2025,9,16,8,장흥군,바이러스병(발생추정면적),0.0
2025,9,16,8,장흥군,바이러스병(감수율),0.0
2025,9,16,8,장흥군,바이러스병(피해율),0.0
2025,9,16,8,장흥군,바이러스병(발생면적율),0.0
2025,9,16,8,장흥군,키다리병(발생추정면적),0.0
2025,9,16,8,장흥군,키다리병(감수율),0.0
2025,9,16,8,장흥군,키다리병(피해율),0.0
2025,9,16,8,장흥군,키다리병(발생면적율),0.0
2025,9,16,8,장흥군,이화명나방(발생추정면적),0.0
2025,9,16,8,장흥군,이화명나방(감수율),0.0
2025,9,16,8,장흥군,이화명나방(피해율),0.0
2025,9,16,8,장흥군,이화명나방(발생면적율),0.0
2025,9,16,8,장흥군,벼애나방(발생추정면적),0.0
2025,9,16,8,장흥군,벼애나방(감수율),0.0
2025,9,16,8,장흥군,벼애나방(피해율),0.0
2025,9,16,8,장흥군,벼애나방(발생면적율),0.0
2025,9,16,8,장흥군,벼잎선충(발생추정면적),0.0
2025,9,16,8,장흥군,벼잎선충(감수율),0.0
2025,9,16,8,장흥군,벼잎선충(피해율),0.0
2025,9,16,8,장흥군,벼잎선충(발생면적율),0.0
2025,9,16,8,진도군,잎도열병(발생추정면적),0.0
2025,9,16,8,진도군,잎도열병(감수율),0.0
2025,9,16,8,진도군,잎도열병(피해율),0.0
2025,9,16,8,진도군,잎도열병(발생면적율),0.0
2025,9,16,8,진도군,이삭도열병(발생추정면적),0.0
2025,9,16,8,진도군,이삭도열병(감수율),0.0
2025,9,16,8,진도군,이삭도열병(피해율),0.0
2025,9,16,8,진도군,이삭도열병(발생면적율),0.0
2025,9,16,8,진도군,잎집무늬마름병(발생추정면적),116.283
2025,9,16,8,진도군,잎집무늬마름병(감수율),0.034
2025,9,16,8,진도군,잎집무늬마름병(피해율),0.172
2025,9,16,8,진도군,잎집무늬마름병(발생면적율),2.137
2025,9,16,8,진도군,흰잎마름병(발생추정면적),0.0
2025,9,16,8,진도군,흰잎마름병(감수율),0.0
2025,9,16,8,진도군,흰잎마름병(피해율),0.0
2025,9,16,8,진도군,흰잎마름병(발생면적율),0.0
2025,9,16,8,진도군,세균벼알마름병(발생추정면적),0.0
2025,9,16,8,진도군,세균벼알마름병(감수율),0.0
2025,9,16,8,진도군,세균벼알마름병(피해율),0.0
2025,9,16,8,진도군,세균벼알마름병(발생면적율),0.0
2025,9,16,8,진도군,줄무늬잎마름병(발생면적),0.0
2025,9,16,8,진도군,줄무늬잎마름병(감수율),0.0
2025,9,16,8,진도군,줄무늬잎마름병(피해율),0.0
2025,9,16,8,진도군,줄무늬잎마름병(발생면적률),0.0
2025,9,16,8,진도군,벼검은줄오갈병(발생면적),0.0
2025,9,16,8,진도군,벼검은줄오갈병(감수율),0.0
2025,9,16,8,진도군,벼검은줄오갈병(피해율),0.0
2025,9,16,8,진도군,벼검은줄오갈병(발생면적률),0.0
2025,9,16,8,진도군,오갈병(발생면적),0.0
2025,9,16,8,진도군,오갈병(감수율),0.0
2025,9,16,8,진도군,오갈병(피해율),0.0
2025,9,16,8,진도군,오갈병(발생면적률),0.0
2025,9,16,8,진도군,이삭누룩병(발생추정면적),0.0
2025,9,16,8,진도군,이삭누룩병(감수율),0.0
2025,9,16,8,진도군,이삭누룩병(피해율),0.0
2025,9,16,8,진도군,이삭누룩병(발생면적율),0.0
2025,9,16,8,진도군,깨씨무늬병(발생추정면적),92.853
2025,9,16,8,진도군,깨씨무늬병(감수율),0.041
2025,9,16,8,진도군,깨씨무늬병(피해율),0.202
2025,9,16,8,진도군,깨씨무늬병(발생면적율),1.707
2025,9,16,8,진도군,벼잎벌레(발생추정면적),0.0
2025,9,16,8,진도군,벼잎벌레(감수율),0.0
2025,9,16,8,진도군,벼잎벌레(피해율),0.0
2025,9,16,8,진도군,벼잎벌레(발생면적율),0.0
2025,9,16,8,진도군,벼애잎굴파리(발생추정면적),0.0
2025,9,16,8,진도군,벼애잎굴파리(감수율),0.0
2025,9,16,8,진도군,벼애잎굴파리(피해율),0.0
2025,9,16,8,진도군,벼애잎굴파리(발생면적율),0.0
2025,9,16,8,진도군,벼줄기굴파리(발생추정면적),0.0
2025,9,16,8,진도군,벼줄기굴파리(감수율),0.0
2025,9,16,8,진도군,벼줄기굴파리(피해율),0.0
2025,9,16,8,진도군,벼줄기굴파리(발생면적율),0.0
2025,9,16,8,진도군,애멸구(발생추정면적),0.0
2025,9,16,8,진도군,애멸구(감수율),0.0
2025,9,16,8,진도군,애멸구(피해율),0.0
2025,9,16,8,진도군,애멸구(발생면적율),0.0
2025,9,16,8,진도군,끝동매미충(발생추정면적),3.471
2025,9,16,8,진도군,끝동매미충(감수율),0.001
2025,9,16,8,진도군,끝동매미충(피해율),0.003
2025,9,16,8,진도군,끝동매미충(발생면적율),0.064
2025,9,16,8,진도군,벼멸구(발생추정면적),0.224
2025,9,16,8,진도군,벼멸구(감수율),0.0
2025,9,16,8,진도군,벼멸구(피해율),0.0
2025,9,16,8,진도군,벼멸구(발생면적율),0.004
2025,9,16,8,진도군,흰등멸구(발생추정면적),3.136
2025,9,16,8,진도군,흰등멸구(감수율),0.002
2025,9,16,8,진도군,흰등멸구(피해율),0.006
2025,9,16,8,진도군,흰등멸구(발생면적율),0.056
2025,9,16,8,진도군,벼물바구미(발생추정면적),0.0
2025,9,16,8,진도군,벼물바구미(감수율),0.0
2025,9,16,8,진도군,벼물바구미(피해율),0.0
2025,9,16,8,진도군,벼물바구미(발생면적율),0.0
2025,9,16,8,진도군,혹명나방(발생추정면적),0.868
2025,9,16,8,진도군,혹명나방(감수율),0.0
2025,9,16,8,진도군,혹명나방(피해율),0.001
2025,9,16,8,진도군,혹명나방(발생면적율),0.016
2025,9,16,8,진도군,멸강나방(발생추정면적),0.0
2025,9,16,8,진도군,멸강나방(감수율),0.0
2025,9,16,8,진도군,멸강나방(피해율),0.0
2025,9,16,8,진도군,멸강나방(발생면적율),0.0
2025,9,16,8,진도군,먹노린재(발생추정면적),0.0
2025,9,16,8,진도군,먹노린재(감수율),0.0
2025,9,16,8,진도군,먹노린재(피해율),0.0
2025,9,16,8,진도군,먹노린재(발생면적율),0.0
2025,9,16,8,진도군,이화명나방1화기(발생면적),0.0
2025,9,16,8,진도군,이화명나방1화기(감수율),0.0
2025,9,16,8,진도군,이화명나방1화기(피해율),0.0
2025,9,16,8,진도군,이화명나방1화기(발생면적률),0.0
2025,9,16,8,진도군,이화명나방2화기(발생면적),0.0
2025,9,16,8,진도군,이화명나방2화기(감수율),0.0
2025,9,16,8,진도군,이화명나방2화기(피해율),0.0
2025,9,16,8,진도군,이화명나방2화기(발생면적률),0.0
2025,9,16,8,진도군,바이러스병(발생추정면적),0.0
2025,9,16,8,진도군,바이러스병(감수율),0.0
2025,9,16,8,진도군,바이러스병(피해율),0.0
2025,9,16,8,진도군,바이러스병(발생면적율),0.0
2025,9,16,8,진도군,키다리병(발생추정면적),0.0
2025,9,16,8,진도군,키다리병(감수율),0.0
2025,9,16,8,진도군,키다리병(피해율),0.0
2025,9,16,8,진도군,키다리병(발생면적율),0.0
2025,9,16,8,진도군,이화명나방(발생추정면적),0.0
2025,9,16,8,진도군,이화명나방(감수율),0.0
2025,9,16,8,진도군,이화명나방(피해율),0.0
2025,9,16,8,진도군,이화명나방(발생면적율),0.0
2025,9,16,8,진도군,벼애나방(발생추정면적),0.0
2025,9,16,8,진도군,벼애나방(감수율),0.0
2025,9,16,8,진도군,벼애나방(피해율),0.0
2025,9,16,8,진도군,벼애나방(발생면적율),0.0
2025,9,16,8,진도군,벼잎선충(발생추정면적),0.0
2025,9,16,8,진도군,벼잎선충(감수율),0.0
2025,9,16,8,진도군,벼잎선충(피해율),0.0
2025,9,16,8,진도군,벼잎선충(발생면적율),0.0
2025,9,16,8,함평군,잎도열병(발생추정면적),0.0
2025,9,16,8,함평군,잎도열병(감수율),0.0
2025,9,16,8,함평군,잎도열병(피해율),0.0
2025,9,16,8,함평군,잎도열병(발생면적율),0.0
2025,9,16,8,함평군,이삭도열병(발생추정면적),0.0
2025,9,16,8,함평군,이삭도열병(감수율),0.0
2025,9,16,8,함평군,이삭도열병(피해율),0.0
2025,9,16,8,함평군,이삭도열병(발생면적율),0.0
2025,9,16,8,함평군,잎집무늬마름병(발생추정면적),12.702
2025,9,16,8,함평군,잎집무늬마름병(감수율),0.003
2025,9,16,8,함평군,잎집무늬마름병(피해율),0.016
2025,9,16,8,함평군,잎집무늬마름병(발생면적율),0.209
2025,9,16,8,함평군,흰잎마름병(발생추정면적),0.0
2025,9,16,8,함평군,흰잎마름병(감수율),0.0
2025,9,16,8,함평군,흰잎마름병(피해율),0.0
2025,9,16,8,함평군,흰잎마름병(발생면적율),0.0
2025,9,16,8,함평군,세균벼알마름병(발생추정면적),9.359
2025,9,16,8,함평군,세균벼알마름병(감수율),0.003
2025,9,16,8,함평군,세균벼알마름병(피해율),0.006
2025,9,16,8,함평군,세균벼알마름병(발생면적율),0.154
2025,9,16,8,함평군,줄무늬잎마름병(발생면적),0.0
2025,9,16,8,함평군,줄무늬잎마름병(감수율),0.0
2025,9,16,8,함평군,줄무늬잎마름병(피해율),0.0
2025,9,16,8,함평군,줄무늬잎마름병(발생면적률),0.0
2025,9,16,8,함평군,벼검은줄오갈병(발생면적),0.0
2025,9,16,8,함평군,벼검은줄오갈병(감수율),0.0
2025,9,16,8,함평군,벼검은줄오갈병(피해율),0.0
2025,9,16,8,함평군,벼검은줄오갈병(발생면적률),0.0
2025,9,16,8,함평군,오갈병(발생면적),0.0
2025,9,16,8,함평군,오갈병(감수율),0.0
2025,9,16,8,함평군,오갈병(피해율),0.0
2025,9,16,8,함평군,오갈병(발생면적률),0.0
2025,9,16,8,함평군,이삭누룩병(발생추정면적),0.0
2025,9,16,8,함평군,이삭누룩병(감수율),0.0
2025,9,16,8,함평군,이삭누룩병(피해율),0.0
2025,9,16,8,함평군,이삭누룩병(발생면적율),0.0
2025,9,16,8,함평군,깨씨무늬병(발생추정면적),12.034
2025,9,16,8,함평군,깨씨무늬병(감수율),0.002
2025,9,16,8,함평군,깨씨무늬병(피해율),0.01
2025,9,16,8,함평군,깨씨무늬병(발생면적율),0.197
2025,9,16,8,함평군,벼잎벌레(발생추정면적),0.0
2025,9,16,8,함평군,벼잎벌레(감수율),0.0
2025,9,16,8,함평군,벼잎벌레(피해율),0.0
2025,9,16,8,함평군,벼잎벌레(발생면적율),0.0
2025,9,16,8,함평군,벼애잎굴파리(발생추정면적),0.0
2025,9,16,8,함평군,벼애잎굴파리(감수율),0.0
2025,9,16,8,함평군,벼애잎굴파리(피해율),0.0
2025,9,16,8,함평군,벼애잎굴파리(발생면적율),0.0
2025,9,16,8,함평군,벼줄기굴파리(발생추정면적),0.0
2025,9,16,8,함평군,벼줄기굴파리(감수율),0.0
2025,9,16,8,함평군,벼줄기굴파리(피해율),0.0
2025,9,16,8,함평군,벼줄기굴파리(발생면적율),0.0
2025,9,16,8,함평군,애멸구(발생추정면적),0.0
2025,9,16,8,함평군,애멸구(감수율),0.0
2025,9,16,8,함평군,애멸구(피해율),0.0
2025,9,16,8,함평군,애멸구(발생면적율),0.0
2025,9,16,8,함평군,끝동매미충(발생추정면적),0.0
2025,9,16,8,함평군,끝동매미충(감수율),0.0
2025,9,16,8,함평군,끝동매미충(피해율),0.0
2025,9,16,8,함평군,끝동매미충(발생면적율),0.0
2025,9,16,8,함평군,벼멸구(발생추정면적),0.0
2025,9,16,8,함평군,벼멸구(감수율),0.0
2025,9,16,8,함평군,벼멸구(피해율),0.0
2025,9,16,8,함평군,벼멸구(발생면적율),0.0
2025,9,16,8,함평군,흰등멸구(발생추정면적),0.0
2025,9,16,8,함평군,흰등멸구(감수율),0.0
2025,9,16,8,함평군,흰등멸구(피해율),0.0
2025,9,16,8,함평군,흰등멸구(발생면적율),0.0
2025,9,16,8,함평군,벼물바구미(발생추정면적),0.0
2025,9,16,8,함평군,벼물바구미(감수율),0.0
2025,9,16,8,함평군,벼물바구미(피해율),0.0
2025,9,16,8,함평군,벼물바구미(발생면적율),0.0
2025,9,16,8,함평군,혹명나방(발생추정면적),0.0
2025,9,16,8,함평군,혹명나방(감수율),0.0
2025,9,16,8,함평군,혹명나방(피해율),0.0
2025,9,16,8,함평군,혹명나방(발생면적율),0.0
2025,9,16,8,함평군,멸강나방(발생추정면적),0.0
2025,9,16,8,함평군,멸강나방(감수율),0.0
2025,9,16,8,함평군,멸강나방(피해율),0.0
2025,9,16,8,함평군,멸강나방(발생면적율),0.0
2025,9,16,8,함평군,먹노린재(발생추정면적),0.0
2025,9,16,8,함평군,먹노린재(감수율),0.0
2025,9,16,8,함평군,먹노린재(피해율),0.0
2025,9,16,8,함평군,먹노린재(발생면적율),0.0
2025,9,16,8,함평군,이화명나방1화기(발생면적),0.0
2025,9,16,8,함평군,이화명나방1화기(감수율),0.0
2025,9,16,8,함평군,이화명나방1화기(피해율),0.0
2025,9,16,8,함평군,이화명나방1화기(발생면적률),0.0
2025,9,16,8,함평군,이화명나방2화기(발생면적),0.0
2025,9,16,8,함평군,이화명나방2화기(감수율),0.0
2025,9,16,8,함평군,이화명나방2화기(피해율),0.0
2025,9,16,8,함평군,이화명나방2화기(발생면적률),0.0
2025,9,16,8,함평군,바이러스병(발생추정면적),0.0
2025,9,16,8,함평군,바이러스병(감수율),0.0
2025,9,16,8,함평군,바이러스병(피해율),0.0
2025,9,16,8,함평군,바이러스병(발생면적율),0.0
2025,9,16,8,함평군,키다리병(발생추정면적),0.0
2025,9,16,8,함평군,키다리병(감수율),0.0
2025,9,16,8,함평군,키다리병(피해율),0.0
2025,9,16,8,함평군,키다리병(발생면적율),0.0
2025,9,16,8,함평군,이화명나방(발생추정면적),0.0
2025,9,16,8,함평군,이화명나방(감수율),0.0
2025,9,16,8,함평군,이화명나방(피해율),0.0
2025,9,16,8,함평군,이화명나방(발생면적율),0.0
2025,9,16,8,함평군,벼애나방(발생추정면적),0.0
2025,9,16,8,함평군,벼애나방(감수율),0.0
2025,9,16,8,함평군,벼애나방(피해율),0.0
2025,9,16,8,함평군,벼애나방(발생면적율),0.0
2025,9,16,8,함평군,벼잎선충(발생추정면적),0.0
2025,9,16,8,함평군,벼잎선충(감수율),0.0
2025,9,16,8,함평군,벼잎선충(피해율),0.0
2025,9,16,8,함평군,벼잎선충(발생면적율),0.0
2025,9,16,8,해남군,잎도열병(발생추정면적),0.0
2025,9,16,8,해남군,잎도열병(감수율),0.0
2025,9,16,8,해남군,잎도열병(피해율),0.0
2025,9,16,8,해남군,잎도열병(발생면적율),0.0
2025,9,16,8,해남군,이삭도열병(발생추정면적),0.0
2025,9,16,8,해남군,이삭도열병(감수율),0.0
2025,9,16,8,해남군,이삭도열병(피해율),0.0
2025,9,16,8,해남군,이삭도열병(발생면적율),0.0
2025,9,16,8,해남군,잎집무늬마름병(발생추정면적),1526.058
2025,9,16,8,해남군,잎집무늬마름병(감수율),0.374
2025,9,16,8,해남군,잎집무늬마름병(피해율),1.869
2025,9,16,8,해남군,잎집무늬마름병(발생면적율),7.82
2025,9,16,8,해남군,흰잎마름병(발생추정면적),0.0
2025,9,16,8,해남군,흰잎마름병(감수율),0.0
2025,9,16,8,해남군,흰잎마름병(피해율),0.0
2025,9,16,8,해남군,흰잎마름병(발생면적율),0.0
2025,9,16,8,해남군,세균벼알마름병(발생추정면적),0.0
2025,9,16,8,해남군,세균벼알마름병(감수율),0.0
2025,9,16,8,해남군,세균벼알마름병(피해율),0.0
2025,9,16,8,해남군,세균벼알마름병(발생면적율),0.0
2025,9,16,8,해남군,줄무늬잎마름병(발생면적),0.0
2025,9,16,8,해남군,줄무늬잎마름병(감수율),0.0
2025,9,16,8,해남군,줄무늬잎마름병(피해율),0.0
2025,9,16,8,해남군,줄무늬잎마름병(발생면적률),0.0
2025,9,16,8,해남군,벼검은줄오갈병(발생면적),0.0
2025,9,16,8,해남군,벼검은줄오갈병(감수율),0.0
2025,9,16,8,해남군,벼검은줄오갈병(피해율),0.0
2025,9,16,8,해남군,벼검은줄오갈병(발생면적률),0.0
2025,9,16,8,해남군,오갈병(발생면적),0.0
2025,9,16,8,해남군,오갈병(감수율),0.0
2025,9,16,8,해남군,오갈병(피해율),0.0
2025,9,16,8,해남군,오갈병(발생면적률),0.0
2025,9,16,8,해남군,이삭누룩병(발생추정면적),0.0
2025,9,16,8,해남군,이삭누룩병(감수율),0.0
2025,9,16,8,해남군,이삭누룩병(피해율),0.0
2025,9,16,8,해남군,이삭누룩병(발생면적율),0.0
2025,9,16,8,해남군,깨씨무늬병(발생추정면적),731.38
2025,9,16,8,해남군,깨씨무늬병(감수율),0.307
2025,9,16,8,해남군,깨씨무늬병(피해율),1.537
2025,9,16,8,해남군,깨씨무늬병(발생면적율),3.748
2025,9,16,8,해남군,벼잎벌레(발생추정면적),0.0
2025,9,16,8,해남군,벼잎벌레(감수율),0.0
2025,9,16,8,해남군,벼잎벌레(피해율),0.0
2025,9,16,8,해남군,벼잎벌레(발생면적율),0.0
2025,9,16,8,해남군,벼애잎굴파리(발생추정면적),0.0
2025,9,16,8,해남군,벼애잎굴파리(감수율),0.0
2025,9,16,8,해남군,벼애잎굴파리(피해율),0.0
2025,9,16,8,해남군,벼애잎굴파리(발생면적율),0.0
2025,9,16,8,해남군,벼줄기굴파리(발생추정면적),0.0
2025,9,16,8,해남군,벼줄기굴파리(감수율),0.0
2025,9,16,8,해남군,벼줄기굴파리(피해율),0.0
2025,9,16,8,해남군,벼줄기굴파리(발생면적율),0.0
2025,9,16,8,해남군,애멸구(발생추정면적),0.0
2025,9,16,8,해남군,애멸구(감수율),0.0
2025,9,16,8,해남군,애멸구(피해율),0.0
2025,9,16,8,해남군,애멸구(발생면적율),0.0
2025,9,16,8,해남군,끝동매미충(발생추정면적),0.0
2025,9,16,8,해남군,끝동매미충(감수율),0.0
2025,9,16,8,해남군,끝동매미충(피해율),0.0
2025,9,16,8,해남군,끝동매미충(발생면적율),0.0
2025,9,16,8,해남군,벼멸구(발생추정면적),491.637
2025,9,16,8,해남군,벼멸구(감수율),0.383
2025,9,16,8,해남군,벼멸구(피해율),0.957
2025,9,16,8,해남군,벼멸구(발생면적율),2.53
2025,9,16,8,해남군,흰등멸구(발생추정면적),0.0
2025,9,16,8,해남군,흰등멸구(감수율),0.0
2025,9,16,8,해남군,흰등멸구(피해율),0.0
2025,9,16,8,해남군,흰등멸구(발생면적율),0.0
2025,9,16,8,해남군,벼물바구미(발생추정면적),0.0
2025,9,16,8,해남군,벼물바구미(감수율),0.0
2025,9,16,8,해남군,벼물바구미(피해율),0.0
2025,9,16,8,해남군,벼물바구미(발생면적율),0.0
2025,9,16,8,해남군,혹명나방(발생추정면적),495.108
2025,9,16,8,해남군,혹명나방(감수율),0.045
2025,9,16,8,해남군,혹명나방(피해율),0.226
2025,9,16,8,해남군,혹명나방(발생면적율),2.537
2025,9,16,8,해남군,멸강나방(발생추정면적),0.0
2025,9,16,8,해남군,멸강나방(감수율),0.0
2025,9,16,8,해남군,멸강나방(피해율),0.0
2025,9,16,8,해남군,멸강나방(발생면적율),0.0
2025,9,16,8,해남군,먹노린재(발생추정면적),0.0
2025,9,16,8,해남군,먹노린재(감수율),0.0
2025,9,16,8,해남군,먹노린재(피해율),0.0
2025,9,16,8,해남군,먹노린재(발생면적율),0.0
2025,9,16,8,해남군,이화명나방1화기(발생면적),0.0
2025,9,16,8,해남군,이화명나방1화기(감수율),0.0
2025,9,16,8,해남군,이화명나방1화기(피해율),0.0
2025,9,16,8,해남군,이화명나방1화기(발생면적률),0.0
2025,9,16,8,해남군,이화명나방2화기(발생면적),0.0
2025,9,16,8,해남군,이화명나방2화기(감수율),0.0
2025,9,16,8,해남군,이화명나방2화기(피해율),0.0
2025,9,16,8,해남군,이화명나방2화기(발생면적률),0.0
2025,9,16,8,해남군,바이러스병(발생추정면적),0.0
2025,9,16,8,해남군,바이러스병(감수율),0.0
2025,9,16,8,해남군,바이러스병(피해율),0.0
2025,9,16,8,해남군,바이러스병(발생면적율),0.0
2025,9,16,8,해남군,키다리병(발생추정면적),0.0
2025,9,16,8,해남군,키다리병(감수율),0.0
2025,9,16,8,해남군,키다리병(피해율),0.0
2025,9,16,8,해남군,키다리병(발생면적율),0.0
2025,9,16,8,해남군,이화명나방(발생추정면적),0.0
2025,9,16,8,해남군,이화명나방(감수율),0.0
2025,9,16,8,해남군,이화명나방(피해율),0.0
2025,9,16,8,해남군,이화명나방(발생면적율),0.0
2025,9,16,8,해남군,벼애나방(발생추정면적),0.0
2025,9,16,8,해남군,벼애나방(감수율),0.0
2025,9,16,8,해남군,벼애나방(피해율),0.0
2025,9,16,8,해남군,벼애나방(발생면적율),0.0
2025,9,16,8,해남군,벼잎선충(발생추정면적),0.0
2025,9,16,8,해남군,벼잎선충(감수율),0.0
2025,9,16,8,해남군,벼잎선충(피해율),0.0
2025,9,16,8,해남군,벼잎선충(발생면적율),0.0
2025,9,16,8,화순군,잎도열병(발생추정면적),0.0
2025,9,16,8,화순군,잎도열병(감수율),0.0
2025,9,16,8,화순군,잎도열병(피해율),0.0
2025,9,16,8,화순군,잎도열병(발생면적율),0.0
2025,9,16,8,화순군,이삭도열병(발생추정면적),0.0
2025,9,16,8,화순군,이삭도열병(감수율),0.0
2025,9,16,8,화순군,이삭도열병(피해율),0.0
2025,9,16,8,화순군,이삭도열병(발생면적율),0.0
2025,9,16,8,화순군,잎집무늬마름병(발생추정면적),29.407
2025,9,16,8,화순군,잎집무늬마름병(감수율),0.011
2025,9,16,8,화순군,잎집무늬마름병(피해율),0.053
2025,9,16,8,화순군,잎집무늬마름병(발생면적율),0.7
2025,9,16,8,화순군,흰잎마름병(발생추정면적),0.0
2025,9,16,8,화순군,흰잎마름병(감수율),0.0
2025,9,16,8,화순군,흰잎마름병(피해율),0.0
2025,9,16,8,화순군,흰잎마름병(발생면적율),0.0
2025,9,16,8,화순군,세균벼알마름병(발생추정면적),0.0
2025,9,16,8,화순군,세균벼알마름병(감수율),0.0
2025,9,16,8,화순군,세균벼알마름병(피해율),0.0
2025,9,16,8,화순군,세균벼알마름병(발생면적율),0.0
2025,9,16,8,화순군,줄무늬잎마름병(발생면적),0.0
2025,9,16,8,화순군,줄무늬잎마름병(감수율),0.0
2025,9,16,8,화순군,줄무늬잎마름병(피해율),0.0
2025,9,16,8,화순군,줄무늬잎마름병(발생면적률),0.0
2025,9,16,8,화순군,벼검은줄오갈병(발생면적),0.0
2025,9,16,8,화순군,벼검은줄오갈병(감수율),0.0
2025,9,16,8,화순군,벼검은줄오갈병(피해율),0.0
2025,9,16,8,화순군,벼검은줄오갈병(발생면적률),0.0
2025,9,16,8,화순군,오갈병(발생면적),0.0
2025,9,16,8,화순군,오갈병(감수율),0.0
2025,9,16,8,화순군,오갈병(피해율),0.0
2025,9,16,8,화순군,오갈병(발생면적률),0.0
2025,9,16,8,화순군,이삭누룩병(발생추정면적),0.0
2025,9,16,8,화순군,이삭누룩병(감수율),0.0
2025,9,16,8,화순군,이삭누룩병(피해율),0.0
2025,9,16,8,화순군,이삭누룩병(발생면적율),0.0
2025,9,16,8,화순군,깨씨무늬병(발생추정면적),215.301
2025,9,16,8,화순군,깨씨무늬병(감수율),0.051
2025,9,16,8,화순군,깨씨무늬병(피해율),0.256
2025,9,16,8,화순군,깨씨무늬병(발생면적율),5.125
2025,9,16,8,화순군,벼잎벌레(발생추정면적),0.0
2025,9,16,8,화순군,벼잎벌레(감수율),0.0
2025,9,16,8,화순군,벼잎벌레(피해율),0.0
2025,9,16,8,화순군,벼잎벌레(발생면적율),0.0
2025,9,16,8,화순군,벼애잎굴파리(발생추정면적),0.0
2025,9,16,8,화순군,벼애잎굴파리(감수율),0.0
2025,9,16,8,화순군,벼애잎굴파리(피해율),0.0
2025,9,16,8,화순군,벼애잎굴파리(발생면적율),0.0
2025,9,16,8,화순군,벼줄기굴파리(발생추정면적),0.0
2025,9,16,8,화순군,벼줄기굴파리(감수율),0.0
2025,9,16,8,화순군,벼줄기굴파리(피해율),0.0
2025,9,16,8,화순군,벼줄기굴파리(발생면적율),0.0
2025,9,16,8,화순군,애멸구(발생추정면적),0.0
2025,9,16,8,화순군,애멸구(감수율),0.0
2025,9,16,8,화순군,애멸구(피해율),0.0
2025,9,16,8,화순군,애멸구(발생면적율),0.0
2025,9,16,8,화순군,끝동매미충(발생추정면적),0.0
2025,9,16,8,화순군,끝동매미충(감수율),0.0
2025,9,16,8,화순군,끝동매미충(피해율),0.0
2025,9,16,8,화순군,끝동매미충(발생면적율),0.0
2025,9,16,8,화순군,벼멸구(발생추정면적),0.0
2025,9,16,8,화순군,벼멸구(감수율),0.0
2025,9,16,8,화순군,벼멸구(피해율),0.0
2025,9,16,8,화순군,벼멸구(발생면적율),0.0
2025,9,16,8,화순군,흰등멸구(발생추정면적),4.097
2025,9,16,8,화순군,흰등멸구(감수율),0.004
2025,9,16,8,화순군,흰등멸구(피해율),0.01
2025,9,16,8,화순군,흰등멸구(발생면적율),0.104
2025,9,16,8,화순군,벼물바구미(발생추정면적),0.0
2025,9,16,8,화순군,벼물바구미(감수율),0.0
2025,9,16,8,화순군,벼물바구미(피해율),0.0
2025,9,16,8,화순군,벼물바구미(발생면적율),0.0
2025,9,16,8,화순군,혹명나방(발생추정면적),0.0
2025,9,16,8,화순군,혹명나방(감수율),0.0
2025,9,16,8,화순군,혹명나방(피해율),0.0
2025,9,16,8,화순군,혹명나방(발생면적율),0.0
2025,9,16,8,화순군,멸강나방(발생추정면적),0.0
2025,9,16,8,화순군,멸강나방(감수율),0.0
2025,9,16,8,화순군,멸강나방(피해율),0.0
2025,9,16,8,화순군,멸강나방(발생면적율),0.0
2025,9,16,8,화순군,먹노린재(발생추정면적),0.0
2025,9,16,8,화순군,먹노린재(감수율),0.0
2025,9,16,8,화순군,먹노린재(피해율),0.0
2025,9,16,8,화순군,먹노린재(발생면적율),0.0
2025,9,16,8,화순군,이화명나방1화기(발생면적),0.0
2025,9,16,8,화순군,이화명나방1화기(감수율),0.0
2025,9,16,8,화순군,이화명나방1화기(피해율),0.0
2025,9,16,8,화순군,이화명나방1화기(발생면적률),0.0
2025,9,16,8,화순군,이화명나방2화기(발생면적),0.0
2025,9,16,8,화순군,이화명나방2화기(감수율),0.0
2025,9,16,8,화순군,이화명나방2화기(피해율),0.0
2025,9,16,8,화순군,이화명나방2화기(발생면적률),0.0
2025,9,16,8,화순군,바이러스병(발생추정면적),0.0
2025,9,16,8,화순군,바이러스병(감수율),0.0
2025,9,16,8,화순군,바이러스병(피해율),0.0
2025,9,16,8,화순군,바이러스병(발생면적율),0.0
2025,9,16,8,화순군,키다리병(발생추정면적),0.0
2025,9,16,8,화순군,키다리병(감수율),0.0
2025,9,16,8,화순군,키다리병(피해율),0.0
2025,9,16,8,화순군,키다리병(발생면적율),0.0
2025,9,16,8,화순군,이화명나방(발생추정면적),0.0
2025,9,16,8,화순군,이화명나방(감수율),0.0
2025,9,16,8,화순군,이화명나방(피해율),0.0
2025,9,16,8,화순군,이화명나방(발생면적율),0.0
2025,9,16,8,화순군,벼애나방(발생추정면적),0.0
2025,9,16,8,화순군,벼애나방(감수율),0.0
2025,9,16,8,화순군,벼애나방(피해율),0.0
2025,9,16,8,화순군,벼애나방(발생면적율),0.0
2025,9,16,8,화순군,벼잎선충(발생추정면적),0.0
2025,9,16,8,화순군,벼잎선충(감수율),0.0
2025,9,16,8,화순군,벼잎선충(피해율),0.0
2025,9,16,8,화순군,벼잎선충(발생면적율),0.0
2025,8,16,6,강진군,잎도열병(발생추정면적),0.0
2025,8,16,6,강진군,잎도열병(감수율),0.0
2025,8,16,6,강진군,잎도열병(피해율),0.0
2025,8,16,6,강진군,잎도열병(발생면적율),0.0
2025,8,16,6,강진군,이삭도열병(발생추정면적),0.0
2025,8,16,6,강진군,이삭도열병(감수율),0.0
2025,8,16,6,강진군,이삭도열병(피해율),0.0
2025,8,16,6,강진군,이삭도열병(발생면적율),0.0
2025,8,16,6,강진군,잎집무늬마름병(발생추정면적),0.0
2025,8,16,6,강진군,잎집무늬마름병(감수율),0.0
2025,8,16,6,강진군,잎집무늬마름병(피해율),0.0
2025,8,16,6,강진군,잎집무늬마름병(발생면적율),0.0
2025,8,16,6,강진군,흰잎마름병(발생추정면적),0.0
2025,8,16,6,강진군,흰잎마름병(감수율),0.0
2025,8,16,6,강진군,흰잎마름병(피해율),0.0
2025,8,16,6,강진군,흰잎마름병(발생면적율),0.0
2025,8,16,6,강진군,세균벼알마름병(발생추정면적),0.0
2025,8,16,6,강진군,세균벼알마름병(감수율),0.0
2025,8,16,6,강진군,세균벼알마름병(피해율),0.0
2025,8,16,6,강진군,세균벼알마름병(발생면적율),0.0
2025,8,16,6,강진군,줄무늬잎마름병(발생면적),0.0
2025,8,16,6,강진군,줄무늬잎마름병(감수율),0.0
2025,8,16,6,강진군,줄무늬잎마름병(피해율),0.0
2025,8,16,6,강진군,줄무늬잎마름병(발생면적률),0.0
2025,8,16,6,강진군,벼검은줄오갈병(발생면적),0.0
2025,8,16,6,강진군,벼검은줄오갈병(감수율),0.0
2025,8,16,6,강진군,벼검은줄오갈병(피해율),0.0
2025,8,16,6,강진군,벼검은줄오갈병(발생면적률),0.0
2025,8,16,6,강진군,오갈병(발생면적),0.0
2025,8,16,6,강진군,오갈병(감수율),0.0
2025,8,16,6,강진군,오갈병(피해율),0.0
2025,8,16,6,강진군,오갈병(발생면적률),0.0
2025,8,16,6,강진군,이삭누룩병(발생추정면적),0.0
2025,8,16,6,강진군,이삭누룩병(감수율),0.0
2025,8,16,6,강진군,이삭누룩병(피해율),0.0
2025,8,16,6,강진군,이삭누룩병(발생면적율),0.0
2025,8,16,6,강진군,깨씨무늬병(발생추정면적),0.0
2025,8,16,6,강진군,깨씨무늬병(감수율),0.0
2025,8,16,6,강진군,깨씨무늬병(피해율),0.0
2025,8,16,6,강진군,깨씨무늬병(발생면적율),0.0
2025,8,16,6,강진군,벼잎벌레(발생추정면적),0.0
2025,8,16,6,강진군,벼잎벌레(감수율),0.0
2025,8,16,6,강진군,벼잎벌레(피해율),0.0
2025,8,16,6,강진군,벼잎벌레(발생면적율),0.0
2025,8,16,6,강진군,벼애잎굴파리(발생추정면적),0.0
2025,8,16,6,강진군,벼애잎굴파리(감수율),0.0
2025,8,16,6,강진군,벼애잎굴파리(피해율),0.0
2025,8,16,6,강진군,벼애잎굴파리(발생면적율),0.0
2025,8,16,6,강진군,벼줄기굴파리(발생추정면적),0.0
2025,8,16,6,강진군,벼줄기굴파리(감수율),0.0
2025,8,16,6,강진군,벼줄기굴파리(피해율),0.0
2025,8,16,6,강진군,벼줄기굴파리(발생면적율),0.0
2025,8,16,6,강진군,애멸구(발생추정면적),0.0
2025,8,16,6,강진군,애멸구(감수율),0.0
2025,8,16,6,강진군,애멸구(피해율),0.0
2025,8,16,6,강진군,애멸구(발생면적율),0.0
2025,8,16,6,강진군,끝동매미충(발생추정면적),0.0
2025,8,16,6,강진군,끝동매미충(감수율),0.0
2025,8,16,6,강진군,끝동매미충(피해율),0.0
2025,8,16,6,강진군,끝동매미충(발생면적율),0.0
2025,8,16,6,강진군,벼멸구(발생추정면적),0.0
2025,8,16,6,강진군,벼멸구(감수율),0.0
2025,8,16,6,강진군,벼멸구(피해율),0.0
2025,8,16,6,강진군,벼멸구(발생면적율),0.0
2025,8,16,6,강진군,흰등멸구(발생추정면적),0.0
2025,8,16,6,강진군,흰등멸구(감수율),0.0
2025,8,16,6,강진군,흰등멸구(피해율),0.0
2025,8,16,6,강진군,흰등멸구(발생면적율),0.0
2025,8,16,6,강진군,벼물바구미(발생추정면적),0.0
2025,8,16,6,강진군,벼물바구미(감수율),0.0
2025,8,16,6,강진군,벼물바구미(피해율),0.0
2025,8,16,6,강진군,벼물바구미(발생면적율),0.0
2025,8,16,6,강진군,혹명나방(발생추정면적),0.0
2025,8,16,6,강진군,혹명나방(감수율),0.0
2025,8,16,6,강진군,혹명나방(피해율),0.0
2025,8,16,6,강진군,혹명나방(발생면적율),0.0
2025,8,16,6,강진군,멸강나방(발생추정면적),0.0
2025,8,16,6,강진군,멸강나방(감수율),0.0
2025,8,16,6,강진군,멸강나방(피해율),0.0
2025,8,16,6,강진군,멸강나방(발생면적율),0.0
2025,8,16,6,강진군,먹노린재(발생추정면적),0.0
2025,8,16,6,강진군,먹노린재(감수율),0.0
2025,8,16,6,강진군,먹노린재(피해율),0.0
2025,8,16,6,강진군,먹노린재(발생면적율),0.0
2025,8,16,6,강진군,이화명나방1화기(발생면적),0.0
2025,8,16,6,강진군,이화명나방1화기(감수율),0.0
2025,8,16,6,강진군,이화명나방1화기(피해율),0.0
2025,8,16,6,강진군,이화명나방1화기(발생면적률),0.0
2025,8,16,6,강진군,이화명나방2화기(발생면적),0.0
2025,8,16,6,강진군,이화명나방2화기(감수율),0.0
2025,8,16,6,강진군,이화명나방2화기(피해율),0.0
2025,8,16,6,강진군,이화명나방2화기(발생면적률),0.0
2025,8,16,6,강진군,바이러스병(발생추정면적),0.0
2025,8,16,6,강진군,바이러스병(감수율),0.0
2025,8,16,6,강진군,바이러스병(피해율),0.0
2025,8,16,6,강진군,바이러스병(발생면적율),0.0
2025,8,16,6,강진군,키다리병(발생추정면적),0.0
2025,8,16,6,강진군,키다리병(감수율),0.0
2025,8,16,6,강진군,키다리병(피해율),0.0
2025,8,16,6,강진군,키다리병(발생면적율),0.0
2025,8,16,6,강진군,이화명나방(발생추정면적),0.0
2025,8,16,6,강진군,이화명나방(감수율),0.0
2025,8,16,6,강진군,이화명나방(피해율),0.0
2025,8,16,6,강진군,이화명나방(발생면적율),0.0
2025,8,16,6,강진군,벼애나방(발생추정면적),0.0
2025,8,16,6,강진군,벼애나방(감수율),0.0
2025,8,16,6,강진군,벼애나방(피해율),0.0
2025,8,16,6,강진군,벼애나방(발생면적율),0.0
2025,8,16,6,강진군,벼잎선충(발생추정면적),0.0
2025,8,16,6,강진군,벼잎선충(감수율),0.0
2025,8,16,6,강진군,벼잎선충(피해율),0.0
2025,8,16,6,강진군,벼잎선충(발생면적율),0.0
2025,8,16,6,고흥군,잎도열병(발생추정면적),0.0
2025,8,16,6,고흥군,잎도열병(감수율),0.0
2025,8,16,6,고흥군,잎도열병(피해율),0.0
2025,8,16,6,고흥군,잎도열병(발생면적율),0.0
2025,8,16,6,고흥군,이삭도열병(발생추정면적),0.0
2025,8,16,6,고흥군,이삭도열병(감수율),0.0
2025,8,16,6,고흥군,이삭도열병(피해율),0.0
2025,8,16,6,고흥군,이삭도열병(발생면적율),0.0
2025,8,16,6,고흥군,잎집무늬마름병(발생추정면적),18.244
2025,8,16,6,고흥군,잎집무늬마름병(감수율),0.002
2025,8,16,6,고흥군,잎집무늬마름병(피해율),0.013
2025,8,16,6,고흥군,잎집무늬마름병(발생면적율),0.175
2025,8,16,6,고흥군,흰잎마름병(발생추정면적),0.0
2025,8,16,6,고흥군,흰잎마름병(감수율),0.0
2025,8,16,6,고흥군,흰잎마름병(피해율),0.0
2025,8,16,6,고흥군,흰잎마름병(발생면적율),0.0
2025,8,16,6,고흥군,세균벼알마름병(발생추정면적),0.0
2025,8,16,6,고흥군,세균벼알마름병(감수율),0.0
2025,8,16,6,고흥군,세균벼알마름병(피해율),0.0
2025,8,16,6,고흥군,세균벼알마름병(발생면적율),0.0
2025,8,16,6,고흥군,줄무늬잎마름병(발생면적),0.0
2025,8,16,6,고흥군,줄무늬잎마름병(감수율),0.0
2025,8,16,6,고흥군,줄무늬잎마름병(피해율),0.0
2025,8,16,6,고흥군,줄무늬잎마름병(발생면적률),0.0
2025,8,16,6,고흥군,벼검은줄오갈병(발생면적),0.0
2025,8,16,6,고흥군,벼검은줄오갈병(감수율),0.0
2025,8,16,6,고흥군,벼검은줄오갈병(피해율),0.0
2025,8,16,6,고흥군,벼검은줄오갈병(발생면적률),0.0
2025,8,16,6,고흥군,오갈병(발생면적),0.0
2025,8,16,6,고흥군,오갈병(감수율),0.0
2025,8,16,6,고흥군,오갈병(피해율),0.0
2025,8,16,6,고흥군,오갈병(발생면적률),0.0
2025,8,16,6,고흥군,이삭누룩병(발생추정면적),0.0
2025,8,16,6,고흥군,이삭누룩병(감수율),0.0
2025,8,16,6,고흥군,이삭누룩병(피해율),0.0
2025,8,16,6,고흥군,이삭누룩병(발생면적율),0.0
2025,8,16,6,고흥군,깨씨무늬병(발생추정면적),7.864
2025,8,16,6,고흥군,깨씨무늬병(감수율),0.001
2025,8,16,6,고흥군,깨씨무늬병(피해율),0.004
2025,8,16,6,고흥군,깨씨무늬병(발생면적율),0.075
2025,8,16,6,고흥군,벼잎벌레(발생추정면적),0.0
2025,8,16,6,고흥군,벼잎벌레(감수율),0.0
2025,8,16,6,고흥군,벼잎벌레(피해율),0.0
2025,8,16,6,고흥군,벼잎벌레(발생면적율),0.0
2025,8,16,6,고흥군,벼애잎굴파리(발생추정면적),0.0
2025,8,16,6,고흥군,벼애잎굴파리(감수율),0.0
2025,8,16,6,고흥군,벼애잎굴파리(피해율),0.0
2025,8,16,6,고흥군,벼애잎굴파리(발생면적율),0.0
2025,8,16,6,고흥군,벼줄기굴파리(발생추정면적),0.0
2025,8,16,6,고흥군,벼줄기굴파리(감수율),0.0
2025,8,16,6,고흥군,벼줄기굴파리(피해율),0.0
2025,8,16,6,고흥군,벼줄기굴파리(발생면적율),0.0
2025,8,16,6,고흥군,애멸구(발생추정면적),0.0
2025,8,16,6,고흥군,애멸구(감수율),0.0
2025,8,16,6,고흥군,애멸구(피해율),0.0
2025,8,16,6,고흥군,애멸구(발생면적율),0.0
2025,8,16,6,고흥군,끝동매미충(발생추정면적),3.145
2025,8,16,6,고흥군,끝동매미충(감수율),0.0
2025,8,16,6,고흥군,끝동매미충(피해율),0.001
2025,8,16,6,고흥군,끝동매미충(발생면적율),0.03
2025,8,16,6,고흥군,벼멸구(발생추정면적),0.0
2025,8,16,6,고흥군,벼멸구(감수율),0.0
2025,8,16,6,고흥군,벼멸구(피해율),0.0
2025,8,16,6,고흥군,벼멸구(발생면적율),0.0
2025,8,16,6,고흥군,흰등멸구(발생추정면적),1.206
2025,8,16,6,고흥군,흰등멸구(감수율),0.0
2025,8,16,6,고흥군,흰등멸구(피해율),0.001
2025,8,16,6,고흥군,흰등멸구(발생면적율),0.012
2025,8,16,6,고흥군,벼물바구미(발생추정면적),0.0
2025,8,16,6,고흥군,벼물바구미(감수율),0.0
2025,8,16,6,고흥군,벼물바구미(피해율),0.0
2025,8,16,6,고흥군,벼물바구미(발생면적율),0.0
2025,8,16,6,고흥군,혹명나방(발생추정면적),9.751
2025,8,16,6,고흥군,혹명나방(감수율),0.001
2025,8,16,6,고흥군,혹명나방(피해율),0.005
2025,8,16,6,고흥군,혹명나방(발생면적율),0.093
2025,8,16,6,고흥군,멸강나방(발생추정면적),0.0
2025,8,16,6,고흥군,멸강나방(감수율),0.0
2025,8,16,6,고흥군,멸강나방(피해율),0.0
2025,8,16,6,고흥군,멸강나방(발생면적율),0.0
2025,8,16,6,고흥군,먹노린재(발생추정면적),0.0
2025,8,16,6,고흥군,먹노린재(감수율),0.0
2025,8,16,6,고흥군,먹노린재(피해율),0.0
2025,8,16,6,고흥군,먹노린재(발생면적율),0.0
2025,8,16,6,고흥군,이화명나방1화기(발생면적),0.0
2025,8,16,6,고흥군,이화명나방1화기(감수율),0.0
2025,8,16,6,고흥군,이화명나방1화기(피해율),0.0
2025,8,16,6,고흥군,이화명나방1화기(발생면적률),0.0
2025,8,16,6,고흥군,이화명나방2화기(발생면적),0.0
2025,8,16,6,고흥군,이화명나방2화기(감수율),0.0
2025,8,16,6,고흥군,이화명나방2화기(피해율),0.0
2025,8,16,6,고흥군,이화명나방2화기(발생면적률),0.0
2025,8,16,6,고흥군,바이러스병(발생추정면적),0.0
2025,8,16,6,고흥군,바이러스병(감수율),0.0
2025,8,16,6,고흥군,바이러스병(피해율),0.0
2025,8,16,6,고흥군,바이러스병(발생면적율),0.0
2025,8,16,6,고흥군,키다리병(발생추정면적),0.0
2025,8,16,6,고흥군,키다리병(감수율),0.0
2025,8,16,6,고흥군,키다리병(피해율),0.0
2025,8,16,6,고흥군,키다리병(발생면적율),0.0
2025,8,16,6,고흥군,이화명나방(발생추정면적),0.0
2025,8,16,6,고흥군,이화명나방(감수율),0.0
2025,8,16,6,고흥군,이화명나방(피해율),0.0
2025,8,16,6,고흥군,이화명나방(발생면적율),0.0
2025,8,16,6,고흥군,벼애나방(발생추정면적),0.0
2025,8,16,6,고흥군,벼애나방(감수율),0.0
2025,8,16,6,고흥군,벼애나방(피해율),0.0
2025,8,16,6,고흥군,벼애나방(발생면적율),0.0
2025,8,16,6,고흥군,벼잎선충(발생추정면적),0.0
2025,8,16,6,고흥군,벼잎선충(감수율),0.0
2025,8,16,6,고흥군,벼잎선충(피해율),0.0
2025,8,16,6,고흥군,벼잎선충(발생면적율),0.0
2025,8,16,6,곡성군,잎도열병(발생추정면적),2.038
2025,8,16,6,곡성군,잎도열병(감수율),0.0
2025,8,16,6,곡성군,잎도열병(피해율),0.0
2025,8,16,6,곡성군,잎도열병(발생면적율),0.054
2025,8,16,6,곡성군,이삭도열병(발생추정면적),0.0
2025,8,16,6,곡성군,이삭도열병(감수율),0.0
2025,8,16,6,곡성군,이삭도열병(피해율),0.0
2025,8,16,6,곡성군,이삭도열병(발생면적율),0.0
2025,8,16,6,곡성군,잎집무늬마름병(발생추정면적),0.0
2025,8,16,6,곡성군,잎집무늬마름병(감수율),0.0
2025,8,16,6,곡성군,잎집무늬마름병(피해율),0.0
2025,8,16,6,곡성군,잎집무늬마름병(발생면적율),0.0
2025,8,16,6,곡성군,흰잎마름병(발생추정면적),0.815
2025,8,16,6,곡성군,흰잎마름병(감수율),0.0
2025,8,16,6,곡성군,흰잎마름병(피해율),0.001
2025,8,16,6,곡성군,흰잎마름병(발생면적율),0.022
2025,8,16,6,곡성군,세균벼알마름병(발생추정면적),0.0
2025,8,16,6,곡성군,세균벼알마름병(감수율),0.0
2025,8,16,6,곡성군,세균벼알마름병(피해율),0.0
2025,8,16,6,곡성군,세균벼알마름병(발생면적율),0.0
2025,8,16,6,곡성군,줄무늬잎마름병(발생면적),0.0
2025,8,16,6,곡성군,줄무늬잎마름병(감수율),0.0
2025,8,16,6,곡성군,줄무늬잎마름병(피해율),0.0
2025,8,16,6,곡성군,줄무늬잎마름병(발생면적률),0.0
2025,8,16,6,곡성군,벼검은줄오갈병(발생면적),0.0
2025,8,16,6,곡성군,벼검은줄오갈병(감수율),0.0
2025,8,16,6,곡성군,벼검은줄오갈병(피해율),0.0
2025,8,16,6,곡성군,벼검은줄오갈병(발생면적률),0.0
2025,8,16,6,곡성군,오갈병(발생면적),0.0
2025,8,16,6,곡성군,오갈병(감수율),0.0
2025,8,16,6,곡성군,오갈병(피해율),0.0
2025,8,16,6,곡성군,오갈병(발생면적률),0.0
2025,8,16,6,곡성군,이삭누룩병(발생추정면적),0.0
2025,8,16,6,곡성군,이삭누룩병(감수율),0.0
2025,8,16,6,곡성군,이삭누룩병(피해율),0.0
2025,8,16,6,곡성군,이삭누룩병(발생면적율),0.0
2025,8,16,6,곡성군,깨씨무늬병(발생추정면적),2.446
2025,8,16,6,곡성군,깨씨무늬병(감수율),0.001
2025,8,16,6,곡성군,깨씨무늬병(피해율),0.003
2025,8,16,6,곡성군,깨씨무늬병(발생면적율),0.065
2025,8,16,6,곡성군,벼잎벌레(발생추정면적),0.0
2025,8,16,6,곡성군,벼잎벌레(감수율),0.0
2025,8,16,6,곡성군,벼잎벌레(피해율),0.0
2025,8,16,6,곡성군,벼잎벌레(발생면적율),0.0
2025,8,16,6,곡성군,벼애잎굴파리(발생추정면적),0.0
2025,8,16,6,곡성군,벼애잎굴파리(감수율),0.0
2025,8,16,6,곡성군,벼애잎굴파리(피해율),0.0
2025,8,16,6,곡성군,벼애잎굴파리(발생면적율),0.0
2025,8,16,6,곡성군,벼줄기굴파리(발생추정면적),0.0
2025,8,16,6,곡성군,벼줄기굴파리(감수율),0.0
2025,8,16,6,곡성군,벼줄기굴파리(피해율),0.0
2025,8,16,6,곡성군,벼줄기굴파리(발생면적율),0.0
2025,8,16,6,곡성군,애멸구(발생추정면적),0.0
2025,8,16,6,곡성군,애멸구(감수율),0.0
2025,8,16,6,곡성군,애멸구(피해율),0.0
2025,8,16,6,곡성군,애멸구(발생면적율),0.0
2025,8,16,6,곡성군,끝동매미충(발생추정면적),0.0
2025,8,16,6,곡성군,끝동매미충(감수율),0.0
2025,8,16,6,곡성군,끝동매미충(피해율),0.0
2025,8,16,6,곡성군,끝동매미충(발생면적율),0.0
2025,8,16,6,곡성군,벼멸구(발생추정면적),0.0
2025,8,16,6,곡성군,벼멸구(감수율),0.0
2025,8,16,6,곡성군,벼멸구(피해율),0.0
2025,8,16,6,곡성군,벼멸구(발생면적율),0.0
2025,8,16,6,곡성군,흰등멸구(발생추정면적),0.0
2025,8,16,6,곡성군,흰등멸구(감수율),0.0
2025,8,16,6,곡성군,흰등멸구(피해율),0.0
2025,8,16,6,곡성군,흰등멸구(발생면적율),0.0
2025,8,16,6,곡성군,벼물바구미(발생추정면적),0.0
2025,8,16,6,곡성군,벼물바구미(감수율),0.0
2025,8,16,6,곡성군,벼물바구미(피해율),0.0
2025,8,16,6,곡성군,벼물바구미(발생면적율),0.0
2025,8,16,6,곡성군,혹명나방(발생추정면적),0.0
2025,8,16,6,곡성군,혹명나방(감수율),0.0
2025,8,16,6,곡성군,혹명나방(피해율),0.0
2025,8,16,6,곡성군,혹명나방(발생면적율),0.0
2025,8,16,6,곡성군,멸강나방(발생추정면적),0.0
2025,8,16,6,곡성군,멸강나방(감수율),0.0
2025,8,16,6,곡성군,멸강나방(피해율),0.0
2025,8,16,6,곡성군,멸강나방(발생면적율),0.0
2025,8,16,6,곡성군,먹노린재(발생추정면적),0.0
2025,8,16,6,곡성군,먹노린재(감수율),0.0
2025,8,16,6,곡성군,먹노린재(피해율),0.0
2025,8,16,6,곡성군,먹노린재(발생면적율),0.0
2025,8,16,6,곡성군,이화명나방1화기(발생면적),0.0
2025,8,16,6,곡성군,이화명나방1화기(감수율),0.0
2025,8,16,6,곡성군,이화명나방1화기(피해율),0.0
2025,8,16,6,곡성군,이화명나방1화기(발생면적률),0.0
2025,8,16,6,곡성군,이화명나방2화기(발생면적),0.0
2025,8,16,6,곡성군,이화명나방2화기(감수율),0.0
2025,8,16,6,곡성군,이화명나방2화기(피해율),0.0
2025,8,16,6,곡성군,이화명나방2화기(발생면적률),0.0
2025,8,16,6,곡성군,바이러스병(발생추정면적),0.0
2025,8,16,6,곡성군,바이러스병(감수율),0.0
2025,8,16,6,곡성군,바이러스병(피해율),0.0
2025,8,16,6,곡성군,바이러스병(발생면적율),0.0
2025,8,16,6,곡성군,키다리병(발생추정면적),0.0
2025,8,16,6,곡성군,키다리병(감수율),0.0
2025,8,16,6,곡성군,키다리병(피해율),0.0
2025,8,16,6,곡성군,키다리병(발생면적율),0.0
2025,8,16,6,곡성군,이화명나방(발생추정면적),0.0
2025,8,16,6,곡성군,이화명나방(감수율),0.0
2025,8,16,6,곡성군,이화명나방(피해율),0.0
2025,8,16,6,곡성군,이화명나방(발생면적율),0.0
2025,8,16,6,곡성군,벼애나방(발생추정면적),0.0
2025,8,16,6,곡성군,벼애나방(감수율),0.0
2025,8,16,6,곡성군,벼애나방(피해율),0.0
2025,8,16,6,곡성군,벼애나방(발생면적율),0.0
2025,8,16,6,곡성군,벼잎선충(발생추정면적),0.0
2025,8,16,6,곡성군,벼잎선충(감수율),0.0
2025,8,16,6,곡성군,벼잎선충(피해율),0.0
2025,8,16,6,곡성군,벼잎선충(발생면적율),0.0
2025,8,16,6,광양시,잎도열병(발생추정면적),0.0
2025,8,16,6,광양시,잎도열병(감수율),0.0
2025,8,16,6,광양시,잎도열병(피해율),0.0
2025,8,16,6,광양시,잎도열병(발생면적율),0.0
2025,8,16,6,광양시,이삭도열병(발생추정면적),0.0
2025,8,16,6,광양시,이삭도열병(감수율),0.0
2025,8,16,6,광양시,이삭도열병(피해율),0.0
2025,8,16,6,광양시,이삭도열병(발생면적율),0.0
2025,8,16,6,광양시,잎집무늬마름병(발생추정면적),0.0
2025,8,16,6,광양시,잎집무늬마름병(감수율),0.0
2025,8,16,6,광양시,잎집무늬마름병(피해율),0.0
2025,8,16,6,광양시,잎집무늬마름병(발생면적율),0.0
2025,8,16,6,광양시,흰잎마름병(발생추정면적),0.0
2025,8,16,6,광양시,흰잎마름병(감수율),0.0
2025,8,16,6,광양시,흰잎마름병(피해율),0.0
2025,8,16,6,광양시,흰잎마름병(발생면적율),0.0
2025,8,16,6,광양시,세균벼알마름병(발생추정면적),0.0
2025,8,16,6,광양시,세균벼알마름병(감수율),0.0
2025,8,16,6,광양시,세균벼알마름병(피해율),0.0
2025,8,16,6,광양시,세균벼알마름병(발생면적율),0.0
2025,8,16,6,광양시,줄무늬잎마름병(발생면적),0.0
2025,8,16,6,광양시,줄무늬잎마름병(감수율),0.0
2025,8,16,6,광양시,줄무늬잎마름병(피해율),0.0
2025,8,16,6,광양시,줄무늬잎마름병(발생면적률),0.0
2025,8,16,6,광양시,벼검은줄오갈병(발생면적),0.0
2025,8,16,6,광양시,벼검은줄오갈병(감수율),0.0
2025,8,16,6,광양시,벼검은줄오갈병(피해율),0.0
2025,8,16,6,광양시,벼검은줄오갈병(발생면적률),0.0
2025,8,16,6,광양시,오갈병(발생면적),0.0
2025,8,16,6,광양시,오갈병(감수율),0.0
2025,8,16,6,광양시,오갈병(피해율),0.0
2025,8,16,6,광양시,오갈병(발생면적률),0.0
2025,8,16,6,광양시,이삭누룩병(발생추정면적),0.0
2025,8,16,6,광양시,이삭누룩병(감수율),0.0
2025,8,16,6,광양시,이삭누룩병(피해율),0.0
2025,8,16,6,광양시,이삭누룩병(발생면적율),0.0
2025,8,16,6,광양시,깨씨무늬병(발생추정면적),0.0
2025,8,16,6,광양시,깨씨무늬병(감수율),0.0
2025,8,16,6,광양시,깨씨무늬병(피해율),0.0
2025,8,16,6,광양시,깨씨무늬병(발생면적율),0.0
2025,8,16,6,광양시,벼잎벌레(발생추정면적),0.0
2025,8,16,6,광양시,벼잎벌레(감수율),0.0
2025,8,16,6,광양시,벼잎벌레(피해율),0.0
2025,8,16,6,광양시,벼잎벌레(발생면적율),0.0
2025,8,16,6,광양시,벼애잎굴파리(발생추정면적),0.0
2025,8,16,6,광양시,벼애잎굴파리(감수율),0.0
2025,8,16,6,광양시,벼애잎굴파리(피해율),0.0
2025,8,16,6,광양시,벼애잎굴파리(발생면적율),0.0
2025,8,16,6,광양시,벼줄기굴파리(발생추정면적),0.0
2025,8,16,6,광양시,벼줄기굴파리(감수율),0.0
2025,8,16,6,광양시,벼줄기굴파리(피해율),0.0
2025,8,16,6,광양시,벼줄기굴파리(발생면적율),0.0
2025,8,16,6,광양시,애멸구(발생추정면적),0.0
2025,8,16,6,광양시,애멸구(감수율),0.0
2025,8,16,6,광양시,애멸구(피해율),0.0
2025,8,16,6,광양시,애멸구(발생면적율),0.0
2025,8,16,6,광양시,끝동매미충(발생추정면적),0.0
2025,8,16,6,광양시,끝동매미충(감수율),0.0
2025,8,16,6,광양시,끝동매미충(피해율),0.0
2025,8,16,6,광양시,끝동매미충(발생면적율),0.0
2025,8,16,6,광양시,벼멸구(발생추정면적),0.0
2025,8,16,6,광양시,벼멸구(감수율),0.0
2025,8,16,6,광양시,벼멸구(피해율),0.0
2025,8,16,6,광양시,벼멸구(발생면적율),0.0
2025,8,16,6,광양시,흰등멸구(발생추정면적),0.0
2025,8,16,6,광양시,흰등멸구(감수율),0.0
2025,8,16,6,광양시,흰등멸구(피해율),0.0
2025,8,16,6,광양시,흰등멸구(발생면적율),0.0
2025,8,16,6,광양시,벼물바구미(발생추정면적),0.0
2025,8,16,6,광양시,벼물바구미(감수율),0.0
2025,8,16,6,광양시,벼물바구미(피해율),0.0
2025,8,16,6,광양시,벼물바구미(발생면적율),0.0
2025,8,16,6,광양시,혹명나방(발생추정면적),0.0
2025,8,16,6,광양시,혹명나방(감수율),0.0
2025,8,16,6,광양시,혹명나방(피해율),0.0
2025,8,16,6,광양시,혹명나방(발생면적율),0.0
2025,8,16,6,광양시,멸강나방(발생추정면적),0.0
2025,8,16,6,광양시,멸강나방(감수율),0.0
2025,8,16,6,광양시,멸강나방(피해율),0.0
2025,8,16,6,광양시,멸강나방(발생면적율),0.0
2025,8,16,6,광양시,먹노린재(발생추정면적),0.0
2025,8,16,6,광양시,먹노린재(감수율),0.0
2025,8,16,6,광양시,먹노린재(피해율),0.0
2025,8,16,6,광양시,먹노린재(발생면적율),0.0
2025,8,16,6,광양시,이화명나방1화기(발생면적),0.0
2025,8,16,6,광양시,이화명나방1화기(감수율),0.0
2025,8,16,6,광양시,이화명나방1화기(피해율),0.0
2025,8,16,6,광양시,이화명나방1화기(발생면적률),0.0
2025,8,16,6,광양시,이화명나방2화기(발생면적),0.0
2025,8,16,6,광양시,이화명나방2화기(감수율),0.0
2025,8,16,6,광양시,이화명나방2화기(피해율),0.0
2025,8,16,6,광양시,이화명나방2화기(발생면적률),0.0
2025,8,16,6,광양시,바이러스병(발생추정면적),0.0
2025,8,16,6,광양시,바이러스병(감수율),0.0
2025,8,16,6,광양시,바이러스병(피해율),0.0
2025,8,16,6,광양시,바이러스병(발생면적율),0.0
2025,8,16,6,광양시,키다리병(발생추정면적),0.0
2025,8,16,6,광양시,키다리병(감수율),0.0
2025,8,16,6,광양시,키다리병(피해율),0.0
2025,8,16,6,광양시,키다리병(발생면적율),0.0
2025,8,16,6,광양시,이화명나방(발생추정면적),0.0
2025,8,16,6,광양시,이화명나방(감수율),0.0
2025,8,16,6,광양시,이화명나방(피해율),0.0
2025,8,16,6,광양시,이화명나방(발생면적율),0.0
2025,8,16,6,광양시,벼애나방(발생추정면적),0.0
2025,8,16,6,광양시,벼애나방(감수율),0.0
2025,8,16,6,광양시,벼애나방(피해율),0.0
2025,8,16,6,광양시,벼애나방(발생면적율),0.0
2025,8,16,6,광양시,벼잎선충(발생추정면적),0.0
2025,8,16,6,광양시,벼잎선충(감수율),0.0
2025,8,16,6,광양시,벼잎선충(피해율),0.0
2025,8,16,6,광양시,벼잎선충(발생면적율),0.0
2025,8,16,6,구례군,잎도열병(발생추정면적),0.0
2025,8,16,6,구례군,잎도열병(감수율),0.0
2025,8,16,6,구례군,잎도열병(피해율),0.0
2025,8,16,6,구례군,잎도열병(발생면적율),0.0
2025,8,16,6,구례군,이삭도열병(발생추정면적),0.0
2025,8,16,6,구례군,이삭도열병(감수율),0.0
2025,8,16,6,구례군,이삭도열병(피해율),0.0
2025,8,16,6,구례군,이삭도열병(발생면적율),0.0
2025,8,16,6,구례군,잎집무늬마름병(발생추정면적),0.0
2025,8,16,6,구례군,잎집무늬마름병(감수율),0.0
2025,8,16,6,구례군,잎집무늬마름병(피해율),0.0
2025,8,16,6,구례군,잎집무늬마름병(발생면적율),0.0
2025,8,16,6,구례군,흰잎마름병(발생추정면적),0.0
2025,8,16,6,구례군,흰잎마름병(감수율),0.0
2025,8,16,6,구례군,흰잎마름병(피해율),0.0
2025,8,16,6,구례군,흰잎마름병(발생면적율),0.0
2025,8,16,6,구례군,세균벼알마름병(발생추정면적),0.0
2025,8,16,6,구례군,세균벼알마름병(감수율),0.0
2025,8,16,6,구례군,세균벼알마름병(피해율),0.0
2025,8,16,6,구례군,세균벼알마름병(발생면적율),0.0
2025,8,16,6,구례군,줄무늬잎마름병(발생면적),0.0
2025,8,16,6,구례군,줄무늬잎마름병(감수율),0.0
2025,8,16,6,구례군,줄무늬잎마름병(피해율),0.0
2025,8,16,6,구례군,줄무늬잎마름병(발생면적률),0.0
2025,8,16,6,구례군,벼검은줄오갈병(발생면적),0.0
2025,8,16,6,구례군,벼검은줄오갈병(감수율),0.0
2025,8,16,6,구례군,벼검은줄오갈병(피해율),0.0
2025,8,16,6,구례군,벼검은줄오갈병(발생면적률),0.0
2025,8,16,6,구례군,오갈병(발생면적),0.0
2025,8,16,6,구례군,오갈병(감수율),0.0
2025,8,16,6,구례군,오갈병(피해율),0.0
2025,8,16,6,구례군,오갈병(발생면적률),0.0
2025,8,16,6,구례군,이삭누룩병(발생추정면적),0.0
2025,8,16,6,구례군,이삭누룩병(감수율),0.0
2025,8,16,6,구례군,이삭누룩병(피해율),0.0
2025,8,16,6,구례군,이삭누룩병(발생면적율),0.0
2025,8,16,6,구례군,깨씨무늬병(발생추정면적),0.0
2025,8,16,6,구례군,깨씨무늬병(감수율),0.0
2025,8,16,6,구례군,깨씨무늬병(피해율),0.0
2025,8,16,6,구례군,깨씨무늬병(발생면적율),0.0
2025,8,16,6,구례군,벼잎벌레(발생추정면적),0.0
2025,8,16,6,구례군,벼잎벌레(감수율),0.0
2025,8,16,6,구례군,벼잎벌레(피해율),0.0
2025,8,16,6,구례군,벼잎벌레(발생면적율),0.0
2025,8,16,6,구례군,벼애잎굴파리(발생추정면적),0.0
2025,8,16,6,구례군,벼애잎굴파리(감수율),0.0
2025,8,16,6,구례군,벼애잎굴파리(피해율),0.0
2025,8,16,6,구례군,벼애잎굴파리(발생면적율),0.0
2025,8,16,6,구례군,벼줄기굴파리(발생추정면적),0.0
2025,8,16,6,구례군,벼줄기굴파리(감수율),0.0
2025,8,16,6,구례군,벼줄기굴파리(피해율),0.0
2025,8,16,6,구례군,벼줄기굴파리(발생면적율),0.0
2025,8,16,6,구례군,애멸구(발생추정면적),0.0
2025,8,16,6,구례군,애멸구(감수율),0.0
2025,8,16,6,구례군,애멸구(피해율),0.0
2025,8,16,6,구례군,애멸구(발생면적율),0.0
2025,8,16,6,구례군,끝동매미충(발생추정면적),0.0
2025,8,16,6,구례군,끝동매미충(감수율),0.0
2025,8,16,6,구례군,끝동매미충(피해율),0.0
2025,8,16,6,구례군,끝동매미충(발생면적율),0.0
2025,8,16,6,구례군,벼멸구(발생추정면적),0.0
2025,8,16,6,구례군,벼멸구(감수율),0.0
2025,8,16,6,구례군,벼멸구(피해율),0.0
2025,8,16,6,구례군,벼멸구(발생면적율),0.0
2025,8,16,6,구례군,흰등멸구(발생추정면적),0.0
2025,8,16,6,구례군,흰등멸구(감수율),0.0
2025,8,16,6,구례군,흰등멸구(피해율),0.0
2025,8,16,6,구례군,흰등멸구(발생면적율),0.0
2025,8,16,6,구례군,벼물바구미(발생추정면적),0.0
2025,8,16,6,구례군,벼물바구미(감수율),0.0
2025,8,16,6,구례군,벼물바구미(피해율),0.0
2025,8,16,6,구례군,벼물바구미(발생면적율),0.0
2025,8,16,6,구례군,혹명나방(발생추정면적),0.0
2025,8,16,6,구례군,혹명나방(감수율),0.0
2025,8,16,6,구례군,혹명나방(피해율),0.0
2025,8,16,6,구례군,혹명나방(발생면적율),0.0
2025,8,16,6,구례군,멸강나방(발생추정면적),0.0
2025,8,16,6,구례군,멸강나방(감수율),0.0
2025,8,16,6,구례군,멸강나방(피해율),0.0
2025,8,16,6,구례군,멸강나방(발생면적율),0.0
2025,8,16,6,구례군,먹노린재(발생추정면적),0.0
2025,8,16,6,구례군,먹노린재(감수율),0.0
2025,8,16,6,구례군,먹노린재(피해율),0.0
2025,8,16,6,구례군,먹노린재(발생면적율),0.0
2025,8,16,6,구례군,이화명나방1화기(발생면적),0.0
2025,8,16,6,구례군,이화명나방1화기(감수율),0.0
2025,8,16,6,구례군,이화명나방1화기(피해율),0.0
2025,8,16,6,구례군,이화명나방1화기(발생면적률),0.0
2025,8,16,6,구례군,이화명나방2화기(발생면적),0.0
2025,8,16,6,구례군,이화명나방2화기(감수율),0.0
2025,8,16,6,구례군,이화명나방2화기(피해율),0.0
2025,8,16,6,구례군,이화명나방2화기(발생면적률),0.0
2025,8,16,6,구례군,바이러스병(발생추정면적),0.0
2025,8,16,6,구례군,바이러스병(감수율),0.0
2025,8,16,6,구례군,바이러스병(피해율),0.0
2025,8,16,6,구례군,바이러스병(발생면적율),0.0
2025,8,16,6,구례군,키다리병(발생추정면적),0.0
2025,8,16,6,구례군,키다리병(감수율),0.0
2025,8,16,6,구례군,키다리병(피해율),0.0
2025,8,16,6,구례군,키다리병(발생면적율),0.0
2025,8,16,6,구례군,이화명나방(발생추정면적),0.0
2025,8,16,6,구례군,이화명나방(감수율),0.0
2025,8,16,6,구례군,이화명나방(피해율),0.0
2025,8,16,6,구례군,이화명나방(발생면적율),0.0
2025,8,16,6,구례군,벼애나방(발생추정면적),0.0
2025,8,16,6,구례군,벼애나방(감수율),0.0
2025,8,16,6,구례군,벼애나방(피해율),0.0
2025,8,16,6,구례군,벼애나방(발생면적율),0.0
2025,8,16,6,구례군,벼잎선충(발생추정면적),0.0
2025,8,16,6,구례군,벼잎선충(감수율),0.0
2025,8,16,6,구례군,벼잎선충(피해율),0.0
2025,8,16,6,구례군,벼잎선충(발생면적율),0.0
2025,8,16,6,나주시,잎도열병(발생추정면적),4.149
2025,8,16,6,나주시,잎도열병(감수율),0.0
2025,8,16,6,나주시,잎도열병(피해율),0.0
2025,8,16,6,나주시,잎도열병(발생면적율),0.037
2025,8,16,6,나주시,이삭도열병(발생추정면적),0.0
2025,8,16,6,나주시,이삭도열병(감수율),0.0
2025,8,16,6,나주시,이삭도열병(피해율),0.0
2025,8,16,6,나주시,이삭도열병(발생면적율),0.0
2025,8,16,6,나주시,잎집무늬마름병(발생추정면적),10.141
2025,8,16,6,나주시,잎집무늬마름병(감수율),0.001
2025,8,16,6,나주시,잎집무늬마름병(피해율),0.007
2025,8,16,6,나주시,잎집무늬마름병(발생면적율),0.091
2025,8,16,6,나주시,흰잎마름병(발생추정면적),0.0
2025,8,16,6,나주시,흰잎마름병(감수율),0.0
2025,8,16,6,나주시,흰잎마름병(피해율),0.0
2025,8,16,6,나주시,흰잎마름병(발생면적율),0.0
2025,8,16,6,나주시,세균벼알마름병(발생추정면적),0.0
2025,8,16,6,나주시,세균벼알마름병(감수율),0.0
2025,8,16,6,나주시,세균벼알마름병(피해율),0.0
2025,8,16,6,나주시,세균벼알마름병(발생면적율),0.0
2025,8,16,6,나주시,줄무늬잎마름병(발생면적),0.0
2025,8,16,6,나주시,줄무늬잎마름병(감수율),0.0
2025,8,16,6,나주시,줄무늬잎마름병(피해율),0.0
2025,8,16,6,나주시,줄무늬잎마름병(발생면적률),0.0
2025,8,16,6,나주시,벼검은줄오갈병(발생면적),0.0
2025,8,16,6,나주시,벼검은줄오갈병(감수율),0.0
2025,8,16,6,나주시,벼검은줄오갈병(피해율),0.0
2025,8,16,6,나주시,벼검은줄오갈병(발생면적률),0.0
2025,8,16,6,나주시,오갈병(발생면적),0.0
2025,8,16,6,나주시,오갈병(감수율),0.0
2025,8,16,6,나주시,오갈병(피해율),0.0
2025,8,16,6,나주시,오갈병(발생면적률),0.0
2025,8,16,6,나주시,이삭누룩병(발생추정면적),0.0
2025,8,16,6,나주시,이삭누룩병(감수율),0.0
2025,8,16,6,나주시,이삭누룩병(피해율),0.0
2025,8,16,6,나주시,이삭누룩병(발생면적율),0.0
2025,8,16,6,나주시,깨씨무늬병(발생추정면적),1.383
2025,8,16,6,나주시,깨씨무늬병(감수율),0.0
2025,8,16,6,나주시,깨씨무늬병(피해율),0.001
2025,8,16,6,나주시,깨씨무늬병(발생면적율),0.012
2025,8,16,6,나주시,벼잎벌레(발생추정면적),0.0
2025,8,16,6,나주시,벼잎벌레(감수율),0.0
2025,8,16,6,나주시,벼잎벌레(피해율),0.0
2025,8,16,6,나주시,벼잎벌레(발생면적율),0.0
2025,8,16,6,나주시,벼애잎굴파리(발생추정면적),0.0
2025,8,16,6,나주시,벼애잎굴파리(감수율),0.0
2025,8,16,6,나주시,벼애잎굴파리(피해율),0.0
2025,8,16,6,나주시,벼애잎굴파리(발생면적율),0.0
2025,8,16,6,나주시,벼줄기굴파리(발생추정면적),0.0
2025,8,16,6,나주시,벼줄기굴파리(감수율),0.0
2025,8,16,6,나주시,벼줄기굴파리(피해율),0.0
2025,8,16,6,나주시,벼줄기굴파리(발생면적율),0.0
2025,8,16,6,나주시,애멸구(발생추정면적),0.922
2025,8,16,6,나주시,애멸구(감수율),0.0
2025,8,16,6,나주시,애멸구(피해율),0.001
2025,8,16,6,나주시,애멸구(발생면적율),0.008
2025,8,16,6,나주시,끝동매미충(발생추정면적),0.0
2025,8,16,6,나주시,끝동매미충(감수율),0.0
2025,8,16,6,나주시,끝동매미충(피해율),0.0
2025,8,16,6,나주시,끝동매미충(발생면적율),0.0
2025,8,16,6,나주시,벼멸구(발생추정면적),0.209
2025,8,16,6,나주시,벼멸구(감수율),0.0
2025,8,16,6,나주시,벼멸구(피해율),0.0
2025,8,16,6,나주시,벼멸구(발생면적율),0.002
2025,8,16,6,나주시,흰등멸구(발생추정면적),3.552
2025,8,16,6,나주시,흰등멸구(감수율),0.001
2025,8,16,6,나주시,흰등멸구(피해율),0.004
2025,8,16,6,나주시,흰등멸구(발생면적율),0.035
2025,8,16,6,나주시,벼물바구미(발생추정면적),0.0
2025,8,16,6,나주시,벼물바구미(감수율),0.0
2025,8,16,6,나주시,벼물바구미(피해율),0.0
2025,8,16,6,나주시,벼물바구미(발생면적율),0.0
2025,8,16,6,나주시,혹명나방(발생추정면적),0.461
2025,8,16,6,나주시,혹명나방(감수율),0.0
2025,8,16,6,나주시,혹명나방(피해율),0.0
2025,8,16,6,나주시,혹명나방(발생면적율),0.004
2025,8,16,6,나주시,멸강나방(발생추정면적),0.0
2025,8,16,6,나주시,멸강나방(감수율),0.0
2025,8,16,6,나주시,멸강나방(피해율),0.0
2025,8,16,6,나주시,멸강나방(발생면적율),0.0
2025,8,16,6,나주시,먹노린재(발생추정면적),0.0
2025,8,16,6,나주시,먹노린재(감수율),0.0
2025,8,16,6,나주시,먹노린재(피해율),0.0
2025,8,16,6,나주시,먹노린재(발생면적율),0.0
2025,8,16,6,나주시,이화명나방1화기(발생면적),0.0
2025,8,16,6,나주시,이화명나방1화기(감수율),0.0
2025,8,16,6,나주시,이화명나방1화기(피해율),0.0
2025,8,16,6,나주시,이화명나방1화기(발생면적률),0.0
2025,8,16,6,나주시,이화명나방2화기(발생면적),0.0
2025,8,16,6,나주시,이화명나방2화기(감수율),0.0
2025,8,16,6,나주시,이화명나방2화기(피해율),0.0
2025,8,16,6,나주시,이화명나방2화기(발생면적률),0.0
2025,8,16,6,나주시,바이러스병(발생추정면적),0.0
2025,8,16,6,나주시,바이러스병(감수율),0.0
2025,8,16,6,나주시,바이러스병(피해율),0.0
2025,8,16,6,나주시,바이러스병(발생면적율),0.0
2025,8,16,6,나주시,키다리병(발생추정면적),0.0
2025,8,16,6,나주시,키다리병(감수율),0.0
2025,8,16,6,나주시,키다리병(피해율),0.0
2025,8,16,6,나주시,키다리병(발생면적율),0.0
2025,8,16,6,나주시,이화명나방(발생추정면적),0.0
2025,8,16,6,나주시,이화명나방(감수율),0.0
2025,8,16,6,나주시,이화명나방(피해율),0.0
2025,8,16,6,나주시,이화명나방(발생면적율),0.0
2025,8,16,6,나주시,벼애나방(발생추정면적),0.0
2025,8,16,6,나주시,벼애나방(감수율),0.0
2025,8,16,6,나주시,벼애나방(피해율),0.0
2025,8,16,6,나주시,벼애나방(발생면적율),0.0
2025,8,16,6,나주시,벼잎선충(발생추정면적),0.0
2025,8,16,6,나주시,벼잎선충(감수율),0.0
2025,8,16,6,나주시,벼잎선충(피해율),0.0
2025,8,16,6,나주시,벼잎선충(발생면적율),0.0
2025,8,16,6,담양군,잎도열병(발생추정면적),3.405
2025,8,16,6,담양군,잎도열병(감수율),0.0
2025,8,16,6,담양군,잎도열병(피해율),0.0
2025,8,16,6,담양군,잎도열병(발생면적율),0.064
2025,8,16,6,담양군,이삭도열병(발생추정면적),0.0
2025,8,16,6,담양군,이삭도열병(감수율),0.0
2025,8,16,6,담양군,이삭도열병(피해율),0.0
2025,8,16,6,담양군,이삭도열병(발생면적율),0.0
2025,8,16,6,담양군,잎집무늬마름병(발생추정면적),16.54
2025,8,16,6,담양군,잎집무늬마름병(감수율),0.006
2025,8,16,6,담양군,잎집무늬마름병(피해율),0.028
2025,8,16,6,담양군,잎집무늬마름병(발생면적율),0.313
2025,8,16,6,담양군,흰잎마름병(발생추정면적),5.351
2025,8,16,6,담양군,흰잎마름병(감수율),0.001
2025,8,16,6,담양군,흰잎마름병(피해율),0.007
2025,8,16,6,담양군,흰잎마름병(발생면적율),0.101
2025,8,16,6,담양군,세균벼알마름병(발생추정면적),0.0
2025,8,16,6,담양군,세균벼알마름병(감수율),0.0
2025,8,16,6,담양군,세균벼알마름병(피해율),0.0
2025,8,16,6,담양군,세균벼알마름병(발생면적율),0.0
2025,8,16,6,담양군,줄무늬잎마름병(발생면적),0.0
2025,8,16,6,담양군,줄무늬잎마름병(감수율),0.0
2025,8,16,6,담양군,줄무늬잎마름병(피해율),0.0
2025,8,16,6,담양군,줄무늬잎마름병(발생면적률),0.0
2025,8,16,6,담양군,벼검은줄오갈병(발생면적),0.0
2025,8,16,6,담양군,벼검은줄오갈병(감수율),0.0
2025,8,16,6,담양군,벼검은줄오갈병(피해율),0.0
2025,8,16,6,담양군,벼검은줄오갈병(발생면적률),0.0
2025,8,16,6,담양군,오갈병(발생면적),0.0
2025,8,16,6,담양군,오갈병(감수율),0.0
2025,8,16,6,담양군,오갈병(피해율),0.0
2025,8,16,6,담양군,오갈병(발생면적률),0.0
2025,8,16,6,담양군,이삭누룩병(발생추정면적),0.0
2025,8,16,6,담양군,이삭누룩병(감수율),0.0
2025,8,16,6,담양군,이삭누룩병(피해율),0.0
2025,8,16,6,담양군,이삭누룩병(발생면적율),0.0
2025,8,16,6,담양군,깨씨무늬병(발생추정면적),9.243
2025,8,16,6,담양군,깨씨무늬병(감수율),0.002
2025,8,16,6,담양군,깨씨무늬병(피해율),0.009
2025,8,16,6,담양군,깨씨무늬병(발생면적율),0.175
2025,8,16,6,담양군,벼잎벌레(발생추정면적),0.0
2025,8,16,6,담양군,벼잎벌레(감수율),0.0
2025,8,16,6,담양군,벼잎벌레(피해율),0.0
2025,8,16,6,담양군,벼잎벌레(발생면적율),0.0
2025,8,16,6,담양군,벼애잎굴파리(발생추정면적),0.0
2025,8,16,6,담양군,벼애잎굴파리(감수율),0.0
2025,8,16,6,담양군,벼애잎굴파리(피해율),0.0
2025,8,16,6,담양군,벼애잎굴파리(발생면적율),0.0
2025,8,16,6,담양군,벼줄기굴파리(발생추정면적),0.0
2025,8,16,6,담양군,벼줄기굴파리(감수율),0.0
2025,8,16,6,담양군,벼줄기굴파리(피해율),0.0
2025,8,16,6,담양군,벼줄기굴파리(발생면적율),0.0
2025,8,16,6,담양군,애멸구(발생추정면적),0.0
2025,8,16,6,담양군,애멸구(감수율),0.0
2025,8,16,6,담양군,애멸구(피해율),0.0
2025,8,16,6,담양군,애멸구(발생면적율),0.0
2025,8,16,6,담양군,끝동매미충(발생추정면적),0.0
2025,8,16,6,담양군,끝동매미충(감수율),0.0
2025,8,16,6,담양군,끝동매미충(피해율),0.0
2025,8,16,6,담양군,끝동매미충(발생면적율),0.0
2025,8,16,6,담양군,벼멸구(발생추정면적),0.0
2025,8,16,6,담양군,벼멸구(감수율),0.0
2025,8,16,6,담양군,벼멸구(피해율),0.0
2025,8,16,6,담양군,벼멸구(발생면적율),0.0
2025,8,16,6,담양군,흰등멸구(발생추정면적),0.0
2025,8,16,6,담양군,흰등멸구(감수율),0.0
2025,8,16,6,담양군,흰등멸구(피해율),0.0
2025,8,16,6,담양군,흰등멸구(발생면적율),0.0
2025,8,16,6,담양군,벼물바구미(발생추정면적),0.487
2025,8,16,6,담양군,벼물바구미(감수율),0.0
2025,8,16,6,담양군,벼물바구미(피해율),0.0
2025,8,16,6,담양군,벼물바구미(발생면적율),0.009
2025,8,16,6,담양군,혹명나방(발생추정면적),0.973
2025,8,16,6,담양군,혹명나방(감수율),0.0
2025,8,16,6,담양군,혹명나방(피해율),0.001
2025,8,16,6,담양군,혹명나방(발생면적율),0.018
2025,8,16,6,담양군,멸강나방(발생추정면적),0.0
2025,8,16,6,담양군,멸강나방(감수율),0.0
2025,8,16,6,담양군,멸강나방(피해율),0.0
2025,8,16,6,담양군,멸강나방(발생면적율),0.0
2025,8,16,6,담양군,먹노린재(발생추정면적),0.0
2025,8,16,6,담양군,먹노린재(감수율),0.0
2025,8,16,6,담양군,먹노린재(피해율),0.0
2025,8,16,6,담양군,먹노린재(발생면적율),0.0
2025,8,16,6,담양군,이화명나방1화기(발생면적),1.46
2025,8,16,6,담양군,이화명나방1화기(감수율),0.001
2025,8,16,6,담양군,이화명나방1화기(피해율),0.001
2025,8,16,6,담양군,이화명나방1화기(발생면적률),0.028
2025,8,16,6,담양군,이화명나방2화기(발생면적),0.0
2025,8,16,6,담양군,이화명나방2화기(감수율),0.0
2025,8,16,6,담양군,이화명나방2화기(피해율),0.0
2025,8,16,6,담양군,이화명나방2화기(발생면적률),0.0
2025,8,16,6,담양군,바이러스병(발생추정면적),0.0
2025,8,16,6,담양군,바이러스병(감수율),0.0
2025,8,16,6,담양군,바이러스병(피해율),0.0
2025,8,16,6,담양군,바이러스병(발생면적율),0.0
2025,8,16,6,담양군,키다리병(발생추정면적),0.0
2025,8,16,6,담양군,키다리병(감수율),0.0
2025,8,16,6,담양군,키다리병(피해율),0.0
2025,8,16,6,담양군,키다리병(발생면적율),0.0
2025,8,16,6,담양군,이화명나방(발생추정면적),0.0
2025,8,16,6,담양군,이화명나방(감수율),0.0
2025,8,16,6,담양군,이화명나방(피해율),0.0
2025,8,16,6,담양군,이화명나방(발생면적율),0.0
2025,8,16,6,담양군,벼애나방(발생추정면적),0.0
2025,8,16,6,담양군,벼애나방(감수율),0.0
2025,8,16,6,담양군,벼애나방(피해율),0.0
2025,8,16,6,담양군,벼애나방(발생면적율),0.0
2025,8,16,6,담양군,벼잎선충(발생추정면적),0.0
2025,8,16,6,담양군,벼잎선충(감수율),0.0
2025,8,16,6,담양군,벼잎선충(피해율),0.0
2025,8,16,6,담양군,벼잎선충(발생면적율),0.0
2025,8,16,6,무안군,잎도열병(발생추정면적),0.0
2025,8,16,6,무안군,잎도열병(감수율),0.0
2025,8,16,6,무안군,잎도열병(피해율),0.0
2025,8,16,6,무안군,잎도열병(발생면적율),0.0
2025,8,16,6,무안군,이삭도열병(발생추정면적),0.0
2025,8,16,6,무안군,이삭도열병(감수율),0.0
2025,8,16,6,무안군,이삭도열병(피해율),0.0
2025,8,16,6,무안군,이삭도열병(발생면적율),0.0
2025,8,16,6,무안군,잎집무늬마름병(발생추정면적),5.821
2025,8,16,6,무안군,잎집무늬마름병(감수율),0.001
2025,8,16,6,무안군,잎집무늬마름병(피해율),0.006
2025,8,16,6,무안군,잎집무늬마름병(발생면적율),0.077
2025,8,16,6,무안군,흰잎마름병(발생추정면적),0.0
2025,8,16,6,무안군,흰잎마름병(감수율),0.0
2025,8,16,6,무안군,흰잎마름병(피해율),0.0
2025,8,16,6,무안군,흰잎마름병(발생면적율),0.0
2025,8,16,6,무안군,세균벼알마름병(발생추정면적),0.0
2025,8,16,6,무안군,세균벼알마름병(감수율),0.0
2025,8,16,6,무안군,세균벼알마름병(피해율),0.0
2025,8,16,6,무안군,세균벼알마름병(발생면적율),0.0
2025,8,16,6,무안군,줄무늬잎마름병(발생면적),0.0
2025,8,16,6,무안군,줄무늬잎마름병(감수율),0.0
2025,8,16,6,무안군,줄무늬잎마름병(피해율),0.0
2025,8,16,6,무안군,줄무늬잎마름병(발생면적률),0.0
2025,8,16,6,무안군,벼검은줄오갈병(발생면적),0.0
2025,8,16,6,무안군,벼검은줄오갈병(감수율),0.0
2025,8,16,6,무안군,벼검은줄오갈병(피해율),0.0
2025,8,16,6,무안군,벼검은줄오갈병(발생면적률),0.0
2025,8,16,6,무안군,오갈병(발생면적),0.0
2025,8,16,6,무안군,오갈병(감수율),0.0
2025,8,16,6,무안군,오갈병(피해율),0.0
2025,8,16,6,무안군,오갈병(발생면적률),0.0
2025,8,16,6,무안군,이삭누룩병(발생추정면적),0.0
2025,8,16,6,무안군,이삭누룩병(감수율),0.0
2025,8,16,6,무안군,이삭누룩병(피해율),0.0
2025,8,16,6,무안군,이삭누룩병(발생면적율),0.0
2025,8,16,6,무안군,깨씨무늬병(발생추정면적),0.0
2025,8,16,6,무안군,깨씨무늬병(감수율),0.0
2025,8,16,6,무안군,깨씨무늬병(피해율),0.0
2025,8,16,6,무안군,깨씨무늬병(발생면적율),0.0
2025,8,16,6,무안군,벼잎벌레(발생추정면적),0.0
2025,8,16,6,무안군,벼잎벌레(감수율),0.0
2025,8,16,6,무안군,벼잎벌레(피해율),0.0
2025,8,16,6,무안군,벼잎벌레(발생면적율),0.0
2025,8,16,6,무안군,벼애잎굴파리(발생추정면적),0.0
2025,8,16,6,무안군,벼애잎굴파리(감수율),0.0
2025,8,16,6,무안군,벼애잎굴파리(피해율),0.0
2025,8,16,6,무안군,벼애잎굴파리(발생면적율),0.0
2025,8,16,6,무안군,벼줄기굴파리(발생추정면적),0.0
2025,8,16,6,무안군,벼줄기굴파리(감수율),0.0
2025,8,16,6,무안군,벼줄기굴파리(피해율),0.0
2025,8,16,6,무안군,벼줄기굴파리(발생면적율),0.0
2025,8,16,6,무안군,애멸구(발생추정면적),0.0
2025,8,16,6,무안군,애멸구(감수율),0.0
2025,8,16,6,무안군,애멸구(피해율),0.0
2025,8,16,6,무안군,애멸구(발생면적율),0.0
2025,8,16,6,무안군,끝동매미충(발생추정면적),0.0
2025,8,16,6,무안군,끝동매미충(감수율),0.0
2025,8,16,6,무안군,끝동매미충(피해율),0.0
2025,8,16,6,무안군,끝동매미충(발생면적율),0.0
2025,8,16,6,무안군,벼멸구(발생추정면적),0.0
2025,8,16,6,무안군,벼멸구(감수율),0.0
2025,8,16,6,무안군,벼멸구(피해율),0.0
2025,8,16,6,무안군,벼멸구(발생면적율),0.0
2025,8,16,6,무안군,흰등멸구(발생추정면적),0.0
2025,8,16,6,무안군,흰등멸구(감수율),0.0
2025,8,16,6,무안군,흰등멸구(피해율),0.0
2025,8,16,6,무안군,흰등멸구(발생면적율),0.0
2025,8,16,6,무안군,벼물바구미(발생추정면적),0.0
2025,8,16,6,무안군,벼물바구미(감수율),0.0
2025,8,16,6,무안군,벼물바구미(피해율),0.0
2025,8,16,6,무안군,벼물바구미(발생면적율),0.0
2025,8,16,6,무안군,혹명나방(발생추정면적),0.0
2025,8,16,6,무안군,혹명나방(감수율),0.0
2025,8,16,6,무안군,혹명나방(피해율),0.0
2025,8,16,6,무안군,혹명나방(발생면적율),0.0
2025,8,16,6,무안군,멸강나방(발생추정면적),0.0
2025,8,16,6,무안군,멸강나방(감수율),0.0
2025,8,16,6,무안군,멸강나방(피해율),0.0
2025,8,16,6,무안군,멸강나방(발생면적율),0.0
2025,8,16,6,무안군,먹노린재(발생추정면적),0.0
2025,8,16,6,무안군,먹노린재(감수율),0.0
2025,8,16,6,무안군,먹노린재(피해율),0.0
2025,8,16,6,무안군,먹노린재(발생면적율),0.0
2025,8,16,6,무안군,이화명나방1화기(발생면적),0.0
2025,8,16,6,무안군,이화명나방1화기(감수율),0.0
2025,8,16,6,무안군,이화명나방1화기(피해율),0.0
2025,8,16,6,무안군,이화명나방1화기(발생면적률),0.0
2025,8,16,6,무안군,이화명나방2화기(발생면적),0.0
2025,8,16,6,무안군,이화명나방2화기(감수율),0.0
2025,8,16,6,무안군,이화명나방2화기(피해율),0.0
2025,8,16,6,무안군,이화명나방2화기(발생면적률),0.0
2025,8,16,6,무안군,바이러스병(발생추정면적),0.0
2025,8,16,6,무안군,바이러스병(감수율),0.0
2025,8,16,6,무안군,바이러스병(피해율),0.0
2025,8,16,6,무안군,바이러스병(발생면적율),0.0
2025,8,16,6,무안군,키다리병(발생추정면적),0.0
2025,8,16,6,무안군,키다리병(감수율),0.0
2025,8,16,6,무안군,키다리병(피해율),0.0
2025,8,16,6,무안군,키다리병(발생면적율),0.0
2025,8,16,6,무안군,이화명나방(발생추정면적),0.0
2025,8,16,6,무안군,이화명나방(감수율),0.0
2025,8,16,6,무안군,이화명나방(피해율),0.0
2025,8,16,6,무안군,이화명나방(발생면적율),0.0
2025,8,16,6,무안군,벼애나방(발생추정면적),0.0
2025,8,16,6,무안군,벼애나방(감수율),0.0
2025,8,16,6,무안군,벼애나방(피해율),0.0
2025,8,16,6,무안군,벼애나방(발생면적율),0.0
2025,8,16,6,무안군,벼잎선충(발생추정면적),0.0
2025,8,16,6,무안군,벼잎선충(감수율),0.0
2025,8,16,6,무안군,벼잎선충(피해율),0.0
2025,8,16,6,무안군,벼잎선충(발생면적율),0.0
2025,8,16,6,보성군,잎도열병(발생추정면적),0.0
2025,8,16,6,보성군,잎도열병(감수율),0.0
2025,8,16,6,보성군,잎도열병(피해율),0.0
2025,8,16,6,보성군,잎도열병(발생면적율),0.0
2025,8,16,6,보성군,이삭도열병(발생추정면적),0.0
2025,8,16,6,보성군,이삭도열병(감수율),0.0
2025,8,16,6,보성군,이삭도열병(피해율),0.0
2025,8,16,6,보성군,이삭도열병(발생면적율),0.0
2025,8,16,6,보성군,잎집무늬마름병(발생추정면적),0.0
2025,8,16,6,보성군,잎집무늬마름병(감수율),0.0
2025,8,16,6,보성군,잎집무늬마름병(피해율),0.0
2025,8,16,6,보성군,잎집무늬마름병(발생면적율),0.0
2025,8,16,6,보성군,흰잎마름병(발생추정면적),0.0
2025,8,16,6,보성군,흰잎마름병(감수율),0.0
2025,8,16,6,보성군,흰잎마름병(피해율),0.0
2025,8,16,6,보성군,흰잎마름병(발생면적율),0.0
2025,8,16,6,보성군,세균벼알마름병(발생추정면적),0.0
2025,8,16,6,보성군,세균벼알마름병(감수율),0.0
2025,8,16,6,보성군,세균벼알마름병(피해율),0.0
2025,8,16,6,보성군,세균벼알마름병(발생면적율),0.0
2025,8,16,6,보성군,줄무늬잎마름병(발생면적),0.0
2025,8,16,6,보성군,줄무늬잎마름병(감수율),0.0
2025,8,16,6,보성군,줄무늬잎마름병(피해율),0.0
2025,8,16,6,보성군,줄무늬잎마름병(발생면적률),0.0
2025,8,16,6,보성군,벼검은줄오갈병(발생면적),0.0
2025,8,16,6,보성군,벼검은줄오갈병(감수율),0.0
2025,8,16,6,보성군,벼검은줄오갈병(피해율),0.0
2025,8,16,6,보성군,벼검은줄오갈병(발생면적률),0.0
2025,8,16,6,보성군,오갈병(발생면적),0.0
2025,8,16,6,보성군,오갈병(감수율),0.0
2025,8,16,6,보성군,오갈병(피해율),0.0
2025,8,16,6,보성군,오갈병(발생면적률),0.0
2025,8,16,6,보성군,이삭누룩병(발생추정면적),0.0
2025,8,16,6,보성군,이삭누룩병(감수율),0.0
2025,8,16,6,보성군,이삭누룩병(피해율),0.0
2025,8,16,6,보성군,이삭누룩병(발생면적율),0.0
2025,8,16,6,보성군,깨씨무늬병(발생추정면적),0.0
2025,8,16,6,보성군,깨씨무늬병(감수율),0.0
2025,8,16,6,보성군,깨씨무늬병(피해율),0.0
2025,8,16,6,보성군,깨씨무늬병(발생면적율),0.0
2025,8,16,6,보성군,벼잎벌레(발생추정면적),0.0
2025,8,16,6,보성군,벼잎벌레(감수율),0.0
2025,8,16,6,보성군,벼잎벌레(피해율),0.0
2025,8,16,6,보성군,벼잎벌레(발생면적율),0.0
2025,8,16,6,보성군,벼애잎굴파리(발생추정면적),0.0
2025,8,16,6,보성군,벼애잎굴파리(감수율),0.0
2025,8,16,6,보성군,벼애잎굴파리(피해율),0.0
2025,8,16,6,보성군,벼애잎굴파리(발생면적율),0.0
2025,8,16,6,보성군,벼줄기굴파리(발생추정면적),0.0
2025,8,16,6,보성군,벼줄기굴파리(감수율),0.0
2025,8,16,6,보성군,벼줄기굴파리(피해율),0.0
2025,8,16,6,보성군,벼줄기굴파리(발생면적율),0.0
2025,8,16,6,보성군,애멸구(발생추정면적),0.0
2025,8,16,6,보성군,애멸구(감수율),0.0
2025,8,16,6,보성군,애멸구(피해율),0.0
2025,8,16,6,보성군,애멸구(발생면적율),0.0
2025,8,16,6,보성군,끝동매미충(발생추정면적),0.0
2025,8,16,6,보성군,끝동매미충(감수율),0.0
2025,8,16,6,보성군,끝동매미충(피해율),0.0
2025,8,16,6,보성군,끝동매미충(발생면적율),0.0
2025,8,16,6,보성군,벼멸구(발생추정면적),0.0
2025,8,16,6,보성군,벼멸구(감수율),0.0
2025,8,16,6,보성군,벼멸구(피해율),0.0
2025,8,16,6,보성군,벼멸구(발생면적율),0.0
2025,8,16,6,보성군,흰등멸구(발생추정면적),0.0
2025,8,16,6,보성군,흰등멸구(감수율),0.0
2025,8,16,6,보성군,흰등멸구(피해율),0.0
2025,8,16,6,보성군,흰등멸구(발생면적율),0.0
2025,8,16,6,보성군,벼물바구미(발생추정면적),0.0
2025,8,16,6,보성군,벼물바구미(감수율),0.0
2025,8,16,6,보성군,벼물바구미(피해율),0.0
2025,8,16,6,보성군,벼물바구미(발생면적율),0.0
2025,8,16,6,보성군,혹명나방(발생추정면적),0.0
2025,8,16,6,보성군,혹명나방(감수율),0.0
2025,8,16,6,보성군,혹명나방(피해율),0.0
2025,8,16,6,보성군,혹명나방(발생면적율),0.0
2025,8,16,6,보성군,멸강나방(발생추정면적),0.0
2025,8,16,6,보성군,멸강나방(감수율),0.0
2025,8,16,6,보성군,멸강나방(피해율),0.0
2025,8,16,6,보성군,멸강나방(발생면적율),0.0
2025,8,16,6,보성군,먹노린재(발생추정면적),0.0
2025,8,16,6,보성군,먹노린재(감수율),0.0
2025,8,16,6,보성군,먹노린재(피해율),0.0
2025,8,16,6,보성군,먹노린재(발생면적율),0.0
2025,8,16,6,보성군,이화명나방1화기(발생면적),0.0
2025,8,16,6,보성군,이화명나방1화기(감수율),0.0
2025,8,16,6,보성군,이화명나방1화기(피해율),0.0
2025,8,16,6,보성군,이화명나방1화기(발생면적률),0.0
2025,8,16,6,보성군,이화명나방2화기(발생면적),0.0
2025,8,16,6,보성군,이화명나방2화기(감수율),0.0
2025,8,16,6,보성군,이화명나방2화기(피해율),0.0
2025,8,16,6,보성군,이화명나방2화기(발생면적률),0.0
2025,8,16,6,보성군,바이러스병(발생추정면적),0.0
2025,8,16,6,보성군,바이러스병(감수율),0.0
2025,8,16,6,보성군,바이러스병(피해율),0.0
2025,8,16,6,보성군,바이러스병(발생면적율),0.0
2025,8,16,6,보성군,키다리병(발생추정면적),0.0
2025,8,16,6,보성군,키다리병(감수율),0.0
2025,8,16,6,보성군,키다리병(피해율),0.0
2025,8,16,6,보성군,키다리병(발생면적율),0.0
2025,8,16,6,보성군,이화명나방(발생추정면적),0.0
2025,8,16,6,보성군,이화명나방(감수율),0.0
2025,8,16,6,보성군,이화명나방(피해율),0.0
2025,8,16,6,보성군,이화명나방(발생면적율),0.0
2025,8,16,6,보성군,벼애나방(발생추정면적),0.0
2025,8,16,6,보성군,벼애나방(감수율),0.0
2025,8,16,6,보성군,벼애나방(피해율),0.0
2025,8,16,6,보성군,벼애나방(발생면적율),0.0
2025,8,16,6,보성군,벼잎선충(발생추정면적),0.0
2025,8,16,6,보성군,벼잎선충(감수율),0.0
2025,8,16,6,보성군,벼잎선충(피해율),0.0
2025,8,16,6,보성군,벼잎선충(발생면적율),0.0
2025,8,16,6,순천시,잎도열병(발생추정면적),34.467
2025,8,16,6,순천시,잎도열병(감수율),0.0
2025,8,16,6,순천시,잎도열병(피해율),0.002
2025,8,16,6,순천시,잎도열병(발생면적율),0.78
2025,8,16,6,순천시,이삭도열병(발생추정면적),0.0
2025,8,16,6,순천시,이삭도열병(감수율),0.0
2025,8,16,6,순천시,이삭도열병(피해율),0.0
2025,8,16,6,순천시,이삭도열병(발생면적율),0.0
2025,8,16,6,순천시,잎집무늬마름병(발생추정면적),143.611
2025,8,16,6,순천시,잎집무늬마름병(감수율),0.049
2025,8,16,6,순천시,잎집무늬마름병(피해율),0.244
2025,8,16,6,순천시,잎집무늬마름병(발생면적율),3.251
2025,8,16,6,순천시,흰잎마름병(발생추정면적),41.778
2025,8,16,6,순천시,흰잎마름병(감수율),0.01
2025,8,16,6,순천시,흰잎마름병(피해율),0.047
2025,8,16,6,순천시,흰잎마름병(발생면적율),0.946
2025,8,16,6,순천시,세균벼알마름병(발생추정면적),0.0
2025,8,16,6,순천시,세균벼알마름병(감수율),0.0
2025,8,16,6,순천시,세균벼알마름병(피해율),0.0
2025,8,16,6,순천시,세균벼알마름병(발생면적율),0.0
2025,8,16,6,순천시,줄무늬잎마름병(발생면적),0.0
2025,8,16,6,순천시,줄무늬잎마름병(감수율),0.0
2025,8,16,6,순천시,줄무늬잎마름병(피해율),0.0
2025,8,16,6,순천시,줄무늬잎마름병(발생면적률),0.0
2025,8,16,6,순천시,벼검은줄오갈병(발생면적),0.0
2025,8,16,6,순천시,벼검은줄오갈병(감수율),0.0
2025,8,16,6,순천시,벼검은줄오갈병(피해율),0.0
2025,8,16,6,순천시,벼검은줄오갈병(발생면적률),0.0
2025,8,16,6,순천시,오갈병(발생면적),0.0
2025,8,16,6,순천시,오갈병(감수율),0.0
2025,8,16,6,순천시,오갈병(피해율),0.0
2025,8,16,6,순천시,오갈병(발생면적률),0.0
2025,8,16,6,순천시,이삭누룩병(발생추정면적),0.0
2025,8,16,6,순천시,이삭누룩병(감수율),0.0
2025,8,16,6,순천시,이삭누룩병(피해율),0.0
2025,8,16,6,순천시,이삭누룩병(발생면적율),0.0
2025,8,16,6,순천시,깨씨무늬병(발생추정면적),36.556
2025,8,16,6,순천시,깨씨무늬병(감수율),0.008
2025,8,16,6,순천시,깨씨무늬병(피해율),0.041
2025,8,16,6,순천시,깨씨무늬병(발생면적율),0.828
2025,8,16,6,순천시,벼잎벌레(발생추정면적),0.0
2025,8,16,6,순천시,벼잎벌레(감수율),0.0
2025,8,16,6,순천시,벼잎벌레(피해율),0.0
2025,8,16,6,순천시,벼잎벌레(발생면적율),0.0
2025,8,16,6,순천시,벼애잎굴파리(발생추정면적),0.0
2025,8,16,6,순천시,벼애잎굴파리(감수율),0.0
2025,8,16,6,순천시,벼애잎굴파리(피해율),0.0
2025,8,16,6,순천시,벼애잎굴파리(발생면적율),0.0
2025,8,16,6,순천시,벼줄기굴파리(발생추정면적),0.0
2025,8,16,6,순천시,벼줄기굴파리(감수율),0.0
2025,8,16,6,순천시,벼줄기굴파리(피해율),0.0
2025,8,16,6,순천시,벼줄기굴파리(발생면적율),0.0
2025,8,16,6,순천시,애멸구(발생추정면적),0.0
2025,8,16,6,순천시,애멸구(감수율),0.0
2025,8,16,6,순천시,애멸구(피해율),0.0
2025,8,16,6,순천시,애멸구(발생면적율),0.0
2025,8,16,6,순천시,끝동매미충(발생추정면적),0.0
2025,8,16,6,순천시,끝동매미충(감수율),0.0
2025,8,16,6,순천시,끝동매미충(피해율),0.0
2025,8,16,6,순천시,끝동매미충(발생면적율),0.0
2025,8,16,6,순천시,벼멸구(발생추정면적),0.0
2025,8,16,6,순천시,벼멸구(감수율),0.0
2025,8,16,6,순천시,벼멸구(피해율),0.0
2025,8,16,6,순천시,벼멸구(발생면적율),0.0
2025,8,16,6,순천시,흰등멸구(발생추정면적),28.363
2025,8,16,6,순천시,흰등멸구(감수율),0.024
2025,8,16,6,순천시,흰등멸구(피해율),0.059
2025,8,16,6,순천시,흰등멸구(발생면적율),0.591
2025,8,16,6,순천시,벼물바구미(발생추정면적),0.0
2025,8,16,6,순천시,벼물바구미(감수율),0.0
2025,8,16,6,순천시,벼물바구미(피해율),0.0
2025,8,16,6,순천시,벼물바구미(발생면적율),0.0
2025,8,16,6,순천시,혹명나방(발생추정면적),76.244
2025,8,16,6,순천시,혹명나방(감수율),0.017
2025,8,16,6,순천시,혹명나방(피해율),0.086
2025,8,16,6,순천시,혹명나방(발생면적율),1.726
2025,8,16,6,순천시,멸강나방(발생추정면적),0.0
2025,8,16,6,순천시,멸강나방(감수율),0.0
2025,8,16,6,순천시,멸강나방(피해율),0.0
2025,8,16,6,순천시,멸강나방(발생면적율),0.0
2025,8,16,6,순천시,먹노린재(발생추정면적),73.111
2025,8,16,6,순천시,먹노린재(감수율),0.017
2025,8,16,6,순천시,먹노린재(피해율),0.083
2025,8,16,6,순천시,먹노린재(발생면적율),1.655
2025,8,16,6,순천시,이화명나방1화기(발생면적),0.0
2025,8,16,6,순천시,이화명나방1화기(감수율),0.0
2025,8,16,6,순천시,이화명나방1화기(피해율),0.0
2025,8,16,6,순천시,이화명나방1화기(발생면적률),0.0
2025,8,16,6,순천시,이화명나방2화기(발생면적),0.0
2025,8,16,6,순천시,이화명나방2화기(감수율),0.0
2025,8,16,6,순천시,이화명나방2화기(피해율),0.0
2025,8,16,6,순천시,이화명나방2화기(발생면적률),0.0
2025,8,16,6,순천시,바이러스병(발생추정면적),0.0
2025,8,16,6,순천시,바이러스병(감수율),0.0
2025,8,16,6,순천시,바이러스병(피해율),0.0
2025,8,16,6,순천시,바이러스병(발생면적율),0.0
2025,8,16,6,순천시,키다리병(발생추정면적),0.0
2025,8,16,6,순천시,키다리병(감수율),0.0
2025,8,16,6,순천시,키다리병(피해율),0.0
2025,8,16,6,순천시,키다리병(발생면적율),0.0
2025,8,16,6,순천시,이화명나방(발생추정면적),0.0
2025,8,16,6,순천시,이화명나방(감수율),0.0
2025,8,16,6,순천시,이화명나방(피해율),0.0
2025,8,16,6,순천시,이화명나방(발생면적율),0.0
2025,8,16,6,순천시,벼애나방(발생추정면적),0.0
2025,8,16,6,순천시,벼애나방(감수율),0.0
2025,8,16,6,순천시,벼애나방(피해율),0.0
2025,8,16,6,순천시,벼애나방(발생면적율),0.0
2025,8,16,6,순천시,벼잎선충(발생추정면적),0.0
2025,8,16,6,순천시,벼잎선충(감수율),0.0
2025,8,16,6,순천시,벼잎선충(피해율),0.0
2025,8,16,6,순천시,벼잎선충(발생면적율),0.0
2025,8,16,6,신안군,잎도열병(발생추정면적),0.0
2025,8,16,6,신안군,잎도열병(감수율),0.0
2025,8,16,6,신안군,잎도열병(피해율),0.0
2025,8,16,6,신안군,잎도열병(발생면적율),0.0
2025,8,16,6,신안군,이삭도열병(발생추정면적),0.0
2025,8,16,6,신안군,이삭도열병(감수율),0.0
2025,8,16,6,신안군,이삭도열병(피해율),0.0
2025,8,16,6,신안군,이삭도열병(발생면적율),0.0
2025,8,16,6,신안군,잎집무늬마름병(발생추정면적),27.025
2025,8,16,6,신안군,잎집무늬마름병(감수율),0.005
2025,8,16,6,신안군,잎집무늬마름병(피해율),0.025
2025,8,16,6,신안군,잎집무늬마름병(발생면적율),0.335
2025,8,16,6,신안군,흰잎마름병(발생추정면적),0.0
2025,8,16,6,신안군,흰잎마름병(감수율),0.0
2025,8,16,6,신안군,흰잎마름병(피해율),0.0
2025,8,16,6,신안군,흰잎마름병(발생면적율),0.0
2025,8,16,6,신안군,세균벼알마름병(발생추정면적),0.0
2025,8,16,6,신안군,세균벼알마름병(감수율),0.0
2025,8,16,6,신안군,세균벼알마름병(피해율),0.0
2025,8,16,6,신안군,세균벼알마름병(발생면적율),0.0
2025,8,16,6,신안군,줄무늬잎마름병(발생면적),0.0
2025,8,16,6,신안군,줄무늬잎마름병(감수율),0.0
2025,8,16,6,신안군,줄무늬잎마름병(피해율),0.0
2025,8,16,6,신안군,줄무늬잎마름병(발생면적률),0.0
2025,8,16,6,신안군,벼검은줄오갈병(발생면적),0.0
2025,8,16,6,신안군,벼검은줄오갈병(감수율),0.0
2025,8,16,6,신안군,벼검은줄오갈병(피해율),0.0
2025,8,16,6,신안군,벼검은줄오갈병(발생면적률),0.0
2025,8,16,6,신안군,오갈병(발생면적),0.0
2025,8,16,6,신안군,오갈병(감수율),0.0
2025,8,16,6,신안군,오갈병(피해율),0.0
2025,8,16,6,신안군,오갈병(발생면적률),0.0
2025,8,16,6,신안군,이삭누룩병(발생추정면적),0.0
2025,8,16,6,신안군,이삭누룩병(감수율),0.0
2025,8,16,6,신안군,이삭누룩병(피해율),0.0
2025,8,16,6,신안군,이삭누룩병(발생면적율),0.0
2025,8,16,6,신안군,깨씨무늬병(발생추정면적),13.513
2025,8,16,6,신안군,깨씨무늬병(감수율),0.002
2025,8,16,6,신안군,깨씨무늬병(피해율),0.008
2025,8,16,6,신안군,깨씨무늬병(발생면적율),0.168
2025,8,16,6,신안군,벼잎벌레(발생추정면적),0.0
2025,8,16,6,신안군,벼잎벌레(감수율),0.0
2025,8,16,6,신안군,벼잎벌레(피해율),0.0
2025,8,16,6,신안군,벼잎벌레(발생면적율),0.0
2025,8,16,6,신안군,벼애잎굴파리(발생추정면적),0.0
2025,8,16,6,신안군,벼애잎굴파리(감수율),0.0
2025,8,16,6,신안군,벼애잎굴파리(피해율),0.0
2025,8,16,6,신안군,벼애잎굴파리(발생면적율),0.0
2025,8,16,6,신안군,벼줄기굴파리(발생추정면적),0.0
2025,8,16,6,신안군,벼줄기굴파리(감수율),0.0
2025,8,16,6,신안군,벼줄기굴파리(피해율),0.0
2025,8,16,6,신안군,벼줄기굴파리(발생면적율),0.0
2025,8,16,6,신안군,애멸구(발생추정면적),0.0
2025,8,16,6,신안군,애멸구(감수율),0.0
2025,8,16,6,신안군,애멸구(피해율),0.0
2025,8,16,6,신안군,애멸구(발생면적율),0.0
2025,8,16,6,신안군,끝동매미충(발생추정면적),0.0
2025,8,16,6,신안군,끝동매미충(감수율),0.0
2025,8,16,6,신안군,끝동매미충(피해율),0.0
2025,8,16,6,신안군,끝동매미충(발생면적율),0.0
2025,8,16,6,신안군,벼멸구(발생추정면적),0.0
2025,8,16,6,신안군,벼멸구(감수율),0.0
2025,8,16,6,신안군,벼멸구(피해율),0.0
2025,8,16,6,신안군,벼멸구(발생면적율),0.0
2025,8,16,6,신안군,흰등멸구(발생추정면적),0.353
2025,8,16,6,신안군,흰등멸구(감수율),0.001
2025,8,16,6,신안군,흰등멸구(피해율),0.001
2025,8,16,6,신안군,흰등멸구(발생면적율),0.004
2025,8,16,6,신안군,벼물바구미(발생추정면적),0.0
2025,8,16,6,신안군,벼물바구미(감수율),0.0
2025,8,16,6,신안군,벼물바구미(피해율),0.0
2025,8,16,6,신안군,벼물바구미(발생면적율),0.0
2025,8,16,6,신안군,혹명나방(발생추정면적),0.0
2025,8,16,6,신안군,혹명나방(감수율),0.0
2025,8,16,6,신안군,혹명나방(피해율),0.0
2025,8,16,6,신안군,혹명나방(발생면적율),0.0
2025,8,16,6,신안군,멸강나방(발생추정면적),0.0
2025,8,16,6,신안군,멸강나방(감수율),0.0
2025,8,16,6,신안군,멸강나방(피해율),0.0
2025,8,16,6,신안군,멸강나방(발생면적율),0.0
2025,8,16,6,신안군,먹노린재(발생추정면적),6.756
2025,8,16,6,신안군,먹노린재(감수율),0.001
2025,8,16,6,신안군,먹노린재(피해율),0.004
2025,8,16,6,신안군,먹노린재(발생면적율),0.084
2025,8,16,6,신안군,이화명나방1화기(발생면적),0.0
2025,8,16,6,신안군,이화명나방1화기(감수율),0.0
2025,8,16,6,신안군,이화명나방1화기(피해율),0.0
2025,8,16,6,신안군,이화명나방1화기(발생면적률),0.0
2025,8,16,6,신안군,이화명나방2화기(발생면적),0.0
2025,8,16,6,신안군,이화명나방2화기(감수율),0.0
2025,8,16,6,신안군,이화명나방2화기(피해율),0.0
2025,8,16,6,신안군,이화명나방2화기(발생면적률),0.0
2025,8,16,6,신안군,바이러스병(발생추정면적),0.0
2025,8,16,6,신안군,바이러스병(감수율),0.0
2025,8,16,6,신안군,바이러스병(피해율),0.0
2025,8,16,6,신안군,바이러스병(발생면적율),0.0
2025,8,16,6,신안군,키다리병(발생추정면적),0.0
2025,8,16,6,신안군,키다리병(감수율),0.0
2025,8,16,6,신안군,키다리병(피해율),0.0
2025,8,16,6,신안군,키다리병(발생면적율),0.0
2025,8,16,6,신안군,이화명나방(발생추정면적),0.0
2025,8,16,6,신안군,이화명나방(감수율),0.0
2025,8,16,6,신안군,이화명나방(피해율),0.0
2025,8,16,6,신안군,이화명나방(발생면적율),0.0
2025,8,16,6,신안군,벼애나방(발생추정면적),0.0
2025,8,16,6,신안군,벼애나방(감수율),0.0
2025,8,16,6,신안군,벼애나방(피해율),0.0
2025,8,16,6,신안군,벼애나방(발생면적율),0.0
2025,8,16,6,신안군,벼잎선충(발생추정면적),0.0
2025,8,16,6,신안군,벼잎선충(감수율),0.0
2025,8,16,6,신안군,벼잎선충(피해율),0.0
2025,8,16,6,신안군,벼잎선충(발생면적율),0.0
2025,8,16,6,여수시,잎도열병(발생추정면적),9.8
2025,8,16,6,여수시,잎도열병(감수율),0.0
2025,8,16,6,여수시,잎도열병(피해율),0.001
2025,8,16,6,여수시,잎도열병(발생면적율),0.542
2025,8,16,6,여수시,이삭도열병(발생추정면적),0.0
2025,8,16,6,여수시,이삭도열병(감수율),0.0
2025,8,16,6,여수시,이삭도열병(피해율),0.0
2025,8,16,6,여수시,이삭도열병(발생면적율),0.0
2025,8,16,6,여수시,잎집무늬마름병(발생추정면적),0.0
2025,8,16,6,여수시,잎집무늬마름병(감수율),0.0
2025,8,16,6,여수시,잎집무늬마름병(피해율),0.0
2025,8,16,6,여수시,잎집무늬마름병(발생면적율),0.0
2025,8,16,6,여수시,흰잎마름병(발생추정면적),4.9
2025,8,16,6,여수시,흰잎마름병(감수율),0.003
2025,8,16,6,여수시,흰잎마름병(피해율),0.014
2025,8,16,6,여수시,흰잎마름병(발생면적율),0.271
2025,8,16,6,여수시,세균벼알마름병(발생추정면적),0.0
2025,8,16,6,여수시,세균벼알마름병(감수율),0.0
2025,8,16,6,여수시,세균벼알마름병(피해율),0.0
2025,8,16,6,여수시,세균벼알마름병(발생면적율),0.0
2025,8,16,6,여수시,줄무늬잎마름병(발생면적),0.0
2025,8,16,6,여수시,줄무늬잎마름병(감수율),0.0
2025,8,16,6,여수시,줄무늬잎마름병(피해율),0.0
2025,8,16,6,여수시,줄무늬잎마름병(발생면적률),0.0
2025,8,16,6,여수시,벼검은줄오갈병(발생면적),0.0
2025,8,16,6,여수시,벼검은줄오갈병(감수율),0.0
2025,8,16,6,여수시,벼검은줄오갈병(피해율),0.0
2025,8,16,6,여수시,벼검은줄오갈병(발생면적률),0.0
2025,8,16,6,여수시,오갈병(발생면적),0.0
2025,8,16,6,여수시,오갈병(감수율),0.0
2025,8,16,6,여수시,오갈병(피해율),0.0
2025,8,16,6,여수시,오갈병(발생면적률),0.0
2025,8,16,6,여수시,이삭누룩병(발생추정면적),0.0
2025,8,16,6,여수시,이삭누룩병(감수율),0.0
2025,8,16,6,여수시,이삭누룩병(피해율),0.0
2025,8,16,6,여수시,이삭누룩병(발생면적율),0.0
2025,8,16,6,여수시,깨씨무늬병(발생추정면적),16.659
2025,8,16,6,여수시,깨씨무늬병(감수율),0.009
2025,8,16,6,여수시,깨씨무늬병(피해율),0.046
2025,8,16,6,여수시,깨씨무늬병(발생면적율),0.922
2025,8,16,6,여수시,벼잎벌레(발생추정면적),0.0
2025,8,16,6,여수시,벼잎벌레(감수율),0.0
2025,8,16,6,여수시,벼잎벌레(피해율),0.0
2025,8,16,6,여수시,벼잎벌레(발생면적율),0.0
2025,8,16,6,여수시,벼애잎굴파리(발생추정면적),0.0
2025,8,16,6,여수시,벼애잎굴파리(감수율),0.0
2025,8,16,6,여수시,벼애잎굴파리(피해율),0.0
2025,8,16,6,여수시,벼애잎굴파리(발생면적율),0.0
2025,8,16,6,여수시,벼줄기굴파리(발생추정면적),0.0
2025,8,16,6,여수시,벼줄기굴파리(감수율),0.0
2025,8,16,6,여수시,벼줄기굴파리(피해율),0.0
2025,8,16,6,여수시,벼줄기굴파리(발생면적율),0.0
2025,8,16,6,여수시,애멸구(발생추정면적),0.0
2025,8,16,6,여수시,애멸구(감수율),0.0
2025,8,16,6,여수시,애멸구(피해율),0.0
2025,8,16,6,여수시,애멸구(발생면적율),0.0
2025,8,16,6,여수시,끝동매미충(발생추정면적),0.0
2025,8,16,6,여수시,끝동매미충(감수율),0.0
2025,8,16,6,여수시,끝동매미충(피해율),0.0
2025,8,16,6,여수시,끝동매미충(발생면적율),0.0
2025,8,16,6,여수시,벼멸구(발생추정면적),0.493
2025,8,16,6,여수시,벼멸구(감수율),0.001
2025,8,16,6,여수시,벼멸구(피해율),0.003
2025,8,16,6,여수시,벼멸구(발생면적율),0.027
2025,8,16,6,여수시,흰등멸구(발생추정면적),0.0
2025,8,16,6,여수시,흰등멸구(감수율),0.0
2025,8,16,6,여수시,흰등멸구(피해율),0.0
2025,8,16,6,여수시,흰등멸구(발생면적율),0.0
2025,8,16,6,여수시,벼물바구미(발생추정면적),0.0
2025,8,16,6,여수시,벼물바구미(감수율),0.0
2025,8,16,6,여수시,벼물바구미(피해율),0.0
2025,8,16,6,여수시,벼물바구미(발생면적율),0.0
2025,8,16,6,여수시,혹명나방(발생추정면적),11.759
2025,8,16,6,여수시,혹명나방(감수율),0.007
2025,8,16,6,여수시,혹명나방(피해율),0.033
2025,8,16,6,여수시,혹명나방(발생면적율),0.65
2025,8,16,6,여수시,멸강나방(발생추정면적),0.0
2025,8,16,6,여수시,멸강나방(감수율),0.0
2025,8,16,6,여수시,멸강나방(피해율),0.0
2025,8,16,6,여수시,멸강나방(발생면적율),0.0
2025,8,16,6,여수시,먹노린재(발생추정면적),0.49
2025,8,16,6,여수시,먹노린재(감수율),0.0
2025,8,16,6,여수시,먹노린재(피해율),0.001
2025,8,16,6,여수시,먹노린재(발생면적율),0.027
2025,8,16,6,여수시,이화명나방1화기(발생면적),0.0
2025,8,16,6,여수시,이화명나방1화기(감수율),0.0
2025,8,16,6,여수시,이화명나방1화기(피해율),0.0
2025,8,16,6,여수시,이화명나방1화기(발생면적률),0.0
2025,8,16,6,여수시,이화명나방2화기(발생면적),0.98
2025,8,16,6,여수시,이화명나방2화기(감수율),0.001
2025,8,16,6,여수시,이화명나방2화기(피해율),0.001
2025,8,16,6,여수시,이화명나방2화기(발생면적률),0.054
2025,8,16,6,여수시,바이러스병(발생추정면적),0.0
2025,8,16,6,여수시,바이러스병(감수율),0.0
2025,8,16,6,여수시,바이러스병(피해율),0.0
2025,8,16,6,여수시,바이러스병(발생면적율),0.0
2025,8,16,6,여수시,키다리병(발생추정면적),0.0
2025,8,16,6,여수시,키다리병(감수율),0.0
2025,8,16,6,여수시,키다리병(피해율),0.0
2025,8,16,6,여수시,키다리병(발생면적율),0.0
2025,8,16,6,여수시,이화명나방(발생추정면적),0.0
2025,8,16,6,여수시,이화명나방(감수율),0.0
2025,8,16,6,여수시,이화명나방(피해율),0.0
2025,8,16,6,여수시,이화명나방(발생면적율),0.0
2025,8,16,6,여수시,벼애나방(발생추정면적),0.0
2025,8,16,6,여수시,벼애나방(감수율),0.0
2025,8,16,6,여수시,벼애나방(피해율),0.0
2025,8,16,6,여수시,벼애나방(발생면적율),0.0
2025,8,16,6,여수시,벼잎선충(발생추정면적),0.0
2025,8,16,6,여수시,벼잎선충(감수율),0.0
2025,8,16,6,여수시,벼잎선충(피해율),0.0
2025,8,16,6,여수시,벼잎선충(발생면적율),0.0
2025,8,16,6,영광군,잎도열병(발생추정면적),0.0
2025,8,16,6,영광군,잎도열병(감수율),0.0
2025,8,16,6,영광군,잎도열병(피해율),0.0
2025,8,16,6,영광군,잎도열병(발생면적율),0.0
2025,8,16,6,영광군,이삭도열병(발생추정면적),0.0
2025,8,16,6,영광군,이삭도열병(감수율),0.0
2025,8,16,6,영광군,이삭도열병(피해율),0.0
2025,8,16,6,영광군,이삭도열병(발생면적율),0.0
2025,8,16,6,영광군,잎집무늬마름병(발생추정면적),0.0
2025,8,16,6,영광군,잎집무늬마름병(감수율),0.0
2025,8,16,6,영광군,잎집무늬마름병(피해율),0.0
2025,8,16,6,영광군,잎집무늬마름병(발생면적율),0.0
2025,8,16,6,영광군,흰잎마름병(발생추정면적),0.0
2025,8,16,6,영광군,흰잎마름병(감수율),0.0
2025,8,16,6,영광군,흰잎마름병(피해율),0.0
2025,8,16,6,영광군,흰잎마름병(발생면적율),0.0
2025,8,16,6,영광군,세균벼알마름병(발생추정면적),0.0
2025,8,16,6,영광군,세균벼알마름병(감수율),0.0
2025,8,16,6,영광군,세균벼알마름병(피해율),0.0
2025,8,16,6,영광군,세균벼알마름병(발생면적율),0.0
2025,8,16,6,영광군,줄무늬잎마름병(발생면적),0.0
2025,8,16,6,영광군,줄무늬잎마름병(감수율),0.0
2025,8,16,6,영광군,줄무늬잎마름병(피해율),0.0
2025,8,16,6,영광군,줄무늬잎마름병(발생면적률),0.0
2025,8,16,6,영광군,벼검은줄오갈병(발생면적),0.0
2025,8,16,6,영광군,벼검은줄오갈병(감수율),0.0
2025,8,16,6,영광군,벼검은줄오갈병(피해율),0.0
2025,8,16,6,영광군,벼검은줄오갈병(발생면적률),0.0
2025,8,16,6,영광군,오갈병(발생면적),0.0
2025,8,16,6,영광군,오갈병(감수율),0.0
2025,8,16,6,영광군,오갈병(피해율),0.0
2025,8,16,6,영광군,오갈병(발생면적률),0.0
2025,8,16,6,영광군,이삭누룩병(발생추정면적),0.0
2025,8,16,6,영광군,이삭누룩병(감수율),0.0
2025,8,16,6,영광군,이삭누룩병(피해율),0.0
2025,8,16,6,영광군,이삭누룩병(발생면적율),0.0
2025,8,16,6,영광군,깨씨무늬병(발생추정면적),1.855
2025,8,16,6,영광군,깨씨무늬병(감수율),0.0
2025,8,16,6,영광군,깨씨무늬병(피해율),0.001
2025,8,16,6,영광군,깨씨무늬병(발생면적율),0.021
2025,8,16,6,영광군,벼잎벌레(발생추정면적),0.0
2025,8,16,6,영광군,벼잎벌레(감수율),0.0
2025,8,16,6,영광군,벼잎벌레(피해율),0.0
2025,8,16,6,영광군,벼잎벌레(발생면적율),0.0
2025,8,16,6,영광군,벼애잎굴파리(발생추정면적),0.0
2025,8,16,6,영광군,벼애잎굴파리(감수율),0.0
2025,8,16,6,영광군,벼애잎굴파리(피해율),0.0
2025,8,16,6,영광군,벼애잎굴파리(발생면적율),0.0
2025,8,16,6,영광군,벼줄기굴파리(발생추정면적),0.0
2025,8,16,6,영광군,벼줄기굴파리(감수율),0.0
2025,8,16,6,영광군,벼줄기굴파리(피해율),0.0
2025,8,16,6,영광군,벼줄기굴파리(발생면적율),0.0
2025,8,16,6,영광군,애멸구(발생추정면적),0.0
2025,8,16,6,영광군,애멸구(감수율),0.0
2025,8,16,6,영광군,애멸구(피해율),0.0
2025,8,16,6,영광군,애멸구(발생면적율),0.0
2025,8,16,6,영광군,끝동매미충(발생추정면적),0.0
2025,8,16,6,영광군,끝동매미충(감수율),0.0
2025,8,16,6,영광군,끝동매미충(피해율),0.0
2025,8,16,6,영광군,끝동매미충(발생면적율),0.0
2025,8,16,6,영광군,벼멸구(발생추정면적),0.0
2025,8,16,6,영광군,벼멸구(감수율),0.0
2025,8,16,6,영광군,벼멸구(피해율),0.0
2025,8,16,6,영광군,벼멸구(발생면적율),0.0
2025,8,16,6,영광군,흰등멸구(발생추정면적),0.0
2025,8,16,6,영광군,흰등멸구(감수율),0.0
2025,8,16,6,영광군,흰등멸구(피해율),0.0
2025,8,16,6,영광군,흰등멸구(발생면적율),0.0
2025,8,16,6,영광군,벼물바구미(발생추정면적),0.0
2025,8,16,6,영광군,벼물바구미(감수율),0.0
2025,8,16,6,영광군,벼물바구미(피해율),0.0
2025,8,16,6,영광군,벼물바구미(발생면적율),0.0
2025,8,16,6,영광군,혹명나방(발생추정면적),0.0
2025,8,16,6,영광군,혹명나방(감수율),0.0
2025,8,16,6,영광군,혹명나방(피해율),0.0
2025,8,16,6,영광군,혹명나방(발생면적율),0.0
2025,8,16,6,영광군,멸강나방(발생추정면적),0.0
2025,8,16,6,영광군,멸강나방(감수율),0.0
2025,8,16,6,영광군,멸강나방(피해율),0.0
2025,8,16,6,영광군,멸강나방(발생면적율),0.0
2025,8,16,6,영광군,먹노린재(발생추정면적),0.0
2025,8,16,6,영광군,먹노린재(감수율),0.0
2025,8,16,6,영광군,먹노린재(피해율),0.0
2025,8,16,6,영광군,먹노린재(발생면적율),0.0
2025,8,16,6,영광군,이화명나방1화기(발생면적),0.0
2025,8,16,6,영광군,이화명나방1화기(감수율),0.0
2025,8,16,6,영광군,이화명나방1화기(피해율),0.0
2025,8,16,6,영광군,이화명나방1화기(발생면적률),0.0
2025,8,16,6,영광군,이화명나방2화기(발생면적),0.0
2025,8,16,6,영광군,이화명나방2화기(감수율),0.0
2025,8,16,6,영광군,이화명나방2화기(피해율),0.0
2025,8,16,6,영광군,이화명나방2화기(발생면적률),0.0
2025,8,16,6,영광군,바이러스병(발생추정면적),0.0
2025,8,16,6,영광군,바이러스병(감수율),0.0
2025,8,16,6,영광군,바이러스병(피해율),0.0
2025,8,16,6,영광군,바이러스병(발생면적율),0.0
2025,8,16,6,영광군,키다리병(발생추정면적),0.0
2025,8,16,6,영광군,키다리병(감수율),0.0
2025,8,16,6,영광군,키다리병(피해율),0.0
2025,8,16,6,영광군,키다리병(발생면적율),0.0
2025,8,16,6,영광군,이화명나방(발생추정면적),0.0
2025,8,16,6,영광군,이화명나방(감수율),0.0
2025,8,16,6,영광군,이화명나방(피해율),0.0
2025,8,16,6,영광군,이화명나방(발생면적율),0.0
2025,8,16,6,영광군,벼애나방(발생추정면적),0.0
2025,8,16,6,영광군,벼애나방(감수율),0.0
2025,8,16,6,영광군,벼애나방(피해율),0.0
2025,8,16,6,영광군,벼애나방(발생면적율),0.0
2025,8,16,6,영광군,벼잎선충(발생추정면적),0.0
2025,8,16,6,영광군,벼잎선충(감수율),0.0
2025,8,16,6,영광군,벼잎선충(피해율),0.0
2025,8,16,6,영광군,벼잎선충(발생면적율),0.0
2025,8,16,6,영암군,잎도열병(발생추정면적),0.45
2025,8,16,6,영암군,잎도열병(감수율),0.0
2025,8,16,6,영암군,잎도열병(피해율),0.0
2025,8,16,6,영암군,잎도열병(발생면적율),0.003
2025,8,16,6,영암군,이삭도열병(발생추정면적),0.0
2025,8,16,6,영암군,이삭도열병(감수율),0.0
2025,8,16,6,영암군,이삭도열병(피해율),0.0
2025,8,16,6,영암군,이삭도열병(발생면적율),0.0
2025,8,16,6,영암군,잎집무늬마름병(발생추정면적),54.92
2025,8,16,6,영암군,잎집무늬마름병(감수율),0.006
2025,8,16,6,영암군,잎집무늬마름병(피해율),0.03
2025,8,16,6,영암군,잎집무늬마름병(발생면적율),0.394
2025,8,16,6,영암군,흰잎마름병(발생추정면적),17.556
2025,8,16,6,영암군,흰잎마름병(감수율),0.001
2025,8,16,6,영암군,흰잎마름병(피해율),0.006
2025,8,16,6,영암군,흰잎마름병(발생면적율),0.126
2025,8,16,6,영암군,세균벼알마름병(발생추정면적),1.35
2025,8,16,6,영암군,세균벼알마름병(감수율),0.0
2025,8,16,6,영암군,세균벼알마름병(피해율),0.0
2025,8,16,6,영암군,세균벼알마름병(발생면적율),0.01
2025,8,16,6,영암군,줄무늬잎마름병(발생면적),0.0
2025,8,16,6,영암군,줄무늬잎마름병(감수율),0.0
2025,8,16,6,영암군,줄무늬잎마름병(피해율),0.0
2025,8,16,6,영암군,줄무늬잎마름병(발생면적률),0.0
2025,8,16,6,영암군,벼검은줄오갈병(발생면적),0.0
2025,8,16,6,영암군,벼검은줄오갈병(감수율),0.0
2025,8,16,6,영암군,벼검은줄오갈병(피해율),0.0
2025,8,16,6,영암군,벼검은줄오갈병(발생면적률),0.0
2025,8,16,6,영암군,오갈병(발생면적),0.0
2025,8,16,6,영암군,오갈병(감수율),0.0
2025,8,16,6,영암군,오갈병(피해율),0.0
2025,8,16,6,영암군,오갈병(발생면적률),0.0
2025,8,16,6,영암군,이삭누룩병(발생추정면적),0.0
2025,8,16,6,영암군,이삭누룩병(감수율),0.0
2025,8,16,6,영암군,이삭누룩병(피해율),0.0
2025,8,16,6,영암군,이삭누룩병(발생면적율),0.0
2025,8,16,6,영암군,깨씨무늬병(발생추정면적),13.055
2025,8,16,6,영암군,깨씨무늬병(감수율),0.001
2025,8,16,6,영암군,깨씨무늬병(피해율),0.005
2025,8,16,6,영암군,깨씨무늬병(발생면적율),0.094
2025,8,16,6,영암군,벼잎벌레(발생추정면적),0.0
2025,8,16,6,영암군,벼잎벌레(감수율),0.0
2025,8,16,6,영암군,벼잎벌레(피해율),0.0
2025,8,16,6,영암군,벼잎벌레(발생면적율),0.0
2025,8,16,6,영암군,벼애잎굴파리(발생추정면적),0.0
2025,8,16,6,영암군,벼애잎굴파리(감수율),0.0
2025,8,16,6,영암군,벼애잎굴파리(피해율),0.0
2025,8,16,6,영암군,벼애잎굴파리(발생면적율),0.0
2025,8,16,6,영암군,벼줄기굴파리(발생추정면적),2.251
2025,8,16,6,영암군,벼줄기굴파리(감수율),0.0
2025,8,16,6,영암군,벼줄기굴파리(피해율),0.001
2025,8,16,6,영암군,벼줄기굴파리(발생면적율),0.016
2025,8,16,6,영암군,애멸구(발생추정면적),0.0
2025,8,16,6,영암군,애멸구(감수율),0.0
2025,8,16,6,영암군,애멸구(피해율),0.0
2025,8,16,6,영암군,애멸구(발생면적율),0.0
2025,8,16,6,영암군,끝동매미충(발생추정면적),0.0
2025,8,16,6,영암군,끝동매미충(감수율),0.0
2025,8,16,6,영암군,끝동매미충(피해율),0.0
2025,8,16,6,영암군,끝동매미충(발생면적율),0.0
2025,8,16,6,영암군,벼멸구(발생추정면적),1.622
2025,8,16,6,영암군,벼멸구(감수율),0.0
2025,8,16,6,영암군,벼멸구(피해율),0.001
2025,8,16,6,영암군,벼멸구(발생면적율),0.013
2025,8,16,6,영암군,흰등멸구(발생추정면적),4.864
2025,8,16,6,영암군,흰등멸구(감수율),0.002
2025,8,16,6,영암군,흰등멸구(피해율),0.004
2025,8,16,6,영암군,흰등멸구(발생면적율),0.039
2025,8,16,6,영암군,벼물바구미(발생추정면적),0.0
2025,8,16,6,영암군,벼물바구미(감수율),0.0
2025,8,16,6,영암군,벼물바구미(피해율),0.0
2025,8,16,6,영암군,벼물바구미(발생면적율),0.0
2025,8,16,6,영암군,혹명나방(발생추정면적),7.653
2025,8,16,6,영암군,혹명나방(감수율),0.0
2025,8,16,6,영암군,혹명나방(피해율),0.003
2025,8,16,6,영암군,혹명나방(발생면적율),0.055
2025,8,16,6,영암군,멸강나방(발생추정면적),0.0
2025,8,16,6,영암군,멸강나방(감수율),0.0
2025,8,16,6,영암군,멸강나방(피해율),0.0
2025,8,16,6,영암군,멸강나방(발생면적율),0.0
2025,8,16,6,영암군,먹노린재(발생추정면적),10.354
2025,8,16,6,영암군,먹노린재(감수율),0.001
2025,8,16,6,영암군,먹노린재(피해율),0.004
2025,8,16,6,영암군,먹노린재(발생면적율),0.074
2025,8,16,6,영암군,이화명나방1화기(발생면적),0.0
2025,8,16,6,영암군,이화명나방1화기(감수율),0.0
2025,8,16,6,영암군,이화명나방1화기(피해율),0.0
2025,8,16,6,영암군,이화명나방1화기(발생면적률),0.0
2025,8,16,6,영암군,이화명나방2화기(발생면적),0.0
2025,8,16,6,영암군,이화명나방2화기(감수율),0.0
2025,8,16,6,영암군,이화명나방2화기(피해율),0.0
2025,8,16,6,영암군,이화명나방2화기(발생면적률),0.0
2025,8,16,6,영암군,바이러스병(발생추정면적),0.0
2025,8,16,6,영암군,바이러스병(감수율),0.0
2025,8,16,6,영암군,바이러스병(피해율),0.0
2025,8,16,6,영암군,바이러스병(발생면적율),0.0
2025,8,16,6,영암군,키다리병(발생추정면적),0.0
2025,8,16,6,영암군,키다리병(감수율),0.0
2025,8,16,6,영암군,키다리병(피해율),0.0
2025,8,16,6,영암군,키다리병(발생면적율),0.0
2025,8,16,6,영암군,이화명나방(발생추정면적),0.0
2025,8,16,6,영암군,이화명나방(감수율),0.0
2025,8,16,6,영암군,이화명나방(피해율),0.0
2025,8,16,6,영암군,이화명나방(발생면적율),0.0
2025,8,16,6,영암군,벼애나방(발생추정면적),0.0
2025,8,16,6,영암군,벼애나방(감수율),0.0
2025,8,16,6,영암군,벼애나방(피해율),0.0
2025,8,16,6,영암군,벼애나방(발생면적율),0.0
2025,8,16,6,영암군,벼잎선충(발생추정면적),0.0
2025,8,16,6,영암군,벼잎선충(감수율),0.0
2025,8,16,6,영암군,벼잎선충(피해율),0.0
2025,8,16,6,영암군,벼잎선충(발생면적율),0.0
2025,8,16,6,완도군,잎도열병(발생추정면적),0.0
2025,8,16,6,완도군,잎도열병(감수율),0.0
2025,8,16,6,완도군,잎도열병(피해율),0.0
2025,8,16,6,완도군,잎도열병(발생면적율),0.0
2025,8,16,6,완도군,이삭도열병(발생추정면적),0.0
2025,8,16,6,완도군,이삭도열병(감수율),0.0
2025,8,16,6,완도군,이삭도열병(피해율),0.0
2025,8,16,6,완도군,이삭도열병(발생면적율),0.0
2025,8,16,6,완도군,잎집무늬마름병(발생추정면적),0.0
2025,8,16,6,완도군,잎집무늬마름병(감수율),0.0
2025,8,16,6,완도군,잎집무늬마름병(피해율),0.0
2025,8,16,6,완도군,잎집무늬마름병(발생면적율),0.0
2025,8,16,6,완도군,흰잎마름병(발생추정면적),0.0
2025,8,16,6,완도군,흰잎마름병(감수율),0.0
2025,8,16,6,완도군,흰잎마름병(피해율),0.0
2025,8,16,6,완도군,흰잎마름병(발생면적율),0.0
2025,8,16,6,완도군,세균벼알마름병(발생추정면적),0.0
2025,8,16,6,완도군,세균벼알마름병(감수율),0.0
2025,8,16,6,완도군,세균벼알마름병(피해율),0.0
2025,8,16,6,완도군,세균벼알마름병(발생면적율),0.0
2025,8,16,6,완도군,줄무늬잎마름병(발생면적),0.0
2025,8,16,6,완도군,줄무늬잎마름병(감수율),0.0
2025,8,16,6,완도군,줄무늬잎마름병(피해율),0.0
2025,8,16,6,완도군,줄무늬잎마름병(발생면적률),0.0
2025,8,16,6,완도군,벼검은줄오갈병(발생면적),0.0
2025,8,16,6,완도군,벼검은줄오갈병(감수율),0.0
2025,8,16,6,완도군,벼검은줄오갈병(피해율),0.0
2025,8,16,6,완도군,벼검은줄오갈병(발생면적률),0.0
2025,8,16,6,완도군,오갈병(발생면적),0.0
2025,8,16,6,완도군,오갈병(감수율),0.0
2025,8,16,6,완도군,오갈병(피해율),0.0
2025,8,16,6,완도군,오갈병(발생면적률),0.0
2025,8,16,6,완도군,이삭누룩병(발생추정면적),0.0
2025,8,16,6,완도군,이삭누룩병(감수율),0.0
2025,8,16,6,완도군,이삭누룩병(피해율),0.0
2025,8,16,6,완도군,이삭누룩병(발생면적율),0.0
2025,8,16,6,완도군,깨씨무늬병(발생추정면적),0.0
2025,8,16,6,완도군,깨씨무늬병(감수율),0.0
2025,8,16,6,완도군,깨씨무늬병(피해율),0.0
2025,8,16,6,완도군,깨씨무늬병(발생면적율),0.0
2025,8,16,6,완도군,벼잎벌레(발생추정면적),0.0
2025,8,16,6,완도군,벼잎벌레(감수율),0.0
2025,8,16,6,완도군,벼잎벌레(피해율),0.0
2025,8,16,6,완도군,벼잎벌레(발생면적율),0.0
2025,8,16,6,완도군,벼애잎굴파리(발생추정면적),0.0
2025,8,16,6,완도군,벼애잎굴파리(감수율),0.0
2025,8,16,6,완도군,벼애잎굴파리(피해율),0.0
2025,8,16,6,완도군,벼애잎굴파리(발생면적율),0.0
2025,8,16,6,완도군,벼줄기굴파리(발생추정면적),0.0
2025,8,16,6,완도군,벼줄기굴파리(감수율),0.0
2025,8,16,6,완도군,벼줄기굴파리(피해율),0.0
2025,8,16,6,완도군,벼줄기굴파리(발생면적율),0.0
2025,8,16,6,완도군,애멸구(발생추정면적),0.0
2025,8,16,6,완도군,애멸구(감수율),0.0
2025,8,16,6,완도군,애멸구(피해율),0.0
2025,8,16,6,완도군,애멸구(발생면적율),0.0
2025,8,16,6,완도군,끝동매미충(발생추정면적),0.0
2025,8,16,6,완도군,끝동매미충(감수율),0.0
2025,8,16,6,완도군,끝동매미충(피해율),0.0
2025,8,16,6,완도군,끝동매미충(발생면적율),0.0
2025,8,16,6,완도군,벼멸구(발생추정면적),0.0
2025,8,16,6,완도군,벼멸구(감수율),0.0
2025,8,16,6,완도군,벼멸구(피해율),0.0
2025,8,16,6,완도군,벼멸구(발생면적율),0.0
2025,8,16,6,완도군,흰등멸구(발생추정면적),10.64
2025,8,16,6,완도군,흰등멸구(감수율),0.027
2025,8,16,6,완도군,흰등멸구(피해율),0.068
2025,8,16,6,완도군,흰등멸구(발생면적율),0.683
2025,8,16,6,완도군,벼물바구미(발생추정면적),0.0
2025,8,16,6,완도군,벼물바구미(감수율),0.0
2025,8,16,6,완도군,벼물바구미(피해율),0.0
2025,8,16,6,완도군,벼물바구미(발생면적율),0.0
2025,8,16,6,완도군,혹명나방(발생추정면적),0.0
2025,8,16,6,완도군,혹명나방(감수율),0.0
2025,8,16,6,완도군,혹명나방(피해율),0.0
2025,8,16,6,완도군,혹명나방(발생면적율),0.0
2025,8,16,6,완도군,멸강나방(발생추정면적),0.0
2025,8,16,6,완도군,멸강나방(감수율),0.0
2025,8,16,6,완도군,멸강나방(피해율),0.0
2025,8,16,6,완도군,멸강나방(발생면적율),0.0
2025,8,16,6,완도군,먹노린재(발생추정면적),0.0
2025,8,16,6,완도군,먹노린재(감수율),0.0
2025,8,16,6,완도군,먹노린재(피해율),0.0
2025,8,16,6,완도군,먹노린재(발생면적율),0.0
2025,8,16,6,완도군,이화명나방1화기(발생면적),0.0
2025,8,16,6,완도군,이화명나방1화기(감수율),0.0
2025,8,16,6,완도군,이화명나방1화기(피해율),0.0
2025,8,16,6,완도군,이화명나방1화기(발생면적률),0.0
2025,8,16,6,완도군,이화명나방2화기(발생면적),0.0
2025,8,16,6,완도군,이화명나방2화기(감수율),0.0
2025,8,16,6,완도군,이화명나방2화기(피해율),0.0
2025,8,16,6,완도군,이화명나방2화기(발생면적률),0.0
2025,8,16,6,완도군,바이러스병(발생추정면적),0.0
2025,8,16,6,완도군,바이러스병(감수율),0.0
2025,8,16,6,완도군,바이러스병(피해율),0.0
2025,8,16,6,완도군,바이러스병(발생면적율),0.0
2025,8,16,6,완도군,키다리병(발생추정면적),0.0
2025,8,16,6,완도군,키다리병(감수율),0.0
2025,8,16,6,완도군,키다리병(피해율),0.0
2025,8,16,6,완도군,키다리병(발생면적율),0.0
2025,8,16,6,완도군,이화명나방(발생추정면적),0.0
2025,8,16,6,완도군,이화명나방(감수율),0.0
2025,8,16,6,완도군,이화명나방(피해율),0.0
2025,8,16,6,완도군,이화명나방(발생면적율),0.0
2025,8,16,6,완도군,벼애나방(발생추정면적),0.0
2025,8,16,6,완도군,벼애나방(감수율),0.0
2025,8,16,6,완도군,벼애나방(피해율),0.0
2025,8,16,6,완도군,벼애나방(발생면적율),0.0
2025,8,16,6,완도군,벼잎선충(발생추정면적),0.0
2025,8,16,6,완도군,벼잎선충(감수율),0.0
2025,8,16,6,완도군,벼잎선충(피해율),0.0
2025,8,16,6,완도군,벼잎선충(발생면적율),0.0
2025,8,16,6,장성군,잎도열병(발생추정면적),0.0
2025,8,16,6,장성군,잎도열병(감수율),0.0
2025,8,16,6,장성군,잎도열병(피해율),0.0
2025,8,16,6,장성군,잎도열병(발생면적율),0.0
2025,8,16,6,장성군,이삭도열병(발생추정면적),0.0
2025,8,16,6,장성군,이삭도열병(감수율),0.0
2025,8,16,6,장성군,이삭도열병(피해율),0.0
2025,8,16,6,장성군,이삭도열병(발생면적율),0.0
2025,8,16,6,장성군,잎집무늬마름병(발생추정면적),0.0
2025,8,16,6,장성군,잎집무늬마름병(감수율),0.0
2025,8,16,6,장성군,잎집무늬마름병(피해율),0.0
2025,8,16,6,장성군,잎집무늬마름병(발생면적율),0.0
2025,8,16,6,장성군,흰잎마름병(발생추정면적),0.0
2025,8,16,6,장성군,흰잎마름병(감수율),0.0
2025,8,16,6,장성군,흰잎마름병(피해율),0.0
2025,8,16,6,장성군,흰잎마름병(발생면적율),0.0
2025,8,16,6,장성군,세균벼알마름병(발생추정면적),0.0
2025,8,16,6,장성군,세균벼알마름병(감수율),0.0
2025,8,16,6,장성군,세균벼알마름병(피해율),0.0
2025,8,16,6,장성군,세균벼알마름병(발생면적율),0.0
2025,8,16,6,장성군,줄무늬잎마름병(발생면적),0.0
2025,8,16,6,장성군,줄무늬잎마름병(감수율),0.0
2025,8,16,6,장성군,줄무늬잎마름병(피해율),0.0
2025,8,16,6,장성군,줄무늬잎마름병(발생면적률),0.0
2025,8,16,6,장성군,벼검은줄오갈병(발생면적),0.0
2025,8,16,6,장성군,벼검은줄오갈병(감수율),0.0
2025,8,16,6,장성군,벼검은줄오갈병(피해율),0.0
2025,8,16,6,장성군,벼검은줄오갈병(발생면적률),0.0
2025,8,16,6,장성군,오갈병(발생면적),0.0
2025,8,16,6,장성군,오갈병(감수율),0.0
2025,8,16,6,장성군,오갈병(피해율),0.0
2025,8,16,6,장성군,오갈병(발생면적률),0.0
2025,8,16,6,장성군,이삭누룩병(발생추정면적),0.0
2025,8,16,6,장성군,이삭누룩병(감수율),0.0
2025,8,16,6,장성군,이삭누룩병(피해율),0.0
2025,8,16,6,장성군,이삭누룩병(발생면적율),0.0
2025,8,16,6,장성군,깨씨무늬병(발생추정면적),0.0
2025,8,16,6,장성군,깨씨무늬병(감수율),0.0
2025,8,16,6,장성군,깨씨무늬병(피해율),0.0
2025,8,16,6,장성군,깨씨무늬병(발생면적율),0.0
2025,8,16,6,장성군,벼잎벌레(발생추정면적),0.0
2025,8,16,6,장성군,벼잎벌레(감수율),0.0
2025,8,16,6,장성군,벼잎벌레(피해율),0.0
2025,8,16,6,장성군,벼잎벌레(발생면적율),0.0
2025,8,16,6,장성군,벼애잎굴파리(발생추정면적),0.0
2025,8,16,6,장성군,벼애잎굴파리(감수율),0.0
2025,8,16,6,장성군,벼애잎굴파리(피해율),0.0
2025,8,16,6,장성군,벼애잎굴파리(발생면적율),0.0
2025,8,16,6,장성군,벼줄기굴파리(발생추정면적),0.0
2025,8,16,6,장성군,벼줄기굴파리(감수율),0.0
2025,8,16,6,장성군,벼줄기굴파리(피해율),0.0
2025,8,16,6,장성군,벼줄기굴파리(발생면적율),0.0
2025,8,16,6,장성군,애멸구(발생추정면적),0.0
2025,8,16,6,장성군,애멸구(감수율),0.0
2025,8,16,6,장성군,애멸구(피해율),0.0
2025,8,16,6,장성군,애멸구(발생면적율),0.0
2025,8,16,6,장성군,끝동매미충(발생추정면적),0.0
2025,8,16,6,장성군,끝동매미충(감수율),0.0
2025,8,16,6,장성군,끝동매미충(피해율),0.0
2025,8,16,6,장성군,끝동매미충(발생면적율),0.0
2025,8,16,6,장성군,벼멸구(발생추정면적),0.0
2025,8,16,6,장성군,벼멸구(감수율),0.0
2025,8,16,6,장성군,벼멸구(피해율),0.0
2025,8,16,6,장성군,벼멸구(발생면적율),0.0
2025,8,16,6,장성군,흰등멸구(발생추정면적),0.0
2025,8,16,6,장성군,흰등멸구(감수율),0.0
2025,8,16,6,장성군,흰등멸구(피해율),0.0
2025,8,16,6,장성군,흰등멸구(발생면적율),0.0
2025,8,16,6,장성군,벼물바구미(발생추정면적),0.0
2025,8,16,6,장성군,벼물바구미(감수율),0.0
2025,8,16,6,장성군,벼물바구미(피해율),0.0
2025,8,16,6,장성군,벼물바구미(발생면적율),0.0
2025,8,16,6,장성군,혹명나방(발생추정면적),0.0
2025,8,16,6,장성군,혹명나방(감수율),0.0
2025,8,16,6,장성군,혹명나방(피해율),0.0
2025,8,16,6,장성군,혹명나방(발생면적율),0.0
2025,8,16,6,장성군,멸강나방(발생추정면적),0.0
2025,8,16,6,장성군,멸강나방(감수율),0.0
2025,8,16,6,장성군,멸강나방(피해율),0.0
2025,8,16,6,장성군,멸강나방(발생면적율),0.0
2025,8,16,6,장성군,먹노린재(발생추정면적),0.0
2025,8,16,6,장성군,먹노린재(감수율),0.0
2025,8,16,6,장성군,먹노린재(피해율),0.0
2025,8,16,6,장성군,먹노린재(발생면적율),0.0
2025,8,16,6,장성군,이화명나방1화기(발생면적),0.0
2025,8,16,6,장성군,이화명나방1화기(감수율),0.0
2025,8,16,6,장성군,이화명나방1화기(피해율),0.0
2025,8,16,6,장성군,이화명나방1화기(발생면적률),0.0
2025,8,16,6,장성군,이화명나방2화기(발생면적),0.0
2025,8,16,6,장성군,이화명나방2화기(감수율),0.0
2025,8,16,6,장성군,이화명나방2화기(피해율),0.0
2025,8,16,6,장성군,이화명나방2화기(발생면적률),0.0
2025,8,16,6,장성군,바이러스병(발생추정면적),0.0
2025,8,16,6,장성군,바이러스병(감수율),0.0
2025,8,16,6,장성군,바이러스병(피해율),0.0
2025,8,16,6,장성군,바이러스병(발생면적율),0.0
2025,8,16,6,장성군,키다리병(발생추정면적),0.0
2025,8,16,6,장성군,키다리병(감수율),0.0
2025,8,16,6,장성군,키다리병(피해율),0.0
2025,8,16,6,장성군,키다리병(발생면적율),0.0
2025,8,16,6,장성군,이화명나방(발생추정면적),0.0
2025,8,16,6,장성군,이화명나방(감수율),0.0
2025,8,16,6,장성군,이화명나방(피해율),0.0
2025,8,16,6,장성군,이화명나방(발생면적율),0.0
2025,8,16,6,장성군,벼애나방(발생추정면적),0.0
2025,8,16,6,장성군,벼애나방(감수율),0.0
2025,8,16,6,장성군,벼애나방(피해율),0.0
2025,8,16,6,장성군,벼애나방(발생면적율),0.0
2025,8,16,6,장성군,벼잎선충(발생추정면적),0.0
2025,8,16,6,장성군,벼잎선충(감수율),0.0
2025,8,16,6,장성군,벼잎선충(피해율),0.0
2025,8,16,6,장성군,벼잎선충(발생면적율),0.0
2025,8,16,6,장흥군,잎도열병(발생추정면적),25.675
2025,8,16,6,장흥군,잎도열병(감수율),0.0
2025,8,16,6,장흥군,잎도열병(피해율),0.001
2025,8,16,6,장흥군,잎도열병(발생면적율),0.347
2025,8,16,6,장흥군,이삭도열병(발생추정면적),0.0
2025,8,16,6,장흥군,이삭도열병(감수율),0.0
2025,8,16,6,장흥군,이삭도열병(피해율),0.0
2025,8,16,6,장흥군,이삭도열병(발생면적율),0.0
2025,8,16,6,장흥군,잎집무늬마름병(발생추정면적),11.411
2025,8,16,6,장흥군,잎집무늬마름병(감수율),0.003
2025,8,16,6,장흥군,잎집무늬마름병(피해율),0.011
2025,8,16,6,장흥군,잎집무늬마름병(발생면적율),0.154
2025,8,16,6,장흥군,흰잎마름병(발생추정면적),4.279
2025,8,16,6,장흥군,흰잎마름병(감수율),0.001
2025,8,16,6,장흥군,흰잎마름병(피해율),0.003
2025,8,16,6,장흥군,흰잎마름병(발생면적율),0.058
2025,8,16,6,장흥군,세균벼알마름병(발생추정면적),0.0
2025,8,16,6,장흥군,세균벼알마름병(감수율),0.0
2025,8,16,6,장흥군,세균벼알마름병(피해율),0.0
2025,8,16,6,장흥군,세균벼알마름병(발생면적율),0.0
2025,8,16,6,장흥군,줄무늬잎마름병(발생면적),0.0
2025,8,16,6,장흥군,줄무늬잎마름병(감수율),0.0
2025,8,16,6,장흥군,줄무늬잎마름병(피해율),0.0
2025,8,16,6,장흥군,줄무늬잎마름병(발생면적률),0.0
2025,8,16,6,장흥군,벼검은줄오갈병(발생면적),0.0
2025,8,16,6,장흥군,벼검은줄오갈병(감수율),0.0
2025,8,16,6,장흥군,벼검은줄오갈병(피해율),0.0
2025,8,16,6,장흥군,벼검은줄오갈병(발생면적률),0.0
2025,8,16,6,장흥군,오갈병(발생면적),0.0
2025,8,16,6,장흥군,오갈병(감수율),0.0
2025,8,16,6,장흥군,오갈병(피해율),0.0
2025,8,16,6,장흥군,오갈병(발생면적률),0.0
2025,8,16,6,장흥군,이삭누룩병(발생추정면적),0.0
2025,8,16,6,장흥군,이삭누룩병(감수율),0.0
2025,8,16,6,장흥군,이삭누룩병(피해율),0.0
2025,8,16,6,장흥군,이삭누룩병(발생면적율),0.0
2025,8,16,6,장흥군,깨씨무늬병(발생추정면적),0.0
2025,8,16,6,장흥군,깨씨무늬병(감수율),0.0
2025,8,16,6,장흥군,깨씨무늬병(피해율),0.0
2025,8,16,6,장흥군,깨씨무늬병(발생면적율),0.0
2025,8,16,6,장흥군,벼잎벌레(발생추정면적),0.0
2025,8,16,6,장흥군,벼잎벌레(감수율),0.0
2025,8,16,6,장흥군,벼잎벌레(피해율),0.0
2025,8,16,6,장흥군,벼잎벌레(발생면적율),0.0
2025,8,16,6,장흥군,벼애잎굴파리(발생추정면적),0.0
2025,8,16,6,장흥군,벼애잎굴파리(감수율),0.0
2025,8,16,6,장흥군,벼애잎굴파리(피해율),0.0
2025,8,16,6,장흥군,벼애잎굴파리(발생면적율),0.0
2025,8,16,6,장흥군,벼줄기굴파리(발생추정면적),0.0
2025,8,16,6,장흥군,벼줄기굴파리(감수율),0.0
2025,8,16,6,장흥군,벼줄기굴파리(피해율),0.0
2025,8,16,6,장흥군,벼줄기굴파리(발생면적율),0.0
2025,8,16,6,장흥군,애멸구(발생추정면적),0.0
2025,8,16,6,장흥군,애멸구(감수율),0.0
2025,8,16,6,장흥군,애멸구(피해율),0.0
2025,8,16,6,장흥군,애멸구(발생면적율),0.0
2025,8,16,6,장흥군,끝동매미충(발생추정면적),0.0
2025,8,16,6,장흥군,끝동매미충(감수율),0.0
2025,8,16,6,장흥군,끝동매미충(피해율),0.0
2025,8,16,6,장흥군,끝동매미충(발생면적율),0.0
2025,8,16,6,장흥군,벼멸구(발생추정면적),0.0
2025,8,16,6,장흥군,벼멸구(감수율),0.0
2025,8,16,6,장흥군,벼멸구(피해율),0.0
2025,8,16,6,장흥군,벼멸구(발생면적율),0.0
2025,8,16,6,장흥군,흰등멸구(발생추정면적),0.0
2025,8,16,6,장흥군,흰등멸구(감수율),0.0
2025,8,16,6,장흥군,흰등멸구(피해율),0.0
2025,8,16,6,장흥군,흰등멸구(발생면적율),0.0
2025,8,16,6,장흥군,벼물바구미(발생추정면적),0.0
2025,8,16,6,장흥군,벼물바구미(감수율),0.0
2025,8,16,6,장흥군,벼물바구미(피해율),0.0
2025,8,16,6,장흥군,벼물바구미(발생면적율),0.0
2025,8,16,6,장흥군,혹명나방(발생추정면적),0.0
2025,8,16,6,장흥군,혹명나방(감수율),0.0
2025,8,16,6,장흥군,혹명나방(피해율),0.0
2025,8,16,6,장흥군,혹명나방(발생면적율),0.0
2025,8,16,6,장흥군,멸강나방(발생추정면적),0.0
2025,8,16,6,장흥군,멸강나방(감수율),0.0
2025,8,16,6,장흥군,멸강나방(피해율),0.0
2025,8,16,6,장흥군,멸강나방(발생면적율),0.0
2025,8,16,6,장흥군,먹노린재(발생추정면적),0.0
2025,8,16,6,장흥군,먹노린재(감수율),0.0
2025,8,16,6,장흥군,먹노린재(피해율),0.0
2025,8,16,6,장흥군,먹노린재(발생면적율),0.0
2025,8,16,6,장흥군,이화명나방1화기(발생면적),0.0
2025,8,16,6,장흥군,이화명나방1화기(감수율),0.0
2025,8,16,6,장흥군,이화명나방1화기(피해율),0.0
2025,8,16,6,장흥군,이화명나방1화기(발생면적률),0.0
2025,8,16,6,장흥군,이화명나방2화기(발생면적),0.0
2025,8,16,6,장흥군,이화명나방2화기(감수율),0.0
2025,8,16,6,장흥군,이화명나방2화기(피해율),0.0
2025,8,16,6,장흥군,이화명나방2화기(발생면적률),0.0
2025,8,16,6,장흥군,바이러스병(발생추정면적),0.0
2025,8,16,6,장흥군,바이러스병(감수율),0.0
2025,8,16,6,장흥군,바이러스병(피해율),0.0
2025,8,16,6,장흥군,바이러스병(발생면적율),0.0
2025,8,16,6,장흥군,키다리병(발생추정면적),0.0
2025,8,16,6,장흥군,키다리병(감수율),0.0
2025,8,16,6,장흥군,키다리병(피해율),0.0
2025,8,16,6,장흥군,키다리병(발생면적율),0.0
2025,8,16,6,장흥군,이화명나방(발생추정면적),0.0
2025,8,16,6,장흥군,이화명나방(감수율),0.0
2025,8,16,6,장흥군,이화명나방(피해율),0.0
2025,8,16,6,장흥군,이화명나방(발생면적율),0.0
2025,8,16,6,장흥군,벼애나방(발생추정면적),0.0
2025,8,16,6,장흥군,벼애나방(감수율),0.0
2025,8,16,6,장흥군,벼애나방(피해율),0.0
2025,8,16,6,장흥군,벼애나방(발생면적율),0.0
2025,8,16,6,장흥군,벼잎선충(발생추정면적),0.0
2025,8,16,6,장흥군,벼잎선충(감수율),0.0
2025,8,16,6,장흥군,벼잎선충(피해율),0.0
2025,8,16,6,장흥군,벼잎선충(발생면적율),0.0
2025,8,16,6,진도군,잎도열병(발생추정면적),0.0
2025,8,16,6,진도군,잎도열병(감수율),0.0
2025,8,16,6,진도군,잎도열병(피해율),0.0
2025,8,16,6,진도군,잎도열병(발생면적율),0.0
2025,8,16,6,진도군,이삭도열병(발생추정면적),0.434
2025,8,16,6,진도군,이삭도열병(감수율),0.0
2025,8,16,6,진도군,이삭도열병(피해율),0.0
2025,8,16,6,진도군,이삭도열병(발생면적율),0.008
2025,8,16,6,진도군,잎집무늬마름병(발생추정면적),80.704
2025,8,16,6,진도군,잎집무늬마름병(감수율),0.023
2025,8,16,6,진도군,잎집무늬마름병(피해율),0.114
2025,8,16,6,진도군,잎집무늬마름병(발생면적율),1.483
2025,8,16,6,진도군,흰잎마름병(발생추정면적),0.0
2025,8,16,6,진도군,흰잎마름병(감수율),0.0
2025,8,16,6,진도군,흰잎마름병(피해율),0.0
2025,8,16,6,진도군,흰잎마름병(발생면적율),0.0
2025,8,16,6,진도군,세균벼알마름병(발생추정면적),1.735
2025,8,16,6,진도군,세균벼알마름병(감수율),0.001
2025,8,16,6,진도군,세균벼알마름병(피해율),0.001
2025,8,16,6,진도군,세균벼알마름병(발생면적율),0.032
2025,8,16,6,진도군,줄무늬잎마름병(발생면적),0.0
2025,8,16,6,진도군,줄무늬잎마름병(감수율),0.0
2025,8,16,6,진도군,줄무늬잎마름병(피해율),0.0
2025,8,16,6,진도군,줄무늬잎마름병(발생면적률),0.0
2025,8,16,6,진도군,벼검은줄오갈병(발생면적),0.0
2025,8,16,6,진도군,벼검은줄오갈병(감수율),0.0
2025,8,16,6,진도군,벼검은줄오갈병(피해율),0.0
2025,8,16,6,진도군,벼검은줄오갈병(발생면적률),0.0
2025,8,16,6,진도군,오갈병(발생면적),0.0
2025,8,16,6,진도군,오갈병(감수율),0.0
2025,8,16,6,진도군,오갈병(피해율),0.0
2025,8,16,6,진도군,오갈병(발생면적률),0.0
2025,8,16,6,진도군,이삭누룩병(발생추정면적),0.0
2025,8,16,6,진도군,이삭누룩병(감수율),0.0
2025,8,16,6,진도군,이삭누룩병(피해율),0.0
2025,8,16,6,진도군,이삭누룩병(발생면적율),0.0
2025,8,16,6,진도군,깨씨무늬병(발생추정면적),6.508
2025,8,16,6,진도군,깨씨무늬병(감수율),0.001
2025,8,16,6,진도군,깨씨무늬병(피해율),0.006
2025,8,16,6,진도군,깨씨무늬병(발생면적율),0.12
2025,8,16,6,진도군,벼잎벌레(발생추정면적),0.0
2025,8,16,6,진도군,벼잎벌레(감수율),0.0
2025,8,16,6,진도군,벼잎벌레(피해율),0.0
2025,8,16,6,진도군,벼잎벌레(발생면적율),0.0
2025,8,16,6,진도군,벼애잎굴파리(발생추정면적),0.0
2025,8,16,6,진도군,벼애잎굴파리(감수율),0.0
2025,8,16,6,진도군,벼애잎굴파리(피해율),0.0
2025,8,16,6,진도군,벼애잎굴파리(발생면적율),0.0
2025,8,16,6,진도군,벼줄기굴파리(발생추정면적),0.0
2025,8,16,6,진도군,벼줄기굴파리(감수율),0.0
2025,8,16,6,진도군,벼줄기굴파리(피해율),0.0
2025,8,16,6,진도군,벼줄기굴파리(발생면적율),0.0
2025,8,16,6,진도군,애멸구(발생추정면적),0.0
2025,8,16,6,진도군,애멸구(감수율),0.0
2025,8,16,6,진도군,애멸구(피해율),0.0
2025,8,16,6,진도군,애멸구(발생면적율),0.0
2025,8,16,6,진도군,끝동매미충(발생추정면적),0.0
2025,8,16,6,진도군,끝동매미충(감수율),0.0
2025,8,16,6,진도군,끝동매미충(피해율),0.0
2025,8,16,6,진도군,끝동매미충(발생면적율),0.0
2025,8,16,6,진도군,벼멸구(발생추정면적),0.896
2025,8,16,6,진도군,벼멸구(감수율),0.001
2025,8,16,6,진도군,벼멸구(피해율),0.002
2025,8,16,6,진도군,벼멸구(발생면적율),0.016
2025,8,16,6,진도군,흰등멸구(발생추정면적),7.391
2025,8,16,6,진도군,흰등멸구(감수율),0.006
2025,8,16,6,진도군,흰등멸구(피해율),0.015
2025,8,16,6,진도군,흰등멸구(발생면적율),0.132
2025,8,16,6,진도군,벼물바구미(발생추정면적),0.0
2025,8,16,6,진도군,벼물바구미(감수율),0.0
2025,8,16,6,진도군,벼물바구미(피해율),0.0
2025,8,16,6,진도군,벼물바구미(발생면적율),0.0
2025,8,16,6,진도군,혹명나방(발생추정면적),13.017
2025,8,16,6,진도군,혹명나방(감수율),0.003
2025,8,16,6,진도군,혹명나방(피해율),0.015
2025,8,16,6,진도군,혹명나방(발생면적율),0.239
2025,8,16,6,진도군,멸강나방(발생추정면적),0.0
2025,8,16,6,진도군,멸강나방(감수율),0.0
2025,8,16,6,진도군,멸강나방(피해율),0.0
2025,8,16,6,진도군,멸강나방(발생면적율),0.0
2025,8,16,6,진도군,먹노린재(발생추정면적),0.868
2025,8,16,6,진도군,먹노린재(감수율),0.0
2025,8,16,6,진도군,먹노린재(피해율),0.001
2025,8,16,6,진도군,먹노린재(발생면적율),0.016
2025,8,16,6,진도군,이화명나방1화기(발생면적),0.0
2025,8,16,6,진도군,이화명나방1화기(감수율),0.0
2025,8,16,6,진도군,이화명나방1화기(피해율),0.0
2025,8,16,6,진도군,이화명나방1화기(발생면적률),0.0
2025,8,16,6,진도군,이화명나방2화기(발생면적),1.302
2025,8,16,6,진도군,이화명나방2화기(감수율),0.001
2025,8,16,6,진도군,이화명나방2화기(피해율),0.001
2025,8,16,6,진도군,이화명나방2화기(발생면적률),0.024
2025,8,16,6,진도군,바이러스병(발생추정면적),0.0
2025,8,16,6,진도군,바이러스병(감수율),0.0
2025,8,16,6,진도군,바이러스병(피해율),0.0
2025,8,16,6,진도군,바이러스병(발생면적율),0.0
2025,8,16,6,진도군,키다리병(발생추정면적),0.0
2025,8,16,6,진도군,키다리병(감수율),0.0
2025,8,16,6,진도군,키다리병(피해율),0.0
2025,8,16,6,진도군,키다리병(발생면적율),0.0
2025,8,16,6,진도군,이화명나방(발생추정면적),0.0
2025,8,16,6,진도군,이화명나방(감수율),0.0
2025,8,16,6,진도군,이화명나방(피해율),0.0
2025,8,16,6,진도군,이화명나방(발생면적율),0.0
2025,8,16,6,진도군,벼애나방(발생추정면적),0.0
2025,8,16,6,진도군,벼애나방(감수율),0.0
2025,8,16,6,진도군,벼애나방(피해율),0.0
2025,8,16,6,진도군,벼애나방(발생면적율),0.0
2025,8,16,6,진도군,벼잎선충(발생추정면적),0.0
2025,8,16,6,진도군,벼잎선충(감수율),0.0
2025,8,16,6,진도군,벼잎선충(피해율),0.0
2025,8,16,6,진도군,벼잎선충(발생면적율),0.0
2025,8,16,6,함평군,잎도열병(발생추정면적),0.0
2025,8,16,6,함평군,잎도열병(감수율),0.0
2025,8,16,6,함평군,잎도열병(피해율),0.0
2025,8,16,6,함평군,잎도열병(발생면적율),0.0
2025,8,16,6,함평군,이삭도열병(발생추정면적),0.0
2025,8,16,6,함평군,이삭도열병(감수율),0.0
2025,8,16,6,함평군,이삭도열병(피해율),0.0
2025,8,16,6,함평군,이삭도열병(발생면적율),0.0
2025,8,16,6,함평군,잎집무늬마름병(발생추정면적),21.393
2025,8,16,6,함평군,잎집무늬마름병(감수율),0.005
2025,8,16,6,함평군,잎집무늬마름병(피해율),0.027
2025,8,16,6,함평군,잎집무늬마름병(발생면적율),0.351
2025,8,16,6,함평군,흰잎마름병(발생추정면적),0.0
2025,8,16,6,함평군,흰잎마름병(감수율),0.0
2025,8,16,6,함평군,흰잎마름병(피해율),0.0
2025,8,16,6,함평군,흰잎마름병(발생면적율),0.0
2025,8,16,6,함평군,세균벼알마름병(발생추정면적),0.0
2025,8,16,6,함평군,세균벼알마름병(감수율),0.0
2025,8,16,6,함평군,세균벼알마름병(피해율),0.0
2025,8,16,6,함평군,세균벼알마름병(발생면적율),0.0
2025,8,16,6,함평군,줄무늬잎마름병(발생면적),0.0
2025,8,16,6,함평군,줄무늬잎마름병(감수율),0.0
2025,8,16,6,함평군,줄무늬잎마름병(피해율),0.0
2025,8,16,6,함평군,줄무늬잎마름병(발생면적률),0.0
2025,8,16,6,함평군,벼검은줄오갈병(발생면적),0.0
2025,8,16,6,함평군,벼검은줄오갈병(감수율),0.0
2025,8,16,6,함평군,벼검은줄오갈병(피해율),0.0
2025,8,16,6,함평군,벼검은줄오갈병(발생면적률),0.0
2025,8,16,6,함평군,오갈병(발생면적),0.0
2025,8,16,6,함평군,오갈병(감수율),0.0
2025,8,16,6,함평군,오갈병(피해율),0.0
2025,8,16,6,함평군,오갈병(발생면적률),0.0
2025,8,16,6,함평군,이삭누룩병(발생추정면적),0.0
2025,8,16,6,함평군,이삭누룩병(감수율),0.0
2025,8,16,6,함평군,이삭누룩병(피해율),0.0
2025,8,16,6,함평군,이삭누룩병(발생면적율),0.0
2025,8,16,6,함평군,깨씨무늬병(발생추정면적),0.0
2025,8,16,6,함평군,깨씨무늬병(감수율),0.0
2025,8,16,6,함평군,깨씨무늬병(피해율),0.0
2025,8,16,6,함평군,깨씨무늬병(발생면적율),0.0
2025,8,16,6,함평군,벼잎벌레(발생추정면적),0.0
2025,8,16,6,함평군,벼잎벌레(감수율),0.0
2025,8,16,6,함평군,벼잎벌레(피해율),0.0
2025,8,16,6,함평군,벼잎벌레(발생면적율),0.0
2025,8,16,6,함평군,벼애잎굴파리(발생추정면적),0.0
2025,8,16,6,함평군,벼애잎굴파리(감수율),0.0
2025,8,16,6,함평군,벼애잎굴파리(피해율),0.0
2025,8,16,6,함평군,벼애잎굴파리(발생면적율),0.0
2025,8,16,6,함평군,벼줄기굴파리(발생추정면적),0.0
2025,8,16,6,함평군,벼줄기굴파리(감수율),0.0
2025,8,16,6,함평군,벼줄기굴파리(피해율),0.0
2025,8,16,6,함평군,벼줄기굴파리(발생면적율),0.0
2025,8,16,6,함평군,애멸구(발생추정면적),0.0
2025,8,16,6,함평군,애멸구(감수율),0.0
2025,8,16,6,함평군,애멸구(피해율),0.0
2025,8,16,6,함평군,애멸구(발생면적율),0.0
2025,8,16,6,함평군,끝동매미충(발생추정면적),0.0
2025,8,16,6,함평군,끝동매미충(감수율),0.0
2025,8,16,6,함평군,끝동매미충(피해율),0.0
2025,8,16,6,함평군,끝동매미충(발생면적율),0.0
2025,8,16,6,함평군,벼멸구(발생추정면적),0.0
2025,8,16,6,함평군,벼멸구(감수율),0.0
2025,8,16,6,함평군,벼멸구(피해율),0.0
2025,8,16,6,함평군,벼멸구(발생면적율),0.0
2025,8,16,6,함평군,흰등멸구(발생추정면적),0.0
2025,8,16,6,함평군,흰등멸구(감수율),0.0
2025,8,16,6,함평군,흰등멸구(피해율),0.0
2025,8,16,6,함평군,흰등멸구(발생면적율),0.0
2025,8,16,6,함평군,벼물바구미(발생추정면적),0.0
2025,8,16,6,함평군,벼물바구미(감수율),0.0
2025,8,16,6,함평군,벼물바구미(피해율),0.0
2025,8,16,6,함평군,벼물바구미(발생면적율),0.0
2025,8,16,6,함평군,혹명나방(발생추정면적),0.0
2025,8,16,6,함평군,혹명나방(감수율),0.0
2025,8,16,6,함평군,혹명나방(피해율),0.0
2025,8,16,6,함평군,혹명나방(발생면적율),0.0
2025,8,16,6,함평군,멸강나방(발생추정면적),0.0
2025,8,16,6,함평군,멸강나방(감수율),0.0
2025,8,16,6,함평군,멸강나방(피해율),0.0
2025,8,16,6,함평군,멸강나방(발생면적율),0.0
2025,8,16,6,함평군,먹노린재(발생추정면적),0.0
2025,8,16,6,함평군,먹노린재(감수율),0.0
2025,8,16,6,함평군,먹노린재(피해율),0.0
2025,8,16,6,함평군,먹노린재(발생면적율),0.0
2025,8,16,6,함평군,이화명나방1화기(발생면적),0.0
2025,8,16,6,함평군,이화명나방1화기(감수율),0.0
2025,8,16,6,함평군,이화명나방1화기(피해율),0.0
2025,8,16,6,함평군,이화명나방1화기(발생면적률),0.0
2025,8,16,6,함평군,이화명나방2화기(발생면적),0.0
2025,8,16,6,함평군,이화명나방2화기(감수율),0.0
2025,8,16,6,함평군,이화명나방2화기(피해율),0.0
2025,8,16,6,함평군,이화명나방2화기(발생면적률),0.0
2025,8,16,6,함평군,바이러스병(발생추정면적),0.0
2025,8,16,6,함평군,바이러스병(감수율),0.0
2025,8,16,6,함평군,바이러스병(피해율),0.0
2025,8,16,6,함평군,바이러스병(발생면적율),0.0
2025,8,16,6,함평군,키다리병(발생추정면적),0.0
2025,8,16,6,함평군,키다리병(감수율),0.0
2025,8,16,6,함평군,키다리병(피해율),0.0
2025,8,16,6,함평군,키다리병(발생면적율),0.0
2025,8,16,6,함평군,이화명나방(발생추정면적),0.0
2025,8,16,6,함평군,이화명나방(감수율),0.0
2025,8,16,6,함평군,이화명나방(피해율),0.0
2025,8,16,6,함평군,이화명나방(발생면적율),0.0
2025,8,16,6,함평군,벼애나방(발생추정면적),0.0
2025,8,16,6,함평군,벼애나방(감수율),0.0
2025,8,16,6,함평군,벼애나방(피해율),0.0
2025,8,16,6,함평군,벼애나방(발생면적율),0.0
2025,8,16,6,함평군,벼잎선충(발생추정면적),0.0
2025,8,16,6,함평군,벼잎선충(감수율),0.0
2025,8,16,6,함평군,벼잎선충(피해율),0.0
2025,8,16,6,함평군,벼잎선충(발생면적율),0.0
2025,8,16,6,해남군,잎도열병(발생추정면적),0.0
2025,8,16,6,해남군,잎도열병(감수율),0.0
2025,8,16,6,해남군,잎도열병(피해율),0.0
2025,8,16,6,해남군,잎도열병(발생면적율),0.0
2025,8,16,6,해남군,이삭도열병(발생추정면적),181.122
2025,8,16,6,해남군,이삭도열병(감수율),0.016
2025,8,16,6,해남군,이삭도열병(피해율),0.023
2025,8,16,6,해남군,이삭도열병(발생면적율),0.928
2025,8,16,6,해남군,잎집무늬마름병(발생추정면적),1595.624
2025,8,16,6,해남군,잎집무늬마름병(감수율),0.327
2025,8,16,6,해남군,잎집무늬마름병(피해율),1.635
2025,8,16,6,해남군,잎집무늬마름병(발생면적율),8.176
2025,8,16,6,해남군,흰잎마름병(발생추정면적),0.0
2025,8,16,6,해남군,흰잎마름병(감수율),0.0
2025,8,16,6,해남군,흰잎마름병(피해율),0.0
2025,8,16,6,해남군,흰잎마름병(발생면적율),0.0
2025,8,16,6,해남군,세균벼알마름병(발생추정면적),0.0
2025,8,16,6,해남군,세균벼알마름병(감수율),0.0
2025,8,16,6,해남군,세균벼알마름병(피해율),0.0
2025,8,16,6,해남군,세균벼알마름병(발생면적율),0.0
2025,8,16,6,해남군,줄무늬잎마름병(발생면적),0.0
2025,8,16,6,해남군,줄무늬잎마름병(감수율),0.0
2025,8,16,6,해남군,줄무늬잎마름병(피해율),0.0
2025,8,16,6,해남군,줄무늬잎마름병(발생면적률),0.0
2025,8,16,6,해남군,벼검은줄오갈병(발생면적),0.0
2025,8,16,6,해남군,벼검은줄오갈병(감수율),0.0
2025,8,16,6,해남군,벼검은줄오갈병(피해율),0.0
2025,8,16,6,해남군,벼검은줄오갈병(발생면적률),0.0
2025,8,16,6,해남군,오갈병(발생면적),0.0
2025,8,16,6,해남군,오갈병(감수율),0.0
2025,8,16,6,해남군,오갈병(피해율),0.0
2025,8,16,6,해남군,오갈병(발생면적률),0.0
2025,8,16,6,해남군,이삭누룩병(발생추정면적),0.0
2025,8,16,6,해남군,이삭누룩병(감수율),0.0
2025,8,16,6,해남군,이삭누룩병(피해율),0.0
2025,8,16,6,해남군,이삭누룩병(발생면적율),0.0
2025,8,16,6,해남군,깨씨무늬병(발생추정면적),0.0
2025,8,16,6,해남군,깨씨무늬병(감수율),0.0
2025,8,16,6,해남군,깨씨무늬병(피해율),0.0
2025,8,16,6,해남군,깨씨무늬병(발생면적율),0.0
2025,8,16,6,해남군,벼잎벌레(발생추정면적),0.0
2025,8,16,6,해남군,벼잎벌레(감수율),0.0
2025,8,16,6,해남군,벼잎벌레(피해율),0.0
2025,8,16,6,해남군,벼잎벌레(발생면적율),0.0
2025,8,16,6,해남군,벼애잎굴파리(발생추정면적),0.0
2025,8,16,6,해남군,벼애잎굴파리(감수율),0.0
2025,8,16,6,해남군,벼애잎굴파리(피해율),0.0
2025,8,16,6,해남군,벼애잎굴파리(발생면적율),0.0
2025,8,16,6,해남군,벼줄기굴파리(발생추정면적),0.0
2025,8,16,6,해남군,벼줄기굴파리(감수율),0.0
2025,8,16,6,해남군,벼줄기굴파리(피해율),0.0
2025,8,16,6,해남군,벼줄기굴파리(발생면적율),0.0
2025,8,16,6,해남군,애멸구(발생추정면적),0.0
2025,8,16,6,해남군,애멸구(감수율),0.0
2025,8,16,6,해남군,애멸구(피해율),0.0
2025,8,16,6,해남군,애멸구(발생면적율),0.0
2025,8,16,6,해남군,끝동매미충(발생추정면적),0.0
2025,8,16,6,해남군,끝동매미충(감수율),0.0
2025,8,16,6,해남군,끝동매미충(피해율),0.0
2025,8,16,6,해남군,끝동매미충(발생면적율),0.0
2025,8,16,6,해남군,벼멸구(발생추정면적),197.416
2025,8,16,6,해남군,벼멸구(감수율),0.04
2025,8,16,6,해남군,벼멸구(피해율),0.101
2025,8,16,6,해남군,벼멸구(발생면적율),1.012
2025,8,16,6,해남군,흰등멸구(발생추정면적),0.0
2025,8,16,6,해남군,흰등멸구(감수율),0.0
2025,8,16,6,해남군,흰등멸구(피해율),0.0
2025,8,16,6,해남군,흰등멸구(발생면적율),0.0
2025,8,16,6,해남군,벼물바구미(발생추정면적),0.0
2025,8,16,6,해남군,벼물바구미(감수율),0.0
2025,8,16,6,해남군,벼물바구미(피해율),0.0
2025,8,16,6,해남군,벼물바구미(발생면적율),0.0
2025,8,16,6,해남군,혹명나방(발생추정면적),552.138
2025,8,16,6,해남군,혹명나방(감수율),0.028
2025,8,16,6,해남군,혹명나방(피해율),0.142
2025,8,16,6,해남군,혹명나방(발생면적율),2.829
2025,8,16,6,해남군,멸강나방(발생추정면적),0.0
2025,8,16,6,해남군,멸강나방(감수율),0.0
2025,8,16,6,해남군,멸강나방(피해율),0.0
2025,8,16,6,해남군,멸강나방(발생면적율),0.0
2025,8,16,6,해남군,먹노린재(발생추정면적),0.0
2025,8,16,6,해남군,먹노린재(감수율),0.0
2025,8,16,6,해남군,먹노린재(피해율),0.0
2025,8,16,6,해남군,먹노린재(발생면적율),0.0
2025,8,16,6,해남군,이화명나방1화기(발생면적),0.0
2025,8,16,6,해남군,이화명나방1화기(감수율),0.0
2025,8,16,6,해남군,이화명나방1화기(피해율),0.0
2025,8,16,6,해남군,이화명나방1화기(발생면적률),0.0
2025,8,16,6,해남군,이화명나방2화기(발생면적),0.0
2025,8,16,6,해남군,이화명나방2화기(감수율),0.0
2025,8,16,6,해남군,이화명나방2화기(피해율),0.0
2025,8,16,6,해남군,이화명나방2화기(발생면적률),0.0
2025,8,16,6,해남군,바이러스병(발생추정면적),0.0
2025,8,16,6,해남군,바이러스병(감수율),0.0
2025,8,16,6,해남군,바이러스병(피해율),0.0
2025,8,16,6,해남군,바이러스병(발생면적율),0.0
2025,8,16,6,해남군,키다리병(발생추정면적),0.0
2025,8,16,6,해남군,키다리병(감수율),0.0
2025,8,16,6,해남군,키다리병(피해율),0.0
2025,8,16,6,해남군,키다리병(발생면적율),0.0
2025,8,16,6,해남군,이화명나방(발생추정면적),0.0
2025,8,16,6,해남군,이화명나방(감수율),0.0
2025,8,16,6,해남군,이화명나방(피해율),0.0
2025,8,16,6,해남군,이화명나방(발생면적율),0.0
2025,8,16,6,해남군,벼애나방(발생추정면적),0.0
2025,8,16,6,해남군,벼애나방(감수율),0.0
2025,8,16,6,해남군,벼애나방(피해율),0.0
2025,8,16,6,해남군,벼애나방(발생면적율),0.0
2025,8,16,6,해남군,벼잎선충(발생추정면적),0.0
2025,8,16,6,해남군,벼잎선충(감수율),0.0
2025,8,16,6,해남군,벼잎선충(피해율),0.0
2025,8,16,6,해남군,벼잎선충(발생면적율),0.0
2025,8,16,6,화순군,잎도열병(발생추정면적),6.302
2025,8,16,6,화순군,잎도열병(감수율),0.0
2025,8,16,6,화순군,잎도열병(피해율),0.0
2025,8,16,6,화순군,잎도열병(발생면적율),0.15
2025,8,16,6,화순군,이삭도열병(발생추정면적),0.0
2025,8,16,6,화순군,이삭도열병(감수율),0.0
2025,8,16,6,화순군,이삭도열병(피해율),0.0
2025,8,16,6,화순군,이삭도열병(발생면적율),0.0
2025,8,16,6,화순군,잎집무늬마름병(발생추정면적),1.751
2025,8,16,6,화순군,잎집무늬마름병(감수율),0.001
2025,8,16,6,화순군,잎집무늬마름병(피해율),0.003
2025,8,16,6,화순군,잎집무늬마름병(발생면적율),0.042
2025,8,16,6,화순군,흰잎마름병(발생추정면적),0.0
2025,8,16,6,화순군,흰잎마름병(감수율),0.0
2025,8,16,6,화순군,흰잎마름병(피해율),0.0
2025,8,16,6,화순군,흰잎마름병(발생면적율),0.0
2025,8,16,6,화순군,세균벼알마름병(발생추정면적),0.0
2025,8,16,6,화순군,세균벼알마름병(감수율),0.0
2025,8,16,6,화순군,세균벼알마름병(피해율),0.0
2025,8,16,6,화순군,세균벼알마름병(발생면적율),0.0
2025,8,16,6,화순군,줄무늬잎마름병(발생면적),0.0
2025,8,16,6,화순군,줄무늬잎마름병(감수율),0.0
2025,8,16,6,화순군,줄무늬잎마름병(피해율),0.0
2025,8,16,6,화순군,줄무늬잎마름병(발생면적률),0.0
2025,8,16,6,화순군,벼검은줄오갈병(발생면적),0.0
2025,8,16,6,화순군,벼검은줄오갈병(감수율),0.0
2025,8,16,6,화순군,벼검은줄오갈병(피해율),0.0
2025,8,16,6,화순군,벼검은줄오갈병(발생면적률),0.0
2025,8,16,6,화순군,오갈병(발생면적),0.0
2025,8,16,6,화순군,오갈병(감수율),0.0
2025,8,16,6,화순군,오갈병(피해율),0.0
2025,8,16,6,화순군,오갈병(발생면적률),0.0
2025,8,16,6,화순군,이삭누룩병(발생추정면적),0.0
2025,8,16,6,화순군,이삭누룩병(감수율),0.0
2025,8,16,6,화순군,이삭누룩병(피해율),0.0
2025,8,16,6,화순군,이삭누룩병(발생면적율),0.0
2025,8,16,6,화순군,깨씨무늬병(발생추정면적),0.0
2025,8,16,6,화순군,깨씨무늬병(감수율),0.0
2025,8,16,6,화순군,깨씨무늬병(피해율),0.0
2025,8,16,6,화순군,깨씨무늬병(발생면적율),0.0
2025,8,16,6,화순군,벼잎벌레(발생추정면적),0.0
2025,8,16,6,화순군,벼잎벌레(감수율),0.0
2025,8,16,6,화순군,벼잎벌레(피해율),0.0
2025,8,16,6,화순군,벼잎벌레(발생면적율),0.0
2025,8,16,6,화순군,벼애잎굴파리(발생추정면적),0.0
2025,8,16,6,화순군,벼애잎굴파리(감수율),0.0
2025,8,16,6,화순군,벼애잎굴파리(피해율),0.0
2025,8,16,6,화순군,벼애잎굴파리(발생면적율),0.0
2025,8,16,6,화순군,벼줄기굴파리(발생추정면적),0.0
2025,8,16,6,화순군,벼줄기굴파리(감수율),0.0
2025,8,16,6,화순군,벼줄기굴파리(피해율),0.0
2025,8,16,6,화순군,벼줄기굴파리(발생면적율),0.0
2025,8,16,6,화순군,애멸구(발생추정면적),0.0
2025,8,16,6,화순군,애멸구(감수율),0.0
2025,8,16,6,화순군,애멸구(피해율),0.0
2025,8,16,6,화순군,애멸구(발생면적율),0.0
2025,8,16,6,화순군,끝동매미충(발생추정면적),0.0
2025,8,16,6,화순군,끝동매미충(감수율),0.0
2025,8,16,6,화순군,끝동매미충(피해율),0.0
2025,8,16,6,화순군,끝동매미충(발생면적율),0.0
2025,8,16,6,화순군,벼멸구(발생추정면적),0.0
2025,8,16,6,화순군,벼멸구(감수율),0.0
2025,8,16,6,화순군,벼멸구(피해율),0.0
2025,8,16,6,화순군,벼멸구(발생면적율),0.0
2025,8,16,6,화순군,흰등멸구(발생추정면적),6.555
2025,8,16,6,화순군,흰등멸구(감수율),0.007
2025,8,16,6,화순군,흰등멸구(피해율),0.017
2025,8,16,6,화순군,흰등멸구(발생면적율),0.167
2025,8,16,6,화순군,벼물바구미(발생추정면적),0.7
2025,8,16,6,화순군,벼물바구미(감수율),0.0
2025,8,16,6,화순군,벼물바구미(피해율),0.001
2025,8,16,6,화순군,벼물바구미(발생면적율),0.017
2025,8,16,6,화순군,혹명나방(발생추정면적),0.35
2025,8,16,6,화순군,혹명나방(감수율),0.0
2025,8,16,6,화순군,혹명나방(피해율),0.001
2025,8,16,6,화순군,혹명나방(발생면적율),0.008
2025,8,16,6,화순군,멸강나방(발생추정면적),0.0
2025,8,16,6,화순군,멸강나방(감수율),0.0
2025,8,16,6,화순군,멸강나방(피해율),0.0
2025,8,16,6,화순군,멸강나방(발생면적율),0.0
2025,8,16,6,화순군,먹노린재(발생추정면적),0.0
2025,8,16,6,화순군,먹노린재(감수율),0.0
2025,8,16,6,화순군,먹노린재(피해율),0.0
2025,8,16,6,화순군,먹노린재(발생면적율),0.0
2025,8,16,6,화순군,이화명나방1화기(발생면적),0.0
2025,8,16,6,화순군,이화명나방1화기(감수율),0.0
2025,8,16,6,화순군,이화명나방1화기(피해율),0.0
2025,8,16,6,화순군,이화명나방1화기(발생면적률),0.0
2025,8,16,6,화순군,이화명나방2화기(발생면적),0.0
2025,8,16,6,화순군,이화명나방2화기(감수율),0.0
2025,8,16,6,화순군,이화명나방2화기(피해율),0.0
2025,8,16,6,화순군,이화명나방2화기(발생면적률),0.0
2025,8,16,6,화순군,바이러스병(발생추정면적),0.0
2025,8,16,6,화순군,바이러스병(감수율),0.0
2025,8,16,6,화순군,바이러스병(피해율),0.0
2025,8,16,6,화순군,바이러스병(발생면적율),0.0
2025,8,16,6,화순군,키다리병(발생추정면적),0.0
2025,8,16,6,화순군,키다리병(감수율),0.0
2025,8,16,6,화순군,키다리병(피해율),0.0
2025,8,16,6,화순군,키다리병(발생면적율),0.0
2025,8,16,6,화순군,이화명나방(발생추정면적),0.0
2025,8,16,6,화순군,이화명나방(감수율),0.0
2025,8,16,6,화순군,이화명나방(피해율),0.0
2025,8,16,6,화순군,이화명나방(발생면적율),0.0
2025,8,16,6,화순군,벼애나방(발생추정면적),0.0
2025,8,16,6,화순군,벼애나방(감수율),0.0
2025,8,16,6,화순군,벼애나방(피해율),0.0
2025,8,16,6,화순군,벼애나방(발생면적율),0.0
2025,8,16,6,화순군,벼잎선충(발생추정면적),0.0
2025,8,16,6,화순군,벼잎선충(감수율),0.0
2025,8,16,6,화순군,벼잎선충(피해율),0.0
2025,8,16,6,화순군,벼잎선충(발생면적율),0.0
2023,6,16,2,강진군,잎도열병(발생추정면적),0.0
2023,6,16,2,강진군,잎도열병(감수율),0.0
2023,6,16,2,강진군,잎도열병(피해율),0.0
2023,6,16,2,강진군,잎도열병(발생면적율),0.0
2023,6,16,2,강진군,이삭도열병(발생추정면적),0.0
2023,6,16,2,강진군,이삭도열병(감수율),0.0
2023,6,16,2,강진군,이삭도열병(피해율),0.0
2023,6,16,2,강진군,이삭도열병(발생면적율),0.0
2023,6,16,2,강진군,잎집무늬마름병(발생추정면적),0.0
2023,6,16,2,강진군,잎집무늬마름병(감수율),0.0
2023,6,16,2,강진군,잎집무늬마름병(피해율),0.0
2023,6,16,2,강진군,잎집무늬마름병(발생면적율),0.0
2023,6,16,2,강진군,흰잎마름병(발생추정면적),0.0
2023,6,16,2,강진군,흰잎마름병(감수율),0.0
2023,6,16,2,강진군,흰잎마름병(피해율),0.0
2023,6,16,2,강진군,흰잎마름병(발생면적율),0.0
2023,6,16,2,강진군,세균벼알마름병(발생추정면적),0.0
2023,6,16,2,강진군,세균벼알마름병(감수율),0.0
2023,6,16,2,강진군,세균벼알마름병(피해율),0.0
2023,6,16,2,강진군,세균벼알마름병(발생면적율),0.0
2023,6,16,2,강진군,줄무늬잎마름병(발생면적),0.0
2023,6,16,2,강진군,줄무늬잎마름병(감수율),0.0
2023,6,16,2,강진군,줄무늬잎마름병(피해율),0.0
2023,6,16,2,강진군,줄무늬잎마름병(발생면적률),0.0
2023,6,16,2,강진군,벼검은줄오갈병(발생면적),0.0
2023,6,16,2,강진군,벼검은줄오갈병(감수율),0.0
2023,6,16,2,강진군,벼검은줄오갈병(피해율),0.0
2023,6,16,2,강진군,벼검은줄오갈병(발생면적률),0.0
2023,6,16,2,강진군,오갈병(발생면적),0.0
2023,6,16,2,강진군,오갈병(감수율),0.0
2023,6,16,2,강진군,오갈병(피해율),0.0
2023,6,16,2,강진군,오갈병(발생면적률),0.0
2023,6,16,2,강진군,이삭누룩병(발생추정면적),0.0
2023,6,16,2,강진군,이삭누룩병(감수율),0.0
2023,6,16,2,강진군,이삭누룩병(피해율),0.0
2023,6,16,2,강진군,이삭누룩병(발생면적율),0.0
2023,6,16,2,강진군,깨씨무늬병(발생추정면적),0.0
2023,6,16,2,강진군,깨씨무늬병(감수율),0.0
2023,6,16,2,강진군,깨씨무늬병(피해율),0.0
2023,6,16,2,강진군,깨씨무늬병(발생면적율),0.0
2023,6,16,2,강진군,벼잎벌레(발생추정면적),0.0
2023,6,16,2,강진군,벼잎벌레(감수율),0.0
2023,6,16,2,강진군,벼잎벌레(피해율),0.0
2023,6,16,2,강진군,벼잎벌레(발생면적율),0.0
2023,6,16,2,강진군,벼애잎굴파리(발생추정면적),0.0
2023,6,16,2,강진군,벼애잎굴파리(감수율),0.0
2023,6,16,2,강진군,벼애잎굴파리(피해율),0.0
2023,6,16,2,강진군,벼애잎굴파리(발생면적율),0.0
2023,6,16,2,강진군,벼줄기굴파리(발생추정면적),0.0
2023,6,16,2,강진군,벼줄기굴파리(감수율),0.0
2023,6,16,2,강진군,벼줄기굴파리(피해율),0.0
2023,6,16,2,강진군,벼줄기굴파리(발생면적율),0.0
2023,6,16,2,강진군,애멸구(발생추정면적),0.0
2023,6,16,2,강진군,애멸구(감수율),0.0
2023,6,16,2,강진군,애멸구(피해율),0.0
2023,6,16,2,강진군,애멸구(발생면적율),0.0
2023,6,16,2,강진군,끝동매미충(발생추정면적),0.0
2023,6,16,2,강진군,끝동매미충(감수율),0.0
2023,6,16,2,강진군,끝동매미충(피해율),0.0
2023,6,16,2,강진군,끝동매미충(발생면적율),0.0
2023,6,16,2,강진군,벼멸구(발생추정면적),0.0
2023,6,16,2,강진군,벼멸구(감수율),0.0
2023,6,16,2,강진군,벼멸구(피해율),0.0
2023,6,16,2,강진군,벼멸구(발생면적율),0.0
2023,6,16,2,강진군,흰등멸구(발생추정면적),0.0
2023,6,16,2,강진군,흰등멸구(감수율),0.0
2023,6,16,2,강진군,흰등멸구(피해율),0.0
2023,6,16,2,강진군,흰등멸구(발생면적율),0.0
2023,6,16,2,강진군,벼물바구미(발생추정면적),0.0
2023,6,16,2,강진군,벼물바구미(감수율),0.0
2023,6,16,2,강진군,벼물바구미(피해율),0.0
2023,6,16,2,강진군,벼물바구미(발생면적율),0.0
2023,6,16,2,강진군,혹명나방(발생추정면적),0.0
2023,6,16,2,강진군,혹명나방(감수율),0.0
2023,6,16,2,강진군,혹명나방(피해율),0.0
2023,6,16,2,강진군,혹명나방(발생면적율),0.0
2023,6,16,2,강진군,멸강나방(발생추정면적),0.0
2023,6,16,2,강진군,멸강나방(감수율),0.0
2023,6,16,2,강진군,멸강나방(피해율),0.0
2023,6,16,2,강진군,멸강나방(발생면적율),0.0
2023,6,16,2,강진군,먹노린재(발생추정면적),0.0
2023,6,16,2,강진군,먹노린재(감수율),0.0
2023,6,16,2,강진군,먹노린재(피해율),0.0
2023,6,16,2,강진군,먹노린재(발생면적율),0.0
2023,6,16,2,강진군,이화명나방1화기(발생면적),0.0
2023,6,16,2,강진군,이화명나방1화기(감수율),0.0
2023,6,16,2,강진군,이화명나방1화기(피해율),0.0
2023,6,16,2,강진군,이화명나방1화기(발생면적률),0.0
2023,6,16,2,강진군,이화명나방2화기(발생면적),0.0
2023,6,16,2,강진군,이화명나방2화기(감수율),0.0
2023,6,16,2,강진군,이화명나방2화기(피해율),0.0
2023,6,16,2,강진군,이화명나방2화기(발생면적률),0.0
2023,6,16,2,고흥군,잎도열병(발생추정면적),0.0
2023,6,16,2,고흥군,잎도열병(감수율),0.0
2023,6,16,2,고흥군,잎도열병(피해율),0.0
2023,6,16,2,고흥군,잎도열병(발생면적율),0.0
2023,6,16,2,고흥군,이삭도열병(발생추정면적),0.0
2023,6,16,2,고흥군,이삭도열병(감수율),0.0
2023,6,16,2,고흥군,이삭도열병(피해율),0.0
2023,6,16,2,고흥군,이삭도열병(발생면적율),0.0
2023,6,16,2,고흥군,잎집무늬마름병(발생추정면적),0.0
2023,6,16,2,고흥군,잎집무늬마름병(감수율),0.0
2023,6,16,2,고흥군,잎집무늬마름병(피해율),0.0
2023,6,16,2,고흥군,잎집무늬마름병(발생면적율),0.0
2023,6,16,2,고흥군,흰잎마름병(발생추정면적),0.0
2023,6,16,2,고흥군,흰잎마름병(감수율),0.0
2023,6,16,2,고흥군,흰잎마름병(피해율),0.0
2023,6,16,2,고흥군,흰잎마름병(발생면적율),0.0
2023,6,16,2,고흥군,세균벼알마름병(발생추정면적),0.0
2023,6,16,2,고흥군,세균벼알마름병(감수율),0.0
2023,6,16,2,고흥군,세균벼알마름병(피해율),0.0
2023,6,16,2,고흥군,세균벼알마름병(발생면적율),0.0
2023,6,16,2,고흥군,줄무늬잎마름병(발생면적),0.0
2023,6,16,2,고흥군,줄무늬잎마름병(감수율),0.0
2023,6,16,2,고흥군,줄무늬잎마름병(피해율),0.0
2023,6,16,2,고흥군,줄무늬잎마름병(발생면적률),0.0
2023,6,16,2,고흥군,벼검은줄오갈병(발생면적),0.0
2023,6,16,2,고흥군,벼검은줄오갈병(감수율),0.0
2023,6,16,2,고흥군,벼검은줄오갈병(피해율),0.0
2023,6,16,2,고흥군,벼검은줄오갈병(발생면적률),0.0
2023,6,16,2,고흥군,오갈병(발생면적),0.0
2023,6,16,2,고흥군,오갈병(감수율),0.0
2023,6,16,2,고흥군,오갈병(피해율),0.0
2023,6,16,2,고흥군,오갈병(발생면적률),0.0
2023,6,16,2,고흥군,이삭누룩병(발생추정면적),0.0
2023,6,16,2,고흥군,이삭누룩병(감수율),0.0
2023,6,16,2,고흥군,이삭누룩병(피해율),0.0
2023,6,16,2,고흥군,이삭누룩병(발생면적율),0.0
2023,6,16,2,고흥군,깨씨무늬병(발생추정면적),0.0
2023,6,16,2,고흥군,깨씨무늬병(감수율),0.0
2023,6,16,2,고흥군,깨씨무늬병(피해율),0.0
2023,6,16,2,고흥군,깨씨무늬병(발생면적율),0.0
2023,6,16,2,고흥군,벼잎벌레(발생추정면적),0.0
2023,6,16,2,고흥군,벼잎벌레(감수율),0.0
2023,6,16,2,고흥군,벼잎벌레(피해율),0.0
2023,6,16,2,고흥군,벼잎벌레(발생면적율),0.0
2023,6,16,2,고흥군,벼애잎굴파리(발생추정면적),0.0
2023,6,16,2,고흥군,벼애잎굴파리(감수율),0.0
2023,6,16,2,고흥군,벼애잎굴파리(피해율),0.0
2023,6,16,2,고흥군,벼애잎굴파리(발생면적율),0.0
2023,6,16,2,고흥군,벼줄기굴파리(발생추정면적),0.0
2023,6,16,2,고흥군,벼줄기굴파리(감수율),0.0
2023,6,16,2,고흥군,벼줄기굴파리(피해율),0.0
2023,6,16,2,고흥군,벼줄기굴파리(발생면적율),0.0
2023,6,16,2,고흥군,애멸구(발생추정면적),0.0
2023,6,16,2,고흥군,애멸구(감수율),0.0
2023,6,16,2,고흥군,애멸구(피해율),0.0
2023,6,16,2,고흥군,애멸구(발생면적율),0.0
2023,6,16,2,고흥군,끝동매미충(발생추정면적),0.0
2023,6,16,2,고흥군,끝동매미충(감수율),0.0
2023,6,16,2,고흥군,끝동매미충(피해율),0.0
2023,6,16,2,고흥군,끝동매미충(발생면적율),0.0
2023,6,16,2,고흥군,벼멸구(발생추정면적),0.0
2023,6,16,2,고흥군,벼멸구(감수율),0.0
2023,6,16,2,고흥군,벼멸구(피해율),0.0
2023,6,16,2,고흥군,벼멸구(발생면적율),0.0
2023,6,16,2,고흥군,흰등멸구(발생추정면적),0.0
2023,6,16,2,고흥군,흰등멸구(감수율),0.0
2023,6,16,2,고흥군,흰등멸구(피해율),0.0
2023,6,16,2,고흥군,흰등멸구(발생면적율),0.0
2023,6,16,2,고흥군,벼물바구미(발생추정면적),0.0
2023,6,16,2,고흥군,벼물바구미(감수율),0.0
2023,6,16,2,고흥군,벼물바구미(피해율),0.0
2023,6,16,2,고흥군,벼물바구미(발생면적율),0.0
2023,6,16,2,고흥군,혹명나방(발생추정면적),0.0
2023,6,16,2,고흥군,혹명나방(감수율),0.0
2023,6,16,2,고흥군,혹명나방(피해율),0.0
2023,6,16,2,고흥군,혹명나방(발생면적율),0.0
2023,6,16,2,고흥군,멸강나방(발생추정면적),0.0
2023,6,16,2,고흥군,멸강나방(감수율),0.0
2023,6,16,2,고흥군,멸강나방(피해율),0.0
2023,6,16,2,고흥군,멸강나방(발생면적율),0.0
2023,6,16,2,고흥군,먹노린재(발생추정면적),0.0
2023,6,16,2,고흥군,먹노린재(감수율),0.0
2023,6,16,2,고흥군,먹노린재(피해율),0.0
2023,6,16,2,고흥군,먹노린재(발생면적율),0.0
2023,6,16,2,고흥군,이화명나방1화기(발생면적),0.0
2023,6,16,2,고흥군,이화명나방1화기(감수율),0.0
2023,6,16,2,고흥군,이화명나방1화기(피해율),0.0
2023,6,16,2,고흥군,이화명나방1화기(발생면적률),0.0
2023,6,16,2,고흥군,이화명나방2화기(발생면적),0.0
2023,6,16,2,고흥군,이화명나방2화기(감수율),0.0
2023,6,16,2,고흥군,이화명나방2화기(피해율),0.0
2023,6,16,2,고흥군,이화명나방2화기(발생면적률),0.0
2023,6,16,2,곡성군,잎도열병(발생추정면적),0.0
2023,6,16,2,곡성군,잎도열병(감수율),0.0
2023,6,16,2,곡성군,잎도열병(피해율),0.0
2023,6,16,2,곡성군,잎도열병(발생면적율),0.0
2023,6,16,2,곡성군,이삭도열병(발생추정면적),0.0
2023,6,16,2,곡성군,이삭도열병(감수율),0.0
2023,6,16,2,곡성군,이삭도열병(피해율),0.0
2023,6,16,2,곡성군,이삭도열병(발생면적율),0.0
2023,6,16,2,곡성군,잎집무늬마름병(발생추정면적),0.0
2023,6,16,2,곡성군,잎집무늬마름병(감수율),0.0
2023,6,16,2,곡성군,잎집무늬마름병(피해율),0.0
2023,6,16,2,곡성군,잎집무늬마름병(발생면적율),0.0
2023,6,16,2,곡성군,흰잎마름병(발생추정면적),0.0
2023,6,16,2,곡성군,흰잎마름병(감수율),0.0
2023,6,16,2,곡성군,흰잎마름병(피해율),0.0
2023,6,16,2,곡성군,흰잎마름병(발생면적율),0.0
2023,6,16,2,곡성군,세균벼알마름병(발생추정면적),0.0
2023,6,16,2,곡성군,세균벼알마름병(감수율),0.0
2023,6,16,2,곡성군,세균벼알마름병(피해율),0.0
2023,6,16,2,곡성군,세균벼알마름병(발생면적율),0.0
2023,6,16,2,곡성군,줄무늬잎마름병(발생면적),0.0
2023,6,16,2,곡성군,줄무늬잎마름병(감수율),0.0
2023,6,16,2,곡성군,줄무늬잎마름병(피해율),0.0
2023,6,16,2,곡성군,줄무늬잎마름병(발생면적률),0.0
2023,6,16,2,곡성군,벼검은줄오갈병(발생면적),0.0
2023,6,16,2,곡성군,벼검은줄오갈병(감수율),0.0
2023,6,16,2,곡성군,벼검은줄오갈병(피해율),0.0
2023,6,16,2,곡성군,벼검은줄오갈병(발생면적률),0.0
2023,6,16,2,곡성군,오갈병(발생면적),0.0
2023,6,16,2,곡성군,오갈병(감수율),0.0
2023,6,16,2,곡성군,오갈병(피해율),0.0
2023,6,16,2,곡성군,오갈병(발생면적률),0.0
2023,6,16,2,곡성군,이삭누룩병(발생추정면적),0.0
2023,6,16,2,곡성군,이삭누룩병(감수율),0.0
2023,6,16,2,곡성군,이삭누룩병(피해율),0.0
2023,6,16,2,곡성군,이삭누룩병(발생면적율),0.0
2023,6,16,2,곡성군,깨씨무늬병(발생추정면적),0.0
2023,6,16,2,곡성군,깨씨무늬병(감수율),0.0
2023,6,16,2,곡성군,깨씨무늬병(피해율),0.0
2023,6,16,2,곡성군,깨씨무늬병(발생면적율),0.0
2023,6,16,2,곡성군,벼잎벌레(발생추정면적),0.0
2023,6,16,2,곡성군,벼잎벌레(감수율),0.0
2023,6,16,2,곡성군,벼잎벌레(피해율),0.0
2023,6,16,2,곡성군,벼잎벌레(발생면적율),0.0
2023,6,16,2,곡성군,벼애잎굴파리(발생추정면적),0.0
2023,6,16,2,곡성군,벼애잎굴파리(감수율),0.0
2023,6,16,2,곡성군,벼애잎굴파리(피해율),0.0
2023,6,16,2,곡성군,벼애잎굴파리(발생면적율),0.0
2023,6,16,2,곡성군,벼줄기굴파리(발생추정면적),0.0
2023,6,16,2,곡성군,벼줄기굴파리(감수율),0.0
2023,6,16,2,곡성군,벼줄기굴파리(피해율),0.0
2023,6,16,2,곡성군,벼줄기굴파리(발생면적율),0.0
2023,6,16,2,곡성군,애멸구(발생추정면적),0.0
2023,6,16,2,곡성군,애멸구(감수율),0.0
2023,6,16,2,곡성군,애멸구(피해율),0.0
2023,6,16,2,곡성군,애멸구(발생면적율),0.0
2023,6,16,2,곡성군,끝동매미충(발생추정면적),0.0
2023,6,16,2,곡성군,끝동매미충(감수율),0.0
2023,6,16,2,곡성군,끝동매미충(피해율),0.0
2023,6,16,2,곡성군,끝동매미충(발생면적율),0.0
2023,6,16,2,곡성군,벼멸구(발생추정면적),0.0
2023,6,16,2,곡성군,벼멸구(감수율),0.0
2023,6,16,2,곡성군,벼멸구(피해율),0.0
2023,6,16,2,곡성군,벼멸구(발생면적율),0.0
2023,6,16,2,곡성군,흰등멸구(발생추정면적),0.0
2023,6,16,2,곡성군,흰등멸구(감수율),0.0
2023,6,16,2,곡성군,흰등멸구(피해율),0.0
2023,6,16,2,곡성군,흰등멸구(발생면적율),0.0
2023,6,16,2,곡성군,벼물바구미(발생추정면적),10.721
2023,6,16,2,곡성군,벼물바구미(감수율),0.002
2023,6,16,2,곡성군,벼물바구미(피해율),0.009
2023,6,16,2,곡성군,벼물바구미(발생면적율),0.274
2023,6,16,2,곡성군,혹명나방(발생추정면적),0.0
2023,6,16,2,곡성군,혹명나방(감수율),0.0
2023,6,16,2,곡성군,혹명나방(피해율),0.0
2023,6,16,2,곡성군,혹명나방(발생면적율),0.0
2023,6,16,2,곡성군,멸강나방(발생추정면적),0.0
2023,6,16,2,곡성군,멸강나방(감수율),0.0
2023,6,16,2,곡성군,멸강나방(피해율),0.0
2023,6,16,2,곡성군,멸강나방(발생면적율),0.0
2023,6,16,2,곡성군,먹노린재(발생추정면적),0.0
2023,6,16,2,곡성군,먹노린재(감수율),0.0
2023,6,16,2,곡성군,먹노린재(피해율),0.0
2023,6,16,2,곡성군,먹노린재(발생면적율),0.0
2023,6,16,2,곡성군,이화명나방1화기(발생면적),0.0
2023,6,16,2,곡성군,이화명나방1화기(감수율),0.0
2023,6,16,2,곡성군,이화명나방1화기(피해율),0.0
2023,6,16,2,곡성군,이화명나방1화기(발생면적률),0.0
2023,6,16,2,곡성군,이화명나방2화기(발생면적),0.0
2023,6,16,2,곡성군,이화명나방2화기(감수율),0.0
2023,6,16,2,곡성군,이화명나방2화기(피해율),0.0
2023,6,16,2,곡성군,이화명나방2화기(발생면적률),0.0
2023,6,16,2,광양시,잎도열병(발생추정면적),0.0
2023,6,16,2,광양시,잎도열병(감수율),0.0
2023,6,16,2,광양시,잎도열병(피해율),0.0
2023,6,16,2,광양시,잎도열병(발생면적율),0.0
2023,6,16,2,광양시,이삭도열병(발생추정면적),0.0
2023,6,16,2,광양시,이삭도열병(감수율),0.0
2023,6,16,2,광양시,이삭도열병(피해율),0.0
2023,6,16,2,광양시,이삭도열병(발생면적율),0.0
2023,6,16,2,광양시,잎집무늬마름병(발생추정면적),0.0
2023,6,16,2,광양시,잎집무늬마름병(감수율),0.0
2023,6,16,2,광양시,잎집무늬마름병(피해율),0.0
2023,6,16,2,광양시,잎집무늬마름병(발생면적율),0.0
2023,6,16,2,광양시,흰잎마름병(발생추정면적),0.0
2023,6,16,2,광양시,흰잎마름병(감수율),0.0
2023,6,16,2,광양시,흰잎마름병(피해율),0.0
2023,6,16,2,광양시,흰잎마름병(발생면적율),0.0
2023,6,16,2,광양시,세균벼알마름병(발생추정면적),0.0
2023,6,16,2,광양시,세균벼알마름병(감수율),0.0
2023,6,16,2,광양시,세균벼알마름병(피해율),0.0
2023,6,16,2,광양시,세균벼알마름병(발생면적율),0.0
2023,6,16,2,광양시,줄무늬잎마름병(발생면적),0.0
2023,6,16,2,광양시,줄무늬잎마름병(감수율),0.0
2023,6,16,2,광양시,줄무늬잎마름병(피해율),0.0
2023,6,16,2,광양시,줄무늬잎마름병(발생면적률),0.0
2023,6,16,2,광양시,벼검은줄오갈병(발생면적),0.0
2023,6,16,2,광양시,벼검은줄오갈병(감수율),0.0
2023,6,16,2,광양시,벼검은줄오갈병(피해율),0.0
2023,6,16,2,광양시,벼검은줄오갈병(발생면적률),0.0
2023,6,16,2,광양시,오갈병(발생면적),0.0
2023,6,16,2,광양시,오갈병(감수율),0.0
2023,6,16,2,광양시,오갈병(피해율),0.0
2023,6,16,2,광양시,오갈병(발생면적률),0.0
2023,6,16,2,광양시,이삭누룩병(발생추정면적),0.0
2023,6,16,2,광양시,이삭누룩병(감수율),0.0
2023,6,16,2,광양시,이삭누룩병(피해율),0.0
2023,6,16,2,광양시,이삭누룩병(발생면적율),0.0
2023,6,16,2,광양시,깨씨무늬병(발생추정면적),0.0
2023,6,16,2,광양시,깨씨무늬병(감수율),0.0
2023,6,16,2,광양시,깨씨무늬병(피해율),0.0
2023,6,16,2,광양시,깨씨무늬병(발생면적율),0.0
2023,6,16,2,광양시,벼잎벌레(발생추정면적),0.0
2023,6,16,2,광양시,벼잎벌레(감수율),0.0
2023,6,16,2,광양시,벼잎벌레(피해율),0.0
2023,6,16,2,광양시,벼잎벌레(발생면적율),0.0
2023,6,16,2,광양시,벼애잎굴파리(발생추정면적),0.0
2023,6,16,2,광양시,벼애잎굴파리(감수율),0.0
2023,6,16,2,광양시,벼애잎굴파리(피해율),0.0
2023,6,16,2,광양시,벼애잎굴파리(발생면적율),0.0
2023,6,16,2,광양시,벼줄기굴파리(발생추정면적),0.0
2023,6,16,2,광양시,벼줄기굴파리(감수율),0.0
2023,6,16,2,광양시,벼줄기굴파리(피해율),0.0
2023,6,16,2,광양시,벼줄기굴파리(발생면적율),0.0
2023,6,16,2,광양시,애멸구(발생추정면적),0.0
2023,6,16,2,광양시,애멸구(감수율),0.0
2023,6,16,2,광양시,애멸구(피해율),0.0
2023,6,16,2,광양시,애멸구(발생면적율),0.0
2023,6,16,2,광양시,끝동매미충(발생추정면적),0.0
2023,6,16,2,광양시,끝동매미충(감수율),0.0
2023,6,16,2,광양시,끝동매미충(피해율),0.0
2023,6,16,2,광양시,끝동매미충(발생면적율),0.0
2023,6,16,2,광양시,벼멸구(발생추정면적),0.0
2023,6,16,2,광양시,벼멸구(감수율),0.0
2023,6,16,2,광양시,벼멸구(피해율),0.0
2023,6,16,2,광양시,벼멸구(발생면적율),0.0
2023,6,16,2,광양시,흰등멸구(발생추정면적),0.0
2023,6,16,2,광양시,흰등멸구(감수율),0.0
2023,6,16,2,광양시,흰등멸구(피해율),0.0
2023,6,16,2,광양시,흰등멸구(발생면적율),0.0
2023,6,16,2,광양시,벼물바구미(발생추정면적),0.0
2023,6,16,2,광양시,벼물바구미(감수율),0.0
2023,6,16,2,광양시,벼물바구미(피해율),0.0
2023,6,16,2,광양시,벼물바구미(발생면적율),0.0
2023,6,16,2,광양시,혹명나방(발생추정면적),0.0
2023,6,16,2,광양시,혹명나방(감수율),0.0
2023,6,16,2,광양시,혹명나방(피해율),0.0
2023,6,16,2,광양시,혹명나방(발생면적율),0.0
2023,6,16,2,광양시,멸강나방(발생추정면적),0.0
2023,6,16,2,광양시,멸강나방(감수율),0.0
2023,6,16,2,광양시,멸강나방(피해율),0.0
2023,6,16,2,광양시,멸강나방(발생면적율),0.0
2023,6,16,2,광양시,먹노린재(발생추정면적),0.0
2023,6,16,2,광양시,먹노린재(감수율),0.0
2023,6,16,2,광양시,먹노린재(피해율),0.0
2023,6,16,2,광양시,먹노린재(발생면적율),0.0
2023,6,16,2,광양시,이화명나방1화기(발생면적),0.0
2023,6,16,2,광양시,이화명나방1화기(감수율),0.0
2023,6,16,2,광양시,이화명나방1화기(피해율),0.0
2023,6,16,2,광양시,이화명나방1화기(발생면적률),0.0
2023,6,16,2,광양시,이화명나방2화기(발생면적),0.0
2023,6,16,2,광양시,이화명나방2화기(감수율),0.0
2023,6,16,2,광양시,이화명나방2화기(피해율),0.0
2023,6,16,2,광양시,이화명나방2화기(발생면적률),0.0
2023,6,16,2,구례군,잎도열병(발생추정면적),0.0
2023,6,16,2,구례군,잎도열병(감수율),0.0
2023,6,16,2,구례군,잎도열병(피해율),0.0
2023,6,16,2,구례군,잎도열병(발생면적율),0.0
2023,6,16,2,구례군,이삭도열병(발생추정면적),0.0
2023,6,16,2,구례군,이삭도열병(감수율),0.0
2023,6,16,2,구례군,이삭도열병(피해율),0.0
2023,6,16,2,구례군,이삭도열병(발생면적율),0.0
2023,6,16,2,구례군,잎집무늬마름병(발생추정면적),0.0
2023,6,16,2,구례군,잎집무늬마름병(감수율),0.0
2023,6,16,2,구례군,잎집무늬마름병(피해율),0.0
2023,6,16,2,구례군,잎집무늬마름병(발생면적율),0.0
2023,6,16,2,구례군,흰잎마름병(발생추정면적),0.0
2023,6,16,2,구례군,흰잎마름병(감수율),0.0
2023,6,16,2,구례군,흰잎마름병(피해율),0.0
2023,6,16,2,구례군,흰잎마름병(발생면적율),0.0
2023,6,16,2,구례군,세균벼알마름병(발생추정면적),0.0
2023,6,16,2,구례군,세균벼알마름병(감수율),0.0
2023,6,16,2,구례군,세균벼알마름병(피해율),0.0
2023,6,16,2,구례군,세균벼알마름병(발생면적율),0.0
2023,6,16,2,구례군,줄무늬잎마름병(발생면적),0.0
2023,6,16,2,구례군,줄무늬잎마름병(감수율),0.0
2023,6,16,2,구례군,줄무늬잎마름병(피해율),0.0
2023,6,16,2,구례군,줄무늬잎마름병(발생면적률),0.0
2023,6,16,2,구례군,벼검은줄오갈병(발생면적),0.0
2023,6,16,2,구례군,벼검은줄오갈병(감수율),0.0
2023,6,16,2,구례군,벼검은줄오갈병(피해율),0.0
2023,6,16,2,구례군,벼검은줄오갈병(발생면적률),0.0
2023,6,16,2,구례군,오갈병(발생면적),0.0
2023,6,16,2,구례군,오갈병(감수율),0.0
2023,6,16,2,구례군,오갈병(피해율),0.0
2023,6,16,2,구례군,오갈병(발생면적률),0.0
2023,6,16,2,구례군,이삭누룩병(발생추정면적),0.0
2023,6,16,2,구례군,이삭누룩병(감수율),0.0
2023,6,16,2,구례군,이삭누룩병(피해율),0.0
2023,6,16,2,구례군,이삭누룩병(발생면적율),0.0
2023,6,16,2,구례군,깨씨무늬병(발생추정면적),0.0
2023,6,16,2,구례군,깨씨무늬병(감수율),0.0
2023,6,16,2,구례군,깨씨무늬병(피해율),0.0
2023,6,16,2,구례군,깨씨무늬병(발생면적율),0.0
2023,6,16,2,구례군,벼잎벌레(발생추정면적),0.0
2023,6,16,2,구례군,벼잎벌레(감수율),0.0
2023,6,16,2,구례군,벼잎벌레(피해율),0.0
2023,6,16,2,구례군,벼잎벌레(발생면적율),0.0
2023,6,16,2,구례군,벼애잎굴파리(발생추정면적),0.0
2023,6,16,2,구례군,벼애잎굴파리(감수율),0.0
2023,6,16,2,구례군,벼애잎굴파리(피해율),0.0
2023,6,16,2,구례군,벼애잎굴파리(발생면적율),0.0
2023,6,16,2,구례군,벼줄기굴파리(발생추정면적),0.0
2023,6,16,2,구례군,벼줄기굴파리(감수율),0.0
2023,6,16,2,구례군,벼줄기굴파리(피해율),0.0
2023,6,16,2,구례군,벼줄기굴파리(발생면적율),0.0
2023,6,16,2,구례군,애멸구(발생추정면적),0.0
2023,6,16,2,구례군,애멸구(감수율),0.0
2023,6,16,2,구례군,애멸구(피해율),0.0
2023,6,16,2,구례군,애멸구(발생면적율),0.0
2023,6,16,2,구례군,끝동매미충(발생추정면적),0.0
2023,6,16,2,구례군,끝동매미충(감수율),0.0
2023,6,16,2,구례군,끝동매미충(피해율),0.0
2023,6,16,2,구례군,끝동매미충(발생면적율),0.0
2023,6,16,2,구례군,벼멸구(발생추정면적),0.0
2023,6,16,2,구례군,벼멸구(감수율),0.0
2023,6,16,2,구례군,벼멸구(피해율),0.0
2023,6,16,2,구례군,벼멸구(발생면적율),0.0
2023,6,16,2,구례군,흰등멸구(발생추정면적),0.0
2023,6,16,2,구례군,흰등멸구(감수율),0.0
2023,6,16,2,구례군,흰등멸구(피해율),0.0
2023,6,16,2,구례군,흰등멸구(발생면적율),0.0
2023,6,16,2,구례군,벼물바구미(발생추정면적),0.0
2023,6,16,2,구례군,벼물바구미(감수율),0.0
2023,6,16,2,구례군,벼물바구미(피해율),0.0
2023,6,16,2,구례군,벼물바구미(발생면적율),0.0
2023,6,16,2,구례군,혹명나방(발생추정면적),0.0
2023,6,16,2,구례군,혹명나방(감수율),0.0
2023,6,16,2,구례군,혹명나방(피해율),0.0
2023,6,16,2,구례군,혹명나방(발생면적율),0.0
2023,6,16,2,구례군,멸강나방(발생추정면적),0.0
2023,6,16,2,구례군,멸강나방(감수율),0.0
2023,6,16,2,구례군,멸강나방(피해율),0.0
2023,6,16,2,구례군,멸강나방(발생면적율),0.0
2023,6,16,2,구례군,먹노린재(발생추정면적),0.0
2023,6,16,2,구례군,먹노린재(감수율),0.0
2023,6,16,2,구례군,먹노린재(피해율),0.0
2023,6,16,2,구례군,먹노린재(발생면적율),0.0
2023,6,16,2,구례군,이화명나방1화기(발생면적),0.0
2023,6,16,2,구례군,이화명나방1화기(감수율),0.0
2023,6,16,2,구례군,이화명나방1화기(피해율),0.0
2023,6,16,2,구례군,이화명나방1화기(발생면적률),0.0
2023,6,16,2,구례군,이화명나방2화기(발생면적),0.0
2023,6,16,2,구례군,이화명나방2화기(감수율),0.0
2023,6,16,2,구례군,이화명나방2화기(피해율),0.0
2023,6,16,2,구례군,이화명나방2화기(발생면적률),0.0
2023,6,16,2,나주시,잎도열병(발생추정면적),0.0
2023,6,16,2,나주시,잎도열병(감수율),0.0
2023,6,16,2,나주시,잎도열병(피해율),0.0
2023,6,16,2,나주시,잎도열병(발생면적율),0.0
2023,6,16,2,나주시,이삭도열병(발생추정면적),0.0
2023,6,16,2,나주시,이삭도열병(감수율),0.0
2023,6,16,2,나주시,이삭도열병(피해율),0.0
2023,6,16,2,나주시,이삭도열병(발생면적율),0.0
2023,6,16,2,나주시,잎집무늬마름병(발생추정면적),0.0
2023,6,16,2,나주시,잎집무늬마름병(감수율),0.0
2023,6,16,2,나주시,잎집무늬마름병(피해율),0.0
2023,6,16,2,나주시,잎집무늬마름병(발생면적율),0.0
2023,6,16,2,나주시,흰잎마름병(발생추정면적),0.0
2023,6,16,2,나주시,흰잎마름병(감수율),0.0
2023,6,16,2,나주시,흰잎마름병(피해율),0.0
2023,6,16,2,나주시,흰잎마름병(발생면적율),0.0
2023,6,16,2,나주시,세균벼알마름병(발생추정면적),0.0
2023,6,16,2,나주시,세균벼알마름병(감수율),0.0
2023,6,16,2,나주시,세균벼알마름병(피해율),0.0
2023,6,16,2,나주시,세균벼알마름병(발생면적율),0.0
2023,6,16,2,나주시,줄무늬잎마름병(발생면적),0.0
2023,6,16,2,나주시,줄무늬잎마름병(감수율),0.0
2023,6,16,2,나주시,줄무늬잎마름병(피해율),0.0
2023,6,16,2,나주시,줄무늬잎마름병(발생면적률),0.0
2023,6,16,2,나주시,벼검은줄오갈병(발생면적),0.0
2023,6,16,2,나주시,벼검은줄오갈병(감수율),0.0
2023,6,16,2,나주시,벼검은줄오갈병(피해율),0.0
2023,6,16,2,나주시,벼검은줄오갈병(발생면적률),0.0
2023,6,16,2,나주시,오갈병(발생면적),0.0
2023,6,16,2,나주시,오갈병(감수율),0.0
2023,6,16,2,나주시,오갈병(피해율),0.0
2023,6,16,2,나주시,오갈병(발생면적률),0.0
2023,6,16,2,나주시,이삭누룩병(발생추정면적),0.0
2023,6,16,2,나주시,이삭누룩병(감수율),0.0
2023,6,16,2,나주시,이삭누룩병(피해율),0.0
2023,6,16,2,나주시,이삭누룩병(발생면적율),0.0
2023,6,16,2,나주시,깨씨무늬병(발생추정면적),0.0
2023,6,16,2,나주시,깨씨무늬병(감수율),0.0
2023,6,16,2,나주시,깨씨무늬병(피해율),0.0
2023,6,16,2,나주시,깨씨무늬병(발생면적율),0.0
2023,6,16,2,나주시,벼잎벌레(발생추정면적),0.0
2023,6,16,2,나주시,벼잎벌레(감수율),0.0
2023,6,16,2,나주시,벼잎벌레(피해율),0.0
2023,6,16,2,나주시,벼잎벌레(발생면적율),0.0
2023,6,16,2,나주시,벼애잎굴파리(발생추정면적),0.0
2023,6,16,2,나주시,벼애잎굴파리(감수율),0.0
2023,6,16,2,나주시,벼애잎굴파리(피해율),0.0
2023,6,16,2,나주시,벼애잎굴파리(발생면적율),0.0
2023,6,16,2,나주시,벼줄기굴파리(발생추정면적),0.0
2023,6,16,2,나주시,벼줄기굴파리(감수율),0.0
2023,6,16,2,나주시,벼줄기굴파리(피해율),0.0
2023,6,16,2,나주시,벼줄기굴파리(발생면적율),0.0
2023,6,16,2,나주시,애멸구(발생추정면적),0.0
2023,6,16,2,나주시,애멸구(감수율),0.0
2023,6,16,2,나주시,애멸구(피해율),0.0
2023,6,16,2,나주시,애멸구(발생면적율),0.0
2023,6,16,2,나주시,끝동매미충(발생추정면적),0.0
2023,6,16,2,나주시,끝동매미충(감수율),0.0
2023,6,16,2,나주시,끝동매미충(피해율),0.0
2023,6,16,2,나주시,끝동매미충(발생면적율),0.0
2023,6,16,2,나주시,벼멸구(발생추정면적),0.0
2023,6,16,2,나주시,벼멸구(감수율),0.0
2023,6,16,2,나주시,벼멸구(피해율),0.0
2023,6,16,2,나주시,벼멸구(발생면적율),0.0
2023,6,16,2,나주시,흰등멸구(발생추정면적),0.0
2023,6,16,2,나주시,흰등멸구(감수율),0.0
2023,6,16,2,나주시,흰등멸구(피해율),0.0
2023,6,16,2,나주시,흰등멸구(발생면적율),0.0
2023,6,16,2,나주시,벼물바구미(발생추정면적),0.0
2023,6,16,2,나주시,벼물바구미(감수율),0.0
2023,6,16,2,나주시,벼물바구미(피해율),0.0
2023,6,16,2,나주시,벼물바구미(발생면적율),0.0
2023,6,16,2,나주시,혹명나방(발생추정면적),0.0
2023,6,16,2,나주시,혹명나방(감수율),0.0
2023,6,16,2,나주시,혹명나방(피해율),0.0
2023,6,16,2,나주시,혹명나방(발생면적율),0.0
2023,6,16,2,나주시,멸강나방(발생추정면적),0.0
2023,6,16,2,나주시,멸강나방(감수율),0.0
2023,6,16,2,나주시,멸강나방(피해율),0.0
2023,6,16,2,나주시,멸강나방(발생면적율),0.0
2023,6,16,2,나주시,먹노린재(발생추정면적),0.0
2023,6,16,2,나주시,먹노린재(감수율),0.0
2023,6,16,2,나주시,먹노린재(피해율),0.0
2023,6,16,2,나주시,먹노린재(발생면적율),0.0
2023,6,16,2,나주시,이화명나방1화기(발생면적),0.0
2023,6,16,2,나주시,이화명나방1화기(감수율),0.0
2023,6,16,2,나주시,이화명나방1화기(피해율),0.0
2023,6,16,2,나주시,이화명나방1화기(발생면적률),0.0
2023,6,16,2,나주시,이화명나방2화기(발생면적),0.0
2023,6,16,2,나주시,이화명나방2화기(감수율),0.0
2023,6,16,2,나주시,이화명나방2화기(피해율),0.0
2023,6,16,2,나주시,이화명나방2화기(발생면적률),0.0
2023,6,16,2,담양군,잎도열병(발생추정면적),0.0
2023,6,16,2,담양군,잎도열병(감수율),0.0
2023,6,16,2,담양군,잎도열병(피해율),0.0
2023,6,16,2,담양군,잎도열병(발생면적율),0.0
2023,6,16,2,담양군,이삭도열병(발생추정면적),0.0
2023,6,16,2,담양군,이삭도열병(감수율),0.0
2023,6,16,2,담양군,이삭도열병(피해율),0.0
2023,6,16,2,담양군,이삭도열병(발생면적율),0.0
2023,6,16,2,담양군,잎집무늬마름병(발생추정면적),0.0
2023,6,16,2,담양군,잎집무늬마름병(감수율),0.0
2023,6,16,2,담양군,잎집무늬마름병(피해율),0.0
2023,6,16,2,담양군,잎집무늬마름병(발생면적율),0.0
2023,6,16,2,담양군,흰잎마름병(발생추정면적),0.0
2023,6,16,2,담양군,흰잎마름병(감수율),0.0
2023,6,16,2,담양군,흰잎마름병(피해율),0.0
2023,6,16,2,담양군,흰잎마름병(발생면적율),0.0
2023,6,16,2,담양군,세균벼알마름병(발생추정면적),0.0
2023,6,16,2,담양군,세균벼알마름병(감수율),0.0
2023,6,16,2,담양군,세균벼알마름병(피해율),0.0
2023,6,16,2,담양군,세균벼알마름병(발생면적율),0.0
2023,6,16,2,담양군,줄무늬잎마름병(발생면적),0.0
2023,6,16,2,담양군,줄무늬잎마름병(감수율),0.0
2023,6,16,2,담양군,줄무늬잎마름병(피해율),0.0
2023,6,16,2,담양군,줄무늬잎마름병(발생면적률),0.0
2023,6,16,2,담양군,벼검은줄오갈병(발생면적),0.0
2023,6,16,2,담양군,벼검은줄오갈병(감수율),0.0
2023,6,16,2,담양군,벼검은줄오갈병(피해율),0.0
2023,6,16,2,담양군,벼검은줄오갈병(발생면적률),0.0
2023,6,16,2,담양군,오갈병(발생면적),0.0
2023,6,16,2,담양군,오갈병(감수율),0.0
2023,6,16,2,담양군,오갈병(피해율),0.0
2023,6,16,2,담양군,오갈병(발생면적률),0.0
2023,6,16,2,담양군,이삭누룩병(발생추정면적),0.0
2023,6,16,2,담양군,이삭누룩병(감수율),0.0
2023,6,16,2,담양군,이삭누룩병(피해율),0.0
2023,6,16,2,담양군,이삭누룩병(발생면적율),0.0
2023,6,16,2,담양군,깨씨무늬병(발생추정면적),0.0
2023,6,16,2,담양군,깨씨무늬병(감수율),0.0
2023,6,16,2,담양군,깨씨무늬병(피해율),0.0
2023,6,16,2,담양군,깨씨무늬병(발생면적율),0.0
2023,6,16,2,담양군,벼잎벌레(발생추정면적),0.0
2023,6,16,2,담양군,벼잎벌레(감수율),0.0
2023,6,16,2,담양군,벼잎벌레(피해율),0.0
2023,6,16,2,담양군,벼잎벌레(발생면적율),0.0
2023,6,16,2,담양군,벼애잎굴파리(발생추정면적),0.0
2023,6,16,2,담양군,벼애잎굴파리(감수율),0.0
2023,6,16,2,담양군,벼애잎굴파리(피해율),0.0
2023,6,16,2,담양군,벼애잎굴파리(발생면적율),0.0
2023,6,16,2,담양군,벼줄기굴파리(발생추정면적),0.0
2023,6,16,2,담양군,벼줄기굴파리(감수율),0.0
2023,6,16,2,담양군,벼줄기굴파리(피해율),0.0
2023,6,16,2,담양군,벼줄기굴파리(발생면적율),0.0
2023,6,16,2,담양군,애멸구(발생추정면적),0.0
2023,6,16,2,담양군,애멸구(감수율),0.0
2023,6,16,2,담양군,애멸구(피해율),0.0
2023,6,16,2,담양군,애멸구(발생면적율),0.0
2023,6,16,2,담양군,끝동매미충(발생추정면적),0.0
2023,6,16,2,담양군,끝동매미충(감수율),0.0
2023,6,16,2,담양군,끝동매미충(피해율),0.0
2023,6,16,2,담양군,끝동매미충(발생면적율),0.0
2023,6,16,2,담양군,벼멸구(발생추정면적),0.0
2023,6,16,2,담양군,벼멸구(감수율),0.0
2023,6,16,2,담양군,벼멸구(피해율),0.0
2023,6,16,2,담양군,벼멸구(발생면적율),0.0
2023,6,16,2,담양군,흰등멸구(발생추정면적),0.0
2023,6,16,2,담양군,흰등멸구(감수율),0.0
2023,6,16,2,담양군,흰등멸구(피해율),0.0
2023,6,16,2,담양군,흰등멸구(발생면적율),0.0
2023,6,16,2,담양군,벼물바구미(발생추정면적),0.0
2023,6,16,2,담양군,벼물바구미(감수율),0.0
2023,6,16,2,담양군,벼물바구미(피해율),0.0
2023,6,16,2,담양군,벼물바구미(발생면적율),0.0
2023,6,16,2,담양군,혹명나방(발생추정면적),0.0
2023,6,16,2,담양군,혹명나방(감수율),0.0
2023,6,16,2,담양군,혹명나방(피해율),0.0
2023,6,16,2,담양군,혹명나방(발생면적율),0.0
2023,6,16,2,담양군,멸강나방(발생추정면적),0.0
2023,6,16,2,담양군,멸강나방(감수율),0.0
2023,6,16,2,담양군,멸강나방(피해율),0.0
2023,6,16,2,담양군,멸강나방(발생면적율),0.0
2023,6,16,2,담양군,먹노린재(발생추정면적),0.0
2023,6,16,2,담양군,먹노린재(감수율),0.0
2023,6,16,2,담양군,먹노린재(피해율),0.0
2023,6,16,2,담양군,먹노린재(발생면적율),0.0
2023,6,16,2,담양군,이화명나방1화기(발생면적),0.0
2023,6,16,2,담양군,이화명나방1화기(감수율),0.0
2023,6,16,2,담양군,이화명나방1화기(피해율),0.0
2023,6,16,2,담양군,이화명나방1화기(발생면적률),0.0
2023,6,16,2,담양군,이화명나방2화기(발생면적),0.0
2023,6,16,2,담양군,이화명나방2화기(감수율),0.0
2023,6,16,2,담양군,이화명나방2화기(피해율),0.0
2023,6,16,2,담양군,이화명나방2화기(발생면적률),0.0
2023,6,16,2,무안군,잎도열병(발생추정면적),0.0
2023,6,16,2,무안군,잎도열병(감수율),0.0
2023,6,16,2,무안군,잎도열병(피해율),0.0
2023,6,16,2,무안군,잎도열병(발생면적율),0.0
2023,6,16,2,무안군,이삭도열병(발생추정면적),0.0
2023,6,16,2,무안군,이삭도열병(감수율),0.0
2023,6,16,2,무안군,이삭도열병(피해율),0.0
2023,6,16,2,무안군,이삭도열병(발생면적율),0.0
2023,6,16,2,무안군,잎집무늬마름병(발생추정면적),0.0
2023,6,16,2,무안군,잎집무늬마름병(감수율),0.0
2023,6,16,2,무안군,잎집무늬마름병(피해율),0.0
2023,6,16,2,무안군,잎집무늬마름병(발생면적율),0.0
2023,6,16,2,무안군,흰잎마름병(발생추정면적),0.0
2023,6,16,2,무안군,흰잎마름병(감수율),0.0
2023,6,16,2,무안군,흰잎마름병(피해율),0.0
2023,6,16,2,무안군,흰잎마름병(발생면적율),0.0
2023,6,16,2,무안군,세균벼알마름병(발생추정면적),0.0
2023,6,16,2,무안군,세균벼알마름병(감수율),0.0
2023,6,16,2,무안군,세균벼알마름병(피해율),0.0
2023,6,16,2,무안군,세균벼알마름병(발생면적율),0.0
2023,6,16,2,무안군,줄무늬잎마름병(발생면적),0.0
2023,6,16,2,무안군,줄무늬잎마름병(감수율),0.0
2023,6,16,2,무안군,줄무늬잎마름병(피해율),0.0
2023,6,16,2,무안군,줄무늬잎마름병(발생면적률),0.0
2023,6,16,2,무안군,벼검은줄오갈병(발생면적),0.0
2023,6,16,2,무안군,벼검은줄오갈병(감수율),0.0
2023,6,16,2,무안군,벼검은줄오갈병(피해율),0.0
2023,6,16,2,무안군,벼검은줄오갈병(발생면적률),0.0
2023,6,16,2,무안군,오갈병(발생면적),0.0
2023,6,16,2,무안군,오갈병(감수율),0.0
2023,6,16,2,무안군,오갈병(피해율),0.0
2023,6,16,2,무안군,오갈병(발생면적률),0.0
2023,6,16,2,무안군,이삭누룩병(발생추정면적),0.0
2023,6,16,2,무안군,이삭누룩병(감수율),0.0
2023,6,16,2,무안군,이삭누룩병(피해율),0.0
2023,6,16,2,무안군,이삭누룩병(발생면적율),0.0
2023,6,16,2,무안군,깨씨무늬병(발생추정면적),0.0
2023,6,16,2,무안군,깨씨무늬병(감수율),0.0
2023,6,16,2,무안군,깨씨무늬병(피해율),0.0
2023,6,16,2,무안군,깨씨무늬병(발생면적율),0.0
2023,6,16,2,무안군,벼잎벌레(발생추정면적),0.0
2023,6,16,2,무안군,벼잎벌레(감수율),0.0
2023,6,16,2,무안군,벼잎벌레(피해율),0.0
2023,6,16,2,무안군,벼잎벌레(발생면적율),0.0
2023,6,16,2,무안군,벼애잎굴파리(발생추정면적),0.0
2023,6,16,2,무안군,벼애잎굴파리(감수율),0.0
2023,6,16,2,무안군,벼애잎굴파리(피해율),0.0
2023,6,16,2,무안군,벼애잎굴파리(발생면적율),0.0
2023,6,16,2,무안군,벼줄기굴파리(발생추정면적),0.0
2023,6,16,2,무안군,벼줄기굴파리(감수율),0.0
2023,6,16,2,무안군,벼줄기굴파리(피해율),0.0
2023,6,16,2,무안군,벼줄기굴파리(발생면적율),0.0
2023,6,16,2,무안군,애멸구(발생추정면적),0.0
2023,6,16,2,무안군,애멸구(감수율),0.0
2023,6,16,2,무안군,애멸구(피해율),0.0
2023,6,16,2,무안군,애멸구(발생면적율),0.0
2023,6,16,2,무안군,끝동매미충(발생추정면적),0.0
2023,6,16,2,무안군,끝동매미충(감수율),0.0
2023,6,16,2,무안군,끝동매미충(피해율),0.0
2023,6,16,2,무안군,끝동매미충(발생면적율),0.0
2023,6,16,2,무안군,벼멸구(발생추정면적),0.0
2023,6,16,2,무안군,벼멸구(감수율),0.0
2023,6,16,2,무안군,벼멸구(피해율),0.0
2023,6,16,2,무안군,벼멸구(발생면적율),0.0
2023,6,16,2,무안군,흰등멸구(발생추정면적),0.0
2023,6,16,2,무안군,흰등멸구(감수율),0.0
2023,6,16,2,무안군,흰등멸구(피해율),0.0
2023,6,16,2,무안군,흰등멸구(발생면적율),0.0
2023,6,16,2,무안군,벼물바구미(발생추정면적),0.0
2023,6,16,2,무안군,벼물바구미(감수율),0.0
2023,6,16,2,무안군,벼물바구미(피해율),0.0
2023,6,16,2,무안군,벼물바구미(발생면적율),0.0
2023,6,16,2,무안군,혹명나방(발생추정면적),0.0
2023,6,16,2,무안군,혹명나방(감수율),0.0
2023,6,16,2,무안군,혹명나방(피해율),0.0
2023,6,16,2,무안군,혹명나방(발생면적율),0.0
2023,6,16,2,무안군,멸강나방(발생추정면적),0.0
2023,6,16,2,무안군,멸강나방(감수율),0.0
2023,6,16,2,무안군,멸강나방(피해율),0.0
2023,6,16,2,무안군,멸강나방(발생면적율),0.0
2023,6,16,2,무안군,먹노린재(발생추정면적),0.0
2023,6,16,2,무안군,먹노린재(감수율),0.0
2023,6,16,2,무안군,먹노린재(피해율),0.0
2023,6,16,2,무안군,먹노린재(발생면적율),0.0
2023,6,16,2,무안군,이화명나방1화기(발생면적),0.0
2023,6,16,2,무안군,이화명나방1화기(감수율),0.0
2023,6,16,2,무안군,이화명나방1화기(피해율),0.0
2023,6,16,2,무안군,이화명나방1화기(발생면적률),0.0
2023,6,16,2,무안군,이화명나방2화기(발생면적),0.0
2023,6,16,2,무안군,이화명나방2화기(감수율),0.0
2023,6,16,2,무안군,이화명나방2화기(피해율),0.0
2023,6,16,2,무안군,이화명나방2화기(발생면적률),0.0
2023,6,16,2,보성군,잎도열병(발생추정면적),0.0
2023,6,16,2,보성군,잎도열병(감수율),0.0
2023,6,16,2,보성군,잎도열병(피해율),0.0
2023,6,16,2,보성군,잎도열병(발생면적율),0.0
2023,6,16,2,보성군,이삭도열병(발생추정면적),0.0
2023,6,16,2,보성군,이삭도열병(감수율),0.0
2023,6,16,2,보성군,이삭도열병(피해율),0.0
2023,6,16,2,보성군,이삭도열병(발생면적율),0.0
2023,6,16,2,보성군,잎집무늬마름병(발생추정면적),0.0
2023,6,16,2,보성군,잎집무늬마름병(감수율),0.0
2023,6,16,2,보성군,잎집무늬마름병(피해율),0.0
2023,6,16,2,보성군,잎집무늬마름병(발생면적율),0.0
2023,6,16,2,보성군,흰잎마름병(발생추정면적),0.0
2023,6,16,2,보성군,흰잎마름병(감수율),0.0
2023,6,16,2,보성군,흰잎마름병(피해율),0.0
2023,6,16,2,보성군,흰잎마름병(발생면적율),0.0
2023,6,16,2,보성군,세균벼알마름병(발생추정면적),0.0
2023,6,16,2,보성군,세균벼알마름병(감수율),0.0
2023,6,16,2,보성군,세균벼알마름병(피해율),0.0
2023,6,16,2,보성군,세균벼알마름병(발생면적율),0.0
2023,6,16,2,보성군,줄무늬잎마름병(발생면적),0.0
2023,6,16,2,보성군,줄무늬잎마름병(감수율),0.0
2023,6,16,2,보성군,줄무늬잎마름병(피해율),0.0
2023,6,16,2,보성군,줄무늬잎마름병(발생면적률),0.0
2023,6,16,2,보성군,벼검은줄오갈병(발생면적),0.0
2023,6,16,2,보성군,벼검은줄오갈병(감수율),0.0
2023,6,16,2,보성군,벼검은줄오갈병(피해율),0.0
2023,6,16,2,보성군,벼검은줄오갈병(발생면적률),0.0
2023,6,16,2,보성군,오갈병(발생면적),0.0
2023,6,16,2,보성군,오갈병(감수율),0.0
2023,6,16,2,보성군,오갈병(피해율),0.0
2023,6,16,2,보성군,오갈병(발생면적률),0.0
2023,6,16,2,보성군,이삭누룩병(발생추정면적),0.0
2023,6,16,2,보성군,이삭누룩병(감수율),0.0
2023,6,16,2,보성군,이삭누룩병(피해율),0.0
2023,6,16,2,보성군,이삭누룩병(발생면적율),0.0
2023,6,16,2,보성군,깨씨무늬병(발생추정면적),0.0
2023,6,16,2,보성군,깨씨무늬병(감수율),0.0
2023,6,16,2,보성군,깨씨무늬병(피해율),0.0
2023,6,16,2,보성군,깨씨무늬병(발생면적율),0.0
2023,6,16,2,보성군,벼잎벌레(발생추정면적),0.0
2023,6,16,2,보성군,벼잎벌레(감수율),0.0
2023,6,16,2,보성군,벼잎벌레(피해율),0.0
2023,6,16,2,보성군,벼잎벌레(발생면적율),0.0
2023,6,16,2,보성군,벼애잎굴파리(발생추정면적),0.0
2023,6,16,2,보성군,벼애잎굴파리(감수율),0.0
2023,6,16,2,보성군,벼애잎굴파리(피해율),0.0
2023,6,16,2,보성군,벼애잎굴파리(발생면적율),0.0
2023,6,16,2,보성군,벼줄기굴파리(발생추정면적),0.0
2023,6,16,2,보성군,벼줄기굴파리(감수율),0.0
2023,6,16,2,보성군,벼줄기굴파리(피해율),0.0
2023,6,16,2,보성군,벼줄기굴파리(발생면적율),0.0
2023,6,16,2,보성군,애멸구(발생추정면적),0.0
2023,6,16,2,보성군,애멸구(감수율),0.0
2023,6,16,2,보성군,애멸구(피해율),0.0
2023,6,16,2,보성군,애멸구(발생면적율),0.0
2023,6,16,2,보성군,끝동매미충(발생추정면적),0.0
2023,6,16,2,보성군,끝동매미충(감수율),0.0
2023,6,16,2,보성군,끝동매미충(피해율),0.0
2023,6,16,2,보성군,끝동매미충(발생면적율),0.0
2023,6,16,2,보성군,벼멸구(발생추정면적),0.0
2023,6,16,2,보성군,벼멸구(감수율),0.0
2023,6,16,2,보성군,벼멸구(피해율),0.0
2023,6,16,2,보성군,벼멸구(발생면적율),0.0
2023,6,16,2,보성군,흰등멸구(발생추정면적),0.0
2023,6,16,2,보성군,흰등멸구(감수율),0.0
2023,6,16,2,보성군,흰등멸구(피해율),0.0
2023,6,16,2,보성군,흰등멸구(발생면적율),0.0
2023,6,16,2,보성군,벼물바구미(발생추정면적),0.0
2023,6,16,2,보성군,벼물바구미(감수율),0.0
2023,6,16,2,보성군,벼물바구미(피해율),0.0
2023,6,16,2,보성군,벼물바구미(발생면적율),0.0
2023,6,16,2,보성군,혹명나방(발생추정면적),0.0
2023,6,16,2,보성군,혹명나방(감수율),0.0
2023,6,16,2,보성군,혹명나방(피해율),0.0
2023,6,16,2,보성군,혹명나방(발생면적율),0.0
2023,6,16,2,보성군,멸강나방(발생추정면적),0.0
2023,6,16,2,보성군,멸강나방(감수율),0.0
2023,6,16,2,보성군,멸강나방(피해율),0.0
2023,6,16,2,보성군,멸강나방(발생면적율),0.0
2023,6,16,2,보성군,먹노린재(발생추정면적),0.0
2023,6,16,2,보성군,먹노린재(감수율),0.0
2023,6,16,2,보성군,먹노린재(피해율),0.0
2023,6,16,2,보성군,먹노린재(발생면적율),0.0
2023,6,16,2,보성군,이화명나방1화기(발생면적),0.0
2023,6,16,2,보성군,이화명나방1화기(감수율),0.0
2023,6,16,2,보성군,이화명나방1화기(피해율),0.0
2023,6,16,2,보성군,이화명나방1화기(발생면적률),0.0
2023,6,16,2,보성군,이화명나방2화기(발생면적),0.0
2023,6,16,2,보성군,이화명나방2화기(감수율),0.0
2023,6,16,2,보성군,이화명나방2화기(피해율),0.0
2023,6,16,2,보성군,이화명나방2화기(발생면적률),0.0
2023,6,16,2,순천시,잎도열병(발생추정면적),0.0
2023,6,16,2,순천시,잎도열병(감수율),0.0
2023,6,16,2,순천시,잎도열병(피해율),0.0
2023,6,16,2,순천시,잎도열병(발생면적율),0.0
2023,6,16,2,순천시,이삭도열병(발생추정면적),0.0
2023,6,16,2,순천시,이삭도열병(감수율),0.0
2023,6,16,2,순천시,이삭도열병(피해율),0.0
2023,6,16,2,순천시,이삭도열병(발생면적율),0.0
2023,6,16,2,순천시,잎집무늬마름병(발생추정면적),0.0
2023,6,16,2,순천시,잎집무늬마름병(감수율),0.0
2023,6,16,2,순천시,잎집무늬마름병(피해율),0.0
2023,6,16,2,순천시,잎집무늬마름병(발생면적율),0.0
2023,6,16,2,순천시,흰잎마름병(발생추정면적),0.0
2023,6,16,2,순천시,흰잎마름병(감수율),0.0
2023,6,16,2,순천시,흰잎마름병(피해율),0.0
2023,6,16,2,순천시,흰잎마름병(발생면적율),0.0
2023,6,16,2,순천시,세균벼알마름병(발생추정면적),0.0
2023,6,16,2,순천시,세균벼알마름병(감수율),0.0
2023,6,16,2,순천시,세균벼알마름병(피해율),0.0
2023,6,16,2,순천시,세균벼알마름병(발생면적율),0.0
2023,6,16,2,순천시,줄무늬잎마름병(발생면적),0.0
2023,6,16,2,순천시,줄무늬잎마름병(감수율),0.0
2023,6,16,2,순천시,줄무늬잎마름병(피해율),0.0
2023,6,16,2,순천시,줄무늬잎마름병(발생면적률),0.0
2023,6,16,2,순천시,벼검은줄오갈병(발생면적),0.0
2023,6,16,2,순천시,벼검은줄오갈병(감수율),0.0
2023,6,16,2,순천시,벼검은줄오갈병(피해율),0.0
2023,6,16,2,순천시,벼검은줄오갈병(발생면적률),0.0
2023,6,16,2,순천시,오갈병(발생면적),0.0
2023,6,16,2,순천시,오갈병(감수율),0.0
2023,6,16,2,순천시,오갈병(피해율),0.0
2023,6,16,2,순천시,오갈병(발생면적률),0.0
2023,6,16,2,순천시,이삭누룩병(발생추정면적),0.0
2023,6,16,2,순천시,이삭누룩병(감수율),0.0
2023,6,16,2,순천시,이삭누룩병(피해율),0.0
2023,6,16,2,순천시,이삭누룩병(발생면적율),0.0
2023,6,16,2,순천시,깨씨무늬병(발생추정면적),0.0
2023,6,16,2,순천시,깨씨무늬병(감수율),0.0
2023,6,16,2,순천시,깨씨무늬병(피해율),0.0
2023,6,16,2,순천시,깨씨무늬병(발생면적율),0.0
2023,6,16,2,순천시,벼잎벌레(발생추정면적),0.0
2023,6,16,2,순천시,벼잎벌레(감수율),0.0
2023,6,16,2,순천시,벼잎벌레(피해율),0.0
2023,6,16,2,순천시,벼잎벌레(발생면적율),0.0
2023,6,16,2,순천시,벼애잎굴파리(발생추정면적),0.0
2023,6,16,2,순천시,벼애잎굴파리(감수율),0.0
2023,6,16,2,순천시,벼애잎굴파리(피해율),0.0
2023,6,16,2,순천시,벼애잎굴파리(발생면적율),0.0
2023,6,16,2,순천시,벼줄기굴파리(발생추정면적),0.0
2023,6,16,2,순천시,벼줄기굴파리(감수율),0.0
2023,6,16,2,순천시,벼줄기굴파리(피해율),0.0
2023,6,16,2,순천시,벼줄기굴파리(발생면적율),0.0
2023,6,16,2,순천시,애멸구(발생추정면적),0.0
2023,6,16,2,순천시,애멸구(감수율),0.0
2023,6,16,2,순천시,애멸구(피해율),0.0
2023,6,16,2,순천시,애멸구(발생면적율),0.0
2023,6,16,2,순천시,끝동매미충(발생추정면적),0.0
2023,6,16,2,순천시,끝동매미충(감수율),0.0
2023,6,16,2,순천시,끝동매미충(피해율),0.0
2023,6,16,2,순천시,끝동매미충(발생면적율),0.0
2023,6,16,2,순천시,벼멸구(발생추정면적),0.0
2023,6,16,2,순천시,벼멸구(감수율),0.0
2023,6,16,2,순천시,벼멸구(피해율),0.0
2023,6,16,2,순천시,벼멸구(발생면적율),0.0
2023,6,16,2,순천시,흰등멸구(발생추정면적),0.0
2023,6,16,2,순천시,흰등멸구(감수율),0.0
2023,6,16,2,순천시,흰등멸구(피해율),0.0
2023,6,16,2,순천시,흰등멸구(발생면적율),0.0
2023,6,16,2,순천시,벼물바구미(발생추정면적),0.0
2023,6,16,2,순천시,벼물바구미(감수율),0.0
2023,6,16,2,순천시,벼물바구미(피해율),0.0
2023,6,16,2,순천시,벼물바구미(발생면적율),0.0
2023,6,16,2,순천시,혹명나방(발생추정면적),0.0
2023,6,16,2,순천시,혹명나방(감수율),0.0
2023,6,16,2,순천시,혹명나방(피해율),0.0
2023,6,16,2,순천시,혹명나방(발생면적율),0.0
2023,6,16,2,순천시,멸강나방(발생추정면적),0.0
2023,6,16,2,순천시,멸강나방(감수율),0.0
2023,6,16,2,순천시,멸강나방(피해율),0.0
2023,6,16,2,순천시,멸강나방(발생면적율),0.0
2023,6,16,2,순천시,먹노린재(발생추정면적),0.0
2023,6,16,2,순천시,먹노린재(감수율),0.0
2023,6,16,2,순천시,먹노린재(피해율),0.0
2023,6,16,2,순천시,먹노린재(발생면적율),0.0
2023,6,16,2,순천시,이화명나방1화기(발생면적),0.0
2023,6,16,2,순천시,이화명나방1화기(감수율),0.0
2023,6,16,2,순천시,이화명나방1화기(피해율),0.0
2023,6,16,2,순천시,이화명나방1화기(발생면적률),0.0
2023,6,16,2,순천시,이화명나방2화기(발생면적),0.0
2023,6,16,2,순천시,이화명나방2화기(감수율),0.0
2023,6,16,2,순천시,이화명나방2화기(피해율),0.0
2023,6,16,2,순천시,이화명나방2화기(발생면적률),0.0
2023,6,16,2,신안군,잎도열병(발생추정면적),0.0
2023,6,16,2,신안군,잎도열병(감수율),0.0
2023,6,16,2,신안군,잎도열병(피해율),0.0
2023,6,16,2,신안군,잎도열병(발생면적율),0.0
2023,6,16,2,신안군,이삭도열병(발생추정면적),0.0
2023,6,16,2,신안군,이삭도열병(감수율),0.0
2023,6,16,2,신안군,이삭도열병(피해율),0.0
2023,6,16,2,신안군,이삭도열병(발생면적율),0.0
2023,6,16,2,신안군,잎집무늬마름병(발생추정면적),0.0
2023,6,16,2,신안군,잎집무늬마름병(감수율),0.0
2023,6,16,2,신안군,잎집무늬마름병(피해율),0.0
2023,6,16,2,신안군,잎집무늬마름병(발생면적율),0.0
2023,6,16,2,신안군,흰잎마름병(발생추정면적),0.0
2023,6,16,2,신안군,흰잎마름병(감수율),0.0
2023,6,16,2,신안군,흰잎마름병(피해율),0.0
2023,6,16,2,신안군,흰잎마름병(발생면적율),0.0
2023,6,16,2,신안군,세균벼알마름병(발생추정면적),0.0
2023,6,16,2,신안군,세균벼알마름병(감수율),0.0
2023,6,16,2,신안군,세균벼알마름병(피해율),0.0
2023,6,16,2,신안군,세균벼알마름병(발생면적율),0.0
2023,6,16,2,신안군,줄무늬잎마름병(발생면적),0.0
2023,6,16,2,신안군,줄무늬잎마름병(감수율),0.0
2023,6,16,2,신안군,줄무늬잎마름병(피해율),0.0
2023,6,16,2,신안군,줄무늬잎마름병(발생면적률),0.0
2023,6,16,2,신안군,벼검은줄오갈병(발생면적),0.0
2023,6,16,2,신안군,벼검은줄오갈병(감수율),0.0
2023,6,16,2,신안군,벼검은줄오갈병(피해율),0.0
2023,6,16,2,신안군,벼검은줄오갈병(발생면적률),0.0
2023,6,16,2,신안군,오갈병(발생면적),0.0
2023,6,16,2,신안군,오갈병(감수율),0.0
2023,6,16,2,신안군,오갈병(피해율),0.0
2023,6,16,2,신안군,오갈병(발생면적률),0.0
2023,6,16,2,신안군,이삭누룩병(발생추정면적),0.0
2023,6,16,2,신안군,이삭누룩병(감수율),0.0
2023,6,16,2,신안군,이삭누룩병(피해율),0.0
2023,6,16,2,신안군,이삭누룩병(발생면적율),0.0
2023,6,16,2,신안군,깨씨무늬병(발생추정면적),0.0
2023,6,16,2,신안군,깨씨무늬병(감수율),0.0
2023,6,16,2,신안군,깨씨무늬병(피해율),0.0
2023,6,16,2,신안군,깨씨무늬병(발생면적율),0.0
2023,6,16,2,신안군,벼잎벌레(발생추정면적),0.0
2023,6,16,2,신안군,벼잎벌레(감수율),0.0
2023,6,16,2,신안군,벼잎벌레(피해율),0.0
2023,6,16,2,신안군,벼잎벌레(발생면적율),0.0
2023,6,16,2,신안군,벼애잎굴파리(발생추정면적),0.0
2023,6,16,2,신안군,벼애잎굴파리(감수율),0.0
2023,6,16,2,신안군,벼애잎굴파리(피해율),0.0
2023,6,16,2,신안군,벼애잎굴파리(발생면적율),0.0
2023,6,16,2,신안군,벼줄기굴파리(발생추정면적),0.0
2023,6,16,2,신안군,벼줄기굴파리(감수율),0.0
2023,6,16,2,신안군,벼줄기굴파리(피해율),0.0
2023,6,16,2,신안군,벼줄기굴파리(발생면적율),0.0
2023,6,16,2,신안군,애멸구(발생추정면적),0.0
2023,6,16,2,신안군,애멸구(감수율),0.0
2023,6,16,2,신안군,애멸구(피해율),0.0
2023,6,16,2,신안군,애멸구(발생면적율),0.0
2023,6,16,2,신안군,끝동매미충(발생추정면적),0.0
2023,6,16,2,신안군,끝동매미충(감수율),0.0
2023,6,16,2,신안군,끝동매미충(피해율),0.0
2023,6,16,2,신안군,끝동매미충(발생면적율),0.0
2023,6,16,2,신안군,벼멸구(발생추정면적),0.0
2023,6,16,2,신안군,벼멸구(감수율),0.0
2023,6,16,2,신안군,벼멸구(피해율),0.0
2023,6,16,2,신안군,벼멸구(발생면적율),0.0
2023,6,16,2,신안군,흰등멸구(발생추정면적),0.0
2023,6,16,2,신안군,흰등멸구(감수율),0.0
2023,6,16,2,신안군,흰등멸구(피해율),0.0
2023,6,16,2,신안군,흰등멸구(발생면적율),0.0
2023,6,16,2,신안군,벼물바구미(발생추정면적),0.0
2023,6,16,2,신안군,벼물바구미(감수율),0.0
2023,6,16,2,신안군,벼물바구미(피해율),0.0
2023,6,16,2,신안군,벼물바구미(발생면적율),0.0
2023,6,16,2,신안군,혹명나방(발생추정면적),0.0
2023,6,16,2,신안군,혹명나방(감수율),0.0
2023,6,16,2,신안군,혹명나방(피해율),0.0
2023,6,16,2,신안군,혹명나방(발생면적율),0.0
2023,6,16,2,신안군,멸강나방(발생추정면적),0.0
2023,6,16,2,신안군,멸강나방(감수율),0.0
2023,6,16,2,신안군,멸강나방(피해율),0.0
2023,6,16,2,신안군,멸강나방(발생면적율),0.0
2023,6,16,2,신안군,먹노린재(발생추정면적),0.0
2023,6,16,2,신안군,먹노린재(감수율),0.0
2023,6,16,2,신안군,먹노린재(피해율),0.0
2023,6,16,2,신안군,먹노린재(발생면적율),0.0
2023,6,16,2,신안군,이화명나방1화기(발생면적),0.0
2023,6,16,2,신안군,이화명나방1화기(감수율),0.0
2023,6,16,2,신안군,이화명나방1화기(피해율),0.0
2023,6,16,2,신안군,이화명나방1화기(발생면적률),0.0
2023,6,16,2,신안군,이화명나방2화기(발생면적),0.0
2023,6,16,2,신안군,이화명나방2화기(감수율),0.0
2023,6,16,2,신안군,이화명나방2화기(피해율),0.0
2023,6,16,2,신안군,이화명나방2화기(발생면적률),0.0
2023,6,16,2,여수시,잎도열병(발생추정면적),0.0
2023,6,16,2,여수시,잎도열병(감수율),0.0
2023,6,16,2,여수시,잎도열병(피해율),0.0
2023,6,16,2,여수시,잎도열병(발생면적율),0.0
2023,6,16,2,여수시,이삭도열병(발생추정면적),0.0
2023,6,16,2,여수시,이삭도열병(감수율),0.0
2023,6,16,2,여수시,이삭도열병(피해율),0.0
2023,6,16,2,여수시,이삭도열병(발생면적율),0.0
2023,6,16,2,여수시,잎집무늬마름병(발생추정면적),0.0
2023,6,16,2,여수시,잎집무늬마름병(감수율),0.0
2023,6,16,2,여수시,잎집무늬마름병(피해율),0.0
2023,6,16,2,여수시,잎집무늬마름병(발생면적율),0.0
2023,6,16,2,여수시,흰잎마름병(발생추정면적),0.0
2023,6,16,2,여수시,흰잎마름병(감수율),0.0
2023,6,16,2,여수시,흰잎마름병(피해율),0.0
2023,6,16,2,여수시,흰잎마름병(발생면적율),0.0
2023,6,16,2,여수시,세균벼알마름병(발생추정면적),0.0
2023,6,16,2,여수시,세균벼알마름병(감수율),0.0
2023,6,16,2,여수시,세균벼알마름병(피해율),0.0
2023,6,16,2,여수시,세균벼알마름병(발생면적율),0.0
2023,6,16,2,여수시,줄무늬잎마름병(발생면적),0.0
2023,6,16,2,여수시,줄무늬잎마름병(감수율),0.0
2023,6,16,2,여수시,줄무늬잎마름병(피해율),0.0
2023,6,16,2,여수시,줄무늬잎마름병(발생면적률),0.0
2023,6,16,2,여수시,벼검은줄오갈병(발생면적),0.0
2023,6,16,2,여수시,벼검은줄오갈병(감수율),0.0
2023,6,16,2,여수시,벼검은줄오갈병(피해율),0.0
2023,6,16,2,여수시,벼검은줄오갈병(발생면적률),0.0
2023,6,16,2,여수시,오갈병(발생면적),0.0
2023,6,16,2,여수시,오갈병(감수율),0.0
2023,6,16,2,여수시,오갈병(피해율),0.0
2023,6,16,2,여수시,오갈병(발생면적률),0.0
2023,6,16,2,여수시,이삭누룩병(발생추정면적),0.0
2023,6,16,2,여수시,이삭누룩병(감수율),0.0
2023,6,16,2,여수시,이삭누룩병(피해율),0.0
2023,6,16,2,여수시,이삭누룩병(발생면적율),0.0
2023,6,16,2,여수시,깨씨무늬병(발생추정면적),0.0
2023,6,16,2,여수시,깨씨무늬병(감수율),0.0
2023,6,16,2,여수시,깨씨무늬병(피해율),0.0
2023,6,16,2,여수시,깨씨무늬병(발생면적율),0.0
2023,6,16,2,여수시,벼잎벌레(발생추정면적),0.0
2023,6,16,2,여수시,벼잎벌레(감수율),0.0
2023,6,16,2,여수시,벼잎벌레(피해율),0.0
2023,6,16,2,여수시,벼잎벌레(발생면적율),0.0
2023,6,16,2,여수시,벼애잎굴파리(발생추정면적),0.0
2023,6,16,2,여수시,벼애잎굴파리(감수율),0.0
2023,6,16,2,여수시,벼애잎굴파리(피해율),0.0
2023,6,16,2,여수시,벼애잎굴파리(발생면적율),0.0
2023,6,16,2,여수시,벼줄기굴파리(발생추정면적),0.0
2023,6,16,2,여수시,벼줄기굴파리(감수율),0.0
2023,6,16,2,여수시,벼줄기굴파리(피해율),0.0
2023,6,16,2,여수시,벼줄기굴파리(발생면적율),0.0
2023,6,16,2,여수시,애멸구(발생추정면적),0.0
2023,6,16,2,여수시,애멸구(감수율),0.0
2023,6,16,2,여수시,애멸구(피해율),0.0
2023,6,16,2,여수시,애멸구(발생면적율),0.0
2023,6,16,2,여수시,끝동매미충(발생추정면적),0.0
2023,6,16,2,여수시,끝동매미충(감수율),0.0
2023,6,16,2,여수시,끝동매미충(피해율),0.0
2023,6,16,2,여수시,끝동매미충(발생면적율),0.0
2023,6,16,2,여수시,벼멸구(발생추정면적),0.0
2023,6,16,2,여수시,벼멸구(감수율),0.0
2023,6,16,2,여수시,벼멸구(피해율),0.0
2023,6,16,2,여수시,벼멸구(발생면적율),0.0
2023,6,16,2,여수시,흰등멸구(발생추정면적),0.0
2023,6,16,2,여수시,흰등멸구(감수율),0.0
2023,6,16,2,여수시,흰등멸구(피해율),0.0
2023,6,16,2,여수시,흰등멸구(발생면적율),0.0
2023,6,16,2,여수시,벼물바구미(발생추정면적),25.277
2023,6,16,2,여수시,벼물바구미(감수율),0.011
2023,6,16,2,여수시,벼물바구미(피해율),0.043
2023,6,16,2,여수시,벼물바구미(발생면적율),1.337
2023,6,16,2,여수시,혹명나방(발생추정면적),0.0
2023,6,16,2,여수시,혹명나방(감수율),0.0
2023,6,16,2,여수시,혹명나방(피해율),0.0
2023,6,16,2,여수시,혹명나방(발생면적율),0.0
2023,6,16,2,여수시,멸강나방(발생추정면적),0.0
2023,6,16,2,여수시,멸강나방(감수율),0.0
2023,6,16,2,여수시,멸강나방(피해율),0.0
2023,6,16,2,여수시,멸강나방(발생면적율),0.0
2023,6,16,2,여수시,먹노린재(발생추정면적),0.0
2023,6,16,2,여수시,먹노린재(감수율),0.0
2023,6,16,2,여수시,먹노린재(피해율),0.0
2023,6,16,2,여수시,먹노린재(발생면적율),0.0
2023,6,16,2,여수시,이화명나방1화기(발생면적),0.0
2023,6,16,2,여수시,이화명나방1화기(감수율),0.0
2023,6,16,2,여수시,이화명나방1화기(피해율),0.0
2023,6,16,2,여수시,이화명나방1화기(발생면적률),0.0
2023,6,16,2,여수시,이화명나방2화기(발생면적),0.0
2023,6,16,2,여수시,이화명나방2화기(감수율),0.0
2023,6,16,2,여수시,이화명나방2화기(피해율),0.0
2023,6,16,2,여수시,이화명나방2화기(발생면적률),0.0
2023,6,16,2,영광군,잎도열병(발생추정면적),0.0
2023,6,16,2,영광군,잎도열병(감수율),0.0
2023,6,16,2,영광군,잎도열병(피해율),0.0
2023,6,16,2,영광군,잎도열병(발생면적율),0.0
2023,6,16,2,영광군,이삭도열병(발생추정면적),0.0
2023,6,16,2,영광군,이삭도열병(감수율),0.0
2023,6,16,2,영광군,이삭도열병(피해율),0.0
2023,6,16,2,영광군,이삭도열병(발생면적율),0.0
2023,6,16,2,영광군,잎집무늬마름병(발생추정면적),0.0
2023,6,16,2,영광군,잎집무늬마름병(감수율),0.0
2023,6,16,2,영광군,잎집무늬마름병(피해율),0.0
2023,6,16,2,영광군,잎집무늬마름병(발생면적율),0.0
2023,6,16,2,영광군,흰잎마름병(발생추정면적),0.0
2023,6,16,2,영광군,흰잎마름병(감수율),0.0
2023,6,16,2,영광군,흰잎마름병(피해율),0.0
2023,6,16,2,영광군,흰잎마름병(발생면적율),0.0
2023,6,16,2,영광군,세균벼알마름병(발생추정면적),0.0
2023,6,16,2,영광군,세균벼알마름병(감수율),0.0
2023,6,16,2,영광군,세균벼알마름병(피해율),0.0
2023,6,16,2,영광군,세균벼알마름병(발생면적율),0.0
2023,6,16,2,영광군,줄무늬잎마름병(발생면적),0.0
2023,6,16,2,영광군,줄무늬잎마름병(감수율),0.0
2023,6,16,2,영광군,줄무늬잎마름병(피해율),0.0
2023,6,16,2,영광군,줄무늬잎마름병(발생면적률),0.0
2023,6,16,2,영광군,벼검은줄오갈병(발생면적),0.0
2023,6,16,2,영광군,벼검은줄오갈병(감수율),0.0
2023,6,16,2,영광군,벼검은줄오갈병(피해율),0.0
2023,6,16,2,영광군,벼검은줄오갈병(발생면적률),0.0
2023,6,16,2,영광군,오갈병(발생면적),0.0
2023,6,16,2,영광군,오갈병(감수율),0.0
2023,6,16,2,영광군,오갈병(피해율),0.0
2023,6,16,2,영광군,오갈병(발생면적률),0.0
2023,6,16,2,영광군,이삭누룩병(발생추정면적),0.0
2023,6,16,2,영광군,이삭누룩병(감수율),0.0
2023,6,16,2,영광군,이삭누룩병(피해율),0.0
2023,6,16,2,영광군,이삭누룩병(발생면적율),0.0
2023,6,16,2,영광군,깨씨무늬병(발생추정면적),0.0
2023,6,16,2,영광군,깨씨무늬병(감수율),0.0
2023,6,16,2,영광군,깨씨무늬병(피해율),0.0
2023,6,16,2,영광군,깨씨무늬병(발생면적율),0.0
2023,6,16,2,영광군,벼잎벌레(발생추정면적),0.0
2023,6,16,2,영광군,벼잎벌레(감수율),0.0
2023,6,16,2,영광군,벼잎벌레(피해율),0.0
2023,6,16,2,영광군,벼잎벌레(발생면적율),0.0
2023,6,16,2,영광군,벼애잎굴파리(발생추정면적),0.0
2023,6,16,2,영광군,벼애잎굴파리(감수율),0.0
2023,6,16,2,영광군,벼애잎굴파리(피해율),0.0
2023,6,16,2,영광군,벼애잎굴파리(발생면적율),0.0
2023,6,16,2,영광군,벼줄기굴파리(발생추정면적),0.0
2023,6,16,2,영광군,벼줄기굴파리(감수율),0.0
2023,6,16,2,영광군,벼줄기굴파리(피해율),0.0
2023,6,16,2,영광군,벼줄기굴파리(발생면적율),0.0
2023,6,16,2,영광군,애멸구(발생추정면적),0.0
2023,6,16,2,영광군,애멸구(감수율),0.0
2023,6,16,2,영광군,애멸구(피해율),0.0
2023,6,16,2,영광군,애멸구(발생면적율),0.0
2023,6,16,2,영광군,끝동매미충(발생추정면적),0.0
2023,6,16,2,영광군,끝동매미충(감수율),0.0
2023,6,16,2,영광군,끝동매미충(피해율),0.0
2023,6,16,2,영광군,끝동매미충(발생면적율),0.0
2023,6,16,2,영광군,벼멸구(발생추정면적),0.0
2023,6,16,2,영광군,벼멸구(감수율),0.0
2023,6,16,2,영광군,벼멸구(피해율),0.0
2023,6,16,2,영광군,벼멸구(발생면적율),0.0
2023,6,16,2,영광군,흰등멸구(발생추정면적),0.0
2023,6,16,2,영광군,흰등멸구(감수율),0.0
2023,6,16,2,영광군,흰등멸구(피해율),0.0
2023,6,16,2,영광군,흰등멸구(발생면적율),0.0
2023,6,16,2,영광군,벼물바구미(발생추정면적),0.0
2023,6,16,2,영광군,벼물바구미(감수율),0.0
2023,6,16,2,영광군,벼물바구미(피해율),0.0
2023,6,16,2,영광군,벼물바구미(발생면적율),0.0
2023,6,16,2,영광군,혹명나방(발생추정면적),0.0
2023,6,16,2,영광군,혹명나방(감수율),0.0
2023,6,16,2,영광군,혹명나방(피해율),0.0
2023,6,16,2,영광군,혹명나방(발생면적율),0.0
2023,6,16,2,영광군,멸강나방(발생추정면적),0.0
2023,6,16,2,영광군,멸강나방(감수율),0.0
2023,6,16,2,영광군,멸강나방(피해율),0.0
2023,6,16,2,영광군,멸강나방(발생면적율),0.0
2023,6,16,2,영광군,먹노린재(발생추정면적),0.0
2023,6,16,2,영광군,먹노린재(감수율),0.0
2023,6,16,2,영광군,먹노린재(피해율),0.0
2023,6,16,2,영광군,먹노린재(발생면적율),0.0
2023,6,16,2,영광군,이화명나방1화기(발생면적),0.0
2023,6,16,2,영광군,이화명나방1화기(감수율),0.0
2023,6,16,2,영광군,이화명나방1화기(피해율),0.0
2023,6,16,2,영광군,이화명나방1화기(발생면적률),0.0
2023,6,16,2,영광군,이화명나방2화기(발생면적),0.0
2023,6,16,2,영광군,이화명나방2화기(감수율),0.0
2023,6,16,2,영광군,이화명나방2화기(피해율),0.0
2023,6,16,2,영광군,이화명나방2화기(발생면적률),0.0
2023,6,16,2,영암군,잎도열병(발생추정면적),0.0
2023,6,16,2,영암군,잎도열병(감수율),0.0
2023,6,16,2,영암군,잎도열병(피해율),0.0
2023,6,16,2,영암군,잎도열병(발생면적율),0.0
2023,6,16,2,영암군,이삭도열병(발생추정면적),0.0
2023,6,16,2,영암군,이삭도열병(감수율),0.0
2023,6,16,2,영암군,이삭도열병(피해율),0.0
2023,6,16,2,영암군,이삭도열병(발생면적율),0.0
2023,6,16,2,영암군,잎집무늬마름병(발생추정면적),0.0
2023,6,16,2,영암군,잎집무늬마름병(감수율),0.0
2023,6,16,2,영암군,잎집무늬마름병(피해율),0.0
2023,6,16,2,영암군,잎집무늬마름병(발생면적율),0.0
2023,6,16,2,영암군,흰잎마름병(발생추정면적),0.0
2023,6,16,2,영암군,흰잎마름병(감수율),0.0
2023,6,16,2,영암군,흰잎마름병(피해율),0.0
2023,6,16,2,영암군,흰잎마름병(발생면적율),0.0
2023,6,16,2,영암군,세균벼알마름병(발생추정면적),0.0
2023,6,16,2,영암군,세균벼알마름병(감수율),0.0
2023,6,16,2,영암군,세균벼알마름병(피해율),0.0
2023,6,16,2,영암군,세균벼알마름병(발생면적율),0.0
2023,6,16,2,영암군,줄무늬잎마름병(발생면적),0.0
2023,6,16,2,영암군,줄무늬잎마름병(감수율),0.0
2023,6,16,2,영암군,줄무늬잎마름병(피해율),0.0
2023,6,16,2,영암군,줄무늬잎마름병(발생면적률),0.0
2023,6,16,2,영암군,벼검은줄오갈병(발생면적),0.0
2023,6,16,2,영암군,벼검은줄오갈병(감수율),0.0
2023,6,16,2,영암군,벼검은줄오갈병(피해율),0.0
2023,6,16,2,영암군,벼검은줄오갈병(발생면적률),0.0
2023,6,16,2,영암군,오갈병(발생면적),0.0
2023,6,16,2,영암군,오갈병(감수율),0.0
2023,6,16,2,영암군,오갈병(피해율),0.0
2023,6,16,2,영암군,오갈병(발생면적률),0.0
2023,6,16,2,영암군,이삭누룩병(발생추정면적),0.0
2023,6,16,2,영암군,이삭누룩병(감수율),0.0
2023,6,16,2,영암군,이삭누룩병(피해율),0.0
2023,6,16,2,영암군,이삭누룩병(발생면적율),0.0
2023,6,16,2,영암군,깨씨무늬병(발생추정면적),0.0
2023,6,16,2,영암군,깨씨무늬병(감수율),0.0
2023,6,16,2,영암군,깨씨무늬병(피해율),0.0
2023,6,16,2,영암군,깨씨무늬병(발생면적율),0.0
2023,6,16,2,영암군,벼잎벌레(발생추정면적),0.0
2023,6,16,2,영암군,벼잎벌레(감수율),0.0
2023,6,16,2,영암군,벼잎벌레(피해율),0.0
2023,6,16,2,영암군,벼잎벌레(발생면적율),0.0
2023,6,16,2,영암군,벼애잎굴파리(발생추정면적),0.0
2023,6,16,2,영암군,벼애잎굴파리(감수율),0.0
2023,6,16,2,영암군,벼애잎굴파리(피해율),0.0
2023,6,16,2,영암군,벼애잎굴파리(발생면적율),0.0
2023,6,16,2,영암군,벼줄기굴파리(발생추정면적),0.0
2023,6,16,2,영암군,벼줄기굴파리(감수율),0.0
2023,6,16,2,영암군,벼줄기굴파리(피해율),0.0
2023,6,16,2,영암군,벼줄기굴파리(발생면적율),0.0
2023,6,16,2,영암군,애멸구(발생추정면적),0.0
2023,6,16,2,영암군,애멸구(감수율),0.0
2023,6,16,2,영암군,애멸구(피해율),0.0
2023,6,16,2,영암군,애멸구(발생면적율),0.0
2023,6,16,2,영암군,끝동매미충(발생추정면적),0.0
2023,6,16,2,영암군,끝동매미충(감수율),0.0
2023,6,16,2,영암군,끝동매미충(피해율),0.0
2023,6,16,2,영암군,끝동매미충(발생면적율),0.0
2023,6,16,2,영암군,벼멸구(발생추정면적),0.0
2023,6,16,2,영암군,벼멸구(감수율),0.0
2023,6,16,2,영암군,벼멸구(피해율),0.0
2023,6,16,2,영암군,벼멸구(발생면적율),0.0
2023,6,16,2,영암군,흰등멸구(발생추정면적),0.0
2023,6,16,2,영암군,흰등멸구(감수율),0.0
2023,6,16,2,영암군,흰등멸구(피해율),0.0
2023,6,16,2,영암군,흰등멸구(발생면적율),0.0
2023,6,16,2,영암군,벼물바구미(발생추정면적),2.745
2023,6,16,2,영암군,벼물바구미(감수율),0.0
2023,6,16,2,영암군,벼물바구미(피해율),0.001
2023,6,16,2,영암군,벼물바구미(발생면적율),0.019
2023,6,16,2,영암군,혹명나방(발생추정면적),0.0
2023,6,16,2,영암군,혹명나방(감수율),0.0
2023,6,16,2,영암군,혹명나방(피해율),0.0
2023,6,16,2,영암군,혹명나방(발생면적율),0.0
2023,6,16,2,영암군,멸강나방(발생추정면적),0.0
2023,6,16,2,영암군,멸강나방(감수율),0.0
2023,6,16,2,영암군,멸강나방(피해율),0.0
2023,6,16,2,영암군,멸강나방(발생면적율),0.0
2023,6,16,2,영암군,먹노린재(발생추정면적),1.83
2023,6,16,2,영암군,먹노린재(감수율),0.0
2023,6,16,2,영암군,먹노린재(피해율),0.001
2023,6,16,2,영암군,먹노린재(발생면적율),0.013
2023,6,16,2,영암군,이화명나방1화기(발생면적),0.0
2023,6,16,2,영암군,이화명나방1화기(감수율),0.0
2023,6,16,2,영암군,이화명나방1화기(피해율),0.0
2023,6,16,2,영암군,이화명나방1화기(발생면적률),0.0
2023,6,16,2,영암군,이화명나방2화기(발생면적),0.0
2023,6,16,2,영암군,이화명나방2화기(감수율),0.0
2023,6,16,2,영암군,이화명나방2화기(피해율),0.0
2023,6,16,2,영암군,이화명나방2화기(발생면적률),0.0
2023,6,16,2,완도군,잎도열병(발생추정면적),0.0
2023,6,16,2,완도군,잎도열병(감수율),0.0
2023,6,16,2,완도군,잎도열병(피해율),0.0
2023,6,16,2,완도군,잎도열병(발생면적율),0.0
2023,6,16,2,완도군,이삭도열병(발생추정면적),0.0
2023,6,16,2,완도군,이삭도열병(감수율),0.0
2023,6,16,2,완도군,이삭도열병(피해율),0.0
2023,6,16,2,완도군,이삭도열병(발생면적율),0.0
2023,6,16,2,완도군,잎집무늬마름병(발생추정면적),0.0
2023,6,16,2,완도군,잎집무늬마름병(감수율),0.0
2023,6,16,2,완도군,잎집무늬마름병(피해율),0.0
2023,6,16,2,완도군,잎집무늬마름병(발생면적율),0.0
2023,6,16,2,완도군,흰잎마름병(발생추정면적),0.0
2023,6,16,2,완도군,흰잎마름병(감수율),0.0
2023,6,16,2,완도군,흰잎마름병(피해율),0.0
2023,6,16,2,완도군,흰잎마름병(발생면적율),0.0
2023,6,16,2,완도군,세균벼알마름병(발생추정면적),0.0
2023,6,16,2,완도군,세균벼알마름병(감수율),0.0
2023,6,16,2,완도군,세균벼알마름병(피해율),0.0
2023,6,16,2,완도군,세균벼알마름병(발생면적율),0.0
2023,6,16,2,완도군,줄무늬잎마름병(발생면적),0.0
2023,6,16,2,완도군,줄무늬잎마름병(감수율),0.0
2023,6,16,2,완도군,줄무늬잎마름병(피해율),0.0
2023,6,16,2,완도군,줄무늬잎마름병(발생면적률),0.0
2023,6,16,2,완도군,벼검은줄오갈병(발생면적),0.0
2023,6,16,2,완도군,벼검은줄오갈병(감수율),0.0
2023,6,16,2,완도군,벼검은줄오갈병(피해율),0.0
2023,6,16,2,완도군,벼검은줄오갈병(발생면적률),0.0
2023,6,16,2,완도군,오갈병(발생면적),0.0
2023,6,16,2,완도군,오갈병(감수율),0.0
2023,6,16,2,완도군,오갈병(피해율),0.0
2023,6,16,2,완도군,오갈병(발생면적률),0.0
2023,6,16,2,완도군,이삭누룩병(발생추정면적),0.0
2023,6,16,2,완도군,이삭누룩병(감수율),0.0
2023,6,16,2,완도군,이삭누룩병(피해율),0.0
2023,6,16,2,완도군,이삭누룩병(발생면적율),0.0
2023,6,16,2,완도군,깨씨무늬병(발생추정면적),0.0
2023,6,16,2,완도군,깨씨무늬병(감수율),0.0
2023,6,16,2,완도군,깨씨무늬병(피해율),0.0
2023,6,16,2,완도군,깨씨무늬병(발생면적율),0.0
2023,6,16,2,완도군,벼잎벌레(발생추정면적),0.0
2023,6,16,2,완도군,벼잎벌레(감수율),0.0
2023,6,16,2,완도군,벼잎벌레(피해율),0.0
2023,6,16,2,완도군,벼잎벌레(발생면적율),0.0
2023,6,16,2,완도군,벼애잎굴파리(발생추정면적),0.0
2023,6,16,2,완도군,벼애잎굴파리(감수율),0.0
2023,6,16,2,완도군,벼애잎굴파리(피해율),0.0
2023,6,16,2,완도군,벼애잎굴파리(발생면적율),0.0
2023,6,16,2,완도군,벼줄기굴파리(발생추정면적),0.0
2023,6,16,2,완도군,벼줄기굴파리(감수율),0.0
2023,6,16,2,완도군,벼줄기굴파리(피해율),0.0
2023,6,16,2,완도군,벼줄기굴파리(발생면적율),0.0
2023,6,16,2,완도군,애멸구(발생추정면적),0.0
2023,6,16,2,완도군,애멸구(감수율),0.0
2023,6,16,2,완도군,애멸구(피해율),0.0
2023,6,16,2,완도군,애멸구(발생면적율),0.0
2023,6,16,2,완도군,끝동매미충(발생추정면적),0.0
2023,6,16,2,완도군,끝동매미충(감수율),0.0
2023,6,16,2,완도군,끝동매미충(피해율),0.0
2023,6,16,2,완도군,끝동매미충(발생면적율),0.0
2023,6,16,2,완도군,벼멸구(발생추정면적),0.0
2023,6,16,2,완도군,벼멸구(감수율),0.0
2023,6,16,2,완도군,벼멸구(피해율),0.0
2023,6,16,2,완도군,벼멸구(발생면적율),0.0
2023,6,16,2,완도군,흰등멸구(발생추정면적),0.0
2023,6,16,2,완도군,흰등멸구(감수율),0.0
2023,6,16,2,완도군,흰등멸구(피해율),0.0
2023,6,16,2,완도군,흰등멸구(발생면적율),0.0
2023,6,16,2,완도군,벼물바구미(발생추정면적),0.0
2023,6,16,2,완도군,벼물바구미(감수율),0.0
2023,6,16,2,완도군,벼물바구미(피해율),0.0
2023,6,16,2,완도군,벼물바구미(발생면적율),0.0
2023,6,16,2,완도군,혹명나방(발생추정면적),0.0
2023,6,16,2,완도군,혹명나방(감수율),0.0
2023,6,16,2,완도군,혹명나방(피해율),0.0
2023,6,16,2,완도군,혹명나방(발생면적율),0.0
2023,6,16,2,완도군,멸강나방(발생추정면적),0.0
2023,6,16,2,완도군,멸강나방(감수율),0.0
2023,6,16,2,완도군,멸강나방(피해율),0.0
2023,6,16,2,완도군,멸강나방(발생면적율),0.0
2023,6,16,2,완도군,먹노린재(발생추정면적),0.0
2023,6,16,2,완도군,먹노린재(감수율),0.0
2023,6,16,2,완도군,먹노린재(피해율),0.0
2023,6,16,2,완도군,먹노린재(발생면적율),0.0
2023,6,16,2,완도군,이화명나방1화기(발생면적),0.0
2023,6,16,2,완도군,이화명나방1화기(감수율),0.0
2023,6,16,2,완도군,이화명나방1화기(피해율),0.0
2023,6,16,2,완도군,이화명나방1화기(발생면적률),0.0
2023,6,16,2,완도군,이화명나방2화기(발생면적),0.0
2023,6,16,2,완도군,이화명나방2화기(감수율),0.0
2023,6,16,2,완도군,이화명나방2화기(피해율),0.0
2023,6,16,2,완도군,이화명나방2화기(발생면적률),0.0
2023,6,16,2,장성군,잎도열병(발생추정면적),0.0
2023,6,16,2,장성군,잎도열병(감수율),0.0
2023,6,16,2,장성군,잎도열병(피해율),0.0
2023,6,16,2,장성군,잎도열병(발생면적율),0.0
2023,6,16,2,장성군,이삭도열병(발생추정면적),0.0
2023,6,16,2,장성군,이삭도열병(감수율),0.0
2023,6,16,2,장성군,이삭도열병(피해율),0.0
2023,6,16,2,장성군,이삭도열병(발생면적율),0.0
2023,6,16,2,장성군,잎집무늬마름병(발생추정면적),0.0
2023,6,16,2,장성군,잎집무늬마름병(감수율),0.0
2023,6,16,2,장성군,잎집무늬마름병(피해율),0.0
2023,6,16,2,장성군,잎집무늬마름병(발생면적율),0.0
2023,6,16,2,장성군,흰잎마름병(발생추정면적),0.0
2023,6,16,2,장성군,흰잎마름병(감수율),0.0
2023,6,16,2,장성군,흰잎마름병(피해율),0.0
2023,6,16,2,장성군,흰잎마름병(발생면적율),0.0
2023,6,16,2,장성군,세균벼알마름병(발생추정면적),0.0
2023,6,16,2,장성군,세균벼알마름병(감수율),0.0
2023,6,16,2,장성군,세균벼알마름병(피해율),0.0
2023,6,16,2,장성군,세균벼알마름병(발생면적율),0.0
2023,6,16,2,장성군,줄무늬잎마름병(발생면적),1.625
2023,6,16,2,장성군,줄무늬잎마름병(감수율),0.001
2023,6,16,2,장성군,줄무늬잎마름병(피해율),0.001
2023,6,16,2,장성군,줄무늬잎마름병(발생면적률),0.038
2023,6,16,2,장성군,벼검은줄오갈병(발생면적),0.0
2023,6,16,2,장성군,벼검은줄오갈병(감수율),0.0
2023,6,16,2,장성군,벼검은줄오갈병(피해율),0.0
2023,6,16,2,장성군,벼검은줄오갈병(발생면적률),0.0
2023,6,16,2,장성군,오갈병(발생면적),0.0
2023,6,16,2,장성군,오갈병(감수율),0.0
2023,6,16,2,장성군,오갈병(피해율),0.0
2023,6,16,2,장성군,오갈병(발생면적률),0.0
2023,6,16,2,장성군,이삭누룩병(발생추정면적),0.0
2023,6,16,2,장성군,이삭누룩병(감수율),0.0
2023,6,16,2,장성군,이삭누룩병(피해율),0.0
2023,6,16,2,장성군,이삭누룩병(발생면적율),0.0
2023,6,16,2,장성군,깨씨무늬병(발생추정면적),0.0
2023,6,16,2,장성군,깨씨무늬병(감수율),0.0
2023,6,16,2,장성군,깨씨무늬병(피해율),0.0
2023,6,16,2,장성군,깨씨무늬병(발생면적율),0.0
2023,6,16,2,장성군,벼잎벌레(발생추정면적),0.0
2023,6,16,2,장성군,벼잎벌레(감수율),0.0
2023,6,16,2,장성군,벼잎벌레(피해율),0.0
2023,6,16,2,장성군,벼잎벌레(발생면적율),0.0
2023,6,16,2,장성군,벼애잎굴파리(발생추정면적),0.812
2023,6,16,2,장성군,벼애잎굴파리(감수율),0.0
2023,6,16,2,장성군,벼애잎굴파리(피해율),0.001
2023,6,16,2,장성군,벼애잎굴파리(발생면적율),0.019
2023,6,16,2,장성군,벼줄기굴파리(발생추정면적),0.406
2023,6,16,2,장성군,벼줄기굴파리(감수율),0.0
2023,6,16,2,장성군,벼줄기굴파리(피해율),0.001
2023,6,16,2,장성군,벼줄기굴파리(발생면적율),0.01
2023,6,16,2,장성군,애멸구(발생추정면적),1.219
2023,6,16,2,장성군,애멸구(감수율),0.001
2023,6,16,2,장성군,애멸구(피해율),0.003
2023,6,16,2,장성군,애멸구(발생면적율),0.029
2023,6,16,2,장성군,끝동매미충(발생추정면적),0.0
2023,6,16,2,장성군,끝동매미충(감수율),0.0
2023,6,16,2,장성군,끝동매미충(피해율),0.0
2023,6,16,2,장성군,끝동매미충(발생면적율),0.0
2023,6,16,2,장성군,벼멸구(발생추정면적),0.0
2023,6,16,2,장성군,벼멸구(감수율),0.0
2023,6,16,2,장성군,벼멸구(피해율),0.0
2023,6,16,2,장성군,벼멸구(발생면적율),0.0
2023,6,16,2,장성군,흰등멸구(발생추정면적),0.0
2023,6,16,2,장성군,흰등멸구(감수율),0.0
2023,6,16,2,장성군,흰등멸구(피해율),0.0
2023,6,16,2,장성군,흰등멸구(발생면적율),0.0
2023,6,16,2,장성군,벼물바구미(발생추정면적),3.249
2023,6,16,2,장성군,벼물바구미(감수율),0.001
2023,6,16,2,장성군,벼물바구미(피해율),0.003
2023,6,16,2,장성군,벼물바구미(발생면적율),0.077
2023,6,16,2,장성군,혹명나방(발생추정면적),0.0
2023,6,16,2,장성군,혹명나방(감수율),0.0
2023,6,16,2,장성군,혹명나방(피해율),0.0
2023,6,16,2,장성군,혹명나방(발생면적율),0.0
2023,6,16,2,장성군,멸강나방(발생추정면적),0.0
2023,6,16,2,장성군,멸강나방(감수율),0.0
2023,6,16,2,장성군,멸강나방(피해율),0.0
2023,6,16,2,장성군,멸강나방(발생면적율),0.0
2023,6,16,2,장성군,먹노린재(발생추정면적),0.0
2023,6,16,2,장성군,먹노린재(감수율),0.0
2023,6,16,2,장성군,먹노린재(피해율),0.0
2023,6,16,2,장성군,먹노린재(발생면적율),0.0
2023,6,16,2,장성군,이화명나방1화기(발생면적),0.0
2023,6,16,2,장성군,이화명나방1화기(감수율),0.0
2023,6,16,2,장성군,이화명나방1화기(피해율),0.0
2023,6,16,2,장성군,이화명나방1화기(발생면적률),0.0
2023,6,16,2,장성군,이화명나방2화기(발생면적),0.0
2023,6,16,2,장성군,이화명나방2화기(감수율),0.0
2023,6,16,2,장성군,이화명나방2화기(피해율),0.0
2023,6,16,2,장성군,이화명나방2화기(발생면적률),0.0
2023,6,16,2,장흥군,잎도열병(발생추정면적),0.0
2023,6,16,2,장흥군,잎도열병(감수율),0.0
2023,6,16,2,장흥군,잎도열병(피해율),0.0
2023,6,16,2,장흥군,잎도열병(발생면적율),0.0
2023,6,16,2,장흥군,이삭도열병(발생추정면적),0.0
2023,6,16,2,장흥군,이삭도열병(감수율),0.0
2023,6,16,2,장흥군,이삭도열병(피해율),0.0
2023,6,16,2,장흥군,이삭도열병(발생면적율),0.0
2023,6,16,2,장흥군,잎집무늬마름병(발생추정면적),0.0
2023,6,16,2,장흥군,잎집무늬마름병(감수율),0.0
2023,6,16,2,장흥군,잎집무늬마름병(피해율),0.0
2023,6,16,2,장흥군,잎집무늬마름병(발생면적율),0.0
2023,6,16,2,장흥군,흰잎마름병(발생추정면적),0.0
2023,6,16,2,장흥군,흰잎마름병(감수율),0.0
2023,6,16,2,장흥군,흰잎마름병(피해율),0.0
2023,6,16,2,장흥군,흰잎마름병(발생면적율),0.0
2023,6,16,2,장흥군,세균벼알마름병(발생추정면적),0.0
2023,6,16,2,장흥군,세균벼알마름병(감수율),0.0
2023,6,16,2,장흥군,세균벼알마름병(피해율),0.0
2023,6,16,2,장흥군,세균벼알마름병(발생면적율),0.0
2023,6,16,2,장흥군,줄무늬잎마름병(발생면적),0.0
2023,6,16,2,장흥군,줄무늬잎마름병(감수율),0.0
2023,6,16,2,장흥군,줄무늬잎마름병(피해율),0.0
2023,6,16,2,장흥군,줄무늬잎마름병(발생면적률),0.0
2023,6,16,2,장흥군,벼검은줄오갈병(발생면적),0.0
2023,6,16,2,장흥군,벼검은줄오갈병(감수율),0.0
2023,6,16,2,장흥군,벼검은줄오갈병(피해율),0.0
2023,6,16,2,장흥군,벼검은줄오갈병(발생면적률),0.0
2023,6,16,2,장흥군,오갈병(발생면적),0.0
2023,6,16,2,장흥군,오갈병(감수율),0.0
2023,6,16,2,장흥군,오갈병(피해율),0.0
2023,6,16,2,장흥군,오갈병(발생면적률),0.0
2023,6,16,2,장흥군,이삭누룩병(발생추정면적),0.0
2023,6,16,2,장흥군,이삭누룩병(감수율),0.0
2023,6,16,2,장흥군,이삭누룩병(피해율),0.0
2023,6,16,2,장흥군,이삭누룩병(발생면적율),0.0
2023,6,16,2,장흥군,깨씨무늬병(발생추정면적),0.0
2023,6,16,2,장흥군,깨씨무늬병(감수율),0.0
2023,6,16,2,장흥군,깨씨무늬병(피해율),0.0
2023,6,16,2,장흥군,깨씨무늬병(발생면적율),0.0
2023,6,16,2,장흥군,벼잎벌레(발생추정면적),0.0
2023,6,16,2,장흥군,벼잎벌레(감수율),0.0
2023,6,16,2,장흥군,벼잎벌레(피해율),0.0
2023,6,16,2,장흥군,벼잎벌레(발생면적율),0.0
2023,6,16,2,장흥군,벼애잎굴파리(발생추정면적),0.0
2023,6,16,2,장흥군,벼애잎굴파리(감수율),0.0
2023,6,16,2,장흥군,벼애잎굴파리(피해율),0.0
2023,6,16,2,장흥군,벼애잎굴파리(발생면적율),0.0
2023,6,16,2,장흥군,벼줄기굴파리(발생추정면적),0.0
2023,6,16,2,장흥군,벼줄기굴파리(감수율),0.0
2023,6,16,2,장흥군,벼줄기굴파리(피해율),0.0
2023,6,16,2,장흥군,벼줄기굴파리(발생면적율),0.0
2023,6,16,2,장흥군,애멸구(발생추정면적),0.0
2023,6,16,2,장흥군,애멸구(감수율),0.0
2023,6,16,2,장흥군,애멸구(피해율),0.0
2023,6,16,2,장흥군,애멸구(발생면적율),0.0
2023,6,16,2,장흥군,끝동매미충(발생추정면적),0.0
2023,6,16,2,장흥군,끝동매미충(감수율),0.0
2023,6,16,2,장흥군,끝동매미충(피해율),0.0
2023,6,16,2,장흥군,끝동매미충(발생면적율),0.0
2023,6,16,2,장흥군,벼멸구(발생추정면적),0.0
2023,6,16,2,장흥군,벼멸구(감수율),0.0
2023,6,16,2,장흥군,벼멸구(피해율),0.0
2023,6,16,2,장흥군,벼멸구(발생면적율),0.0
2023,6,16,2,장흥군,흰등멸구(발생추정면적),0.0
2023,6,16,2,장흥군,흰등멸구(감수율),0.0
2023,6,16,2,장흥군,흰등멸구(피해율),0.0
2023,6,16,2,장흥군,흰등멸구(발생면적율),0.0
2023,6,16,2,장흥군,벼물바구미(발생추정면적),47.606
2023,6,16,2,장흥군,벼물바구미(감수율),0.024
2023,6,16,2,장흥군,벼물바구미(피해율),0.093
2023,6,16,2,장흥군,벼물바구미(발생면적율),0.631
2023,6,16,2,장흥군,혹명나방(발생추정면적),0.0
2023,6,16,2,장흥군,혹명나방(감수율),0.0
2023,6,16,2,장흥군,혹명나방(피해율),0.0
2023,6,16,2,장흥군,혹명나방(발생면적율),0.0
2023,6,16,2,장흥군,멸강나방(발생추정면적),0.0
2023,6,16,2,장흥군,멸강나방(감수율),0.0
2023,6,16,2,장흥군,멸강나방(피해율),0.0
2023,6,16,2,장흥군,멸강나방(발생면적율),0.0
2023,6,16,2,장흥군,먹노린재(발생추정면적),0.0
2023,6,16,2,장흥군,먹노린재(감수율),0.0
2023,6,16,2,장흥군,먹노린재(피해율),0.0
2023,6,16,2,장흥군,먹노린재(발생면적율),0.0
2023,6,16,2,장흥군,이화명나방1화기(발생면적),0.0
2023,6,16,2,장흥군,이화명나방1화기(감수율),0.0
2023,6,16,2,장흥군,이화명나방1화기(피해율),0.0
2023,6,16,2,장흥군,이화명나방1화기(발생면적률),0.0
2023,6,16,2,장흥군,이화명나방2화기(발생면적),0.0
2023,6,16,2,장흥군,이화명나방2화기(감수율),0.0
2023,6,16,2,장흥군,이화명나방2화기(피해율),0.0
2023,6,16,2,장흥군,이화명나방2화기(발생면적률),0.0
2023,6,16,2,진도군,잎도열병(발생추정면적),0.0
2023,6,16,2,진도군,잎도열병(감수율),0.0
2023,6,16,2,진도군,잎도열병(피해율),0.0
2023,6,16,2,진도군,잎도열병(발생면적율),0.0
2023,6,16,2,진도군,이삭도열병(발생추정면적),0.0
2023,6,16,2,진도군,이삭도열병(감수율),0.0
2023,6,16,2,진도군,이삭도열병(피해율),0.0
2023,6,16,2,진도군,이삭도열병(발생면적율),0.0
2023,6,16,2,진도군,잎집무늬마름병(발생추정면적),0.0
2023,6,16,2,진도군,잎집무늬마름병(감수율),0.0
2023,6,16,2,진도군,잎집무늬마름병(피해율),0.0
2023,6,16,2,진도군,잎집무늬마름병(발생면적율),0.0
2023,6,16,2,진도군,흰잎마름병(발생추정면적),0.0
2023,6,16,2,진도군,흰잎마름병(감수율),0.0
2023,6,16,2,진도군,흰잎마름병(피해율),0.0
2023,6,16,2,진도군,흰잎마름병(발생면적율),0.0
2023,6,16,2,진도군,세균벼알마름병(발생추정면적),0.0
2023,6,16,2,진도군,세균벼알마름병(감수율),0.0
2023,6,16,2,진도군,세균벼알마름병(피해율),0.0
2023,6,16,2,진도군,세균벼알마름병(발생면적율),0.0
2023,6,16,2,진도군,줄무늬잎마름병(발생면적),0.0
2023,6,16,2,진도군,줄무늬잎마름병(감수율),0.0
2023,6,16,2,진도군,줄무늬잎마름병(피해율),0.0
2023,6,16,2,진도군,줄무늬잎마름병(발생면적률),0.0
2023,6,16,2,진도군,벼검은줄오갈병(발생면적),0.0
2023,6,16,2,진도군,벼검은줄오갈병(감수율),0.0
2023,6,16,2,진도군,벼검은줄오갈병(피해율),0.0
2023,6,16,2,진도군,벼검은줄오갈병(발생면적률),0.0
2023,6,16,2,진도군,오갈병(발생면적),0.0
2023,6,16,2,진도군,오갈병(감수율),0.0
2023,6,16,2,진도군,오갈병(피해율),0.0
2023,6,16,2,진도군,오갈병(발생면적률),0.0
2023,6,16,2,진도군,이삭누룩병(발생추정면적),0.0
2023,6,16,2,진도군,이삭누룩병(감수율),0.0
2023,6,16,2,진도군,이삭누룩병(피해율),0.0
2023,6,16,2,진도군,이삭누룩병(발생면적율),0.0
2023,6,16,2,진도군,깨씨무늬병(발생추정면적),0.0
2023,6,16,2,진도군,깨씨무늬병(감수율),0.0
2023,6,16,2,진도군,깨씨무늬병(피해율),0.0
2023,6,16,2,진도군,깨씨무늬병(발생면적율),0.0
2023,6,16,2,진도군,벼잎벌레(발생추정면적),0.0
2023,6,16,2,진도군,벼잎벌레(감수율),0.0
2023,6,16,2,진도군,벼잎벌레(피해율),0.0
2023,6,16,2,진도군,벼잎벌레(발생면적율),0.0
2023,6,16,2,진도군,벼애잎굴파리(발생추정면적),25.121
2023,6,16,2,진도군,벼애잎굴파리(감수율),0.004
2023,6,16,2,진도군,벼애잎굴파리(피해율),0.023
2023,6,16,2,진도군,벼애잎굴파리(발생면적율),0.453
2023,6,16,2,진도군,벼줄기굴파리(발생추정면적),0.0
2023,6,16,2,진도군,벼줄기굴파리(감수율),0.0
2023,6,16,2,진도군,벼줄기굴파리(피해율),0.0
2023,6,16,2,진도군,벼줄기굴파리(발생면적율),0.0
2023,6,16,2,진도군,애멸구(발생추정면적),98.72
2023,6,16,2,진도군,애멸구(감수율),0.071
2023,6,16,2,진도군,애멸구(피해율),0.178
2023,6,16,2,진도군,애멸구(발생면적율),1.778
2023,6,16,2,진도군,끝동매미충(발생추정면적),0.0
2023,6,16,2,진도군,끝동매미충(감수율),0.0
2023,6,16,2,진도군,끝동매미충(피해율),0.0
2023,6,16,2,진도군,끝동매미충(발생면적율),0.0
2023,6,16,2,진도군,벼멸구(발생추정면적),0.0
2023,6,16,2,진도군,벼멸구(감수율),0.0
2023,6,16,2,진도군,벼멸구(피해율),0.0
2023,6,16,2,진도군,벼멸구(발생면적율),0.0
2023,6,16,2,진도군,흰등멸구(발생추정면적),0.0
2023,6,16,2,진도군,흰등멸구(감수율),0.0
2023,6,16,2,진도군,흰등멸구(피해율),0.0
2023,6,16,2,진도군,흰등멸구(발생면적율),0.0
2023,6,16,2,진도군,벼물바구미(발생추정면적),24.68
2023,6,16,2,진도군,벼물바구미(감수율),0.004
2023,6,16,2,진도군,벼물바구미(피해율),0.014
2023,6,16,2,진도군,벼물바구미(발생면적율),0.445
2023,6,16,2,진도군,혹명나방(발생추정면적),0.0
2023,6,16,2,진도군,혹명나방(감수율),0.0
2023,6,16,2,진도군,혹명나방(피해율),0.0
2023,6,16,2,진도군,혹명나방(발생면적율),0.0
2023,6,16,2,진도군,멸강나방(발생추정면적),0.0
2023,6,16,2,진도군,멸강나방(감수율),0.0
2023,6,16,2,진도군,멸강나방(피해율),0.0
2023,6,16,2,진도군,멸강나방(발생면적율),0.0
2023,6,16,2,진도군,먹노린재(발생추정면적),1.322
2023,6,16,2,진도군,먹노린재(감수율),0.0
2023,6,16,2,진도군,먹노린재(피해율),0.001
2023,6,16,2,진도군,먹노린재(발생면적율),0.024
2023,6,16,2,진도군,이화명나방1화기(발생면적),0.881
2023,6,16,2,진도군,이화명나방1화기(감수율),0.0
2023,6,16,2,진도군,이화명나방1화기(피해율),0.0
2023,6,16,2,진도군,이화명나방1화기(발생면적률),0.016
2023,6,16,2,진도군,이화명나방2화기(발생면적),0.0
2023,6,16,2,진도군,이화명나방2화기(감수율),0.0
2023,6,16,2,진도군,이화명나방2화기(피해율),0.0
2023,6,16,2,진도군,이화명나방2화기(발생면적률),0.0
2023,6,16,2,함평군,잎도열병(발생추정면적),0.0
2023,6,16,2,함평군,잎도열병(감수율),0.0
2023,6,16,2,함평군,잎도열병(피해율),0.0
2023,6,16,2,함평군,잎도열병(발생면적율),0.0
2023,6,16,2,함평군,이삭도열병(발생추정면적),0.0
2023,6,16,2,함평군,이삭도열병(감수율),0.0
2023,6,16,2,함평군,이삭도열병(피해율),0.0
2023,6,16,2,함평군,이삭도열병(발생면적율),0.0
2023,6,16,2,함평군,잎집무늬마름병(발생추정면적),0.0
2023,6,16,2,함평군,잎집무늬마름병(감수율),0.0
2023,6,16,2,함평군,잎집무늬마름병(피해율),0.0
2023,6,16,2,함평군,잎집무늬마름병(발생면적율),0.0
2023,6,16,2,함평군,흰잎마름병(발생추정면적),0.0
2023,6,16,2,함평군,흰잎마름병(감수율),0.0
2023,6,16,2,함평군,흰잎마름병(피해율),0.0
2023,6,16,2,함평군,흰잎마름병(발생면적율),0.0
2023,6,16,2,함평군,세균벼알마름병(발생추정면적),0.0
2023,6,16,2,함평군,세균벼알마름병(감수율),0.0
2023,6,16,2,함평군,세균벼알마름병(피해율),0.0
2023,6,16,2,함평군,세균벼알마름병(발생면적율),0.0
2023,6,16,2,함평군,줄무늬잎마름병(발생면적),0.0
2023,6,16,2,함평군,줄무늬잎마름병(감수율),0.0
2023,6,16,2,함평군,줄무늬잎마름병(피해율),0.0
2023,6,16,2,함평군,줄무늬잎마름병(발생면적률),0.0
2023,6,16,2,함평군,벼검은줄오갈병(발생면적),0.0
2023,6,16,2,함평군,벼검은줄오갈병(감수율),0.0
2023,6,16,2,함평군,벼검은줄오갈병(피해율),0.0
2023,6,16,2,함평군,벼검은줄오갈병(발생면적률),0.0
2023,6,16,2,함평군,오갈병(발생면적),0.0
2023,6,16,2,함평군,오갈병(감수율),0.0
2023,6,16,2,함평군,오갈병(피해율),0.0
2023,6,16,2,함평군,오갈병(발생면적률),0.0
2023,6,16,2,함평군,이삭누룩병(발생추정면적),0.0
2023,6,16,2,함평군,이삭누룩병(감수율),0.0
2023,6,16,2,함평군,이삭누룩병(피해율),0.0
2023,6,16,2,함평군,이삭누룩병(발생면적율),0.0
2023,6,16,2,함평군,깨씨무늬병(발생추정면적),0.0
2023,6,16,2,함평군,깨씨무늬병(감수율),0.0
2023,6,16,2,함평군,깨씨무늬병(피해율),0.0
2023,6,16,2,함평군,깨씨무늬병(발생면적율),0.0
2023,6,16,2,함평군,벼잎벌레(발생추정면적),0.0
2023,6,16,2,함평군,벼잎벌레(감수율),0.0
2023,6,16,2,함평군,벼잎벌레(피해율),0.0
2023,6,16,2,함평군,벼잎벌레(발생면적율),0.0
2023,6,16,2,함평군,벼애잎굴파리(발생추정면적),0.0
2023,6,16,2,함평군,벼애잎굴파리(감수율),0.0
2023,6,16,2,함평군,벼애잎굴파리(피해율),0.0
2023,6,16,2,함평군,벼애잎굴파리(발생면적율),0.0
2023,6,16,2,함평군,벼줄기굴파리(발생추정면적),0.0
2023,6,16,2,함평군,벼줄기굴파리(감수율),0.0
2023,6,16,2,함평군,벼줄기굴파리(피해율),0.0
2023,6,16,2,함평군,벼줄기굴파리(발생면적율),0.0
2023,6,16,2,함평군,애멸구(발생추정면적),0.0
2023,6,16,2,함평군,애멸구(감수율),0.0
2023,6,16,2,함평군,애멸구(피해율),0.0
2023,6,16,2,함평군,애멸구(발생면적율),0.0
2023,6,16,2,함평군,끝동매미충(발생추정면적),0.0
2023,6,16,2,함평군,끝동매미충(감수율),0.0
2023,6,16,2,함평군,끝동매미충(피해율),0.0
2023,6,16,2,함평군,끝동매미충(발생면적율),0.0
2023,6,16,2,함평군,벼멸구(발생추정면적),0.0
2023,6,16,2,함평군,벼멸구(감수율),0.0
2023,6,16,2,함평군,벼멸구(피해율),0.0
2023,6,16,2,함평군,벼멸구(발생면적율),0.0
2023,6,16,2,함평군,흰등멸구(발생추정면적),0.0
2023,6,16,2,함평군,흰등멸구(감수율),0.0
2023,6,16,2,함평군,흰등멸구(피해율),0.0
2023,6,16,2,함평군,흰등멸구(발생면적율),0.0
2023,6,16,2,함평군,벼물바구미(발생추정면적),6.253
2023,6,16,2,함평군,벼물바구미(감수율),0.001
2023,6,16,2,함평군,벼물바구미(피해율),0.003
2023,6,16,2,함평군,벼물바구미(발생면적율),0.093
2023,6,16,2,함평군,혹명나방(발생추정면적),0.0
2023,6,16,2,함평군,혹명나방(감수율),0.0
2023,6,16,2,함평군,혹명나방(피해율),0.0
2023,6,16,2,함평군,혹명나방(발생면적율),0.0
2023,6,16,2,함평군,멸강나방(발생추정면적),0.0
2023,6,16,2,함평군,멸강나방(감수율),0.0
2023,6,16,2,함평군,멸강나방(피해율),0.0
2023,6,16,2,함평군,멸강나방(발생면적율),0.0
2023,6,16,2,함평군,먹노린재(발생추정면적),0.0
2023,6,16,2,함평군,먹노린재(감수율),0.0
2023,6,16,2,함평군,먹노린재(피해율),0.0
2023,6,16,2,함평군,먹노린재(발생면적율),0.0
2023,6,16,2,함평군,이화명나방1화기(발생면적),0.0
2023,6,16,2,함평군,이화명나방1화기(감수율),0.0
2023,6,16,2,함평군,이화명나방1화기(피해율),0.0
2023,6,16,2,함평군,이화명나방1화기(발생면적률),0.0
2023,6,16,2,함평군,이화명나방2화기(발생면적),0.0
2023,6,16,2,함평군,이화명나방2화기(감수율),0.0
2023,6,16,2,함평군,이화명나방2화기(피해율),0.0
2023,6,16,2,함평군,이화명나방2화기(발생면적률),0.0
2023,6,16,2,해남군,잎도열병(발생추정면적),0.0
2023,6,16,2,해남군,잎도열병(감수율),0.0
2023,6,16,2,해남군,잎도열병(피해율),0.0
2023,6,16,2,해남군,잎도열병(발생면적율),0.0
2023,6,16,2,해남군,이삭도열병(발생추정면적),0.0
2023,6,16,2,해남군,이삭도열병(감수율),0.0
2023,6,16,2,해남군,이삭도열병(피해율),0.0
2023,6,16,2,해남군,이삭도열병(발생면적율),0.0
2023,6,16,2,해남군,잎집무늬마름병(발생추정면적),0.0
2023,6,16,2,해남군,잎집무늬마름병(감수율),0.0
2023,6,16,2,해남군,잎집무늬마름병(피해율),0.0
2023,6,16,2,해남군,잎집무늬마름병(발생면적율),0.0
2023,6,16,2,해남군,흰잎마름병(발생추정면적),0.0
2023,6,16,2,해남군,흰잎마름병(감수율),0.0
2023,6,16,2,해남군,흰잎마름병(피해율),0.0
2023,6,16,2,해남군,흰잎마름병(발생면적율),0.0
2023,6,16,2,해남군,세균벼알마름병(발생추정면적),0.0
2023,6,16,2,해남군,세균벼알마름병(감수율),0.0
2023,6,16,2,해남군,세균벼알마름병(피해율),0.0
2023,6,16,2,해남군,세균벼알마름병(발생면적율),0.0
2023,6,16,2,해남군,줄무늬잎마름병(발생면적),0.0
2023,6,16,2,해남군,줄무늬잎마름병(감수율),0.0
2023,6,16,2,해남군,줄무늬잎마름병(피해율),0.0
2023,6,16,2,해남군,줄무늬잎마름병(발생면적률),0.0
2023,6,16,2,해남군,벼검은줄오갈병(발생면적),0.0
2023,6,16,2,해남군,벼검은줄오갈병(감수율),0.0
2023,6,16,2,해남군,벼검은줄오갈병(피해율),0.0
2023,6,16,2,해남군,벼검은줄오갈병(발생면적률),0.0
2023,6,16,2,해남군,오갈병(발생면적),0.0
2023,6,16,2,해남군,오갈병(감수율),0.0
2023,6,16,2,해남군,오갈병(피해율),0.0
2023,6,16,2,해남군,오갈병(발생면적률),0.0
2023,6,16,2,해남군,이삭누룩병(발생추정면적),0.0
2023,6,16,2,해남군,이삭누룩병(감수율),0.0
2023,6,16,2,해남군,이삭누룩병(피해율),0.0
2023,6,16,2,해남군,이삭누룩병(발생면적율),0.0
2023,6,16,2,해남군,깨씨무늬병(발생추정면적),0.0
2023,6,16,2,해남군,깨씨무늬병(감수율),0.0
2023,6,16,2,해남군,깨씨무늬병(피해율),0.0
2023,6,16,2,해남군,깨씨무늬병(발생면적율),0.0
2023,6,16,2,해남군,벼잎벌레(발생추정면적),0.0
2023,6,16,2,해남군,벼잎벌레(감수율),0.0
2023,6,16,2,해남군,벼잎벌레(피해율),0.0
2023,6,16,2,해남군,벼잎벌레(발생면적율),0.0
2023,6,16,2,해남군,벼애잎굴파리(발생추정면적),0.0
2023,6,16,2,해남군,벼애잎굴파리(감수율),0.0
2023,6,16,2,해남군,벼애잎굴파리(피해율),0.0
2023,6,16,2,해남군,벼애잎굴파리(발생면적율),0.0
2023,6,16,2,해남군,벼줄기굴파리(발생추정면적),0.0
2023,6,16,2,해남군,벼줄기굴파리(감수율),0.0
2023,6,16,2,해남군,벼줄기굴파리(피해율),0.0
2023,6,16,2,해남군,벼줄기굴파리(발생면적율),0.0
2023,6,16,2,해남군,애멸구(발생추정면적),0.0
2023,6,16,2,해남군,애멸구(감수율),0.0
2023,6,16,2,해남군,애멸구(피해율),0.0
2023,6,16,2,해남군,애멸구(발생면적율),0.0
2023,6,16,2,해남군,끝동매미충(발생추정면적),0.0
2023,6,16,2,해남군,끝동매미충(감수율),0.0
2023,6,16,2,해남군,끝동매미충(피해율),0.0
2023,6,16,2,해남군,끝동매미충(발생면적율),0.0
2023,6,16,2,해남군,벼멸구(발생추정면적),0.0
2023,6,16,2,해남군,벼멸구(감수율),0.0
2023,6,16,2,해남군,벼멸구(피해율),0.0
2023,6,16,2,해남군,벼멸구(발생면적율),0.0
2023,6,16,2,해남군,흰등멸구(발생추정면적),0.0
2023,6,16,2,해남군,흰등멸구(감수율),0.0
2023,6,16,2,해남군,흰등멸구(피해율),0.0
2023,6,16,2,해남군,흰등멸구(발생면적율),0.0
2023,6,16,2,해남군,벼물바구미(발생추정면적),0.0
2023,6,16,2,해남군,벼물바구미(감수율),0.0
2023,6,16,2,해남군,벼물바구미(피해율),0.0
2023,6,16,2,해남군,벼물바구미(발생면적율),0.0
2023,6,16,2,해남군,혹명나방(발생추정면적),0.0
2023,6,16,2,해남군,혹명나방(감수율),0.0
2023,6,16,2,해남군,혹명나방(피해율),0.0
2023,6,16,2,해남군,혹명나방(발생면적율),0.0
2023,6,16,2,해남군,멸강나방(발생추정면적),0.0
2023,6,16,2,해남군,멸강나방(감수율),0.0
2023,6,16,2,해남군,멸강나방(피해율),0.0
2023,6,16,2,해남군,멸강나방(발생면적율),0.0
2023,6,16,2,해남군,먹노린재(발생추정면적),0.0
2023,6,16,2,해남군,먹노린재(감수율),0.0
2023,6,16,2,해남군,먹노린재(피해율),0.0
2023,6,16,2,해남군,먹노린재(발생면적율),0.0
2023,6,16,2,해남군,이화명나방1화기(발생면적),0.0
2023,6,16,2,해남군,이화명나방1화기(감수율),0.0
2023,6,16,2,해남군,이화명나방1화기(피해율),0.0
2023,6,16,2,해남군,이화명나방1화기(발생면적률),0.0
2023,6,16,2,해남군,이화명나방2화기(발생면적),0.0
2023,6,16,2,해남군,이화명나방2화기(감수율),0.0
2023,6,16,2,해남군,이화명나방2화기(피해율),0.0
2023,6,16,2,해남군,이화명나방2화기(발생면적률),0.0
2023,6,16,2,화순군,잎도열병(발생추정면적),0.0
2023,6,16,2,화순군,잎도열병(감수율),0.0
2023,6,16,2,화순군,잎도열병(피해율),0.0
2023,6,16,2,화순군,잎도열병(발생면적율),0.0
2023,6,16,2,화순군,이삭도열병(발생추정면적),0.0
2023,6,16,2,화순군,이삭도열병(감수율),0.0
2023,6,16,2,화순군,이삭도열병(피해율),0.0
2023,6,16,2,화순군,이삭도열병(발생면적율),0.0
2023,6,16,2,화순군,잎집무늬마름병(발생추정면적),0.0
2023,6,16,2,화순군,잎집무늬마름병(감수율),0.0
2023,6,16,2,화순군,잎집무늬마름병(피해율),0.0
2023,6,16,2,화순군,잎집무늬마름병(발생면적율),0.0
2023,6,16,2,화순군,흰잎마름병(발생추정면적),0.0
2023,6,16,2,화순군,흰잎마름병(감수율),0.0
2023,6,16,2,화순군,흰잎마름병(피해율),0.0
2023,6,16,2,화순군,흰잎마름병(발생면적율),0.0
2023,6,16,2,화순군,세균벼알마름병(발생추정면적),0.0
2023,6,16,2,화순군,세균벼알마름병(감수율),0.0
2023,6,16,2,화순군,세균벼알마름병(피해율),0.0
2023,6,16,2,화순군,세균벼알마름병(발생면적율),0.0
2023,6,16,2,화순군,줄무늬잎마름병(발생면적),0.0
2023,6,16,2,화순군,줄무늬잎마름병(감수율),0.0
2023,6,16,2,화순군,줄무늬잎마름병(피해율),0.0
2023,6,16,2,화순군,줄무늬잎마름병(발생면적률),0.0
2023,6,16,2,화순군,벼검은줄오갈병(발생면적),0.0
2023,6,16,2,화순군,벼검은줄오갈병(감수율),0.0
2023,6,16,2,화순군,벼검은줄오갈병(피해율),0.0
2023,6,16,2,화순군,벼검은줄오갈병(발생면적률),0.0
2023,6,16,2,화순군,오갈병(발생면적),0.0
2023,6,16,2,화순군,오갈병(감수율),0.0
2023,6,16,2,화순군,오갈병(피해율),0.0
2023,6,16,2,화순군,오갈병(발생면적률),0.0
2023,6,16,2,화순군,이삭누룩병(발생추정면적),0.0
2023,6,16,2,화순군,이삭누룩병(감수율),0.0
2023,6,16,2,화순군,이삭누룩병(피해율),0.0
2023,6,16,2,화순군,이삭누룩병(발생면적율),0.0
2023,6,16,2,화순군,깨씨무늬병(발생추정면적),0.0
2023,6,16,2,화순군,깨씨무늬병(감수율),0.0
2023,6,16,2,화순군,깨씨무늬병(피해율),0.0
2023,6,16,2,화순군,깨씨무늬병(발생면적율),0.0
2023,6,16,2,화순군,벼잎벌레(발생추정면적),0.0
2023,6,16,2,화순군,벼잎벌레(감수율),0.0
2023,6,16,2,화순군,벼잎벌레(피해율),0.0
2023,6,16,2,화순군,벼잎벌레(발생면적율),0.0
2023,6,16,2,화순군,벼애잎굴파리(발생추정면적),0.0
2023,6,16,2,화순군,벼애잎굴파리(감수율),0.0
2023,6,16,2,화순군,벼애잎굴파리(피해율),0.0
2023,6,16,2,화순군,벼애잎굴파리(발생면적율),0.0
2023,6,16,2,화순군,벼줄기굴파리(발생추정면적),0.0
2023,6,16,2,화순군,벼줄기굴파리(감수율),0.0
2023,6,16,2,화순군,벼줄기굴파리(피해율),0.0
2023,6,16,2,화순군,벼줄기굴파리(발생면적율),0.0
2023,6,16,2,화순군,애멸구(발생추정면적),0.0
2023,6,16,2,화순군,애멸구(감수율),0.0
2023,6,16,2,화순군,애멸구(피해율),0.0
2023,6,16,2,화순군,애멸구(발생면적율),0.0
2023,6,16,2,화순군,끝동매미충(발생추정면적),0.0
2023,6,16,2,화순군,끝동매미충(감수율),0.0
2023,6,16,2,화순군,끝동매미충(피해율),0.0
2023,6,16,2,화순군,끝동매미충(발생면적율),0.0
2023,6,16,2,화순군,벼멸구(발생추정면적),0.0
2023,6,16,2,화순군,벼멸구(감수율),0.0
2023,6,16,2,화순군,벼멸구(피해율),0.0
2023,6,16,2,화순군,벼멸구(발생면적율),0.0
2023,6,16,2,화순군,흰등멸구(발생추정면적),0.0
2023,6,16,2,화순군,흰등멸구(감수율),0.0
2023,6,16,2,화순군,흰등멸구(피해율),0.0
2023,6,16,2,화순군,흰등멸구(발생면적율),0.0
2023,6,16,2,화순군,벼물바구미(발생추정면적),0.406
2023,6,16,2,화순군,벼물바구미(감수율),0.0
2023,6,16,2,화순군,벼물바구미(피해율),0.0
2023,6,16,2,화순군,벼물바구미(발생면적율),0.009
2023,6,16,2,화순군,혹명나방(발생추정면적),0.0
2023,6,16,2,화순군,혹명나방(감수율),0.0
2023,6,16,2,화순군,혹명나방(피해율),0.0
2023,6,16,2,화순군,혹명나방(발생면적율),0.0
2023,6,16,2,화순군,멸강나방(발생추정면적),0.0
2023,6,16,2,화순군,멸강나방(감수율),0.0
2023,6,16,2,화순군,멸강나방(피해율),0.0
2023,6,16,2,화순군,멸강나방(발생면적율),0.0
2023,6,16,2,화순군,먹노린재(발생추정면적),0.0
2023,6,16,2,화순군,먹노린재(감수율),0.0
2023,6,16,2,화순군,먹노린재(피해율),0.0
2023,6,16,2,화순군,먹노린재(발생면적율),0.0
2023,6,16,2,화순군,이화명나방1화기(발생면적),0.0
2023,6,16,2,화순군,이화명나방1화기(감수율),0.0
2023,6,16,2,화순군,이화명나방1화기(피해율),0.0
2023,6,16,2,화순군,이화명나방1화기(발생면적률),0.0
2023,6,16,2,화순군,이화명나방2화기(발생면적),0.0
2023,6,16,2,화순군,이화명나방2화기(감수율),0.0
2023,6,16,2,화순군,이화명나방2화기(피해율),0.0
2023,6,16,2,화순군,이화명나방2화기(발생면적률),0.0
2025,9,1,7,강진군,잎도열병(발생추정면적),0.743
2025,9,1,7,강진군,잎도열병(감수율),0.0
2025,9,1,7,강진군,잎도열병(피해율),0.0
2025,9,1,7,강진군,잎도열병(발생면적율),0.009
2025,9,1,7,강진군,이삭도열병(발생추정면적),0.0
2025,9,1,7,강진군,이삭도열병(감수율),0.0
2025,9,1,7,강진군,이삭도열병(피해율),0.0
2025,9,1,7,강진군,이삭도열병(발생면적율),0.0
2025,9,1,7,강진군,잎집무늬마름병(발생추정면적),5.203
2025,9,1,7,강진군,잎집무늬마름병(감수율),0.001
2025,9,1,7,강진군,잎집무늬마름병(피해율),0.005
2025,9,1,7,강진군,잎집무늬마름병(발생면적율),0.062
2025,9,1,7,강진군,흰잎마름병(발생추정면적),0.0
2025,9,1,7,강진군,흰잎마름병(감수율),0.0
2025,9,1,7,강진군,흰잎마름병(피해율),0.0
2025,9,1,7,강진군,흰잎마름병(발생면적율),0.0
2025,9,1,7,강진군,세균벼알마름병(발생추정면적),0.0
2025,9,1,7,강진군,세균벼알마름병(감수율),0.0
2025,9,1,7,강진군,세균벼알마름병(피해율),0.0
2025,9,1,7,강진군,세균벼알마름병(발생면적율),0.0
2025,9,1,7,강진군,줄무늬잎마름병(발생면적),0.0
2025,9,1,7,강진군,줄무늬잎마름병(감수율),0.0
2025,9,1,7,강진군,줄무늬잎마름병(피해율),0.0
2025,9,1,7,강진군,줄무늬잎마름병(발생면적률),0.0
2025,9,1,7,강진군,벼검은줄오갈병(발생면적),0.0
2025,9,1,7,강진군,벼검은줄오갈병(감수율),0.0
2025,9,1,7,강진군,벼검은줄오갈병(피해율),0.0
2025,9,1,7,강진군,벼검은줄오갈병(발생면적률),0.0
2025,9,1,7,강진군,오갈병(발생면적),0.0
2025,9,1,7,강진군,오갈병(감수율),0.0
2025,9,1,7,강진군,오갈병(피해율),0.0
2025,9,1,7,강진군,오갈병(발생면적률),0.0
2025,9,1,7,강진군,이삭누룩병(발생추정면적),0.0
2025,9,1,7,강진군,이삭누룩병(감수율),0.0
2025,9,1,7,강진군,이삭누룩병(피해율),0.0
2025,9,1,7,강진군,이삭누룩병(발생면적율),0.0
2025,9,1,7,강진군,깨씨무늬병(발생추정면적),0.0
2025,9,1,7,강진군,깨씨무늬병(감수율),0.0
2025,9,1,7,강진군,깨씨무늬병(피해율),0.0
2025,9,1,7,강진군,깨씨무늬병(발생면적율),0.0
2025,9,1,7,강진군,벼잎벌레(발생추정면적),0.0
2025,9,1,7,강진군,벼잎벌레(감수율),0.0
2025,9,1,7,강진군,벼잎벌레(피해율),0.0
2025,9,1,7,강진군,벼잎벌레(발생면적율),0.0
2025,9,1,7,강진군,벼애잎굴파리(발생추정면적),0.0
2025,9,1,7,강진군,벼애잎굴파리(감수율),0.0
2025,9,1,7,강진군,벼애잎굴파리(피해율),0.0
2025,9,1,7,강진군,벼애잎굴파리(발생면적율),0.0
2025,9,1,7,강진군,벼줄기굴파리(발생추정면적),0.0
2025,9,1,7,강진군,벼줄기굴파리(감수율),0.0
2025,9,1,7,강진군,벼줄기굴파리(피해율),0.0
2025,9,1,7,강진군,벼줄기굴파리(발생면적율),0.0
2025,9,1,7,강진군,애멸구(발생추정면적),0.0
2025,9,1,7,강진군,애멸구(감수율),0.0
2025,9,1,7,강진군,애멸구(피해율),0.0
2025,9,1,7,강진군,애멸구(발생면적율),0.0
2025,9,1,7,강진군,끝동매미충(발생추정면적),0.0
2025,9,1,7,강진군,끝동매미충(감수율),0.0
2025,9,1,7,강진군,끝동매미충(피해율),0.0
2025,9,1,7,강진군,끝동매미충(발생면적율),0.0
2025,9,1,7,강진군,벼멸구(발생추정면적),0.0
2025,9,1,7,강진군,벼멸구(감수율),0.0
2025,9,1,7,강진군,벼멸구(피해율),0.0
2025,9,1,7,강진군,벼멸구(발생면적율),0.0
2025,9,1,7,강진군,흰등멸구(발생추정면적),0.0
2025,9,1,7,강진군,흰등멸구(감수율),0.0
2025,9,1,7,강진군,흰등멸구(피해율),0.0
2025,9,1,7,강진군,흰등멸구(발생면적율),0.0
2025,9,1,7,강진군,벼물바구미(발생추정면적),0.0
2025,9,1,7,강진군,벼물바구미(감수율),0.0
2025,9,1,7,강진군,벼물바구미(피해율),0.0
2025,9,1,7,강진군,벼물바구미(발생면적율),0.0
2025,9,1,7,강진군,혹명나방(발생추정면적),0.0
2025,9,1,7,강진군,혹명나방(감수율),0.0
2025,9,1,7,강진군,혹명나방(피해율),0.0
2025,9,1,7,강진군,혹명나방(발생면적율),0.0
2025,9,1,7,강진군,멸강나방(발생추정면적),0.0
2025,9,1,7,강진군,멸강나방(감수율),0.0
2025,9,1,7,강진군,멸강나방(피해율),0.0
2025,9,1,7,강진군,멸강나방(발생면적율),0.0
2025,9,1,7,강진군,먹노린재(발생추정면적),0.0
2025,9,1,7,강진군,먹노린재(감수율),0.0
2025,9,1,7,강진군,먹노린재(피해율),0.0
2025,9,1,7,강진군,먹노린재(발생면적율),0.0
2025,9,1,7,강진군,이화명나방1화기(발생면적),0.0
2025,9,1,7,강진군,이화명나방1화기(감수율),0.0
2025,9,1,7,강진군,이화명나방1화기(피해율),0.0
2025,9,1,7,강진군,이화명나방1화기(발생면적률),0.0
2025,9,1,7,강진군,이화명나방2화기(발생면적),0.0
2025,9,1,7,강진군,이화명나방2화기(감수율),0.0
2025,9,1,7,강진군,이화명나방2화기(피해율),0.0
2025,9,1,7,강진군,이화명나방2화기(발생면적률),0.0
2025,9,1,7,강진군,바이러스병(발생추정면적),0.0
2025,9,1,7,강진군,바이러스병(감수율),0.0
2025,9,1,7,강진군,바이러스병(피해율),0.0
2025,9,1,7,강진군,바이러스병(발생면적율),0.0
2025,9,1,7,강진군,키다리병(발생추정면적),0.0
2025,9,1,7,강진군,키다리병(감수율),0.0
2025,9,1,7,강진군,키다리병(피해율),0.0
2025,9,1,7,강진군,키다리병(발생면적율),0.0
2025,9,1,7,강진군,이화명나방(발생추정면적),0.0
2025,9,1,7,강진군,이화명나방(감수율),0.0
2025,9,1,7,강진군,이화명나방(피해율),0.0
2025,9,1,7,강진군,이화명나방(발생면적율),0.0
2025,9,1,7,강진군,벼애나방(발생추정면적),0.0
2025,9,1,7,강진군,벼애나방(감수율),0.0
2025,9,1,7,강진군,벼애나방(피해율),0.0
2025,9,1,7,강진군,벼애나방(발생면적율),0.0
2025,9,1,7,강진군,벼잎선충(발생추정면적),0.0
2025,9,1,7,강진군,벼잎선충(감수율),0.0
2025,9,1,7,강진군,벼잎선충(피해율),0.0
2025,9,1,7,강진군,벼잎선충(발생면적율),0.0
2025,9,1,7,고흥군,잎도열병(발생추정면적),0.0
2025,9,1,7,고흥군,잎도열병(감수율),0.0
2025,9,1,7,고흥군,잎도열병(피해율),0.0
2025,9,1,7,고흥군,잎도열병(발생면적율),0.0
2025,9,1,7,고흥군,이삭도열병(발생추정면적),0.0
2025,9,1,7,고흥군,이삭도열병(감수율),0.0
2025,9,1,7,고흥군,이삭도열병(피해율),0.0
2025,9,1,7,고흥군,이삭도열병(발생면적율),0.0
2025,9,1,7,고흥군,잎집무늬마름병(발생추정면적),16.356
2025,9,1,7,고흥군,잎집무늬마름병(감수율),0.002
2025,9,1,7,고흥군,잎집무늬마름병(피해율),0.012
2025,9,1,7,고흥군,잎집무늬마름병(발생면적율),0.157
2025,9,1,7,고흥군,흰잎마름병(발생추정면적),0.0
2025,9,1,7,고흥군,흰잎마름병(감수율),0.0
2025,9,1,7,고흥군,흰잎마름병(피해율),0.0
2025,9,1,7,고흥군,흰잎마름병(발생면적율),0.0
2025,9,1,7,고흥군,세균벼알마름병(발생추정면적),0.0
2025,9,1,7,고흥군,세균벼알마름병(감수율),0.0
2025,9,1,7,고흥군,세균벼알마름병(피해율),0.0
2025,9,1,7,고흥군,세균벼알마름병(발생면적율),0.0
2025,9,1,7,고흥군,줄무늬잎마름병(발생면적),0.0
2025,9,1,7,고흥군,줄무늬잎마름병(감수율),0.0
2025,9,1,7,고흥군,줄무늬잎마름병(피해율),0.0
2025,9,1,7,고흥군,줄무늬잎마름병(발생면적률),0.0
2025,9,1,7,고흥군,벼검은줄오갈병(발생면적),0.0
2025,9,1,7,고흥군,벼검은줄오갈병(감수율),0.0
2025,9,1,7,고흥군,벼검은줄오갈병(피해율),0.0
2025,9,1,7,고흥군,벼검은줄오갈병(발생면적률),0.0
2025,9,1,7,고흥군,오갈병(발생면적),0.0
2025,9,1,7,고흥군,오갈병(감수율),0.0
2025,9,1,7,고흥군,오갈병(피해율),0.0
2025,9,1,7,고흥군,오갈병(발생면적률),0.0
2025,9,1,7,고흥군,이삭누룩병(발생추정면적),0.0
2025,9,1,7,고흥군,이삭누룩병(감수율),0.0
2025,9,1,7,고흥군,이삭누룩병(피해율),0.0
2025,9,1,7,고흥군,이삭누룩병(발생면적율),0.0
2025,9,1,7,고흥군,깨씨무늬병(발생추정면적),25.163
2025,9,1,7,고흥군,깨씨무늬병(감수율),0.002
2025,9,1,7,고흥군,깨씨무늬병(피해율),0.012
2025,9,1,7,고흥군,깨씨무늬병(발생면적율),0.241
2025,9,1,7,고흥군,벼잎벌레(발생추정면적),0.0
2025,9,1,7,고흥군,벼잎벌레(감수율),0.0
2025,9,1,7,고흥군,벼잎벌레(피해율),0.0
2025,9,1,7,고흥군,벼잎벌레(발생면적율),0.0
2025,9,1,7,고흥군,벼애잎굴파리(발생추정면적),0.0
2025,9,1,7,고흥군,벼애잎굴파리(감수율),0.0
2025,9,1,7,고흥군,벼애잎굴파리(피해율),0.0
2025,9,1,7,고흥군,벼애잎굴파리(발생면적율),0.0
2025,9,1,7,고흥군,벼줄기굴파리(발생추정면적),0.0
2025,9,1,7,고흥군,벼줄기굴파리(감수율),0.0
2025,9,1,7,고흥군,벼줄기굴파리(피해율),0.0
2025,9,1,7,고흥군,벼줄기굴파리(발생면적율),0.0
2025,9,1,7,고흥군,애멸구(발생추정면적),0.0
2025,9,1,7,고흥군,애멸구(감수율),0.0
2025,9,1,7,고흥군,애멸구(피해율),0.0
2025,9,1,7,고흥군,애멸구(발생면적율),0.0
2025,9,1,7,고흥군,끝동매미충(발생추정면적),0.0
2025,9,1,7,고흥군,끝동매미충(감수율),0.0
2025,9,1,7,고흥군,끝동매미충(피해율),0.0
2025,9,1,7,고흥군,끝동매미충(발생면적율),0.0
2025,9,1,7,고흥군,벼멸구(발생추정면적),0.0
2025,9,1,7,고흥군,벼멸구(감수율),0.0
2025,9,1,7,고흥군,벼멸구(피해율),0.0
2025,9,1,7,고흥군,벼멸구(발생면적율),0.0
2025,9,1,7,고흥군,흰등멸구(발생추정면적),0.0
2025,9,1,7,고흥군,흰등멸구(감수율),0.0
2025,9,1,7,고흥군,흰등멸구(피해율),0.0
2025,9,1,7,고흥군,흰등멸구(발생면적율),0.0
2025,9,1,7,고흥군,벼물바구미(발생추정면적),0.0
2025,9,1,7,고흥군,벼물바구미(감수율),0.0
2025,9,1,7,고흥군,벼물바구미(피해율),0.0
2025,9,1,7,고흥군,벼물바구미(발생면적율),0.0
2025,9,1,7,고흥군,혹명나방(발생추정면적),11.009
2025,9,1,7,고흥군,혹명나방(감수율),0.001
2025,9,1,7,고흥군,혹명나방(피해율),0.005
2025,9,1,7,고흥군,혹명나방(발생면적율),0.105
2025,9,1,7,고흥군,멸강나방(발생추정면적),0.0
2025,9,1,7,고흥군,멸강나방(감수율),0.0
2025,9,1,7,고흥군,멸강나방(피해율),0.0
2025,9,1,7,고흥군,멸강나방(발생면적율),0.0
2025,9,1,7,고흥군,먹노린재(발생추정면적),0.0
2025,9,1,7,고흥군,먹노린재(감수율),0.0
2025,9,1,7,고흥군,먹노린재(피해율),0.0
2025,9,1,7,고흥군,먹노린재(발생면적율),0.0
2025,9,1,7,고흥군,이화명나방1화기(발생면적),0.0
2025,9,1,7,고흥군,이화명나방1화기(감수율),0.0
2025,9,1,7,고흥군,이화명나방1화기(피해율),0.0
2025,9,1,7,고흥군,이화명나방1화기(발생면적률),0.0
2025,9,1,7,고흥군,이화명나방2화기(발생면적),0.0
2025,9,1,7,고흥군,이화명나방2화기(감수율),0.0
2025,9,1,7,고흥군,이화명나방2화기(피해율),0.0
2025,9,1,7,고흥군,이화명나방2화기(발생면적률),0.0
2025,9,1,7,고흥군,바이러스병(발생추정면적),0.0
2025,9,1,7,고흥군,바이러스병(감수율),0.0
2025,9,1,7,고흥군,바이러스병(피해율),0.0
2025,9,1,7,고흥군,바이러스병(발생면적율),0.0
2025,9,1,7,고흥군,키다리병(발생추정면적),0.0
2025,9,1,7,고흥군,키다리병(감수율),0.0
2025,9,1,7,고흥군,키다리병(피해율),0.0
2025,9,1,7,고흥군,키다리병(발생면적율),0.0
2025,9,1,7,고흥군,이화명나방(발생추정면적),0.0
2025,9,1,7,고흥군,이화명나방(감수율),0.0
2025,9,1,7,고흥군,이화명나방(피해율),0.0
2025,9,1,7,고흥군,이화명나방(발생면적율),0.0
2025,9,1,7,고흥군,벼애나방(발생추정면적),0.0
2025,9,1,7,고흥군,벼애나방(감수율),0.0
2025,9,1,7,고흥군,벼애나방(피해율),0.0
2025,9,1,7,고흥군,벼애나방(발생면적율),0.0
2025,9,1,7,고흥군,벼잎선충(발생추정면적),0.0
2025,9,1,7,고흥군,벼잎선충(감수율),0.0
2025,9,1,7,고흥군,벼잎선충(피해율),0.0
2025,9,1,7,고흥군,벼잎선충(발생면적율),0.0
2025,9,1,7,곡성군,잎도열병(발생추정면적),0.0
2025,9,1,7,곡성군,잎도열병(감수율),0.0
2025,9,1,7,곡성군,잎도열병(피해율),0.0
2025,9,1,7,곡성군,잎도열병(발생면적율),0.0
2025,9,1,7,곡성군,이삭도열병(발생추정면적),0.0
2025,9,1,7,곡성군,이삭도열병(감수율),0.0
2025,9,1,7,곡성군,이삭도열병(피해율),0.0
2025,9,1,7,곡성군,이삭도열병(발생면적율),0.0
2025,9,1,7,곡성군,잎집무늬마름병(발생추정면적),21.602
2025,9,1,7,곡성군,잎집무늬마름병(감수율),0.009
2025,9,1,7,곡성군,잎집무늬마름병(피해율),0.043
2025,9,1,7,곡성군,잎집무늬마름병(발생면적율),0.574
2025,9,1,7,곡성군,흰잎마름병(발생추정면적),0.815
2025,9,1,7,곡성군,흰잎마름병(감수율),0.0
2025,9,1,7,곡성군,흰잎마름병(피해율),0.001
2025,9,1,7,곡성군,흰잎마름병(발생면적율),0.022
2025,9,1,7,곡성군,세균벼알마름병(발생추정면적),0.0
2025,9,1,7,곡성군,세균벼알마름병(감수율),0.0
2025,9,1,7,곡성군,세균벼알마름병(피해율),0.0
2025,9,1,7,곡성군,세균벼알마름병(발생면적율),0.0
2025,9,1,7,곡성군,줄무늬잎마름병(발생면적),0.0
2025,9,1,7,곡성군,줄무늬잎마름병(감수율),0.0
2025,9,1,7,곡성군,줄무늬잎마름병(피해율),0.0
2025,9,1,7,곡성군,줄무늬잎마름병(발생면적률),0.0
2025,9,1,7,곡성군,벼검은줄오갈병(발생면적),0.0
2025,9,1,7,곡성군,벼검은줄오갈병(감수율),0.0
2025,9,1,7,곡성군,벼검은줄오갈병(피해율),0.0
2025,9,1,7,곡성군,벼검은줄오갈병(발생면적률),0.0
2025,9,1,7,곡성군,오갈병(발생면적),0.0
2025,9,1,7,곡성군,오갈병(감수율),0.0
2025,9,1,7,곡성군,오갈병(피해율),0.0
2025,9,1,7,곡성군,오갈병(발생면적률),0.0
2025,9,1,7,곡성군,이삭누룩병(발생추정면적),0.0
2025,9,1,7,곡성군,이삭누룩병(감수율),0.0
2025,9,1,7,곡성군,이삭누룩병(피해율),0.0
2025,9,1,7,곡성군,이삭누룩병(발생면적율),0.0
2025,9,1,7,곡성군,깨씨무늬병(발생추정면적),8.559
2025,9,1,7,곡성군,깨씨무늬병(감수율),0.002
2025,9,1,7,곡성군,깨씨무늬병(피해율),0.011
2025,9,1,7,곡성군,깨씨무늬병(발생면적율),0.227
2025,9,1,7,곡성군,벼잎벌레(발생추정면적),0.0
2025,9,1,7,곡성군,벼잎벌레(감수율),0.0
2025,9,1,7,곡성군,벼잎벌레(피해율),0.0
2025,9,1,7,곡성군,벼잎벌레(발생면적율),0.0
2025,9,1,7,곡성군,벼애잎굴파리(발생추정면적),0.0
2025,9,1,7,곡성군,벼애잎굴파리(감수율),0.0
2025,9,1,7,곡성군,벼애잎굴파리(피해율),0.0
2025,9,1,7,곡성군,벼애잎굴파리(발생면적율),0.0
2025,9,1,7,곡성군,벼줄기굴파리(발생추정면적),0.0
2025,9,1,7,곡성군,벼줄기굴파리(감수율),0.0
2025,9,1,7,곡성군,벼줄기굴파리(피해율),0.0
2025,9,1,7,곡성군,벼줄기굴파리(발생면적율),0.0
2025,9,1,7,곡성군,애멸구(발생추정면적),0.0
2025,9,1,7,곡성군,애멸구(감수율),0.0
2025,9,1,7,곡성군,애멸구(피해율),0.0
2025,9,1,7,곡성군,애멸구(발생면적율),0.0
2025,9,1,7,곡성군,끝동매미충(발생추정면적),0.0
2025,9,1,7,곡성군,끝동매미충(감수율),0.0
2025,9,1,7,곡성군,끝동매미충(피해율),0.0
2025,9,1,7,곡성군,끝동매미충(발생면적율),0.0
2025,9,1,7,곡성군,벼멸구(발생추정면적),0.0
2025,9,1,7,곡성군,벼멸구(감수율),0.0
2025,9,1,7,곡성군,벼멸구(피해율),0.0
2025,9,1,7,곡성군,벼멸구(발생면적율),0.0
2025,9,1,7,곡성군,흰등멸구(발생추정면적),0.0
2025,9,1,7,곡성군,흰등멸구(감수율),0.0
2025,9,1,7,곡성군,흰등멸구(피해율),0.0
2025,9,1,7,곡성군,흰등멸구(발생면적율),0.0
2025,9,1,7,곡성군,벼물바구미(발생추정면적),0.0
2025,9,1,7,곡성군,벼물바구미(감수율),0.0
2025,9,1,7,곡성군,벼물바구미(피해율),0.0
2025,9,1,7,곡성군,벼물바구미(발생면적율),0.0
2025,9,1,7,곡성군,혹명나방(발생추정면적),0.0
2025,9,1,7,곡성군,혹명나방(감수율),0.0
2025,9,1,7,곡성군,혹명나방(피해율),0.0
2025,9,1,7,곡성군,혹명나방(발생면적율),0.0
2025,9,1,7,곡성군,멸강나방(발생추정면적),0.0
2025,9,1,7,곡성군,멸강나방(감수율),0.0
2025,9,1,7,곡성군,멸강나방(피해율),0.0
2025,9,1,7,곡성군,멸강나방(발생면적율),0.0
2025,9,1,7,곡성군,먹노린재(발생추정면적),0.0
2025,9,1,7,곡성군,먹노린재(감수율),0.0
2025,9,1,7,곡성군,먹노린재(피해율),0.0
2025,9,1,7,곡성군,먹노린재(발생면적율),0.0
2025,9,1,7,곡성군,이화명나방1화기(발생면적),0.0
2025,9,1,7,곡성군,이화명나방1화기(감수율),0.0
2025,9,1,7,곡성군,이화명나방1화기(피해율),0.0
2025,9,1,7,곡성군,이화명나방1화기(발생면적률),0.0
2025,9,1,7,곡성군,이화명나방2화기(발생면적),0.0
2025,9,1,7,곡성군,이화명나방2화기(감수율),0.0
2025,9,1,7,곡성군,이화명나방2화기(피해율),0.0
2025,9,1,7,곡성군,이화명나방2화기(발생면적률),0.0
2025,9,1,7,곡성군,바이러스병(발생추정면적),0.0
2025,9,1,7,곡성군,바이러스병(감수율),0.0
2025,9,1,7,곡성군,바이러스병(피해율),0.0
2025,9,1,7,곡성군,바이러스병(발생면적율),0.0
2025,9,1,7,곡성군,키다리병(발생추정면적),0.0
2025,9,1,7,곡성군,키다리병(감수율),0.0
2025,9,1,7,곡성군,키다리병(피해율),0.0
2025,9,1,7,곡성군,키다리병(발생면적율),0.0
2025,9,1,7,곡성군,이화명나방(발생추정면적),0.0
2025,9,1,7,곡성군,이화명나방(감수율),0.0
2025,9,1,7,곡성군,이화명나방(피해율),0.0
2025,9,1,7,곡성군,이화명나방(발생면적율),0.0
2025,9,1,7,곡성군,벼애나방(발생추정면적),0.0
2025,9,1,7,곡성군,벼애나방(감수율),0.0
2025,9,1,7,곡성군,벼애나방(피해율),0.0
2025,9,1,7,곡성군,벼애나방(발생면적율),0.0
2025,9,1,7,곡성군,벼잎선충(발생추정면적),0.0
2025,9,1,7,곡성군,벼잎선충(감수율),0.0
2025,9,1,7,곡성군,벼잎선충(피해율),0.0
2025,9,1,7,곡성군,벼잎선충(발생면적율),0.0
2025,9,1,7,광양시,잎도열병(발생추정면적),0.0
2025,9,1,7,광양시,잎도열병(감수율),0.0
2025,9,1,7,광양시,잎도열병(피해율),0.0
2025,9,1,7,광양시,잎도열병(발생면적율),0.0
2025,9,1,7,광양시,이삭도열병(발생추정면적),0.0
2025,9,1,7,광양시,이삭도열병(감수율),0.0
2025,9,1,7,광양시,이삭도열병(피해율),0.0
2025,9,1,7,광양시,이삭도열병(발생면적율),0.0
2025,9,1,7,광양시,잎집무늬마름병(발생추정면적),0.0
2025,9,1,7,광양시,잎집무늬마름병(감수율),0.0
2025,9,1,7,광양시,잎집무늬마름병(피해율),0.0
2025,9,1,7,광양시,잎집무늬마름병(발생면적율),0.0
2025,9,1,7,광양시,흰잎마름병(발생추정면적),0.0
2025,9,1,7,광양시,흰잎마름병(감수율),0.0
2025,9,1,7,광양시,흰잎마름병(피해율),0.0
2025,9,1,7,광양시,흰잎마름병(발생면적율),0.0
2025,9,1,7,광양시,세균벼알마름병(발생추정면적),0.0
2025,9,1,7,광양시,세균벼알마름병(감수율),0.0
2025,9,1,7,광양시,세균벼알마름병(피해율),0.0
2025,9,1,7,광양시,세균벼알마름병(발생면적율),0.0
2025,9,1,7,광양시,줄무늬잎마름병(발생면적),0.0
2025,9,1,7,광양시,줄무늬잎마름병(감수율),0.0
2025,9,1,7,광양시,줄무늬잎마름병(피해율),0.0
2025,9,1,7,광양시,줄무늬잎마름병(발생면적률),0.0
2025,9,1,7,광양시,벼검은줄오갈병(발생면적),0.0
2025,9,1,7,광양시,벼검은줄오갈병(감수율),0.0
2025,9,1,7,광양시,벼검은줄오갈병(피해율),0.0
2025,9,1,7,광양시,벼검은줄오갈병(발생면적률),0.0
2025,9,1,7,광양시,오갈병(발생면적),0.0
2025,9,1,7,광양시,오갈병(감수율),0.0
2025,9,1,7,광양시,오갈병(피해율),0.0
2025,9,1,7,광양시,오갈병(발생면적률),0.0
2025,9,1,7,광양시,이삭누룩병(발생추정면적),0.0
2025,9,1,7,광양시,이삭누룩병(감수율),0.0
2025,9,1,7,광양시,이삭누룩병(피해율),0.0
2025,9,1,7,광양시,이삭누룩병(발생면적율),0.0
2025,9,1,7,광양시,깨씨무늬병(발생추정면적),0.545
2025,9,1,7,광양시,깨씨무늬병(감수율),0.0
2025,9,1,7,광양시,깨씨무늬병(피해율),0.002
2025,9,1,7,광양시,깨씨무늬병(발생면적율),0.048
2025,9,1,7,광양시,벼잎벌레(발생추정면적),0.0
2025,9,1,7,광양시,벼잎벌레(감수율),0.0
2025,9,1,7,광양시,벼잎벌레(피해율),0.0
2025,9,1,7,광양시,벼잎벌레(발생면적율),0.0
2025,9,1,7,광양시,벼애잎굴파리(발생추정면적),0.0
2025,9,1,7,광양시,벼애잎굴파리(감수율),0.0
2025,9,1,7,광양시,벼애잎굴파리(피해율),0.0
2025,9,1,7,광양시,벼애잎굴파리(발생면적율),0.0
2025,9,1,7,광양시,벼줄기굴파리(발생추정면적),0.0
2025,9,1,7,광양시,벼줄기굴파리(감수율),0.0
2025,9,1,7,광양시,벼줄기굴파리(피해율),0.0
2025,9,1,7,광양시,벼줄기굴파리(발생면적율),0.0
2025,9,1,7,광양시,애멸구(발생추정면적),0.0
2025,9,1,7,광양시,애멸구(감수율),0.0
2025,9,1,7,광양시,애멸구(피해율),0.0
2025,9,1,7,광양시,애멸구(발생면적율),0.0
2025,9,1,7,광양시,끝동매미충(발생추정면적),0.0
2025,9,1,7,광양시,끝동매미충(감수율),0.0
2025,9,1,7,광양시,끝동매미충(피해율),0.0
2025,9,1,7,광양시,끝동매미충(발생면적율),0.0
2025,9,1,7,광양시,벼멸구(발생추정면적),0.0
2025,9,1,7,광양시,벼멸구(감수율),0.0
2025,9,1,7,광양시,벼멸구(피해율),0.0
2025,9,1,7,광양시,벼멸구(발생면적율),0.0
2025,9,1,7,광양시,흰등멸구(발생추정면적),0.0
2025,9,1,7,광양시,흰등멸구(감수율),0.0
2025,9,1,7,광양시,흰등멸구(피해율),0.0
2025,9,1,7,광양시,흰등멸구(발생면적율),0.0
2025,9,1,7,광양시,벼물바구미(발생추정면적),0.0
2025,9,1,7,광양시,벼물바구미(감수율),0.0
2025,9,1,7,광양시,벼물바구미(피해율),0.0
2025,9,1,7,광양시,벼물바구미(발생면적율),0.0
2025,9,1,7,광양시,혹명나방(발생추정면적),0.0
2025,9,1,7,광양시,혹명나방(감수율),0.0
2025,9,1,7,광양시,혹명나방(피해율),0.0
2025,9,1,7,광양시,혹명나방(발생면적율),0.0
2025,9,1,7,광양시,멸강나방(발생추정면적),0.0
2025,9,1,7,광양시,멸강나방(감수율),0.0
2025,9,1,7,광양시,멸강나방(피해율),0.0
2025,9,1,7,광양시,멸강나방(발생면적율),0.0
2025,9,1,7,광양시,먹노린재(발생추정면적),0.0
2025,9,1,7,광양시,먹노린재(감수율),0.0
2025,9,1,7,광양시,먹노린재(피해율),0.0
2025,9,1,7,광양시,먹노린재(발생면적율),0.0
2025,9,1,7,광양시,이화명나방1화기(발생면적),0.0
2025,9,1,7,광양시,이화명나방1화기(감수율),0.0
2025,9,1,7,광양시,이화명나방1화기(피해율),0.0
2025,9,1,7,광양시,이화명나방1화기(발생면적률),0.0
2025,9,1,7,광양시,이화명나방2화기(발생면적),0.0
2025,9,1,7,광양시,이화명나방2화기(감수율),0.0
2025,9,1,7,광양시,이화명나방2화기(피해율),0.0
2025,9,1,7,광양시,이화명나방2화기(발생면적률),0.0
2025,9,1,7,광양시,바이러스병(발생추정면적),0.0
2025,9,1,7,광양시,바이러스병(감수율),0.0
2025,9,1,7,광양시,바이러스병(피해율),0.0
2025,9,1,7,광양시,바이러스병(발생면적율),0.0
2025,9,1,7,광양시,키다리병(발생추정면적),0.0
2025,9,1,7,광양시,키다리병(감수율),0.0
2025,9,1,7,광양시,키다리병(피해율),0.0
2025,9,1,7,광양시,키다리병(발생면적율),0.0
2025,9,1,7,광양시,이화명나방(발생추정면적),0.0
2025,9,1,7,광양시,이화명나방(감수율),0.0
2025,9,1,7,광양시,이화명나방(피해율),0.0
2025,9,1,7,광양시,이화명나방(발생면적율),0.0
2025,9,1,7,광양시,벼애나방(발생추정면적),0.0
2025,9,1,7,광양시,벼애나방(감수율),0.0
2025,9,1,7,광양시,벼애나방(피해율),0.0
2025,9,1,7,광양시,벼애나방(발생면적율),0.0
2025,9,1,7,광양시,벼잎선충(발생추정면적),0.0
2025,9,1,7,광양시,벼잎선충(감수율),0.0
2025,9,1,7,광양시,벼잎선충(피해율),0.0
2025,9,1,7,광양시,벼잎선충(발생면적율),0.0
2025,9,1,7,구례군,잎도열병(발생추정면적),0.0
2025,9,1,7,구례군,잎도열병(감수율),0.0
2025,9,1,7,구례군,잎도열병(피해율),0.0
2025,9,1,7,구례군,잎도열병(발생면적율),0.0
2025,9,1,7,구례군,이삭도열병(발생추정면적),0.0
2025,9,1,7,구례군,이삭도열병(감수율),0.0
2025,9,1,7,구례군,이삭도열병(피해율),0.0
2025,9,1,7,구례군,이삭도열병(발생면적율),0.0
2025,9,1,7,구례군,잎집무늬마름병(발생추정면적),2.466
2025,9,1,7,구례군,잎집무늬마름병(감수율),0.002
2025,9,1,7,구례군,잎집무늬마름병(피해율),0.009
2025,9,1,7,구례군,잎집무늬마름병(발생면적율),0.127
2025,9,1,7,구례군,흰잎마름병(발생추정면적),0.0
2025,9,1,7,구례군,흰잎마름병(감수율),0.0
2025,9,1,7,구례군,흰잎마름병(피해율),0.0
2025,9,1,7,구례군,흰잎마름병(발생면적율),0.0
2025,9,1,7,구례군,세균벼알마름병(발생추정면적),0.0
2025,9,1,7,구례군,세균벼알마름병(감수율),0.0
2025,9,1,7,구례군,세균벼알마름병(피해율),0.0
2025,9,1,7,구례군,세균벼알마름병(발생면적율),0.0
2025,9,1,7,구례군,줄무늬잎마름병(발생면적),0.0
2025,9,1,7,구례군,줄무늬잎마름병(감수율),0.0
2025,9,1,7,구례군,줄무늬잎마름병(피해율),0.0
2025,9,1,7,구례군,줄무늬잎마름병(발생면적률),0.0
2025,9,1,7,구례군,벼검은줄오갈병(발생면적),0.0
2025,9,1,7,구례군,벼검은줄오갈병(감수율),0.0
2025,9,1,7,구례군,벼검은줄오갈병(피해율),0.0
2025,9,1,7,구례군,벼검은줄오갈병(발생면적률),0.0
2025,9,1,7,구례군,오갈병(발생면적),0.0
2025,9,1,7,구례군,오갈병(감수율),0.0
2025,9,1,7,구례군,오갈병(피해율),0.0
2025,9,1,7,구례군,오갈병(발생면적률),0.0
2025,9,1,7,구례군,이삭누룩병(발생추정면적),0.0
2025,9,1,7,구례군,이삭누룩병(감수율),0.0
2025,9,1,7,구례군,이삭누룩병(피해율),0.0
2025,9,1,7,구례군,이삭누룩병(발생면적율),0.0
2025,9,1,7,구례군,깨씨무늬병(발생추정면적),3.288
2025,9,1,7,구례군,깨씨무늬병(감수율),0.002
2025,9,1,7,구례군,깨씨무늬병(피해율),0.008
2025,9,1,7,구례군,깨씨무늬병(발생면적율),0.169
2025,9,1,7,구례군,벼잎벌레(발생추정면적),0.0
2025,9,1,7,구례군,벼잎벌레(감수율),0.0
2025,9,1,7,구례군,벼잎벌레(피해율),0.0
2025,9,1,7,구례군,벼잎벌레(발생면적율),0.0
2025,9,1,7,구례군,벼애잎굴파리(발생추정면적),0.0
2025,9,1,7,구례군,벼애잎굴파리(감수율),0.0
2025,9,1,7,구례군,벼애잎굴파리(피해율),0.0
2025,9,1,7,구례군,벼애잎굴파리(발생면적율),0.0
2025,9,1,7,구례군,벼줄기굴파리(발생추정면적),0.0
2025,9,1,7,구례군,벼줄기굴파리(감수율),0.0
2025,9,1,7,구례군,벼줄기굴파리(피해율),0.0
2025,9,1,7,구례군,벼줄기굴파리(발생면적율),0.0
2025,9,1,7,구례군,애멸구(발생추정면적),0.0
2025,9,1,7,구례군,애멸구(감수율),0.0
2025,9,1,7,구례군,애멸구(피해율),0.0
2025,9,1,7,구례군,애멸구(발생면적율),0.0
2025,9,1,7,구례군,끝동매미충(발생추정면적),0.0
2025,9,1,7,구례군,끝동매미충(감수율),0.0
2025,9,1,7,구례군,끝동매미충(피해율),0.0
2025,9,1,7,구례군,끝동매미충(발생면적율),0.0
2025,9,1,7,구례군,벼멸구(발생추정면적),0.0
2025,9,1,7,구례군,벼멸구(감수율),0.0
2025,9,1,7,구례군,벼멸구(피해율),0.0
2025,9,1,7,구례군,벼멸구(발생면적율),0.0
2025,9,1,7,구례군,흰등멸구(발생추정면적),0.0
2025,9,1,7,구례군,흰등멸구(감수율),0.0
2025,9,1,7,구례군,흰등멸구(피해율),0.0
2025,9,1,7,구례군,흰등멸구(발생면적율),0.0
2025,9,1,7,구례군,벼물바구미(발생추정면적),0.0
2025,9,1,7,구례군,벼물바구미(감수율),0.0
2025,9,1,7,구례군,벼물바구미(피해율),0.0
2025,9,1,7,구례군,벼물바구미(발생면적율),0.0
2025,9,1,7,구례군,혹명나방(발생추정면적),0.0
2025,9,1,7,구례군,혹명나방(감수율),0.0
2025,9,1,7,구례군,혹명나방(피해율),0.0
2025,9,1,7,구례군,혹명나방(발생면적율),0.0
2025,9,1,7,구례군,멸강나방(발생추정면적),0.0
2025,9,1,7,구례군,멸강나방(감수율),0.0
2025,9,1,7,구례군,멸강나방(피해율),0.0
2025,9,1,7,구례군,멸강나방(발생면적율),0.0
2025,9,1,7,구례군,먹노린재(발생추정면적),0.0
2025,9,1,7,구례군,먹노린재(감수율),0.0
2025,9,1,7,구례군,먹노린재(피해율),0.0
2025,9,1,7,구례군,먹노린재(발생면적율),0.0
2025,9,1,7,구례군,이화명나방1화기(발생면적),0.0
2025,9,1,7,구례군,이화명나방1화기(감수율),0.0
2025,9,1,7,구례군,이화명나방1화기(피해율),0.0
2025,9,1,7,구례군,이화명나방1화기(발생면적률),0.0
2025,9,1,7,구례군,이화명나방2화기(발생면적),0.0
2025,9,1,7,구례군,이화명나방2화기(감수율),0.0
2025,9,1,7,구례군,이화명나방2화기(피해율),0.0
2025,9,1,7,구례군,이화명나방2화기(발생면적률),0.0
2025,9,1,7,구례군,바이러스병(발생추정면적),0.0
2025,9,1,7,구례군,바이러스병(감수율),0.0
2025,9,1,7,구례군,바이러스병(피해율),0.0
2025,9,1,7,구례군,바이러스병(발생면적율),0.0
2025,9,1,7,구례군,키다리병(발생추정면적),0.0
2025,9,1,7,구례군,키다리병(감수율),0.0
2025,9,1,7,구례군,키다리병(피해율),0.0
2025,9,1,7,구례군,키다리병(발생면적율),0.0
2025,9,1,7,구례군,이화명나방(발생추정면적),0.0
2025,9,1,7,구례군,이화명나방(감수율),0.0
2025,9,1,7,구례군,이화명나방(피해율),0.0
2025,9,1,7,구례군,이화명나방(발생면적율),0.0
2025,9,1,7,구례군,벼애나방(발생추정면적),0.0
2025,9,1,7,구례군,벼애나방(감수율),0.0
2025,9,1,7,구례군,벼애나방(피해율),0.0
2025,9,1,7,구례군,벼애나방(발생면적율),0.0
2025,9,1,7,구례군,벼잎선충(발생추정면적),0.0
2025,9,1,7,구례군,벼잎선충(감수율),0.0
2025,9,1,7,구례군,벼잎선충(피해율),0.0
2025,9,1,7,구례군,벼잎선충(발생면적율),0.0
2025,9,1,7,나주시,잎도열병(발생추정면적),0.0
2025,9,1,7,나주시,잎도열병(감수율),0.0
2025,9,1,7,나주시,잎도열병(피해율),0.0
2025,9,1,7,나주시,잎도열병(발생면적율),0.0
2025,9,1,7,나주시,이삭도열병(발생추정면적),0.0
2025,9,1,7,나주시,이삭도열병(감수율),0.0
2025,9,1,7,나주시,이삭도열병(피해율),0.0
2025,9,1,7,나주시,이삭도열병(발생면적율),0.0
2025,9,1,7,나주시,잎집무늬마름병(발생추정면적),11.985
2025,9,1,7,나주시,잎집무늬마름병(감수율),0.002
2025,9,1,7,나주시,잎집무늬마름병(피해율),0.008
2025,9,1,7,나주시,잎집무늬마름병(발생면적율),0.108
2025,9,1,7,나주시,흰잎마름병(발생추정면적),0.0
2025,9,1,7,나주시,흰잎마름병(감수율),0.0
2025,9,1,7,나주시,흰잎마름병(피해율),0.0
2025,9,1,7,나주시,흰잎마름병(발생면적율),0.0
2025,9,1,7,나주시,세균벼알마름병(발생추정면적),0.461
2025,9,1,7,나주시,세균벼알마름병(감수율),0.0
2025,9,1,7,나주시,세균벼알마름병(피해율),0.0
2025,9,1,7,나주시,세균벼알마름병(발생면적율),0.004
2025,9,1,7,나주시,줄무늬잎마름병(발생면적),0.0
2025,9,1,7,나주시,줄무늬잎마름병(감수율),0.0
2025,9,1,7,나주시,줄무늬잎마름병(피해율),0.0
2025,9,1,7,나주시,줄무늬잎마름병(발생면적률),0.0
2025,9,1,7,나주시,벼검은줄오갈병(발생면적),0.0
2025,9,1,7,나주시,벼검은줄오갈병(감수율),0.0
2025,9,1,7,나주시,벼검은줄오갈병(피해율),0.0
2025,9,1,7,나주시,벼검은줄오갈병(발생면적률),0.0
2025,9,1,7,나주시,오갈병(발생면적),0.0
2025,9,1,7,나주시,오갈병(감수율),0.0
2025,9,1,7,나주시,오갈병(피해율),0.0
2025,9,1,7,나주시,오갈병(발생면적률),0.0
2025,9,1,7,나주시,이삭누룩병(발생추정면적),0.0
2025,9,1,7,나주시,이삭누룩병(감수율),0.0
2025,9,1,7,나주시,이삭누룩병(피해율),0.0
2025,9,1,7,나주시,이삭누룩병(발생면적율),0.0
2025,9,1,7,나주시,깨씨무늬병(발생추정면적),6.914
2025,9,1,7,나주시,깨씨무늬병(감수율),0.001
2025,9,1,7,나주시,깨씨무늬병(피해율),0.003
2025,9,1,7,나주시,깨씨무늬병(발생면적율),0.062
2025,9,1,7,나주시,벼잎벌레(발생추정면적),0.0
2025,9,1,7,나주시,벼잎벌레(감수율),0.0
2025,9,1,7,나주시,벼잎벌레(피해율),0.0
2025,9,1,7,나주시,벼잎벌레(발생면적율),0.0
2025,9,1,7,나주시,벼애잎굴파리(발생추정면적),0.0
2025,9,1,7,나주시,벼애잎굴파리(감수율),0.0
2025,9,1,7,나주시,벼애잎굴파리(피해율),0.0
2025,9,1,7,나주시,벼애잎굴파리(발생면적율),0.0
2025,9,1,7,나주시,벼줄기굴파리(발생추정면적),0.0
2025,9,1,7,나주시,벼줄기굴파리(감수율),0.0
2025,9,1,7,나주시,벼줄기굴파리(피해율),0.0
2025,9,1,7,나주시,벼줄기굴파리(발생면적율),0.0
2025,9,1,7,나주시,애멸구(발생추정면적),0.0
2025,9,1,7,나주시,애멸구(감수율),0.0
2025,9,1,7,나주시,애멸구(피해율),0.0
2025,9,1,7,나주시,애멸구(발생면적율),0.0
2025,9,1,7,나주시,끝동매미충(발생추정면적),0.0
2025,9,1,7,나주시,끝동매미충(감수율),0.0
2025,9,1,7,나주시,끝동매미충(피해율),0.0
2025,9,1,7,나주시,끝동매미충(발생면적율),0.0
2025,9,1,7,나주시,벼멸구(발생추정면적),0.0
2025,9,1,7,나주시,벼멸구(감수율),0.0
2025,9,1,7,나주시,벼멸구(피해율),0.0
2025,9,1,7,나주시,벼멸구(발생면적율),0.0
2025,9,1,7,나주시,흰등멸구(발생추정면적),2.089
2025,9,1,7,나주시,흰등멸구(감수율),0.001
2025,9,1,7,나주시,흰등멸구(피해율),0.002
2025,9,1,7,나주시,흰등멸구(발생면적율),0.021
2025,9,1,7,나주시,벼물바구미(발생추정면적),0.0
2025,9,1,7,나주시,벼물바구미(감수율),0.0
2025,9,1,7,나주시,벼물바구미(피해율),0.0
2025,9,1,7,나주시,벼물바구미(발생면적율),0.0
2025,9,1,7,나주시,혹명나방(발생추정면적),0.0
2025,9,1,7,나주시,혹명나방(감수율),0.0
2025,9,1,7,나주시,혹명나방(피해율),0.0
2025,9,1,7,나주시,혹명나방(발생면적율),0.0
2025,9,1,7,나주시,멸강나방(발생추정면적),0.0
2025,9,1,7,나주시,멸강나방(감수율),0.0
2025,9,1,7,나주시,멸강나방(피해율),0.0
2025,9,1,7,나주시,멸강나방(발생면적율),0.0
2025,9,1,7,나주시,먹노린재(발생추정면적),0.0
2025,9,1,7,나주시,먹노린재(감수율),0.0
2025,9,1,7,나주시,먹노린재(피해율),0.0
2025,9,1,7,나주시,먹노린재(발생면적율),0.0
2025,9,1,7,나주시,이화명나방1화기(발생면적),0.0
2025,9,1,7,나주시,이화명나방1화기(감수율),0.0
2025,9,1,7,나주시,이화명나방1화기(피해율),0.0
2025,9,1,7,나주시,이화명나방1화기(발생면적률),0.0
2025,9,1,7,나주시,이화명나방2화기(발생면적),0.0
2025,9,1,7,나주시,이화명나방2화기(감수율),0.0
2025,9,1,7,나주시,이화명나방2화기(피해율),0.0
2025,9,1,7,나주시,이화명나방2화기(발생면적률),0.0
2025,9,1,7,나주시,바이러스병(발생추정면적),0.0
2025,9,1,7,나주시,바이러스병(감수율),0.0
2025,9,1,7,나주시,바이러스병(피해율),0.0
2025,9,1,7,나주시,바이러스병(발생면적율),0.0
2025,9,1,7,나주시,키다리병(발생추정면적),0.0
2025,9,1,7,나주시,키다리병(감수율),0.0
2025,9,1,7,나주시,키다리병(피해율),0.0
2025,9,1,7,나주시,키다리병(발생면적율),0.0
2025,9,1,7,나주시,이화명나방(발생추정면적),0.0
2025,9,1,7,나주시,이화명나방(감수율),0.0
2025,9,1,7,나주시,이화명나방(피해율),0.0
2025,9,1,7,나주시,이화명나방(발생면적율),0.0
2025,9,1,7,나주시,벼애나방(발생추정면적),0.0
2025,9,1,7,나주시,벼애나방(감수율),0.0
2025,9,1,7,나주시,벼애나방(피해율),0.0
2025,9,1,7,나주시,벼애나방(발생면적율),0.0
2025,9,1,7,나주시,벼잎선충(발생추정면적),0.0
2025,9,1,7,나주시,벼잎선충(감수율),0.0
2025,9,1,7,나주시,벼잎선충(피해율),0.0
2025,9,1,7,나주시,벼잎선충(발생면적율),0.0
2025,9,1,7,담양군,잎도열병(발생추정면적),5.838
2025,9,1,7,담양군,잎도열병(감수율),0.0
2025,9,1,7,담양군,잎도열병(피해율),0.0
2025,9,1,7,담양군,잎도열병(발생면적율),0.111
2025,9,1,7,담양군,이삭도열병(발생추정면적),0.0
2025,9,1,7,담양군,이삭도열병(감수율),0.0
2025,9,1,7,담양군,이삭도열병(피해율),0.0
2025,9,1,7,담양군,이삭도열병(발생면적율),0.0
2025,9,1,7,담양군,잎집무늬마름병(발생추정면적),15.567
2025,9,1,7,담양군,잎집무늬마름병(감수율),0.005
2025,9,1,7,담양군,잎집무늬마름병(피해율),0.024
2025,9,1,7,담양군,잎집무늬마름병(발생면적율),0.295
2025,9,1,7,담양군,흰잎마름병(발생추정면적),5.838
2025,9,1,7,담양군,흰잎마름병(감수율),0.001
2025,9,1,7,담양군,흰잎마름병(피해율),0.006
2025,9,1,7,담양군,흰잎마름병(발생면적율),0.111
2025,9,1,7,담양군,세균벼알마름병(발생추정면적),0.0
2025,9,1,7,담양군,세균벼알마름병(감수율),0.0
2025,9,1,7,담양군,세균벼알마름병(피해율),0.0
2025,9,1,7,담양군,세균벼알마름병(발생면적율),0.0
2025,9,1,7,담양군,줄무늬잎마름병(발생면적),0.0
2025,9,1,7,담양군,줄무늬잎마름병(감수율),0.0
2025,9,1,7,담양군,줄무늬잎마름병(피해율),0.0
2025,9,1,7,담양군,줄무늬잎마름병(발생면적률),0.0
2025,9,1,7,담양군,벼검은줄오갈병(발생면적),0.0
2025,9,1,7,담양군,벼검은줄오갈병(감수율),0.0
2025,9,1,7,담양군,벼검은줄오갈병(피해율),0.0
2025,9,1,7,담양군,벼검은줄오갈병(발생면적률),0.0
2025,9,1,7,담양군,오갈병(발생면적),0.0
2025,9,1,7,담양군,오갈병(감수율),0.0
2025,9,1,7,담양군,오갈병(피해율),0.0
2025,9,1,7,담양군,오갈병(발생면적률),0.0
2025,9,1,7,담양군,이삭누룩병(발생추정면적),0.0
2025,9,1,7,담양군,이삭누룩병(감수율),0.0
2025,9,1,7,담양군,이삭누룩병(피해율),0.0
2025,9,1,7,담양군,이삭누룩병(발생면적율),0.0
2025,9,1,7,담양군,깨씨무늬병(발생추정면적),11.675
2025,9,1,7,담양군,깨씨무늬병(감수율),0.003
2025,9,1,7,담양군,깨씨무늬병(피해율),0.017
2025,9,1,7,담양군,깨씨무늬병(발생면적율),0.221
2025,9,1,7,담양군,벼잎벌레(발생추정면적),0.0
2025,9,1,7,담양군,벼잎벌레(감수율),0.0
2025,9,1,7,담양군,벼잎벌레(피해율),0.0
2025,9,1,7,담양군,벼잎벌레(발생면적율),0.0
2025,9,1,7,담양군,벼애잎굴파리(발생추정면적),0.0
2025,9,1,7,담양군,벼애잎굴파리(감수율),0.0
2025,9,1,7,담양군,벼애잎굴파리(피해율),0.0
2025,9,1,7,담양군,벼애잎굴파리(발생면적율),0.0
2025,9,1,7,담양군,벼줄기굴파리(발생추정면적),0.0
2025,9,1,7,담양군,벼줄기굴파리(감수율),0.0
2025,9,1,7,담양군,벼줄기굴파리(피해율),0.0
2025,9,1,7,담양군,벼줄기굴파리(발생면적율),0.0
2025,9,1,7,담양군,애멸구(발생추정면적),0.0
2025,9,1,7,담양군,애멸구(감수율),0.0
2025,9,1,7,담양군,애멸구(피해율),0.0
2025,9,1,7,담양군,애멸구(발생면적율),0.0
2025,9,1,7,담양군,끝동매미충(발생추정면적),0.0
2025,9,1,7,담양군,끝동매미충(감수율),0.0
2025,9,1,7,담양군,끝동매미충(피해율),0.0
2025,9,1,7,담양군,끝동매미충(발생면적율),0.0
2025,9,1,7,담양군,벼멸구(발생추정면적),0.0
2025,9,1,7,담양군,벼멸구(감수율),0.0
2025,9,1,7,담양군,벼멸구(피해율),0.0
2025,9,1,7,담양군,벼멸구(발생면적율),0.0
2025,9,1,7,담양군,흰등멸구(발생추정면적),0.0
2025,9,1,7,담양군,흰등멸구(감수율),0.0
2025,9,1,7,담양군,흰등멸구(피해율),0.0
2025,9,1,7,담양군,흰등멸구(발생면적율),0.0
2025,9,1,7,담양군,벼물바구미(발생추정면적),0.487
2025,9,1,7,담양군,벼물바구미(감수율),0.0
2025,9,1,7,담양군,벼물바구미(피해율),0.0
2025,9,1,7,담양군,벼물바구미(발생면적율),0.009
2025,9,1,7,담양군,혹명나방(발생추정면적),0.0
2025,9,1,7,담양군,혹명나방(감수율),0.0
2025,9,1,7,담양군,혹명나방(피해율),0.0
2025,9,1,7,담양군,혹명나방(발생면적율),0.0
2025,9,1,7,담양군,멸강나방(발생추정면적),0.0
2025,9,1,7,담양군,멸강나방(감수율),0.0
2025,9,1,7,담양군,멸강나방(피해율),0.0
2025,9,1,7,담양군,멸강나방(발생면적율),0.0
2025,9,1,7,담양군,먹노린재(발생추정면적),1.46
2025,9,1,7,담양군,먹노린재(감수율),0.0
2025,9,1,7,담양군,먹노린재(피해율),0.002
2025,9,1,7,담양군,먹노린재(발생면적율),0.028
2025,9,1,7,담양군,이화명나방1화기(발생면적),0.0
2025,9,1,7,담양군,이화명나방1화기(감수율),0.0
2025,9,1,7,담양군,이화명나방1화기(피해율),0.0
2025,9,1,7,담양군,이화명나방1화기(발생면적률),0.0
2025,9,1,7,담양군,이화명나방2화기(발생면적),0.973
2025,9,1,7,담양군,이화명나방2화기(감수율),0.0
2025,9,1,7,담양군,이화명나방2화기(피해율),0.0
2025,9,1,7,담양군,이화명나방2화기(발생면적률),0.018
2025,9,1,7,담양군,바이러스병(발생추정면적),0.0
2025,9,1,7,담양군,바이러스병(감수율),0.0
2025,9,1,7,담양군,바이러스병(피해율),0.0
2025,9,1,7,담양군,바이러스병(발생면적율),0.0
2025,9,1,7,담양군,키다리병(발생추정면적),0.0
2025,9,1,7,담양군,키다리병(감수율),0.0
2025,9,1,7,담양군,키다리병(피해율),0.0
2025,9,1,7,담양군,키다리병(발생면적율),0.0
2025,9,1,7,담양군,이화명나방(발생추정면적),0.0
2025,9,1,7,담양군,이화명나방(감수율),0.0
2025,9,1,7,담양군,이화명나방(피해율),0.0
2025,9,1,7,담양군,이화명나방(발생면적율),0.0
2025,9,1,7,담양군,벼애나방(발생추정면적),0.0
2025,9,1,7,담양군,벼애나방(감수율),0.0
2025,9,1,7,담양군,벼애나방(피해율),0.0
2025,9,1,7,담양군,벼애나방(발생면적율),0.0
2025,9,1,7,담양군,벼잎선충(발생추정면적),0.0
2025,9,1,7,담양군,벼잎선충(감수율),0.0
2025,9,1,7,담양군,벼잎선충(피해율),0.0
2025,9,1,7,담양군,벼잎선충(발생면적율),0.0
2025,9,1,7,무안군,잎도열병(발생추정면적),0.0
2025,9,1,7,무안군,잎도열병(감수율),0.0
2025,9,1,7,무안군,잎도열병(피해율),0.0
2025,9,1,7,무안군,잎도열병(발생면적율),0.0
2025,9,1,7,무안군,이삭도열병(발생추정면적),0.0
2025,9,1,7,무안군,이삭도열병(감수율),0.0
2025,9,1,7,무안군,이삭도열병(피해율),0.0
2025,9,1,7,무안군,이삭도열병(발생면적율),0.0
2025,9,1,7,무안군,잎집무늬마름병(발생추정면적),9.46
2025,9,1,7,무안군,잎집무늬마름병(감수율),0.002
2025,9,1,7,무안군,잎집무늬마름병(피해율),0.01
2025,9,1,7,무안군,잎집무늬마름병(발생면적율),0.124
2025,9,1,7,무안군,흰잎마름병(발생추정면적),0.0
2025,9,1,7,무안군,흰잎마름병(감수율),0.0
2025,9,1,7,무안군,흰잎마름병(피해율),0.0
2025,9,1,7,무안군,흰잎마름병(발생면적율),0.0
2025,9,1,7,무안군,세균벼알마름병(발생추정면적),0.728
2025,9,1,7,무안군,세균벼알마름병(감수율),0.0
2025,9,1,7,무안군,세균벼알마름병(피해율),0.0
2025,9,1,7,무안군,세균벼알마름병(발생면적율),0.01
2025,9,1,7,무안군,줄무늬잎마름병(발생면적),0.0
2025,9,1,7,무안군,줄무늬잎마름병(감수율),0.0
2025,9,1,7,무안군,줄무늬잎마름병(피해율),0.0
2025,9,1,7,무안군,줄무늬잎마름병(발생면적률),0.0
2025,9,1,7,무안군,벼검은줄오갈병(발생면적),0.0
2025,9,1,7,무안군,벼검은줄오갈병(감수율),0.0
2025,9,1,7,무안군,벼검은줄오갈병(피해율),0.0
2025,9,1,7,무안군,벼검은줄오갈병(발생면적률),0.0
2025,9,1,7,무안군,오갈병(발생면적),0.0
2025,9,1,7,무안군,오갈병(감수율),0.0
2025,9,1,7,무안군,오갈병(피해율),0.0
2025,9,1,7,무안군,오갈병(발생면적률),0.0
2025,9,1,7,무안군,이삭누룩병(발생추정면적),0.0
2025,9,1,7,무안군,이삭누룩병(감수율),0.0
2025,9,1,7,무안군,이삭누룩병(피해율),0.0
2025,9,1,7,무안군,이삭누룩병(발생면적율),0.0
2025,9,1,7,무안군,깨씨무늬병(발생추정면적),1.455
2025,9,1,7,무안군,깨씨무늬병(감수율),0.0
2025,9,1,7,무안군,깨씨무늬병(피해율),0.001
2025,9,1,7,무안군,깨씨무늬병(발생면적율),0.019
2025,9,1,7,무안군,벼잎벌레(발생추정면적),0.0
2025,9,1,7,무안군,벼잎벌레(감수율),0.0
2025,9,1,7,무안군,벼잎벌레(피해율),0.0
2025,9,1,7,무안군,벼잎벌레(발생면적율),0.0
2025,9,1,7,무안군,벼애잎굴파리(발생추정면적),0.0
2025,9,1,7,무안군,벼애잎굴파리(감수율),0.0
2025,9,1,7,무안군,벼애잎굴파리(피해율),0.0
2025,9,1,7,무안군,벼애잎굴파리(발생면적율),0.0
2025,9,1,7,무안군,벼줄기굴파리(발생추정면적),0.0
2025,9,1,7,무안군,벼줄기굴파리(감수율),0.0
2025,9,1,7,무안군,벼줄기굴파리(피해율),0.0
2025,9,1,7,무안군,벼줄기굴파리(발생면적율),0.0
2025,9,1,7,무안군,애멸구(발생추정면적),0.0
2025,9,1,7,무안군,애멸구(감수율),0.0
2025,9,1,7,무안군,애멸구(피해율),0.0
2025,9,1,7,무안군,애멸구(발생면적율),0.0
2025,9,1,7,무안군,끝동매미충(발생추정면적),0.0
2025,9,1,7,무안군,끝동매미충(감수율),0.0
2025,9,1,7,무안군,끝동매미충(피해율),0.0
2025,9,1,7,무안군,끝동매미충(발생면적율),0.0
2025,9,1,7,무안군,벼멸구(발생추정면적),0.0
2025,9,1,7,무안군,벼멸구(감수율),0.0
2025,9,1,7,무안군,벼멸구(피해율),0.0
2025,9,1,7,무안군,벼멸구(발생면적율),0.0
2025,9,1,7,무안군,흰등멸구(발생추정면적),0.0
2025,9,1,7,무안군,흰등멸구(감수율),0.0
2025,9,1,7,무안군,흰등멸구(피해율),0.0
2025,9,1,7,무안군,흰등멸구(발생면적율),0.0
2025,9,1,7,무안군,벼물바구미(발생추정면적),0.0
2025,9,1,7,무안군,벼물바구미(감수율),0.0
2025,9,1,7,무안군,벼물바구미(피해율),0.0
2025,9,1,7,무안군,벼물바구미(발생면적율),0.0
2025,9,1,7,무안군,혹명나방(발생추정면적),0.728
2025,9,1,7,무안군,혹명나방(감수율),0.0
2025,9,1,7,무안군,혹명나방(피해율),0.001
2025,9,1,7,무안군,혹명나방(발생면적율),0.01
2025,9,1,7,무안군,멸강나방(발생추정면적),0.0
2025,9,1,7,무안군,멸강나방(감수율),0.0
2025,9,1,7,무안군,멸강나방(피해율),0.0
2025,9,1,7,무안군,멸강나방(발생면적율),0.0
2025,9,1,7,무안군,먹노린재(발생추정면적),0.0
2025,9,1,7,무안군,먹노린재(감수율),0.0
2025,9,1,7,무안군,먹노린재(피해율),0.0
2025,9,1,7,무안군,먹노린재(발생면적율),0.0
2025,9,1,7,무안군,이화명나방1화기(발생면적),0.0
2025,9,1,7,무안군,이화명나방1화기(감수율),0.0
2025,9,1,7,무안군,이화명나방1화기(피해율),0.0
2025,9,1,7,무안군,이화명나방1화기(발생면적률),0.0
2025,9,1,7,무안군,이화명나방2화기(발생면적),0.0
2025,9,1,7,무안군,이화명나방2화기(감수율),0.0
2025,9,1,7,무안군,이화명나방2화기(피해율),0.0
2025,9,1,7,무안군,이화명나방2화기(발생면적률),0.0
2025,9,1,7,무안군,바이러스병(발생추정면적),0.0
2025,9,1,7,무안군,바이러스병(감수율),0.0
2025,9,1,7,무안군,바이러스병(피해율),0.0
2025,9,1,7,무안군,바이러스병(발생면적율),0.0
2025,9,1,7,무안군,키다리병(발생추정면적),0.0
2025,9,1,7,무안군,키다리병(감수율),0.0
2025,9,1,7,무안군,키다리병(피해율),0.0
2025,9,1,7,무안군,키다리병(발생면적율),0.0
2025,9,1,7,무안군,이화명나방(발생추정면적),0.0
2025,9,1,7,무안군,이화명나방(감수율),0.0
2025,9,1,7,무안군,이화명나방(피해율),0.0
2025,9,1,7,무안군,이화명나방(발생면적율),0.0
2025,9,1,7,무안군,벼애나방(발생추정면적),0.0
2025,9,1,7,무안군,벼애나방(감수율),0.0
2025,9,1,7,무안군,벼애나방(피해율),0.0
2025,9,1,7,무안군,벼애나방(발생면적율),0.0
2025,9,1,7,무안군,벼잎선충(발생추정면적),0.0
2025,9,1,7,무안군,벼잎선충(감수율),0.0
2025,9,1,7,무안군,벼잎선충(피해율),0.0
2025,9,1,7,무안군,벼잎선충(발생면적율),0.0
2025,9,1,7,보성군,잎도열병(발생추정면적),0.0
2025,9,1,7,보성군,잎도열병(감수율),0.0
2025,9,1,7,보성군,잎도열병(피해율),0.0
2025,9,1,7,보성군,잎도열병(발생면적율),0.0
2025,9,1,7,보성군,이삭도열병(발생추정면적),0.0
2025,9,1,7,보성군,이삭도열병(감수율),0.0
2025,9,1,7,보성군,이삭도열병(피해율),0.0
2025,9,1,7,보성군,이삭도열병(발생면적율),0.0
2025,9,1,7,보성군,잎집무늬마름병(발생추정면적),58.298
2025,9,1,7,보성군,잎집무늬마름병(감수율),0.014
2025,9,1,7,보성군,잎집무늬마름병(피해율),0.07
2025,9,1,7,보성군,잎집무늬마름병(발생면적율),0.749
2025,9,1,7,보성군,흰잎마름병(발생추정면적),7.39
2025,9,1,7,보성군,흰잎마름병(감수율),0.004
2025,9,1,7,보성군,흰잎마름병(피해율),0.019
2025,9,1,7,보성군,흰잎마름병(발생면적율),0.095
2025,9,1,7,보성군,세균벼알마름병(발생추정면적),0.0
2025,9,1,7,보성군,세균벼알마름병(감수율),0.0
2025,9,1,7,보성군,세균벼알마름병(피해율),0.0
2025,9,1,7,보성군,세균벼알마름병(발생면적율),0.0
2025,9,1,7,보성군,줄무늬잎마름병(발생면적),0.0
2025,9,1,7,보성군,줄무늬잎마름병(감수율),0.0
2025,9,1,7,보성군,줄무늬잎마름병(피해율),0.0
2025,9,1,7,보성군,줄무늬잎마름병(발생면적률),0.0
2025,9,1,7,보성군,벼검은줄오갈병(발생면적),0.0
2025,9,1,7,보성군,벼검은줄오갈병(감수율),0.0
2025,9,1,7,보성군,벼검은줄오갈병(피해율),0.0
2025,9,1,7,보성군,벼검은줄오갈병(발생면적률),0.0
2025,9,1,7,보성군,오갈병(발생면적),0.0
2025,9,1,7,보성군,오갈병(감수율),0.0
2025,9,1,7,보성군,오갈병(피해율),0.0
2025,9,1,7,보성군,오갈병(발생면적률),0.0
2025,9,1,7,보성군,이삭누룩병(발생추정면적),0.0
2025,9,1,7,보성군,이삭누룩병(감수율),0.0
2025,9,1,7,보성군,이삭누룩병(피해율),0.0
2025,9,1,7,보성군,이삭누룩병(발생면적율),0.0
2025,9,1,7,보성군,깨씨무늬병(발생추정면적),64.867
2025,9,1,7,보성군,깨씨무늬병(감수율),0.038
2025,9,1,7,보성군,깨씨무늬병(피해율),0.188
2025,9,1,7,보성군,깨씨무늬병(발생면적율),0.833
2025,9,1,7,보성군,벼잎벌레(발생추정면적),0.0
2025,9,1,7,보성군,벼잎벌레(감수율),0.0
2025,9,1,7,보성군,벼잎벌레(피해율),0.0
2025,9,1,7,보성군,벼잎벌레(발생면적율),0.0
2025,9,1,7,보성군,벼애잎굴파리(발생추정면적),0.0
2025,9,1,7,보성군,벼애잎굴파리(감수율),0.0
2025,9,1,7,보성군,벼애잎굴파리(피해율),0.0
2025,9,1,7,보성군,벼애잎굴파리(발생면적율),0.0
2025,9,1,7,보성군,벼줄기굴파리(발생추정면적),0.0
2025,9,1,7,보성군,벼줄기굴파리(감수율),0.0
2025,9,1,7,보성군,벼줄기굴파리(피해율),0.0
2025,9,1,7,보성군,벼줄기굴파리(발생면적율),0.0
2025,9,1,7,보성군,애멸구(발생추정면적),0.0
2025,9,1,7,보성군,애멸구(감수율),0.0
2025,9,1,7,보성군,애멸구(피해율),0.0
2025,9,1,7,보성군,애멸구(발생면적율),0.0
2025,9,1,7,보성군,끝동매미충(발생추정면적),0.0
2025,9,1,7,보성군,끝동매미충(감수율),0.0
2025,9,1,7,보성군,끝동매미충(피해율),0.0
2025,9,1,7,보성군,끝동매미충(발생면적율),0.0
2025,9,1,7,보성군,벼멸구(발생추정면적),0.0
2025,9,1,7,보성군,벼멸구(감수율),0.0
2025,9,1,7,보성군,벼멸구(피해율),0.0
2025,9,1,7,보성군,벼멸구(발생면적율),0.0
2025,9,1,7,보성군,흰등멸구(발생추정면적),0.0
2025,9,1,7,보성군,흰등멸구(감수율),0.0
2025,9,1,7,보성군,흰등멸구(피해율),0.0
2025,9,1,7,보성군,흰등멸구(발생면적율),0.0
2025,9,1,7,보성군,벼물바구미(발생추정면적),0.0
2025,9,1,7,보성군,벼물바구미(감수율),0.0
2025,9,1,7,보성군,벼물바구미(피해율),0.0
2025,9,1,7,보성군,벼물바구미(발생면적율),0.0
2025,9,1,7,보성군,혹명나방(발생추정면적),0.0
2025,9,1,7,보성군,혹명나방(감수율),0.0
2025,9,1,7,보성군,혹명나방(피해율),0.0
2025,9,1,7,보성군,혹명나방(발생면적율),0.0
2025,9,1,7,보성군,멸강나방(발생추정면적),0.0
2025,9,1,7,보성군,멸강나방(감수율),0.0
2025,9,1,7,보성군,멸강나방(피해율),0.0
2025,9,1,7,보성군,멸강나방(발생면적율),0.0
2025,9,1,7,보성군,먹노린재(발생추정면적),0.0
2025,9,1,7,보성군,먹노린재(감수율),0.0
2025,9,1,7,보성군,먹노린재(피해율),0.0
2025,9,1,7,보성군,먹노린재(발생면적율),0.0
2025,9,1,7,보성군,이화명나방1화기(발생면적),0.0
2025,9,1,7,보성군,이화명나방1화기(감수율),0.0
2025,9,1,7,보성군,이화명나방1화기(피해율),0.0
2025,9,1,7,보성군,이화명나방1화기(발생면적률),0.0
2025,9,1,7,보성군,이화명나방2화기(발생면적),0.0
2025,9,1,7,보성군,이화명나방2화기(감수율),0.0
2025,9,1,7,보성군,이화명나방2화기(피해율),0.0
2025,9,1,7,보성군,이화명나방2화기(발생면적률),0.0
2025,9,1,7,보성군,바이러스병(발생추정면적),0.0
2025,9,1,7,보성군,바이러스병(감수율),0.0
2025,9,1,7,보성군,바이러스병(피해율),0.0
2025,9,1,7,보성군,바이러스병(발생면적율),0.0
2025,9,1,7,보성군,키다리병(발생추정면적),0.0
2025,9,1,7,보성군,키다리병(감수율),0.0
2025,9,1,7,보성군,키다리병(피해율),0.0
2025,9,1,7,보성군,키다리병(발생면적율),0.0
2025,9,1,7,보성군,이화명나방(발생추정면적),0.0
2025,9,1,7,보성군,이화명나방(감수율),0.0
2025,9,1,7,보성군,이화명나방(피해율),0.0
2025,9,1,7,보성군,이화명나방(발생면적율),0.0
2025,9,1,7,보성군,벼애나방(발생추정면적),0.0
2025,9,1,7,보성군,벼애나방(감수율),0.0
2025,9,1,7,보성군,벼애나방(피해율),0.0
2025,9,1,7,보성군,벼애나방(발생면적율),0.0
2025,9,1,7,보성군,벼잎선충(발생추정면적),0.0
2025,9,1,7,보성군,벼잎선충(감수율),0.0
2025,9,1,7,보성군,벼잎선충(피해율),0.0
2025,9,1,7,보성군,벼잎선충(발생면적율),0.0
2025,9,1,7,순천시,잎도열병(발생추정면적),10.445
2025,9,1,7,순천시,잎도열병(감수율),0.0
2025,9,1,7,순천시,잎도열병(피해율),0.001
2025,9,1,7,순천시,잎도열병(발생면적율),0.236
2025,9,1,7,순천시,이삭도열병(발생추정면적),0.0
2025,9,1,7,순천시,이삭도열병(감수율),0.0
2025,9,1,7,순천시,이삭도열병(피해율),0.0
2025,9,1,7,순천시,이삭도열병(발생면적율),0.0
2025,9,1,7,순천시,잎집무늬마름병(발생추정면적),94.0
2025,9,1,7,순천시,잎집무늬마름병(감수율),0.032
2025,9,1,7,순천시,잎집무늬마름병(피해율),0.16
2025,9,1,7,순천시,잎집무늬마름병(발생면적율),2.128
2025,9,1,7,순천시,흰잎마름병(발생추정면적),52.222
2025,9,1,7,순천시,흰잎마름병(감수율),0.012
2025,9,1,7,순천시,흰잎마름병(피해율),0.059
2025,9,1,7,순천시,흰잎마름병(발생면적율),1.182
2025,9,1,7,순천시,세균벼알마름병(발생추정면적),0.0
2025,9,1,7,순천시,세균벼알마름병(감수율),0.0
2025,9,1,7,순천시,세균벼알마름병(피해율),0.0
2025,9,1,7,순천시,세균벼알마름병(발생면적율),0.0
2025,9,1,7,순천시,줄무늬잎마름병(발생면적),0.0
2025,9,1,7,순천시,줄무늬잎마름병(감수율),0.0
2025,9,1,7,순천시,줄무늬잎마름병(피해율),0.0
2025,9,1,7,순천시,줄무늬잎마름병(발생면적률),0.0
2025,9,1,7,순천시,벼검은줄오갈병(발생면적),0.0
2025,9,1,7,순천시,벼검은줄오갈병(감수율),0.0
2025,9,1,7,순천시,벼검은줄오갈병(피해율),0.0
2025,9,1,7,순천시,벼검은줄오갈병(발생면적률),0.0
2025,9,1,7,순천시,오갈병(발생면적),0.0
2025,9,1,7,순천시,오갈병(감수율),0.0
2025,9,1,7,순천시,오갈병(피해율),0.0
2025,9,1,7,순천시,오갈병(발생면적률),0.0
2025,9,1,7,순천시,이삭누룩병(발생추정면적),0.0
2025,9,1,7,순천시,이삭누룩병(감수율),0.0
2025,9,1,7,순천시,이삭누룩병(피해율),0.0
2025,9,1,7,순천시,이삭누룩병(발생면적율),0.0
2025,9,1,7,순천시,깨씨무늬병(발생추정면적),78.333
2025,9,1,7,순천시,깨씨무늬병(감수율),0.018
2025,9,1,7,순천시,깨씨무늬병(피해율),0.089
2025,9,1,7,순천시,깨씨무늬병(발생면적율),1.773
2025,9,1,7,순천시,벼잎벌레(발생추정면적),0.0
2025,9,1,7,순천시,벼잎벌레(감수율),0.0
2025,9,1,7,순천시,벼잎벌레(피해율),0.0
2025,9,1,7,순천시,벼잎벌레(발생면적율),0.0
2025,9,1,7,순천시,벼애잎굴파리(발생추정면적),0.0
2025,9,1,7,순천시,벼애잎굴파리(감수율),0.0
2025,9,1,7,순천시,벼애잎굴파리(피해율),0.0
2025,9,1,7,순천시,벼애잎굴파리(발생면적율),0.0
2025,9,1,7,순천시,벼줄기굴파리(발생추정면적),0.0
2025,9,1,7,순천시,벼줄기굴파리(감수율),0.0
2025,9,1,7,순천시,벼줄기굴파리(피해율),0.0
2025,9,1,7,순천시,벼줄기굴파리(발생면적율),0.0
2025,9,1,7,순천시,애멸구(발생추정면적),0.0
2025,9,1,7,순천시,애멸구(감수율),0.0
2025,9,1,7,순천시,애멸구(피해율),0.0
2025,9,1,7,순천시,애멸구(발생면적율),0.0
2025,9,1,7,순천시,끝동매미충(발생추정면적),0.0
2025,9,1,7,순천시,끝동매미충(감수율),0.0
2025,9,1,7,순천시,끝동매미충(피해율),0.0
2025,9,1,7,순천시,끝동매미충(발생면적율),0.0
2025,9,1,7,순천시,벼멸구(발생추정면적),0.0
2025,9,1,7,순천시,벼멸구(감수율),0.0
2025,9,1,7,순천시,벼멸구(피해율),0.0
2025,9,1,7,순천시,벼멸구(발생면적율),0.0
2025,9,1,7,순천시,흰등멸구(발생추정면적),56.726
2025,9,1,7,순천시,흰등멸구(감수율),0.047
2025,9,1,7,순천시,흰등멸구(피해율),0.118
2025,9,1,7,순천시,흰등멸구(발생면적율),1.182
2025,9,1,7,순천시,벼물바구미(발생추정면적),0.0
2025,9,1,7,순천시,벼물바구미(감수율),0.0
2025,9,1,7,순천시,벼물바구미(피해율),0.0
2025,9,1,7,순천시,벼물바구미(발생면적율),0.0
2025,9,1,7,순천시,혹명나방(발생추정면적),36.556
2025,9,1,7,순천시,혹명나방(감수율),0.008
2025,9,1,7,순천시,혹명나방(피해율),0.041
2025,9,1,7,순천시,혹명나방(발생면적율),0.828
2025,9,1,7,순천시,멸강나방(발생추정면적),0.0
2025,9,1,7,순천시,멸강나방(감수율),0.0
2025,9,1,7,순천시,멸강나방(피해율),0.0
2025,9,1,7,순천시,멸강나방(발생면적율),0.0
2025,9,1,7,순천시,먹노린재(발생추정면적),15.667
2025,9,1,7,순천시,먹노린재(감수율),0.004
2025,9,1,7,순천시,먹노린재(피해율),0.018
2025,9,1,7,순천시,먹노린재(발생면적율),0.355
2025,9,1,7,순천시,이화명나방1화기(발생면적),0.0
2025,9,1,7,순천시,이화명나방1화기(감수율),0.0
2025,9,1,7,순천시,이화명나방1화기(피해율),0.0
2025,9,1,7,순천시,이화명나방1화기(발생면적률),0.0
2025,9,1,7,순천시,이화명나방2화기(발생면적),10.445
2025,9,1,7,순천시,이화명나방2화기(감수율),0.006
2025,9,1,7,순천시,이화명나방2화기(피해율),0.006
2025,9,1,7,순천시,이화명나방2화기(발생면적률),0.236
2025,9,1,7,순천시,바이러스병(발생추정면적),0.0
2025,9,1,7,순천시,바이러스병(감수율),0.0
2025,9,1,7,순천시,바이러스병(피해율),0.0
2025,9,1,7,순천시,바이러스병(발생면적율),0.0
2025,9,1,7,순천시,키다리병(발생추정면적),0.0
2025,9,1,7,순천시,키다리병(감수율),0.0
2025,9,1,7,순천시,키다리병(피해율),0.0
2025,9,1,7,순천시,키다리병(발생면적율),0.0
2025,9,1,7,순천시,이화명나방(발생추정면적),0.0
2025,9,1,7,순천시,이화명나방(감수율),0.0
2025,9,1,7,순천시,이화명나방(피해율),0.0
2025,9,1,7,순천시,이화명나방(발생면적율),0.0
2025,9,1,7,순천시,벼애나방(발생추정면적),0.0
2025,9,1,7,순천시,벼애나방(감수율),0.0
2025,9,1,7,순천시,벼애나방(피해율),0.0
2025,9,1,7,순천시,벼애나방(발생면적율),0.0
2025,9,1,7,순천시,벼잎선충(발생추정면적),0.0
2025,9,1,7,순천시,벼잎선충(감수율),0.0
2025,9,1,7,순천시,벼잎선충(피해율),0.0
2025,9,1,7,순천시,벼잎선충(발생면적율),0.0
2025,9,1,7,신안군,잎도열병(발생추정면적),0.0
2025,9,1,7,신안군,잎도열병(감수율),0.0
2025,9,1,7,신안군,잎도열병(피해율),0.0
2025,9,1,7,신안군,잎도열병(발생면적율),0.0
2025,9,1,7,신안군,이삭도열병(발생추정면적),0.0
2025,9,1,7,신안군,이삭도열병(감수율),0.0
2025,9,1,7,신안군,이삭도열병(피해율),0.0
2025,9,1,7,신안군,이삭도열병(발생면적율),0.0
2025,9,1,7,신안군,잎집무늬마름병(발생추정면적),54.05
2025,9,1,7,신안군,잎집무늬마름병(감수율),0.01
2025,9,1,7,신안군,잎집무늬마름병(피해율),0.05
2025,9,1,7,신안군,잎집무늬마름병(발생면적율),0.67
2025,9,1,7,신안군,흰잎마름병(발생추정면적),0.0
2025,9,1,7,신안군,흰잎마름병(감수율),0.0
2025,9,1,7,신안군,흰잎마름병(피해율),0.0
2025,9,1,7,신안군,흰잎마름병(발생면적율),0.0
2025,9,1,7,신안군,세균벼알마름병(발생추정면적),0.0
2025,9,1,7,신안군,세균벼알마름병(감수율),0.0
2025,9,1,7,신안군,세균벼알마름병(피해율),0.0
2025,9,1,7,신안군,세균벼알마름병(발생면적율),0.0
2025,9,1,7,신안군,줄무늬잎마름병(발생면적),0.0
2025,9,1,7,신안군,줄무늬잎마름병(감수율),0.0
2025,9,1,7,신안군,줄무늬잎마름병(피해율),0.0
2025,9,1,7,신안군,줄무늬잎마름병(발생면적률),0.0
2025,9,1,7,신안군,벼검은줄오갈병(발생면적),0.0
2025,9,1,7,신안군,벼검은줄오갈병(감수율),0.0
2025,9,1,7,신안군,벼검은줄오갈병(피해율),0.0
2025,9,1,7,신안군,벼검은줄오갈병(발생면적률),0.0
2025,9,1,7,신안군,오갈병(발생면적),0.0
2025,9,1,7,신안군,오갈병(감수율),0.0
2025,9,1,7,신안군,오갈병(피해율),0.0
2025,9,1,7,신안군,오갈병(발생면적률),0.0
2025,9,1,7,신안군,이삭누룩병(발생추정면적),0.0
2025,9,1,7,신안군,이삭누룩병(감수율),0.0
2025,9,1,7,신안군,이삭누룩병(피해율),0.0
2025,9,1,7,신안군,이삭누룩병(발생면적율),0.0
2025,9,1,7,신안군,깨씨무늬병(발생추정면적),20.269
2025,9,1,7,신안군,깨씨무늬병(감수율),0.003
2025,9,1,7,신안군,깨씨무늬병(피해율),0.013
2025,9,1,7,신안군,깨씨무늬병(발생면적율),0.251
2025,9,1,7,신안군,벼잎벌레(발생추정면적),0.0
2025,9,1,7,신안군,벼잎벌레(감수율),0.0
2025,9,1,7,신안군,벼잎벌레(피해율),0.0
2025,9,1,7,신안군,벼잎벌레(발생면적율),0.0
2025,9,1,7,신안군,벼애잎굴파리(발생추정면적),0.0
2025,9,1,7,신안군,벼애잎굴파리(감수율),0.0
2025,9,1,7,신안군,벼애잎굴파리(피해율),0.0
2025,9,1,7,신안군,벼애잎굴파리(발생면적율),0.0
2025,9,1,7,신안군,벼줄기굴파리(발생추정면적),0.0
2025,9,1,7,신안군,벼줄기굴파리(감수율),0.0
2025,9,1,7,신안군,벼줄기굴파리(피해율),0.0
2025,9,1,7,신안군,벼줄기굴파리(발생면적율),0.0
2025,9,1,7,신안군,애멸구(발생추정면적),0.0
2025,9,1,7,신안군,애멸구(감수율),0.0
2025,9,1,7,신안군,애멸구(피해율),0.0
2025,9,1,7,신안군,애멸구(발생면적율),0.0
2025,9,1,7,신안군,끝동매미충(발생추정면적),0.0
2025,9,1,7,신안군,끝동매미충(감수율),0.0
2025,9,1,7,신안군,끝동매미충(피해율),0.0
2025,9,1,7,신안군,끝동매미충(발생면적율),0.0
2025,9,1,7,신안군,벼멸구(발생추정면적),0.0
2025,9,1,7,신안군,벼멸구(감수율),0.0
2025,9,1,7,신안군,벼멸구(피해율),0.0
2025,9,1,7,신안군,벼멸구(발생면적율),0.0
2025,9,1,7,신안군,흰등멸구(발생추정면적),0.0
2025,9,1,7,신안군,흰등멸구(감수율),0.0
2025,9,1,7,신안군,흰등멸구(피해율),0.0
2025,9,1,7,신안군,흰등멸구(발생면적율),0.0
2025,9,1,7,신안군,벼물바구미(발생추정면적),0.0
2025,9,1,7,신안군,벼물바구미(감수율),0.0
2025,9,1,7,신안군,벼물바구미(피해율),0.0
2025,9,1,7,신안군,벼물바구미(발생면적율),0.0
2025,9,1,7,신안군,혹명나방(발생추정면적),0.0
2025,9,1,7,신안군,혹명나방(감수율),0.0
2025,9,1,7,신안군,혹명나방(피해율),0.0
2025,9,1,7,신안군,혹명나방(발생면적율),0.0
2025,9,1,7,신안군,멸강나방(발생추정면적),0.0
2025,9,1,7,신안군,멸강나방(감수율),0.0
2025,9,1,7,신안군,멸강나방(피해율),0.0
2025,9,1,7,신안군,멸강나방(발생면적율),0.0
2025,9,1,7,신안군,먹노린재(발생추정면적),1.351
2025,9,1,7,신안군,먹노린재(감수율),0.0
2025,9,1,7,신안군,먹노린재(피해율),0.001
2025,9,1,7,신안군,먹노린재(발생면적율),0.017
2025,9,1,7,신안군,이화명나방1화기(발생면적),0.0
2025,9,1,7,신안군,이화명나방1화기(감수율),0.0
2025,9,1,7,신안군,이화명나방1화기(피해율),0.0
2025,9,1,7,신안군,이화명나방1화기(발생면적률),0.0
2025,9,1,7,신안군,이화명나방2화기(발생면적),0.0
2025,9,1,7,신안군,이화명나방2화기(감수율),0.0
2025,9,1,7,신안군,이화명나방2화기(피해율),0.0
2025,9,1,7,신안군,이화명나방2화기(발생면적률),0.0
2025,9,1,7,신안군,바이러스병(발생추정면적),0.0
2025,9,1,7,신안군,바이러스병(감수율),0.0
2025,9,1,7,신안군,바이러스병(피해율),0.0
2025,9,1,7,신안군,바이러스병(발생면적율),0.0
2025,9,1,7,신안군,키다리병(발생추정면적),0.0
2025,9,1,7,신안군,키다리병(감수율),0.0
2025,9,1,7,신안군,키다리병(피해율),0.0
2025,9,1,7,신안군,키다리병(발생면적율),0.0
2025,9,1,7,신안군,이화명나방(발생추정면적),0.0
2025,9,1,7,신안군,이화명나방(감수율),0.0
2025,9,1,7,신안군,이화명나방(피해율),0.0
2025,9,1,7,신안군,이화명나방(발생면적율),0.0
2025,9,1,7,신안군,벼애나방(발생추정면적),0.0
2025,9,1,7,신안군,벼애나방(감수율),0.0
2025,9,1,7,신안군,벼애나방(피해율),0.0
2025,9,1,7,신안군,벼애나방(발생면적율),0.0
2025,9,1,7,신안군,벼잎선충(발생추정면적),0.0
2025,9,1,7,신안군,벼잎선충(감수율),0.0
2025,9,1,7,신안군,벼잎선충(피해율),0.0
2025,9,1,7,신안군,벼잎선충(발생면적율),0.0
2025,9,1,7,여수시,잎도열병(발생추정면적),4.9
2025,9,1,7,여수시,잎도열병(감수율),0.0
2025,9,1,7,여수시,잎도열병(피해율),0.001
2025,9,1,7,여수시,잎도열병(발생면적율),0.271
2025,9,1,7,여수시,이삭도열병(발생추정면적),0.0
2025,9,1,7,여수시,이삭도열병(감수율),0.0
2025,9,1,7,여수시,이삭도열병(피해율),0.0
2025,9,1,7,여수시,이삭도열병(발생면적율),0.0
2025,9,1,7,여수시,잎집무늬마름병(발생추정면적),6.86
2025,9,1,7,여수시,잎집무늬마름병(감수율),0.006
2025,9,1,7,여수시,잎집무늬마름병(피해율),0.029
2025,9,1,7,여수시,잎집무늬마름병(발생면적율),0.379
2025,9,1,7,여수시,흰잎마름병(발생추정면적),2.45
2025,9,1,7,여수시,흰잎마름병(감수율),0.001
2025,9,1,7,여수시,흰잎마름병(피해율),0.007
2025,9,1,7,여수시,흰잎마름병(발생면적율),0.136
2025,9,1,7,여수시,세균벼알마름병(발생추정면적),3.43
2025,9,1,7,여수시,세균벼알마름병(감수율),0.004
2025,9,1,7,여수시,세균벼알마름병(피해율),0.007
2025,9,1,7,여수시,세균벼알마름병(발생면적율),0.19
2025,9,1,7,여수시,줄무늬잎마름병(발생면적),0.0
2025,9,1,7,여수시,줄무늬잎마름병(감수율),0.0
2025,9,1,7,여수시,줄무늬잎마름병(피해율),0.0
2025,9,1,7,여수시,줄무늬잎마름병(발생면적률),0.0
2025,9,1,7,여수시,벼검은줄오갈병(발생면적),0.0
2025,9,1,7,여수시,벼검은줄오갈병(감수율),0.0
2025,9,1,7,여수시,벼검은줄오갈병(피해율),0.0
2025,9,1,7,여수시,벼검은줄오갈병(발생면적률),0.0
2025,9,1,7,여수시,오갈병(발생면적),0.0
2025,9,1,7,여수시,오갈병(감수율),0.0
2025,9,1,7,여수시,오갈병(피해율),0.0
2025,9,1,7,여수시,오갈병(발생면적률),0.0
2025,9,1,7,여수시,이삭누룩병(발생추정면적),0.0
2025,9,1,7,여수시,이삭누룩병(감수율),0.0
2025,9,1,7,여수시,이삭누룩병(피해율),0.0
2025,9,1,7,여수시,이삭누룩병(발생면적율),0.0
2025,9,1,7,여수시,깨씨무늬병(발생추정면적),2.94
2025,9,1,7,여수시,깨씨무늬병(감수율),0.002
2025,9,1,7,여수시,깨씨무늬병(피해율),0.008
2025,9,1,7,여수시,깨씨무늬병(발생면적율),0.163
2025,9,1,7,여수시,벼잎벌레(발생추정면적),0.0
2025,9,1,7,여수시,벼잎벌레(감수율),0.0
2025,9,1,7,여수시,벼잎벌레(피해율),0.0
2025,9,1,7,여수시,벼잎벌레(발생면적율),0.0
2025,9,1,7,여수시,벼애잎굴파리(발생추정면적),0.0
2025,9,1,7,여수시,벼애잎굴파리(감수율),0.0
2025,9,1,7,여수시,벼애잎굴파리(피해율),0.0
2025,9,1,7,여수시,벼애잎굴파리(발생면적율),0.0
2025,9,1,7,여수시,벼줄기굴파리(발생추정면적),0.0
2025,9,1,7,여수시,벼줄기굴파리(감수율),0.0
2025,9,1,7,여수시,벼줄기굴파리(피해율),0.0
2025,9,1,7,여수시,벼줄기굴파리(발생면적율),0.0
2025,9,1,7,여수시,애멸구(발생추정면적),0.0
2025,9,1,7,여수시,애멸구(감수율),0.0
2025,9,1,7,여수시,애멸구(피해율),0.0
2025,9,1,7,여수시,애멸구(발생면적율),0.0
2025,9,1,7,여수시,끝동매미충(발생추정면적),8.82
2025,9,1,7,여수시,끝동매미충(감수율),0.005
2025,9,1,7,여수시,끝동매미충(피해율),0.024
2025,9,1,7,여수시,끝동매미충(발생면적율),0.488
2025,9,1,7,여수시,벼멸구(발생추정면적),0.493
2025,9,1,7,여수시,벼멸구(감수율),0.001
2025,9,1,7,여수시,벼멸구(피해율),0.003
2025,9,1,7,여수시,벼멸구(발생면적율),0.027
2025,9,1,7,여수시,흰등멸구(발생추정면적),1.478
2025,9,1,7,여수시,흰등멸구(감수율),0.003
2025,9,1,7,여수시,흰등멸구(피해율),0.008
2025,9,1,7,여수시,흰등멸구(발생면적율),0.081
2025,9,1,7,여수시,벼물바구미(발생추정면적),0.0
2025,9,1,7,여수시,벼물바구미(감수율),0.0
2025,9,1,7,여수시,벼물바구미(피해율),0.0
2025,9,1,7,여수시,벼물바구미(발생면적율),0.0
2025,9,1,7,여수시,혹명나방(발생추정면적),6.37
2025,9,1,7,여수시,혹명나방(감수율),0.003
2025,9,1,7,여수시,혹명나방(피해율),0.017
2025,9,1,7,여수시,혹명나방(발생면적율),0.352
2025,9,1,7,여수시,멸강나방(발생추정면적),0.0
2025,9,1,7,여수시,멸강나방(감수율),0.0
2025,9,1,7,여수시,멸강나방(피해율),0.0
2025,9,1,7,여수시,멸강나방(발생면적율),0.0
2025,9,1,7,여수시,먹노린재(발생추정면적),0.0
2025,9,1,7,여수시,먹노린재(감수율),0.0
2025,9,1,7,여수시,먹노린재(피해율),0.0
2025,9,1,7,여수시,먹노린재(발생면적율),0.0
2025,9,1,7,여수시,이화명나방1화기(발생면적),0.0
2025,9,1,7,여수시,이화명나방1화기(감수율),0.0
2025,9,1,7,여수시,이화명나방1화기(피해율),0.0
2025,9,1,7,여수시,이화명나방1화기(발생면적률),0.0
2025,9,1,7,여수시,이화명나방2화기(발생면적),1.96
2025,9,1,7,여수시,이화명나방2화기(감수율),0.003
2025,9,1,7,여수시,이화명나방2화기(피해율),0.003
2025,9,1,7,여수시,이화명나방2화기(발생면적률),0.108
2025,9,1,7,여수시,바이러스병(발생추정면적),0.0
2025,9,1,7,여수시,바이러스병(감수율),0.0
2025,9,1,7,여수시,바이러스병(피해율),0.0
2025,9,1,7,여수시,바이러스병(발생면적율),0.0
2025,9,1,7,여수시,키다리병(발생추정면적),0.0
2025,9,1,7,여수시,키다리병(감수율),0.0
2025,9,1,7,여수시,키다리병(피해율),0.0
2025,9,1,7,여수시,키다리병(발생면적율),0.0
2025,9,1,7,여수시,이화명나방(발생추정면적),0.0
2025,9,1,7,여수시,이화명나방(감수율),0.0
2025,9,1,7,여수시,이화명나방(피해율),0.0
2025,9,1,7,여수시,이화명나방(발생면적율),0.0
2025,9,1,7,여수시,벼애나방(발생추정면적),0.0
2025,9,1,7,여수시,벼애나방(감수율),0.0
2025,9,1,7,여수시,벼애나방(피해율),0.0
2025,9,1,7,여수시,벼애나방(발생면적율),0.0
2025,9,1,7,여수시,벼잎선충(발생추정면적),0.0
2025,9,1,7,여수시,벼잎선충(감수율),0.0
2025,9,1,7,여수시,벼잎선충(피해율),0.0
2025,9,1,7,여수시,벼잎선충(발생면적율),0.0
2025,9,1,7,영광군,잎도열병(발생추정면적),0.0
2025,9,1,7,영광군,잎도열병(감수율),0.0
2025,9,1,7,영광군,잎도열병(피해율),0.0
2025,9,1,7,영광군,잎도열병(발생면적율),0.0
2025,9,1,7,영광군,이삭도열병(발생추정면적),0.0
2025,9,1,7,영광군,이삭도열병(감수율),0.0
2025,9,1,7,영광군,이삭도열병(피해율),0.0
2025,9,1,7,영광군,이삭도열병(발생면적율),0.0
2025,9,1,7,영광군,잎집무늬마름병(발생추정면적),0.0
2025,9,1,7,영광군,잎집무늬마름병(감수율),0.0
2025,9,1,7,영광군,잎집무늬마름병(피해율),0.0
2025,9,1,7,영광군,잎집무늬마름병(발생면적율),0.0
2025,9,1,7,영광군,흰잎마름병(발생추정면적),0.0
2025,9,1,7,영광군,흰잎마름병(감수율),0.0
2025,9,1,7,영광군,흰잎마름병(피해율),0.0
2025,9,1,7,영광군,흰잎마름병(발생면적율),0.0
2025,9,1,7,영광군,세균벼알마름병(발생추정면적),0.0
2025,9,1,7,영광군,세균벼알마름병(감수율),0.0
2025,9,1,7,영광군,세균벼알마름병(피해율),0.0
2025,9,1,7,영광군,세균벼알마름병(발생면적율),0.0
2025,9,1,7,영광군,줄무늬잎마름병(발생면적),0.0
2025,9,1,7,영광군,줄무늬잎마름병(감수율),0.0
2025,9,1,7,영광군,줄무늬잎마름병(피해율),0.0
2025,9,1,7,영광군,줄무늬잎마름병(발생면적률),0.0
2025,9,1,7,영광군,벼검은줄오갈병(발생면적),0.0
2025,9,1,7,영광군,벼검은줄오갈병(감수율),0.0
2025,9,1,7,영광군,벼검은줄오갈병(피해율),0.0
2025,9,1,7,영광군,벼검은줄오갈병(발생면적률),0.0
2025,9,1,7,영광군,오갈병(발생면적),0.0
2025,9,1,7,영광군,오갈병(감수율),0.0
2025,9,1,7,영광군,오갈병(피해율),0.0
2025,9,1,7,영광군,오갈병(발생면적률),0.0
2025,9,1,7,영광군,이삭누룩병(발생추정면적),0.0
2025,9,1,7,영광군,이삭누룩병(감수율),0.0
2025,9,1,7,영광군,이삭누룩병(피해율),0.0
2025,9,1,7,영광군,이삭누룩병(발생면적율),0.0
2025,9,1,7,영광군,깨씨무늬병(발생추정면적),1.855
2025,9,1,7,영광군,깨씨무늬병(감수율),0.0
2025,9,1,7,영광군,깨씨무늬병(피해율),0.001
2025,9,1,7,영광군,깨씨무늬병(발생면적율),0.021
2025,9,1,7,영광군,벼잎벌레(발생추정면적),0.0
2025,9,1,7,영광군,벼잎벌레(감수율),0.0
2025,9,1,7,영광군,벼잎벌레(피해율),0.0
2025,9,1,7,영광군,벼잎벌레(발생면적율),0.0
2025,9,1,7,영광군,벼애잎굴파리(발생추정면적),0.0
2025,9,1,7,영광군,벼애잎굴파리(감수율),0.0
2025,9,1,7,영광군,벼애잎굴파리(피해율),0.0
2025,9,1,7,영광군,벼애잎굴파리(발생면적율),0.0
2025,9,1,7,영광군,벼줄기굴파리(발생추정면적),0.0
2025,9,1,7,영광군,벼줄기굴파리(감수율),0.0
2025,9,1,7,영광군,벼줄기굴파리(피해율),0.0
2025,9,1,7,영광군,벼줄기굴파리(발생면적율),0.0
2025,9,1,7,영광군,애멸구(발생추정면적),0.0
2025,9,1,7,영광군,애멸구(감수율),0.0
2025,9,1,7,영광군,애멸구(피해율),0.0
2025,9,1,7,영광군,애멸구(발생면적율),0.0
2025,9,1,7,영광군,끝동매미충(발생추정면적),0.0
2025,9,1,7,영광군,끝동매미충(감수율),0.0
2025,9,1,7,영광군,끝동매미충(피해율),0.0
2025,9,1,7,영광군,끝동매미충(발생면적율),0.0
2025,9,1,7,영광군,벼멸구(발생추정면적),0.0
2025,9,1,7,영광군,벼멸구(감수율),0.0
2025,9,1,7,영광군,벼멸구(피해율),0.0
2025,9,1,7,영광군,벼멸구(발생면적율),0.0
2025,9,1,7,영광군,흰등멸구(발생추정면적),0.0
2025,9,1,7,영광군,흰등멸구(감수율),0.0
2025,9,1,7,영광군,흰등멸구(피해율),0.0
2025,9,1,7,영광군,흰등멸구(발생면적율),0.0
2025,9,1,7,영광군,벼물바구미(발생추정면적),0.0
2025,9,1,7,영광군,벼물바구미(감수율),0.0
2025,9,1,7,영광군,벼물바구미(피해율),0.0
2025,9,1,7,영광군,벼물바구미(발생면적율),0.0
2025,9,1,7,영광군,혹명나방(발생추정면적),0.0
2025,9,1,7,영광군,혹명나방(감수율),0.0
2025,9,1,7,영광군,혹명나방(피해율),0.0
2025,9,1,7,영광군,혹명나방(발생면적율),0.0
2025,9,1,7,영광군,멸강나방(발생추정면적),0.0
2025,9,1,7,영광군,멸강나방(감수율),0.0
2025,9,1,7,영광군,멸강나방(피해율),0.0
2025,9,1,7,영광군,멸강나방(발생면적율),0.0
2025,9,1,7,영광군,먹노린재(발생추정면적),0.0
2025,9,1,7,영광군,먹노린재(감수율),0.0
2025,9,1,7,영광군,먹노린재(피해율),0.0
2025,9,1,7,영광군,먹노린재(발생면적율),0.0
2025,9,1,7,영광군,이화명나방1화기(발생면적),0.0
2025,9,1,7,영광군,이화명나방1화기(감수율),0.0
2025,9,1,7,영광군,이화명나방1화기(피해율),0.0
2025,9,1,7,영광군,이화명나방1화기(발생면적률),0.0
2025,9,1,7,영광군,이화명나방2화기(발생면적),0.0
2025,9,1,7,영광군,이화명나방2화기(감수율),0.0
2025,9,1,7,영광군,이화명나방2화기(피해율),0.0
2025,9,1,7,영광군,이화명나방2화기(발생면적률),0.0
2025,9,1,7,영광군,바이러스병(발생추정면적),0.0
2025,9,1,7,영광군,바이러스병(감수율),0.0
2025,9,1,7,영광군,바이러스병(피해율),0.0
2025,9,1,7,영광군,바이러스병(발생면적율),0.0
2025,9,1,7,영광군,키다리병(발생추정면적),0.0
2025,9,1,7,영광군,키다리병(감수율),0.0
2025,9,1,7,영광군,키다리병(피해율),0.0
2025,9,1,7,영광군,키다리병(발생면적율),0.0
2025,9,1,7,영광군,이화명나방(발생추정면적),0.0
2025,9,1,7,영광군,이화명나방(감수율),0.0
2025,9,1,7,영광군,이화명나방(피해율),0.0
2025,9,1,7,영광군,이화명나방(발생면적율),0.0
2025,9,1,7,영광군,벼애나방(발생추정면적),0.0
2025,9,1,7,영광군,벼애나방(감수율),0.0
2025,9,1,7,영광군,벼애나방(피해율),0.0
2025,9,1,7,영광군,벼애나방(발생면적율),0.0
2025,9,1,7,영광군,벼잎선충(발생추정면적),0.0
2025,9,1,7,영광군,벼잎선충(감수율),0.0
2025,9,1,7,영광군,벼잎선충(피해율),0.0
2025,9,1,7,영광군,벼잎선충(발생면적율),0.0
2025,9,1,7,영암군,잎도열병(발생추정면적),0.0
2025,9,1,7,영암군,잎도열병(감수율),0.0
2025,9,1,7,영암군,잎도열병(피해율),0.0
2025,9,1,7,영암군,잎도열병(발생면적율),0.0
2025,9,1,7,영암군,이삭도열병(발생추정면적),0.0
2025,9,1,7,영암군,이삭도열병(감수율),0.0
2025,9,1,7,영암군,이삭도열병(피해율),0.0
2025,9,1,7,영암군,이삭도열병(발생면적율),0.0
2025,9,1,7,영암군,잎집무늬마름병(발생추정면적),47.267
2025,9,1,7,영암군,잎집무늬마름병(감수율),0.006
2025,9,1,7,영암군,잎집무늬마름병(피해율),0.029
2025,9,1,7,영암군,잎집무늬마름병(발생면적율),0.339
2025,9,1,7,영암군,흰잎마름병(발생추정면적),9.453
2025,9,1,7,영암군,흰잎마름병(감수율),0.001
2025,9,1,7,영암군,흰잎마름병(피해율),0.003
2025,9,1,7,영암군,흰잎마름병(발생면적율),0.068
2025,9,1,7,영암군,세균벼알마름병(발생추정면적),3.151
2025,9,1,7,영암군,세균벼알마름병(감수율),0.001
2025,9,1,7,영암군,세균벼알마름병(피해율),0.001
2025,9,1,7,영암군,세균벼알마름병(발생면적율),0.023
2025,9,1,7,영암군,줄무늬잎마름병(발생면적),0.0
2025,9,1,7,영암군,줄무늬잎마름병(감수율),0.0
2025,9,1,7,영암군,줄무늬잎마름병(피해율),0.0
2025,9,1,7,영암군,줄무늬잎마름병(발생면적률),0.0
2025,9,1,7,영암군,벼검은줄오갈병(발생면적),0.0
2025,9,1,7,영암군,벼검은줄오갈병(감수율),0.0
2025,9,1,7,영암군,벼검은줄오갈병(피해율),0.0
2025,9,1,7,영암군,벼검은줄오갈병(발생면적률),0.0
2025,9,1,7,영암군,오갈병(발생면적),0.0
2025,9,1,7,영암군,오갈병(감수율),0.0
2025,9,1,7,영암군,오갈병(피해율),0.0
2025,9,1,7,영암군,오갈병(발생면적률),0.0
2025,9,1,7,영암군,이삭누룩병(발생추정면적),0.0
2025,9,1,7,영암군,이삭누룩병(감수율),0.0
2025,9,1,7,영암군,이삭누룩병(피해율),0.0
2025,9,1,7,영암군,이삭누룩병(발생면적율),0.0
2025,9,1,7,영암군,깨씨무늬병(발생추정면적),27.01
2025,9,1,7,영암군,깨씨무늬병(감수율),0.002
2025,9,1,7,영암군,깨씨무늬병(피해율),0.01
2025,9,1,7,영암군,깨씨무늬병(발생면적율),0.194
2025,9,1,7,영암군,벼잎벌레(발생추정면적),0.0
2025,9,1,7,영암군,벼잎벌레(감수율),0.0
2025,9,1,7,영암군,벼잎벌레(피해율),0.0
2025,9,1,7,영암군,벼잎벌레(발생면적율),0.0
2025,9,1,7,영암군,벼애잎굴파리(발생추정면적),0.0
2025,9,1,7,영암군,벼애잎굴파리(감수율),0.0
2025,9,1,7,영암군,벼애잎굴파리(피해율),0.0
2025,9,1,7,영암군,벼애잎굴파리(발생면적율),0.0
2025,9,1,7,영암군,벼줄기굴파리(발생추정면적),0.0
2025,9,1,7,영암군,벼줄기굴파리(감수율),0.0
2025,9,1,7,영암군,벼줄기굴파리(피해율),0.0
2025,9,1,7,영암군,벼줄기굴파리(발생면적율),0.0
2025,9,1,7,영암군,애멸구(발생추정면적),0.0
2025,9,1,7,영암군,애멸구(감수율),0.0
2025,9,1,7,영암군,애멸구(피해율),0.0
2025,9,1,7,영암군,애멸구(발생면적율),0.0
2025,9,1,7,영암군,끝동매미충(발생추정면적),0.0
2025,9,1,7,영암군,끝동매미충(감수율),0.0
2025,9,1,7,영암군,끝동매미충(피해율),0.0
2025,9,1,7,영암군,끝동매미충(발생면적율),0.0
2025,9,1,7,영암군,벼멸구(발생추정면적),0.405
2025,9,1,7,영암군,벼멸구(감수율),0.0
2025,9,1,7,영암군,벼멸구(피해율),0.0
2025,9,1,7,영암군,벼멸구(발생면적율),0.003
2025,9,1,7,영암군,흰등멸구(발생추정면적),6.08
2025,9,1,7,영암군,흰등멸구(감수율),0.002
2025,9,1,7,영암군,흰등멸구(피해율),0.005
2025,9,1,7,영암군,흰등멸구(발생면적율),0.048
2025,9,1,7,영암군,벼물바구미(발생추정면적),0.0
2025,9,1,7,영암군,벼물바구미(감수율),0.0
2025,9,1,7,영암군,벼물바구미(피해율),0.0
2025,9,1,7,영암군,벼물바구미(발생면적율),0.0
2025,9,1,7,영암군,혹명나방(발생추정면적),7.203
2025,9,1,7,영암군,혹명나방(감수율),0.0
2025,9,1,7,영암군,혹명나방(피해율),0.003
2025,9,1,7,영암군,혹명나방(발생면적율),0.052
2025,9,1,7,영암군,멸강나방(발생추정면적),0.0
2025,9,1,7,영암군,멸강나방(감수율),0.0
2025,9,1,7,영암군,멸강나방(피해율),0.0
2025,9,1,7,영암군,멸강나방(발생면적율),0.0
2025,9,1,7,영암군,먹노린재(발생추정면적),10.354
2025,9,1,7,영암군,먹노린재(감수율),0.001
2025,9,1,7,영암군,먹노린재(피해율),0.004
2025,9,1,7,영암군,먹노린재(발생면적율),0.074
2025,9,1,7,영암군,이화명나방1화기(발생면적),0.0
2025,9,1,7,영암군,이화명나방1화기(감수율),0.0
2025,9,1,7,영암군,이화명나방1화기(피해율),0.0
2025,9,1,7,영암군,이화명나방1화기(발생면적률),0.0
2025,9,1,7,영암군,이화명나방2화기(발생면적),0.0
2025,9,1,7,영암군,이화명나방2화기(감수율),0.0
2025,9,1,7,영암군,이화명나방2화기(피해율),0.0
2025,9,1,7,영암군,이화명나방2화기(발생면적률),0.0
2025,9,1,7,영암군,바이러스병(발생추정면적),0.0
2025,9,1,7,영암군,바이러스병(감수율),0.0
2025,9,1,7,영암군,바이러스병(피해율),0.0
2025,9,1,7,영암군,바이러스병(발생면적율),0.0
2025,9,1,7,영암군,키다리병(발생추정면적),0.0
2025,9,1,7,영암군,키다리병(감수율),0.0
2025,9,1,7,영암군,키다리병(피해율),0.0
2025,9,1,7,영암군,키다리병(발생면적율),0.0
2025,9,1,7,영암군,이화명나방(발생추정면적),0.0
2025,9,1,7,영암군,이화명나방(감수율),0.0
2025,9,1,7,영암군,이화명나방(피해율),0.0
2025,9,1,7,영암군,이화명나방(발생면적율),0.0
2025,9,1,7,영암군,벼애나방(발생추정면적),0.0
2025,9,1,7,영암군,벼애나방(감수율),0.0
2025,9,1,7,영암군,벼애나방(피해율),0.0
2025,9,1,7,영암군,벼애나방(발생면적율),0.0
2025,9,1,7,영암군,벼잎선충(발생추정면적),0.0
2025,9,1,7,영암군,벼잎선충(감수율),0.0
2025,9,1,7,영암군,벼잎선충(피해율),0.0
2025,9,1,7,영암군,벼잎선충(발생면적율),0.0
2025,9,1,7,완도군,잎도열병(발생추정면적),0.0
2025,9,1,7,완도군,잎도열병(감수율),0.0
2025,9,1,7,완도군,잎도열병(피해율),0.0
2025,9,1,7,완도군,잎도열병(발생면적율),0.0
2025,9,1,7,완도군,이삭도열병(발생추정면적),0.0
2025,9,1,7,완도군,이삭도열병(감수율),0.0
2025,9,1,7,완도군,이삭도열병(피해율),0.0
2025,9,1,7,완도군,이삭도열병(발생면적율),0.0
2025,9,1,7,완도군,잎집무늬마름병(발생추정면적),0.0
2025,9,1,7,완도군,잎집무늬마름병(감수율),0.0
2025,9,1,7,완도군,잎집무늬마름병(피해율),0.0
2025,9,1,7,완도군,잎집무늬마름병(발생면적율),0.0
2025,9,1,7,완도군,흰잎마름병(발생추정면적),0.0
2025,9,1,7,완도군,흰잎마름병(감수율),0.0
2025,9,1,7,완도군,흰잎마름병(피해율),0.0
2025,9,1,7,완도군,흰잎마름병(발생면적율),0.0
2025,9,1,7,완도군,세균벼알마름병(발생추정면적),0.0
2025,9,1,7,완도군,세균벼알마름병(감수율),0.0
2025,9,1,7,완도군,세균벼알마름병(피해율),0.0
2025,9,1,7,완도군,세균벼알마름병(발생면적율),0.0
2025,9,1,7,완도군,줄무늬잎마름병(발생면적),0.0
2025,9,1,7,완도군,줄무늬잎마름병(감수율),0.0
2025,9,1,7,완도군,줄무늬잎마름병(피해율),0.0
2025,9,1,7,완도군,줄무늬잎마름병(발생면적률),0.0
2025,9,1,7,완도군,벼검은줄오갈병(발생면적),0.0
2025,9,1,7,완도군,벼검은줄오갈병(감수율),0.0
2025,9,1,7,완도군,벼검은줄오갈병(피해율),0.0
2025,9,1,7,완도군,벼검은줄오갈병(발생면적률),0.0
2025,9,1,7,완도군,오갈병(발생면적),0.0
2025,9,1,7,완도군,오갈병(감수율),0.0
2025,9,1,7,완도군,오갈병(피해율),0.0
2025,9,1,7,완도군,오갈병(발생면적률),0.0
2025,9,1,7,완도군,이삭누룩병(발생추정면적),0.0
2025,9,1,7,완도군,이삭누룩병(감수율),0.0
2025,9,1,7,완도군,이삭누룩병(피해율),0.0
2025,9,1,7,완도군,이삭누룩병(발생면적율),0.0
2025,9,1,7,완도군,깨씨무늬병(발생추정면적),0.465
2025,9,1,7,완도군,깨씨무늬병(감수율),0.0
2025,9,1,7,완도군,깨씨무늬병(피해율),0.002
2025,9,1,7,완도군,깨씨무늬병(발생면적율),0.033
2025,9,1,7,완도군,벼잎벌레(발생추정면적),0.0
2025,9,1,7,완도군,벼잎벌레(감수율),0.0
2025,9,1,7,완도군,벼잎벌레(피해율),0.0
2025,9,1,7,완도군,벼잎벌레(발생면적율),0.0
2025,9,1,7,완도군,벼애잎굴파리(발생추정면적),0.0
2025,9,1,7,완도군,벼애잎굴파리(감수율),0.0
2025,9,1,7,완도군,벼애잎굴파리(피해율),0.0
2025,9,1,7,완도군,벼애잎굴파리(발생면적율),0.0
2025,9,1,7,완도군,벼줄기굴파리(발생추정면적),0.0
2025,9,1,7,완도군,벼줄기굴파리(감수율),0.0
2025,9,1,7,완도군,벼줄기굴파리(피해율),0.0
2025,9,1,7,완도군,벼줄기굴파리(발생면적율),0.0
2025,9,1,7,완도군,애멸구(발생추정면적),0.0
2025,9,1,7,완도군,애멸구(감수율),0.0
2025,9,1,7,완도군,애멸구(피해율),0.0
2025,9,1,7,완도군,애멸구(발생면적율),0.0
2025,9,1,7,완도군,끝동매미충(발생추정면적),0.0
2025,9,1,7,완도군,끝동매미충(감수율),0.0
2025,9,1,7,완도군,끝동매미충(피해율),0.0
2025,9,1,7,완도군,끝동매미충(발생면적율),0.0
2025,9,1,7,완도군,벼멸구(발생추정면적),0.0
2025,9,1,7,완도군,벼멸구(감수율),0.0
2025,9,1,7,완도군,벼멸구(피해율),0.0
2025,9,1,7,완도군,벼멸구(발생면적율),0.0
2025,9,1,7,완도군,흰등멸구(발생추정면적),3.114
2025,9,1,7,완도군,흰등멸구(감수율),0.008
2025,9,1,7,완도군,흰등멸구(피해율),0.02
2025,9,1,7,완도군,흰등멸구(발생면적율),0.2
2025,9,1,7,완도군,벼물바구미(발생추정면적),0.0
2025,9,1,7,완도군,벼물바구미(감수율),0.0
2025,9,1,7,완도군,벼물바구미(피해율),0.0
2025,9,1,7,완도군,벼물바구미(발생면적율),0.0
2025,9,1,7,완도군,혹명나방(발생추정면적),1.396
2025,9,1,7,완도군,혹명나방(감수율),0.001
2025,9,1,7,완도군,혹명나방(피해율),0.005
2025,9,1,7,완도군,혹명나방(발생면적율),0.1
2025,9,1,7,완도군,멸강나방(발생추정면적),0.0
2025,9,1,7,완도군,멸강나방(감수율),0.0
2025,9,1,7,완도군,멸강나방(피해율),0.0
2025,9,1,7,완도군,멸강나방(발생면적율),0.0
2025,9,1,7,완도군,먹노린재(발생추정면적),0.0
2025,9,1,7,완도군,먹노린재(감수율),0.0
2025,9,1,7,완도군,먹노린재(피해율),0.0
2025,9,1,7,완도군,먹노린재(발생면적율),0.0
2025,9,1,7,완도군,이화명나방1화기(발생면적),0.0
2025,9,1,7,완도군,이화명나방1화기(감수율),0.0
2025,9,1,7,완도군,이화명나방1화기(피해율),0.0
2025,9,1,7,완도군,이화명나방1화기(발생면적률),0.0
2025,9,1,7,완도군,이화명나방2화기(발생면적),0.0
2025,9,1,7,완도군,이화명나방2화기(감수율),0.0
2025,9,1,7,완도군,이화명나방2화기(피해율),0.0
2025,9,1,7,완도군,이화명나방2화기(발생면적률),0.0
2025,9,1,7,완도군,바이러스병(발생추정면적),0.0
2025,9,1,7,완도군,바이러스병(감수율),0.0
2025,9,1,7,완도군,바이러스병(피해율),0.0
2025,9,1,7,완도군,바이러스병(발생면적율),0.0
2025,9,1,7,완도군,키다리병(발생추정면적),0.0
2025,9,1,7,완도군,키다리병(감수율),0.0
2025,9,1,7,완도군,키다리병(피해율),0.0
2025,9,1,7,완도군,키다리병(발생면적율),0.0
2025,9,1,7,완도군,이화명나방(발생추정면적),0.0
2025,9,1,7,완도군,이화명나방(감수율),0.0
2025,9,1,7,완도군,이화명나방(피해율),0.0
2025,9,1,7,완도군,이화명나방(발생면적율),0.0
2025,9,1,7,완도군,벼애나방(발생추정면적),0.0
2025,9,1,7,완도군,벼애나방(감수율),0.0
2025,9,1,7,완도군,벼애나방(피해율),0.0
2025,9,1,7,완도군,벼애나방(발생면적율),0.0
2025,9,1,7,완도군,벼잎선충(발생추정면적),0.0
2025,9,1,7,완도군,벼잎선충(감수율),0.0
2025,9,1,7,완도군,벼잎선충(피해율),0.0
2025,9,1,7,완도군,벼잎선충(발생면적율),0.0
2025,9,1,7,장성군,잎도열병(발생추정면적),0.0
2025,9,1,7,장성군,잎도열병(감수율),0.0
2025,9,1,7,장성군,잎도열병(피해율),0.0
2025,9,1,7,장성군,잎도열병(발생면적율),0.0
2025,9,1,7,장성군,이삭도열병(발생추정면적),0.0
2025,9,1,7,장성군,이삭도열병(감수율),0.0
2025,9,1,7,장성군,이삭도열병(피해율),0.0
2025,9,1,7,장성군,이삭도열병(발생면적율),0.0
2025,9,1,7,장성군,잎집무늬마름병(발생추정면적),0.0
2025,9,1,7,장성군,잎집무늬마름병(감수율),0.0
2025,9,1,7,장성군,잎집무늬마름병(피해율),0.0
2025,9,1,7,장성군,잎집무늬마름병(발생면적율),0.0
2025,9,1,7,장성군,흰잎마름병(발생추정면적),0.0
2025,9,1,7,장성군,흰잎마름병(감수율),0.0
2025,9,1,7,장성군,흰잎마름병(피해율),0.0
2025,9,1,7,장성군,흰잎마름병(발생면적율),0.0
2025,9,1,7,장성군,세균벼알마름병(발생추정면적),0.0
2025,9,1,7,장성군,세균벼알마름병(감수율),0.0
2025,9,1,7,장성군,세균벼알마름병(피해율),0.0
2025,9,1,7,장성군,세균벼알마름병(발생면적율),0.0
2025,9,1,7,장성군,줄무늬잎마름병(발생면적),0.0
2025,9,1,7,장성군,줄무늬잎마름병(감수율),0.0
2025,9,1,7,장성군,줄무늬잎마름병(피해율),0.0
2025,9,1,7,장성군,줄무늬잎마름병(발생면적률),0.0
2025,9,1,7,장성군,벼검은줄오갈병(발생면적),0.0
2025,9,1,7,장성군,벼검은줄오갈병(감수율),0.0
2025,9,1,7,장성군,벼검은줄오갈병(피해율),0.0
2025,9,1,7,장성군,벼검은줄오갈병(발생면적률),0.0
2025,9,1,7,장성군,오갈병(발생면적),0.0
2025,9,1,7,장성군,오갈병(감수율),0.0
2025,9,1,7,장성군,오갈병(피해율),0.0
2025,9,1,7,장성군,오갈병(발생면적률),0.0
2025,9,1,7,장성군,이삭누룩병(발생추정면적),0.0
2025,9,1,7,장성군,이삭누룩병(감수율),0.0
2025,9,1,7,장성군,이삭누룩병(피해율),0.0
2025,9,1,7,장성군,이삭누룩병(발생면적율),0.0
2025,9,1,7,장성군,깨씨무늬병(발생추정면적),0.0
2025,9,1,7,장성군,깨씨무늬병(감수율),0.0
2025,9,1,7,장성군,깨씨무늬병(피해율),0.0
2025,9,1,7,장성군,깨씨무늬병(발생면적율),0.0
2025,9,1,7,장성군,벼잎벌레(발생추정면적),0.0
2025,9,1,7,장성군,벼잎벌레(감수율),0.0
2025,9,1,7,장성군,벼잎벌레(피해율),0.0
2025,9,1,7,장성군,벼잎벌레(발생면적율),0.0
2025,9,1,7,장성군,벼애잎굴파리(발생추정면적),0.0
2025,9,1,7,장성군,벼애잎굴파리(감수율),0.0
2025,9,1,7,장성군,벼애잎굴파리(피해율),0.0
2025,9,1,7,장성군,벼애잎굴파리(발생면적율),0.0
2025,9,1,7,장성군,벼줄기굴파리(발생추정면적),0.0
2025,9,1,7,장성군,벼줄기굴파리(감수율),0.0
2025,9,1,7,장성군,벼줄기굴파리(피해율),0.0
2025,9,1,7,장성군,벼줄기굴파리(발생면적율),0.0
2025,9,1,7,장성군,애멸구(발생추정면적),0.0
2025,9,1,7,장성군,애멸구(감수율),0.0
2025,9,1,7,장성군,애멸구(피해율),0.0
2025,9,1,7,장성군,애멸구(발생면적율),0.0
2025,9,1,7,장성군,끝동매미충(발생추정면적),0.0
2025,9,1,7,장성군,끝동매미충(감수율),0.0
2025,9,1,7,장성군,끝동매미충(피해율),0.0
2025,9,1,7,장성군,끝동매미충(발생면적율),0.0
2025,9,1,7,장성군,벼멸구(발생추정면적),0.0
2025,9,1,7,장성군,벼멸구(감수율),0.0
2025,9,1,7,장성군,벼멸구(피해율),0.0
2025,9,1,7,장성군,벼멸구(발생면적율),0.0
2025,9,1,7,장성군,흰등멸구(발생추정면적),0.0
2025,9,1,7,장성군,흰등멸구(감수율),0.0
2025,9,1,7,장성군,흰등멸구(피해율),0.0
2025,9,1,7,장성군,흰등멸구(발생면적율),0.0
2025,9,1,7,장성군,벼물바구미(발생추정면적),0.0
2025,9,1,7,장성군,벼물바구미(감수율),0.0
2025,9,1,7,장성군,벼물바구미(피해율),0.0
2025,9,1,7,장성군,벼물바구미(발생면적율),0.0
2025,9,1,7,장성군,혹명나방(발생추정면적),0.0
2025,9,1,7,장성군,혹명나방(감수율),0.0
2025,9,1,7,장성군,혹명나방(피해율),0.0
2025,9,1,7,장성군,혹명나방(발생면적율),0.0
2025,9,1,7,장성군,멸강나방(발생추정면적),0.0
2025,9,1,7,장성군,멸강나방(감수율),0.0
2025,9,1,7,장성군,멸강나방(피해율),0.0
2025,9,1,7,장성군,멸강나방(발생면적율),0.0
2025,9,1,7,장성군,먹노린재(발생추정면적),0.0
2025,9,1,7,장성군,먹노린재(감수율),0.0
2025,9,1,7,장성군,먹노린재(피해율),0.0
2025,9,1,7,장성군,먹노린재(발생면적율),0.0
2025,9,1,7,장성군,이화명나방1화기(발생면적),0.0
2025,9,1,7,장성군,이화명나방1화기(감수율),0.0
2025,9,1,7,장성군,이화명나방1화기(피해율),0.0
2025,9,1,7,장성군,이화명나방1화기(발생면적률),0.0
2025,9,1,7,장성군,이화명나방2화기(발생면적),0.0
2025,9,1,7,장성군,이화명나방2화기(감수율),0.0
2025,9,1,7,장성군,이화명나방2화기(피해율),0.0
2025,9,1,7,장성군,이화명나방2화기(발생면적률),0.0
2025,9,1,7,장성군,바이러스병(발생추정면적),0.0
2025,9,1,7,장성군,바이러스병(감수율),0.0
2025,9,1,7,장성군,바이러스병(피해율),0.0
2025,9,1,7,장성군,바이러스병(발생면적율),0.0
2025,9,1,7,장성군,키다리병(발생추정면적),0.0
2025,9,1,7,장성군,키다리병(감수율),0.0
2025,9,1,7,장성군,키다리병(피해율),0.0
2025,9,1,7,장성군,키다리병(발생면적율),0.0
2025,9,1,7,장성군,이화명나방(발생추정면적),0.0
2025,9,1,7,장성군,이화명나방(감수율),0.0
2025,9,1,7,장성군,이화명나방(피해율),0.0
2025,9,1,7,장성군,이화명나방(발생면적율),0.0
2025,9,1,7,장성군,벼애나방(발생추정면적),0.0
2025,9,1,7,장성군,벼애나방(감수율),0.0
2025,9,1,7,장성군,벼애나방(피해율),0.0
2025,9,1,7,장성군,벼애나방(발생면적율),0.0
2025,9,1,7,장성군,벼잎선충(발생추정면적),0.0
2025,9,1,7,장성군,벼잎선충(감수율),0.0
2025,9,1,7,장성군,벼잎선충(피해율),0.0
2025,9,1,7,장성군,벼잎선충(발생면적율),0.0
2025,9,1,7,장흥군,잎도열병(발생추정면적),14.264
2025,9,1,7,장흥군,잎도열병(감수율),0.0
2025,9,1,7,장흥군,잎도열병(피해율),0.0
2025,9,1,7,장흥군,잎도열병(발생면적율),0.193
2025,9,1,7,장흥군,이삭도열병(발생추정면적),0.0
2025,9,1,7,장흥군,이삭도열병(감수율),0.0
2025,9,1,7,장흥군,이삭도열병(피해율),0.0
2025,9,1,7,장흥군,이삭도열병(발생면적율),0.0
2025,9,1,7,장흥군,잎집무늬마름병(발생추정면적),78.452
2025,9,1,7,장흥군,잎집무늬마름병(감수율),0.016
2025,9,1,7,장흥군,잎집무늬마름병(피해율),0.08
2025,9,1,7,장흥군,잎집무늬마름병(발생면적율),1.06
2025,9,1,7,장흥군,흰잎마름병(발생추정면적),35.66
2025,9,1,7,장흥군,흰잎마름병(감수율),0.005
2025,9,1,7,장흥군,흰잎마름병(피해율),0.024
2025,9,1,7,장흥군,흰잎마름병(발생면적율),0.482
2025,9,1,7,장흥군,세균벼알마름병(발생추정면적),0.0
2025,9,1,7,장흥군,세균벼알마름병(감수율),0.0
2025,9,1,7,장흥군,세균벼알마름병(피해율),0.0
2025,9,1,7,장흥군,세균벼알마름병(발생면적율),0.0
2025,9,1,7,장흥군,줄무늬잎마름병(발생면적),0.0
2025,9,1,7,장흥군,줄무늬잎마름병(감수율),0.0
2025,9,1,7,장흥군,줄무늬잎마름병(피해율),0.0
2025,9,1,7,장흥군,줄무늬잎마름병(발생면적률),0.0
2025,9,1,7,장흥군,벼검은줄오갈병(발생면적),0.0
2025,9,1,7,장흥군,벼검은줄오갈병(감수율),0.0
2025,9,1,7,장흥군,벼검은줄오갈병(피해율),0.0
2025,9,1,7,장흥군,벼검은줄오갈병(발생면적률),0.0
2025,9,1,7,장흥군,오갈병(발생면적),0.0
2025,9,1,7,장흥군,오갈병(감수율),0.0
2025,9,1,7,장흥군,오갈병(피해율),0.0
2025,9,1,7,장흥군,오갈병(발생면적률),0.0
2025,9,1,7,장흥군,이삭누룩병(발생추정면적),0.0
2025,9,1,7,장흥군,이삭누룩병(감수율),0.0
2025,9,1,7,장흥군,이삭누룩병(피해율),0.0
2025,9,1,7,장흥군,이삭누룩병(발생면적율),0.0
2025,9,1,7,장흥군,깨씨무늬병(발생추정면적),42.792
2025,9,1,7,장흥군,깨씨무늬병(감수율),0.006
2025,9,1,7,장흥군,깨씨무늬병(피해율),0.029
2025,9,1,7,장흥군,깨씨무늬병(발생면적율),0.578
2025,9,1,7,장흥군,벼잎벌레(발생추정면적),0.0
2025,9,1,7,장흥군,벼잎벌레(감수율),0.0
2025,9,1,7,장흥군,벼잎벌레(피해율),0.0
2025,9,1,7,장흥군,벼잎벌레(발생면적율),0.0
2025,9,1,7,장흥군,벼애잎굴파리(발생추정면적),0.0
2025,9,1,7,장흥군,벼애잎굴파리(감수율),0.0
2025,9,1,7,장흥군,벼애잎굴파리(피해율),0.0
2025,9,1,7,장흥군,벼애잎굴파리(발생면적율),0.0
2025,9,1,7,장흥군,벼줄기굴파리(발생추정면적),0.0
2025,9,1,7,장흥군,벼줄기굴파리(감수율),0.0
2025,9,1,7,장흥군,벼줄기굴파리(피해율),0.0
2025,9,1,7,장흥군,벼줄기굴파리(발생면적율),0.0
2025,9,1,7,장흥군,애멸구(발생추정면적),0.0
2025,9,1,7,장흥군,애멸구(감수율),0.0
2025,9,1,7,장흥군,애멸구(피해율),0.0
2025,9,1,7,장흥군,애멸구(발생면적율),0.0
2025,9,1,7,장흥군,끝동매미충(발생추정면적),0.0
2025,9,1,7,장흥군,끝동매미충(감수율),0.0
2025,9,1,7,장흥군,끝동매미충(피해율),0.0
2025,9,1,7,장흥군,끝동매미충(발생면적율),0.0
2025,9,1,7,장흥군,벼멸구(발생추정면적),0.0
2025,9,1,7,장흥군,벼멸구(감수율),0.0
2025,9,1,7,장흥군,벼멸구(피해율),0.0
2025,9,1,7,장흥군,벼멸구(발생면적율),0.0
2025,9,1,7,장흥군,흰등멸구(발생추정면적),0.0
2025,9,1,7,장흥군,흰등멸구(감수율),0.0
2025,9,1,7,장흥군,흰등멸구(피해율),0.0
2025,9,1,7,장흥군,흰등멸구(발생면적율),0.0
2025,9,1,7,장흥군,벼물바구미(발생추정면적),0.0
2025,9,1,7,장흥군,벼물바구미(감수율),0.0
2025,9,1,7,장흥군,벼물바구미(피해율),0.0
2025,9,1,7,장흥군,벼물바구미(발생면적율),0.0
2025,9,1,7,장흥군,혹명나방(발생추정면적),0.0
2025,9,1,7,장흥군,혹명나방(감수율),0.0
2025,9,1,7,장흥군,혹명나방(피해율),0.0
2025,9,1,7,장흥군,혹명나방(발생면적율),0.0
2025,9,1,7,장흥군,멸강나방(발생추정면적),0.0
2025,9,1,7,장흥군,멸강나방(감수율),0.0
2025,9,1,7,장흥군,멸강나방(피해율),0.0
2025,9,1,7,장흥군,멸강나방(발생면적율),0.0
2025,9,1,7,장흥군,먹노린재(발생추정면적),0.0
2025,9,1,7,장흥군,먹노린재(감수율),0.0
2025,9,1,7,장흥군,먹노린재(피해율),0.0
2025,9,1,7,장흥군,먹노린재(발생면적율),0.0
2025,9,1,7,장흥군,이화명나방1화기(발생면적),0.0
2025,9,1,7,장흥군,이화명나방1화기(감수율),0.0
2025,9,1,7,장흥군,이화명나방1화기(피해율),0.0
2025,9,1,7,장흥군,이화명나방1화기(발생면적률),0.0
2025,9,1,7,장흥군,이화명나방2화기(발생면적),0.0
2025,9,1,7,장흥군,이화명나방2화기(감수율),0.0
2025,9,1,7,장흥군,이화명나방2화기(피해율),0.0
2025,9,1,7,장흥군,이화명나방2화기(발생면적률),0.0
2025,9,1,7,장흥군,바이러스병(발생추정면적),0.0
2025,9,1,7,장흥군,바이러스병(감수율),0.0
2025,9,1,7,장흥군,바이러스병(피해율),0.0
2025,9,1,7,장흥군,바이러스병(발생면적율),0.0
2025,9,1,7,장흥군,키다리병(발생추정면적),0.0
2025,9,1,7,장흥군,키다리병(감수율),0.0
2025,9,1,7,장흥군,키다리병(피해율),0.0
2025,9,1,7,장흥군,키다리병(발생면적율),0.0
2025,9,1,7,장흥군,이화명나방(발생추정면적),0.0
2025,9,1,7,장흥군,이화명나방(감수율),0.0
2025,9,1,7,장흥군,이화명나방(피해율),0.0
2025,9,1,7,장흥군,이화명나방(발생면적율),0.0
2025,9,1,7,장흥군,벼애나방(발생추정면적),0.0
2025,9,1,7,장흥군,벼애나방(감수율),0.0
2025,9,1,7,장흥군,벼애나방(피해율),0.0
2025,9,1,7,장흥군,벼애나방(발생면적율),0.0
2025,9,1,7,장흥군,벼잎선충(발생추정면적),0.0
2025,9,1,7,장흥군,벼잎선충(감수율),0.0
2025,9,1,7,장흥군,벼잎선충(피해율),0.0
2025,9,1,7,장흥군,벼잎선충(발생면적율),0.0
2025,9,1,7,진도군,잎도열병(발생추정면적),0.0
2025,9,1,7,진도군,잎도열병(감수율),0.0
2025,9,1,7,진도군,잎도열병(피해율),0.0
2025,9,1,7,진도군,잎도열병(발생면적율),0.0
2025,9,1,7,진도군,이삭도열병(발생추정면적),0.0
2025,9,1,7,진도군,이삭도열병(감수율),0.0
2025,9,1,7,진도군,이삭도열병(피해율),0.0
2025,9,1,7,진도군,이삭도열병(발생면적율),0.0
2025,9,1,7,진도군,잎집무늬마름병(발생추정면적),160.54
2025,9,1,7,진도군,잎집무늬마름병(감수율),0.046
2025,9,1,7,진도군,잎집무늬마름병(피해율),0.232
2025,9,1,7,진도군,잎집무늬마름병(발생면적율),2.951
2025,9,1,7,진도군,흰잎마름병(발생추정면적),0.0
2025,9,1,7,진도군,흰잎마름병(감수율),0.0
2025,9,1,7,진도군,흰잎마름병(피해율),0.0
2025,9,1,7,진도군,흰잎마름병(발생면적율),0.0
2025,9,1,7,진도군,세균벼알마름병(발생추정면적),0.0
2025,9,1,7,진도군,세균벼알마름병(감수율),0.0
2025,9,1,7,진도군,세균벼알마름병(피해율),0.0
2025,9,1,7,진도군,세균벼알마름병(발생면적율),0.0
2025,9,1,7,진도군,줄무늬잎마름병(발생면적),0.0
2025,9,1,7,진도군,줄무늬잎마름병(감수율),0.0
2025,9,1,7,진도군,줄무늬잎마름병(피해율),0.0
2025,9,1,7,진도군,줄무늬잎마름병(발생면적률),0.0
2025,9,1,7,진도군,벼검은줄오갈병(발생면적),0.0
2025,9,1,7,진도군,벼검은줄오갈병(감수율),0.0
2025,9,1,7,진도군,벼검은줄오갈병(피해율),0.0
2025,9,1,7,진도군,벼검은줄오갈병(발생면적률),0.0
2025,9,1,7,진도군,오갈병(발생면적),0.0
2025,9,1,7,진도군,오갈병(감수율),0.0
2025,9,1,7,진도군,오갈병(피해율),0.0
2025,9,1,7,진도군,오갈병(발생면적률),0.0
2025,9,1,7,진도군,이삭누룩병(발생추정면적),0.0
2025,9,1,7,진도군,이삭누룩병(감수율),0.0
2025,9,1,7,진도군,이삭누룩병(피해율),0.0
2025,9,1,7,진도군,이삭누룩병(발생면적율),0.0
2025,9,1,7,진도군,깨씨무늬병(발생추정면적),26.468
2025,9,1,7,진도군,깨씨무늬병(감수율),0.005
2025,9,1,7,진도군,깨씨무늬병(피해율),0.024
2025,9,1,7,진도군,깨씨무늬병(발생면적율),0.487
2025,9,1,7,진도군,벼잎벌레(발생추정면적),0.0
2025,9,1,7,진도군,벼잎벌레(감수율),0.0
2025,9,1,7,진도군,벼잎벌레(피해율),0.0
2025,9,1,7,진도군,벼잎벌레(발생면적율),0.0
2025,9,1,7,진도군,벼애잎굴파리(발생추정면적),0.0
2025,9,1,7,진도군,벼애잎굴파리(감수율),0.0
2025,9,1,7,진도군,벼애잎굴파리(피해율),0.0
2025,9,1,7,진도군,벼애잎굴파리(발생면적율),0.0
2025,9,1,7,진도군,벼줄기굴파리(발생추정면적),0.0
2025,9,1,7,진도군,벼줄기굴파리(감수율),0.0
2025,9,1,7,진도군,벼줄기굴파리(피해율),0.0
2025,9,1,7,진도군,벼줄기굴파리(발생면적율),0.0
2025,9,1,7,진도군,애멸구(발생추정면적),0.0
2025,9,1,7,진도군,애멸구(감수율),0.0
2025,9,1,7,진도군,애멸구(피해율),0.0
2025,9,1,7,진도군,애멸구(발생면적율),0.0
2025,9,1,7,진도군,끝동매미충(발생추정면적),0.0
2025,9,1,7,진도군,끝동매미충(감수율),0.0
2025,9,1,7,진도군,끝동매미충(피해율),0.0
2025,9,1,7,진도군,끝동매미충(발생면적율),0.0
2025,9,1,7,진도군,벼멸구(발생추정면적),0.448
2025,9,1,7,진도군,벼멸구(감수율),0.0
2025,9,1,7,진도군,벼멸구(피해율),0.001
2025,9,1,7,진도군,벼멸구(발생면적율),0.008
2025,9,1,7,진도군,흰등멸구(발생추정면적),8.959
2025,9,1,7,진도군,흰등멸구(감수율),0.007
2025,9,1,7,진도군,흰등멸구(피해율),0.016
2025,9,1,7,진도군,흰등멸구(발생면적율),0.16
2025,9,1,7,진도군,벼물바구미(발생추정면적),0.0
2025,9,1,7,진도군,벼물바구미(감수율),0.0
2025,9,1,7,진도군,벼물바구미(피해율),0.0
2025,9,1,7,진도군,벼물바구미(발생면적율),0.0
2025,9,1,7,진도군,혹명나방(발생추정면적),3.037
2025,9,1,7,진도군,혹명나방(감수율),0.0
2025,9,1,7,진도군,혹명나방(피해율),0.003
2025,9,1,7,진도군,혹명나방(발생면적율),0.056
2025,9,1,7,진도군,멸강나방(발생추정면적),0.0
2025,9,1,7,진도군,멸강나방(감수율),0.0
2025,9,1,7,진도군,멸강나방(피해율),0.0
2025,9,1,7,진도군,멸강나방(발생면적율),0.0
2025,9,1,7,진도군,먹노린재(발생추정면적),0.0
2025,9,1,7,진도군,먹노린재(감수율),0.0
2025,9,1,7,진도군,먹노린재(피해율),0.0
2025,9,1,7,진도군,먹노린재(발생면적율),0.0
2025,9,1,7,진도군,이화명나방1화기(발생면적),0.0
2025,9,1,7,진도군,이화명나방1화기(감수율),0.0
2025,9,1,7,진도군,이화명나방1화기(피해율),0.0
2025,9,1,7,진도군,이화명나방1화기(발생면적률),0.0
2025,9,1,7,진도군,이화명나방2화기(발생면적),1.735
2025,9,1,7,진도군,이화명나방2화기(감수율),0.001
2025,9,1,7,진도군,이화명나방2화기(피해율),0.001
2025,9,1,7,진도군,이화명나방2화기(발생면적률),0.032
2025,9,1,7,진도군,바이러스병(발생추정면적),0.0
2025,9,1,7,진도군,바이러스병(감수율),0.0
2025,9,1,7,진도군,바이러스병(피해율),0.0
2025,9,1,7,진도군,바이러스병(발생면적율),0.0
2025,9,1,7,진도군,키다리병(발생추정면적),0.0
2025,9,1,7,진도군,키다리병(감수율),0.0
2025,9,1,7,진도군,키다리병(피해율),0.0
2025,9,1,7,진도군,키다리병(발생면적율),0.0
2025,9,1,7,진도군,이화명나방(발생추정면적),0.0
2025,9,1,7,진도군,이화명나방(감수율),0.0
2025,9,1,7,진도군,이화명나방(피해율),0.0
2025,9,1,7,진도군,이화명나방(발생면적율),0.0
2025,9,1,7,진도군,벼애나방(발생추정면적),0.0
2025,9,1,7,진도군,벼애나방(감수율),0.0
2025,9,1,7,진도군,벼애나방(피해율),0.0
2025,9,1,7,진도군,벼애나방(발생면적율),0.0
2025,9,1,7,진도군,벼잎선충(발생추정면적),0.0
2025,9,1,7,진도군,벼잎선충(감수율),0.0
2025,9,1,7,진도군,벼잎선충(피해율),0.0
2025,9,1,7,진도군,벼잎선충(발생면적율),0.0
2025,9,1,7,함평군,잎도열병(발생추정면적),0.0
2025,9,1,7,함평군,잎도열병(감수율),0.0
2025,9,1,7,함평군,잎도열병(피해율),0.0
2025,9,1,7,함평군,잎도열병(발생면적율),0.0
2025,9,1,7,함평군,이삭도열병(발생추정면적),0.0
2025,9,1,7,함평군,이삭도열병(감수율),0.0
2025,9,1,7,함평군,이삭도열병(피해율),0.0
2025,9,1,7,함평군,이삭도열병(발생면적율),0.0
2025,9,1,7,함평군,잎집무늬마름병(발생추정면적),12.702
2025,9,1,7,함평군,잎집무늬마름병(감수율),0.003
2025,9,1,7,함평군,잎집무늬마름병(피해율),0.016
2025,9,1,7,함평군,잎집무늬마름병(발생면적율),0.209
2025,9,1,7,함평군,흰잎마름병(발생추정면적),0.0
2025,9,1,7,함평군,흰잎마름병(감수율),0.0
2025,9,1,7,함평군,흰잎마름병(피해율),0.0
2025,9,1,7,함평군,흰잎마름병(발생면적율),0.0
2025,9,1,7,함평군,세균벼알마름병(발생추정면적),7.354
2025,9,1,7,함평군,세균벼알마름병(감수율),0.003
2025,9,1,7,함평군,세균벼알마름병(피해율),0.005
2025,9,1,7,함평군,세균벼알마름병(발생면적율),0.121
2025,9,1,7,함평군,줄무늬잎마름병(발생면적),0.0
2025,9,1,7,함평군,줄무늬잎마름병(감수율),0.0
2025,9,1,7,함평군,줄무늬잎마름병(피해율),0.0
2025,9,1,7,함평군,줄무늬잎마름병(발생면적률),0.0
2025,9,1,7,함평군,벼검은줄오갈병(발생면적),0.0
2025,9,1,7,함평군,벼검은줄오갈병(감수율),0.0
2025,9,1,7,함평군,벼검은줄오갈병(피해율),0.0
2025,9,1,7,함평군,벼검은줄오갈병(발생면적률),0.0
2025,9,1,7,함평군,오갈병(발생면적),0.0
2025,9,1,7,함평군,오갈병(감수율),0.0
2025,9,1,7,함평군,오갈병(피해율),0.0
2025,9,1,7,함평군,오갈병(발생면적률),0.0
2025,9,1,7,함평군,이삭누룩병(발생추정면적),0.0
2025,9,1,7,함평군,이삭누룩병(감수율),0.0
2025,9,1,7,함평군,이삭누룩병(피해율),0.0
2025,9,1,7,함평군,이삭누룩병(발생면적율),0.0
2025,9,1,7,함평군,깨씨무늬병(발생추정면적),12.034
2025,9,1,7,함평군,깨씨무늬병(감수율),0.002
2025,9,1,7,함평군,깨씨무늬병(피해율),0.01
2025,9,1,7,함평군,깨씨무늬병(발생면적율),0.197
2025,9,1,7,함평군,벼잎벌레(발생추정면적),0.0
2025,9,1,7,함평군,벼잎벌레(감수율),0.0
2025,9,1,7,함평군,벼잎벌레(피해율),0.0
2025,9,1,7,함평군,벼잎벌레(발생면적율),0.0
2025,9,1,7,함평군,벼애잎굴파리(발생추정면적),0.0
2025,9,1,7,함평군,벼애잎굴파리(감수율),0.0
2025,9,1,7,함평군,벼애잎굴파리(피해율),0.0
2025,9,1,7,함평군,벼애잎굴파리(발생면적율),0.0
2025,9,1,7,함평군,벼줄기굴파리(발생추정면적),0.0
2025,9,1,7,함평군,벼줄기굴파리(감수율),0.0
2025,9,1,7,함평군,벼줄기굴파리(피해율),0.0
2025,9,1,7,함평군,벼줄기굴파리(발생면적율),0.0
2025,9,1,7,함평군,애멸구(발생추정면적),0.0
2025,9,1,7,함평군,애멸구(감수율),0.0
2025,9,1,7,함평군,애멸구(피해율),0.0
2025,9,1,7,함평군,애멸구(발생면적율),0.0
2025,9,1,7,함평군,끝동매미충(발생추정면적),0.0
2025,9,1,7,함평군,끝동매미충(감수율),0.0
2025,9,1,7,함평군,끝동매미충(피해율),0.0
2025,9,1,7,함평군,끝동매미충(발생면적율),0.0
2025,9,1,7,함평군,벼멸구(발생추정면적),0.0
2025,9,1,7,함평군,벼멸구(감수율),0.0
2025,9,1,7,함평군,벼멸구(피해율),0.0
2025,9,1,7,함평군,벼멸구(발생면적율),0.0
2025,9,1,7,함평군,흰등멸구(발생추정면적),0.0
2025,9,1,7,함평군,흰등멸구(감수율),0.0
2025,9,1,7,함평군,흰등멸구(피해율),0.0
2025,9,1,7,함평군,흰등멸구(발생면적율),0.0
2025,9,1,7,함평군,벼물바구미(발생추정면적),0.0
2025,9,1,7,함평군,벼물바구미(감수율),0.0
2025,9,1,7,함평군,벼물바구미(피해율),0.0
2025,9,1,7,함평군,벼물바구미(발생면적율),0.0
2025,9,1,7,함평군,혹명나방(발생추정면적),0.0
2025,9,1,7,함평군,혹명나방(감수율),0.0
2025,9,1,7,함평군,혹명나방(피해율),0.0
2025,9,1,7,함평군,혹명나방(발생면적율),0.0
2025,9,1,7,함평군,멸강나방(발생추정면적),0.0
2025,9,1,7,함평군,멸강나방(감수율),0.0
2025,9,1,7,함평군,멸강나방(피해율),0.0
2025,9,1,7,함평군,멸강나방(발생면적율),0.0
2025,9,1,7,함평군,먹노린재(발생추정면적),0.0
2025,9,1,7,함평군,먹노린재(감수율),0.0
2025,9,1,7,함평군,먹노린재(피해율),0.0
2025,9,1,7,함평군,먹노린재(발생면적율),0.0
2025,9,1,7,함평군,이화명나방1화기(발생면적),0.0
2025,9,1,7,함평군,이화명나방1화기(감수율),0.0
2025,9,1,7,함평군,이화명나방1화기(피해율),0.0
2025,9,1,7,함평군,이화명나방1화기(발생면적률),0.0
2025,9,1,7,함평군,이화명나방2화기(발생면적),0.0
2025,9,1,7,함평군,이화명나방2화기(감수율),0.0
2025,9,1,7,함평군,이화명나방2화기(피해율),0.0
2025,9,1,7,함평군,이화명나방2화기(발생면적률),0.0
2025,9,1,7,함평군,바이러스병(발생추정면적),0.0
2025,9,1,7,함평군,바이러스병(감수율),0.0
2025,9,1,7,함평군,바이러스병(피해율),0.0
2025,9,1,7,함평군,바이러스병(발생면적율),0.0
2025,9,1,7,함평군,키다리병(발생추정면적),0.0
2025,9,1,7,함평군,키다리병(감수율),0.0
2025,9,1,7,함평군,키다리병(피해율),0.0
2025,9,1,7,함평군,키다리병(발생면적율),0.0
2025,9,1,7,함평군,이화명나방(발생추정면적),0.0
2025,9,1,7,함평군,이화명나방(감수율),0.0
2025,9,1,7,함평군,이화명나방(피해율),0.0
2025,9,1,7,함평군,이화명나방(발생면적율),0.0
2025,9,1,7,함평군,벼애나방(발생추정면적),0.0
2025,9,1,7,함평군,벼애나방(감수율),0.0
2025,9,1,7,함평군,벼애나방(피해율),0.0
2025,9,1,7,함평군,벼애나방(발생면적율),0.0
2025,9,1,7,함평군,벼잎선충(발생추정면적),0.0
2025,9,1,7,함평군,벼잎선충(감수율),0.0
2025,9,1,7,함평군,벼잎선충(피해율),0.0
2025,9,1,7,함평군,벼잎선충(발생면적율),0.0
2025,9,1,7,해남군,잎도열병(발생추정면적),0.0
2025,9,1,7,해남군,잎도열병(감수율),0.0
2025,9,1,7,해남군,잎도열병(피해율),0.0
2025,9,1,7,해남군,잎도열병(발생면적율),0.0
2025,9,1,7,해남군,이삭도열병(발생추정면적),146.652
2025,9,1,7,해남군,이삭도열병(감수율),0.013
2025,9,1,7,해남군,이삭도열병(피해율),0.019
2025,9,1,7,해남군,이삭도열병(발생면적율),0.752
2025,9,1,7,해남군,잎집무늬마름병(발생추정면적),653.667
2025,9,1,7,해남군,잎집무늬마름병(감수율),0.126
2025,9,1,7,해남군,잎집무늬마름병(피해율),0.63
2025,9,1,7,해남군,잎집무늬마름병(발생면적율),3.35
2025,9,1,7,해남군,흰잎마름병(발생추정면적),0.0
2025,9,1,7,해남군,흰잎마름병(감수율),0.0
2025,9,1,7,해남군,흰잎마름병(피해율),0.0
2025,9,1,7,해남군,흰잎마름병(발생면적율),0.0
2025,9,1,7,해남군,세균벼알마름병(발생추정면적),0.0
2025,9,1,7,해남군,세균벼알마름병(감수율),0.0
2025,9,1,7,해남군,세균벼알마름병(피해율),0.0
2025,9,1,7,해남군,세균벼알마름병(발생면적율),0.0
2025,9,1,7,해남군,줄무늬잎마름병(발생면적),0.0
2025,9,1,7,해남군,줄무늬잎마름병(감수율),0.0
2025,9,1,7,해남군,줄무늬잎마름병(피해율),0.0
2025,9,1,7,해남군,줄무늬잎마름병(발생면적률),0.0
2025,9,1,7,해남군,벼검은줄오갈병(발생면적),0.0
2025,9,1,7,해남군,벼검은줄오갈병(감수율),0.0
2025,9,1,7,해남군,벼검은줄오갈병(피해율),0.0
2025,9,1,7,해남군,벼검은줄오갈병(발생면적률),0.0
2025,9,1,7,해남군,오갈병(발생면적),0.0
2025,9,1,7,해남군,오갈병(감수율),0.0
2025,9,1,7,해남군,오갈병(피해율),0.0
2025,9,1,7,해남군,오갈병(발생면적률),0.0
2025,9,1,7,해남군,이삭누룩병(발생추정면적),0.0
2025,9,1,7,해남군,이삭누룩병(감수율),0.0
2025,9,1,7,해남군,이삭누룩병(피해율),0.0
2025,9,1,7,해남군,이삭누룩병(발생면적율),0.0
2025,9,1,7,해남군,깨씨무늬병(발생추정면적),31.963
2025,9,1,7,해남군,깨씨무늬병(감수율),0.003
2025,9,1,7,해남군,깨씨무늬병(피해율),0.016
2025,9,1,7,해남군,깨씨무늬병(발생면적율),0.164
2025,9,1,7,해남군,벼잎벌레(발생추정면적),0.0
2025,9,1,7,해남군,벼잎벌레(감수율),0.0
2025,9,1,7,해남군,벼잎벌레(피해율),0.0
2025,9,1,7,해남군,벼잎벌레(발생면적율),0.0
2025,9,1,7,해남군,벼애잎굴파리(발생추정면적),0.0
2025,9,1,7,해남군,벼애잎굴파리(감수율),0.0
2025,9,1,7,해남군,벼애잎굴파리(피해율),0.0
2025,9,1,7,해남군,벼애잎굴파리(발생면적율),0.0
2025,9,1,7,해남군,벼줄기굴파리(발생추정면적),0.0
2025,9,1,7,해남군,벼줄기굴파리(감수율),0.0
2025,9,1,7,해남군,벼줄기굴파리(피해율),0.0
2025,9,1,7,해남군,벼줄기굴파리(발생면적율),0.0
2025,9,1,7,해남군,애멸구(발생추정면적),0.0
2025,9,1,7,해남군,애멸구(감수율),0.0
2025,9,1,7,해남군,애멸구(피해율),0.0
2025,9,1,7,해남군,애멸구(발생면적율),0.0
2025,9,1,7,해남군,끝동매미충(발생추정면적),0.0
2025,9,1,7,해남군,끝동매미충(감수율),0.0
2025,9,1,7,해남군,끝동매미충(피해율),0.0
2025,9,1,7,해남군,끝동매미충(발생면적율),0.0
2025,9,1,7,해남군,벼멸구(발생추정면적),300.825
2025,9,1,7,해남군,벼멸구(감수율),0.061
2025,9,1,7,해남군,벼멸구(피해율),0.154
2025,9,1,7,해남군,벼멸구(발생면적율),1.541
2025,9,1,7,해남군,흰등멸구(발생추정면적),0.0
2025,9,1,7,해남군,흰등멸구(감수율),0.0
2025,9,1,7,해남군,흰등멸구(피해율),0.0
2025,9,1,7,해남군,흰등멸구(발생면적율),0.0
2025,9,1,7,해남군,벼물바구미(발생추정면적),0.0
2025,9,1,7,해남군,벼물바구미(감수율),0.0
2025,9,1,7,해남군,벼물바구미(피해율),0.0
2025,9,1,7,해남군,벼물바구미(발생면적율),0.0
2025,9,1,7,해남군,혹명나방(발생추정면적),332.161
2025,9,1,7,해남군,혹명나방(감수율),0.017
2025,9,1,7,해남군,혹명나방(피해율),0.085
2025,9,1,7,해남군,혹명나방(발생면적율),1.702
2025,9,1,7,해남군,멸강나방(발생추정면적),0.0
2025,9,1,7,해남군,멸강나방(감수율),0.0
2025,9,1,7,해남군,멸강나방(피해율),0.0
2025,9,1,7,해남군,멸강나방(발생면적율),0.0
2025,9,1,7,해남군,먹노린재(발생추정면적),0.0
2025,9,1,7,해남군,먹노린재(감수율),0.0
2025,9,1,7,해남군,먹노린재(피해율),0.0
2025,9,1,7,해남군,먹노린재(발생면적율),0.0
2025,9,1,7,해남군,이화명나방1화기(발생면적),0.0
2025,9,1,7,해남군,이화명나방1화기(감수율),0.0
2025,9,1,7,해남군,이화명나방1화기(피해율),0.0
2025,9,1,7,해남군,이화명나방1화기(발생면적률),0.0
2025,9,1,7,해남군,이화명나방2화기(발생면적),0.0
2025,9,1,7,해남군,이화명나방2화기(감수율),0.0
2025,9,1,7,해남군,이화명나방2화기(피해율),0.0
2025,9,1,7,해남군,이화명나방2화기(발생면적률),0.0
2025,9,1,7,해남군,바이러스병(발생추정면적),0.0
2025,9,1,7,해남군,바이러스병(감수율),0.0
2025,9,1,7,해남군,바이러스병(피해율),0.0
2025,9,1,7,해남군,바이러스병(발생면적율),0.0
2025,9,1,7,해남군,키다리병(발생추정면적),0.0
2025,9,1,7,해남군,키다리병(감수율),0.0
2025,9,1,7,해남군,키다리병(피해율),0.0
2025,9,1,7,해남군,키다리병(발생면적율),0.0
2025,9,1,7,해남군,이화명나방(발생추정면적),0.0
2025,9,1,7,해남군,이화명나방(감수율),0.0
2025,9,1,7,해남군,이화명나방(피해율),0.0
2025,9,1,7,해남군,이화명나방(발생면적율),0.0
2025,9,1,7,해남군,벼애나방(발생추정면적),0.0
2025,9,1,7,해남군,벼애나방(감수율),0.0
2025,9,1,7,해남군,벼애나방(피해율),0.0
2025,9,1,7,해남군,벼애나방(발생면적율),0.0
2025,9,1,7,해남군,벼잎선충(발생추정면적),0.0
2025,9,1,7,해남군,벼잎선충(감수율),0.0
2025,9,1,7,해남군,벼잎선충(피해율),0.0
2025,9,1,7,해남군,벼잎선충(발생면적율),0.0
2025,9,1,7,화순군,잎도열병(발생추정면적),8.752
2025,9,1,7,화순군,잎도열병(감수율),0.0
2025,9,1,7,화순군,잎도열병(피해율),0.001
2025,9,1,7,화순군,잎도열병(발생면적율),0.208
2025,9,1,7,화순군,이삭도열병(발생추정면적),4.551
2025,9,1,7,화순군,이삭도열병(감수율),0.002
2025,9,1,7,화순군,이삭도열병(피해율),0.003
2025,9,1,7,화순군,이삭도열병(발생면적율),0.108
2025,9,1,7,화순군,잎집무늬마름병(발생추정면적),28.707
2025,9,1,7,화순군,잎집무늬마름병(감수율),0.01
2025,9,1,7,화순군,잎집무늬마름병(피해율),0.051
2025,9,1,7,화순군,잎집무늬마름병(발생면적율),0.683
2025,9,1,7,화순군,흰잎마름병(발생추정면적),0.0
2025,9,1,7,화순군,흰잎마름병(감수율),0.0
2025,9,1,7,화순군,흰잎마름병(피해율),0.0
2025,9,1,7,화순군,흰잎마름병(발생면적율),0.0
2025,9,1,7,화순군,세균벼알마름병(발생추정면적),25.206
2025,9,1,7,화순군,세균벼알마름병(감수율),0.013
2025,9,1,7,화순군,세균벼알마름병(피해율),0.022
2025,9,1,7,화순군,세균벼알마름병(발생면적율),0.6
2025,9,1,7,화순군,줄무늬잎마름병(발생면적),0.0
2025,9,1,7,화순군,줄무늬잎마름병(감수율),0.0
2025,9,1,7,화순군,줄무늬잎마름병(피해율),0.0
2025,9,1,7,화순군,줄무늬잎마름병(발생면적률),0.0
2025,9,1,7,화순군,벼검은줄오갈병(발생면적),0.0
2025,9,1,7,화순군,벼검은줄오갈병(감수율),0.0
2025,9,1,7,화순군,벼검은줄오갈병(피해율),0.0
2025,9,1,7,화순군,벼검은줄오갈병(발생면적률),0.0
2025,9,1,7,화순군,오갈병(발생면적),0.0
2025,9,1,7,화순군,오갈병(감수율),0.0
2025,9,1,7,화순군,오갈병(피해율),0.0
2025,9,1,7,화순군,오갈병(발생면적률),0.0
2025,9,1,7,화순군,이삭누룩병(발생추정면적),0.0
2025,9,1,7,화순군,이삭누룩병(감수율),0.0
2025,9,1,7,화순군,이삭누룩병(피해율),0.0
2025,9,1,7,화순군,이삭누룩병(발생면적율),0.0
2025,9,1,7,화순군,깨씨무늬병(발생추정면적),150.536
2025,9,1,7,화순군,깨씨무늬병(감수율),0.036
2025,9,1,7,화순군,깨씨무늬병(피해율),0.179
2025,9,1,7,화순군,깨씨무늬병(발생면적율),3.583
2025,9,1,7,화순군,벼잎벌레(발생추정면적),0.0
2025,9,1,7,화순군,벼잎벌레(감수율),0.0
2025,9,1,7,화순군,벼잎벌레(피해율),0.0
2025,9,1,7,화순군,벼잎벌레(발생면적율),0.0
2025,9,1,7,화순군,벼애잎굴파리(발생추정면적),0.0
2025,9,1,7,화순군,벼애잎굴파리(감수율),0.0
2025,9,1,7,화순군,벼애잎굴파리(피해율),0.0
2025,9,1,7,화순군,벼애잎굴파리(발생면적율),0.0
2025,9,1,7,화순군,벼줄기굴파리(발생추정면적),0.0
2025,9,1,7,화순군,벼줄기굴파리(감수율),0.0
2025,9,1,7,화순군,벼줄기굴파리(피해율),0.0
2025,9,1,7,화순군,벼줄기굴파리(발생면적율),0.0
2025,9,1,7,화순군,애멸구(발생추정면적),1.05
2025,9,1,7,화순군,애멸구(감수율),0.001
2025,9,1,7,화순군,애멸구(피해율),0.003
2025,9,1,7,화순군,애멸구(발생면적율),0.025
2025,9,1,7,화순군,끝동매미충(발생추정면적),0.0
2025,9,1,7,화순군,끝동매미충(감수율),0.0
2025,9,1,7,화순군,끝동매미충(피해율),0.0
2025,9,1,7,화순군,끝동매미충(발생면적율),0.0
2025,9,1,7,화순군,벼멸구(발생추정면적),6.555
2025,9,1,7,화순군,벼멸구(감수율),0.007
2025,9,1,7,화순군,벼멸구(피해율),0.017
2025,9,1,7,화순군,벼멸구(발생면적율),0.167
2025,9,1,7,화순군,흰등멸구(발생추정면적),22.287
2025,9,1,7,화순군,흰등멸구(감수율),0.023
2025,9,1,7,화순군,흰등멸구(피해율),0.057
2025,9,1,7,화순군,흰등멸구(발생면적율),0.567
2025,9,1,7,화순군,벼물바구미(발생추정면적),1.751
2025,9,1,7,화순군,벼물바구미(감수율),0.0
2025,9,1,7,화순군,벼물바구미(피해율),0.001
2025,9,1,7,화순군,벼물바구미(발생면적율),0.042
2025,9,1,7,화순군,혹명나방(발생추정면적),12.603
2025,9,1,7,화순군,혹명나방(감수율),0.003
2025,9,1,7,화순군,혹명나방(피해율),0.015
2025,9,1,7,화순군,혹명나방(발생면적율),0.3
2025,9,1,7,화순군,멸강나방(발생추정면적),0.0
2025,9,1,7,화순군,멸강나방(감수율),0.0
2025,9,1,7,화순군,멸강나방(피해율),0.0
2025,9,1,7,화순군,멸강나방(발생면적율),0.0
2025,9,1,7,화순군,먹노린재(발생추정면적),0.0
2025,9,1,7,화순군,먹노린재(감수율),0.0
2025,9,1,7,화순군,먹노린재(피해율),0.0
2025,9,1,7,화순군,먹노린재(발생면적율),0.0
2025,9,1,7,화순군,이화명나방1화기(발생면적),0.0
2025,9,1,7,화순군,이화명나방1화기(감수율),0.0
2025,9,1,7,화순군,이화명나방1화기(피해율),0.0
2025,9,1,7,화순군,이화명나방1화기(발생면적률),0.0
2025,9,1,7,화순군,이화명나방2화기(발생면적),0.0
2025,9,1,7,화순군,이화명나방2화기(감수율),0.0
2025,9,1,7,화순군,이화명나방2화기(피해율),0.0
2025,9,1,7,화순군,이화명나방2화기(발생면적률),0.0
2025,9,1,7,화순군,바이러스병(발생추정면적),0.0
2025,9,1,7,화순군,바이러스병(감수율),0.0
2025,9,1,7,화순군,바이러스병(피해율),0.0
2025,9,1,7,화순군,바이러스병(발생면적율),0.0
2025,9,1,7,화순군,키다리병(발생추정면적),0.0
2025,9,1,7,화순군,키다리병(감수율),0.0
2025,9,1,7,화순군,키다리병(피해율),0.0
2025,9,1,7,화순군,키다리병(발생면적율),0.0
2025,9,1,7,화순군,이화명나방(발생추정면적),0.0
2025,9,1,7,화순군,이화명나방(감수율),0.0
2025,9,1,7,화순군,이화명나방(피해율),0.0
2025,9,1,7,화순군,이화명나방(발생면적율),0.0
2025,9,1,7,화순군,벼애나방(발생추정면적),0.0
2025,9,1,7,화순군,벼애나방(감수율),0.0
2025,9,1,7,화순군,벼애나방(피해율),0.0
2025,9,1,7,화순군,벼애나방(발생면적율),0.0
2025,9,1,7,화순군,벼잎선충(발생추정면적),0.0
2025,9,1,7,화순군,벼잎선충(감수율),0.0
2025,9,1,7,화순군,벼잎선충(피해율),0.0
2025,9,1,7,화순군,벼잎선충(발생면적율),0.0
2025,6,1,1,강진군,잎도열병(발생추정면적),0.0
2025,6,1,1,강진군,잎도열병(감수율),0.0
2025,6,1,1,강진군,잎도열병(피해율),0.0
2025,6,1,1,강진군,잎도열병(발생면적율),0.0
2025,6,1,1,강진군,이삭도열병(발생추정면적),0.0
2025,6,1,1,강진군,이삭도열병(감수율),0.0
2025,6,1,1,강진군,이삭도열병(피해율),0.0
2025,6,1,1,강진군,이삭도열병(발생면적율),0.0
2025,6,1,1,강진군,잎집무늬마름병(발생추정면적),0.0
2025,6,1,1,강진군,잎집무늬마름병(감수율),0.0
2025,6,1,1,강진군,잎집무늬마름병(피해율),0.0
2025,6,1,1,강진군,잎집무늬마름병(발생면적율),0.0
2025,6,1,1,강진군,흰잎마름병(발생추정면적),0.0
2025,6,1,1,강진군,흰잎마름병(감수율),0.0
2025,6,1,1,강진군,흰잎마름병(피해율),0.0
2025,6,1,1,강진군,흰잎마름병(발생면적율),0.0
2025,6,1,1,강진군,세균벼알마름병(발생추정면적),0.0
2025,6,1,1,강진군,세균벼알마름병(감수율),0.0
2025,6,1,1,강진군,세균벼알마름병(피해율),0.0
2025,6,1,1,강진군,세균벼알마름병(발생면적율),0.0
2025,6,1,1,강진군,줄무늬잎마름병(발생면적),0.0
2025,6,1,1,강진군,줄무늬잎마름병(감수율),0.0
2025,6,1,1,강진군,줄무늬잎마름병(피해율),0.0
2025,6,1,1,강진군,줄무늬잎마름병(발생면적률),0.0
2025,6,1,1,강진군,벼검은줄오갈병(발생면적),0.0
2025,6,1,1,강진군,벼검은줄오갈병(감수율),0.0
2025,6,1,1,강진군,벼검은줄오갈병(피해율),0.0
2025,6,1,1,강진군,벼검은줄오갈병(발생면적률),0.0
2025,6,1,1,강진군,오갈병(발생면적),0.0
2025,6,1,1,강진군,오갈병(감수율),0.0
2025,6,1,1,강진군,오갈병(피해율),0.0
2025,6,1,1,강진군,오갈병(발생면적률),0.0
2025,6,1,1,강진군,이삭누룩병(발생추정면적),0.0
2025,6,1,1,강진군,이삭누룩병(감수율),0.0
2025,6,1,1,강진군,이삭누룩병(피해율),0.0
2025,6,1,1,강진군,이삭누룩병(발생면적율),0.0
2025,6,1,1,강진군,깨씨무늬병(발생추정면적),0.0
2025,6,1,1,강진군,깨씨무늬병(감수율),0.0
2025,6,1,1,강진군,깨씨무늬병(피해율),0.0
2025,6,1,1,강진군,깨씨무늬병(발생면적율),0.0
2025,6,1,1,강진군,벼잎벌레(발생추정면적),0.0
2025,6,1,1,강진군,벼잎벌레(감수율),0.0
2025,6,1,1,강진군,벼잎벌레(피해율),0.0
2025,6,1,1,강진군,벼잎벌레(발생면적율),0.0
2025,6,1,1,강진군,벼애잎굴파리(발생추정면적),0.0
2025,6,1,1,강진군,벼애잎굴파리(감수율),0.0
2025,6,1,1,강진군,벼애잎굴파리(피해율),0.0
2025,6,1,1,강진군,벼애잎굴파리(발생면적율),0.0
2025,6,1,1,강진군,벼줄기굴파리(발생추정면적),0.0
2025,6,1,1,강진군,벼줄기굴파리(감수율),0.0
2025,6,1,1,강진군,벼줄기굴파리(피해율),0.0
2025,6,1,1,강진군,벼줄기굴파리(발생면적율),0.0
2025,6,1,1,강진군,애멸구(발생추정면적),0.0
2025,6,1,1,강진군,애멸구(감수율),0.0
2025,6,1,1,강진군,애멸구(피해율),0.0
2025,6,1,1,강진군,애멸구(발생면적율),0.0
2025,6,1,1,강진군,끝동매미충(발생추정면적),0.0
2025,6,1,1,강진군,끝동매미충(감수율),0.0
2025,6,1,1,강진군,끝동매미충(피해율),0.0
2025,6,1,1,강진군,끝동매미충(발생면적율),0.0
2025,6,1,1,강진군,벼멸구(발생추정면적),0.0
2025,6,1,1,강진군,벼멸구(감수율),0.0
2025,6,1,1,강진군,벼멸구(피해율),0.0
2025,6,1,1,강진군,벼멸구(발생면적율),0.0
2025,6,1,1,강진군,흰등멸구(발생추정면적),0.0
2025,6,1,1,강진군,흰등멸구(감수율),0.0
2025,6,1,1,강진군,흰등멸구(피해율),0.0
2025,6,1,1,강진군,흰등멸구(발생면적율),0.0
2025,6,1,1,강진군,벼물바구미(발생추정면적),0.0
2025,6,1,1,강진군,벼물바구미(감수율),0.0
2025,6,1,1,강진군,벼물바구미(피해율),0.0
2025,6,1,1,강진군,벼물바구미(발생면적율),0.0
2025,6,1,1,강진군,혹명나방(발생추정면적),0.0
2025,6,1,1,강진군,혹명나방(감수율),0.0
2025,6,1,1,강진군,혹명나방(피해율),0.0
2025,6,1,1,강진군,혹명나방(발생면적율),0.0
2025,6,1,1,강진군,멸강나방(발생추정면적),0.0
2025,6,1,1,강진군,멸강나방(감수율),0.0
2025,6,1,1,강진군,멸강나방(피해율),0.0
2025,6,1,1,강진군,멸강나방(발생면적율),0.0
2025,6,1,1,강진군,먹노린재(발생추정면적),0.0
2025,6,1,1,강진군,먹노린재(감수율),0.0
2025,6,1,1,강진군,먹노린재(피해율),0.0
2025,6,1,1,강진군,먹노린재(발생면적율),0.0
2025,6,1,1,강진군,이화명나방1화기(발생면적),0.0
2025,6,1,1,강진군,이화명나방1화기(감수율),0.0
2025,6,1,1,강진군,이화명나방1화기(피해율),0.0
2025,6,1,1,강진군,이화명나방1화기(발생면적률),0.0
2025,6,1,1,강진군,이화명나방2화기(발생면적),0.0
2025,6,1,1,강진군,이화명나방2화기(감수율),0.0
2025,6,1,1,강진군,이화명나방2화기(피해율),0.0
2025,6,1,1,강진군,이화명나방2화기(발생면적률),0.0
2025,6,1,1,강진군,바이러스병(발생추정면적),0.0
2025,6,1,1,강진군,바이러스병(감수율),0.0
2025,6,1,1,강진군,바이러스병(피해율),0.0
2025,6,1,1,강진군,바이러스병(발생면적율),0.0
2025,6,1,1,강진군,키다리병(발생추정면적),0.0
2025,6,1,1,강진군,키다리병(감수율),0.0
2025,6,1,1,강진군,키다리병(피해율),0.0
2025,6,1,1,강진군,키다리병(발생면적율),0.0
2025,6,1,1,강진군,이화명나방(발생추정면적),0.0
2025,6,1,1,강진군,이화명나방(감수율),0.0
2025,6,1,1,강진군,이화명나방(피해율),0.0
2025,6,1,1,강진군,이화명나방(발생면적율),0.0
2025,6,1,1,강진군,벼애나방(발생추정면적),0.0
2025,6,1,1,강진군,벼애나방(감수율),0.0
2025,6,1,1,강진군,벼애나방(피해율),0.0
2025,6,1,1,강진군,벼애나방(발생면적율),0.0
2025,6,1,1,강진군,벼잎선충(발생추정면적),0.0
2025,6,1,1,강진군,벼잎선충(감수율),0.0
2025,6,1,1,강진군,벼잎선충(피해율),0.0
2025,6,1,1,강진군,벼잎선충(발생면적율),0.0
2025,6,1,1,고흥군,잎도열병(발생추정면적),0.0
2025,6,1,1,고흥군,잎도열병(감수율),0.0
2025,6,1,1,고흥군,잎도열병(피해율),0.0
2025,6,1,1,고흥군,잎도열병(발생면적율),0.0
2025,6,1,1,고흥군,이삭도열병(발생추정면적),0.0
2025,6,1,1,고흥군,이삭도열병(감수율),0.0
2025,6,1,1,고흥군,이삭도열병(피해율),0.0
2025,6,1,1,고흥군,이삭도열병(발생면적율),0.0
2025,6,1,1,고흥군,잎집무늬마름병(발생추정면적),0.0
2025,6,1,1,고흥군,잎집무늬마름병(감수율),0.0
2025,6,1,1,고흥군,잎집무늬마름병(피해율),0.0
2025,6,1,1,고흥군,잎집무늬마름병(발생면적율),0.0
2025,6,1,1,고흥군,흰잎마름병(발생추정면적),0.0
2025,6,1,1,고흥군,흰잎마름병(감수율),0.0
2025,6,1,1,고흥군,흰잎마름병(피해율),0.0
2025,6,1,1,고흥군,흰잎마름병(발생면적율),0.0
2025,6,1,1,고흥군,세균벼알마름병(발생추정면적),0.0
2025,6,1,1,고흥군,세균벼알마름병(감수율),0.0
2025,6,1,1,고흥군,세균벼알마름병(피해율),0.0
2025,6,1,1,고흥군,세균벼알마름병(발생면적율),0.0
2025,6,1,1,고흥군,줄무늬잎마름병(발생면적),0.0
2025,6,1,1,고흥군,줄무늬잎마름병(감수율),0.0
2025,6,1,1,고흥군,줄무늬잎마름병(피해율),0.0
2025,6,1,1,고흥군,줄무늬잎마름병(발생면적률),0.0
2025,6,1,1,고흥군,벼검은줄오갈병(발생면적),0.0
2025,6,1,1,고흥군,벼검은줄오갈병(감수율),0.0
2025,6,1,1,고흥군,벼검은줄오갈병(피해율),0.0
2025,6,1,1,고흥군,벼검은줄오갈병(발생면적률),0.0
2025,6,1,1,고흥군,오갈병(발생면적),0.0
2025,6,1,1,고흥군,오갈병(감수율),0.0
2025,6,1,1,고흥군,오갈병(피해율),0.0
2025,6,1,1,고흥군,오갈병(발생면적률),0.0
2025,6,1,1,고흥군,이삭누룩병(발생추정면적),0.0
2025,6,1,1,고흥군,이삭누룩병(감수율),0.0
2025,6,1,1,고흥군,이삭누룩병(피해율),0.0
2025,6,1,1,고흥군,이삭누룩병(발생면적율),0.0
2025,6,1,1,고흥군,깨씨무늬병(발생추정면적),0.0
2025,6,1,1,고흥군,깨씨무늬병(감수율),0.0
2025,6,1,1,고흥군,깨씨무늬병(피해율),0.0
2025,6,1,1,고흥군,깨씨무늬병(발생면적율),0.0
2025,6,1,1,고흥군,벼잎벌레(발생추정면적),0.0
2025,6,1,1,고흥군,벼잎벌레(감수율),0.0
2025,6,1,1,고흥군,벼잎벌레(피해율),0.0
2025,6,1,1,고흥군,벼잎벌레(발생면적율),0.0
2025,6,1,1,고흥군,벼애잎굴파리(발생추정면적),0.0
2025,6,1,1,고흥군,벼애잎굴파리(감수율),0.0
2025,6,1,1,고흥군,벼애잎굴파리(피해율),0.0
2025,6,1,1,고흥군,벼애잎굴파리(발생면적율),0.0
2025,6,1,1,고흥군,벼줄기굴파리(발생추정면적),0.0
2025,6,1,1,고흥군,벼줄기굴파리(감수율),0.0
2025,6,1,1,고흥군,벼줄기굴파리(피해율),0.0
2025,6,1,1,고흥군,벼줄기굴파리(발생면적율),0.0
2025,6,1,1,고흥군,애멸구(발생추정면적),0.0
2025,6,1,1,고흥군,애멸구(감수율),0.0
2025,6,1,1,고흥군,애멸구(피해율),0.0
2025,6,1,1,고흥군,애멸구(발생면적율),0.0
2025,6,1,1,고흥군,끝동매미충(발생추정면적),0.0
2025,6,1,1,고흥군,끝동매미충(감수율),0.0
2025,6,1,1,고흥군,끝동매미충(피해율),0.0
2025,6,1,1,고흥군,끝동매미충(발생면적율),0.0
2025,6,1,1,고흥군,벼멸구(발생추정면적),0.0
2025,6,1,1,고흥군,벼멸구(감수율),0.0
2025,6,1,1,고흥군,벼멸구(피해율),0.0
2025,6,1,1,고흥군,벼멸구(발생면적율),0.0
2025,6,1,1,고흥군,흰등멸구(발생추정면적),0.0
2025,6,1,1,고흥군,흰등멸구(감수율),0.0
2025,6,1,1,고흥군,흰등멸구(피해율),0.0
2025,6,1,1,고흥군,흰등멸구(발생면적율),0.0
2025,6,1,1,고흥군,벼물바구미(발생추정면적),0.0
2025,6,1,1,고흥군,벼물바구미(감수율),0.0
2025,6,1,1,고흥군,벼물바구미(피해율),0.0
2025,6,1,1,고흥군,벼물바구미(발생면적율),0.0
2025,6,1,1,고흥군,혹명나방(발생추정면적),0.0
2025,6,1,1,고흥군,혹명나방(감수율),0.0
2025,6,1,1,고흥군,혹명나방(피해율),0.0
2025,6,1,1,고흥군,혹명나방(발생면적율),0.0
2025,6,1,1,고흥군,멸강나방(발생추정면적),0.0
2025,6,1,1,고흥군,멸강나방(감수율),0.0
2025,6,1,1,고흥군,멸강나방(피해율),0.0
2025,6,1,1,고흥군,멸강나방(발생면적율),0.0
2025,6,1,1,고흥군,먹노린재(발생추정면적),0.0
2025,6,1,1,고흥군,먹노린재(감수율),0.0
2025,6,1,1,고흥군,먹노린재(피해율),0.0
2025,6,1,1,고흥군,먹노린재(발생면적율),0.0
2025,6,1,1,고흥군,이화명나방1화기(발생면적),0.0
2025,6,1,1,고흥군,이화명나방1화기(감수율),0.0
2025,6,1,1,고흥군,이화명나방1화기(피해율),0.0
2025,6,1,1,고흥군,이화명나방1화기(발생면적률),0.0
2025,6,1,1,고흥군,이화명나방2화기(발생면적),0.0
2025,6,1,1,고흥군,이화명나방2화기(감수율),0.0
2025,6,1,1,고흥군,이화명나방2화기(피해율),0.0
2025,6,1,1,고흥군,이화명나방2화기(발생면적률),0.0
2025,6,1,1,고흥군,바이러스병(발생추정면적),0.0
2025,6,1,1,고흥군,바이러스병(감수율),0.0
2025,6,1,1,고흥군,바이러스병(피해율),0.0
2025,6,1,1,고흥군,바이러스병(발생면적율),0.0
2025,6,1,1,고흥군,키다리병(발생추정면적),0.0
2025,6,1,1,고흥군,키다리병(감수율),0.0
2025,6,1,1,고흥군,키다리병(피해율),0.0
2025,6,1,1,고흥군,키다리병(발생면적율),0.0
2025,6,1,1,고흥군,이화명나방(발생추정면적),0.0
2025,6,1,1,고흥군,이화명나방(감수율),0.0
2025,6,1,1,고흥군,이화명나방(피해율),0.0
2025,6,1,1,고흥군,이화명나방(발생면적율),0.0
2025,6,1,1,고흥군,벼애나방(발생추정면적),0.0
2025,6,1,1,고흥군,벼애나방(감수율),0.0
2025,6,1,1,고흥군,벼애나방(피해율),0.0
2025,6,1,1,고흥군,벼애나방(발생면적율),0.0
2025,6,1,1,고흥군,벼잎선충(발생추정면적),0.0
2025,6,1,1,고흥군,벼잎선충(감수율),0.0
2025,6,1,1,고흥군,벼잎선충(피해율),0.0
2025,6,1,1,고흥군,벼잎선충(발생면적율),0.0
2025,6,1,1,곡성군,잎도열병(발생추정면적),0.0
2025,6,1,1,곡성군,잎도열병(감수율),0.0
2025,6,1,1,곡성군,잎도열병(피해율),0.0
2025,6,1,1,곡성군,잎도열병(발생면적율),0.0
2025,6,1,1,곡성군,이삭도열병(발생추정면적),0.0
2025,6,1,1,곡성군,이삭도열병(감수율),0.0
2025,6,1,1,곡성군,이삭도열병(피해율),0.0
2025,6,1,1,곡성군,이삭도열병(발생면적율),0.0
2025,6,1,1,곡성군,잎집무늬마름병(발생추정면적),0.0
2025,6,1,1,곡성군,잎집무늬마름병(감수율),0.0
2025,6,1,1,곡성군,잎집무늬마름병(피해율),0.0
2025,6,1,1,곡성군,잎집무늬마름병(발생면적율),0.0
2025,6,1,1,곡성군,흰잎마름병(발생추정면적),0.0
2025,6,1,1,곡성군,흰잎마름병(감수율),0.0
2025,6,1,1,곡성군,흰잎마름병(피해율),0.0
2025,6,1,1,곡성군,흰잎마름병(발생면적율),0.0
2025,6,1,1,곡성군,세균벼알마름병(발생추정면적),0.0
2025,6,1,1,곡성군,세균벼알마름병(감수율),0.0
2025,6,1,1,곡성군,세균벼알마름병(피해율),0.0
2025,6,1,1,곡성군,세균벼알마름병(발생면적율),0.0
2025,6,1,1,곡성군,줄무늬잎마름병(발생면적),0.0
2025,6,1,1,곡성군,줄무늬잎마름병(감수율),0.0
2025,6,1,1,곡성군,줄무늬잎마름병(피해율),0.0
2025,6,1,1,곡성군,줄무늬잎마름병(발생면적률),0.0
2025,6,1,1,곡성군,벼검은줄오갈병(발생면적),0.0
2025,6,1,1,곡성군,벼검은줄오갈병(감수율),0.0
2025,6,1,1,곡성군,벼검은줄오갈병(피해율),0.0
2025,6,1,1,곡성군,벼검은줄오갈병(발생면적률),0.0
2025,6,1,1,곡성군,오갈병(발생면적),0.0
2025,6,1,1,곡성군,오갈병(감수율),0.0
2025,6,1,1,곡성군,오갈병(피해율),0.0
2025,6,1,1,곡성군,오갈병(발생면적률),0.0
2025,6,1,1,곡성군,이삭누룩병(발생추정면적),0.0
2025,6,1,1,곡성군,이삭누룩병(감수율),0.0
2025,6,1,1,곡성군,이삭누룩병(피해율),0.0
2025,6,1,1,곡성군,이삭누룩병(발생면적율),0.0
2025,6,1,1,곡성군,깨씨무늬병(발생추정면적),0.0
2025,6,1,1,곡성군,깨씨무늬병(감수율),0.0
2025,6,1,1,곡성군,깨씨무늬병(피해율),0.0
2025,6,1,1,곡성군,깨씨무늬병(발생면적율),0.0
2025,6,1,1,곡성군,벼잎벌레(발생추정면적),0.0
2025,6,1,1,곡성군,벼잎벌레(감수율),0.0
2025,6,1,1,곡성군,벼잎벌레(피해율),0.0
2025,6,1,1,곡성군,벼잎벌레(발생면적율),0.0
2025,6,1,1,곡성군,벼애잎굴파리(발생추정면적),0.0
2025,6,1,1,곡성군,벼애잎굴파리(감수율),0.0
2025,6,1,1,곡성군,벼애잎굴파리(피해율),0.0
2025,6,1,1,곡성군,벼애잎굴파리(발생면적율),0.0
2025,6,1,1,곡성군,벼줄기굴파리(발생추정면적),0.0
2025,6,1,1,곡성군,벼줄기굴파리(감수율),0.0
2025,6,1,1,곡성군,벼줄기굴파리(피해율),0.0
2025,6,1,1,곡성군,벼줄기굴파리(발생면적율),0.0
2025,6,1,1,곡성군,애멸구(발생추정면적),0.0
2025,6,1,1,곡성군,애멸구(감수율),0.0
2025,6,1,1,곡성군,애멸구(피해율),0.0
2025,6,1,1,곡성군,애멸구(발생면적율),0.0
2025,6,1,1,곡성군,끝동매미충(발생추정면적),0.0
2025,6,1,1,곡성군,끝동매미충(감수율),0.0
2025,6,1,1,곡성군,끝동매미충(피해율),0.0
2025,6,1,1,곡성군,끝동매미충(발생면적율),0.0
2025,6,1,1,곡성군,벼멸구(발생추정면적),0.0
2025,6,1,1,곡성군,벼멸구(감수율),0.0
2025,6,1,1,곡성군,벼멸구(피해율),0.0
2025,6,1,1,곡성군,벼멸구(발생면적율),0.0
2025,6,1,1,곡성군,흰등멸구(발생추정면적),0.0
2025,6,1,1,곡성군,흰등멸구(감수율),0.0
2025,6,1,1,곡성군,흰등멸구(피해율),0.0
2025,6,1,1,곡성군,흰등멸구(발생면적율),0.0
2025,6,1,1,곡성군,벼물바구미(발생추정면적),0.0
2025,6,1,1,곡성군,벼물바구미(감수율),0.0
2025,6,1,1,곡성군,벼물바구미(피해율),0.0
2025,6,1,1,곡성군,벼물바구미(발생면적율),0.0
2025,6,1,1,곡성군,혹명나방(발생추정면적),0.0
2025,6,1,1,곡성군,혹명나방(감수율),0.0
2025,6,1,1,곡성군,혹명나방(피해율),0.0
2025,6,1,1,곡성군,혹명나방(발생면적율),0.0
2025,6,1,1,곡성군,멸강나방(발생추정면적),0.0
2025,6,1,1,곡성군,멸강나방(감수율),0.0
2025,6,1,1,곡성군,멸강나방(피해율),0.0
2025,6,1,1,곡성군,멸강나방(발생면적율),0.0
2025,6,1,1,곡성군,먹노린재(발생추정면적),0.0
2025,6,1,1,곡성군,먹노린재(감수율),0.0
2025,6,1,1,곡성군,먹노린재(피해율),0.0
2025,6,1,1,곡성군,먹노린재(발생면적율),0.0
2025,6,1,1,곡성군,이화명나방1화기(발생면적),0.0
2025,6,1,1,곡성군,이화명나방1화기(감수율),0.0
2025,6,1,1,곡성군,이화명나방1화기(피해율),0.0
2025,6,1,1,곡성군,이화명나방1화기(발생면적률),0.0
2025,6,1,1,곡성군,이화명나방2화기(발생면적),0.0
2025,6,1,1,곡성군,이화명나방2화기(감수율),0.0
2025,6,1,1,곡성군,이화명나방2화기(피해율),0.0
2025,6,1,1,곡성군,이화명나방2화기(발생면적률),0.0
2025,6,1,1,곡성군,바이러스병(발생추정면적),0.0
2025,6,1,1,곡성군,바이러스병(감수율),0.0
2025,6,1,1,곡성군,바이러스병(피해율),0.0
2025,6,1,1,곡성군,바이러스병(발생면적율),0.0
2025,6,1,1,곡성군,키다리병(발생추정면적),0.0
2025,6,1,1,곡성군,키다리병(감수율),0.0
2025,6,1,1,곡성군,키다리병(피해율),0.0
2025,6,1,1,곡성군,키다리병(발생면적율),0.0
2025,6,1,1,곡성군,이화명나방(발생추정면적),0.0
2025,6,1,1,곡성군,이화명나방(감수율),0.0
2025,6,1,1,곡성군,이화명나방(피해율),0.0
2025,6,1,1,곡성군,이화명나방(발생면적율),0.0
2025,6,1,1,곡성군,벼애나방(발생추정면적),0.0
2025,6,1,1,곡성군,벼애나방(감수율),0.0
2025,6,1,1,곡성군,벼애나방(피해율),0.0
2025,6,1,1,곡성군,벼애나방(발생면적율),0.0
2025,6,1,1,곡성군,벼잎선충(발생추정면적),0.0
2025,6,1,1,곡성군,벼잎선충(감수율),0.0
2025,6,1,1,곡성군,벼잎선충(피해율),0.0
2025,6,1,1,곡성군,벼잎선충(발생면적율),0.0
2025,6,1,1,광양시,잎도열병(발생추정면적),0.0
2025,6,1,1,광양시,잎도열병(감수율),0.0
2025,6,1,1,광양시,잎도열병(피해율),0.0
2025,6,1,1,광양시,잎도열병(발생면적율),0.0
2025,6,1,1,광양시,이삭도열병(발생추정면적),0.0
2025,6,1,1,광양시,이삭도열병(감수율),0.0
2025,6,1,1,광양시,이삭도열병(피해율),0.0
2025,6,1,1,광양시,이삭도열병(발생면적율),0.0
2025,6,1,1,광양시,잎집무늬마름병(발생추정면적),0.0
2025,6,1,1,광양시,잎집무늬마름병(감수율),0.0
2025,6,1,1,광양시,잎집무늬마름병(피해율),0.0
2025,6,1,1,광양시,잎집무늬마름병(발생면적율),0.0
2025,6,1,1,광양시,흰잎마름병(발생추정면적),0.0
2025,6,1,1,광양시,흰잎마름병(감수율),0.0
2025,6,1,1,광양시,흰잎마름병(피해율),0.0
2025,6,1,1,광양시,흰잎마름병(발생면적율),0.0
2025,6,1,1,광양시,세균벼알마름병(발생추정면적),0.0
2025,6,1,1,광양시,세균벼알마름병(감수율),0.0
2025,6,1,1,광양시,세균벼알마름병(피해율),0.0
2025,6,1,1,광양시,세균벼알마름병(발생면적율),0.0
2025,6,1,1,광양시,줄무늬잎마름병(발생면적),0.0
2025,6,1,1,광양시,줄무늬잎마름병(감수율),0.0
2025,6,1,1,광양시,줄무늬잎마름병(피해율),0.0
2025,6,1,1,광양시,줄무늬잎마름병(발생면적률),0.0
2025,6,1,1,광양시,벼검은줄오갈병(발생면적),0.0
2025,6,1,1,광양시,벼검은줄오갈병(감수율),0.0
2025,6,1,1,광양시,벼검은줄오갈병(피해율),0.0
2025,6,1,1,광양시,벼검은줄오갈병(발생면적률),0.0
2025,6,1,1,광양시,오갈병(발생면적),0.0
2025,6,1,1,광양시,오갈병(감수율),0.0
2025,6,1,1,광양시,오갈병(피해율),0.0
2025,6,1,1,광양시,오갈병(발생면적률),0.0
2025,6,1,1,광양시,이삭누룩병(발생추정면적),0.0
2025,6,1,1,광양시,이삭누룩병(감수율),0.0
2025,6,1,1,광양시,이삭누룩병(피해율),0.0
2025,6,1,1,광양시,이삭누룩병(발생면적율),0.0
2025,6,1,1,광양시,깨씨무늬병(발생추정면적),0.0
2025,6,1,1,광양시,깨씨무늬병(감수율),0.0
2025,6,1,1,광양시,깨씨무늬병(피해율),0.0
2025,6,1,1,광양시,깨씨무늬병(발생면적율),0.0
2025,6,1,1,광양시,벼잎벌레(발생추정면적),0.0
2025,6,1,1,광양시,벼잎벌레(감수율),0.0
2025,6,1,1,광양시,벼잎벌레(피해율),0.0
2025,6,1,1,광양시,벼잎벌레(발생면적율),0.0
2025,6,1,1,광양시,벼애잎굴파리(발생추정면적),0.0
2025,6,1,1,광양시,벼애잎굴파리(감수율),0.0
2025,6,1,1,광양시,벼애잎굴파리(피해율),0.0
2025,6,1,1,광양시,벼애잎굴파리(발생면적율),0.0
2025,6,1,1,광양시,벼줄기굴파리(발생추정면적),0.0
2025,6,1,1,광양시,벼줄기굴파리(감수율),0.0
2025,6,1,1,광양시,벼줄기굴파리(피해율),0.0
2025,6,1,1,광양시,벼줄기굴파리(발생면적율),0.0
2025,6,1,1,광양시,애멸구(발생추정면적),0.0
2025,6,1,1,광양시,애멸구(감수율),0.0
2025,6,1,1,광양시,애멸구(피해율),0.0
2025,6,1,1,광양시,애멸구(발생면적율),0.0
2025,6,1,1,광양시,끝동매미충(발생추정면적),0.0
2025,6,1,1,광양시,끝동매미충(감수율),0.0
2025,6,1,1,광양시,끝동매미충(피해율),0.0
2025,6,1,1,광양시,끝동매미충(발생면적율),0.0
2025,6,1,1,광양시,벼멸구(발생추정면적),0.0
2025,6,1,1,광양시,벼멸구(감수율),0.0
2025,6,1,1,광양시,벼멸구(피해율),0.0
2025,6,1,1,광양시,벼멸구(발생면적율),0.0
2025,6,1,1,광양시,흰등멸구(발생추정면적),0.0
2025,6,1,1,광양시,흰등멸구(감수율),0.0
2025,6,1,1,광양시,흰등멸구(피해율),0.0
2025,6,1,1,광양시,흰등멸구(발생면적율),0.0
2025,6,1,1,광양시,벼물바구미(발생추정면적),0.0
2025,6,1,1,광양시,벼물바구미(감수율),0.0
2025,6,1,1,광양시,벼물바구미(피해율),0.0
2025,6,1,1,광양시,벼물바구미(발생면적율),0.0
2025,6,1,1,광양시,혹명나방(발생추정면적),0.0
2025,6,1,1,광양시,혹명나방(감수율),0.0
2025,6,1,1,광양시,혹명나방(피해율),0.0
2025,6,1,1,광양시,혹명나방(발생면적율),0.0
2025,6,1,1,광양시,멸강나방(발생추정면적),0.0
2025,6,1,1,광양시,멸강나방(감수율),0.0
2025,6,1,1,광양시,멸강나방(피해율),0.0
2025,6,1,1,광양시,멸강나방(발생면적율),0.0
2025,6,1,1,광양시,먹노린재(발생추정면적),0.0
2025,6,1,1,광양시,먹노린재(감수율),0.0
2025,6,1,1,광양시,먹노린재(피해율),0.0
2025,6,1,1,광양시,먹노린재(발생면적율),0.0
2025,6,1,1,광양시,이화명나방1화기(발생면적),0.0
2025,6,1,1,광양시,이화명나방1화기(감수율),0.0
2025,6,1,1,광양시,이화명나방1화기(피해율),0.0
2025,6,1,1,광양시,이화명나방1화기(발생면적률),0.0
2025,6,1,1,광양시,이화명나방2화기(발생면적),0.0
2025,6,1,1,광양시,이화명나방2화기(감수율),0.0
2025,6,1,1,광양시,이화명나방2화기(피해율),0.0
2025,6,1,1,광양시,이화명나방2화기(발생면적률),0.0
2025,6,1,1,광양시,바이러스병(발생추정면적),0.0
2025,6,1,1,광양시,바이러스병(감수율),0.0
2025,6,1,1,광양시,바이러스병(피해율),0.0
2025,6,1,1,광양시,바이러스병(발생면적율),0.0
2025,6,1,1,광양시,키다리병(발생추정면적),0.0
2025,6,1,1,광양시,키다리병(감수율),0.0
2025,6,1,1,광양시,키다리병(피해율),0.0
2025,6,1,1,광양시,키다리병(발생면적율),0.0
2025,6,1,1,광양시,이화명나방(발생추정면적),0.0
2025,6,1,1,광양시,이화명나방(감수율),0.0
2025,6,1,1,광양시,이화명나방(피해율),0.0
2025,6,1,1,광양시,이화명나방(발생면적율),0.0
2025,6,1,1,광양시,벼애나방(발생추정면적),0.0
2025,6,1,1,광양시,벼애나방(감수율),0.0
2025,6,1,1,광양시,벼애나방(피해율),0.0
2025,6,1,1,광양시,벼애나방(발생면적율),0.0
2025,6,1,1,광양시,벼잎선충(발생추정면적),0.0
2025,6,1,1,광양시,벼잎선충(감수율),0.0
2025,6,1,1,광양시,벼잎선충(피해율),0.0
2025,6,1,1,광양시,벼잎선충(발생면적율),0.0
2025,6,1,1,구례군,잎도열병(발생추정면적),0.0
2025,6,1,1,구례군,잎도열병(감수율),0.0
2025,6,1,1,구례군,잎도열병(피해율),0.0
2025,6,1,1,구례군,잎도열병(발생면적율),0.0
2025,6,1,1,구례군,이삭도열병(발생추정면적),0.0
2025,6,1,1,구례군,이삭도열병(감수율),0.0
2025,6,1,1,구례군,이삭도열병(피해율),0.0
2025,6,1,1,구례군,이삭도열병(발생면적율),0.0
2025,6,1,1,구례군,잎집무늬마름병(발생추정면적),0.0
2025,6,1,1,구례군,잎집무늬마름병(감수율),0.0
2025,6,1,1,구례군,잎집무늬마름병(피해율),0.0
2025,6,1,1,구례군,잎집무늬마름병(발생면적율),0.0
2025,6,1,1,구례군,흰잎마름병(발생추정면적),0.0
2025,6,1,1,구례군,흰잎마름병(감수율),0.0
2025,6,1,1,구례군,흰잎마름병(피해율),0.0
2025,6,1,1,구례군,흰잎마름병(발생면적율),0.0
2025,6,1,1,구례군,세균벼알마름병(발생추정면적),0.0
2025,6,1,1,구례군,세균벼알마름병(감수율),0.0
2025,6,1,1,구례군,세균벼알마름병(피해율),0.0
2025,6,1,1,구례군,세균벼알마름병(발생면적율),0.0
2025,6,1,1,구례군,줄무늬잎마름병(발생면적),0.0
2025,6,1,1,구례군,줄무늬잎마름병(감수율),0.0
2025,6,1,1,구례군,줄무늬잎마름병(피해율),0.0
2025,6,1,1,구례군,줄무늬잎마름병(발생면적률),0.0
2025,6,1,1,구례군,벼검은줄오갈병(발생면적),0.0
2025,6,1,1,구례군,벼검은줄오갈병(감수율),0.0
2025,6,1,1,구례군,벼검은줄오갈병(피해율),0.0
2025,6,1,1,구례군,벼검은줄오갈병(발생면적률),0.0
2025,6,1,1,구례군,오갈병(발생면적),0.0
2025,6,1,1,구례군,오갈병(감수율),0.0
2025,6,1,1,구례군,오갈병(피해율),0.0
2025,6,1,1,구례군,오갈병(발생면적률),0.0
2025,6,1,1,구례군,이삭누룩병(발생추정면적),0.0
2025,6,1,1,구례군,이삭누룩병(감수율),0.0
2025,6,1,1,구례군,이삭누룩병(피해율),0.0
2025,6,1,1,구례군,이삭누룩병(발생면적율),0.0
2025,6,1,1,구례군,깨씨무늬병(발생추정면적),0.0
2025,6,1,1,구례군,깨씨무늬병(감수율),0.0
2025,6,1,1,구례군,깨씨무늬병(피해율),0.0
2025,6,1,1,구례군,깨씨무늬병(발생면적율),0.0
2025,6,1,1,구례군,벼잎벌레(발생추정면적),0.0
2025,6,1,1,구례군,벼잎벌레(감수율),0.0
2025,6,1,1,구례군,벼잎벌레(피해율),0.0
2025,6,1,1,구례군,벼잎벌레(발생면적율),0.0
2025,6,1,1,구례군,벼애잎굴파리(발생추정면적),0.0
2025,6,1,1,구례군,벼애잎굴파리(감수율),0.0
2025,6,1,1,구례군,벼애잎굴파리(피해율),0.0
2025,6,1,1,구례군,벼애잎굴파리(발생면적율),0.0
2025,6,1,1,구례군,벼줄기굴파리(발생추정면적),0.0
2025,6,1,1,구례군,벼줄기굴파리(감수율),0.0
2025,6,1,1,구례군,벼줄기굴파리(피해율),0.0
2025,6,1,1,구례군,벼줄기굴파리(발생면적율),0.0
2025,6,1,1,구례군,애멸구(발생추정면적),0.0
2025,6,1,1,구례군,애멸구(감수율),0.0
2025,6,1,1,구례군,애멸구(피해율),0.0
2025,6,1,1,구례군,애멸구(발생면적율),0.0
2025,6,1,1,구례군,끝동매미충(발생추정면적),0.0
2025,6,1,1,구례군,끝동매미충(감수율),0.0
2025,6,1,1,구례군,끝동매미충(피해율),0.0
2025,6,1,1,구례군,끝동매미충(발생면적율),0.0
2025,6,1,1,구례군,벼멸구(발생추정면적),0.0
2025,6,1,1,구례군,벼멸구(감수율),0.0
2025,6,1,1,구례군,벼멸구(피해율),0.0
2025,6,1,1,구례군,벼멸구(발생면적율),0.0
2025,6,1,1,구례군,흰등멸구(발생추정면적),0.0
2025,6,1,1,구례군,흰등멸구(감수율),0.0
2025,6,1,1,구례군,흰등멸구(피해율),0.0
2025,6,1,1,구례군,흰등멸구(발생면적율),0.0
2025,6,1,1,구례군,벼물바구미(발생추정면적),0.0
2025,6,1,1,구례군,벼물바구미(감수율),0.0
2025,6,1,1,구례군,벼물바구미(피해율),0.0
2025,6,1,1,구례군,벼물바구미(발생면적율),0.0
2025,6,1,1,구례군,혹명나방(발생추정면적),0.0
2025,6,1,1,구례군,혹명나방(감수율),0.0
2025,6,1,1,구례군,혹명나방(피해율),0.0
2025,6,1,1,구례군,혹명나방(발생면적율),0.0
2025,6,1,1,구례군,멸강나방(발생추정면적),0.0
2025,6,1,1,구례군,멸강나방(감수율),0.0
2025,6,1,1,구례군,멸강나방(피해율),0.0
2025,6,1,1,구례군,멸강나방(발생면적율),0.0
2025,6,1,1,구례군,먹노린재(발생추정면적),0.0
2025,6,1,1,구례군,먹노린재(감수율),0.0
2025,6,1,1,구례군,먹노린재(피해율),0.0
2025,6,1,1,구례군,먹노린재(발생면적율),0.0
2025,6,1,1,구례군,이화명나방1화기(발생면적),0.0
2025,6,1,1,구례군,이화명나방1화기(감수율),0.0
2025,6,1,1,구례군,이화명나방1화기(피해율),0.0
2025,6,1,1,구례군,이화명나방1화기(발생면적률),0.0
2025,6,1,1,구례군,이화명나방2화기(발생면적),0.0
2025,6,1,1,구례군,이화명나방2화기(감수율),0.0
2025,6,1,1,구례군,이화명나방2화기(피해율),0.0
2025,6,1,1,구례군,이화명나방2화기(발생면적률),0.0
2025,6,1,1,구례군,바이러스병(발생추정면적),0.0
2025,6,1,1,구례군,바이러스병(감수율),0.0
2025,6,1,1,구례군,바이러스병(피해율),0.0
2025,6,1,1,구례군,바이러스병(발생면적율),0.0
2025,6,1,1,구례군,키다리병(발생추정면적),0.0
2025,6,1,1,구례군,키다리병(감수율),0.0
2025,6,1,1,구례군,키다리병(피해율),0.0
2025,6,1,1,구례군,키다리병(발생면적율),0.0
2025,6,1,1,구례군,이화명나방(발생추정면적),0.0
2025,6,1,1,구례군,이화명나방(감수율),0.0
2025,6,1,1,구례군,이화명나방(피해율),0.0
2025,6,1,1,구례군,이화명나방(발생면적율),0.0
2025,6,1,1,구례군,벼애나방(발생추정면적),0.0
2025,6,1,1,구례군,벼애나방(감수율),0.0
2025,6,1,1,구례군,벼애나방(피해율),0.0
2025,6,1,1,구례군,벼애나방(발생면적율),0.0
2025,6,1,1,구례군,벼잎선충(발생추정면적),0.0
2025,6,1,1,구례군,벼잎선충(감수율),0.0
2025,6,1,1,구례군,벼잎선충(피해율),0.0
2025,6,1,1,구례군,벼잎선충(발생면적율),0.0
2025,6,1,1,나주시,잎도열병(발생추정면적),0.0
2025,6,1,1,나주시,잎도열병(감수율),0.0
2025,6,1,1,나주시,잎도열병(피해율),0.0
2025,6,1,1,나주시,잎도열병(발생면적율),0.0
2025,6,1,1,나주시,이삭도열병(발생추정면적),0.0
2025,6,1,1,나주시,이삭도열병(감수율),0.0
2025,6,1,1,나주시,이삭도열병(피해율),0.0
2025,6,1,1,나주시,이삭도열병(발생면적율),0.0
2025,6,1,1,나주시,잎집무늬마름병(발생추정면적),0.0
2025,6,1,1,나주시,잎집무늬마름병(감수율),0.0
2025,6,1,1,나주시,잎집무늬마름병(피해율),0.0
2025,6,1,1,나주시,잎집무늬마름병(발생면적율),0.0
2025,6,1,1,나주시,흰잎마름병(발생추정면적),0.0
2025,6,1,1,나주시,흰잎마름병(감수율),0.0
2025,6,1,1,나주시,흰잎마름병(피해율),0.0
2025,6,1,1,나주시,흰잎마름병(발생면적율),0.0
2025,6,1,1,나주시,세균벼알마름병(발생추정면적),0.0
2025,6,1,1,나주시,세균벼알마름병(감수율),0.0
2025,6,1,1,나주시,세균벼알마름병(피해율),0.0
2025,6,1,1,나주시,세균벼알마름병(발생면적율),0.0
2025,6,1,1,나주시,줄무늬잎마름병(발생면적),0.0
2025,6,1,1,나주시,줄무늬잎마름병(감수율),0.0
2025,6,1,1,나주시,줄무늬잎마름병(피해율),0.0
2025,6,1,1,나주시,줄무늬잎마름병(발생면적률),0.0
2025,6,1,1,나주시,벼검은줄오갈병(발생면적),0.0
2025,6,1,1,나주시,벼검은줄오갈병(감수율),0.0
2025,6,1,1,나주시,벼검은줄오갈병(피해율),0.0
2025,6,1,1,나주시,벼검은줄오갈병(발생면적률),0.0
2025,6,1,1,나주시,오갈병(발생면적),0.0
2025,6,1,1,나주시,오갈병(감수율),0.0
2025,6,1,1,나주시,오갈병(피해율),0.0
2025,6,1,1,나주시,오갈병(발생면적률),0.0
2025,6,1,1,나주시,이삭누룩병(발생추정면적),0.0
2025,6,1,1,나주시,이삭누룩병(감수율),0.0
2025,6,1,1,나주시,이삭누룩병(피해율),0.0
2025,6,1,1,나주시,이삭누룩병(발생면적율),0.0
2025,6,1,1,나주시,깨씨무늬병(발생추정면적),0.0
2025,6,1,1,나주시,깨씨무늬병(감수율),0.0
2025,6,1,1,나주시,깨씨무늬병(피해율),0.0
2025,6,1,1,나주시,깨씨무늬병(발생면적율),0.0
2025,6,1,1,나주시,벼잎벌레(발생추정면적),0.0
2025,6,1,1,나주시,벼잎벌레(감수율),0.0
2025,6,1,1,나주시,벼잎벌레(피해율),0.0
2025,6,1,1,나주시,벼잎벌레(발생면적율),0.0
2025,6,1,1,나주시,벼애잎굴파리(발생추정면적),0.0
2025,6,1,1,나주시,벼애잎굴파리(감수율),0.0
2025,6,1,1,나주시,벼애잎굴파리(피해율),0.0
2025,6,1,1,나주시,벼애잎굴파리(발생면적율),0.0
2025,6,1,1,나주시,벼줄기굴파리(발생추정면적),0.0
2025,6,1,1,나주시,벼줄기굴파리(감수율),0.0
2025,6,1,1,나주시,벼줄기굴파리(피해율),0.0
2025,6,1,1,나주시,벼줄기굴파리(발생면적율),0.0
2025,6,1,1,나주시,애멸구(발생추정면적),0.0
2025,6,1,1,나주시,애멸구(감수율),0.0
2025,6,1,1,나주시,애멸구(피해율),0.0
2025,6,1,1,나주시,애멸구(발생면적율),0.0
2025,6,1,1,나주시,끝동매미충(발생추정면적),0.0
2025,6,1,1,나주시,끝동매미충(감수율),0.0
2025,6,1,1,나주시,끝동매미충(피해율),0.0
2025,6,1,1,나주시,끝동매미충(발생면적율),0.0
2025,6,1,1,나주시,벼멸구(발생추정면적),0.0
2025,6,1,1,나주시,벼멸구(감수율),0.0
2025,6,1,1,나주시,벼멸구(피해율),0.0
2025,6,1,1,나주시,벼멸구(발생면적율),0.0
2025,6,1,1,나주시,흰등멸구(발생추정면적),0.0
2025,6,1,1,나주시,흰등멸구(감수율),0.0
2025,6,1,1,나주시,흰등멸구(피해율),0.0
2025,6,1,1,나주시,흰등멸구(발생면적율),0.0
2025,6,1,1,나주시,벼물바구미(발생추정면적),0.0
2025,6,1,1,나주시,벼물바구미(감수율),0.0
2025,6,1,1,나주시,벼물바구미(피해율),0.0
2025,6,1,1,나주시,벼물바구미(발생면적율),0.0
2025,6,1,1,나주시,혹명나방(발생추정면적),0.0
2025,6,1,1,나주시,혹명나방(감수율),0.0
2025,6,1,1,나주시,혹명나방(피해율),0.0
2025,6,1,1,나주시,혹명나방(발생면적율),0.0
2025,6,1,1,나주시,멸강나방(발생추정면적),0.0
2025,6,1,1,나주시,멸강나방(감수율),0.0
2025,6,1,1,나주시,멸강나방(피해율),0.0
2025,6,1,1,나주시,멸강나방(발생면적율),0.0
2025,6,1,1,나주시,먹노린재(발생추정면적),0.0
2025,6,1,1,나주시,먹노린재(감수율),0.0
2025,6,1,1,나주시,먹노린재(피해율),0.0
2025,6,1,1,나주시,먹노린재(발생면적율),0.0
2025,6,1,1,나주시,이화명나방1화기(발생면적),0.0
2025,6,1,1,나주시,이화명나방1화기(감수율),0.0
2025,6,1,1,나주시,이화명나방1화기(피해율),0.0
2025,6,1,1,나주시,이화명나방1화기(발생면적률),0.0
2025,6,1,1,나주시,이화명나방2화기(발생면적),0.0
2025,6,1,1,나주시,이화명나방2화기(감수율),0.0
2025,6,1,1,나주시,이화명나방2화기(피해율),0.0
2025,6,1,1,나주시,이화명나방2화기(발생면적률),0.0
2025,6,1,1,나주시,바이러스병(발생추정면적),0.0
2025,6,1,1,나주시,바이러스병(감수율),0.0
2025,6,1,1,나주시,바이러스병(피해율),0.0
2025,6,1,1,나주시,바이러스병(발생면적율),0.0
2025,6,1,1,나주시,키다리병(발생추정면적),0.0
2025,6,1,1,나주시,키다리병(감수율),0.0
2025,6,1,1,나주시,키다리병(피해율),0.0
2025,6,1,1,나주시,키다리병(발생면적율),0.0
2025,6,1,1,나주시,이화명나방(발생추정면적),0.0
2025,6,1,1,나주시,이화명나방(감수율),0.0
2025,6,1,1,나주시,이화명나방(피해율),0.0
2025,6,1,1,나주시,이화명나방(발생면적율),0.0
2025,6,1,1,나주시,벼애나방(발생추정면적),0.0
2025,6,1,1,나주시,벼애나방(감수율),0.0
2025,6,1,1,나주시,벼애나방(피해율),0.0
2025,6,1,1,나주시,벼애나방(발생면적율),0.0
2025,6,1,1,나주시,벼잎선충(발생추정면적),0.0
2025,6,1,1,나주시,벼잎선충(감수율),0.0
2025,6,1,1,나주시,벼잎선충(피해율),0.0
2025,6,1,1,나주시,벼잎선충(발생면적율),0.0
2025,6,1,1,담양군,잎도열병(발생추정면적),0.0
2025,6,1,1,담양군,잎도열병(감수율),0.0
2025,6,1,1,담양군,잎도열병(피해율),0.0
2025,6,1,1,담양군,잎도열병(발생면적율),0.0
2025,6,1,1,담양군,이삭도열병(발생추정면적),0.0
2025,6,1,1,담양군,이삭도열병(감수율),0.0
2025,6,1,1,담양군,이삭도열병(피해율),0.0
2025,6,1,1,담양군,이삭도열병(발생면적율),0.0
2025,6,1,1,담양군,잎집무늬마름병(발생추정면적),0.0
2025,6,1,1,담양군,잎집무늬마름병(감수율),0.0
2025,6,1,1,담양군,잎집무늬마름병(피해율),0.0
2025,6,1,1,담양군,잎집무늬마름병(발생면적율),0.0
2025,6,1,1,담양군,흰잎마름병(발생추정면적),0.0
2025,6,1,1,담양군,흰잎마름병(감수율),0.0
2025,6,1,1,담양군,흰잎마름병(피해율),0.0
2025,6,1,1,담양군,흰잎마름병(발생면적율),0.0
2025,6,1,1,담양군,세균벼알마름병(발생추정면적),0.0
2025,6,1,1,담양군,세균벼알마름병(감수율),0.0
2025,6,1,1,담양군,세균벼알마름병(피해율),0.0
2025,6,1,1,담양군,세균벼알마름병(발생면적율),0.0
2025,6,1,1,담양군,줄무늬잎마름병(발생면적),0.0
2025,6,1,1,담양군,줄무늬잎마름병(감수율),0.0
2025,6,1,1,담양군,줄무늬잎마름병(피해율),0.0
2025,6,1,1,담양군,줄무늬잎마름병(발생면적률),0.0
2025,6,1,1,담양군,벼검은줄오갈병(발생면적),0.0
2025,6,1,1,담양군,벼검은줄오갈병(감수율),0.0
2025,6,1,1,담양군,벼검은줄오갈병(피해율),0.0
2025,6,1,1,담양군,벼검은줄오갈병(발생면적률),0.0
2025,6,1,1,담양군,오갈병(발생면적),0.0
2025,6,1,1,담양군,오갈병(감수율),0.0
2025,6,1,1,담양군,오갈병(피해율),0.0
2025,6,1,1,담양군,오갈병(발생면적률),0.0
2025,6,1,1,담양군,이삭누룩병(발생추정면적),0.0
2025,6,1,1,담양군,이삭누룩병(감수율),0.0
2025,6,1,1,담양군,이삭누룩병(피해율),0.0
2025,6,1,1,담양군,이삭누룩병(발생면적율),0.0
2025,6,1,1,담양군,깨씨무늬병(발생추정면적),0.0
2025,6,1,1,담양군,깨씨무늬병(감수율),0.0
2025,6,1,1,담양군,깨씨무늬병(피해율),0.0
2025,6,1,1,담양군,깨씨무늬병(발생면적율),0.0
2025,6,1,1,담양군,벼잎벌레(발생추정면적),0.0
2025,6,1,1,담양군,벼잎벌레(감수율),0.0
2025,6,1,1,담양군,벼잎벌레(피해율),0.0
2025,6,1,1,담양군,벼잎벌레(발생면적율),0.0
2025,6,1,1,담양군,벼애잎굴파리(발생추정면적),0.0
2025,6,1,1,담양군,벼애잎굴파리(감수율),0.0
2025,6,1,1,담양군,벼애잎굴파리(피해율),0.0
2025,6,1,1,담양군,벼애잎굴파리(발생면적율),0.0
2025,6,1,1,담양군,벼줄기굴파리(발생추정면적),0.0
2025,6,1,1,담양군,벼줄기굴파리(감수율),0.0
2025,6,1,1,담양군,벼줄기굴파리(피해율),0.0
2025,6,1,1,담양군,벼줄기굴파리(발생면적율),0.0
2025,6,1,1,담양군,애멸구(발생추정면적),0.0
2025,6,1,1,담양군,애멸구(감수율),0.0
2025,6,1,1,담양군,애멸구(피해율),0.0
2025,6,1,1,담양군,애멸구(발생면적율),0.0
2025,6,1,1,담양군,끝동매미충(발생추정면적),0.0
2025,6,1,1,담양군,끝동매미충(감수율),0.0
2025,6,1,1,담양군,끝동매미충(피해율),0.0
2025,6,1,1,담양군,끝동매미충(발생면적율),0.0
2025,6,1,1,담양군,벼멸구(발생추정면적),0.0
2025,6,1,1,담양군,벼멸구(감수율),0.0
2025,6,1,1,담양군,벼멸구(피해율),0.0
2025,6,1,1,담양군,벼멸구(발생면적율),0.0
2025,6,1,1,담양군,흰등멸구(발생추정면적),0.0
2025,6,1,1,담양군,흰등멸구(감수율),0.0
2025,6,1,1,담양군,흰등멸구(피해율),0.0
2025,6,1,1,담양군,흰등멸구(발생면적율),0.0
2025,6,1,1,담양군,벼물바구미(발생추정면적),0.0
2025,6,1,1,담양군,벼물바구미(감수율),0.0
2025,6,1,1,담양군,벼물바구미(피해율),0.0
2025,6,1,1,담양군,벼물바구미(발생면적율),0.0
2025,6,1,1,담양군,혹명나방(발생추정면적),0.0
2025,6,1,1,담양군,혹명나방(감수율),0.0
2025,6,1,1,담양군,혹명나방(피해율),0.0
2025,6,1,1,담양군,혹명나방(발생면적율),0.0
2025,6,1,1,담양군,멸강나방(발생추정면적),0.0
2025,6,1,1,담양군,멸강나방(감수율),0.0
2025,6,1,1,담양군,멸강나방(피해율),0.0
2025,6,1,1,담양군,멸강나방(발생면적율),0.0
2025,6,1,1,담양군,먹노린재(발생추정면적),0.0
2025,6,1,1,담양군,먹노린재(감수율),0.0
2025,6,1,1,담양군,먹노린재(피해율),0.0
2025,6,1,1,담양군,먹노린재(발생면적율),0.0
2025,6,1,1,담양군,이화명나방1화기(발생면적),0.0
2025,6,1,1,담양군,이화명나방1화기(감수율),0.0
2025,6,1,1,담양군,이화명나방1화기(피해율),0.0
2025,6,1,1,담양군,이화명나방1화기(발생면적률),0.0
2025,6,1,1,담양군,이화명나방2화기(발생면적),0.0
2025,6,1,1,담양군,이화명나방2화기(감수율),0.0
2025,6,1,1,담양군,이화명나방2화기(피해율),0.0
2025,6,1,1,담양군,이화명나방2화기(발생면적률),0.0
2025,6,1,1,담양군,바이러스병(발생추정면적),0.0
2025,6,1,1,담양군,바이러스병(감수율),0.0
2025,6,1,1,담양군,바이러스병(피해율),0.0
2025,6,1,1,담양군,바이러스병(발생면적율),0.0
2025,6,1,1,담양군,키다리병(발생추정면적),0.0
2025,6,1,1,담양군,키다리병(감수율),0.0
2025,6,1,1,담양군,키다리병(피해율),0.0
2025,6,1,1,담양군,키다리병(발생면적율),0.0
2025,6,1,1,담양군,이화명나방(발생추정면적),0.0
2025,6,1,1,담양군,이화명나방(감수율),0.0
2025,6,1,1,담양군,이화명나방(피해율),0.0
2025,6,1,1,담양군,이화명나방(발생면적율),0.0
2025,6,1,1,담양군,벼애나방(발생추정면적),0.0
2025,6,1,1,담양군,벼애나방(감수율),0.0
2025,6,1,1,담양군,벼애나방(피해율),0.0
2025,6,1,1,담양군,벼애나방(발생면적율),0.0
2025,6,1,1,담양군,벼잎선충(발생추정면적),0.0
2025,6,1,1,담양군,벼잎선충(감수율),0.0
2025,6,1,1,담양군,벼잎선충(피해율),0.0
2025,6,1,1,담양군,벼잎선충(발생면적율),0.0
2025,6,1,1,무안군,잎도열병(발생추정면적),0.0
2025,6,1,1,무안군,잎도열병(감수율),0.0
2025,6,1,1,무안군,잎도열병(피해율),0.0
2025,6,1,1,무안군,잎도열병(발생면적율),0.0
2025,6,1,1,무안군,이삭도열병(발생추정면적),0.0
2025,6,1,1,무안군,이삭도열병(감수율),0.0
2025,6,1,1,무안군,이삭도열병(피해율),0.0
2025,6,1,1,무안군,이삭도열병(발생면적율),0.0
2025,6,1,1,무안군,잎집무늬마름병(발생추정면적),0.0
2025,6,1,1,무안군,잎집무늬마름병(감수율),0.0
2025,6,1,1,무안군,잎집무늬마름병(피해율),0.0
2025,6,1,1,무안군,잎집무늬마름병(발생면적율),0.0
2025,6,1,1,무안군,흰잎마름병(발생추정면적),0.0
2025,6,1,1,무안군,흰잎마름병(감수율),0.0
2025,6,1,1,무안군,흰잎마름병(피해율),0.0
2025,6,1,1,무안군,흰잎마름병(발생면적율),0.0
2025,6,1,1,무안군,세균벼알마름병(발생추정면적),0.0
2025,6,1,1,무안군,세균벼알마름병(감수율),0.0
2025,6,1,1,무안군,세균벼알마름병(피해율),0.0
2025,6,1,1,무안군,세균벼알마름병(발생면적율),0.0
2025,6,1,1,무안군,줄무늬잎마름병(발생면적),0.0
2025,6,1,1,무안군,줄무늬잎마름병(감수율),0.0
2025,6,1,1,무안군,줄무늬잎마름병(피해율),0.0
2025,6,1,1,무안군,줄무늬잎마름병(발생면적률),0.0
2025,6,1,1,무안군,벼검은줄오갈병(발생면적),0.0
2025,6,1,1,무안군,벼검은줄오갈병(감수율),0.0
2025,6,1,1,무안군,벼검은줄오갈병(피해율),0.0
2025,6,1,1,무안군,벼검은줄오갈병(발생면적률),0.0
2025,6,1,1,무안군,오갈병(발생면적),0.0
2025,6,1,1,무안군,오갈병(감수율),0.0
2025,6,1,1,무안군,오갈병(피해율),0.0
2025,6,1,1,무안군,오갈병(발생면적률),0.0
2025,6,1,1,무안군,이삭누룩병(발생추정면적),0.0
2025,6,1,1,무안군,이삭누룩병(감수율),0.0
2025,6,1,1,무안군,이삭누룩병(피해율),0.0
2025,6,1,1,무안군,이삭누룩병(발생면적율),0.0
2025,6,1,1,무안군,깨씨무늬병(발생추정면적),0.0
2025,6,1,1,무안군,깨씨무늬병(감수율),0.0
2025,6,1,1,무안군,깨씨무늬병(피해율),0.0
2025,6,1,1,무안군,깨씨무늬병(발생면적율),0.0
2025,6,1,1,무안군,벼잎벌레(발생추정면적),0.0
2025,6,1,1,무안군,벼잎벌레(감수율),0.0
2025,6,1,1,무안군,벼잎벌레(피해율),0.0
2025,6,1,1,무안군,벼잎벌레(발생면적율),0.0
2025,6,1,1,무안군,벼애잎굴파리(발생추정면적),0.0
2025,6,1,1,무안군,벼애잎굴파리(감수율),0.0
2025,6,1,1,무안군,벼애잎굴파리(피해율),0.0
2025,6,1,1,무안군,벼애잎굴파리(발생면적율),0.0
2025,6,1,1,무안군,벼줄기굴파리(발생추정면적),0.0
2025,6,1,1,무안군,벼줄기굴파리(감수율),0.0
2025,6,1,1,무안군,벼줄기굴파리(피해율),0.0
2025,6,1,1,무안군,벼줄기굴파리(발생면적율),0.0
2025,6,1,1,무안군,애멸구(발생추정면적),0.0
2025,6,1,1,무안군,애멸구(감수율),0.0
2025,6,1,1,무안군,애멸구(피해율),0.0
2025,6,1,1,무안군,애멸구(발생면적율),0.0
2025,6,1,1,무안군,끝동매미충(발생추정면적),0.0
2025,6,1,1,무안군,끝동매미충(감수율),0.0
2025,6,1,1,무안군,끝동매미충(피해율),0.0
2025,6,1,1,무안군,끝동매미충(발생면적율),0.0
2025,6,1,1,무안군,벼멸구(발생추정면적),0.0
2025,6,1,1,무안군,벼멸구(감수율),0.0
2025,6,1,1,무안군,벼멸구(피해율),0.0
2025,6,1,1,무안군,벼멸구(발생면적율),0.0
2025,6,1,1,무안군,흰등멸구(발생추정면적),0.0
2025,6,1,1,무안군,흰등멸구(감수율),0.0
2025,6,1,1,무안군,흰등멸구(피해율),0.0
2025,6,1,1,무안군,흰등멸구(발생면적율),0.0
2025,6,1,1,무안군,벼물바구미(발생추정면적),0.0
2025,6,1,1,무안군,벼물바구미(감수율),0.0
2025,6,1,1,무안군,벼물바구미(피해율),0.0
2025,6,1,1,무안군,벼물바구미(발생면적율),0.0
2025,6,1,1,무안군,혹명나방(발생추정면적),0.0
2025,6,1,1,무안군,혹명나방(감수율),0.0
2025,6,1,1,무안군,혹명나방(피해율),0.0
2025,6,1,1,무안군,혹명나방(발생면적율),0.0
2025,6,1,1,무안군,멸강나방(발생추정면적),0.0
2025,6,1,1,무안군,멸강나방(감수율),0.0
2025,6,1,1,무안군,멸강나방(피해율),0.0
2025,6,1,1,무안군,멸강나방(발생면적율),0.0
2025,6,1,1,무안군,먹노린재(발생추정면적),0.0
2025,6,1,1,무안군,먹노린재(감수율),0.0
2025,6,1,1,무안군,먹노린재(피해율),0.0
2025,6,1,1,무안군,먹노린재(발생면적율),0.0
2025,6,1,1,무안군,이화명나방1화기(발생면적),0.0
2025,6,1,1,무안군,이화명나방1화기(감수율),0.0
2025,6,1,1,무안군,이화명나방1화기(피해율),0.0
2025,6,1,1,무안군,이화명나방1화기(발생면적률),0.0
2025,6,1,1,무안군,이화명나방2화기(발생면적),0.0
2025,6,1,1,무안군,이화명나방2화기(감수율),0.0
2025,6,1,1,무안군,이화명나방2화기(피해율),0.0
2025,6,1,1,무안군,이화명나방2화기(발생면적률),0.0
2025,6,1,1,무안군,바이러스병(발생추정면적),0.0
2025,6,1,1,무안군,바이러스병(감수율),0.0
2025,6,1,1,무안군,바이러스병(피해율),0.0
2025,6,1,1,무안군,바이러스병(발생면적율),0.0
2025,6,1,1,무안군,키다리병(발생추정면적),0.0
2025,6,1,1,무안군,키다리병(감수율),0.0
2025,6,1,1,무안군,키다리병(피해율),0.0
2025,6,1,1,무안군,키다리병(발생면적율),0.0
2025,6,1,1,무안군,이화명나방(발생추정면적),0.0
2025,6,1,1,무안군,이화명나방(감수율),0.0
2025,6,1,1,무안군,이화명나방(피해율),0.0
2025,6,1,1,무안군,이화명나방(발생면적율),0.0
2025,6,1,1,무안군,벼애나방(발생추정면적),0.0
2025,6,1,1,무안군,벼애나방(감수율),0.0
2025,6,1,1,무안군,벼애나방(피해율),0.0
2025,6,1,1,무안군,벼애나방(발생면적율),0.0
2025,6,1,1,무안군,벼잎선충(발생추정면적),0.0
2025,6,1,1,무안군,벼잎선충(감수율),0.0
2025,6,1,1,무안군,벼잎선충(피해율),0.0
2025,6,1,1,무안군,벼잎선충(발생면적율),0.0
2025,6,1,1,보성군,잎도열병(발생추정면적),0.0
2025,6,1,1,보성군,잎도열병(감수율),0.0
2025,6,1,1,보성군,잎도열병(피해율),0.0
2025,6,1,1,보성군,잎도열병(발생면적율),0.0
2025,6,1,1,보성군,이삭도열병(발생추정면적),0.0
2025,6,1,1,보성군,이삭도열병(감수율),0.0
2025,6,1,1,보성군,이삭도열병(피해율),0.0
2025,6,1,1,보성군,이삭도열병(발생면적율),0.0
2025,6,1,1,보성군,잎집무늬마름병(발생추정면적),0.0
2025,6,1,1,보성군,잎집무늬마름병(감수율),0.0
2025,6,1,1,보성군,잎집무늬마름병(피해율),0.0
2025,6,1,1,보성군,잎집무늬마름병(발생면적율),0.0
2025,6,1,1,보성군,흰잎마름병(발생추정면적),0.0
2025,6,1,1,보성군,흰잎마름병(감수율),0.0
2025,6,1,1,보성군,흰잎마름병(피해율),0.0
2025,6,1,1,보성군,흰잎마름병(발생면적율),0.0
2025,6,1,1,보성군,세균벼알마름병(발생추정면적),0.0
2025,6,1,1,보성군,세균벼알마름병(감수율),0.0
2025,6,1,1,보성군,세균벼알마름병(피해율),0.0
2025,6,1,1,보성군,세균벼알마름병(발생면적율),0.0
2025,6,1,1,보성군,줄무늬잎마름병(발생면적),0.0
2025,6,1,1,보성군,줄무늬잎마름병(감수율),0.0
2025,6,1,1,보성군,줄무늬잎마름병(피해율),0.0
2025,6,1,1,보성군,줄무늬잎마름병(발생면적률),0.0
2025,6,1,1,보성군,벼검은줄오갈병(발생면적),0.0
2025,6,1,1,보성군,벼검은줄오갈병(감수율),0.0
2025,6,1,1,보성군,벼검은줄오갈병(피해율),0.0
2025,6,1,1,보성군,벼검은줄오갈병(발생면적률),0.0
2025,6,1,1,보성군,오갈병(발생면적),0.0
2025,6,1,1,보성군,오갈병(감수율),0.0
2025,6,1,1,보성군,오갈병(피해율),0.0
2025,6,1,1,보성군,오갈병(발생면적률),0.0
2025,6,1,1,보성군,이삭누룩병(발생추정면적),0.0
2025,6,1,1,보성군,이삭누룩병(감수율),0.0
2025,6,1,1,보성군,이삭누룩병(피해율),0.0
2025,6,1,1,보성군,이삭누룩병(발생면적율),0.0
2025,6,1,1,보성군,깨씨무늬병(발생추정면적),0.0
2025,6,1,1,보성군,깨씨무늬병(감수율),0.0
2025,6,1,1,보성군,깨씨무늬병(피해율),0.0
2025,6,1,1,보성군,깨씨무늬병(발생면적율),0.0
2025,6,1,1,보성군,벼잎벌레(발생추정면적),0.0
2025,6,1,1,보성군,벼잎벌레(감수율),0.0
2025,6,1,1,보성군,벼잎벌레(피해율),0.0
2025,6,1,1,보성군,벼잎벌레(발생면적율),0.0
2025,6,1,1,보성군,벼애잎굴파리(발생추정면적),0.0
2025,6,1,1,보성군,벼애잎굴파리(감수율),0.0
2025,6,1,1,보성군,벼애잎굴파리(피해율),0.0
2025,6,1,1,보성군,벼애잎굴파리(발생면적율),0.0
2025,6,1,1,보성군,벼줄기굴파리(발생추정면적),0.0
2025,6,1,1,보성군,벼줄기굴파리(감수율),0.0
2025,6,1,1,보성군,벼줄기굴파리(피해율),0.0
2025,6,1,1,보성군,벼줄기굴파리(발생면적율),0.0
2025,6,1,1,보성군,애멸구(발생추정면적),0.0
2025,6,1,1,보성군,애멸구(감수율),0.0
2025,6,1,1,보성군,애멸구(피해율),0.0
2025,6,1,1,보성군,애멸구(발생면적율),0.0
2025,6,1,1,보성군,끝동매미충(발생추정면적),0.0
2025,6,1,1,보성군,끝동매미충(감수율),0.0
2025,6,1,1,보성군,끝동매미충(피해율),0.0
2025,6,1,1,보성군,끝동매미충(발생면적율),0.0
2025,6,1,1,보성군,벼멸구(발생추정면적),0.0
2025,6,1,1,보성군,벼멸구(감수율),0.0
2025,6,1,1,보성군,벼멸구(피해율),0.0
2025,6,1,1,보성군,벼멸구(발생면적율),0.0
2025,6,1,1,보성군,흰등멸구(발생추정면적),0.0
2025,6,1,1,보성군,흰등멸구(감수율),0.0
2025,6,1,1,보성군,흰등멸구(피해율),0.0
2025,6,1,1,보성군,흰등멸구(발생면적율),0.0
2025,6,1,1,보성군,벼물바구미(발생추정면적),0.0
2025,6,1,1,보성군,벼물바구미(감수율),0.0
2025,6,1,1,보성군,벼물바구미(피해율),0.0
2025,6,1,1,보성군,벼물바구미(발생면적율),0.0
2025,6,1,1,보성군,혹명나방(발생추정면적),0.0
2025,6,1,1,보성군,혹명나방(감수율),0.0
2025,6,1,1,보성군,혹명나방(피해율),0.0
2025,6,1,1,보성군,혹명나방(발생면적율),0.0
2025,6,1,1,보성군,멸강나방(발생추정면적),0.0
2025,6,1,1,보성군,멸강나방(감수율),0.0
2025,6,1,1,보성군,멸강나방(피해율),0.0
2025,6,1,1,보성군,멸강나방(발생면적율),0.0
2025,6,1,1,보성군,먹노린재(발생추정면적),0.0
2025,6,1,1,보성군,먹노린재(감수율),0.0
2025,6,1,1,보성군,먹노린재(피해율),0.0
2025,6,1,1,보성군,먹노린재(발생면적율),0.0
2025,6,1,1,보성군,이화명나방1화기(발생면적),0.0
2025,6,1,1,보성군,이화명나방1화기(감수율),0.0
2025,6,1,1,보성군,이화명나방1화기(피해율),0.0
2025,6,1,1,보성군,이화명나방1화기(발생면적률),0.0
2025,6,1,1,보성군,이화명나방2화기(발생면적),0.0
2025,6,1,1,보성군,이화명나방2화기(감수율),0.0
2025,6,1,1,보성군,이화명나방2화기(피해율),0.0
2025,6,1,1,보성군,이화명나방2화기(발생면적률),0.0
2025,6,1,1,보성군,바이러스병(발생추정면적),0.0
2025,6,1,1,보성군,바이러스병(감수율),0.0
2025,6,1,1,보성군,바이러스병(피해율),0.0
2025,6,1,1,보성군,바이러스병(발생면적율),0.0
2025,6,1,1,보성군,키다리병(발생추정면적),0.0
2025,6,1,1,보성군,키다리병(감수율),0.0
2025,6,1,1,보성군,키다리병(피해율),0.0
2025,6,1,1,보성군,키다리병(발생면적율),0.0
2025,6,1,1,보성군,이화명나방(발생추정면적),0.0
2025,6,1,1,보성군,이화명나방(감수율),0.0
2025,6,1,1,보성군,이화명나방(피해율),0.0
2025,6,1,1,보성군,이화명나방(발생면적율),0.0
2025,6,1,1,보성군,벼애나방(발생추정면적),0.0
2025,6,1,1,보성군,벼애나방(감수율),0.0
2025,6,1,1,보성군,벼애나방(피해율),0.0
2025,6,1,1,보성군,벼애나방(발생면적율),0.0
2025,6,1,1,보성군,벼잎선충(발생추정면적),0.0
2025,6,1,1,보성군,벼잎선충(감수율),0.0
2025,6,1,1,보성군,벼잎선충(피해율),0.0
2025,6,1,1,보성군,벼잎선충(발생면적율),0.0
2025,6,1,1,순천시,잎도열병(발생추정면적),0.0
2025,6,1,1,순천시,잎도열병(감수율),0.0
2025,6,1,1,순천시,잎도열병(피해율),0.0
2025,6,1,1,순천시,잎도열병(발생면적율),0.0
2025,6,1,1,순천시,이삭도열병(발생추정면적),0.0
2025,6,1,1,순천시,이삭도열병(감수율),0.0
2025,6,1,1,순천시,이삭도열병(피해율),0.0
2025,6,1,1,순천시,이삭도열병(발생면적율),0.0
2025,6,1,1,순천시,잎집무늬마름병(발생추정면적),0.0
2025,6,1,1,순천시,잎집무늬마름병(감수율),0.0
2025,6,1,1,순천시,잎집무늬마름병(피해율),0.0
2025,6,1,1,순천시,잎집무늬마름병(발생면적율),0.0
2025,6,1,1,순천시,흰잎마름병(발생추정면적),0.0
2025,6,1,1,순천시,흰잎마름병(감수율),0.0
2025,6,1,1,순천시,흰잎마름병(피해율),0.0
2025,6,1,1,순천시,흰잎마름병(발생면적율),0.0
2025,6,1,1,순천시,세균벼알마름병(발생추정면적),0.0
2025,6,1,1,순천시,세균벼알마름병(감수율),0.0
2025,6,1,1,순천시,세균벼알마름병(피해율),0.0
2025,6,1,1,순천시,세균벼알마름병(발생면적율),0.0
2025,6,1,1,순천시,줄무늬잎마름병(발생면적),0.0
2025,6,1,1,순천시,줄무늬잎마름병(감수율),0.0
2025,6,1,1,순천시,줄무늬잎마름병(피해율),0.0
2025,6,1,1,순천시,줄무늬잎마름병(발생면적률),0.0
2025,6,1,1,순천시,벼검은줄오갈병(발생면적),0.0
2025,6,1,1,순천시,벼검은줄오갈병(감수율),0.0
2025,6,1,1,순천시,벼검은줄오갈병(피해율),0.0
2025,6,1,1,순천시,벼검은줄오갈병(발생면적률),0.0
2025,6,1,1,순천시,오갈병(발생면적),0.0
2025,6,1,1,순천시,오갈병(감수율),0.0
2025,6,1,1,순천시,오갈병(피해율),0.0
2025,6,1,1,순천시,오갈병(발생면적률),0.0
2025,6,1,1,순천시,이삭누룩병(발생추정면적),0.0
2025,6,1,1,순천시,이삭누룩병(감수율),0.0
2025,6,1,1,순천시,이삭누룩병(피해율),0.0
2025,6,1,1,순천시,이삭누룩병(발생면적율),0.0
2025,6,1,1,순천시,깨씨무늬병(발생추정면적),0.0
2025,6,1,1,순천시,깨씨무늬병(감수율),0.0
2025,6,1,1,순천시,깨씨무늬병(피해율),0.0
2025,6,1,1,순천시,깨씨무늬병(발생면적율),0.0
2025,6,1,1,순천시,벼잎벌레(발생추정면적),0.0
2025,6,1,1,순천시,벼잎벌레(감수율),0.0
2025,6,1,1,순천시,벼잎벌레(피해율),0.0
2025,6,1,1,순천시,벼잎벌레(발생면적율),0.0
2025,6,1,1,순천시,벼애잎굴파리(발생추정면적),0.0
2025,6,1,1,순천시,벼애잎굴파리(감수율),0.0
2025,6,1,1,순천시,벼애잎굴파리(피해율),0.0
2025,6,1,1,순천시,벼애잎굴파리(발생면적율),0.0
2025,6,1,1,순천시,벼줄기굴파리(발생추정면적),0.0
2025,6,1,1,순천시,벼줄기굴파리(감수율),0.0
2025,6,1,1,순천시,벼줄기굴파리(피해율),0.0
2025,6,1,1,순천시,벼줄기굴파리(발생면적율),0.0
2025,6,1,1,순천시,애멸구(발생추정면적),0.0
2025,6,1,1,순천시,애멸구(감수율),0.0
2025,6,1,1,순천시,애멸구(피해율),0.0
2025,6,1,1,순천시,애멸구(발생면적율),0.0
2025,6,1,1,순천시,끝동매미충(발생추정면적),0.0
2025,6,1,1,순천시,끝동매미충(감수율),0.0
2025,6,1,1,순천시,끝동매미충(피해율),0.0
2025,6,1,1,순천시,끝동매미충(발생면적율),0.0
2025,6,1,1,순천시,벼멸구(발생추정면적),0.0
2025,6,1,1,순천시,벼멸구(감수율),0.0
2025,6,1,1,순천시,벼멸구(피해율),0.0
2025,6,1,1,순천시,벼멸구(발생면적율),0.0
2025,6,1,1,순천시,흰등멸구(발생추정면적),0.0
2025,6,1,1,순천시,흰등멸구(감수율),0.0
2025,6,1,1,순천시,흰등멸구(피해율),0.0
2025,6,1,1,순천시,흰등멸구(발생면적율),0.0
2025,6,1,1,순천시,벼물바구미(발생추정면적),0.0
2025,6,1,1,순천시,벼물바구미(감수율),0.0
2025,6,1,1,순천시,벼물바구미(피해율),0.0
2025,6,1,1,순천시,벼물바구미(발생면적율),0.0
2025,6,1,1,순천시,혹명나방(발생추정면적),0.0
2025,6,1,1,순천시,혹명나방(감수율),0.0
2025,6,1,1,순천시,혹명나방(피해율),0.0
2025,6,1,1,순천시,혹명나방(발생면적율),0.0
2025,6,1,1,순천시,멸강나방(발생추정면적),0.0
2025,6,1,1,순천시,멸강나방(감수율),0.0
2025,6,1,1,순천시,멸강나방(피해율),0.0
2025,6,1,1,순천시,멸강나방(발생면적율),0.0
2025,6,1,1,순천시,먹노린재(발생추정면적),0.0
2025,6,1,1,순천시,먹노린재(감수율),0.0
2025,6,1,1,순천시,먹노린재(피해율),0.0
2025,6,1,1,순천시,먹노린재(발생면적율),0.0
2025,6,1,1,순천시,이화명나방1화기(발생면적),0.0
2025,6,1,1,순천시,이화명나방1화기(감수율),0.0
2025,6,1,1,순천시,이화명나방1화기(피해율),0.0
2025,6,1,1,순천시,이화명나방1화기(발생면적률),0.0
2025,6,1,1,순천시,이화명나방2화기(발생면적),0.0
2025,6,1,1,순천시,이화명나방2화기(감수율),0.0
2025,6,1,1,순천시,이화명나방2화기(피해율),0.0
2025,6,1,1,순천시,이화명나방2화기(발생면적률),0.0
2025,6,1,1,순천시,바이러스병(발생추정면적),0.0
2025,6,1,1,순천시,바이러스병(감수율),0.0
2025,6,1,1,순천시,바이러스병(피해율),0.0
2025,6,1,1,순천시,바이러스병(발생면적율),0.0
2025,6,1,1,순천시,키다리병(발생추정면적),0.0
2025,6,1,1,순천시,키다리병(감수율),0.0
2025,6,1,1,순천시,키다리병(피해율),0.0
2025,6,1,1,순천시,키다리병(발생면적율),0.0
2025,6,1,1,순천시,이화명나방(발생추정면적),0.0
2025,6,1,1,순천시,이화명나방(감수율),0.0
2025,6,1,1,순천시,이화명나방(피해율),0.0
2025,6,1,1,순천시,이화명나방(발생면적율),0.0
2025,6,1,1,순천시,벼애나방(발생추정면적),0.0
2025,6,1,1,순천시,벼애나방(감수율),0.0
2025,6,1,1,순천시,벼애나방(피해율),0.0
2025,6,1,1,순천시,벼애나방(발생면적율),0.0
2025,6,1,1,순천시,벼잎선충(발생추정면적),0.0
2025,6,1,1,순천시,벼잎선충(감수율),0.0
2025,6,1,1,순천시,벼잎선충(피해율),0.0
2025,6,1,1,순천시,벼잎선충(발생면적율),0.0
2025,6,1,1,신안군,잎도열병(발생추정면적),0.0
2025,6,1,1,신안군,잎도열병(감수율),0.0
2025,6,1,1,신안군,잎도열병(피해율),0.0
2025,6,1,1,신안군,잎도열병(발생면적율),0.0
2025,6,1,1,신안군,이삭도열병(발생추정면적),0.0
2025,6,1,1,신안군,이삭도열병(감수율),0.0
2025,6,1,1,신안군,이삭도열병(피해율),0.0
2025,6,1,1,신안군,이삭도열병(발생면적율),0.0
2025,6,1,1,신안군,잎집무늬마름병(발생추정면적),0.0
2025,6,1,1,신안군,잎집무늬마름병(감수율),0.0
2025,6,1,1,신안군,잎집무늬마름병(피해율),0.0
2025,6,1,1,신안군,잎집무늬마름병(발생면적율),0.0
2025,6,1,1,신안군,흰잎마름병(발생추정면적),0.0
2025,6,1,1,신안군,흰잎마름병(감수율),0.0
2025,6,1,1,신안군,흰잎마름병(피해율),0.0
2025,6,1,1,신안군,흰잎마름병(발생면적율),0.0
2025,6,1,1,신안군,세균벼알마름병(발생추정면적),0.0
2025,6,1,1,신안군,세균벼알마름병(감수율),0.0
2025,6,1,1,신안군,세균벼알마름병(피해율),0.0
2025,6,1,1,신안군,세균벼알마름병(발생면적율),0.0
2025,6,1,1,신안군,줄무늬잎마름병(발생면적),0.0
2025,6,1,1,신안군,줄무늬잎마름병(감수율),0.0
2025,6,1,1,신안군,줄무늬잎마름병(피해율),0.0
2025,6,1,1,신안군,줄무늬잎마름병(발생면적률),0.0
2025,6,1,1,신안군,벼검은줄오갈병(발생면적),0.0
2025,6,1,1,신안군,벼검은줄오갈병(감수율),0.0
2025,6,1,1,신안군,벼검은줄오갈병(피해율),0.0
2025,6,1,1,신안군,벼검은줄오갈병(발생면적률),0.0
2025,6,1,1,신안군,오갈병(발생면적),0.0
2025,6,1,1,신안군,오갈병(감수율),0.0
2025,6,1,1,신안군,오갈병(피해율),0.0
2025,6,1,1,신안군,오갈병(발생면적률),0.0
2025,6,1,1,신안군,이삭누룩병(발생추정면적),0.0
2025,6,1,1,신안군,이삭누룩병(감수율),0.0
2025,6,1,1,신안군,이삭누룩병(피해율),0.0
2025,6,1,1,신안군,이삭누룩병(발생면적율),0.0
2025,6,1,1,신안군,깨씨무늬병(발생추정면적),0.0
2025,6,1,1,신안군,깨씨무늬병(감수율),0.0
2025,6,1,1,신안군,깨씨무늬병(피해율),0.0
2025,6,1,1,신안군,깨씨무늬병(발생면적율),0.0
2025,6,1,1,신안군,벼잎벌레(발생추정면적),0.0
2025,6,1,1,신안군,벼잎벌레(감수율),0.0
2025,6,1,1,신안군,벼잎벌레(피해율),0.0
2025,6,1,1,신안군,벼잎벌레(발생면적율),0.0
2025,6,1,1,신안군,벼애잎굴파리(발생추정면적),0.0
2025,6,1,1,신안군,벼애잎굴파리(감수율),0.0
2025,6,1,1,신안군,벼애잎굴파리(피해율),0.0
2025,6,1,1,신안군,벼애잎굴파리(발생면적율),0.0
2025,6,1,1,신안군,벼줄기굴파리(발생추정면적),0.0
2025,6,1,1,신안군,벼줄기굴파리(감수율),0.0
2025,6,1,1,신안군,벼줄기굴파리(피해율),0.0
2025,6,1,1,신안군,벼줄기굴파리(발생면적율),0.0
2025,6,1,1,신안군,애멸구(발생추정면적),0.0
2025,6,1,1,신안군,애멸구(감수율),0.0
2025,6,1,1,신안군,애멸구(피해율),0.0
2025,6,1,1,신안군,애멸구(발생면적율),0.0
2025,6,1,1,신안군,끝동매미충(발생추정면적),0.0
2025,6,1,1,신안군,끝동매미충(감수율),0.0
2025,6,1,1,신안군,끝동매미충(피해율),0.0
2025,6,1,1,신안군,끝동매미충(발생면적율),0.0
2025,6,1,1,신안군,벼멸구(발생추정면적),0.0
2025,6,1,1,신안군,벼멸구(감수율),0.0
2025,6,1,1,신안군,벼멸구(피해율),0.0
2025,6,1,1,신안군,벼멸구(발생면적율),0.0
2025,6,1,1,신안군,흰등멸구(발생추정면적),0.0
2025,6,1,1,신안군,흰등멸구(감수율),0.0
2025,6,1,1,신안군,흰등멸구(피해율),0.0
2025,6,1,1,신안군,흰등멸구(발생면적율),0.0
2025,6,1,1,신안군,벼물바구미(발생추정면적),0.0
2025,6,1,1,신안군,벼물바구미(감수율),0.0
2025,6,1,1,신안군,벼물바구미(피해율),0.0
2025,6,1,1,신안군,벼물바구미(발생면적율),0.0
2025,6,1,1,신안군,혹명나방(발생추정면적),0.0
2025,6,1,1,신안군,혹명나방(감수율),0.0
2025,6,1,1,신안군,혹명나방(피해율),0.0
2025,6,1,1,신안군,혹명나방(발생면적율),0.0
2025,6,1,1,신안군,멸강나방(발생추정면적),0.0
2025,6,1,1,신안군,멸강나방(감수율),0.0
2025,6,1,1,신안군,멸강나방(피해율),0.0
2025,6,1,1,신안군,멸강나방(발생면적율),0.0
2025,6,1,1,신안군,먹노린재(발생추정면적),0.0
2025,6,1,1,신안군,먹노린재(감수율),0.0
2025,6,1,1,신안군,먹노린재(피해율),0.0
2025,6,1,1,신안군,먹노린재(발생면적율),0.0
2025,6,1,1,신안군,이화명나방1화기(발생면적),0.0
2025,6,1,1,신안군,이화명나방1화기(감수율),0.0
2025,6,1,1,신안군,이화명나방1화기(피해율),0.0
2025,6,1,1,신안군,이화명나방1화기(발생면적률),0.0
2025,6,1,1,신안군,이화명나방2화기(발생면적),0.0
2025,6,1,1,신안군,이화명나방2화기(감수율),0.0
2025,6,1,1,신안군,이화명나방2화기(피해율),0.0
2025,6,1,1,신안군,이화명나방2화기(발생면적률),0.0
2025,6,1,1,신안군,바이러스병(발생추정면적),0.0
2025,6,1,1,신안군,바이러스병(감수율),0.0
2025,6,1,1,신안군,바이러스병(피해율),0.0
2025,6,1,1,신안군,바이러스병(발생면적율),0.0
2025,6,1,1,신안군,키다리병(발생추정면적),0.0
2025,6,1,1,신안군,키다리병(감수율),0.0
2025,6,1,1,신안군,키다리병(피해율),0.0
2025,6,1,1,신안군,키다리병(발생면적율),0.0
2025,6,1,1,신안군,이화명나방(발생추정면적),0.0
2025,6,1,1,신안군,이화명나방(감수율),0.0
2025,6,1,1,신안군,이화명나방(피해율),0.0
2025,6,1,1,신안군,이화명나방(발생면적율),0.0
2025,6,1,1,신안군,벼애나방(발생추정면적),0.0
2025,6,1,1,신안군,벼애나방(감수율),0.0
2025,6,1,1,신안군,벼애나방(피해율),0.0
2025,6,1,1,신안군,벼애나방(발생면적율),0.0
2025,6,1,1,신안군,벼잎선충(발생추정면적),0.0
2025,6,1,1,신안군,벼잎선충(감수율),0.0
2025,6,1,1,신안군,벼잎선충(피해율),0.0
2025,6,1,1,신안군,벼잎선충(발생면적율),0.0
2025,6,1,1,여수시,잎도열병(발생추정면적),0.0
2025,6,1,1,여수시,잎도열병(감수율),0.0
2025,6,1,1,여수시,잎도열병(피해율),0.0
2025,6,1,1,여수시,잎도열병(발생면적율),0.0
2025,6,1,1,여수시,이삭도열병(발생추정면적),0.0
2025,6,1,1,여수시,이삭도열병(감수율),0.0
2025,6,1,1,여수시,이삭도열병(피해율),0.0
2025,6,1,1,여수시,이삭도열병(발생면적율),0.0
2025,6,1,1,여수시,잎집무늬마름병(발생추정면적),0.0
2025,6,1,1,여수시,잎집무늬마름병(감수율),0.0
2025,6,1,1,여수시,잎집무늬마름병(피해율),0.0
2025,6,1,1,여수시,잎집무늬마름병(발생면적율),0.0
2025,6,1,1,여수시,흰잎마름병(발생추정면적),0.0
2025,6,1,1,여수시,흰잎마름병(감수율),0.0
2025,6,1,1,여수시,흰잎마름병(피해율),0.0
2025,6,1,1,여수시,흰잎마름병(발생면적율),0.0
2025,6,1,1,여수시,세균벼알마름병(발생추정면적),0.0
2025,6,1,1,여수시,세균벼알마름병(감수율),0.0
2025,6,1,1,여수시,세균벼알마름병(피해율),0.0
2025,6,1,1,여수시,세균벼알마름병(발생면적율),0.0
2025,6,1,1,여수시,줄무늬잎마름병(발생면적),0.0
2025,6,1,1,여수시,줄무늬잎마름병(감수율),0.0
2025,6,1,1,여수시,줄무늬잎마름병(피해율),0.0
2025,6,1,1,여수시,줄무늬잎마름병(발생면적률),0.0
2025,6,1,1,여수시,벼검은줄오갈병(발생면적),0.0
2025,6,1,1,여수시,벼검은줄오갈병(감수율),0.0
2025,6,1,1,여수시,벼검은줄오갈병(피해율),0.0
2025,6,1,1,여수시,벼검은줄오갈병(발생면적률),0.0
2025,6,1,1,여수시,오갈병(발생면적),0.0
2025,6,1,1,여수시,오갈병(감수율),0.0
2025,6,1,1,여수시,오갈병(피해율),0.0
2025,6,1,1,여수시,오갈병(발생면적률),0.0
2025,6,1,1,여수시,이삭누룩병(발생추정면적),0.0
2025,6,1,1,여수시,이삭누룩병(감수율),0.0
2025,6,1,1,여수시,이삭누룩병(피해율),0.0
2025,6,1,1,여수시,이삭누룩병(발생면적율),0.0
2025,6,1,1,여수시,깨씨무늬병(발생추정면적),0.0
2025,6,1,1,여수시,깨씨무늬병(감수율),0.0
2025,6,1,1,여수시,깨씨무늬병(피해율),0.0
2025,6,1,1,여수시,깨씨무늬병(발생면적율),0.0
2025,6,1,1,여수시,벼잎벌레(발생추정면적),0.0
2025,6,1,1,여수시,벼잎벌레(감수율),0.0
2025,6,1,1,여수시,벼잎벌레(피해율),0.0
2025,6,1,1,여수시,벼잎벌레(발생면적율),0.0
2025,6,1,1,여수시,벼애잎굴파리(발생추정면적),0.0
2025,6,1,1,여수시,벼애잎굴파리(감수율),0.0
2025,6,1,1,여수시,벼애잎굴파리(피해율),0.0
2025,6,1,1,여수시,벼애잎굴파리(발생면적율),0.0
2025,6,1,1,여수시,벼줄기굴파리(발생추정면적),0.0
2025,6,1,1,여수시,벼줄기굴파리(감수율),0.0
2025,6,1,1,여수시,벼줄기굴파리(피해율),0.0
2025,6,1,1,여수시,벼줄기굴파리(발생면적율),0.0
2025,6,1,1,여수시,애멸구(발생추정면적),0.0
2025,6,1,1,여수시,애멸구(감수율),0.0
2025,6,1,1,여수시,애멸구(피해율),0.0
2025,6,1,1,여수시,애멸구(발생면적율),0.0
2025,6,1,1,여수시,끝동매미충(발생추정면적),0.0
2025,6,1,1,여수시,끝동매미충(감수율),0.0
2025,6,1,1,여수시,끝동매미충(피해율),0.0
2025,6,1,1,여수시,끝동매미충(발생면적율),0.0
2025,6,1,1,여수시,벼멸구(발생추정면적),0.0
2025,6,1,1,여수시,벼멸구(감수율),0.0
2025,6,1,1,여수시,벼멸구(피해율),0.0
2025,6,1,1,여수시,벼멸구(발생면적율),0.0
2025,6,1,1,여수시,흰등멸구(발생추정면적),0.0
2025,6,1,1,여수시,흰등멸구(감수율),0.0
2025,6,1,1,여수시,흰등멸구(피해율),0.0
2025,6,1,1,여수시,흰등멸구(발생면적율),0.0
2025,6,1,1,여수시,벼물바구미(발생추정면적),0.0
2025,6,1,1,여수시,벼물바구미(감수율),0.0
2025,6,1,1,여수시,벼물바구미(피해율),0.0
2025,6,1,1,여수시,벼물바구미(발생면적율),0.0
2025,6,1,1,여수시,혹명나방(발생추정면적),0.0
2025,6,1,1,여수시,혹명나방(감수율),0.0
2025,6,1,1,여수시,혹명나방(피해율),0.0
2025,6,1,1,여수시,혹명나방(발생면적율),0.0
2025,6,1,1,여수시,멸강나방(발생추정면적),0.0
2025,6,1,1,여수시,멸강나방(감수율),0.0
2025,6,1,1,여수시,멸강나방(피해율),0.0
2025,6,1,1,여수시,멸강나방(발생면적율),0.0
2025,6,1,1,여수시,먹노린재(발생추정면적),0.0
2025,6,1,1,여수시,먹노린재(감수율),0.0
2025,6,1,1,여수시,먹노린재(피해율),0.0
2025,6,1,1,여수시,먹노린재(발생면적율),0.0
2025,6,1,1,여수시,이화명나방1화기(발생면적),0.0
2025,6,1,1,여수시,이화명나방1화기(감수율),0.0
2025,6,1,1,여수시,이화명나방1화기(피해율),0.0
2025,6,1,1,여수시,이화명나방1화기(발생면적률),0.0
2025,6,1,1,여수시,이화명나방2화기(발생면적),0.0
2025,6,1,1,여수시,이화명나방2화기(감수율),0.0
2025,6,1,1,여수시,이화명나방2화기(피해율),0.0
2025,6,1,1,여수시,이화명나방2화기(발생면적률),0.0
2025,6,1,1,여수시,바이러스병(발생추정면적),0.0
2025,6,1,1,여수시,바이러스병(감수율),0.0
2025,6,1,1,여수시,바이러스병(피해율),0.0
2025,6,1,1,여수시,바이러스병(발생면적율),0.0
2025,6,1,1,여수시,키다리병(발생추정면적),0.0
2025,6,1,1,여수시,키다리병(감수율),0.0
2025,6,1,1,여수시,키다리병(피해율),0.0
2025,6,1,1,여수시,키다리병(발생면적율),0.0
2025,6,1,1,여수시,이화명나방(발생추정면적),0.0
2025,6,1,1,여수시,이화명나방(감수율),0.0
2025,6,1,1,여수시,이화명나방(피해율),0.0
2025,6,1,1,여수시,이화명나방(발생면적율),0.0
2025,6,1,1,여수시,벼애나방(발생추정면적),0.0
2025,6,1,1,여수시,벼애나방(감수율),0.0
2025,6,1,1,여수시,벼애나방(피해율),0.0
2025,6,1,1,여수시,벼애나방(발생면적율),0.0
2025,6,1,1,여수시,벼잎선충(발생추정면적),0.0
2025,6,1,1,여수시,벼잎선충(감수율),0.0
2025,6,1,1,여수시,벼잎선충(피해율),0.0
2025,6,1,1,여수시,벼잎선충(발생면적율),0.0
2025,6,1,1,영광군,잎도열병(발생추정면적),0.0
2025,6,1,1,영광군,잎도열병(감수율),0.0
2025,6,1,1,영광군,잎도열병(피해율),0.0
2025,6,1,1,영광군,잎도열병(발생면적율),0.0
2025,6,1,1,영광군,이삭도열병(발생추정면적),0.0
2025,6,1,1,영광군,이삭도열병(감수율),0.0
2025,6,1,1,영광군,이삭도열병(피해율),0.0
2025,6,1,1,영광군,이삭도열병(발생면적율),0.0
2025,6,1,1,영광군,잎집무늬마름병(발생추정면적),0.0
2025,6,1,1,영광군,잎집무늬마름병(감수율),0.0
2025,6,1,1,영광군,잎집무늬마름병(피해율),0.0
2025,6,1,1,영광군,잎집무늬마름병(발생면적율),0.0
2025,6,1,1,영광군,흰잎마름병(발생추정면적),0.0
2025,6,1,1,영광군,흰잎마름병(감수율),0.0
2025,6,1,1,영광군,흰잎마름병(피해율),0.0
2025,6,1,1,영광군,흰잎마름병(발생면적율),0.0
2025,6,1,1,영광군,세균벼알마름병(발생추정면적),0.0
2025,6,1,1,영광군,세균벼알마름병(감수율),0.0
2025,6,1,1,영광군,세균벼알마름병(피해율),0.0
2025,6,1,1,영광군,세균벼알마름병(발생면적율),0.0
2025,6,1,1,영광군,줄무늬잎마름병(발생면적),0.0
2025,6,1,1,영광군,줄무늬잎마름병(감수율),0.0
2025,6,1,1,영광군,줄무늬잎마름병(피해율),0.0
2025,6,1,1,영광군,줄무늬잎마름병(발생면적률),0.0
2025,6,1,1,영광군,벼검은줄오갈병(발생면적),0.0
2025,6,1,1,영광군,벼검은줄오갈병(감수율),0.0
2025,6,1,1,영광군,벼검은줄오갈병(피해율),0.0
2025,6,1,1,영광군,벼검은줄오갈병(발생면적률),0.0
2025,6,1,1,영광군,오갈병(발생면적),0.0
2025,6,1,1,영광군,오갈병(감수율),0.0
2025,6,1,1,영광군,오갈병(피해율),0.0
2025,6,1,1,영광군,오갈병(발생면적률),0.0
2025,6,1,1,영광군,이삭누룩병(발생추정면적),0.0
2025,6,1,1,영광군,이삭누룩병(감수율),0.0
2025,6,1,1,영광군,이삭누룩병(피해율),0.0
2025,6,1,1,영광군,이삭누룩병(발생면적율),0.0
2025,6,1,1,영광군,깨씨무늬병(발생추정면적),0.0
2025,6,1,1,영광군,깨씨무늬병(감수율),0.0
2025,6,1,1,영광군,깨씨무늬병(피해율),0.0
2025,6,1,1,영광군,깨씨무늬병(발생면적율),0.0
2025,6,1,1,영광군,벼잎벌레(발생추정면적),0.0
2025,6,1,1,영광군,벼잎벌레(감수율),0.0
2025,6,1,1,영광군,벼잎벌레(피해율),0.0
2025,6,1,1,영광군,벼잎벌레(발생면적율),0.0
2025,6,1,1,영광군,벼애잎굴파리(발생추정면적),0.0
2025,6,1,1,영광군,벼애잎굴파리(감수율),0.0
2025,6,1,1,영광군,벼애잎굴파리(피해율),0.0
2025,6,1,1,영광군,벼애잎굴파리(발생면적율),0.0
2025,6,1,1,영광군,벼줄기굴파리(발생추정면적),0.0
2025,6,1,1,영광군,벼줄기굴파리(감수율),0.0
2025,6,1,1,영광군,벼줄기굴파리(피해율),0.0
2025,6,1,1,영광군,벼줄기굴파리(발생면적율),0.0
2025,6,1,1,영광군,애멸구(발생추정면적),0.0
2025,6,1,1,영광군,애멸구(감수율),0.0
2025,6,1,1,영광군,애멸구(피해율),0.0
2025,6,1,1,영광군,애멸구(발생면적율),0.0
2025,6,1,1,영광군,끝동매미충(발생추정면적),0.0
2025,6,1,1,영광군,끝동매미충(감수율),0.0
2025,6,1,1,영광군,끝동매미충(피해율),0.0
2025,6,1,1,영광군,끝동매미충(발생면적율),0.0
2025,6,1,1,영광군,벼멸구(발생추정면적),0.0
2025,6,1,1,영광군,벼멸구(감수율),0.0
2025,6,1,1,영광군,벼멸구(피해율),0.0
2025,6,1,1,영광군,벼멸구(발생면적율),0.0
2025,6,1,1,영광군,흰등멸구(발생추정면적),0.0
2025,6,1,1,영광군,흰등멸구(감수율),0.0
2025,6,1,1,영광군,흰등멸구(피해율),0.0
2025,6,1,1,영광군,흰등멸구(발생면적율),0.0
2025,6,1,1,영광군,벼물바구미(발생추정면적),0.0
2025,6,1,1,영광군,벼물바구미(감수율),0.0
2025,6,1,1,영광군,벼물바구미(피해율),0.0
2025,6,1,1,영광군,벼물바구미(발생면적율),0.0
2025,6,1,1,영광군,혹명나방(발생추정면적),0.0
2025,6,1,1,영광군,혹명나방(감수율),0.0
2025,6,1,1,영광군,혹명나방(피해율),0.0
2025,6,1,1,영광군,혹명나방(발생면적율),0.0
2025,6,1,1,영광군,멸강나방(발생추정면적),0.0
2025,6,1,1,영광군,멸강나방(감수율),0.0
2025,6,1,1,영광군,멸강나방(피해율),0.0
2025,6,1,1,영광군,멸강나방(발생면적율),0.0
2025,6,1,1,영광군,먹노린재(발생추정면적),0.0
2025,6,1,1,영광군,먹노린재(감수율),0.0
2025,6,1,1,영광군,먹노린재(피해율),0.0
2025,6,1,1,영광군,먹노린재(발생면적율),0.0
2025,6,1,1,영광군,이화명나방1화기(발생면적),0.0
2025,6,1,1,영광군,이화명나방1화기(감수율),0.0
2025,6,1,1,영광군,이화명나방1화기(피해율),0.0
2025,6,1,1,영광군,이화명나방1화기(발생면적률),0.0
2025,6,1,1,영광군,이화명나방2화기(발생면적),0.0
2025,6,1,1,영광군,이화명나방2화기(감수율),0.0
2025,6,1,1,영광군,이화명나방2화기(피해율),0.0
2025,6,1,1,영광군,이화명나방2화기(발생면적률),0.0
2025,6,1,1,영광군,바이러스병(발생추정면적),0.0
2025,6,1,1,영광군,바이러스병(감수율),0.0
2025,6,1,1,영광군,바이러스병(피해율),0.0
2025,6,1,1,영광군,바이러스병(발생면적율),0.0
2025,6,1,1,영광군,키다리병(발생추정면적),0.0
2025,6,1,1,영광군,키다리병(감수율),0.0
2025,6,1,1,영광군,키다리병(피해율),0.0
2025,6,1,1,영광군,키다리병(발생면적율),0.0
2025,6,1,1,영광군,이화명나방(발생추정면적),0.0
2025,6,1,1,영광군,이화명나방(감수율),0.0
2025,6,1,1,영광군,이화명나방(피해율),0.0
2025,6,1,1,영광군,이화명나방(발생면적율),0.0
2025,6,1,1,영광군,벼애나방(발생추정면적),0.0
2025,6,1,1,영광군,벼애나방(감수율),0.0
2025,6,1,1,영광군,벼애나방(피해율),0.0
2025,6,1,1,영광군,벼애나방(발생면적율),0.0
2025,6,1,1,영광군,벼잎선충(발생추정면적),0.0
2025,6,1,1,영광군,벼잎선충(감수율),0.0
2025,6,1,1,영광군,벼잎선충(피해율),0.0
2025,6,1,1,영광군,벼잎선충(발생면적율),0.0
2025,6,1,1,영암군,잎도열병(발생추정면적),0.0
2025,6,1,1,영암군,잎도열병(감수율),0.0
2025,6,1,1,영암군,잎도열병(피해율),0.0
2025,6,1,1,영암군,잎도열병(발생면적율),0.0
2025,6,1,1,영암군,이삭도열병(발생추정면적),0.0
2025,6,1,1,영암군,이삭도열병(감수율),0.0
2025,6,1,1,영암군,이삭도열병(피해율),0.0
2025,6,1,1,영암군,이삭도열병(발생면적율),0.0
2025,6,1,1,영암군,잎집무늬마름병(발생추정면적),0.0
2025,6,1,1,영암군,잎집무늬마름병(감수율),0.0
2025,6,1,1,영암군,잎집무늬마름병(피해율),0.0
2025,6,1,1,영암군,잎집무늬마름병(발생면적율),0.0
2025,6,1,1,영암군,흰잎마름병(발생추정면적),0.0
2025,6,1,1,영암군,흰잎마름병(감수율),0.0
2025,6,1,1,영암군,흰잎마름병(피해율),0.0
2025,6,1,1,영암군,흰잎마름병(발생면적율),0.0
2025,6,1,1,영암군,세균벼알마름병(발생추정면적),0.0
2025,6,1,1,영암군,세균벼알마름병(감수율),0.0
2025,6,1,1,영암군,세균벼알마름병(피해율),0.0
2025,6,1,1,영암군,세균벼알마름병(발생면적율),0.0
2025,6,1,1,영암군,줄무늬잎마름병(발생면적),0.0
2025,6,1,1,영암군,줄무늬잎마름병(감수율),0.0
2025,6,1,1,영암군,줄무늬잎마름병(피해율),0.0
2025,6,1,1,영암군,줄무늬잎마름병(발생면적률),0.0
2025,6,1,1,영암군,벼검은줄오갈병(발생면적),0.0
2025,6,1,1,영암군,벼검은줄오갈병(감수율),0.0
2025,6,1,1,영암군,벼검은줄오갈병(피해율),0.0
2025,6,1,1,영암군,벼검은줄오갈병(발생면적률),0.0
2025,6,1,1,영암군,오갈병(발생면적),0.0
2025,6,1,1,영암군,오갈병(감수율),0.0
2025,6,1,1,영암군,오갈병(피해율),0.0
2025,6,1,1,영암군,오갈병(발생면적률),0.0
2025,6,1,1,영암군,이삭누룩병(발생추정면적),0.0
2025,6,1,1,영암군,이삭누룩병(감수율),0.0
2025,6,1,1,영암군,이삭누룩병(피해율),0.0
2025,6,1,1,영암군,이삭누룩병(발생면적율),0.0
2025,6,1,1,영암군,깨씨무늬병(발생추정면적),0.0
2025,6,1,1,영암군,깨씨무늬병(감수율),0.0
2025,6,1,1,영암군,깨씨무늬병(피해율),0.0
2025,6,1,1,영암군,깨씨무늬병(발생면적율),0.0
2025,6,1,1,영암군,벼잎벌레(발생추정면적),0.0
2025,6,1,1,영암군,벼잎벌레(감수율),0.0
2025,6,1,1,영암군,벼잎벌레(피해율),0.0
2025,6,1,1,영암군,벼잎벌레(발생면적율),0.0
2025,6,1,1,영암군,벼애잎굴파리(발생추정면적),0.0
2025,6,1,1,영암군,벼애잎굴파리(감수율),0.0
2025,6,1,1,영암군,벼애잎굴파리(피해율),0.0
2025,6,1,1,영암군,벼애잎굴파리(발생면적율),0.0
2025,6,1,1,영암군,벼줄기굴파리(발생추정면적),0.0
2025,6,1,1,영암군,벼줄기굴파리(감수율),0.0
2025,6,1,1,영암군,벼줄기굴파리(피해율),0.0
2025,6,1,1,영암군,벼줄기굴파리(발생면적율),0.0
2025,6,1,1,영암군,애멸구(발생추정면적),0.0
2025,6,1,1,영암군,애멸구(감수율),0.0
2025,6,1,1,영암군,애멸구(피해율),0.0
2025,6,1,1,영암군,애멸구(발생면적율),0.0
2025,6,1,1,영암군,끝동매미충(발생추정면적),0.0
2025,6,1,1,영암군,끝동매미충(감수율),0.0
2025,6,1,1,영암군,끝동매미충(피해율),0.0
2025,6,1,1,영암군,끝동매미충(발생면적율),0.0
2025,6,1,1,영암군,벼멸구(발생추정면적),0.0
2025,6,1,1,영암군,벼멸구(감수율),0.0
2025,6,1,1,영암군,벼멸구(피해율),0.0
2025,6,1,1,영암군,벼멸구(발생면적율),0.0
2025,6,1,1,영암군,흰등멸구(발생추정면적),0.0
2025,6,1,1,영암군,흰등멸구(감수율),0.0
2025,6,1,1,영암군,흰등멸구(피해율),0.0
2025,6,1,1,영암군,흰등멸구(발생면적율),0.0
2025,6,1,1,영암군,벼물바구미(발생추정면적),0.0
2025,6,1,1,영암군,벼물바구미(감수율),0.0
2025,6,1,1,영암군,벼물바구미(피해율),0.0
2025,6,1,1,영암군,벼물바구미(발생면적율),0.0
2025,6,1,1,영암군,혹명나방(발생추정면적),0.0
2025,6,1,1,영암군,혹명나방(감수율),0.0
2025,6,1,1,영암군,혹명나방(피해율),0.0
2025,6,1,1,영암군,혹명나방(발생면적율),0.0
2025,6,1,1,영암군,멸강나방(발생추정면적),0.0
2025,6,1,1,영암군,멸강나방(감수율),0.0
2025,6,1,1,영암군,멸강나방(피해율),0.0
2025,6,1,1,영암군,멸강나방(발생면적율),0.0
2025,6,1,1,영암군,먹노린재(발생추정면적),0.0
2025,6,1,1,영암군,먹노린재(감수율),0.0
2025,6,1,1,영암군,먹노린재(피해율),0.0
2025,6,1,1,영암군,먹노린재(발생면적율),0.0
2025,6,1,1,영암군,이화명나방1화기(발생면적),0.0
2025,6,1,1,영암군,이화명나방1화기(감수율),0.0
2025,6,1,1,영암군,이화명나방1화기(피해율),0.0
2025,6,1,1,영암군,이화명나방1화기(발생면적률),0.0
2025,6,1,1,영암군,이화명나방2화기(발생면적),0.0
2025,6,1,1,영암군,이화명나방2화기(감수율),0.0
2025,6,1,1,영암군,이화명나방2화기(피해율),0.0
2025,6,1,1,영암군,이화명나방2화기(발생면적률),0.0
2025,6,1,1,영암군,바이러스병(발생추정면적),0.0
2025,6,1,1,영암군,바이러스병(감수율),0.0
2025,6,1,1,영암군,바이러스병(피해율),0.0
2025,6,1,1,영암군,바이러스병(발생면적율),0.0
2025,6,1,1,영암군,키다리병(발생추정면적),0.0
2025,6,1,1,영암군,키다리병(감수율),0.0
2025,6,1,1,영암군,키다리병(피해율),0.0
2025,6,1,1,영암군,키다리병(발생면적율),0.0
2025,6,1,1,영암군,이화명나방(발생추정면적),0.0
2025,6,1,1,영암군,이화명나방(감수율),0.0
2025,6,1,1,영암군,이화명나방(피해율),0.0
2025,6,1,1,영암군,이화명나방(발생면적율),0.0
2025,6,1,1,영암군,벼애나방(발생추정면적),0.0
2025,6,1,1,영암군,벼애나방(감수율),0.0
2025,6,1,1,영암군,벼애나방(피해율),0.0
2025,6,1,1,영암군,벼애나방(발생면적율),0.0
2025,6,1,1,영암군,벼잎선충(발생추정면적),0.0
2025,6,1,1,영암군,벼잎선충(감수율),0.0
2025,6,1,1,영암군,벼잎선충(피해율),0.0
2025,6,1,1,영암군,벼잎선충(발생면적율),0.0
2025,6,1,1,완도군,잎도열병(발생추정면적),0.0
2025,6,1,1,완도군,잎도열병(감수율),0.0
2025,6,1,1,완도군,잎도열병(피해율),0.0
2025,6,1,1,완도군,잎도열병(발생면적율),0.0
2025,6,1,1,완도군,이삭도열병(발생추정면적),0.0
2025,6,1,1,완도군,이삭도열병(감수율),0.0
2025,6,1,1,완도군,이삭도열병(피해율),0.0
2025,6,1,1,완도군,이삭도열병(발생면적율),0.0
2025,6,1,1,완도군,잎집무늬마름병(발생추정면적),0.0
2025,6,1,1,완도군,잎집무늬마름병(감수율),0.0
2025,6,1,1,완도군,잎집무늬마름병(피해율),0.0
2025,6,1,1,완도군,잎집무늬마름병(발생면적율),0.0
2025,6,1,1,완도군,흰잎마름병(발생추정면적),0.0
2025,6,1,1,완도군,흰잎마름병(감수율),0.0
2025,6,1,1,완도군,흰잎마름병(피해율),0.0
2025,6,1,1,완도군,흰잎마름병(발생면적율),0.0
2025,6,1,1,완도군,세균벼알마름병(발생추정면적),0.0
2025,6,1,1,완도군,세균벼알마름병(감수율),0.0
2025,6,1,1,완도군,세균벼알마름병(피해율),0.0
2025,6,1,1,완도군,세균벼알마름병(발생면적율),0.0
2025,6,1,1,완도군,줄무늬잎마름병(발생면적),0.0
2025,6,1,1,완도군,줄무늬잎마름병(감수율),0.0
2025,6,1,1,완도군,줄무늬잎마름병(피해율),0.0
2025,6,1,1,완도군,줄무늬잎마름병(발생면적률),0.0
2025,6,1,1,완도군,벼검은줄오갈병(발생면적),0.0
2025,6,1,1,완도군,벼검은줄오갈병(감수율),0.0
2025,6,1,1,완도군,벼검은줄오갈병(피해율),0.0
2025,6,1,1,완도군,벼검은줄오갈병(발생면적률),0.0
2025,6,1,1,완도군,오갈병(발생면적),0.0
2025,6,1,1,완도군,오갈병(감수율),0.0
2025,6,1,1,완도군,오갈병(피해율),0.0
2025,6,1,1,완도군,오갈병(발생면적률),0.0
2025,6,1,1,완도군,이삭누룩병(발생추정면적),0.0
2025,6,1,1,완도군,이삭누룩병(감수율),0.0
2025,6,1,1,완도군,이삭누룩병(피해율),0.0
2025,6,1,1,완도군,이삭누룩병(발생면적율),0.0
2025,6,1,1,완도군,깨씨무늬병(발생추정면적),0.0
2025,6,1,1,완도군,깨씨무늬병(감수율),0.0
2025,6,1,1,완도군,깨씨무늬병(피해율),0.0
2025,6,1,1,완도군,깨씨무늬병(발생면적율),0.0
2025,6,1,1,완도군,벼잎벌레(발생추정면적),0.0
2025,6,1,1,완도군,벼잎벌레(감수율),0.0
2025,6,1,1,완도군,벼잎벌레(피해율),0.0
2025,6,1,1,완도군,벼잎벌레(발생면적율),0.0
2025,6,1,1,완도군,벼애잎굴파리(발생추정면적),0.0
2025,6,1,1,완도군,벼애잎굴파리(감수율),0.0
2025,6,1,1,완도군,벼애잎굴파리(피해율),0.0
2025,6,1,1,완도군,벼애잎굴파리(발생면적율),0.0
2025,6,1,1,완도군,벼줄기굴파리(발생추정면적),0.0
2025,6,1,1,완도군,벼줄기굴파리(감수율),0.0
2025,6,1,1,완도군,벼줄기굴파리(피해율),0.0
2025,6,1,1,완도군,벼줄기굴파리(발생면적율),0.0
2025,6,1,1,완도군,애멸구(발생추정면적),0.0
2025,6,1,1,완도군,애멸구(감수율),0.0
2025,6,1,1,완도군,애멸구(피해율),0.0
2025,6,1,1,완도군,애멸구(발생면적율),0.0
2025,6,1,1,완도군,끝동매미충(발생추정면적),0.0
2025,6,1,1,완도군,끝동매미충(감수율),0.0
2025,6,1,1,완도군,끝동매미충(피해율),0.0
2025,6,1,1,완도군,끝동매미충(발생면적율),0.0
2025,6,1,1,완도군,벼멸구(발생추정면적),0.0
2025,6,1,1,완도군,벼멸구(감수율),0.0
2025,6,1,1,완도군,벼멸구(피해율),0.0
2025,6,1,1,완도군,벼멸구(발생면적율),0.0
2025,6,1,1,완도군,흰등멸구(발생추정면적),0.0
2025,6,1,1,완도군,흰등멸구(감수율),0.0
2025,6,1,1,완도군,흰등멸구(피해율),0.0
2025,6,1,1,완도군,흰등멸구(발생면적율),0.0
2025,6,1,1,완도군,벼물바구미(발생추정면적),0.0
2025,6,1,1,완도군,벼물바구미(감수율),0.0
2025,6,1,1,완도군,벼물바구미(피해율),0.0
2025,6,1,1,완도군,벼물바구미(발생면적율),0.0
2025,6,1,1,완도군,혹명나방(발생추정면적),0.0
2025,6,1,1,완도군,혹명나방(감수율),0.0
2025,6,1,1,완도군,혹명나방(피해율),0.0
2025,6,1,1,완도군,혹명나방(발생면적율),0.0
2025,6,1,1,완도군,멸강나방(발생추정면적),0.0
2025,6,1,1,완도군,멸강나방(감수율),0.0
2025,6,1,1,완도군,멸강나방(피해율),0.0
2025,6,1,1,완도군,멸강나방(발생면적율),0.0
2025,6,1,1,완도군,먹노린재(발생추정면적),0.0
2025,6,1,1,완도군,먹노린재(감수율),0.0
2025,6,1,1,완도군,먹노린재(피해율),0.0
2025,6,1,1,완도군,먹노린재(발생면적율),0.0
2025,6,1,1,완도군,이화명나방1화기(발생면적),0.0
2025,6,1,1,완도군,이화명나방1화기(감수율),0.0
2025,6,1,1,완도군,이화명나방1화기(피해율),0.0
2025,6,1,1,완도군,이화명나방1화기(발생면적률),0.0
2025,6,1,1,완도군,이화명나방2화기(발생면적),0.0
2025,6,1,1,완도군,이화명나방2화기(감수율),0.0
2025,6,1,1,완도군,이화명나방2화기(피해율),0.0
2025,6,1,1,완도군,이화명나방2화기(발생면적률),0.0
2025,6,1,1,완도군,바이러스병(발생추정면적),0.0
2025,6,1,1,완도군,바이러스병(감수율),0.0
2025,6,1,1,완도군,바이러스병(피해율),0.0
2025,6,1,1,완도군,바이러스병(발생면적율),0.0
2025,6,1,1,완도군,키다리병(발생추정면적),0.0
2025,6,1,1,완도군,키다리병(감수율),0.0
2025,6,1,1,완도군,키다리병(피해율),0.0
2025,6,1,1,완도군,키다리병(발생면적율),0.0
2025,6,1,1,완도군,이화명나방(발생추정면적),0.0
2025,6,1,1,완도군,이화명나방(감수율),0.0
2025,6,1,1,완도군,이화명나방(피해율),0.0
2025,6,1,1,완도군,이화명나방(발생면적율),0.0
2025,6,1,1,완도군,벼애나방(발생추정면적),0.0
2025,6,1,1,완도군,벼애나방(감수율),0.0
2025,6,1,1,완도군,벼애나방(피해율),0.0
2025,6,1,1,완도군,벼애나방(발생면적율),0.0
2025,6,1,1,완도군,벼잎선충(발생추정면적),0.0
2025,6,1,1,완도군,벼잎선충(감수율),0.0
2025,6,1,1,완도군,벼잎선충(피해율),0.0
2025,6,1,1,완도군,벼잎선충(발생면적율),0.0
2025,6,1,1,장성군,잎도열병(발생추정면적),0.0
2025,6,1,1,장성군,잎도열병(감수율),0.0
2025,6,1,1,장성군,잎도열병(피해율),0.0
2025,6,1,1,장성군,잎도열병(발생면적율),0.0
2025,6,1,1,장성군,이삭도열병(발생추정면적),0.0
2025,6,1,1,장성군,이삭도열병(감수율),0.0
2025,6,1,1,장성군,이삭도열병(피해율),0.0
2025,6,1,1,장성군,이삭도열병(발생면적율),0.0
2025,6,1,1,장성군,잎집무늬마름병(발생추정면적),0.0
2025,6,1,1,장성군,잎집무늬마름병(감수율),0.0
2025,6,1,1,장성군,잎집무늬마름병(피해율),0.0
2025,6,1,1,장성군,잎집무늬마름병(발생면적율),0.0
2025,6,1,1,장성군,흰잎마름병(발생추정면적),0.0
2025,6,1,1,장성군,흰잎마름병(감수율),0.0
2025,6,1,1,장성군,흰잎마름병(피해율),0.0
2025,6,1,1,장성군,흰잎마름병(발생면적율),0.0
2025,6,1,1,장성군,세균벼알마름병(발생추정면적),0.0
2025,6,1,1,장성군,세균벼알마름병(감수율),0.0
2025,6,1,1,장성군,세균벼알마름병(피해율),0.0
2025,6,1,1,장성군,세균벼알마름병(발생면적율),0.0
2025,6,1,1,장성군,줄무늬잎마름병(발생면적),0.0
2025,6,1,1,장성군,줄무늬잎마름병(감수율),0.0
2025,6,1,1,장성군,줄무늬잎마름병(피해율),0.0
2025,6,1,1,장성군,줄무늬잎마름병(발생면적률),0.0
2025,6,1,1,장성군,벼검은줄오갈병(발생면적),0.0
2025,6,1,1,장성군,벼검은줄오갈병(감수율),0.0
2025,6,1,1,장성군,벼검은줄오갈병(피해율),0.0
2025,6,1,1,장성군,벼검은줄오갈병(발생면적률),0.0
2025,6,1,1,장성군,오갈병(발생면적),0.0
2025,6,1,1,장성군,오갈병(감수율),0.0
2025,6,1,1,장성군,오갈병(피해율),0.0
2025,6,1,1,장성군,오갈병(발생면적률),0.0
2025,6,1,1,장성군,이삭누룩병(발생추정면적),0.0
2025,6,1,1,장성군,이삭누룩병(감수율),0.0
2025,6,1,1,장성군,이삭누룩병(피해율),0.0
2025,6,1,1,장성군,이삭누룩병(발생면적율),0.0
2025,6,1,1,장성군,깨씨무늬병(발생추정면적),0.0
2025,6,1,1,장성군,깨씨무늬병(감수율),0.0
2025,6,1,1,장성군,깨씨무늬병(피해율),0.0
2025,6,1,1,장성군,깨씨무늬병(발생면적율),0.0
2025,6,1,1,장성군,벼잎벌레(발생추정면적),0.0
2025,6,1,1,장성군,벼잎벌레(감수율),0.0
2025,6,1,1,장성군,벼잎벌레(피해율),0.0
2025,6,1,1,장성군,벼잎벌레(발생면적율),0.0
2025,6,1,1,장성군,벼애잎굴파리(발생추정면적),0.0
2025,6,1,1,장성군,벼애잎굴파리(감수율),0.0
2025,6,1,1,장성군,벼애잎굴파리(피해율),0.0
2025,6,1,1,장성군,벼애잎굴파리(발생면적율),0.0
2025,6,1,1,장성군,벼줄기굴파리(발생추정면적),0.0
2025,6,1,1,장성군,벼줄기굴파리(감수율),0.0
2025,6,1,1,장성군,벼줄기굴파리(피해율),0.0
2025,6,1,1,장성군,벼줄기굴파리(발생면적율),0.0
2025,6,1,1,장성군,애멸구(발생추정면적),0.0
2025,6,1,1,장성군,애멸구(감수율),0.0
2025,6,1,1,장성군,애멸구(피해율),0.0
2025,6,1,1,장성군,애멸구(발생면적율),0.0
2025,6,1,1,장성군,끝동매미충(발생추정면적),0.0
2025,6,1,1,장성군,끝동매미충(감수율),0.0
2025,6,1,1,장성군,끝동매미충(피해율),0.0
2025,6,1,1,장성군,끝동매미충(발생면적율),0.0
2025,6,1,1,장성군,벼멸구(발생추정면적),0.0
2025,6,1,1,장성군,벼멸구(감수율),0.0
2025,6,1,1,장성군,벼멸구(피해율),0.0
2025,6,1,1,장성군,벼멸구(발생면적율),0.0
2025,6,1,1,장성군,흰등멸구(발생추정면적),0.0
2025,6,1,1,장성군,흰등멸구(감수율),0.0
2025,6,1,1,장성군,흰등멸구(피해율),0.0
2025,6,1,1,장성군,흰등멸구(발생면적율),0.0
2025,6,1,1,장성군,벼물바구미(발생추정면적),0.0
2025,6,1,1,장성군,벼물바구미(감수율),0.0
2025,6,1,1,장성군,벼물바구미(피해율),0.0
2025,6,1,1,장성군,벼물바구미(발생면적율),0.0
2025,6,1,1,장성군,혹명나방(발생추정면적),0.0
2025,6,1,1,장성군,혹명나방(감수율),0.0
2025,6,1,1,장성군,혹명나방(피해율),0.0
2025,6,1,1,장성군,혹명나방(발생면적율),0.0
2025,6,1,1,장성군,멸강나방(발생추정면적),0.0
2025,6,1,1,장성군,멸강나방(감수율),0.0
2025,6,1,1,장성군,멸강나방(피해율),0.0
2025,6,1,1,장성군,멸강나방(발생면적율),0.0
2025,6,1,1,장성군,먹노린재(발생추정면적),0.0
2025,6,1,1,장성군,먹노린재(감수율),0.0
2025,6,1,1,장성군,먹노린재(피해율),0.0
2025,6,1,1,장성군,먹노린재(발생면적율),0.0
2025,6,1,1,장성군,이화명나방1화기(발생면적),0.0
2025,6,1,1,장성군,이화명나방1화기(감수율),0.0
2025,6,1,1,장성군,이화명나방1화기(피해율),0.0
2025,6,1,1,장성군,이화명나방1화기(발생면적률),0.0
2025,6,1,1,장성군,이화명나방2화기(발생면적),0.0
2025,6,1,1,장성군,이화명나방2화기(감수율),0.0
2025,6,1,1,장성군,이화명나방2화기(피해율),0.0
2025,6,1,1,장성군,이화명나방2화기(발생면적률),0.0
2025,6,1,1,장성군,바이러스병(발생추정면적),0.0
2025,6,1,1,장성군,바이러스병(감수율),0.0
2025,6,1,1,장성군,바이러스병(피해율),0.0
2025,6,1,1,장성군,바이러스병(발생면적율),0.0
2025,6,1,1,장성군,키다리병(발생추정면적),0.0
2025,6,1,1,장성군,키다리병(감수율),0.0
2025,6,1,1,장성군,키다리병(피해율),0.0
2025,6,1,1,장성군,키다리병(발생면적율),0.0
2025,6,1,1,장성군,이화명나방(발생추정면적),0.0
2025,6,1,1,장성군,이화명나방(감수율),0.0
2025,6,1,1,장성군,이화명나방(피해율),0.0
2025,6,1,1,장성군,이화명나방(발생면적율),0.0
2025,6,1,1,장성군,벼애나방(발생추정면적),0.0
2025,6,1,1,장성군,벼애나방(감수율),0.0
2025,6,1,1,장성군,벼애나방(피해율),0.0
2025,6,1,1,장성군,벼애나방(발생면적율),0.0
2025,6,1,1,장성군,벼잎선충(발생추정면적),0.0
2025,6,1,1,장성군,벼잎선충(감수율),0.0
2025,6,1,1,장성군,벼잎선충(피해율),0.0
2025,6,1,1,장성군,벼잎선충(발생면적율),0.0
2025,6,1,1,장흥군,잎도열병(발생추정면적),0.0
2025,6,1,1,장흥군,잎도열병(감수율),0.0
2025,6,1,1,장흥군,잎도열병(피해율),0.0
2025,6,1,1,장흥군,잎도열병(발생면적율),0.0
2025,6,1,1,장흥군,이삭도열병(발생추정면적),0.0
2025,6,1,1,장흥군,이삭도열병(감수율),0.0
2025,6,1,1,장흥군,이삭도열병(피해율),0.0
2025,6,1,1,장흥군,이삭도열병(발생면적율),0.0
2025,6,1,1,장흥군,잎집무늬마름병(발생추정면적),0.0
2025,6,1,1,장흥군,잎집무늬마름병(감수율),0.0
2025,6,1,1,장흥군,잎집무늬마름병(피해율),0.0
2025,6,1,1,장흥군,잎집무늬마름병(발생면적율),0.0
2025,6,1,1,장흥군,흰잎마름병(발생추정면적),0.0
2025,6,1,1,장흥군,흰잎마름병(감수율),0.0
2025,6,1,1,장흥군,흰잎마름병(피해율),0.0
2025,6,1,1,장흥군,흰잎마름병(발생면적율),0.0
2025,6,1,1,장흥군,세균벼알마름병(발생추정면적),0.0
2025,6,1,1,장흥군,세균벼알마름병(감수율),0.0
2025,6,1,1,장흥군,세균벼알마름병(피해율),0.0
2025,6,1,1,장흥군,세균벼알마름병(발생면적율),0.0
2025,6,1,1,장흥군,줄무늬잎마름병(발생면적),0.0
2025,6,1,1,장흥군,줄무늬잎마름병(감수율),0.0
2025,6,1,1,장흥군,줄무늬잎마름병(피해율),0.0
2025,6,1,1,장흥군,줄무늬잎마름병(발생면적률),0.0
2025,6,1,1,장흥군,벼검은줄오갈병(발생면적),0.0
2025,6,1,1,장흥군,벼검은줄오갈병(감수율),0.0
2025,6,1,1,장흥군,벼검은줄오갈병(피해율),0.0
2025,6,1,1,장흥군,벼검은줄오갈병(발생면적률),0.0
2025,6,1,1,장흥군,오갈병(발생면적),0.0
2025,6,1,1,장흥군,오갈병(감수율),0.0
2025,6,1,1,장흥군,오갈병(피해율),0.0
2025,6,1,1,장흥군,오갈병(발생면적률),0.0
2025,6,1,1,장흥군,이삭누룩병(발생추정면적),0.0
2025,6,1,1,장흥군,이삭누룩병(감수율),0.0
2025,6,1,1,장흥군,이삭누룩병(피해율),0.0
2025,6,1,1,장흥군,이삭누룩병(발생면적율),0.0
2025,6,1,1,장흥군,깨씨무늬병(발생추정면적),0.0
2025,6,1,1,장흥군,깨씨무늬병(감수율),0.0
2025,6,1,1,장흥군,깨씨무늬병(피해율),0.0
2025,6,1,1,장흥군,깨씨무늬병(발생면적율),0.0
2025,6,1,1,장흥군,벼잎벌레(발생추정면적),0.0
2025,6,1,1,장흥군,벼잎벌레(감수율),0.0
2025,6,1,1,장흥군,벼잎벌레(피해율),0.0
2025,6,1,1,장흥군,벼잎벌레(발생면적율),0.0
2025,6,1,1,장흥군,벼애잎굴파리(발생추정면적),0.0
2025,6,1,1,장흥군,벼애잎굴파리(감수율),0.0
2025,6,1,1,장흥군,벼애잎굴파리(피해율),0.0
2025,6,1,1,장흥군,벼애잎굴파리(발생면적율),0.0
2025,6,1,1,장흥군,벼줄기굴파리(발생추정면적),0.0
2025,6,1,1,장흥군,벼줄기굴파리(감수율),0.0
2025,6,1,1,장흥군,벼줄기굴파리(피해율),0.0
2025,6,1,1,장흥군,벼줄기굴파리(발생면적율),0.0
2025,6,1,1,장흥군,애멸구(발생추정면적),0.0
2025,6,1,1,장흥군,애멸구(감수율),0.0
2025,6,1,1,장흥군,애멸구(피해율),0.0
2025,6,1,1,장흥군,애멸구(발생면적율),0.0
2025,6,1,1,장흥군,끝동매미충(발생추정면적),0.0
2025,6,1,1,장흥군,끝동매미충(감수율),0.0
2025,6,1,1,장흥군,끝동매미충(피해율),0.0
2025,6,1,1,장흥군,끝동매미충(발생면적율),0.0
2025,6,1,1,장흥군,벼멸구(발생추정면적),0.0
2025,6,1,1,장흥군,벼멸구(감수율),0.0
2025,6,1,1,장흥군,벼멸구(피해율),0.0
2025,6,1,1,장흥군,벼멸구(발생면적율),0.0
2025,6,1,1,장흥군,흰등멸구(발생추정면적),0.0
2025,6,1,1,장흥군,흰등멸구(감수율),0.0
2025,6,1,1,장흥군,흰등멸구(피해율),0.0
2025,6,1,1,장흥군,흰등멸구(발생면적율),0.0
2025,6,1,1,장흥군,벼물바구미(발생추정면적),0.0
2025,6,1,1,장흥군,벼물바구미(감수율),0.0
2025,6,1,1,장흥군,벼물바구미(피해율),0.0
2025,6,1,1,장흥군,벼물바구미(발생면적율),0.0
2025,6,1,1,장흥군,혹명나방(발생추정면적),0.0
2025,6,1,1,장흥군,혹명나방(감수율),0.0
2025,6,1,1,장흥군,혹명나방(피해율),0.0
2025,6,1,1,장흥군,혹명나방(발생면적율),0.0
2025,6,1,1,장흥군,멸강나방(발생추정면적),0.0
2025,6,1,1,장흥군,멸강나방(감수율),0.0
2025,6,1,1,장흥군,멸강나방(피해율),0.0
2025,6,1,1,장흥군,멸강나방(발생면적율),0.0
2025,6,1,1,장흥군,먹노린재(발생추정면적),0.0
2025,6,1,1,장흥군,먹노린재(감수율),0.0
2025,6,1,1,장흥군,먹노린재(피해율),0.0
2025,6,1,1,장흥군,먹노린재(발생면적율),0.0
2025,6,1,1,장흥군,이화명나방1화기(발생면적),0.0
2025,6,1,1,장흥군,이화명나방1화기(감수율),0.0
2025,6,1,1,장흥군,이화명나방1화기(피해율),0.0
2025,6,1,1,장흥군,이화명나방1화기(발생면적률),0.0
2025,6,1,1,장흥군,이화명나방2화기(발생면적),0.0
2025,6,1,1,장흥군,이화명나방2화기(감수율),0.0
2025,6,1,1,장흥군,이화명나방2화기(피해율),0.0
2025,6,1,1,장흥군,이화명나방2화기(발생면적률),0.0
2025,6,1,1,장흥군,바이러스병(발생추정면적),0.0
2025,6,1,1,장흥군,바이러스병(감수율),0.0
2025,6,1,1,장흥군,바이러스병(피해율),0.0
2025,6,1,1,장흥군,바이러스병(발생면적율),0.0
2025,6,1,1,장흥군,키다리병(발생추정면적),0.0
2025,6,1,1,장흥군,키다리병(감수율),0.0
2025,6,1,1,장흥군,키다리병(피해율),0.0
2025,6,1,1,장흥군,키다리병(발생면적율),0.0
2025,6,1,1,장흥군,이화명나방(발생추정면적),0.0
2025,6,1,1,장흥군,이화명나방(감수율),0.0
2025,6,1,1,장흥군,이화명나방(피해율),0.0
2025,6,1,1,장흥군,이화명나방(발생면적율),0.0
2025,6,1,1,장흥군,벼애나방(발생추정면적),0.0
2025,6,1,1,장흥군,벼애나방(감수율),0.0
2025,6,1,1,장흥군,벼애나방(피해율),0.0
2025,6,1,1,장흥군,벼애나방(발생면적율),0.0
2025,6,1,1,장흥군,벼잎선충(발생추정면적),0.0
2025,6,1,1,장흥군,벼잎선충(감수율),0.0
2025,6,1,1,장흥군,벼잎선충(피해율),0.0
2025,6,1,1,장흥군,벼잎선충(발생면적율),0.0
2025,6,1,1,진도군,잎도열병(발생추정면적),0.0
2025,6,1,1,진도군,잎도열병(감수율),0.0
2025,6,1,1,진도군,잎도열병(피해율),0.0
2025,6,1,1,진도군,잎도열병(발생면적율),0.0
2025,6,1,1,진도군,이삭도열병(발생추정면적),0.0
2025,6,1,1,진도군,이삭도열병(감수율),0.0
2025,6,1,1,진도군,이삭도열병(피해율),0.0
2025,6,1,1,진도군,이삭도열병(발생면적율),0.0
2025,6,1,1,진도군,잎집무늬마름병(발생추정면적),0.0
2025,6,1,1,진도군,잎집무늬마름병(감수율),0.0
2025,6,1,1,진도군,잎집무늬마름병(피해율),0.0
2025,6,1,1,진도군,잎집무늬마름병(발생면적율),0.0
2025,6,1,1,진도군,흰잎마름병(발생추정면적),0.0
2025,6,1,1,진도군,흰잎마름병(감수율),0.0
2025,6,1,1,진도군,흰잎마름병(피해율),0.0
2025,6,1,1,진도군,흰잎마름병(발생면적율),0.0
2025,6,1,1,진도군,세균벼알마름병(발생추정면적),0.0
2025,6,1,1,진도군,세균벼알마름병(감수율),0.0
2025,6,1,1,진도군,세균벼알마름병(피해율),0.0
2025,6,1,1,진도군,세균벼알마름병(발생면적율),0.0
2025,6,1,1,진도군,줄무늬잎마름병(발생면적),0.0
2025,6,1,1,진도군,줄무늬잎마름병(감수율),0.0
2025,6,1,1,진도군,줄무늬잎마름병(피해율),0.0
2025,6,1,1,진도군,줄무늬잎마름병(발생면적률),0.0
2025,6,1,1,진도군,벼검은줄오갈병(발생면적),0.0
2025,6,1,1,진도군,벼검은줄오갈병(감수율),0.0
2025,6,1,1,진도군,벼검은줄오갈병(피해율),0.0
2025,6,1,1,진도군,벼검은줄오갈병(발생면적률),0.0
2025,6,1,1,진도군,오갈병(발생면적),0.0
2025,6,1,1,진도군,오갈병(감수율),0.0
2025,6,1,1,진도군,오갈병(피해율),0.0
2025,6,1,1,진도군,오갈병(발생면적률),0.0
2025,6,1,1,진도군,이삭누룩병(발생추정면적),0.0
2025,6,1,1,진도군,이삭누룩병(감수율),0.0
2025,6,1,1,진도군,이삭누룩병(피해율),0.0
2025,6,1,1,진도군,이삭누룩병(발생면적율),0.0
2025,6,1,1,진도군,깨씨무늬병(발생추정면적),0.0
2025,6,1,1,진도군,깨씨무늬병(감수율),0.0
2025,6,1,1,진도군,깨씨무늬병(피해율),0.0
2025,6,1,1,진도군,깨씨무늬병(발생면적율),0.0
2025,6,1,1,진도군,벼잎벌레(발생추정면적),0.0
2025,6,1,1,진도군,벼잎벌레(감수율),0.0
2025,6,1,1,진도군,벼잎벌레(피해율),0.0
2025,6,1,1,진도군,벼잎벌레(발생면적율),0.0
2025,6,1,1,진도군,벼애잎굴파리(발생추정면적),0.0
2025,6,1,1,진도군,벼애잎굴파리(감수율),0.0
2025,6,1,1,진도군,벼애잎굴파리(피해율),0.0
2025,6,1,1,진도군,벼애잎굴파리(발생면적율),0.0
2025,6,1,1,진도군,벼줄기굴파리(발생추정면적),0.0
2025,6,1,1,진도군,벼줄기굴파리(감수율),0.0
2025,6,1,1,진도군,벼줄기굴파리(피해율),0.0
2025,6,1,1,진도군,벼줄기굴파리(발생면적율),0.0
2025,6,1,1,진도군,애멸구(발생추정면적),0.0
2025,6,1,1,진도군,애멸구(감수율),0.0
2025,6,1,1,진도군,애멸구(피해율),0.0
2025,6,1,1,진도군,애멸구(발생면적율),0.0
2025,6,1,1,진도군,끝동매미충(발생추정면적),0.0
2025,6,1,1,진도군,끝동매미충(감수율),0.0
2025,6,1,1,진도군,끝동매미충(피해율),0.0
2025,6,1,1,진도군,끝동매미충(발생면적율),0.0
2025,6,1,1,진도군,벼멸구(발생추정면적),0.0
2025,6,1,1,진도군,벼멸구(감수율),0.0
2025,6,1,1,진도군,벼멸구(피해율),0.0
2025,6,1,1,진도군,벼멸구(발생면적율),0.0
2025,6,1,1,진도군,흰등멸구(발생추정면적),0.0
2025,6,1,1,진도군,흰등멸구(감수율),0.0
2025,6,1,1,진도군,흰등멸구(피해율),0.0
2025,6,1,1,진도군,흰등멸구(발생면적율),0.0
2025,6,1,1,진도군,벼물바구미(발생추정면적),0.0
2025,6,1,1,진도군,벼물바구미(감수율),0.0
2025,6,1,1,진도군,벼물바구미(피해율),0.0
2025,6,1,1,진도군,벼물바구미(발생면적율),0.0
2025,6,1,1,진도군,혹명나방(발생추정면적),0.0
2025,6,1,1,진도군,혹명나방(감수율),0.0
2025,6,1,1,진도군,혹명나방(피해율),0.0
2025,6,1,1,진도군,혹명나방(발생면적율),0.0
2025,6,1,1,진도군,멸강나방(발생추정면적),0.0
2025,6,1,1,진도군,멸강나방(감수율),0.0
2025,6,1,1,진도군,멸강나방(피해율),0.0
2025,6,1,1,진도군,멸강나방(발생면적율),0.0
2025,6,1,1,진도군,먹노린재(발생추정면적),0.0
2025,6,1,1,진도군,먹노린재(감수율),0.0
2025,6,1,1,진도군,먹노린재(피해율),0.0
2025,6,1,1,진도군,먹노린재(발생면적율),0.0
2025,6,1,1,진도군,이화명나방1화기(발생면적),0.0
2025,6,1,1,진도군,이화명나방1화기(감수율),0.0
2025,6,1,1,진도군,이화명나방1화기(피해율),0.0
2025,6,1,1,진도군,이화명나방1화기(발생면적률),0.0
2025,6,1,1,진도군,이화명나방2화기(발생면적),0.0
2025,6,1,1,진도군,이화명나방2화기(감수율),0.0
2025,6,1,1,진도군,이화명나방2화기(피해율),0.0
2025,6,1,1,진도군,이화명나방2화기(발생면적률),0.0
2025,6,1,1,진도군,바이러스병(발생추정면적),0.0
2025,6,1,1,진도군,바이러스병(감수율),0.0
2025,6,1,1,진도군,바이러스병(피해율),0.0
2025,6,1,1,진도군,바이러스병(발생면적율),0.0
2025,6,1,1,진도군,키다리병(발생추정면적),0.0
2025,6,1,1,진도군,키다리병(감수율),0.0
2025,6,1,1,진도군,키다리병(피해율),0.0
2025,6,1,1,진도군,키다리병(발생면적율),0.0
2025,6,1,1,진도군,이화명나방(발생추정면적),0.0
2025,6,1,1,진도군,이화명나방(감수율),0.0
2025,6,1,1,진도군,이화명나방(피해율),0.0
2025,6,1,1,진도군,이화명나방(발생면적율),0.0
2025,6,1,1,진도군,벼애나방(발생추정면적),0.0
2025,6,1,1,진도군,벼애나방(감수율),0.0
2025,6,1,1,진도군,벼애나방(피해율),0.0
2025,6,1,1,진도군,벼애나방(발생면적율),0.0
2025,6,1,1,진도군,벼잎선충(발생추정면적),0.0
2025,6,1,1,진도군,벼잎선충(감수율),0.0
2025,6,1,1,진도군,벼잎선충(피해율),0.0
2025,6,1,1,진도군,벼잎선충(발생면적율),0.0
2025,6,1,1,함평군,잎도열병(발생추정면적),0.0
2025,6,1,1,함평군,잎도열병(감수율),0.0
2025,6,1,1,함평군,잎도열병(피해율),0.0
2025,6,1,1,함평군,잎도열병(발생면적율),0.0
2025,6,1,1,함평군,이삭도열병(발생추정면적),0.0
2025,6,1,1,함평군,이삭도열병(감수율),0.0
2025,6,1,1,함평군,이삭도열병(피해율),0.0
2025,6,1,1,함평군,이삭도열병(발생면적율),0.0
2025,6,1,1,함평군,잎집무늬마름병(발생추정면적),0.0
2025,6,1,1,함평군,잎집무늬마름병(감수율),0.0
2025,6,1,1,함평군,잎집무늬마름병(피해율),0.0
2025,6,1,1,함평군,잎집무늬마름병(발생면적율),0.0
2025,6,1,1,함평군,흰잎마름병(발생추정면적),0.0
2025,6,1,1,함평군,흰잎마름병(감수율),0.0
2025,6,1,1,함평군,흰잎마름병(피해율),0.0
2025,6,1,1,함평군,흰잎마름병(발생면적율),0.0
2025,6,1,1,함평군,세균벼알마름병(발생추정면적),0.0
2025,6,1,1,함평군,세균벼알마름병(감수율),0.0
2025,6,1,1,함평군,세균벼알마름병(피해율),0.0
2025,6,1,1,함평군,세균벼알마름병(발생면적율),0.0
2025,6,1,1,함평군,줄무늬잎마름병(발생면적),0.0
2025,6,1,1,함평군,줄무늬잎마름병(감수율),0.0
2025,6,1,1,함평군,줄무늬잎마름병(피해율),0.0
2025,6,1,1,함평군,줄무늬잎마름병(발생면적률),0.0
2025,6,1,1,함평군,벼검은줄오갈병(발생면적),0.0
2025,6,1,1,함평군,벼검은줄오갈병(감수율),0.0
2025,6,1,1,함평군,벼검은줄오갈병(피해율),0.0
2025,6,1,1,함평군,벼검은줄오갈병(발생면적률),0.0
2025,6,1,1,함평군,오갈병(발생면적),0.0
2025,6,1,1,함평군,오갈병(감수율),0.0
2025,6,1,1,함평군,오갈병(피해율),0.0
2025,6,1,1,함평군,오갈병(발생면적률),0.0
2025,6,1,1,함평군,이삭누룩병(발생추정면적),0.0
2025,6,1,1,함평군,이삭누룩병(감수율),0.0
2025,6,1,1,함평군,이삭누룩병(피해율),0.0
2025,6,1,1,함평군,이삭누룩병(발생면적율),0.0
2025,6,1,1,함평군,깨씨무늬병(발생추정면적),0.0
2025,6,1,1,함평군,깨씨무늬병(감수율),0.0
2025,6,1,1,함평군,깨씨무늬병(피해율),0.0
2025,6,1,1,함평군,깨씨무늬병(발생면적율),0.0
2025,6,1,1,함평군,벼잎벌레(발생추정면적),0.0
2025,6,1,1,함평군,벼잎벌레(감수율),0.0
2025,6,1,1,함평군,벼잎벌레(피해율),0.0
2025,6,1,1,함평군,벼잎벌레(발생면적율),0.0
2025,6,1,1,함평군,벼애잎굴파리(발생추정면적),0.0
2025,6,1,1,함평군,벼애잎굴파리(감수율),0.0
2025,6,1,1,함평군,벼애잎굴파리(피해율),0.0
2025,6,1,1,함평군,벼애잎굴파리(발생면적율),0.0
2025,6,1,1,함평군,벼줄기굴파리(발생추정면적),0.0
2025,6,1,1,함평군,벼줄기굴파리(감수율),0.0
2025,6,1,1,함평군,벼줄기굴파리(피해율),0.0
2025,6,1,1,함평군,벼줄기굴파리(발생면적율),0.0
2025,6,1,1,함평군,애멸구(발생추정면적),0.0
2025,6,1,1,함평군,애멸구(감수율),0.0
2025,6,1,1,함평군,애멸구(피해율),0.0
2025,6,1,1,함평군,애멸구(발생면적율),0.0
2025,6,1,1,함평군,끝동매미충(발생추정면적),0.0
2025,6,1,1,함평군,끝동매미충(감수율),0.0
2025,6,1,1,함평군,끝동매미충(피해율),0.0
2025,6,1,1,함평군,끝동매미충(발생면적율),0.0
2025,6,1,1,함평군,벼멸구(발생추정면적),0.0
2025,6,1,1,함평군,벼멸구(감수율),0.0
2025,6,1,1,함평군,벼멸구(피해율),0.0
2025,6,1,1,함평군,벼멸구(발생면적율),0.0
2025,6,1,1,함평군,흰등멸구(발생추정면적),0.0
2025,6,1,1,함평군,흰등멸구(감수율),0.0
2025,6,1,1,함평군,흰등멸구(피해율),0.0
2025,6,1,1,함평군,흰등멸구(발생면적율),0.0
2025,6,1,1,함평군,벼물바구미(발생추정면적),0.0
2025,6,1,1,함평군,벼물바구미(감수율),0.0
2025,6,1,1,함평군,벼물바구미(피해율),0.0
2025,6,1,1,함평군,벼물바구미(발생면적율),0.0
2025,6,1,1,함평군,혹명나방(발생추정면적),0.0
2025,6,1,1,함평군,혹명나방(감수율),0.0
2025,6,1,1,함평군,혹명나방(피해율),0.0
2025,6,1,1,함평군,혹명나방(발생면적율),0.0
2025,6,1,1,함평군,멸강나방(발생추정면적),0.0
2025,6,1,1,함평군,멸강나방(감수율),0.0
2025,6,1,1,함평군,멸강나방(피해율),0.0
2025,6,1,1,함평군,멸강나방(발생면적율),0.0
2025,6,1,1,함평군,먹노린재(발생추정면적),0.0
2025,6,1,1,함평군,먹노린재(감수율),0.0
2025,6,1,1,함평군,먹노린재(피해율),0.0
2025,6,1,1,함평군,먹노린재(발생면적율),0.0
2025,6,1,1,함평군,이화명나방1화기(발생면적),0.0
2025,6,1,1,함평군,이화명나방1화기(감수율),0.0
2025,6,1,1,함평군,이화명나방1화기(피해율),0.0
2025,6,1,1,함평군,이화명나방1화기(발생면적률),0.0
2025,6,1,1,함평군,이화명나방2화기(발생면적),0.0
2025,6,1,1,함평군,이화명나방2화기(감수율),0.0
2025,6,1,1,함평군,이화명나방2화기(피해율),0.0
2025,6,1,1,함평군,이화명나방2화기(발생면적률),0.0
2025,6,1,1,함평군,바이러스병(발생추정면적),0.0
2025,6,1,1,함평군,바이러스병(감수율),0.0
2025,6,1,1,함평군,바이러스병(피해율),0.0
2025,6,1,1,함평군,바이러스병(발생면적율),0.0
2025,6,1,1,함평군,키다리병(발생추정면적),0.0
2025,6,1,1,함평군,키다리병(감수율),0.0
2025,6,1,1,함평군,키다리병(피해율),0.0
2025,6,1,1,함평군,키다리병(발생면적율),0.0
2025,6,1,1,함평군,이화명나방(발생추정면적),0.0
2025,6,1,1,함평군,이화명나방(감수율),0.0
2025,6,1,1,함평군,이화명나방(피해율),0.0
2025,6,1,1,함평군,이화명나방(발생면적율),0.0
2025,6,1,1,함평군,벼애나방(발생추정면적),0.0
2025,6,1,1,함평군,벼애나방(감수율),0.0
2025,6,1,1,함평군,벼애나방(피해율),0.0
2025,6,1,1,함평군,벼애나방(발생면적율),0.0
2025,6,1,1,함평군,벼잎선충(발생추정면적),0.0
2025,6,1,1,함평군,벼잎선충(감수율),0.0
2025,6,1,1,함평군,벼잎선충(피해율),0.0
2025,6,1,1,함평군,벼잎선충(발생면적율),0.0
2025,6,1,1,해남군,잎도열병(발생추정면적),0.0
2025,6,1,1,해남군,잎도열병(감수율),0.0
2025,6,1,1,해남군,잎도열병(피해율),0.0
2025,6,1,1,해남군,잎도열병(발생면적율),0.0
2025,6,1,1,해남군,이삭도열병(발생추정면적),0.0
2025,6,1,1,해남군,이삭도열병(감수율),0.0
2025,6,1,1,해남군,이삭도열병(피해율),0.0
2025,6,1,1,해남군,이삭도열병(발생면적율),0.0
2025,6,1,1,해남군,잎집무늬마름병(발생추정면적),0.0
2025,6,1,1,해남군,잎집무늬마름병(감수율),0.0
2025,6,1,1,해남군,잎집무늬마름병(피해율),0.0
2025,6,1,1,해남군,잎집무늬마름병(발생면적율),0.0
2025,6,1,1,해남군,흰잎마름병(발생추정면적),0.0
2025,6,1,1,해남군,흰잎마름병(감수율),0.0
2025,6,1,1,해남군,흰잎마름병(피해율),0.0
2025,6,1,1,해남군,흰잎마름병(발생면적율),0.0
2025,6,1,1,해남군,세균벼알마름병(발생추정면적),0.0
2025,6,1,1,해남군,세균벼알마름병(감수율),0.0
2025,6,1,1,해남군,세균벼알마름병(피해율),0.0
2025,6,1,1,해남군,세균벼알마름병(발생면적율),0.0
2025,6,1,1,해남군,줄무늬잎마름병(발생면적),0.0
2025,6,1,1,해남군,줄무늬잎마름병(감수율),0.0
2025,6,1,1,해남군,줄무늬잎마름병(피해율),0.0
2025,6,1,1,해남군,줄무늬잎마름병(발생면적률),0.0
2025,6,1,1,해남군,벼검은줄오갈병(발생면적),0.0
2025,6,1,1,해남군,벼검은줄오갈병(감수율),0.0
2025,6,1,1,해남군,벼검은줄오갈병(피해율),0.0
2025,6,1,1,해남군,벼검은줄오갈병(발생면적률),0.0
2025,6,1,1,해남군,오갈병(발생면적),0.0
2025,6,1,1,해남군,오갈병(감수율),0.0
2025,6,1,1,해남군,오갈병(피해율),0.0
2025,6,1,1,해남군,오갈병(발생면적률),0.0
2025,6,1,1,해남군,이삭누룩병(발생추정면적),0.0
2025,6,1,1,해남군,이삭누룩병(감수율),0.0
2025,6,1,1,해남군,이삭누룩병(피해율),0.0
2025,6,1,1,해남군,이삭누룩병(발생면적율),0.0
2025,6,1,1,해남군,깨씨무늬병(발생추정면적),0.0
2025,6,1,1,해남군,깨씨무늬병(감수율),0.0
2025,6,1,1,해남군,깨씨무늬병(피해율),0.0
2025,6,1,1,해남군,깨씨무늬병(발생면적율),0.0
2025,6,1,1,해남군,벼잎벌레(발생추정면적),0.0
2025,6,1,1,해남군,벼잎벌레(감수율),0.0
2025,6,1,1,해남군,벼잎벌레(피해율),0.0
2025,6,1,1,해남군,벼잎벌레(발생면적율),0.0
2025,6,1,1,해남군,벼애잎굴파리(발생추정면적),0.0
2025,6,1,1,해남군,벼애잎굴파리(감수율),0.0
2025,6,1,1,해남군,벼애잎굴파리(피해율),0.0
2025,6,1,1,해남군,벼애잎굴파리(발생면적율),0.0
2025,6,1,1,해남군,벼줄기굴파리(발생추정면적),0.0
2025,6,1,1,해남군,벼줄기굴파리(감수율),0.0
2025,6,1,1,해남군,벼줄기굴파리(피해율),0.0
2025,6,1,1,해남군,벼줄기굴파리(발생면적율),0.0
2025,6,1,1,해남군,애멸구(발생추정면적),0.0
2025,6,1,1,해남군,애멸구(감수율),0.0
2025,6,1,1,해남군,애멸구(피해율),0.0
2025,6,1,1,해남군,애멸구(발생면적율),0.0
2025,6,1,1,해남군,끝동매미충(발생추정면적),0.0
2025,6,1,1,해남군,끝동매미충(감수율),0.0
2025,6,1,1,해남군,끝동매미충(피해율),0.0
2025,6,1,1,해남군,끝동매미충(발생면적율),0.0
2025,6,1,1,해남군,벼멸구(발생추정면적),0.0
2025,6,1,1,해남군,벼멸구(감수율),0.0
2025,6,1,1,해남군,벼멸구(피해율),0.0
2025,6,1,1,해남군,벼멸구(발생면적율),0.0
2025,6,1,1,해남군,흰등멸구(발생추정면적),0.0
2025,6,1,1,해남군,흰등멸구(감수율),0.0
2025,6,1,1,해남군,흰등멸구(피해율),0.0
2025,6,1,1,해남군,흰등멸구(발생면적율),0.0
2025,6,1,1,해남군,벼물바구미(발생추정면적),0.0
2025,6,1,1,해남군,벼물바구미(감수율),0.0
2025,6,1,1,해남군,벼물바구미(피해율),0.0
2025,6,1,1,해남군,벼물바구미(발생면적율),0.0
2025,6,1,1,해남군,혹명나방(발생추정면적),0.0
2025,6,1,1,해남군,혹명나방(감수율),0.0
2025,6,1,1,해남군,혹명나방(피해율),0.0
2025,6,1,1,해남군,혹명나방(발생면적율),0.0
2025,6,1,1,해남군,멸강나방(발생추정면적),0.0
2025,6,1,1,해남군,멸강나방(감수율),0.0
2025,6,1,1,해남군,멸강나방(피해율),0.0
2025,6,1,1,해남군,멸강나방(발생면적율),0.0
2025,6,1,1,해남군,먹노린재(발생추정면적),0.0
2025,6,1,1,해남군,먹노린재(감수율),0.0
2025,6,1,1,해남군,먹노린재(피해율),0.0
2025,6,1,1,해남군,먹노린재(발생면적율),0.0
2025,6,1,1,해남군,이화명나방1화기(발생면적),0.0
2025,6,1,1,해남군,이화명나방1화기(감수율),0.0
2025,6,1,1,해남군,이화명나방1화기(피해율),0.0
2025,6,1,1,해남군,이화명나방1화기(발생면적률),0.0
2025,6,1,1,해남군,이화명나방2화기(발생면적),0.0
2025,6,1,1,해남군,이화명나방2화기(감수율),0.0
2025,6,1,1,해남군,이화명나방2화기(피해율),0.0
2025,6,1,1,해남군,이화명나방2화기(발생면적률),0.0
2025,6,1,1,해남군,바이러스병(발생추정면적),0.0
2025,6,1,1,해남군,바이러스병(감수율),0.0
2025,6,1,1,해남군,바이러스병(피해율),0.0
2025,6,1,1,해남군,바이러스병(발생면적율),0.0
2025,6,1,1,해남군,키다리병(발생추정면적),0.0
2025,6,1,1,해남군,키다리병(감수율),0.0
2025,6,1,1,해남군,키다리병(피해율),0.0
2025,6,1,1,해남군,키다리병(발생면적율),0.0
2025,6,1,1,해남군,이화명나방(발생추정면적),0.0
2025,6,1,1,해남군,이화명나방(감수율),0.0
2025,6,1,1,해남군,이화명나방(피해율),0.0
2025,6,1,1,해남군,이화명나방(발생면적율),0.0
2025,6,1,1,해남군,벼애나방(발생추정면적),0.0
2025,6,1,1,해남군,벼애나방(감수율),0.0
2025,6,1,1,해남군,벼애나방(피해율),0.0
2025,6,1,1,해남군,벼애나방(발생면적율),0.0
2025,6,1,1,해남군,벼잎선충(발생추정면적),0.0
2025,6,1,1,해남군,벼잎선충(감수율),0.0
2025,6,1,1,해남군,벼잎선충(피해율),0.0
2025,6,1,1,해남군,벼잎선충(발생면적율),0.0
2025,6,1,1,화순군,잎도열병(발생추정면적),0.0
2025,6,1,1,화순군,잎도열병(감수율),0.0
2025,6,1,1,화순군,잎도열병(피해율),0.0
2025,6,1,1,화순군,잎도열병(발생면적율),0.0
2025,6,1,1,화순군,이삭도열병(발생추정면적),0.0
2025,6,1,1,화순군,이삭도열병(감수율),0.0
2025,6,1,1,화순군,이삭도열병(피해율),0.0
2025,6,1,1,화순군,이삭도열병(발생면적율),0.0
2025,6,1,1,화순군,잎집무늬마름병(발생추정면적),0.0
2025,6,1,1,화순군,잎집무늬마름병(감수율),0.0
2025,6,1,1,화순군,잎집무늬마름병(피해율),0.0
2025,6,1,1,화순군,잎집무늬마름병(발생면적율),0.0
2025,6,1,1,화순군,흰잎마름병(발생추정면적),0.0
2025,6,1,1,화순군,흰잎마름병(감수율),0.0
2025,6,1,1,화순군,흰잎마름병(피해율),0.0
2025,6,1,1,화순군,흰잎마름병(발생면적율),0.0
2025,6,1,1,화순군,세균벼알마름병(발생추정면적),0.0
2025,6,1,1,화순군,세균벼알마름병(감수율),0.0
2025,6,1,1,화순군,세균벼알마름병(피해율),0.0
2025,6,1,1,화순군,세균벼알마름병(발생면적율),0.0
2025,6,1,1,화순군,줄무늬잎마름병(발생면적),0.0
2025,6,1,1,화순군,줄무늬잎마름병(감수율),0.0
2025,6,1,1,화순군,줄무늬잎마름병(피해율),0.0
2025,6,1,1,화순군,줄무늬잎마름병(발생면적률),0.0
2025,6,1,1,화순군,벼검은줄오갈병(발생면적),0.0
2025,6,1,1,화순군,벼검은줄오갈병(감수율),0.0
2025,6,1,1,화순군,벼검은줄오갈병(피해율),0.0
2025,6,1,1,화순군,벼검은줄오갈병(발생면적률),0.0
2025,6,1,1,화순군,오갈병(발생면적),0.0
2025,6,1,1,화순군,오갈병(감수율),0.0
2025,6,1,1,화순군,오갈병(피해율),0.0
2025,6,1,1,화순군,오갈병(발생면적률),0.0
2025,6,1,1,화순군,이삭누룩병(발생추정면적),0.0
2025,6,1,1,화순군,이삭누룩병(감수율),0.0
2025,6,1,1,화순군,이삭누룩병(피해율),0.0
2025,6,1,1,화순군,이삭누룩병(발생면적율),0.0
2025,6,1,1,화순군,깨씨무늬병(발생추정면적),0.0
2025,6,1,1,화순군,깨씨무늬병(감수율),0.0
2025,6,1,1,화순군,깨씨무늬병(피해율),0.0
2025,6,1,1,화순군,깨씨무늬병(발생면적율),0.0
2025,6,1,1,화순군,벼잎벌레(발생추정면적),0.0
2025,6,1,1,화순군,벼잎벌레(감수율),0.0
2025,6,1,1,화순군,벼잎벌레(피해율),0.0
2025,6,1,1,화순군,벼잎벌레(발생면적율),0.0
2025,6,1,1,화순군,벼애잎굴파리(발생추정면적),0.0
2025,6,1,1,화순군,벼애잎굴파리(감수율),0.0
2025,6,1,1,화순군,벼애잎굴파리(피해율),0.0
2025,6,1,1,화순군,벼애잎굴파리(발생면적율),0.0
2025,6,1,1,화순군,벼줄기굴파리(발생추정면적),0.0
2025,6,1,1,화순군,벼줄기굴파리(감수율),0.0
2025,6,1,1,화순군,벼줄기굴파리(피해율),0.0
2025,6,1,1,화순군,벼줄기굴파리(발생면적율),0.0
2025,6,1,1,화순군,애멸구(발생추정면적),0.0
2025,6,1,1,화순군,애멸구(감수율),0.0
2025,6,1,1,화순군,애멸구(피해율),0.0
2025,6,1,1,화순군,애멸구(발생면적율),0.0
2025,6,1,1,화순군,끝동매미충(발생추정면적),0.0
2025,6,1,1,화순군,끝동매미충(감수율),0.0
2025,6,1,1,화순군,끝동매미충(피해율),0.0
2025,6,1,1,화순군,끝동매미충(발생면적율),0.0
2025,6,1,1,화순군,벼멸구(발생추정면적),0.0
2025,6,1,1,화순군,벼멸구(감수율),0.0
2025,6,1,1,화순군,벼멸구(피해율),0.0
2025,6,1,1,화순군,벼멸구(발생면적율),0.0
2025,6,1,1,화순군,흰등멸구(발생추정면적),0.0
2025,6,1,1,화순군,흰등멸구(감수율),0.0
2025,6,1,1,화순군,흰등멸구(피해율),0.0
2025,6,1,1,화순군,흰등멸구(발생면적율),0.0
2025,6,1,1,화순군,벼물바구미(발생추정면적),0.0
2025,6,1,1,화순군,벼물바구미(감수율),0.0
2025,6,1,1,화순군,벼물바구미(피해율),0.0
2025,6,1,1,화순군,벼물바구미(발생면적율),0.0
2025,6,1,1,화순군,혹명나방(발생추정면적),0.0
2025,6,1,1,화순군,혹명나방(감수율),0.0
2025,6,1,1,화순군,혹명나방(피해율),0.0
2025,6,1,1,화순군,혹명나방(발생면적율),0.0
2025,6,1,1,화순군,멸강나방(발생추정면적),0.0
2025,6,1,1,화순군,멸강나방(감수율),0.0
2025,6,1,1,화순군,멸강나방(피해율),0.0
2025,6,1,1,화순군,멸강나방(발생면적율),0.0
2025,6,1,1,화순군,먹노린재(발생추정면적),0.0
2025,6,1,1,화순군,먹노린재(감수율),0.0
2025,6,1,1,화순군,먹노린재(피해율),0.0
2025,6,1,1,화순군,먹노린재(발생면적율),0.0
2025,6,1,1,화순군,이화명나방1화기(발생면적),0.0
2025,6,1,1,화순군,이화명나방1화기(감수율),0.0
2025,6,1,1,화순군,이화명나방1화기(피해율),0.0
2025,6,1,1,화순군,이화명나방1화기(발생면적률),0.0
2025,6,1,1,화순군,이화명나방2화기(발생면적),0.0
2025,6,1,1,화순군,이화명나방2화기(감수율),0.0
2025,6,1,1,화순군,이화명나방2화기(피해율),0.0
2025,6,1,1,화순군,이화명나방2화기(발생면적률),0.0
2025,6,1,1,화순군,바이러스병(발생추정면적),0.0
2025,6,1,1,화순군,바이러스병(감수율),0.0
2025,6,1,1,화순군,바이러스병(피해율),0.0
2025,6,1,1,화순군,바이러스병(발생면적율),0.0
2025,6,1,1,화순군,키다리병(발생추정면적),0.0
2025,6,1,1,화순군,키다리병(감수율),0.0
2025,6,1,1,화순군,키다리병(피해율),0.0
2025,6,1,1,화순군,키다리병(발생면적율),0.0
2025,6,1,1,화순군,이화명나방(발생추정면적),0.0
2025,6,1,1,화순군,이화명나방(감수율),0.0
2025,6,1,1,화순군,이화명나방(피해율),0.0
2025,6,1,1,화순군,이화명나방(발생면적율),0.0
2025,6,1,1,화순군,벼애나방(발생추정면적),0.0
2025,6,1,1,화순군,벼애나방(감수율),0.0
2025,6,1,1,화순군,벼애나방(피해율),0.0
2025,6,1,1,화순군,벼애나방(발생면적율),0.0
2025,6,1,1,화순군,벼잎선충(발생추정면적),0.0
2025,6,1,1,화순군,벼잎선충(감수율),0.0
2025,6,1,1,화순군,벼잎선충(피해율),0.0
2025,6,1,1,화순군,벼잎선충(발생면적율),0.0
2025,9,16,8,강진군,잎도열병(발생추정면적),0.0
2025,9,16,8,강진군,잎도열병(감수율),0.0
2025,9,16,8,강진군,잎도열병(피해율),0.0
2025,9,16,8,강진군,잎도열병(발생면적율),0.0
2025,9,16,8,강진군,이삭도열병(발생추정면적),0.0
2025,9,16,8,강진군,이삭도열병(감수율),0.0
2025,9,16,8,강진군,이삭도열병(피해율),0.0
2025,9,16,8,강진군,이삭도열병(발생면적율),0.0
2025,9,16,8,강진군,잎집무늬마름병(발생추정면적),0.0
2025,9,16,8,강진군,잎집무늬마름병(감수율),0.0
2025,9,16,8,강진군,잎집무늬마름병(피해율),0.0
2025,9,16,8,강진군,잎집무늬마름병(발생면적율),0.0
2025,9,16,8,강진군,흰잎마름병(발생추정면적),0.0
2025,9,16,8,강진군,흰잎마름병(감수율),0.0
2025,9,16,8,강진군,흰잎마름병(피해율),0.0
2025,9,16,8,강진군,흰잎마름병(발생면적율),0.0
2025,9,16,8,강진군,세균벼알마름병(발생추정면적),0.0
2025,9,16,8,강진군,세균벼알마름병(감수율),0.0
2025,9,16,8,강진군,세균벼알마름병(피해율),0.0
2025,9,16,8,강진군,세균벼알마름병(발생면적율),0.0
2025,9,16,8,강진군,줄무늬잎마름병(발생면적),0.0
2025,9,16,8,강진군,줄무늬잎마름병(감수율),0.0
2025,9,16,8,강진군,줄무늬잎마름병(피해율),0.0
2025,9,16,8,강진군,줄무늬잎마름병(발생면적률),0.0
2025,9,16,8,강진군,벼검은줄오갈병(발생면적),0.0
2025,9,16,8,강진군,벼검은줄오갈병(감수율),0.0
2025,9,16,8,강진군,벼검은줄오갈병(피해율),0.0
2025,9,16,8,강진군,벼검은줄오갈병(발생면적률),0.0
2025,9,16,8,강진군,오갈병(발생면적),0.0
2025,9,16,8,강진군,오갈병(감수율),0.0
2025,9,16,8,강진군,오갈병(피해율),0.0
2025,9,16,8,강진군,오갈병(발생면적률),0.0
2025,9,16,8,강진군,이삭누룩병(발생추정면적),0.0
2025,9,16,8,강진군,이삭누룩병(감수율),0.0
2025,9,16,8,강진군,이삭누룩병(피해율),0.0
2025,9,16,8,강진군,이삭누룩병(발생면적율),0.0
2025,9,16,8,강진군,깨씨무늬병(발생추정면적),0.0
2025,9,16,8,강진군,깨씨무늬병(감수율),0.0
2025,9,16,8,강진군,깨씨무늬병(피해율),0.0
2025,9,16,8,강진군,깨씨무늬병(발생면적율),0.0
2025,9,16,8,강진군,벼잎벌레(발생추정면적),0.0
2025,9,16,8,강진군,벼잎벌레(감수율),0.0
2025,9,16,8,강진군,벼잎벌레(피해율),0.0
2025,9,16,8,강진군,벼잎벌레(발생면적율),0.0
2025,9,16,8,강진군,벼애잎굴파리(발생추정면적),0.0
2025,9,16,8,강진군,벼애잎굴파리(감수율),0.0
2025,9,16,8,강진군,벼애잎굴파리(피해율),0.0
2025,9,16,8,강진군,벼애잎굴파리(발생면적율),0.0
2025,9,16,8,강진군,벼줄기굴파리(발생추정면적),0.0
2025,9,16,8,강진군,벼줄기굴파리(감수율),0.0
2025,9,16,8,강진군,벼줄기굴파리(피해율),0.0
2025,9,16,8,강진군,벼줄기굴파리(발생면적율),0.0
2025,9,16,8,강진군,애멸구(발생추정면적),0.0
2025,9,16,8,강진군,애멸구(감수율),0.0
2025,9,16,8,강진군,애멸구(피해율),0.0
2025,9,16,8,강진군,애멸구(발생면적율),0.0
2025,9,16,8,강진군,끝동매미충(발생추정면적),0.0
2025,9,16,8,강진군,끝동매미충(감수율),0.0
2025,9,16,8,강진군,끝동매미충(피해율),0.0
2025,9,16,8,강진군,끝동매미충(발생면적율),0.0
2025,9,16,8,강진군,벼멸구(발생추정면적),0.0
2025,9,16,8,강진군,벼멸구(감수율),0.0
2025,9,16,8,강진군,벼멸구(피해율),0.0
2025,9,16,8,강진군,벼멸구(발생면적율),0.0
2025,9,16,8,강진군,흰등멸구(발생추정면적),0.0
2025,9,16,8,강진군,흰등멸구(감수율),0.0
2025,9,16,8,강진군,흰등멸구(피해율),0.0
2025,9,16,8,강진군,흰등멸구(발생면적율),0.0
2025,9,16,8,강진군,벼물바구미(발생추정면적),0.0
2025,9,16,8,강진군,벼물바구미(감수율),0.0
2025,9,16,8,강진군,벼물바구미(피해율),0.0
2025,9,16,8,강진군,벼물바구미(발생면적율),0.0
2025,9,16,8,강진군,혹명나방(발생추정면적),0.0
2025,9,16,8,강진군,혹명나방(감수율),0.0
2025,9,16,8,강진군,혹명나방(피해율),0.0
2025,9,16,8,강진군,혹명나방(발생면적율),0.0
2025,9,16,8,강진군,멸강나방(발생추정면적),0.0
2025,9,16,8,강진군,멸강나방(감수율),0.0
2025,9,16,8,강진군,멸강나방(피해율),0.0
2025,9,16,8,강진군,멸강나방(발생면적율),0.0
2025,9,16,8,강진군,먹노린재(발생추정면적),0.0
2025,9,16,8,강진군,먹노린재(감수율),0.0
2025,9,16,8,강진군,먹노린재(피해율),0.0
2025,9,16,8,강진군,먹노린재(발생면적율),0.0
2025,9,16,8,강진군,이화명나방1화기(발생면적),0.0
2025,9,16,8,강진군,이화명나방1화기(감수율),0.0
2025,9,16,8,강진군,이화명나방1화기(피해율),0.0
2025,9,16,8,강진군,이화명나방1화기(발생면적률),0.0
2025,9,16,8,강진군,이화명나방2화기(발생면적),0.0
2025,9,16,8,강진군,이화명나방2화기(감수율),0.0
2025,9,16,8,강진군,이화명나방2화기(피해율),0.0
2025,9,16,8,강진군,이화명나방2화기(발생면적률),0.0
2025,9,16,8,강진군,바이러스병(발생추정면적),0.0
2025,9,16,8,강진군,바이러스병(감수율),0.0
2025,9,16,8,강진군,바이러스병(피해율),0.0
2025,9,16,8,강진군,바이러스병(발생면적율),0.0
2025,9,16,8,강진군,키다리병(발생추정면적),0.0
2025,9,16,8,강진군,키다리병(감수율),0.0
2025,9,16,8,강진군,키다리병(피해율),0.0
2025,9,16,8,강진군,키다리병(발생면적율),0.0
2025,9,16,8,강진군,이화명나방(발생추정면적),0.0
2025,9,16,8,강진군,이화명나방(감수율),0.0
2025,9,16,8,강진군,이화명나방(피해율),0.0
2025,9,16,8,강진군,이화명나방(발생면적율),0.0
2025,9,16,8,강진군,벼애나방(발생추정면적),0.0
2025,9,16,8,강진군,벼애나방(감수율),0.0
2025,9,16,8,강진군,벼애나방(피해율),0.0
2025,9,16,8,강진군,벼애나방(발생면적율),0.0
2025,9,16,8,강진군,벼잎선충(발생추정면적),0.0
2025,9,16,8,강진군,벼잎선충(감수율),0.0
2025,9,16,8,강진군,벼잎선충(피해율),0.0
2025,9,16,8,강진군,벼잎선충(발생면적율),0.0
2025,9,16,8,고흥군,잎도열병(발생추정면적),0.0
2025,9,16,8,고흥군,잎도열병(감수율),0.0
2025,9,16,8,고흥군,잎도열병(피해율),0.0
2025,9,16,8,고흥군,잎도열병(발생면적율),0.0
2025,9,16,8,고흥군,이삭도열병(발생추정면적),0.0
2025,9,16,8,고흥군,이삭도열병(감수율),0.0
2025,9,16,8,고흥군,이삭도열병(피해율),0.0
2025,9,16,8,고흥군,이삭도열병(발생면적율),0.0
2025,9,16,8,고흥군,잎집무늬마름병(발생추정면적),0.0
2025,9,16,8,고흥군,잎집무늬마름병(감수율),0.0
2025,9,16,8,고흥군,잎집무늬마름병(피해율),0.0
2025,9,16,8,고흥군,잎집무늬마름병(발생면적율),0.0
2025,9,16,8,고흥군,흰잎마름병(발생추정면적),0.0
2025,9,16,8,고흥군,흰잎마름병(감수율),0.0
2025,9,16,8,고흥군,흰잎마름병(피해율),0.0
2025,9,16,8,고흥군,흰잎마름병(발생면적율),0.0
2025,9,16,8,고흥군,세균벼알마름병(발생추정면적),0.0
2025,9,16,8,고흥군,세균벼알마름병(감수율),0.0
2025,9,16,8,고흥군,세균벼알마름병(피해율),0.0
2025,9,16,8,고흥군,세균벼알마름병(발생면적율),0.0
2025,9,16,8,고흥군,줄무늬잎마름병(발생면적),0.0
2025,9,16,8,고흥군,줄무늬잎마름병(감수율),0.0
2025,9,16,8,고흥군,줄무늬잎마름병(피해율),0.0
2025,9,16,8,고흥군,줄무늬잎마름병(발생면적률),0.0
2025,9,16,8,고흥군,벼검은줄오갈병(발생면적),0.0
2025,9,16,8,고흥군,벼검은줄오갈병(감수율),0.0
2025,9,16,8,고흥군,벼검은줄오갈병(피해율),0.0
2025,9,16,8,고흥군,벼검은줄오갈병(발생면적률),0.0
2025,9,16,8,고흥군,오갈병(발생면적),0.0
2025,9,16,8,고흥군,오갈병(감수율),0.0
2025,9,16,8,고흥군,오갈병(피해율),0.0
2025,9,16,8,고흥군,오갈병(발생면적률),0.0
2025,9,16,8,고흥군,이삭누룩병(발생추정면적),0.0
2025,9,16,8,고흥군,이삭누룩병(감수율),0.0
2025,9,16,8,고흥군,이삭누룩병(피해율),0.0
2025,9,16,8,고흥군,이삭누룩병(발생면적율),0.0
2025,9,16,8,고흥군,깨씨무늬병(발생추정면적),0.0
2025,9,16,8,고흥군,깨씨무늬병(감수율),0.0
2025,9,16,8,고흥군,깨씨무늬병(피해율),0.0
2025,9,16,8,고흥군,깨씨무늬병(발생면적율),0.0
2025,9,16,8,고흥군,벼잎벌레(발생추정면적),0.0
2025,9,16,8,고흥군,벼잎벌레(감수율),0.0
2025,9,16,8,고흥군,벼잎벌레(피해율),0.0
2025,9,16,8,고흥군,벼잎벌레(발생면적율),0.0
2025,9,16,8,고흥군,벼애잎굴파리(발생추정면적),0.0
2025,9,16,8,고흥군,벼애잎굴파리(감수율),0.0
2025,9,16,8,고흥군,벼애잎굴파리(피해율),0.0
2025,9,16,8,고흥군,벼애잎굴파리(발생면적율),0.0
2025,9,16,8,고흥군,벼줄기굴파리(발생추정면적),0.0
2025,9,16,8,고흥군,벼줄기굴파리(감수율),0.0
2025,9,16,8,고흥군,벼줄기굴파리(피해율),0.0
2025,9,16,8,고흥군,벼줄기굴파리(발생면적율),0.0
2025,9,16,8,고흥군,애멸구(발생추정면적),0.0
2025,9,16,8,고흥군,애멸구(감수율),0.0
2025,9,16,8,고흥군,애멸구(피해율),0.0
2025,9,16,8,고흥군,애멸구(발생면적율),0.0
2025,9,16,8,고흥군,끝동매미충(발생추정면적),0.0
2025,9,16,8,고흥군,끝동매미충(감수율),0.0
2025,9,16,8,고흥군,끝동매미충(피해율),0.0
2025,9,16,8,고흥군,끝동매미충(발생면적율),0.0
2025,9,16,8,고흥군,벼멸구(발생추정면적),0.0
2025,9,16,8,고흥군,벼멸구(감수율),0.0
2025,9,16,8,고흥군,벼멸구(피해율),0.0
2025,9,16,8,고흥군,벼멸구(발생면적율),0.0
2025,9,16,8,고흥군,흰등멸구(발생추정면적),0.0
2025,9,16,8,고흥군,흰등멸구(감수율),0.0
2025,9,16,8,고흥군,흰등멸구(피해율),0.0
2025,9,16,8,고흥군,흰등멸구(발생면적율),0.0
2025,9,16,8,고흥군,벼물바구미(발생추정면적),0.0
2025,9,16,8,고흥군,벼물바구미(감수율),0.0
2025,9,16,8,고흥군,벼물바구미(피해율),0.0
2025,9,16,8,고흥군,벼물바구미(발생면적율),0.0
2025,9,16,8,고흥군,혹명나방(발생추정면적),0.0
2025,9,16,8,고흥군,혹명나방(감수율),0.0
2025,9,16,8,고흥군,혹명나방(피해율),0.0
2025,9,16,8,고흥군,혹명나방(발생면적율),0.0
2025,9,16,8,고흥군,멸강나방(발생추정면적),0.0
2025,9,16,8,고흥군,멸강나방(감수율),0.0
2025,9,16,8,고흥군,멸강나방(피해율),0.0
2025,9,16,8,고흥군,멸강나방(발생면적율),0.0
2025,9,16,8,고흥군,먹노린재(발생추정면적),0.0
2025,9,16,8,고흥군,먹노린재(감수율),0.0
2025,9,16,8,고흥군,먹노린재(피해율),0.0
2025,9,16,8,고흥군,먹노린재(발생면적율),0.0
2025,9,16,8,고흥군,이화명나방1화기(발생면적),0.0
2025,9,16,8,고흥군,이화명나방1화기(감수율),0.0
2025,9,16,8,고흥군,이화명나방1화기(피해율),0.0
2025,9,16,8,고흥군,이화명나방1화기(발생면적률),0.0
2025,9,16,8,고흥군,이화명나방2화기(발생면적),0.0
2025,9,16,8,고흥군,이화명나방2화기(감수율),0.0
2025,9,16,8,고흥군,이화명나방2화기(피해율),0.0
2025,9,16,8,고흥군,이화명나방2화기(발생면적률),0.0
2025,9,16,8,고흥군,바이러스병(발생추정면적),0.0
2025,9,16,8,고흥군,바이러스병(감수율),0.0
2025,9,16,8,고흥군,바이러스병(피해율),0.0
2025,9,16,8,고흥군,바이러스병(발생면적율),0.0
2025,9,16,8,고흥군,키다리병(발생추정면적),0.0
2025,9,16,8,고흥군,키다리병(감수율),0.0
2025,9,16,8,고흥군,키다리병(피해율),0.0
2025,9,16,8,고흥군,키다리병(발생면적율),0.0
2025,9,16,8,고흥군,이화명나방(발생추정면적),0.0
2025,9,16,8,고흥군,이화명나방(감수율),0.0
2025,9,16,8,고흥군,이화명나방(피해율),0.0
2025,9,16,8,고흥군,이화명나방(발생면적율),0.0
2025,9,16,8,고흥군,벼애나방(발생추정면적),0.0
2025,9,16,8,고흥군,벼애나방(감수율),0.0
2025,9,16,8,고흥군,벼애나방(피해율),0.0
2025,9,16,8,고흥군,벼애나방(발생면적율),0.0
2025,9,16,8,고흥군,벼잎선충(발생추정면적),0.0
2025,9,16,8,고흥군,벼잎선충(감수율),0.0
2025,9,16,8,고흥군,벼잎선충(피해율),0.0
2025,9,16,8,고흥군,벼잎선충(발생면적율),0.0
2025,9,16,8,곡성군,잎도열병(발생추정면적),0.0
2025,9,16,8,곡성군,잎도열병(감수율),0.0
2025,9,16,8,곡성군,잎도열병(피해율),0.0
2025,9,16,8,곡성군,잎도열병(발생면적율),0.0
2025,9,16,8,곡성군,이삭도열병(발생추정면적),0.0
2025,9,16,8,곡성군,이삭도열병(감수율),0.0
2025,9,16,8,곡성군,이삭도열병(피해율),0.0
2025,9,16,8,곡성군,이삭도열병(발생면적율),0.0
2025,9,16,8,곡성군,잎집무늬마름병(발생추정면적),0.0
2025,9,16,8,곡성군,잎집무늬마름병(감수율),0.0
2025,9,16,8,곡성군,잎집무늬마름병(피해율),0.0
2025,9,16,8,곡성군,잎집무늬마름병(발생면적율),0.0
2025,9,16,8,곡성군,흰잎마름병(발생추정면적),0.0
2025,9,16,8,곡성군,흰잎마름병(감수율),0.0
2025,9,16,8,곡성군,흰잎마름병(피해율),0.0
2025,9,16,8,곡성군,흰잎마름병(발생면적율),0.0
2025,9,16,8,곡성군,세균벼알마름병(발생추정면적),0.0
2025,9,16,8,곡성군,세균벼알마름병(감수율),0.0
2025,9,16,8,곡성군,세균벼알마름병(피해율),0.0
2025,9,16,8,곡성군,세균벼알마름병(발생면적율),0.0
2025,9,16,8,곡성군,줄무늬잎마름병(발생면적),0.0
2025,9,16,8,곡성군,줄무늬잎마름병(감수율),0.0
2025,9,16,8,곡성군,줄무늬잎마름병(피해율),0.0
2025,9,16,8,곡성군,줄무늬잎마름병(발생면적률),0.0
2025,9,16,8,곡성군,벼검은줄오갈병(발생면적),0.0
2025,9,16,8,곡성군,벼검은줄오갈병(감수율),0.0
2025,9,16,8,곡성군,벼검은줄오갈병(피해율),0.0
2025,9,16,8,곡성군,벼검은줄오갈병(발생면적률),0.0
2025,9,16,8,곡성군,오갈병(발생면적),0.0
2025,9,16,8,곡성군,오갈병(감수율),0.0
2025,9,16,8,곡성군,오갈병(피해율),0.0
2025,9,16,8,곡성군,오갈병(발생면적률),0.0
2025,9,16,8,곡성군,이삭누룩병(발생추정면적),0.0
2025,9,16,8,곡성군,이삭누룩병(감수율),0.0
2025,9,16,8,곡성군,이삭누룩병(피해율),0.0
2025,9,16,8,곡성군,이삭누룩병(발생면적율),0.0
2025,9,16,8,곡성군,깨씨무늬병(발생추정면적),0.0
2025,9,16,8,곡성군,깨씨무늬병(감수율),0.0
2025,9,16,8,곡성군,깨씨무늬병(피해율),0.0
2025,9,16,8,곡성군,깨씨무늬병(발생면적율),0.0
2025,9,16,8,곡성군,벼잎벌레(발생추정면적),0.0
2025,9,16,8,곡성군,벼잎벌레(감수율),0.0
2025,9,16,8,곡성군,벼잎벌레(피해율),0.0
2025,9,16,8,곡성군,벼잎벌레(발생면적율),0.0
2025,9,16,8,곡성군,벼애잎굴파리(발생추정면적),0.0
2025,9,16,8,곡성군,벼애잎굴파리(감수율),0.0
2025,9,16,8,곡성군,벼애잎굴파리(피해율),0.0
2025,9,16,8,곡성군,벼애잎굴파리(발생면적율),0.0
2025,9,16,8,곡성군,벼줄기굴파리(발생추정면적),0.0
2025,9,16,8,곡성군,벼줄기굴파리(감수율),0.0
2025,9,16,8,곡성군,벼줄기굴파리(피해율),0.0
2025,9,16,8,곡성군,벼줄기굴파리(발생면적율),0.0
2025,9,16,8,곡성군,애멸구(발생추정면적),0.0
2025,9,16,8,곡성군,애멸구(감수율),0.0
2025,9,16,8,곡성군,애멸구(피해율),0.0
2025,9,16,8,곡성군,애멸구(발생면적율),0.0
2025,9,16,8,곡성군,끝동매미충(발생추정면적),0.0
2025,9,16,8,곡성군,끝동매미충(감수율),0.0
2025,9,16,8,곡성군,끝동매미충(피해율),0.0
2025,9,16,8,곡성군,끝동매미충(발생면적율),0.0
2025,9,16,8,곡성군,벼멸구(발생추정면적),0.0
2025,9,16,8,곡성군,벼멸구(감수율),0.0
2025,9,16,8,곡성군,벼멸구(피해율),0.0
2025,9,16,8,곡성군,벼멸구(발생면적율),0.0
2025,9,16,8,곡성군,흰등멸구(발생추정면적),0.0
2025,9,16,8,곡성군,흰등멸구(감수율),0.0
2025,9,16,8,곡성군,흰등멸구(피해율),0.0
2025,9,16,8,곡성군,흰등멸구(발생면적율),0.0
2025,9,16,8,곡성군,벼물바구미(발생추정면적),0.0
2025,9,16,8,곡성군,벼물바구미(감수율),0.0
2025,9,16,8,곡성군,벼물바구미(피해율),0.0
2025,9,16,8,곡성군,벼물바구미(발생면적율),0.0
2025,9,16,8,곡성군,혹명나방(발생추정면적),0.0
2025,9,16,8,곡성군,혹명나방(감수율),0.0
2025,9,16,8,곡성군,혹명나방(피해율),0.0
2025,9,16,8,곡성군,혹명나방(발생면적율),0.0
2025,9,16,8,곡성군,멸강나방(발생추정면적),0.0
2025,9,16,8,곡성군,멸강나방(감수율),0.0
2025,9,16,8,곡성군,멸강나방(피해율),0.0
2025,9,16,8,곡성군,멸강나방(발생면적율),0.0
2025,9,16,8,곡성군,먹노린재(발생추정면적),0.0
2025,9,16,8,곡성군,먹노린재(감수율),0.0
2025,9,16,8,곡성군,먹노린재(피해율),0.0
2025,9,16,8,곡성군,먹노린재(발생면적율),0.0
2025,9,16,8,곡성군,이화명나방1화기(발생면적),0.0
2025,9,16,8,곡성군,이화명나방1화기(감수율),0.0
2025,9,16,8,곡성군,이화명나방1화기(피해율),0.0
2025,9,16,8,곡성군,이화명나방1화기(발생면적률),0.0
2025,9,16,8,곡성군,이화명나방2화기(발생면적),0.0
2025,9,16,8,곡성군,이화명나방2화기(감수율),0.0
2025,9,16,8,곡성군,이화명나방2화기(피해율),0.0
2025,9,16,8,곡성군,이화명나방2화기(발생면적률),0.0
2025,9,16,8,곡성군,바이러스병(발생추정면적),0.0
2025,9,16,8,곡성군,바이러스병(감수율),0.0
2025,9,16,8,곡성군,바이러스병(피해율),0.0
2025,9,16,8,곡성군,바이러스병(발생면적율),0.0
2025,9,16,8,곡성군,키다리병(발생추정면적),0.0
2025,9,16,8,곡성군,키다리병(감수율),0.0
2025,9,16,8,곡성군,키다리병(피해율),0.0
2025,9,16,8,곡성군,키다리병(발생면적율),0.0
2025,9,16,8,곡성군,이화명나방(발생추정면적),0.0
2025,9,16,8,곡성군,이화명나방(감수율),0.0
2025,9,16,8,곡성군,이화명나방(피해율),0.0
2025,9,16,8,곡성군,이화명나방(발생면적율),0.0
2025,9,16,8,곡성군,벼애나방(발생추정면적),0.0
2025,9,16,8,곡성군,벼애나방(감수율),0.0
2025,9,16,8,곡성군,벼애나방(피해율),0.0
2025,9,16,8,곡성군,벼애나방(발생면적율),0.0
2025,9,16,8,곡성군,벼잎선충(발생추정면적),0.0
2025,9,16,8,곡성군,벼잎선충(감수율),0.0
2025,9,16,8,곡성군,벼잎선충(피해율),0.0
2025,9,16,8,곡성군,벼잎선충(발생면적율),0.0
2025,9,16,8,광양시,잎도열병(발생추정면적),0.0
2025,9,16,8,광양시,잎도열병(감수율),0.0
2025,9,16,8,광양시,잎도열병(피해율),0.0
2025,9,16,8,광양시,잎도열병(발생면적율),0.0
2025,9,16,8,광양시,이삭도열병(발생추정면적),0.0
2025,9,16,8,광양시,이삭도열병(감수율),0.0
2025,9,16,8,광양시,이삭도열병(피해율),0.0
2025,9,16,8,광양시,이삭도열병(발생면적율),0.0
2025,9,16,8,광양시,잎집무늬마름병(발생추정면적),0.0
2025,9,16,8,광양시,잎집무늬마름병(감수율),0.0
2025,9,16,8,광양시,잎집무늬마름병(피해율),0.0
2025,9,16,8,광양시,잎집무늬마름병(발생면적율),0.0
2025,9,16,8,광양시,흰잎마름병(발생추정면적),0.0
2025,9,16,8,광양시,흰잎마름병(감수율),0.0
2025,9,16,8,광양시,흰잎마름병(피해율),0.0
2025,9,16,8,광양시,흰잎마름병(발생면적율),0.0
2025,9,16,8,광양시,세균벼알마름병(발생추정면적),0.0
2025,9,16,8,광양시,세균벼알마름병(감수율),0.0
2025,9,16,8,광양시,세균벼알마름병(피해율),0.0
2025,9,16,8,광양시,세균벼알마름병(발생면적율),0.0
2025,9,16,8,광양시,줄무늬잎마름병(발생면적),0.0
2025,9,16,8,광양시,줄무늬잎마름병(감수율),0.0
2025,9,16,8,광양시,줄무늬잎마름병(피해율),0.0
2025,9,16,8,광양시,줄무늬잎마름병(발생면적률),0.0
2025,9,16,8,광양시,벼검은줄오갈병(발생면적),0.0
2025,9,16,8,광양시,벼검은줄오갈병(감수율),0.0
2025,9,16,8,광양시,벼검은줄오갈병(피해율),0.0
2025,9,16,8,광양시,벼검은줄오갈병(발생면적률),0.0
2025,9,16,8,광양시,오갈병(발생면적),0.0
2025,9,16,8,광양시,오갈병(감수율),0.0
2025,9,16,8,광양시,오갈병(피해율),0.0
2025,9,16,8,광양시,오갈병(발생면적률),0.0
2025,9,16,8,광양시,이삭누룩병(발생추정면적),0.0
2025,9,16,8,광양시,이삭누룩병(감수율),0.0
2025,9,16,8,광양시,이삭누룩병(피해율),0.0
2025,9,16,8,광양시,이삭누룩병(발생면적율),0.0
2025,9,16,8,광양시,깨씨무늬병(발생추정면적),0.0
2025,9,16,8,광양시,깨씨무늬병(감수율),0.0
2025,9,16,8,광양시,깨씨무늬병(피해율),0.0
2025,9,16,8,광양시,깨씨무늬병(발생면적율),0.0
2025,9,16,8,광양시,벼잎벌레(발생추정면적),0.0
2025,9,16,8,광양시,벼잎벌레(감수율),0.0
2025,9,16,8,광양시,벼잎벌레(피해율),0.0
2025,9,16,8,광양시,벼잎벌레(발생면적율),0.0
2025,9,16,8,광양시,벼애잎굴파리(발생추정면적),0.0
2025,9,16,8,광양시,벼애잎굴파리(감수율),0.0
2025,9,16,8,광양시,벼애잎굴파리(피해율),0.0
2025,9,16,8,광양시,벼애잎굴파리(발생면적율),0.0
2025,9,16,8,광양시,벼줄기굴파리(발생추정면적),0.0
2025,9,16,8,광양시,벼줄기굴파리(감수율),0.0
2025,9,16,8,광양시,벼줄기굴파리(피해율),0.0
2025,9,16,8,광양시,벼줄기굴파리(발생면적율),0.0
2025,9,16,8,광양시,애멸구(발생추정면적),0.0
2025,9,16,8,광양시,애멸구(감수율),0.0
2025,9,16,8,광양시,애멸구(피해율),0.0
2025,9,16,8,광양시,애멸구(발생면적율),0.0
2025,9,16,8,광양시,끝동매미충(발생추정면적),0.0
2025,9,16,8,광양시,끝동매미충(감수율),0.0
2025,9,16,8,광양시,끝동매미충(피해율),0.0
2025,9,16,8,광양시,끝동매미충(발생면적율),0.0
2025,9,16,8,광양시,벼멸구(발생추정면적),0.0
2025,9,16,8,광양시,벼멸구(감수율),0.0
2025,9,16,8,광양시,벼멸구(피해율),0.0
2025,9,16,8,광양시,벼멸구(발생면적율),0.0
2025,9,16,8,광양시,흰등멸구(발생추정면적),0.0
2025,9,16,8,광양시,흰등멸구(감수율),0.0
2025,9,16,8,광양시,흰등멸구(피해율),0.0
2025,9,16,8,광양시,흰등멸구(발생면적율),0.0
2025,9,16,8,광양시,벼물바구미(발생추정면적),0.0
2025,9,16,8,광양시,벼물바구미(감수율),0.0
2025,9,16,8,광양시,벼물바구미(피해율),0.0
2025,9,16,8,광양시,벼물바구미(발생면적율),0.0
2025,9,16,8,광양시,혹명나방(발생추정면적),0.0
2025,9,16,8,광양시,혹명나방(감수율),0.0
2025,9,16,8,광양시,혹명나방(피해율),0.0
2025,9,16,8,광양시,혹명나방(발생면적율),0.0
2025,9,16,8,광양시,멸강나방(발생추정면적),0.0
2025,9,16,8,광양시,멸강나방(감수율),0.0
2025,9,16,8,광양시,멸강나방(피해율),0.0
2025,9,16,8,광양시,멸강나방(발생면적율),0.0
2025,9,16,8,광양시,먹노린재(발생추정면적),0.0
2025,9,16,8,광양시,먹노린재(감수율),0.0
2025,9,16,8,광양시,먹노린재(피해율),0.0
2025,9,16,8,광양시,먹노린재(발생면적율),0.0
2025,9,16,8,광양시,이화명나방1화기(발생면적),0.0
2025,9,16,8,광양시,이화명나방1화기(감수율),0.0
2025,9,16,8,광양시,이화명나방1화기(피해율),0.0
2025,9,16,8,광양시,이화명나방1화기(발생면적률),0.0
2025,9,16,8,광양시,이화명나방2화기(발생면적),0.0
2025,9,16,8,광양시,이화명나방2화기(감수율),0.0
2025,9,16,8,광양시,이화명나방2화기(피해율),0.0
2025,9,16,8,광양시,이화명나방2화기(발생면적률),0.0
2025,9,16,8,광양시,바이러스병(발생추정면적),0.0
2025,9,16,8,광양시,바이러스병(감수율),0.0
2025,9,16,8,광양시,바이러스병(피해율),0.0
2025,9,16,8,광양시,바이러스병(발생면적율),0.0
2025,9,16,8,광양시,키다리병(발생추정면적),0.0
2025,9,16,8,광양시,키다리병(감수율),0.0
2025,9,16,8,광양시,키다리병(피해율),0.0
2025,9,16,8,광양시,키다리병(발생면적율),0.0
2025,9,16,8,광양시,이화명나방(발생추정면적),0.0
2025,9,16,8,광양시,이화명나방(감수율),0.0
2025,9,16,8,광양시,이화명나방(피해율),0.0
2025,9,16,8,광양시,이화명나방(발생면적율),0.0
2025,9,16,8,광양시,벼애나방(발생추정면적),0.0
2025,9,16,8,광양시,벼애나방(감수율),0.0
2025,9,16,8,광양시,벼애나방(피해율),0.0
2025,9,16,8,광양시,벼애나방(발생면적율),0.0
2025,9,16,8,광양시,벼잎선충(발생추정면적),0.0
2025,9,16,8,광양시,벼잎선충(감수율),0.0
2025,9,16,8,광양시,벼잎선충(피해율),0.0
2025,9,16,8,광양시,벼잎선충(발생면적율),0.0
2025,9,16,8,구례군,잎도열병(발생추정면적),0.0
2025,9,16,8,구례군,잎도열병(감수율),0.0
2025,9,16,8,구례군,잎도열병(피해율),0.0
2025,9,16,8,구례군,잎도열병(발생면적율),0.0
2025,9,16,8,구례군,이삭도열병(발생추정면적),0.0
2025,9,16,8,구례군,이삭도열병(감수율),0.0
2025,9,16,8,구례군,이삭도열병(피해율),0.0
2025,9,16,8,구례군,이삭도열병(발생면적율),0.0
2025,9,16,8,구례군,잎집무늬마름병(발생추정면적),0.0
2025,9,16,8,구례군,잎집무늬마름병(감수율),0.0
2025,9,16,8,구례군,잎집무늬마름병(피해율),0.0
2025,9,16,8,구례군,잎집무늬마름병(발생면적율),0.0
2025,9,16,8,구례군,흰잎마름병(발생추정면적),0.0
2025,9,16,8,구례군,흰잎마름병(감수율),0.0
2025,9,16,8,구례군,흰잎마름병(피해율),0.0
2025,9,16,8,구례군,흰잎마름병(발생면적율),0.0
2025,9,16,8,구례군,세균벼알마름병(발생추정면적),0.0
2025,9,16,8,구례군,세균벼알마름병(감수율),0.0
2025,9,16,8,구례군,세균벼알마름병(피해율),0.0
2025,9,16,8,구례군,세균벼알마름병(발생면적율),0.0
2025,9,16,8,구례군,줄무늬잎마름병(발생면적),0.0
2025,9,16,8,구례군,줄무늬잎마름병(감수율),0.0
2025,9,16,8,구례군,줄무늬잎마름병(피해율),0.0
2025,9,16,8,구례군,줄무늬잎마름병(발생면적률),0.0
2025,9,16,8,구례군,벼검은줄오갈병(발생면적),0.0
2025,9,16,8,구례군,벼검은줄오갈병(감수율),0.0
2025,9,16,8,구례군,벼검은줄오갈병(피해율),0.0
2025,9,16,8,구례군,벼검은줄오갈병(발생면적률),0.0
2025,9,16,8,구례군,오갈병(발생면적),0.0
2025,9,16,8,구례군,오갈병(감수율),0.0
2025,9,16,8,구례군,오갈병(피해율),0.0
2025,9,16,8,구례군,오갈병(발생면적률),0.0
2025,9,16,8,구례군,이삭누룩병(발생추정면적),0.0
2025,9,16,8,구례군,이삭누룩병(감수율),0.0
2025,9,16,8,구례군,이삭누룩병(피해율),0.0
2025,9,16,8,구례군,이삭누룩병(발생면적율),0.0
2025,9,16,8,구례군,깨씨무늬병(발생추정면적),0.0
2025,9,16,8,구례군,깨씨무늬병(감수율),0.0
2025,9,16,8,구례군,깨씨무늬병(피해율),0.0
2025,9,16,8,구례군,깨씨무늬병(발생면적율),0.0
2025,9,16,8,구례군,벼잎벌레(발생추정면적),0.0
2025,9,16,8,구례군,벼잎벌레(감수율),0.0
2025,9,16,8,구례군,벼잎벌레(피해율),0.0
2025,9,16,8,구례군,벼잎벌레(발생면적율),0.0
2025,9,16,8,구례군,벼애잎굴파리(발생추정면적),0.0
2025,9,16,8,구례군,벼애잎굴파리(감수율),0.0
2025,9,16,8,구례군,벼애잎굴파리(피해율),0.0
2025,9,16,8,구례군,벼애잎굴파리(발생면적율),0.0
2025,9,16,8,구례군,벼줄기굴파리(발생추정면적),0.0
2025,9,16,8,구례군,벼줄기굴파리(감수율),0.0
2025,9,16,8,구례군,벼줄기굴파리(피해율),0.0
2025,9,16,8,구례군,벼줄기굴파리(발생면적율),0.0
2025,9,16,8,구례군,애멸구(발생추정면적),0.0
2025,9,16,8,구례군,애멸구(감수율),0.0
2025,9,16,8,구례군,애멸구(피해율),0.0
2025,9,16,8,구례군,애멸구(발생면적율),0.0
2025,9,16,8,구례군,끝동매미충(발생추정면적),0.0
2025,9,16,8,구례군,끝동매미충(감수율),0.0
2025,9,16,8,구례군,끝동매미충(피해율),0.0
2025,9,16,8,구례군,끝동매미충(발생면적율),0.0
2025,9,16,8,구례군,벼멸구(발생추정면적),0.0
2025,9,16,8,구례군,벼멸구(감수율),0.0
2025,9,16,8,구례군,벼멸구(피해율),0.0
2025,9,16,8,구례군,벼멸구(발생면적율),0.0
2025,9,16,8,구례군,흰등멸구(발생추정면적),0.0
2025,9,16,8,구례군,흰등멸구(감수율),0.0
2025,9,16,8,구례군,흰등멸구(피해율),0.0
2025,9,16,8,구례군,흰등멸구(발생면적율),0.0
2025,9,16,8,구례군,벼물바구미(발생추정면적),0.0
2025,9,16,8,구례군,벼물바구미(감수율),0.0
2025,9,16,8,구례군,벼물바구미(피해율),0.0
2025,9,16,8,구례군,벼물바구미(발생면적율),0.0
2025,9,16,8,구례군,혹명나방(발생추정면적),0.0
2025,9,16,8,구례군,혹명나방(감수율),0.0
2025,9,16,8,구례군,혹명나방(피해율),0.0
2025,9,16,8,구례군,혹명나방(발생면적율),0.0
2025,9,16,8,구례군,멸강나방(발생추정면적),0.0
2025,9,16,8,구례군,멸강나방(감수율),0.0
2025,9,16,8,구례군,멸강나방(피해율),0.0
2025,9,16,8,구례군,멸강나방(발생면적율),0.0
2025,9,16,8,구례군,먹노린재(발생추정면적),0.0
2025,9,16,8,구례군,먹노린재(감수율),0.0
2025,9,16,8,구례군,먹노린재(피해율),0.0
2025,9,16,8,구례군,먹노린재(발생면적율),0.0
2025,9,16,8,구례군,이화명나방1화기(발생면적),0.0
2025,9,16,8,구례군,이화명나방1화기(감수율),0.0
2025,9,16,8,구례군,이화명나방1화기(피해율),0.0
2025,9,16,8,구례군,이화명나방1화기(발생면적률),0.0
2025,9,16,8,구례군,이화명나방2화기(발생면적),0.0
2025,9,16,8,구례군,이화명나방2화기(감수율),0.0
2025,9,16,8,구례군,이화명나방2화기(피해율),0.0
2025,9,16,8,구례군,이화명나방2화기(발생면적률),0.0
2025,9,16,8,구례군,바이러스병(발생추정면적),0.0
2025,9,16,8,구례군,바이러스병(감수율),0.0
2025,9,16,8,구례군,바이러스병(피해율),0.0
2025,9,16,8,구례군,바이러스병(발생면적율),0.0
2025,9,16,8,구례군,키다리병(발생추정면적),0.0
2025,9,16,8,구례군,키다리병(감수율),0.0
2025,9,16,8,구례군,키다리병(피해율),0.0
2025,9,16,8,구례군,키다리병(발생면적율),0.0
2025,9,16,8,구례군,이화명나방(발생추정면적),0.0
2025,9,16,8,구례군,이화명나방(감수율),0.0
2025,9,16,8,구례군,이화명나방(피해율),0.0
2025,9,16,8,구례군,이화명나방(발생면적율),0.0
2025,9,16,8,구례군,벼애나방(발생추정면적),0.0
2025,9,16,8,구례군,벼애나방(감수율),0.0
2025,9,16,8,구례군,벼애나방(피해율),0.0
2025,9,16,8,구례군,벼애나방(발생면적율),0.0
2025,9,16,8,구례군,벼잎선충(발생추정면적),0.0
2025,9,16,8,구례군,벼잎선충(감수율),0.0
2025,9,16,8,구례군,벼잎선충(피해율),0.0
2025,9,16,8,구례군,벼잎선충(발생면적율),0.0
2025,9,16,8,나주시,잎도열병(발생추정면적),0.0
2025,9,16,8,나주시,잎도열병(감수율),0.0
2025,9,16,8,나주시,잎도열병(피해율),0.0
2025,9,16,8,나주시,잎도열병(발생면적율),0.0
2025,9,16,8,나주시,이삭도열병(발생추정면적),0.0
2025,9,16,8,나주시,이삭도열병(감수율),0.0
2025,9,16,8,나주시,이삭도열병(피해율),0.0
2025,9,16,8,나주시,이삭도열병(발생면적율),0.0
2025,9,16,8,나주시,잎집무늬마름병(발생추정면적),0.0
2025,9,16,8,나주시,잎집무늬마름병(감수율),0.0
2025,9,16,8,나주시,잎집무늬마름병(피해율),0.0
2025,9,16,8,나주시,잎집무늬마름병(발생면적율),0.0
2025,9,16,8,나주시,흰잎마름병(발생추정면적),0.0
2025,9,16,8,나주시,흰잎마름병(감수율),0.0
2025,9,16,8,나주시,흰잎마름병(피해율),0.0
2025,9,16,8,나주시,흰잎마름병(발생면적율),0.0
2025,9,16,8,나주시,세균벼알마름병(발생추정면적),0.0
2025,9,16,8,나주시,세균벼알마름병(감수율),0.0
2025,9,16,8,나주시,세균벼알마름병(피해율),0.0
2025,9,16,8,나주시,세균벼알마름병(발생면적율),0.0
2025,9,16,8,나주시,줄무늬잎마름병(발생면적),0.0
2025,9,16,8,나주시,줄무늬잎마름병(감수율),0.0
2025,9,16,8,나주시,줄무늬잎마름병(피해율),0.0
2025,9,16,8,나주시,줄무늬잎마름병(발생면적률),0.0
2025,9,16,8,나주시,벼검은줄오갈병(발생면적),0.0
2025,9,16,8,나주시,벼검은줄오갈병(감수율),0.0
2025,9,16,8,나주시,벼검은줄오갈병(피해율),0.0
2025,9,16,8,나주시,벼검은줄오갈병(발생면적률),0.0
2025,9,16,8,나주시,오갈병(발생면적),0.0
2025,9,16,8,나주시,오갈병(감수율),0.0
2025,9,16,8,나주시,오갈병(피해율),0.0
2025,9,16,8,나주시,오갈병(발생면적률),0.0
2025,9,16,8,나주시,이삭누룩병(발생추정면적),0.0
2025,9,16,8,나주시,이삭누룩병(감수율),0.0
2025,9,16,8,나주시,이삭누룩병(피해율),0.0
2025,9,16,8,나주시,이삭누룩병(발생면적율),0.0
2025,9,16,8,나주시,깨씨무늬병(발생추정면적),0.0
2025,9,16,8,나주시,깨씨무늬병(감수율),0.0
2025,9,16,8,나주시,깨씨무늬병(피해율),0.0
2025,9,16,8,나주시,깨씨무늬병(발생면적율),0.0
2025,9,16,8,나주시,벼잎벌레(발생추정면적),0.0
2025,9,16,8,나주시,벼잎벌레(감수율),0.0
2025,9,16,8,나주시,벼잎벌레(피해율),0.0
2025,9,16,8,나주시,벼잎벌레(발생면적율),0.0
2025,9,16,8,나주시,벼애잎굴파리(발생추정면적),0.0
2025,9,16,8,나주시,벼애잎굴파리(감수율),0.0
2025,9,16,8,나주시,벼애잎굴파리(피해율),0.0
2025,9,16,8,나주시,벼애잎굴파리(발생면적율),0.0
2025,9,16,8,나주시,벼줄기굴파리(발생추정면적),0.0
2025,9,16,8,나주시,벼줄기굴파리(감수율),0.0
2025,9,16,8,나주시,벼줄기굴파리(피해율),0.0
2025,9,16,8,나주시,벼줄기굴파리(발생면적율),0.0
2025,9,16,8,나주시,애멸구(발생추정면적),0.0
2025,9,16,8,나주시,애멸구(감수율),0.0
2025,9,16,8,나주시,애멸구(피해율),0.0
2025,9,16,8,나주시,애멸구(발생면적율),0.0
2025,9,16,8,나주시,끝동매미충(발생추정면적),0.0
2025,9,16,8,나주시,끝동매미충(감수율),0.0
2025,9,16,8,나주시,끝동매미충(피해율),0.0
2025,9,16,8,나주시,끝동매미충(발생면적율),0.0
2025,9,16,8,나주시,벼멸구(발생추정면적),0.0
2025,9,16,8,나주시,벼멸구(감수율),0.0
2025,9,16,8,나주시,벼멸구(피해율),0.0
2025,9,16,8,나주시,벼멸구(발생면적율),0.0
2025,9,16,8,나주시,흰등멸구(발생추정면적),0.0
2025,9,16,8,나주시,흰등멸구(감수율),0.0
2025,9,16,8,나주시,흰등멸구(피해율),0.0
2025,9,16,8,나주시,흰등멸구(발생면적율),0.0
2025,9,16,8,나주시,벼물바구미(발생추정면적),0.0
2025,9,16,8,나주시,벼물바구미(감수율),0.0
2025,9,16,8,나주시,벼물바구미(피해율),0.0
2025,9,16,8,나주시,벼물바구미(발생면적율),0.0
2025,9,16,8,나주시,혹명나방(발생추정면적),0.0
2025,9,16,8,나주시,혹명나방(감수율),0.0
2025,9,16,8,나주시,혹명나방(피해율),0.0
2025,9,16,8,나주시,혹명나방(발생면적율),0.0
2025,9,16,8,나주시,멸강나방(발생추정면적),0.0
2025,9,16,8,나주시,멸강나방(감수율),0.0
2025,9,16,8,나주시,멸강나방(피해율),0.0
2025,9,16,8,나주시,멸강나방(발생면적율),0.0
2025,9,16,8,나주시,먹노린재(발생추정면적),0.0
2025,9,16,8,나주시,먹노린재(감수율),0.0
2025,9,16,8,나주시,먹노린재(피해율),0.0
2025,9,16,8,나주시,먹노린재(발생면적율),0.0
2025,9,16,8,나주시,이화명나방1화기(발생면적),0.0
2025,9,16,8,나주시,이화명나방1화기(감수율),0.0
2025,9,16,8,나주시,이화명나방1화기(피해율),0.0
2025,9,16,8,나주시,이화명나방1화기(발생면적률),0.0
2025,9,16,8,나주시,이화명나방2화기(발생면적),0.0
2025,9,16,8,나주시,이화명나방2화기(감수율),0.0
2025,9,16,8,나주시,이화명나방2화기(피해율),0.0
2025,9,16,8,나주시,이화명나방2화기(발생면적률),0.0
2025,9,16,8,나주시,바이러스병(발생추정면적),0.0
2025,9,16,8,나주시,바이러스병(감수율),0.0
2025,9,16,8,나주시,바이러스병(피해율),0.0
2025,9,16,8,나주시,바이러스병(발생면적율),0.0
2025,9,16,8,나주시,키다리병(발생추정면적),0.0
2025,9,16,8,나주시,키다리병(감수율),0.0
2025,9,16,8,나주시,키다리병(피해율),0.0
2025,9,16,8,나주시,키다리병(발생면적율),0.0
2025,9,16,8,나주시,이화명나방(발생추정면적),0.0
2025,9,16,8,나주시,이화명나방(감수율),0.0
2025,9,16,8,나주시,이화명나방(피해율),0.0
2025,9,16,8,나주시,이화명나방(발생면적율),0.0
2025,9,16,8,나주시,벼애나방(발생추정면적),0.0
2025,9,16,8,나주시,벼애나방(감수율),0.0
2025,9,16,8,나주시,벼애나방(피해율),0.0
2025,9,16,8,나주시,벼애나방(발생면적율),0.0
2025,9,16,8,나주시,벼잎선충(발생추정면적),0.0
2025,9,16,8,나주시,벼잎선충(감수율),0.0
2025,9,16,8,나주시,벼잎선충(피해율),0.0
2025,9,16,8,나주시,벼잎선충(발생면적율),0.0
2025,9,16,8,담양군,잎도열병(발생추정면적),0.0
2025,9,16,8,담양군,잎도열병(감수율),0.0
2025,9,16,8,담양군,잎도열병(피해율),0.0
2025,9,16,8,담양군,잎도열병(발생면적율),0.0
2025,9,16,8,담양군,이삭도열병(발생추정면적),0.0
2025,9,16,8,담양군,이삭도열병(감수율),0.0
2025,9,16,8,담양군,이삭도열병(피해율),0.0
2025,9,16,8,담양군,이삭도열병(발생면적율),0.0
2025,9,16,8,담양군,잎집무늬마름병(발생추정면적),0.0
2025,9,16,8,담양군,잎집무늬마름병(감수율),0.0
2025,9,16,8,담양군,잎집무늬마름병(피해율),0.0
2025,9,16,8,담양군,잎집무늬마름병(발생면적율),0.0
2025,9,16,8,담양군,흰잎마름병(발생추정면적),0.0
2025,9,16,8,담양군,흰잎마름병(감수율),0.0
2025,9,16,8,담양군,흰잎마름병(피해율),0.0
2025,9,16,8,담양군,흰잎마름병(발생면적율),0.0
2025,9,16,8,담양군,세균벼알마름병(발생추정면적),0.0
2025,9,16,8,담양군,세균벼알마름병(감수율),0.0
2025,9,16,8,담양군,세균벼알마름병(피해율),0.0
2025,9,16,8,담양군,세균벼알마름병(발생면적율),0.0
2025,9,16,8,담양군,줄무늬잎마름병(발생면적),0.0
2025,9,16,8,담양군,줄무늬잎마름병(감수율),0.0
2025,9,16,8,담양군,줄무늬잎마름병(피해율),0.0
2025,9,16,8,담양군,줄무늬잎마름병(발생면적률),0.0
2025,9,16,8,담양군,벼검은줄오갈병(발생면적),0.0
2025,9,16,8,담양군,벼검은줄오갈병(감수율),0.0
2025,9,16,8,담양군,벼검은줄오갈병(피해율),0.0
2025,9,16,8,담양군,벼검은줄오갈병(발생면적률),0.0
2025,9,16,8,담양군,오갈병(발생면적),0.0
2025,9,16,8,담양군,오갈병(감수율),0.0
2025,9,16,8,담양군,오갈병(피해율),0.0
2025,9,16,8,담양군,오갈병(발생면적률),0.0
2025,9,16,8,담양군,이삭누룩병(발생추정면적),0.0
2025,9,16,8,담양군,이삭누룩병(감수율),0.0
2025,9,16,8,담양군,이삭누룩병(피해율),0.0
2025,9,16,8,담양군,이삭누룩병(발생면적율),0.0
2025,9,16,8,담양군,깨씨무늬병(발생추정면적),0.0
2025,9,16,8,담양군,깨씨무늬병(감수율),0.0
2025,9,16,8,담양군,깨씨무늬병(피해율),0.0
2025,9,16,8,담양군,깨씨무늬병(발생면적율),0.0
2025,9,16,8,담양군,벼잎벌레(발생추정면적),0.0
2025,9,16,8,담양군,벼잎벌레(감수율),0.0
2025,9,16,8,담양군,벼잎벌레(피해율),0.0
2025,9,16,8,담양군,벼잎벌레(발생면적율),0.0
2025,9,16,8,담양군,벼애잎굴파리(발생추정면적),0.0
2025,9,16,8,담양군,벼애잎굴파리(감수율),0.0
2025,9,16,8,담양군,벼애잎굴파리(피해율),0.0
2025,9,16,8,담양군,벼애잎굴파리(발생면적율),0.0
2025,9,16,8,담양군,벼줄기굴파리(발생추정면적),0.0
2025,9,16,8,담양군,벼줄기굴파리(감수율),0.0
2025,9,16,8,담양군,벼줄기굴파리(피해율),0.0
2025,9,16,8,담양군,벼줄기굴파리(발생면적율),0.0
2025,9,16,8,담양군,애멸구(발생추정면적),0.0
2025,9,16,8,담양군,애멸구(감수율),0.0
2025,9,16,8,담양군,애멸구(피해율),0.0
2025,9,16,8,담양군,애멸구(발생면적율),0.0
2025,9,16,8,담양군,끝동매미충(발생추정면적),0.0
2025,9,16,8,담양군,끝동매미충(감수율),0.0
2025,9,16,8,담양군,끝동매미충(피해율),0.0
2025,9,16,8,담양군,끝동매미충(발생면적율),0.0
2025,9,16,8,담양군,벼멸구(발생추정면적),0.0
2025,9,16,8,담양군,벼멸구(감수율),0.0
2025,9,16,8,담양군,벼멸구(피해율),0.0
2025,9,16,8,담양군,벼멸구(발생면적율),0.0
2025,9,16,8,담양군,흰등멸구(발생추정면적),0.0
2025,9,16,8,담양군,흰등멸구(감수율),0.0
2025,9,16,8,담양군,흰등멸구(피해율),0.0
2025,9,16,8,담양군,흰등멸구(발생면적율),0.0
2025,9,16,8,담양군,벼물바구미(발생추정면적),0.0
2025,9,16,8,담양군,벼물바구미(감수율),0.0
2025,9,16,8,담양군,벼물바구미(피해율),0.0
2025,9,16,8,담양군,벼물바구미(발생면적율),0.0
2025,9,16,8,담양군,혹명나방(발생추정면적),0.0
2025,9,16,8,담양군,혹명나방(감수율),0.0
2025,9,16,8,담양군,혹명나방(피해율),0.0
2025,9,16,8,담양군,혹명나방(발생면적율),0.0
2025,9,16,8,담양군,멸강나방(발생추정면적),0.0
2025,9,16,8,담양군,멸강나방(감수율),0.0
2025,9,16,8,담양군,멸강나방(피해율),0.0
2025,9,16,8,담양군,멸강나방(발생면적율),0.0
2025,9,16,8,담양군,먹노린재(발생추정면적),0.0
2025,9,16,8,담양군,먹노린재(감수율),0.0
2025,9,16,8,담양군,먹노린재(피해율),0.0
2025,9,16,8,담양군,먹노린재(발생면적율),0.0
2025,9,16,8,담양군,이화명나방1화기(발생면적),0.0
2025,9,16,8,담양군,이화명나방1화기(감수율),0.0
2025,9,16,8,담양군,이화명나방1화기(피해율),0.0
2025,9,16,8,담양군,이화명나방1화기(발생면적률),0.0
2025,9,16,8,담양군,이화명나방2화기(발생면적),0.0
2025,9,16,8,담양군,이화명나방2화기(감수율),0.0
2025,9,16,8,담양군,이화명나방2화기(피해율),0.0
2025,9,16,8,담양군,이화명나방2화기(발생면적률),0.0
2025,9,16,8,담양군,바이러스병(발생추정면적),0.0
2025,9,16,8,담양군,바이러스병(감수율),0.0
2025,9,16,8,담양군,바이러스병(피해율),0.0
2025,9,16,8,담양군,바이러스병(발생면적율),0.0
2025,9,16,8,담양군,키다리병(발생추정면적),0.0
2025,9,16,8,담양군,키다리병(감수율),0.0
2025,9,16,8,담양군,키다리병(피해율),0.0
2025,9,16,8,담양군,키다리병(발생면적율),0.0
2025,9,16,8,담양군,이화명나방(발생추정면적),0.0
2025,9,16,8,담양군,이화명나방(감수율),0.0
2025,9,16,8,담양군,이화명나방(피해율),0.0
2025,9,16,8,담양군,이화명나방(발생면적율),0.0
2025,9,16,8,담양군,벼애나방(발생추정면적),0.0
2025,9,16,8,담양군,벼애나방(감수율),0.0
2025,9,16,8,담양군,벼애나방(피해율),0.0
2025,9,16,8,담양군,벼애나방(발생면적율),0.0
2025,9,16,8,담양군,벼잎선충(발생추정면적),0.0
2025,9,16,8,담양군,벼잎선충(감수율),0.0
2025,9,16,8,담양군,벼잎선충(피해율),0.0
2025,9,16,8,담양군,벼잎선충(발생면적율),0.0
2025,9,16,8,무안군,잎도열병(발생추정면적),0.0
2025,9,16,8,무안군,잎도열병(감수율),0.0
2025,9,16,8,무안군,잎도열병(피해율),0.0
2025,9,16,8,무안군,잎도열병(발생면적율),0.0
2025,9,16,8,무안군,이삭도열병(발생추정면적),0.0
2025,9,16,8,무안군,이삭도열병(감수율),0.0
2025,9,16,8,무안군,이삭도열병(피해율),0.0
2025,9,16,8,무안군,이삭도열병(발생면적율),0.0
2025,9,16,8,무안군,잎집무늬마름병(발생추정면적),0.0
2025,9,16,8,무안군,잎집무늬마름병(감수율),0.0
2025,9,16,8,무안군,잎집무늬마름병(피해율),0.0
2025,9,16,8,무안군,잎집무늬마름병(발생면적율),0.0
2025,9,16,8,무안군,흰잎마름병(발생추정면적),0.0
2025,9,16,8,무안군,흰잎마름병(감수율),0.0
2025,9,16,8,무안군,흰잎마름병(피해율),0.0
2025,9,16,8,무안군,흰잎마름병(발생면적율),0.0
2025,9,16,8,무안군,세균벼알마름병(발생추정면적),0.0
2025,9,16,8,무안군,세균벼알마름병(감수율),0.0
2025,9,16,8,무안군,세균벼알마름병(피해율),0.0
2025,9,16,8,무안군,세균벼알마름병(발생면적율),0.0
2025,9,16,8,무안군,줄무늬잎마름병(발생면적),0.0
2025,9,16,8,무안군,줄무늬잎마름병(감수율),0.0
2025,9,16,8,무안군,줄무늬잎마름병(피해율),0.0
2025,9,16,8,무안군,줄무늬잎마름병(발생면적률),0.0
2025,9,16,8,무안군,벼검은줄오갈병(발생면적),0.0
2025,9,16,8,무안군,벼검은줄오갈병(감수율),0.0
2025,9,16,8,무안군,벼검은줄오갈병(피해율),0.0
2025,9,16,8,무안군,벼검은줄오갈병(발생면적률),0.0
2025,9,16,8,무안군,오갈병(발생면적),0.0
2025,9,16,8,무안군,오갈병(감수율),0.0
2025,9,16,8,무안군,오갈병(피해율),0.0
2025,9,16,8,무안군,오갈병(발생면적률),0.0
2025,9,16,8,무안군,이삭누룩병(발생추정면적),0.0
2025,9,16,8,무안군,이삭누룩병(감수율),0.0
2025,9,16,8,무안군,이삭누룩병(피해율),0.0
2025,9,16,8,무안군,이삭누룩병(발생면적율),0.0
2025,9,16,8,무안군,깨씨무늬병(발생추정면적),0.0
2025,9,16,8,무안군,깨씨무늬병(감수율),0.0
2025,9,16,8,무안군,깨씨무늬병(피해율),0.0
2025,9,16,8,무안군,깨씨무늬병(발생면적율),0.0
2025,9,16,8,무안군,벼잎벌레(발생추정면적),0.0
2025,9,16,8,무안군,벼잎벌레(감수율),0.0
2025,9,16,8,무안군,벼잎벌레(피해율),0.0
2025,9,16,8,무안군,벼잎벌레(발생면적율),0.0
2025,9,16,8,무안군,벼애잎굴파리(발생추정면적),0.0
2025,9,16,8,무안군,벼애잎굴파리(감수율),0.0
2025,9,16,8,무안군,벼애잎굴파리(피해율),0.0
2025,9,16,8,무안군,벼애잎굴파리(발생면적율),0.0
2025,9,16,8,무안군,벼줄기굴파리(발생추정면적),0.0
2025,9,16,8,무안군,벼줄기굴파리(감수율),0.0
2025,9,16,8,무안군,벼줄기굴파리(피해율),0.0
2025,9,16,8,무안군,벼줄기굴파리(발생면적율),0.0
2025,9,16,8,무안군,애멸구(발생추정면적),0.0
2025,9,16,8,무안군,애멸구(감수율),0.0
2025,9,16,8,무안군,애멸구(피해율),0.0
2025,9,16,8,무안군,애멸구(발생면적율),0.0
2025,9,16,8,무안군,끝동매미충(발생추정면적),0.0
2025,9,16,8,무안군,끝동매미충(감수율),0.0
2025,9,16,8,무안군,끝동매미충(피해율),0.0
2025,9,16,8,무안군,끝동매미충(발생면적율),0.0
2025,9,16,8,무안군,벼멸구(발생추정면적),0.0
2025,9,16,8,무안군,벼멸구(감수율),0.0
2025,9,16,8,무안군,벼멸구(피해율),0.0
2025,9,16,8,무안군,벼멸구(발생면적율),0.0
2025,9,16,8,무안군,흰등멸구(발생추정면적),0.0
2025,9,16,8,무안군,흰등멸구(감수율),0.0
2025,9,16,8,무안군,흰등멸구(피해율),0.0
2025,9,16,8,무안군,흰등멸구(발생면적율),0.0
2025,9,16,8,무안군,벼물바구미(발생추정면적),0.0
2025,9,16,8,무안군,벼물바구미(감수율),0.0
2025,9,16,8,무안군,벼물바구미(피해율),0.0
2025,9,16,8,무안군,벼물바구미(발생면적율),0.0
2025,9,16,8,무안군,혹명나방(발생추정면적),0.0
2025,9,16,8,무안군,혹명나방(감수율),0.0
2025,9,16,8,무안군,혹명나방(피해율),0.0
2025,9,16,8,무안군,혹명나방(발생면적율),0.0
2025,9,16,8,무안군,멸강나방(발생추정면적),0.0
2025,9,16,8,무안군,멸강나방(감수율),0.0
2025,9,16,8,무안군,멸강나방(피해율),0.0
2025,9,16,8,무안군,멸강나방(발생면적율),0.0
2025,9,16,8,무안군,먹노린재(발생추정면적),0.0
2025,9,16,8,무안군,먹노린재(감수율),0.0
2025,9,16,8,무안군,먹노린재(피해율),0.0
2025,9,16,8,무안군,먹노린재(발생면적율),0.0
2025,9,16,8,무안군,이화명나방1화기(발생면적),0.0
2025,9,16,8,무안군,이화명나방1화기(감수율),0.0
2025,9,16,8,무안군,이화명나방1화기(피해율),0.0
2025,9,16,8,무안군,이화명나방1화기(발생면적률),0.0
2025,9,16,8,무안군,이화명나방2화기(발생면적),0.0
2025,9,16,8,무안군,이화명나방2화기(감수율),0.0
2025,9,16,8,무안군,이화명나방2화기(피해율),0.0
2025,9,16,8,무안군,이화명나방2화기(발생면적률),0.0
2025,9,16,8,무안군,바이러스병(발생추정면적),0.0
2025,9,16,8,무안군,바이러스병(감수율),0.0
2025,9,16,8,무안군,바이러스병(피해율),0.0
2025,9,16,8,무안군,바이러스병(발생면적율),0.0
2025,9,16,8,무안군,키다리병(발생추정면적),0.0
2025,9,16,8,무안군,키다리병(감수율),0.0
2025,9,16,8,무안군,키다리병(피해율),0.0
2025,9,16,8,무안군,키다리병(발생면적율),0.0
2025,9,16,8,무안군,이화명나방(발생추정면적),0.0
2025,9,16,8,무안군,이화명나방(감수율),0.0
2025,9,16,8,무안군,이화명나방(피해율),0.0
2025,9,16,8,무안군,이화명나방(발생면적율),0.0
2025,9,16,8,무안군,벼애나방(발생추정면적),0.0
2025,9,16,8,무안군,벼애나방(감수율),0.0
2025,9,16,8,무안군,벼애나방(피해율),0.0
2025,9,16,8,무안군,벼애나방(발생면적율),0.0
2025,9,16,8,무안군,벼잎선충(발생추정면적),0.0
2025,9,16,8,무안군,벼잎선충(감수율),0.0
2025,9,16,8,무안군,벼잎선충(피해율),0.0
2025,9,16,8,무안군,벼잎선충(발생면적율),0.0
2025,9,16,8,보성군,잎도열병(발생추정면적),0.0
2025,9,16,8,보성군,잎도열병(감수율),0.0
2025,9,16,8,보성군,잎도열병(피해율),0.0
2025,9,16,8,보성군,잎도열병(발생면적율),0.0
2025,9,16,8,보성군,이삭도열병(발생추정면적),0.0
2025,9,16,8,보성군,이삭도열병(감수율),0.0
2025,9,16,8,보성군,이삭도열병(피해율),0.0
2025,9,16,8,보성군,이삭도열병(발생면적율),0.0
2025,9,16,8,보성군,잎집무늬마름병(발생추정면적),0.0
2025,9,16,8,보성군,잎집무늬마름병(감수율),0.0
2025,9,16,8,보성군,잎집무늬마름병(피해율),0.0
2025,9,16,8,보성군,잎집무늬마름병(발생면적율),0.0
2025,9,16,8,보성군,흰잎마름병(발생추정면적),0.0
2025,9,16,8,보성군,흰잎마름병(감수율),0.0
2025,9,16,8,보성군,흰잎마름병(피해율),0.0
2025,9,16,8,보성군,흰잎마름병(발생면적율),0.0
2025,9,16,8,보성군,세균벼알마름병(발생추정면적),0.0
2025,9,16,8,보성군,세균벼알마름병(감수율),0.0
2025,9,16,8,보성군,세균벼알마름병(피해율),0.0
2025,9,16,8,보성군,세균벼알마름병(발생면적율),0.0
2025,9,16,8,보성군,줄무늬잎마름병(발생면적),0.0
2025,9,16,8,보성군,줄무늬잎마름병(감수율),0.0
2025,9,16,8,보성군,줄무늬잎마름병(피해율),0.0
2025,9,16,8,보성군,줄무늬잎마름병(발생면적률),0.0
2025,9,16,8,보성군,벼검은줄오갈병(발생면적),0.0
2025,9,16,8,보성군,벼검은줄오갈병(감수율),0.0
2025,9,16,8,보성군,벼검은줄오갈병(피해율),0.0
2025,9,16,8,보성군,벼검은줄오갈병(발생면적률),0.0
2025,9,16,8,보성군,오갈병(발생면적),0.0
2025,9,16,8,보성군,오갈병(감수율),0.0
2025,9,16,8,보성군,오갈병(피해율),0.0
2025,9,16,8,보성군,오갈병(발생면적률),0.0
2025,9,16,8,보성군,이삭누룩병(발생추정면적),0.0
2025,9,16,8,보성군,이삭누룩병(감수율),0.0
2025,9,16,8,보성군,이삭누룩병(피해율),0.0
2025,9,16,8,보성군,이삭누룩병(발생면적율),0.0
2025,9,16,8,보성군,깨씨무늬병(발생추정면적),0.0
2025,9,16,8,보성군,깨씨무늬병(감수율),0.0
2025,9,16,8,보성군,깨씨무늬병(피해율),0.0
2025,9,16,8,보성군,깨씨무늬병(발생면적율),0.0
2025,9,16,8,보성군,벼잎벌레(발생추정면적),0.0
2025,9,16,8,보성군,벼잎벌레(감수율),0.0
2025,9,16,8,보성군,벼잎벌레(피해율),0.0
2025,9,16,8,보성군,벼잎벌레(발생면적율),0.0
2025,9,16,8,보성군,벼애잎굴파리(발생추정면적),0.0
2025,9,16,8,보성군,벼애잎굴파리(감수율),0.0
2025,9,16,8,보성군,벼애잎굴파리(피해율),0.0
2025,9,16,8,보성군,벼애잎굴파리(발생면적율),0.0
2025,9,16,8,보성군,벼줄기굴파리(발생추정면적),0.0
2025,9,16,8,보성군,벼줄기굴파리(감수율),0.0
2025,9,16,8,보성군,벼줄기굴파리(피해율),0.0
2025,9,16,8,보성군,벼줄기굴파리(발생면적율),0.0
2025,9,16,8,보성군,애멸구(발생추정면적),0.0
2025,9,16,8,보성군,애멸구(감수율),0.0
2025,9,16,8,보성군,애멸구(피해율),0.0
2025,9,16,8,보성군,애멸구(발생면적율),0.0
2025,9,16,8,보성군,끝동매미충(발생추정면적),0.0
2025,9,16,8,보성군,끝동매미충(감수율),0.0
2025,9,16,8,보성군,끝동매미충(피해율),0.0
2025,9,16,8,보성군,끝동매미충(발생면적율),0.0
2025,9,16,8,보성군,벼멸구(발생추정면적),0.0
2025,9,16,8,보성군,벼멸구(감수율),0.0
2025,9,16,8,보성군,벼멸구(피해율),0.0
2025,9,16,8,보성군,벼멸구(발생면적율),0.0
2025,9,16,8,보성군,흰등멸구(발생추정면적),0.0
2025,9,16,8,보성군,흰등멸구(감수율),0.0
2025,9,16,8,보성군,흰등멸구(피해율),0.0
2025,9,16,8,보성군,흰등멸구(발생면적율),0.0
2025,9,16,8,보성군,벼물바구미(발생추정면적),0.0
2025,9,16,8,보성군,벼물바구미(감수율),0.0
2025,9,16,8,보성군,벼물바구미(피해율),0.0
2025,9,16,8,보성군,벼물바구미(발생면적율),0.0
2025,9,16,8,보성군,혹명나방(발생추정면적),0.0
2025,9,16,8,보성군,혹명나방(감수율),0.0
2025,9,16,8,보성군,혹명나방(피해율),0.0
2025,9,16,8,보성군,혹명나방(발생면적율),0.0
2025,9,16,8,보성군,멸강나방(발생추정면적),0.0
2025,9,16,8,보성군,멸강나방(감수율),0.0
2025,9,16,8,보성군,멸강나방(피해율),0.0
2025,9,16,8,보성군,멸강나방(발생면적율),0.0
2025,9,16,8,보성군,먹노린재(발생추정면적),0.0
2025,9,16,8,보성군,먹노린재(감수율),0.0
2025,9,16,8,보성군,먹노린재(피해율),0.0
2025,9,16,8,보성군,먹노린재(발생면적율),0.0
2025,9,16,8,보성군,이화명나방1화기(발생면적),0.0
2025,9,16,8,보성군,이화명나방1화기(감수율),0.0
2025,9,16,8,보성군,이화명나방1화기(피해율),0.0
2025,9,16,8,보성군,이화명나방1화기(발생면적률),0.0
2025,9,16,8,보성군,이화명나방2화기(발생면적),0.0
2025,9,16,8,보성군,이화명나방2화기(감수율),0.0
2025,9,16,8,보성군,이화명나방2화기(피해율),0.0
2025,9,16,8,보성군,이화명나방2화기(발생면적률),0.0
2025,9,16,8,보성군,바이러스병(발생추정면적),0.0
2025,9,16,8,보성군,바이러스병(감수율),0.0
2025,9,16,8,보성군,바이러스병(피해율),0.0
2025,9,16,8,보성군,바이러스병(발생면적율),0.0
2025,9,16,8,보성군,키다리병(발생추정면적),0.0
2025,9,16,8,보성군,키다리병(감수율),0.0
2025,9,16,8,보성군,키다리병(피해율),0.0
2025,9,16,8,보성군,키다리병(발생면적율),0.0
2025,9,16,8,보성군,이화명나방(발생추정면적),0.0
2025,9,16,8,보성군,이화명나방(감수율),0.0
2025,9,16,8,보성군,이화명나방(피해율),0.0
2025,9,16,8,보성군,이화명나방(발생면적율),0.0
2025,9,16,8,보성군,벼애나방(발생추정면적),0.0
2025,9,16,8,보성군,벼애나방(감수율),0.0
2025,9,16,8,보성군,벼애나방(피해율),0.0
2025,9,16,8,보성군,벼애나방(발생면적율),0.0
2025,9,16,8,보성군,벼잎선충(발생추정면적),0.0
2025,9,16,8,보성군,벼잎선충(감수율),0.0
2025,9,16,8,보성군,벼잎선충(피해율),0.0
2025,9,16,8,보성군,벼잎선충(발생면적율),0.0
2025,9,16,8,순천시,잎도열병(발생추정면적),0.0
2025,9,16,8,순천시,잎도열병(감수율),0.0
2025,9,16,8,순천시,잎도열병(피해율),0.0
2025,9,16,8,순천시,잎도열병(발생면적율),0.0
2025,9,16,8,순천시,이삭도열병(발생추정면적),0.0
2025,9,16,8,순천시,이삭도열병(감수율),0.0
2025,9,16,8,순천시,이삭도열병(피해율),0.0
2025,9,16,8,순천시,이삭도열병(발생면적율),0.0
2025,9,16,8,순천시,잎집무늬마름병(발생추정면적),0.0
2025,9,16,8,순천시,잎집무늬마름병(감수율),0.0
2025,9,16,8,순천시,잎집무늬마름병(피해율),0.0
2025,9,16,8,순천시,잎집무늬마름병(발생면적율),0.0
2025,9,16,8,순천시,흰잎마름병(발생추정면적),0.0
2025,9,16,8,순천시,흰잎마름병(감수율),0.0
2025,9,16,8,순천시,흰잎마름병(피해율),0.0
2025,9,16,8,순천시,흰잎마름병(발생면적율),0.0
2025,9,16,8,순천시,세균벼알마름병(발생추정면적),0.0
2025,9,16,8,순천시,세균벼알마름병(감수율),0.0
2025,9,16,8,순천시,세균벼알마름병(피해율),0.0
2025,9,16,8,순천시,세균벼알마름병(발생면적율),0.0
2025,9,16,8,순천시,줄무늬잎마름병(발생면적),0.0
2025,9,16,8,순천시,줄무늬잎마름병(감수율),0.0
2025,9,16,8,순천시,줄무늬잎마름병(피해율),0.0
2025,9,16,8,순천시,줄무늬잎마름병(발생면적률),0.0
2025,9,16,8,순천시,벼검은줄오갈병(발생면적),0.0
2025,9,16,8,순천시,벼검은줄오갈병(감수율),0.0
2025,9,16,8,순천시,벼검은줄오갈병(피해율),0.0
2025,9,16,8,순천시,벼검은줄오갈병(발생면적률),0.0
2025,9,16,8,순천시,오갈병(발생면적),0.0
2025,9,16,8,순천시,오갈병(감수율),0.0
2025,9,16,8,순천시,오갈병(피해율),0.0
2025,9,16,8,순천시,오갈병(발생면적률),0.0
2025,9,16,8,순천시,이삭누룩병(발생추정면적),0.0
2025,9,16,8,순천시,이삭누룩병(감수율),0.0
2025,9,16,8,순천시,이삭누룩병(피해율),0.0
2025,9,16,8,순천시,이삭누룩병(발생면적율),0.0
2025,9,16,8,순천시,깨씨무늬병(발생추정면적),0.0
2025,9,16,8,순천시,깨씨무늬병(감수율),0.0
2025,9,16,8,순천시,깨씨무늬병(피해율),0.0
2025,9,16,8,순천시,깨씨무늬병(발생면적율),0.0
2025,9,16,8,순천시,벼잎벌레(발생추정면적),0.0
2025,9,16,8,순천시,벼잎벌레(감수율),0.0
2025,9,16,8,순천시,벼잎벌레(피해율),0.0
2025,9,16,8,순천시,벼잎벌레(발생면적율),0.0
2025,9,16,8,순천시,벼애잎굴파리(발생추정면적),0.0
2025,9,16,8,순천시,벼애잎굴파리(감수율),0.0
2025,9,16,8,순천시,벼애잎굴파리(피해율),0.0
2025,9,16,8,순천시,벼애잎굴파리(발생면적율),0.0
2025,9,16,8,순천시,벼줄기굴파리(발생추정면적),0.0
2025,9,16,8,순천시,벼줄기굴파리(감수율),0.0
2025,9,16,8,순천시,벼줄기굴파리(피해율),0.0
2025,9,16,8,순천시,벼줄기굴파리(발생면적율),0.0
2025,9,16,8,순천시,애멸구(발생추정면적),0.0
2025,9,16,8,순천시,애멸구(감수율),0.0
2025,9,16,8,순천시,애멸구(피해율),0.0
2025,9,16,8,순천시,애멸구(발생면적율),0.0
2025,9,16,8,순천시,끝동매미충(발생추정면적),0.0
2025,9,16,8,순천시,끝동매미충(감수율),0.0
2025,9,16,8,순천시,끝동매미충(피해율),0.0
2025,9,16,8,순천시,끝동매미충(발생면적율),0.0
2025,9,16,8,순천시,벼멸구(발생추정면적),0.0
2025,9,16,8,순천시,벼멸구(감수율),0.0
2025,9,16,8,순천시,벼멸구(피해율),0.0
2025,9,16,8,순천시,벼멸구(발생면적율),0.0
2025,9,16,8,순천시,흰등멸구(발생추정면적),0.0
2025,9,16,8,순천시,흰등멸구(감수율),0.0
2025,9,16,8,순천시,흰등멸구(피해율),0.0
2025,9,16,8,순천시,흰등멸구(발생면적율),0.0
2025,9,16,8,순천시,벼물바구미(발생추정면적),0.0
2025,9,16,8,순천시,벼물바구미(감수율),0.0
2025,9,16,8,순천시,벼물바구미(피해율),0.0
2025,9,16,8,순천시,벼물바구미(발생면적율),0.0
2025,9,16,8,순천시,혹명나방(발생추정면적),0.0
2025,9,16,8,순천시,혹명나방(감수율),0.0
2025,9,16,8,순천시,혹명나방(피해율),0.0
2025,9,16,8,순천시,혹명나방(발생면적율),0.0
2025,9,16,8,순천시,멸강나방(발생추정면적),0.0
2025,9,16,8,순천시,멸강나방(감수율),0.0
2025,9,16,8,순천시,멸강나방(피해율),0.0
2025,9,16,8,순천시,멸강나방(발생면적율),0.0
2025,9,16,8,순천시,먹노린재(발생추정면적),0.0
2025,9,16,8,순천시,먹노린재(감수율),0.0
2025,9,16,8,순천시,먹노린재(피해율),0.0
2025,9,16,8,순천시,먹노린재(발생면적율),0.0
2025,9,16,8,순천시,이화명나방1화기(발생면적),0.0
2025,9,16,8,순천시,이화명나방1화기(감수율),0.0
2025,9,16,8,순천시,이화명나방1화기(피해율),0.0
2025,9,16,8,순천시,이화명나방1화기(발생면적률),0.0
2025,9,16,8,순천시,이화명나방2화기(발생면적),0.0
2025,9,16,8,순천시,이화명나방2화기(감수율),0.0
2025,9,16,8,순천시,이화명나방2화기(피해율),0.0
2025,9,16,8,순천시,이화명나방2화기(발생면적률),0.0
2025,9,16,8,순천시,바이러스병(발생추정면적),0.0
2025,9,16,8,순천시,바이러스병(감수율),0.0
2025,9,16,8,순천시,바이러스병(피해율),0.0
2025,9,16,8,순천시,바이러스병(발생면적율),0.0
2025,9,16,8,순천시,키다리병(발생추정면적),0.0
2025,9,16,8,순천시,키다리병(감수율),0.0
2025,9,16,8,순천시,키다리병(피해율),0.0
2025,9,16,8,순천시,키다리병(발생면적율),0.0
2025,9,16,8,순천시,이화명나방(발생추정면적),0.0
2025,9,16,8,순천시,이화명나방(감수율),0.0
2025,9,16,8,순천시,이화명나방(피해율),0.0
2025,9,16,8,순천시,이화명나방(발생면적율),0.0
2025,9,16,8,순천시,벼애나방(발생추정면적),0.0
2025,9,16,8,순천시,벼애나방(감수율),0.0
2025,9,16,8,순천시,벼애나방(피해율),0.0
2025,9,16,8,순천시,벼애나방(발생면적율),0.0
2025,9,16,8,순천시,벼잎선충(발생추정면적),0.0
2025,9,16,8,순천시,벼잎선충(감수율),0.0
2025,9,16,8,순천시,벼잎선충(피해율),0.0
2025,9,16,8,순천시,벼잎선충(발생면적율),0.0
2025,9,16,8,신안군,잎도열병(발생추정면적),0.0
2025,9,16,8,신안군,잎도열병(감수율),0.0
2025,9,16,8,신안군,잎도열병(피해율),0.0
2025,9,16,8,신안군,잎도열병(발생면적율),0.0
2025,9,16,8,신안군,이삭도열병(발생추정면적),0.0
2025,9,16,8,신안군,이삭도열병(감수율),0.0
2025,9,16,8,신안군,이삭도열병(피해율),0.0
2025,9,16,8,신안군,이삭도열병(발생면적율),0.0
2025,9,16,8,신안군,잎집무늬마름병(발생추정면적),0.0
2025,9,16,8,신안군,잎집무늬마름병(감수율),0.0
2025,9,16,8,신안군,잎집무늬마름병(피해율),0.0
2025,9,16,8,신안군,잎집무늬마름병(발생면적율),0.0
2025,9,16,8,신안군,흰잎마름병(발생추정면적),0.0
2025,9,16,8,신안군,흰잎마름병(감수율),0.0
2025,9,16,8,신안군,흰잎마름병(피해율),0.0
2025,9,16,8,신안군,흰잎마름병(발생면적율),0.0
2025,9,16,8,신안군,세균벼알마름병(발생추정면적),0.0
2025,9,16,8,신안군,세균벼알마름병(감수율),0.0
2025,9,16,8,신안군,세균벼알마름병(피해율),0.0
2025,9,16,8,신안군,세균벼알마름병(발생면적율),0.0
2025,9,16,8,신안군,줄무늬잎마름병(발생면적),0.0
2025,9,16,8,신안군,줄무늬잎마름병(감수율),0.0
2025,9,16,8,신안군,줄무늬잎마름병(피해율),0.0
2025,9,16,8,신안군,줄무늬잎마름병(발생면적률),0.0
2025,9,16,8,신안군,벼검은줄오갈병(발생면적),0.0
2025,9,16,8,신안군,벼검은줄오갈병(감수율),0.0
2025,9,16,8,신안군,벼검은줄오갈병(피해율),0.0
2025,9,16,8,신안군,벼검은줄오갈병(발생면적률),0.0
2025,9,16,8,신안군,오갈병(발생면적),0.0
2025,9,16,8,신안군,오갈병(감수율),0.0
2025,9,16,8,신안군,오갈병(피해율),0.0
2025,9,16,8,신안군,오갈병(발생면적률),0.0
2025,9,16,8,신안군,이삭누룩병(발생추정면적),0.0
2025,9,16,8,신안군,이삭누룩병(감수율),0.0
2025,9,16,8,신안군,이삭누룩병(피해율),0.0
2025,9,16,8,신안군,이삭누룩병(발생면적율),0.0
2025,9,16,8,신안군,깨씨무늬병(발생추정면적),0.0
2025,9,16,8,신안군,깨씨무늬병(감수율),0.0
2025,9,16,8,신안군,깨씨무늬병(피해율),0.0
2025,9,16,8,신안군,깨씨무늬병(발생면적율),0.0
2025,9,16,8,신안군,벼잎벌레(발생추정면적),0.0
2025,9,16,8,신안군,벼잎벌레(감수율),0.0
2025,9,16,8,신안군,벼잎벌레(피해율),0.0
2025,9,16,8,신안군,벼잎벌레(발생면적율),0.0
2025,9,16,8,신안군,벼애잎굴파리(발생추정면적),0.0
2025,9,16,8,신안군,벼애잎굴파리(감수율),0.0
2025,9,16,8,신안군,벼애잎굴파리(피해율),0.0
2025,9,16,8,신안군,벼애잎굴파리(발생면적율),0.0
2025,9,16,8,신안군,벼줄기굴파리(발생추정면적),0.0
2025,9,16,8,신안군,벼줄기굴파리(감수율),0.0
2025,9,16,8,신안군,벼줄기굴파리(피해율),0.0
2025,9,16,8,신안군,벼줄기굴파리(발생면적율),0.0
2025,9,16,8,신안군,애멸구(발생추정면적),0.0
2025,9,16,8,신안군,애멸구(감수율),0.0
2025,9,16,8,신안군,애멸구(피해율),0.0
2025,9,16,8,신안군,애멸구(발생면적율),0.0
2025,9,16,8,신안군,끝동매미충(발생추정면적),0.0
2025,9,16,8,신안군,끝동매미충(감수율),0.0
2025,9,16,8,신안군,끝동매미충(피해율),0.0
2025,9,16,8,신안군,끝동매미충(발생면적율),0.0
2025,9,16,8,신안군,벼멸구(발생추정면적),0.0
2025,9,16,8,신안군,벼멸구(감수율),0.0
2025,9,16,8,신안군,벼멸구(피해율),0.0
2025,9,16,8,신안군,벼멸구(발생면적율),0.0
2025,9,16,8,신안군,흰등멸구(발생추정면적),0.0
2025,9,16,8,신안군,흰등멸구(감수율),0.0
2025,9,16,8,신안군,흰등멸구(피해율),0.0
2025,9,16,8,신안군,흰등멸구(발생면적율),0.0
2025,9,16,8,신안군,벼물바구미(발생추정면적),0.0
2025,9,16,8,신안군,벼물바구미(감수율),0.0
2025,9,16,8,신안군,벼물바구미(피해율),0.0
2025,9,16,8,신안군,벼물바구미(발생면적율),0.0
2025,9,16,8,신안군,혹명나방(발생추정면적),0.0
2025,9,16,8,신안군,혹명나방(감수율),0.0
2025,9,16,8,신안군,혹명나방(피해율),0.0
2025,9,16,8,신안군,혹명나방(발생면적율),0.0
2025,9,16,8,신안군,멸강나방(발생추정면적),0.0
2025,9,16,8,신안군,멸강나방(감수율),0.0
2025,9,16,8,신안군,멸강나방(피해율),0.0
2025,9,16,8,신안군,멸강나방(발생면적율),0.0
2025,9,16,8,신안군,먹노린재(발생추정면적),0.0
2025,9,16,8,신안군,먹노린재(감수율),0.0
2025,9,16,8,신안군,먹노린재(피해율),0.0
2025,9,16,8,신안군,먹노린재(발생면적율),0.0
2025,9,16,8,신안군,이화명나방1화기(발생면적),0.0
2025,9,16,8,신안군,이화명나방1화기(감수율),0.0
2025,9,16,8,신안군,이화명나방1화기(피해율),0.0
2025,9,16,8,신안군,이화명나방1화기(발생면적률),0.0
2025,9,16,8,신안군,이화명나방2화기(발생면적),0.0
2025,9,16,8,신안군,이화명나방2화기(감수율),0.0
2025,9,16,8,신안군,이화명나방2화기(피해율),0.0
2025,9,16,8,신안군,이화명나방2화기(발생면적률),0.0
2025,9,16,8,신안군,바이러스병(발생추정면적),0.0
2025,9,16,8,신안군,바이러스병(감수율),0.0
2025,9,16,8,신안군,바이러스병(피해율),0.0
2025,9,16,8,신안군,바이러스병(발생면적율),0.0
2025,9,16,8,신안군,키다리병(발생추정면적),0.0
2025,9,16,8,신안군,키다리병(감수율),0.0
2025,9,16,8,신안군,키다리병(피해율),0.0
2025,9,16,8,신안군,키다리병(발생면적율),0.0
2025,9,16,8,신안군,이화명나방(발생추정면적),0.0
2025,9,16,8,신안군,이화명나방(감수율),0.0
2025,9,16,8,신안군,이화명나방(피해율),0.0
2025,9,16,8,신안군,이화명나방(발생면적율),0.0
2025,9,16,8,신안군,벼애나방(발생추정면적),0.0
2025,9,16,8,신안군,벼애나방(감수율),0.0
2025,9,16,8,신안군,벼애나방(피해율),0.0
2025,9,16,8,신안군,벼애나방(발생면적율),0.0
2025,9,16,8,신안군,벼잎선충(발생추정면적),0.0
2025,9,16,8,신안군,벼잎선충(감수율),0.0
2025,9,16,8,신안군,벼잎선충(피해율),0.0
2025,9,16,8,신안군,벼잎선충(발생면적율),0.0
2025,9,16,8,여수시,잎도열병(발생추정면적),0.0
2025,9,16,8,여수시,잎도열병(감수율),0.0
2025,9,16,8,여수시,잎도열병(피해율),0.0
2025,9,16,8,여수시,잎도열병(발생면적율),0.0
2025,9,16,8,여수시,이삭도열병(발생추정면적),0.0
2025,9,16,8,여수시,이삭도열병(감수율),0.0
2025,9,16,8,여수시,이삭도열병(피해율),0.0
2025,9,16,8,여수시,이삭도열병(발생면적율),0.0
2025,9,16,8,여수시,잎집무늬마름병(발생추정면적),0.0
2025,9,16,8,여수시,잎집무늬마름병(감수율),0.0
2025,9,16,8,여수시,잎집무늬마름병(피해율),0.0
2025,9,16,8,여수시,잎집무늬마름병(발생면적율),0.0
2025,9,16,8,여수시,흰잎마름병(발생추정면적),0.0
2025,9,16,8,여수시,흰잎마름병(감수율),0.0
2025,9,16,8,여수시,흰잎마름병(피해율),0.0
2025,9,16,8,여수시,흰잎마름병(발생면적율),0.0
2025,9,16,8,여수시,세균벼알마름병(발생추정면적),0.0
2025,9,16,8,여수시,세균벼알마름병(감수율),0.0
2025,9,16,8,여수시,세균벼알마름병(피해율),0.0
2025,9,16,8,여수시,세균벼알마름병(발생면적율),0.0
2025,9,16,8,여수시,줄무늬잎마름병(발생면적),0.0
2025,9,16,8,여수시,줄무늬잎마름병(감수율),0.0
2025,9,16,8,여수시,줄무늬잎마름병(피해율),0.0
2025,9,16,8,여수시,줄무늬잎마름병(발생면적률),0.0
2025,9,16,8,여수시,벼검은줄오갈병(발생면적),0.0
2025,9,16,8,여수시,벼검은줄오갈병(감수율),0.0
2025,9,16,8,여수시,벼검은줄오갈병(피해율),0.0
2025,9,16,8,여수시,벼검은줄오갈병(발생면적률),0.0
2025,9,16,8,여수시,오갈병(발생면적),0.0
2025,9,16,8,여수시,오갈병(감수율),0.0
2025,9,16,8,여수시,오갈병(피해율),0.0
2025,9,16,8,여수시,오갈병(발생면적률),0.0
2025,9,16,8,여수시,이삭누룩병(발생추정면적),0.0
2025,9,16,8,여수시,이삭누룩병(감수율),0.0
2025,9,16,8,여수시,이삭누룩병(피해율),0.0
2025,9,16,8,여수시,이삭누룩병(발생면적율),0.0
2025,9,16,8,여수시,깨씨무늬병(발생추정면적),0.0
2025,9,16,8,여수시,깨씨무늬병(감수율),0.0
2025,9,16,8,여수시,깨씨무늬병(피해율),0.0
2025,9,16,8,여수시,깨씨무늬병(발생면적율),0.0
2025,9,16,8,여수시,벼잎벌레(발생추정면적),0.0
2025,9,16,8,여수시,벼잎벌레(감수율),0.0
2025,9,16,8,여수시,벼잎벌레(피해율),0.0
2025,9,16,8,여수시,벼잎벌레(발생면적율),0.0
2025,9,16,8,여수시,벼애잎굴파리(발생추정면적),0.0
2025,9,16,8,여수시,벼애잎굴파리(감수율),0.0
2025,9,16,8,여수시,벼애잎굴파리(피해율),0.0
2025,9,16,8,여수시,벼애잎굴파리(발생면적율),0.0
2025,9,16,8,여수시,벼줄기굴파리(발생추정면적),0.0
2025,9,16,8,여수시,벼줄기굴파리(감수율),0.0
2025,9,16,8,여수시,벼줄기굴파리(피해율),0.0
2025,9,16,8,여수시,벼줄기굴파리(발생면적율),0.0
2025,9,16,8,여수시,애멸구(발생추정면적),0.0
2025,9,16,8,여수시,애멸구(감수율),0.0
2025,9,16,8,여수시,애멸구(피해율),0.0
2025,9,16,8,여수시,애멸구(발생면적율),0.0
2025,9,16,8,여수시,끝동매미충(발생추정면적),0.0
2025,9,16,8,여수시,끝동매미충(감수율),0.0
2025,9,16,8,여수시,끝동매미충(피해율),0.0
2025,9,16,8,여수시,끝동매미충(발생면적율),0.0
2025,9,16,8,여수시,벼멸구(발생추정면적),0.0
2025,9,16,8,여수시,벼멸구(감수율),0.0
2025,9,16,8,여수시,벼멸구(피해율),0.0
2025,9,16,8,여수시,벼멸구(발생면적율),0.0
2025,9,16,8,여수시,흰등멸구(발생추정면적),0.0
2025,9,16,8,여수시,흰등멸구(감수율),0.0
2025,9,16,8,여수시,흰등멸구(피해율),0.0
2025,9,16,8,여수시,흰등멸구(발생면적율),0.0
2025,9,16,8,여수시,벼물바구미(발생추정면적),0.0
2025,9,16,8,여수시,벼물바구미(감수율),0.0
2025,9,16,8,여수시,벼물바구미(피해율),0.0
2025,9,16,8,여수시,벼물바구미(발생면적율),0.0
2025,9,16,8,여수시,혹명나방(발생추정면적),0.0
2025,9,16,8,여수시,혹명나방(감수율),0.0
2025,9,16,8,여수시,혹명나방(피해율),0.0
2025,9,16,8,여수시,혹명나방(발생면적율),0.0
2025,9,16,8,여수시,멸강나방(발생추정면적),0.0
2025,9,16,8,여수시,멸강나방(감수율),0.0
2025,9,16,8,여수시,멸강나방(피해율),0.0
2025,9,16,8,여수시,멸강나방(발생면적율),0.0
2025,9,16,8,여수시,먹노린재(발생추정면적),0.0
2025,9,16,8,여수시,먹노린재(감수율),0.0
2025,9,16,8,여수시,먹노린재(피해율),0.0
2025,9,16,8,여수시,먹노린재(발생면적율),0.0
2025,9,16,8,여수시,이화명나방1화기(발생면적),0.0
2025,9,16,8,여수시,이화명나방1화기(감수율),0.0
2025,9,16,8,여수시,이화명나방1화기(피해율),0.0
2025,9,16,8,여수시,이화명나방1화기(발생면적률),0.0
2025,9,16,8,여수시,이화명나방2화기(발생면적),0.0
2025,9,16,8,여수시,이화명나방2화기(감수율),0.0
2025,9,16,8,여수시,이화명나방2화기(피해율),0.0
2025,9,16,8,여수시,이화명나방2화기(발생면적률),0.0
2025,9,16,8,여수시,바이러스병(발생추정면적),0.0
2025,9,16,8,여수시,바이러스병(감수율),0.0
2025,9,16,8,여수시,바이러스병(피해율),0.0
2025,9,16,8,여수시,바이러스병(발생면적율),0.0
2025,9,16,8,여수시,키다리병(발생추정면적),0.0
2025,9,16,8,여수시,키다리병(감수율),0.0
2025,9,16,8,여수시,키다리병(피해율),0.0
2025,9,16,8,여수시,키다리병(발생면적율),0.0
2025,9,16,8,여수시,이화명나방(발생추정면적),0.0
2025,9,16,8,여수시,이화명나방(감수율),0.0
2025,9,16,8,여수시,이화명나방(피해율),0.0
2025,9,16,8,여수시,이화명나방(발생면적율),0.0
2025,9,16,8,여수시,벼애나방(발생추정면적),0.0
2025,9,16,8,여수시,벼애나방(감수율),0.0
2025,9,16,8,여수시,벼애나방(피해율),0.0
2025,9,16,8,여수시,벼애나방(발생면적율),0.0
2025,9,16,8,여수시,벼잎선충(발생추정면적),0.0
2025,9,16,8,여수시,벼잎선충(감수율),0.0
2025,9,16,8,여수시,벼잎선충(피해율),0.0
2025,9,16,8,여수시,벼잎선충(발생면적율),0.0
2025,9,16,8,영광군,잎도열병(발생추정면적),0.0
2025,9,16,8,영광군,잎도열병(감수율),0.0
2025,9,16,8,영광군,잎도열병(피해율),0.0
2025,9,16,8,영광군,잎도열병(발생면적율),0.0
2025,9,16,8,영광군,이삭도열병(발생추정면적),0.0
2025,9,16,8,영광군,이삭도열병(감수율),0.0
2025,9,16,8,영광군,이삭도열병(피해율),0.0
2025,9,16,8,영광군,이삭도열병(발생면적율),0.0
2025,9,16,8,영광군,잎집무늬마름병(발생추정면적),0.0
2025,9,16,8,영광군,잎집무늬마름병(감수율),0.0
2025,9,16,8,영광군,잎집무늬마름병(피해율),0.0
2025,9,16,8,영광군,잎집무늬마름병(발생면적율),0.0
2025,9,16,8,영광군,흰잎마름병(발생추정면적),0.0
2025,9,16,8,영광군,흰잎마름병(감수율),0.0
2025,9,16,8,영광군,흰잎마름병(피해율),0.0
2025,9,16,8,영광군,흰잎마름병(발생면적율),0.0
2025,9,16,8,영광군,세균벼알마름병(발생추정면적),0.0
2025,9,16,8,영광군,세균벼알마름병(감수율),0.0
2025,9,16,8,영광군,세균벼알마름병(피해율),0.0
2025,9,16,8,영광군,세균벼알마름병(발생면적율),0.0
2025,9,16,8,영광군,줄무늬잎마름병(발생면적),0.0
2025,9,16,8,영광군,줄무늬잎마름병(감수율),0.0
2025,9,16,8,영광군,줄무늬잎마름병(피해율),0.0
2025,9,16,8,영광군,줄무늬잎마름병(발생면적률),0.0
2025,9,16,8,영광군,벼검은줄오갈병(발생면적),0.0
2025,9,16,8,영광군,벼검은줄오갈병(감수율),0.0
2025,9,16,8,영광군,벼검은줄오갈병(피해율),0.0
2025,9,16,8,영광군,벼검은줄오갈병(발생면적률),0.0
2025,9,16,8,영광군,오갈병(발생면적),0.0
2025,9,16,8,영광군,오갈병(감수율),0.0
2025,9,16,8,영광군,오갈병(피해율),0.0
2025,9,16,8,영광군,오갈병(발생면적률),0.0
2025,9,16,8,영광군,이삭누룩병(발생추정면적),0.0
2025,9,16,8,영광군,이삭누룩병(감수율),0.0
2025,9,16,8,영광군,이삭누룩병(피해율),0.0
2025,9,16,8,영광군,이삭누룩병(발생면적율),0.0
2025,9,16,8,영광군,깨씨무늬병(발생추정면적),0.0
2025,9,16,8,영광군,깨씨무늬병(감수율),0.0
2025,9,16,8,영광군,깨씨무늬병(피해율),0.0
2025,9,16,8,영광군,깨씨무늬병(발생면적율),0.0
2025,9,16,8,영광군,벼잎벌레(발생추정면적),0.0
2025,9,16,8,영광군,벼잎벌레(감수율),0.0
2025,9,16,8,영광군,벼잎벌레(피해율),0.0
2025,9,16,8,영광군,벼잎벌레(발생면적율),0.0
2025,9,16,8,영광군,벼애잎굴파리(발생추정면적),0.0
2025,9,16,8,영광군,벼애잎굴파리(감수율),0.0
2025,9,16,8,영광군,벼애잎굴파리(피해율),0.0
2025,9,16,8,영광군,벼애잎굴파리(발생면적율),0.0
2025,9,16,8,영광군,벼줄기굴파리(발생추정면적),0.0
2025,9,16,8,영광군,벼줄기굴파리(감수율),0.0
2025,9,16,8,영광군,벼줄기굴파리(피해율),0.0
2025,9,16,8,영광군,벼줄기굴파리(발생면적율),0.0
2025,9,16,8,영광군,애멸구(발생추정면적),0.0
2025,9,16,8,영광군,애멸구(감수율),0.0
2025,9,16,8,영광군,애멸구(피해율),0.0
2025,9,16,8,영광군,애멸구(발생면적율),0.0
2025,9,16,8,영광군,끝동매미충(발생추정면적),0.0
2025,9,16,8,영광군,끝동매미충(감수율),0.0
2025,9,16,8,영광군,끝동매미충(피해율),0.0
2025,9,16,8,영광군,끝동매미충(발생면적율),0.0
2025,9,16,8,영광군,벼멸구(발생추정면적),0.0
2025,9,16,8,영광군,벼멸구(감수율),0.0
2025,9,16,8,영광군,벼멸구(피해율),0.0
2025,9,16,8,영광군,벼멸구(발생면적율),0.0
2025,9,16,8,영광군,흰등멸구(발생추정면적),0.0
2025,9,16,8,영광군,흰등멸구(감수율),0.0
2025,9,16,8,영광군,흰등멸구(피해율),0.0
2025,9,16,8,영광군,흰등멸구(발생면적율),0.0
2025,9,16,8,영광군,벼물바구미(발생추정면적),0.0
2025,9,16,8,영광군,벼물바구미(감수율),0.0
2025,9,16,8,영광군,벼물바구미(피해율),0.0
2025,9,16,8,영광군,벼물바구미(발생면적율),0.0
2025,9,16,8,영광군,혹명나방(발생추정면적),0.0
2025,9,16,8,영광군,혹명나방(감수율),0.0
2025,9,16,8,영광군,혹명나방(피해율),0.0
2025,9,16,8,영광군,혹명나방(발생면적율),0.0
2025,9,16,8,영광군,멸강나방(발생추정면적),0.0
2025,9,16,8,영광군,멸강나방(감수율),0.0
2025,9,16,8,영광군,멸강나방(피해율),0.0
2025,9,16,8,영광군,멸강나방(발생면적율),0.0
2025,9,16,8,영광군,먹노린재(발생추정면적),0.0
2025,9,16,8,영광군,먹노린재(감수율),0.0
2025,9,16,8,영광군,먹노린재(피해율),0.0
2025,9,16,8,영광군,먹노린재(발생면적율),0.0
2025,9,16,8,영광군,이화명나방1화기(발생면적),0.0
2025,9,16,8,영광군,이화명나방1화기(감수율),0.0
2025,9,16,8,영광군,이화명나방1화기(피해율),0.0
2025,9,16,8,영광군,이화명나방1화기(발생면적률),0.0
2025,9,16,8,영광군,이화명나방2화기(발생면적),0.0
2025,9,16,8,영광군,이화명나방2화기(감수율),0.0
2025,9,16,8,영광군,이화명나방2화기(피해율),0.0
2025,9,16,8,영광군,이화명나방2화기(발생면적률),0.0
2025,9,16,8,영광군,바이러스병(발생추정면적),0.0
2025,9,16,8,영광군,바이러스병(감수율),0.0
2025,9,16,8,영광군,바이러스병(피해율),0.0
2025,9,16,8,영광군,바이러스병(발생면적율),0.0
2025,9,16,8,영광군,키다리병(발생추정면적),0.0
2025,9,16,8,영광군,키다리병(감수율),0.0
2025,9,16,8,영광군,키다리병(피해율),0.0
2025,9,16,8,영광군,키다리병(발생면적율),0.0
2025,9,16,8,영광군,이화명나방(발생추정면적),0.0
2025,9,16,8,영광군,이화명나방(감수율),0.0
2025,9,16,8,영광군,이화명나방(피해율),0.0
2025,9,16,8,영광군,이화명나방(발생면적율),0.0
2025,9,16,8,영광군,벼애나방(발생추정면적),0.0
2025,9,16,8,영광군,벼애나방(감수율),0.0
2025,9,16,8,영광군,벼애나방(피해율),0.0
2025,9,16,8,영광군,벼애나방(발생면적율),0.0
2025,9,16,8,영광군,벼잎선충(발생추정면적),0.0
2025,9,16,8,영광군,벼잎선충(감수율),0.0
2025,9,16,8,영광군,벼잎선충(피해율),0.0
2025,9,16,8,영광군,벼잎선충(발생면적율),0.0
2025,9,16,8,영암군,잎도열병(발생추정면적),0.0
2025,9,16,8,영암군,잎도열병(감수율),0.0
2025,9,16,8,영암군,잎도열병(피해율),0.0
2025,9,16,8,영암군,잎도열병(발생면적율),0.0
2025,9,16,8,영암군,이삭도열병(발생추정면적),0.0
2025,9,16,8,영암군,이삭도열병(감수율),0.0
2025,9,16,8,영암군,이삭도열병(피해율),0.0
2025,9,16,8,영암군,이삭도열병(발생면적율),0.0
2025,9,16,8,영암군,잎집무늬마름병(발생추정면적),0.0
2025,9,16,8,영암군,잎집무늬마름병(감수율),0.0
2025,9,16,8,영암군,잎집무늬마름병(피해율),0.0
2025,9,16,8,영암군,잎집무늬마름병(발생면적율),0.0
2025,9,16,8,영암군,흰잎마름병(발생추정면적),0.0
2025,9,16,8,영암군,흰잎마름병(감수율),0.0
2025,9,16,8,영암군,흰잎마름병(피해율),0.0
2025,9,16,8,영암군,흰잎마름병(발생면적율),0.0
2025,9,16,8,영암군,세균벼알마름병(발생추정면적),0.0
2025,9,16,8,영암군,세균벼알마름병(감수율),0.0
2025,9,16,8,영암군,세균벼알마름병(피해율),0.0
2025,9,16,8,영암군,세균벼알마름병(발생면적율),0.0
2025,9,16,8,영암군,줄무늬잎마름병(발생면적),0.0
2025,9,16,8,영암군,줄무늬잎마름병(감수율),0.0
2025,9,16,8,영암군,줄무늬잎마름병(피해율),0.0
2025,9,16,8,영암군,줄무늬잎마름병(발생면적률),0.0
2025,9,16,8,영암군,벼검은줄오갈병(발생면적),0.0
2025,9,16,8,영암군,벼검은줄오갈병(감수율),0.0
2025,9,16,8,영암군,벼검은줄오갈병(피해율),0.0
2025,9,16,8,영암군,벼검은줄오갈병(발생면적률),0.0
2025,9,16,8,영암군,오갈병(발생면적),0.0
2025,9,16,8,영암군,오갈병(감수율),0.0
2025,9,16,8,영암군,오갈병(피해율),0.0
2025,9,16,8,영암군,오갈병(발생면적률),0.0
2025,9,16,8,영암군,이삭누룩병(발생추정면적),0.0
2025,9,16,8,영암군,이삭누룩병(감수율),0.0
2025,9,16,8,영암군,이삭누룩병(피해율),0.0
2025,9,16,8,영암군,이삭누룩병(발생면적율),0.0
2025,9,16,8,영암군,깨씨무늬병(발생추정면적),0.0
2025,9,16,8,영암군,깨씨무늬병(감수율),0.0
2025,9,16,8,영암군,깨씨무늬병(피해율),0.0
2025,9,16,8,영암군,깨씨무늬병(발생면적율),0.0
2025,9,16,8,영암군,벼잎벌레(발생추정면적),0.0
2025,9,16,8,영암군,벼잎벌레(감수율),0.0
2025,9,16,8,영암군,벼잎벌레(피해율),0.0
2025,9,16,8,영암군,벼잎벌레(발생면적율),0.0
2025,9,16,8,영암군,벼애잎굴파리(발생추정면적),0.0
2025,9,16,8,영암군,벼애잎굴파리(감수율),0.0
2025,9,16,8,영암군,벼애잎굴파리(피해율),0.0
2025,9,16,8,영암군,벼애잎굴파리(발생면적율),0.0
2025,9,16,8,영암군,벼줄기굴파리(발생추정면적),0.0
2025,9,16,8,영암군,벼줄기굴파리(감수율),0.0
2025,9,16,8,영암군,벼줄기굴파리(피해율),0.0
2025,9,16,8,영암군,벼줄기굴파리(발생면적율),0.0
2025,9,16,8,영암군,애멸구(발생추정면적),0.0
2025,9,16,8,영암군,애멸구(감수율),0.0
2025,9,16,8,영암군,애멸구(피해율),0.0
2025,9,16,8,영암군,애멸구(발생면적율),0.0
2025,9,16,8,영암군,끝동매미충(발생추정면적),0.0
2025,9,16,8,영암군,끝동매미충(감수율),0.0
2025,9,16,8,영암군,끝동매미충(피해율),0.0
2025,9,16,8,영암군,끝동매미충(발생면적율),0.0
2025,9,16,8,영암군,벼멸구(발생추정면적),0.0
2025,9,16,8,영암군,벼멸구(감수율),0.0
2025,9,16,8,영암군,벼멸구(피해율),0.0
2025,9,16,8,영암군,벼멸구(발생면적율),0.0
2025,9,16,8,영암군,흰등멸구(발생추정면적),0.0
2025,9,16,8,영암군,흰등멸구(감수율),0.0
2025,9,16,8,영암군,흰등멸구(피해율),0.0
2025,9,16,8,영암군,흰등멸구(발생면적율),0.0
2025,9,16,8,영암군,벼물바구미(발생추정면적),0.0
2025,9,16,8,영암군,벼물바구미(감수율),0.0
2025,9,16,8,영암군,벼물바구미(피해율),0.0
2025,9,16,8,영암군,벼물바구미(발생면적율),0.0
2025,9,16,8,영암군,혹명나방(발생추정면적),0.0
2025,9,16,8,영암군,혹명나방(감수율),0.0
2025,9,16,8,영암군,혹명나방(피해율),0.0
2025,9,16,8,영암군,혹명나방(발생면적율),0.0
2025,9,16,8,영암군,멸강나방(발생추정면적),0.0
2025,9,16,8,영암군,멸강나방(감수율),0.0
2025,9,16,8,영암군,멸강나방(피해율),0.0
2025,9,16,8,영암군,멸강나방(발생면적율),0.0
2025,9,16,8,영암군,먹노린재(발생추정면적),0.0
2025,9,16,8,영암군,먹노린재(감수율),0.0
2025,9,16,8,영암군,먹노린재(피해율),0.0
2025,9,16,8,영암군,먹노린재(발생면적율),0.0
2025,9,16,8,영암군,이화명나방1화기(발생면적),0.0
2025,9,16,8,영암군,이화명나방1화기(감수율),0.0
2025,9,16,8,영암군,이화명나방1화기(피해율),0.0
2025,9,16,8,영암군,이화명나방1화기(발생면적률),0.0
2025,9,16,8,영암군,이화명나방2화기(발생면적),0.0
2025,9,16,8,영암군,이화명나방2화기(감수율),0.0
2025,9,16,8,영암군,이화명나방2화기(피해율),0.0
2025,9,16,8,영암군,이화명나방2화기(발생면적률),0.0
2025,9,16,8,영암군,바이러스병(발생추정면적),0.0
2025,9,16,8,영암군,바이러스병(감수율),0.0
2025,9,16,8,영암군,바이러스병(피해율),0.0
2025,9,16,8,영암군,바이러스병(발생면적율),0.0
2025,9,16,8,영암군,키다리병(발생추정면적),0.0
2025,9,16,8,영암군,키다리병(감수율),0.0
2025,9,16,8,영암군,키다리병(피해율),0.0
2025,9,16,8,영암군,키다리병(발생면적율),0.0
2025,9,16,8,영암군,이화명나방(발생추정면적),0.0
2025,9,16,8,영암군,이화명나방(감수율),0.0
2025,9,16,8,영암군,이화명나방(피해율),0.0
2025,9,16,8,영암군,이화명나방(발생면적율),0.0
2025,9,16,8,영암군,벼애나방(발생추정면적),0.0
2025,9,16,8,영암군,벼애나방(감수율),0.0
2025,9,16,8,영암군,벼애나방(피해율),0.0
2025,9,16,8,영암군,벼애나방(발생면적율),0.0
2025,9,16,8,영암군,벼잎선충(발생추정면적),0.0
2025,9,16,8,영암군,벼잎선충(감수율),0.0
2025,9,16,8,영암군,벼잎선충(피해율),0.0
2025,9,16,8,영암군,벼잎선충(발생면적율),0.0
2025,9,16,8,완도군,잎도열병(발생추정면적),0.0
2025,9,16,8,완도군,잎도열병(감수율),0.0
2025,9,16,8,완도군,잎도열병(피해율),0.0
2025,9,16,8,완도군,잎도열병(발생면적율),0.0
2025,9,16,8,완도군,이삭도열병(발생추정면적),0.0
2025,9,16,8,완도군,이삭도열병(감수율),0.0
2025,9,16,8,완도군,이삭도열병(피해율),0.0
2025,9,16,8,완도군,이삭도열병(발생면적율),0.0
2025,9,16,8,완도군,잎집무늬마름병(발생추정면적),0.0
2025,9,16,8,완도군,잎집무늬마름병(감수율),0.0
2025,9,16,8,완도군,잎집무늬마름병(피해율),0.0
2025,9,16,8,완도군,잎집무늬마름병(발생면적율),0.0
2025,9,16,8,완도군,흰잎마름병(발생추정면적),0.0
2025,9,16,8,완도군,흰잎마름병(감수율),0.0
2025,9,16,8,완도군,흰잎마름병(피해율),0.0
2025,9,16,8,완도군,흰잎마름병(발생면적율),0.0
2025,9,16,8,완도군,세균벼알마름병(발생추정면적),0.0
2025,9,16,8,완도군,세균벼알마름병(감수율),0.0
2025,9,16,8,완도군,세균벼알마름병(피해율),0.0
2025,9,16,8,완도군,세균벼알마름병(발생면적율),0.0
2025,9,16,8,완도군,줄무늬잎마름병(발생면적),0.0
2025,9,16,8,완도군,줄무늬잎마름병(감수율),0.0
2025,9,16,8,완도군,줄무늬잎마름병(피해율),0.0
2025,9,16,8,완도군,줄무늬잎마름병(발생면적률),0.0
2025,9,16,8,완도군,벼검은줄오갈병(발생면적),0.0
2025,9,16,8,완도군,벼검은줄오갈병(감수율),0.0
2025,9,16,8,완도군,벼검은줄오갈병(피해율),0.0
2025,9,16,8,완도군,벼검은줄오갈병(발생면적률),0.0
2025,9,16,8,완도군,오갈병(발생면적),0.0
2025,9,16,8,완도군,오갈병(감수율),0.0
2025,9,16,8,완도군,오갈병(피해율),0.0
2025,9,16,8,완도군,오갈병(발생면적률),0.0
2025,9,16,8,완도군,이삭누룩병(발생추정면적),0.0
2025,9,16,8,완도군,이삭누룩병(감수율),0.0
2025,9,16,8,완도군,이삭누룩병(피해율),0.0
2025,9,16,8,완도군,이삭누룩병(발생면적율),0.0
2025,9,16,8,완도군,깨씨무늬병(발생추정면적),0.0
2025,9,16,8,완도군,깨씨무늬병(감수율),0.0
2025,9,16,8,완도군,깨씨무늬병(피해율),0.0
2025,9,16,8,완도군,깨씨무늬병(발생면적율),0.0
2025,9,16,8,완도군,벼잎벌레(발생추정면적),0.0
2025,9,16,8,완도군,벼잎벌레(감수율),0.0
2025,9,16,8,완도군,벼잎벌레(피해율),0.0
2025,9,16,8,완도군,벼잎벌레(발생면적율),0.0
2025,9,16,8,완도군,벼애잎굴파리(발생추정면적),0.0
2025,9,16,8,완도군,벼애잎굴파리(감수율),0.0
2025,9,16,8,완도군,벼애잎굴파리(피해율),0.0
2025,9,16,8,완도군,벼애잎굴파리(발생면적율),0.0
2025,9,16,8,완도군,벼줄기굴파리(발생추정면적),0.0
2025,9,16,8,완도군,벼줄기굴파리(감수율),0.0
2025,9,16,8,완도군,벼줄기굴파리(피해율),0.0
2025,9,16,8,완도군,벼줄기굴파리(발생면적율),0.0
2025,9,16,8,완도군,애멸구(발생추정면적),0.0
2025,9,16,8,완도군,애멸구(감수율),0.0
2025,9,16,8,완도군,애멸구(피해율),0.0
2025,9,16,8,완도군,애멸구(발생면적율),0.0
2025,9,16,8,완도군,끝동매미충(발생추정면적),0.0
2025,9,16,8,완도군,끝동매미충(감수율),0.0
2025,9,16,8,완도군,끝동매미충(피해율),0.0
2025,9,16,8,완도군,끝동매미충(발생면적율),0.0
2025,9,16,8,완도군,벼멸구(발생추정면적),0.0
2025,9,16,8,완도군,벼멸구(감수율),0.0
2025,9,16,8,완도군,벼멸구(피해율),0.0
2025,9,16,8,완도군,벼멸구(발생면적율),0.0
2025,9,16,8,완도군,흰등멸구(발생추정면적),0.0
2025,9,16,8,완도군,흰등멸구(감수율),0.0
2025,9,16,8,완도군,흰등멸구(피해율),0.0
2025,9,16,8,완도군,흰등멸구(발생면적율),0.0
2025,9,16,8,완도군,벼물바구미(발생추정면적),0.0
2025,9,16,8,완도군,벼물바구미(감수율),0.0
2025,9,16,8,완도군,벼물바구미(피해율),0.0
2025,9,16,8,완도군,벼물바구미(발생면적율),0.0
2025,9,16,8,완도군,혹명나방(발생추정면적),0.0
2025,9,16,8,완도군,혹명나방(감수율),0.0
2025,9,16,8,완도군,혹명나방(피해율),0.0
2025,9,16,8,완도군,혹명나방(발생면적율),0.0
2025,9,16,8,완도군,멸강나방(발생추정면적),0.0
2025,9,16,8,완도군,멸강나방(감수율),0.0
2025,9,16,8,완도군,멸강나방(피해율),0.0
2025,9,16,8,완도군,멸강나방(발생면적율),0.0
2025,9,16,8,완도군,먹노린재(발생추정면적),0.0
2025,9,16,8,완도군,먹노린재(감수율),0.0
2025,9,16,8,완도군,먹노린재(피해율),0.0
2025,9,16,8,완도군,먹노린재(발생면적율),0.0
2025,9,16,8,완도군,이화명나방1화기(발생면적),0.0
2025,9,16,8,완도군,이화명나방1화기(감수율),0.0
2025,9,16,8,완도군,이화명나방1화기(피해율),0.0
2025,9,16,8,완도군,이화명나방1화기(발생면적률),0.0
2025,9,16,8,완도군,이화명나방2화기(발생면적),0.0
2025,9,16,8,완도군,이화명나방2화기(감수율),0.0
2025,9,16,8,완도군,이화명나방2화기(피해율),0.0
2025,9,16,8,완도군,이화명나방2화기(발생면적률),0.0
2025,9,16,8,완도군,바이러스병(발생추정면적),0.0
2025,9,16,8,완도군,바이러스병(감수율),0.0
2025,9,16,8,완도군,바이러스병(피해율),0.0
2025,9,16,8,완도군,바이러스병(발생면적율),0.0
2025,9,16,8,완도군,키다리병(발생추정면적),0.0
2025,9,16,8,완도군,키다리병(감수율),0.0
2025,9,16,8,완도군,키다리병(피해율),0.0
2025,9,16,8,완도군,키다리병(발생면적율),0.0
2025,9,16,8,완도군,이화명나방(발생추정면적),0.0
2025,9,16,8,완도군,이화명나방(감수율),0.0
2025,9,16,8,완도군,이화명나방(피해율),0.0
2025,9,16,8,완도군,이화명나방(발생면적율),0.0
2025,9,16,8,완도군,벼애나방(발생추정면적),0.0
2025,9,16,8,완도군,벼애나방(감수율),0.0
2025,9,16,8,완도군,벼애나방(피해율),0.0
2025,9,16,8,완도군,벼애나방(발생면적율),0.0
2025,9,16,8,완도군,벼잎선충(발생추정면적),0.0
2025,9,16,8,완도군,벼잎선충(감수율),0.0
2025,9,16,8,완도군,벼잎선충(피해율),0.0
2025,9,16,8,완도군,벼잎선충(발생면적율),0.0
2025,9,16,8,장성군,잎도열병(발생추정면적),0.0
2025,9,16,8,장성군,잎도열병(감수율),0.0
2025,9,16,8,장성군,잎도열병(피해율),0.0
2025,9,16,8,장성군,잎도열병(발생면적율),0.0
2025,9,16,8,장성군,이삭도열병(발생추정면적),0.0
2025,9,16,8,장성군,이삭도열병(감수율),0.0
2025,9,16,8,장성군,이삭도열병(피해율),0.0
2025,9,16,8,장성군,이삭도열병(발생면적율),0.0
2025,9,16,8,장성군,잎집무늬마름병(발생추정면적),0.0
2025,9,16,8,장성군,잎집무늬마름병(감수율),0.0
2025,9,16,8,장성군,잎집무늬마름병(피해율),0.0
2025,9,16,8,장성군,잎집무늬마름병(발생면적율),0.0
2025,9,16,8,장성군,흰잎마름병(발생추정면적),0.0
2025,9,16,8,장성군,흰잎마름병(감수율),0.0
2025,9,16,8,장성군,흰잎마름병(피해율),0.0
2025,9,16,8,장성군,흰잎마름병(발생면적율),0.0
2025,9,16,8,장성군,세균벼알마름병(발생추정면적),0.0
2025,9,16,8,장성군,세균벼알마름병(감수율),0.0
2025,9,16,8,장성군,세균벼알마름병(피해율),0.0
2025,9,16,8,장성군,세균벼알마름병(발생면적율),0.0
2025,9,16,8,장성군,줄무늬잎마름병(발생면적),0.0
2025,9,16,8,장성군,줄무늬잎마름병(감수율),0.0
2025,9,16,8,장성군,줄무늬잎마름병(피해율),0.0
2025,9,16,8,장성군,줄무늬잎마름병(발생면적률),0.0
2025,9,16,8,장성군,벼검은줄오갈병(발생면적),0.0
2025,9,16,8,장성군,벼검은줄오갈병(감수율),0.0
2025,9,16,8,장성군,벼검은줄오갈병(피해율),0.0
2025,9,16,8,장성군,벼검은줄오갈병(발생면적률),0.0
2025,9,16,8,장성군,오갈병(발생면적),0.0
2025,9,16,8,장성군,오갈병(감수율),0.0
2025,9,16,8,장성군,오갈병(피해율),0.0
2025,9,16,8,장성군,오갈병(발생면적률),0.0
2025,9,16,8,장성군,이삭누룩병(발생추정면적),0.0
2025,9,16,8,장성군,이삭누룩병(감수율),0.0
2025,9,16,8,장성군,이삭누룩병(피해율),0.0
2025,9,16,8,장성군,이삭누룩병(발생면적율),0.0
2025,9,16,8,장성군,깨씨무늬병(발생추정면적),0.0
2025,9,16,8,장성군,깨씨무늬병(감수율),0.0
2025,9,16,8,장성군,깨씨무늬병(피해율),0.0
2025,9,16,8,장성군,깨씨무늬병(발생면적율),0.0
2025,9,16,8,장성군,벼잎벌레(발생추정면적),0.0
2025,9,16,8,장성군,벼잎벌레(감수율),0.0
2025,9,16,8,장성군,벼잎벌레(피해율),0.0
2025,9,16,8,장성군,벼잎벌레(발생면적율),0.0
2025,9,16,8,장성군,벼애잎굴파리(발생추정면적),0.0
2025,9,16,8,장성군,벼애잎굴파리(감수율),0.0
2025,9,16,8,장성군,벼애잎굴파리(피해율),0.0
2025,9,16,8,장성군,벼애잎굴파리(발생면적율),0.0
2025,9,16,8,장성군,벼줄기굴파리(발생추정면적),0.0
2025,9,16,8,장성군,벼줄기굴파리(감수율),0.0
2025,9,16,8,장성군,벼줄기굴파리(피해율),0.0
2025,9,16,8,장성군,벼줄기굴파리(발생면적율),0.0
2025,9,16,8,장성군,애멸구(발생추정면적),0.0
2025,9,16,8,장성군,애멸구(감수율),0.0
2025,9,16,8,장성군,애멸구(피해율),0.0
2025,9,16,8,장성군,애멸구(발생면적율),0.0
2025,9,16,8,장성군,끝동매미충(발생추정면적),0.0
2025,9,16,8,장성군,끝동매미충(감수율),0.0
2025,9,16,8,장성군,끝동매미충(피해율),0.0
2025,9,16,8,장성군,끝동매미충(발생면적율),0.0
2025,9,16,8,장성군,벼멸구(발생추정면적),0.0
2025,9,16,8,장성군,벼멸구(감수율),0.0
2025,9,16,8,장성군,벼멸구(피해율),0.0
2025,9,16,8,장성군,벼멸구(발생면적율),0.0
2025,9,16,8,장성군,흰등멸구(발생추정면적),0.0
2025,9,16,8,장성군,흰등멸구(감수율),0.0
2025,9,16,8,장성군,흰등멸구(피해율),0.0
2025,9,16,8,장성군,흰등멸구(발생면적율),0.0
2025,9,16,8,장성군,벼물바구미(발생추정면적),0.0
2025,9,16,8,장성군,벼물바구미(감수율),0.0
2025,9,16,8,장성군,벼물바구미(피해율),0.0
2025,9,16,8,장성군,벼물바구미(발생면적율),0.0
2025,9,16,8,장성군,혹명나방(발생추정면적),0.0
2025,9,16,8,장성군,혹명나방(감수율),0.0
2025,9,16,8,장성군,혹명나방(피해율),0.0
2025,9,16,8,장성군,혹명나방(발생면적율),0.0
2025,9,16,8,장성군,멸강나방(발생추정면적),0.0
2025,9,16,8,장성군,멸강나방(감수율),0.0
2025,9,16,8,장성군,멸강나방(피해율),0.0
2025,9,16,8,장성군,멸강나방(발생면적율),0.0
2025,9,16,8,장성군,먹노린재(발생추정면적),0.0
2025,9,16,8,장성군,먹노린재(감수율),0.0
2025,9,16,8,장성군,먹노린재(피해율),0.0
2025,9,16,8,장성군,먹노린재(발생면적율),0.0
2025,9,16,8,장성군,이화명나방1화기(발생면적),0.0
2025,9,16,8,장성군,이화명나방1화기(감수율),0.0
2025,9,16,8,장성군,이화명나방1화기(피해율),0.0
2025,9,16,8,장성군,이화명나방1화기(발생면적률),0.0
2025,9,16,8,장성군,이화명나방2화기(발생면적),0.0
2025,9,16,8,장성군,이화명나방2화기(감수율),0.0
2025,9,16,8,장성군,이화명나방2화기(피해율),0.0
2025,9,16,8,장성군,이화명나방2화기(발생면적률),0.0
2025,9,16,8,장성군,바이러스병(발생추정면적),0.0
2025,9,16,8,장성군,바이러스병(감수율),0.0
2025,9,16,8,장성군,바이러스병(피해율),0.0
2025,9,16,8,장성군,바이러스병(발생면적율),0.0
2025,9,16,8,장성군,키다리병(발생추정면적),0.0
2025,9,16,8,장성군,키다리병(감수율),0.0
2025,9,16,8,장성군,키다리병(피해율),0.0
2025,9,16,8,장성군,키다리병(발생면적율),0.0
2025,9,16,8,장성군,이화명나방(발생추정면적),0.0
2025,9,16,8,장성군,이화명나방(감수율),0.0
2025,9,16,8,장성군,이화명나방(피해율),0.0
2025,9,16,8,장성군,이화명나방(발생면적율),0.0
2025,9,16,8,장성군,벼애나방(발생추정면적),0.0
2025,9,16,8,장성군,벼애나방(감수율),0.0
2025,9,16,8,장성군,벼애나방(피해율),0.0
2025,9,16,8,장성군,벼애나방(발생면적율),0.0
2025,9,16,8,장성군,벼잎선충(발생추정면적),0.0
2025,9,16,8,장성군,벼잎선충(감수율),0.0
2025,9,16,8,장성군,벼잎선충(피해율),0.0
2025,9,16,8,장성군,벼잎선충(발생면적율),0.0
2025,9,16,8,장흥군,잎도열병(발생추정면적),0.0
2025,9,16,8,장흥군,잎도열병(감수율),0.0
2025,9,16,8,장흥군,잎도열병(피해율),0.0
2025,9,16,8,장흥군,잎도열병(발생면적율),0.0
2025,9,16,8,장흥군,이삭도열병(발생추정면적),0.0
2025,9,16,8,장흥군,이삭도열병(감수율),0.0
2025,9,16,8,장흥군,이삭도열병(피해율),0.0
2025,9,16,8,장흥군,이삭도열병(발생면적율),0.0
2025,9,16,8,장흥군,잎집무늬마름병(발생추정면적),0.0
2025,9,16,8,장흥군,잎집무늬마름병(감수율),0.0
2025,9,16,8,장흥군,잎집무늬마름병(피해율),0.0
2025,9,16,8,장흥군,잎집무늬마름병(발생면적율),0.0
2025,9,16,8,장흥군,흰잎마름병(발생추정면적),0.0
2025,9,16,8,장흥군,흰잎마름병(감수율),0.0
2025,9,16,8,장흥군,흰잎마름병(피해율),0.0
2025,9,16,8,장흥군,흰잎마름병(발생면적율),0.0
2025,9,16,8,장흥군,세균벼알마름병(발생추정면적),0.0
2025,9,16,8,장흥군,세균벼알마름병(감수율),0.0
2025,9,16,8,장흥군,세균벼알마름병(피해율),0.0
2025,9,16,8,장흥군,세균벼알마름병(발생면적율),0.0
2025,9,16,8,장흥군,줄무늬잎마름병(발생면적),0.0
2025,9,16,8,장흥군,줄무늬잎마름병(감수율),0.0
2025,9,16,8,장흥군,줄무늬잎마름병(피해율),0.0
2025,9,16,8,장흥군,줄무늬잎마름병(발생면적률),0.0
2025,9,16,8,장흥군,벼검은줄오갈병(발생면적),0.0
2025,9,16,8,장흥군,벼검은줄오갈병(감수율),0.0
2025,9,16,8,장흥군,벼검은줄오갈병(피해율),0.0
2025,9,16,8,장흥군,벼검은줄오갈병(발생면적률),0.0
2025,9,16,8,장흥군,오갈병(발생면적),0.0
2025,9,16,8,장흥군,오갈병(감수율),0.0
2025,9,16,8,장흥군,오갈병(피해율),0.0
2025,9,16,8,장흥군,오갈병(발생면적률),0.0
2025,9,16,8,장흥군,이삭누룩병(발생추정면적),0.0
2025,9,16,8,장흥군,이삭누룩병(감수율),0.0
2025,9,16,8,장흥군,이삭누룩병(피해율),0.0
2025,9,16,8,장흥군,이삭누룩병(발생면적율),0.0
2025,9,16,8,장흥군,깨씨무늬병(발생추정면적),0.0
2025,9,16,8,장흥군,깨씨무늬병(감수율),0.0
2025,9,16,8,장흥군,깨씨무늬병(피해율),0.0
2025,9,16,8,장흥군,깨씨무늬병(발생면적율),0.0
2025,9,16,8,장흥군,벼잎벌레(발생추정면적),0.0
2025,9,16,8,장흥군,벼잎벌레(감수율),0.0
2025,9,16,8,장흥군,벼잎벌레(피해율),0.0
2025,9,16,8,장흥군,벼잎벌레(발생면적율),0.0
2025,9,16,8,장흥군,벼애잎굴파리(발생추정면적),0.0
2025,9,16,8,장흥군,벼애잎굴파리(감수율),0.0
2025,9,16,8,장흥군,벼애잎굴파리(피해율),0.0
2025,9,16,8,장흥군,벼애잎굴파리(발생면적율),0.0
2025,9,16,8,장흥군,벼줄기굴파리(발생추정면적),0.0
2025,9,16,8,장흥군,벼줄기굴파리(감수율),0.0
2025,9,16,8,장흥군,벼줄기굴파리(피해율),0.0
2025,9,16,8,장흥군,벼줄기굴파리(발생면적율),0.0
2025,9,16,8,장흥군,애멸구(발생추정면적),0.0
2025,9,16,8,장흥군,애멸구(감수율),0.0
2025,9,16,8,장흥군,애멸구(피해율),0.0
2025,9,16,8,장흥군,애멸구(발생면적율),0.0
2025,9,16,8,장흥군,끝동매미충(발생추정면적),0.0
2025,9,16,8,장흥군,끝동매미충(감수율),0.0
2025,9,16,8,장흥군,끝동매미충(피해율),0.0
2025,9,16,8,장흥군,끝동매미충(발생면적율),0.0
2025,9,16,8,장흥군,벼멸구(발생추정면적),0.0
2025,9,16,8,장흥군,벼멸구(감수율),0.0
2025,9,16,8,장흥군,벼멸구(피해율),0.0
2025,9,16,8,장흥군,벼멸구(발생면적율),0.0
2025,9,16,8,장흥군,흰등멸구(발생추정면적),0.0
2025,9,16,8,장흥군,흰등멸구(감수율),0.0
2025,9,16,8,장흥군,흰등멸구(피해율),0.0
2025,9,16,8,장흥군,흰등멸구(발생면적율),0.0
2025,9,16,8,장흥군,벼물바구미(발생추정면적),0.0
2025,9,16,8,장흥군,벼물바구미(감수율),0.0
2025,9,16,8,장흥군,벼물바구미(피해율),0.0
2025,9,16,8,장흥군,벼물바구미(발생면적율),0.0
2025,9,16,8,장흥군,혹명나방(발생추정면적),0.0
2025,9,16,8,장흥군,혹명나방(감수율),0.0
2025,9,16,8,장흥군,혹명나방(피해율),0.0
2025,9,16,8,장흥군,혹명나방(발생면적율),0.0
2025,9,16,8,장흥군,멸강나방(발생추정면적),0.0
2025,9,16,8,장흥군,멸강나방(감수율),0.0
2025,9,16,8,장흥군,멸강나방(피해율),0.0
2025,9,16,8,장흥군,멸강나방(발생면적율),0.0
2025,9,16,8,장흥군,먹노린재(발생추정면적),0.0
2025,9,16,8,장흥군,먹노린재(감수율),0.0
2025,9,16,8,장흥군,먹노린재(피해율),0.0
2025,9,16,8,장흥군,먹노린재(발생면적율),0.0
2025,9,16,8,장흥군,이화명나방1화기(발생면적),0.0
2025,9,16,8,장흥군,이화명나방1화기(감수율),0.0
2025,9,16,8,장흥군,이화명나방1화기(피해율),0.0
2025,9,16,8,장흥군,이화명나방1화기(발생면적률),0.0
2025,9,16,8,장흥군,이화명나방2화기(발생면적),0.0
2025,9,16,8,장흥군,이화명나방2화기(감수율),0.0
2025,9,16,8,장흥군,이화명나방2화기(피해율),0.0
2025,9,16,8,장흥군,이화명나방2화기(발생면적률),0.0
2025,9,16,8,장흥군,바이러스병(발생추정면적),0.0
2025,9,16,8,장흥군,바이러스병(감수율),0.0
2025,9,16,8,장흥군,바이러스병(피해율),0.0
2025,9,16,8,장흥군,바이러스병(발생면적율),0.0
2025,9,16,8,장흥군,키다리병(발생추정면적),0.0
2025,9,16,8,장흥군,키다리병(감수율),0.0
2025,9,16,8,장흥군,키다리병(피해율),0.0
2025,9,16,8,장흥군,키다리병(발생면적율),0.0
2025,9,16,8,장흥군,이화명나방(발생추정면적),0.0
2025,9,16,8,장흥군,이화명나방(감수율),0.0
2025,9,16,8,장흥군,이화명나방(피해율),0.0
2025,9,16,8,장흥군,이화명나방(발생면적율),0.0
2025,9,16,8,장흥군,벼애나방(발생추정면적),0.0
2025,9,16,8,장흥군,벼애나방(감수율),0.0
2025,9,16,8,장흥군,벼애나방(피해율),0.0
2025,9,16,8,장흥군,벼애나방(발생면적율),0.0
2025,9,16,8,장흥군,벼잎선충(발생추정면적),0.0
2025,9,16,8,장흥군,벼잎선충(감수율),0.0
2025,9,16,8,장흥군,벼잎선충(피해율),0.0
2025,9,16,8,장흥군,벼잎선충(발생면적율),0.0
2025,9,16,8,진도군,잎도열병(발생추정면적),0.0
2025,9,16,8,진도군,잎도열병(감수율),0.0
2025,9,16,8,진도군,잎도열병(피해율),0.0
2025,9,16,8,진도군,잎도열병(발생면적율),0.0
2025,9,16,8,진도군,이삭도열병(발생추정면적),0.0
2025,9,16,8,진도군,이삭도열병(감수율),0.0
2025,9,16,8,진도군,이삭도열병(피해율),0.0
2025,9,16,8,진도군,이삭도열병(발생면적율),0.0
2025,9,16,8,진도군,잎집무늬마름병(발생추정면적),0.0
2025,9,16,8,진도군,잎집무늬마름병(감수율),0.0
2025,9,16,8,진도군,잎집무늬마름병(피해율),0.0
2025,9,16,8,진도군,잎집무늬마름병(발생면적율),0.0
2025,9,16,8,진도군,흰잎마름병(발생추정면적),0.0
2025,9,16,8,진도군,흰잎마름병(감수율),0.0
2025,9,16,8,진도군,흰잎마름병(피해율),0.0
2025,9,16,8,진도군,흰잎마름병(발생면적율),0.0
2025,9,16,8,진도군,세균벼알마름병(발생추정면적),0.0
2025,9,16,8,진도군,세균벼알마름병(감수율),0.0
2025,9,16,8,진도군,세균벼알마름병(피해율),0.0
2025,9,16,8,진도군,세균벼알마름병(발생면적율),0.0
2025,9,16,8,진도군,줄무늬잎마름병(발생면적),0.0
2025,9,16,8,진도군,줄무늬잎마름병(감수율),0.0
2025,9,16,8,진도군,줄무늬잎마름병(피해율),0.0
2025,9,16,8,진도군,줄무늬잎마름병(발생면적률),0.0
2025,9,16,8,진도군,벼검은줄오갈병(발생면적),0.0
2025,9,16,8,진도군,벼검은줄오갈병(감수율),0.0
2025,9,16,8,진도군,벼검은줄오갈병(피해율),0.0
2025,9,16,8,진도군,벼검은줄오갈병(발생면적률),0.0
2025,9,16,8,진도군,오갈병(발생면적),0.0
2025,9,16,8,진도군,오갈병(감수율),0.0
2025,9,16,8,진도군,오갈병(피해율),0.0
2025,9,16,8,진도군,오갈병(발생면적률),0.0
2025,9,16,8,진도군,이삭누룩병(발생추정면적),0.0
2025,9,16,8,진도군,이삭누룩병(감수율),0.0
2025,9,16,8,진도군,이삭누룩병(피해율),0.0
2025,9,16,8,진도군,이삭누룩병(발생면적율),0.0
2025,9,16,8,진도군,깨씨무늬병(발생추정면적),0.0
2025,9,16,8,진도군,깨씨무늬병(감수율),0.0
2025,9,16,8,진도군,깨씨무늬병(피해율),0.0
2025,9,16,8,진도군,깨씨무늬병(발생면적율),0.0
2025,9,16,8,진도군,벼잎벌레(발생추정면적),0.0
2025,9,16,8,진도군,벼잎벌레(감수율),0.0
2025,9,16,8,진도군,벼잎벌레(피해율),0.0
2025,9,16,8,진도군,벼잎벌레(발생면적율),0.0
2025,9,16,8,진도군,벼애잎굴파리(발생추정면적),0.0
2025,9,16,8,진도군,벼애잎굴파리(감수율),0.0
2025,9,16,8,진도군,벼애잎굴파리(피해율),0.0
2025,9,16,8,진도군,벼애잎굴파리(발생면적율),0.0
2025,9,16,8,진도군,벼줄기굴파리(발생추정면적),0.0
2025,9,16,8,진도군,벼줄기굴파리(감수율),0.0
2025,9,16,8,진도군,벼줄기굴파리(피해율),0.0
2025,9,16,8,진도군,벼줄기굴파리(발생면적율),0.0
2025,9,16,8,진도군,애멸구(발생추정면적),0.0
2025,9,16,8,진도군,애멸구(감수율),0.0
2025,9,16,8,진도군,애멸구(피해율),0.0
2025,9,16,8,진도군,애멸구(발생면적율),0.0
2025,9,16,8,진도군,끝동매미충(발생추정면적),0.0
2025,9,16,8,진도군,끝동매미충(감수율),0.0
2025,9,16,8,진도군,끝동매미충(피해율),0.0
2025,9,16,8,진도군,끝동매미충(발생면적율),0.0
2025,9,16,8,진도군,벼멸구(발생추정면적),0.0
2025,9,16,8,진도군,벼멸구(감수율),0.0
2025,9,16,8,진도군,벼멸구(피해율),0.0
2025,9,16,8,진도군,벼멸구(발생면적율),0.0
2025,9,16,8,진도군,흰등멸구(발생추정면적),0.0
2025,9,16,8,진도군,흰등멸구(감수율),0.0
2025,9,16,8,진도군,흰등멸구(피해율),0.0
2025,9,16,8,진도군,흰등멸구(발생면적율),0.0
2025,9,16,8,진도군,벼물바구미(발생추정면적),0.0
2025,9,16,8,진도군,벼물바구미(감수율),0.0
2025,9,16,8,진도군,벼물바구미(피해율),0.0
2025,9,16,8,진도군,벼물바구미(발생면적율),0.0
2025,9,16,8,진도군,혹명나방(발생추정면적),0.0
2025,9,16,8,진도군,혹명나방(감수율),0.0
2025,9,16,8,진도군,혹명나방(피해율),0.0
2025,9,16,8,진도군,혹명나방(발생면적율),0.0
2025,9,16,8,진도군,멸강나방(발생추정면적),0.0
2025,9,16,8,진도군,멸강나방(감수율),0.0
2025,9,16,8,진도군,멸강나방(피해율),0.0
2025,9,16,8,진도군,멸강나방(발생면적율),0.0
2025,9,16,8,진도군,먹노린재(발생추정면적),0.0
2025,9,16,8,진도군,먹노린재(감수율),0.0
2025,9,16,8,진도군,먹노린재(피해율),0.0
2025,9,16,8,진도군,먹노린재(발생면적율),0.0
2025,9,16,8,진도군,이화명나방1화기(발생면적),0.0
2025,9,16,8,진도군,이화명나방1화기(감수율),0.0
2025,9,16,8,진도군,이화명나방1화기(피해율),0.0
2025,9,16,8,진도군,이화명나방1화기(발생면적률),0.0
2025,9,16,8,진도군,이화명나방2화기(발생면적),0.0
2025,9,16,8,진도군,이화명나방2화기(감수율),0.0
2025,9,16,8,진도군,이화명나방2화기(피해율),0.0
2025,9,16,8,진도군,이화명나방2화기(발생면적률),0.0
2025,9,16,8,진도군,바이러스병(발생추정면적),0.0
2025,9,16,8,진도군,바이러스병(감수율),0.0
2025,9,16,8,진도군,바이러스병(피해율),0.0
2025,9,16,8,진도군,바이러스병(발생면적율),0.0
2025,9,16,8,진도군,키다리병(발생추정면적),0.0
2025,9,16,8,진도군,키다리병(감수율),0.0
2025,9,16,8,진도군,키다리병(피해율),0.0
2025,9,16,8,진도군,키다리병(발생면적율),0.0
2025,9,16,8,진도군,이화명나방(발생추정면적),0.0
2025,9,16,8,진도군,이화명나방(감수율),0.0
2025,9,16,8,진도군,이화명나방(피해율),0.0
2025,9,16,8,진도군,이화명나방(발생면적율),0.0
2025,9,16,8,진도군,벼애나방(발생추정면적),0.0
2025,9,16,8,진도군,벼애나방(감수율),0.0
2025,9,16,8,진도군,벼애나방(피해율),0.0
2025,9,16,8,진도군,벼애나방(발생면적율),0.0
2025,9,16,8,진도군,벼잎선충(발생추정면적),0.0
2025,9,16,8,진도군,벼잎선충(감수율),0.0
2025,9,16,8,진도군,벼잎선충(피해율),0.0
2025,9,16,8,진도군,벼잎선충(발생면적율),0.0
2025,9,16,8,함평군,잎도열병(발생추정면적),0.0
2025,9,16,8,함평군,잎도열병(감수율),0.0
2025,9,16,8,함평군,잎도열병(피해율),0.0
2025,9,16,8,함평군,잎도열병(발생면적율),0.0
2025,9,16,8,함평군,이삭도열병(발생추정면적),0.0
2025,9,16,8,함평군,이삭도열병(감수율),0.0
2025,9,16,8,함평군,이삭도열병(피해율),0.0
2025,9,16,8,함평군,이삭도열병(발생면적율),0.0
2025,9,16,8,함평군,잎집무늬마름병(발생추정면적),0.0
2025,9,16,8,함평군,잎집무늬마름병(감수율),0.0
2025,9,16,8,함평군,잎집무늬마름병(피해율),0.0
2025,9,16,8,함평군,잎집무늬마름병(발생면적율),0.0
2025,9,16,8,함평군,흰잎마름병(발생추정면적),0.0
2025,9,16,8,함평군,흰잎마름병(감수율),0.0
2025,9,16,8,함평군,흰잎마름병(피해율),0.0
2025,9,16,8,함평군,흰잎마름병(발생면적율),0.0
2025,9,16,8,함평군,세균벼알마름병(발생추정면적),0.0
2025,9,16,8,함평군,세균벼알마름병(감수율),0.0
2025,9,16,8,함평군,세균벼알마름병(피해율),0.0
2025,9,16,8,함평군,세균벼알마름병(발생면적율),0.0
2025,9,16,8,함평군,줄무늬잎마름병(발생면적),0.0
2025,9,16,8,함평군,줄무늬잎마름병(감수율),0.0
2025,9,16,8,함평군,줄무늬잎마름병(피해율),0.0
2025,9,16,8,함평군,줄무늬잎마름병(발생면적률),0.0
2025,9,16,8,함평군,벼검은줄오갈병(발생면적),0.0
2025,9,16,8,함평군,벼검은줄오갈병(감수율),0.0
2025,9,16,8,함평군,벼검은줄오갈병(피해율),0.0
2025,9,16,8,함평군,벼검은줄오갈병(발생면적률),0.0
2025,9,16,8,함평군,오갈병(발생면적),0.0
2025,9,16,8,함평군,오갈병(감수율),0.0
2025,9,16,8,함평군,오갈병(피해율),0.0
2025,9,16,8,함평군,오갈병(발생면적률),0.0
2025,9,16,8,함평군,이삭누룩병(발생추정면적),0.0
2025,9,16,8,함평군,이삭누룩병(감수율),0.0
2025,9,16,8,함평군,이삭누룩병(피해율),0.0
2025,9,16,8,함평군,이삭누룩병(발생면적율),0.0
2025,9,16,8,함평군,깨씨무늬병(발생추정면적),0.0
2025,9,16,8,함평군,깨씨무늬병(감수율),0.0
2025,9,16,8,함평군,깨씨무늬병(피해율),0.0
2025,9,16,8,함평군,깨씨무늬병(발생면적율),0.0
2025,9,16,8,함평군,벼잎벌레(발생추정면적),0.0
2025,9,16,8,함평군,벼잎벌레(감수율),0.0
2025,9,16,8,함평군,벼잎벌레(피해율),0.0
2025,9,16,8,함평군,벼잎벌레(발생면적율),0.0
2025,9,16,8,함평군,벼애잎굴파리(발생추정면적),0.0
2025,9,16,8,함평군,벼애잎굴파리(감수율),0.0
2025,9,16,8,함평군,벼애잎굴파리(피해율),0.0
2025,9,16,8,함평군,벼애잎굴파리(발생면적율),0.0
2025,9,16,8,함평군,벼줄기굴파리(발생추정면적),0.0
2025,9,16,8,함평군,벼줄기굴파리(감수율),0.0
2025,9,16,8,함평군,벼줄기굴파리(피해율),0.0
2025,9,16,8,함평군,벼줄기굴파리(발생면적율),0.0
2025,9,16,8,함평군,애멸구(발생추정면적),0.0
2025,9,16,8,함평군,애멸구(감수율),0.0
2025,9,16,8,함평군,애멸구(피해율),0.0
2025,9,16,8,함평군,애멸구(발생면적율),0.0
2025,9,16,8,함평군,끝동매미충(발생추정면적),0.0
2025,9,16,8,함평군,끝동매미충(감수율),0.0
2025,9,16,8,함평군,끝동매미충(피해율),0.0
2025,9,16,8,함평군,끝동매미충(발생면적율),0.0
2025,9,16,8,함평군,벼멸구(발생추정면적),0.0
2025,9,16,8,함평군,벼멸구(감수율),0.0
2025,9,16,8,함평군,벼멸구(피해율),0.0
2025,9,16,8,함평군,벼멸구(발생면적율),0.0
2025,9,16,8,함평군,흰등멸구(발생추정면적),0.0
2025,9,16,8,함평군,흰등멸구(감수율),0.0
2025,9,16,8,함평군,흰등멸구(피해율),0.0
2025,9,16,8,함평군,흰등멸구(발생면적율),0.0
2025,9,16,8,함평군,벼물바구미(발생추정면적),0.0
2025,9,16,8,함평군,벼물바구미(감수율),0.0
2025,9,16,8,함평군,벼물바구미(피해율),0.0
2025,9,16,8,함평군,벼물바구미(발생면적율),0.0
2025,9,16,8,함평군,혹명나방(발생추정면적),0.0
2025,9,16,8,함평군,혹명나방(감수율),0.0
2025,9,16,8,함평군,혹명나방(피해율),0.0
2025,9,16,8,함평군,혹명나방(발생면적율),0.0
2025,9,16,8,함평군,멸강나방(발생추정면적),0.0
2025,9,16,8,함평군,멸강나방(감수율),0.0
2025,9,16,8,함평군,멸강나방(피해율),0.0
2025,9,16,8,함평군,멸강나방(발생면적율),0.0
2025,9,16,8,함평군,먹노린재(발생추정면적),0.0
2025,9,16,8,함평군,먹노린재(감수율),0.0
2025,9,16,8,함평군,먹노린재(피해율),0.0
2025,9,16,8,함평군,먹노린재(발생면적율),0.0
2025,9,16,8,함평군,이화명나방1화기(발생면적),0.0
2025,9,16,8,함평군,이화명나방1화기(감수율),0.0
2025,9,16,8,함평군,이화명나방1화기(피해율),0.0
2025,9,16,8,함평군,이화명나방1화기(발생면적률),0.0
2025,9,16,8,함평군,이화명나방2화기(발생면적),0.0
2025,9,16,8,함평군,이화명나방2화기(감수율),0.0
2025,9,16,8,함평군,이화명나방2화기(피해율),0.0
2025,9,16,8,함평군,이화명나방2화기(발생면적률),0.0
2025,9,16,8,함평군,바이러스병(발생추정면적),0.0
2025,9,16,8,함평군,바이러스병(감수율),0.0
2025,9,16,8,함평군,바이러스병(피해율),0.0
2025,9,16,8,함평군,바이러스병(발생면적율),0.0
2025,9,16,8,함평군,키다리병(발생추정면적),0.0
2025,9,16,8,함평군,키다리병(감수율),0.0
2025,9,16,8,함평군,키다리병(피해율),0.0
2025,9,16,8,함평군,키다리병(발생면적율),0.0
2025,9,16,8,함평군,이화명나방(발생추정면적),0.0
2025,9,16,8,함평군,이화명나방(감수율),0.0
2025,9,16,8,함평군,이화명나방(피해율),0.0
2025,9,16,8,함평군,이화명나방(발생면적율),0.0
2025,9,16,8,함평군,벼애나방(발생추정면적),0.0
2025,9,16,8,함평군,벼애나방(감수율),0.0
2025,9,16,8,함평군,벼애나방(피해율),0.0
2025,9,16,8,함평군,벼애나방(발생면적율),0.0
2025,9,16,8,함평군,벼잎선충(발생추정면적),0.0
2025,9,16,8,함평군,벼잎선충(감수율),0.0
2025,9,16,8,함평군,벼잎선충(피해율),0.0
2025,9,16,8,함평군,벼잎선충(발생면적율),0.0
2025,9,16,8,해남군,잎도열병(발생추정면적),0.0
2025,9,16,8,해남군,잎도열병(감수율),0.0
2025,9,16,8,해남군,잎도열병(피해율),0.0
2025,9,16,8,해남군,잎도열병(발생면적율),0.0
2025,9,16,8,해남군,이삭도열병(발생추정면적),0.0
2025,9,16,8,해남군,이삭도열병(감수율),0.0
2025,9,16,8,해남군,이삭도열병(피해율),0.0
2025,9,16,8,해남군,이삭도열병(발생면적율),0.0
2025,9,16,8,해남군,잎집무늬마름병(발생추정면적),0.0
2025,9,16,8,해남군,잎집무늬마름병(감수율),0.0
2025,9,16,8,해남군,잎집무늬마름병(피해율),0.0
2025,9,16,8,해남군,잎집무늬마름병(발생면적율),0.0
2025,9,16,8,해남군,흰잎마름병(발생추정면적),0.0
2025,9,16,8,해남군,흰잎마름병(감수율),0.0
2025,9,16,8,해남군,흰잎마름병(피해율),0.0
2025,9,16,8,해남군,흰잎마름병(발생면적율),0.0
2025,9,16,8,해남군,세균벼알마름병(발생추정면적),0.0
2025,9,16,8,해남군,세균벼알마름병(감수율),0.0
2025,9,16,8,해남군,세균벼알마름병(피해율),0.0
2025,9,16,8,해남군,세균벼알마름병(발생면적율),0.0
2025,9,16,8,해남군,줄무늬잎마름병(발생면적),0.0
2025,9,16,8,해남군,줄무늬잎마름병(감수율),0.0
2025,9,16,8,해남군,줄무늬잎마름병(피해율),0.0
2025,9,16,8,해남군,줄무늬잎마름병(발생면적률),0.0
2025,9,16,8,해남군,벼검은줄오갈병(발생면적),0.0
2025,9,16,8,해남군,벼검은줄오갈병(감수율),0.0
2025,9,16,8,해남군,벼검은줄오갈병(피해율),0.0
2025,9,16,8,해남군,벼검은줄오갈병(발생면적률),0.0
2025,9,16,8,해남군,오갈병(발생면적),0.0
2025,9,16,8,해남군,오갈병(감수율),0.0
2025,9,16,8,해남군,오갈병(피해율),0.0
2025,9,16,8,해남군,오갈병(발생면적률),0.0
2025,9,16,8,해남군,이삭누룩병(발생추정면적),0.0
2025,9,16,8,해남군,이삭누룩병(감수율),0.0
2025,9,16,8,해남군,이삭누룩병(피해율),0.0
2025,9,16,8,해남군,이삭누룩병(발생면적율),0.0
2025,9,16,8,해남군,깨씨무늬병(발생추정면적),0.0
2025,9,16,8,해남군,깨씨무늬병(감수율),0.0
2025,9,16,8,해남군,깨씨무늬병(피해율),0.0
2025,9,16,8,해남군,깨씨무늬병(발생면적율),0.0
2025,9,16,8,해남군,벼잎벌레(발생추정면적),0.0
2025,9,16,8,해남군,벼잎벌레(감수율),0.0
2025,9,16,8,해남군,벼잎벌레(피해율),0.0
2025,9,16,8,해남군,벼잎벌레(발생면적율),0.0
2025,9,16,8,해남군,벼애잎굴파리(발생추정면적),0.0
2025,9,16,8,해남군,벼애잎굴파리(감수율),0.0
2025,9,16,8,해남군,벼애잎굴파리(피해율),0.0
2025,9,16,8,해남군,벼애잎굴파리(발생면적율),0.0
2025,9,16,8,해남군,벼줄기굴파리(발생추정면적),0.0
2025,9,16,8,해남군,벼줄기굴파리(감수율),0.0
2025,9,16,8,해남군,벼줄기굴파리(피해율),0.0
2025,9,16,8,해남군,벼줄기굴파리(발생면적율),0.0
2025,9,16,8,해남군,애멸구(발생추정면적),0.0
2025,9,16,8,해남군,애멸구(감수율),0.0
2025,9,16,8,해남군,애멸구(피해율),0.0
2025,9,16,8,해남군,애멸구(발생면적율),0.0
2025,9,16,8,해남군,끝동매미충(발생추정면적),0.0
2025,9,16,8,해남군,끝동매미충(감수율),0.0
2025,9,16,8,해남군,끝동매미충(피해율),0.0
2025,9,16,8,해남군,끝동매미충(발생면적율),0.0
2025,9,16,8,해남군,벼멸구(발생추정면적),0.0
2025,9,16,8,해남군,벼멸구(감수율),0.0
2025,9,16,8,해남군,벼멸구(피해율),0.0
2025,9,16,8,해남군,벼멸구(발생면적율),0.0
2025,9,16,8,해남군,흰등멸구(발생추정면적),0.0
2025,9,16,8,해남군,흰등멸구(감수율),0.0
2025,9,16,8,해남군,흰등멸구(피해율),0.0
2025,9,16,8,해남군,흰등멸구(발생면적율),0.0
2025,9,16,8,해남군,벼물바구미(발생추정면적),0.0
2025,9,16,8,해남군,벼물바구미(감수율),0.0
2025,9,16,8,해남군,벼물바구미(피해율),0.0
2025,9,16,8,해남군,벼물바구미(발생면적율),0.0
2025,9,16,8,해남군,혹명나방(발생추정면적),0.0
2025,9,16,8,해남군,혹명나방(감수율),0.0
2025,9,16,8,해남군,혹명나방(피해율),0.0
2025,9,16,8,해남군,혹명나방(발생면적율),0.0
2025,9,16,8,해남군,멸강나방(발생추정면적),0.0
2025,9,16,8,해남군,멸강나방(감수율),0.0
2025,9,16,8,해남군,멸강나방(피해율),0.0
2025,9,16,8,해남군,멸강나방(발생면적율),0.0
2025,9,16,8,해남군,먹노린재(발생추정면적),0.0
2025,9,16,8,해남군,먹노린재(감수율),0.0
2025,9,16,8,해남군,먹노린재(피해율),0.0
2025,9,16,8,해남군,먹노린재(발생면적율),0.0
2025,9,16,8,해남군,이화명나방1화기(발생면적),0.0
2025,9,16,8,해남군,이화명나방1화기(감수율),0.0
2025,9,16,8,해남군,이화명나방1화기(피해율),0.0
2025,9,16,8,해남군,이화명나방1화기(발생면적률),0.0
2025,9,16,8,해남군,이화명나방2화기(발생면적),0.0
2025,9,16,8,해남군,이화명나방2화기(감수율),0.0
2025,9,16,8,해남군,이화명나방2화기(피해율),0.0
2025,9,16,8,해남군,이화명나방2화기(발생면적률),0.0
2025,9,16,8,해남군,바이러스병(발생추정면적),0.0
2025,9,16,8,해남군,바이러스병(감수율),0.0
2025,9,16,8,해남군,바이러스병(피해율),0.0
2025,9,16,8,해남군,바이러스병(발생면적율),0.0
2025,9,16,8,해남군,키다리병(발생추정면적),0.0
2025,9,16,8,해남군,키다리병(감수율),0.0
2025,9,16,8,해남군,키다리병(피해율),0.0
2025,9,16,8,해남군,키다리병(발생면적율),0.0
2025,9,16,8,해남군,이화명나방(발생추정면적),0.0
2025,9,16,8,해남군,이화명나방(감수율),0.0
2025,9,16,8,해남군,이화명나방(피해율),0.0
2025,9,16,8,해남군,이화명나방(발생면적율),0.0
2025,9,16,8,해남군,벼애나방(발생추정면적),0.0
2025,9,16,8,해남군,벼애나방(감수율),0.0
2025,9,16,8,해남군,벼애나방(피해율),0.0
2025,9,16,8,해남군,벼애나방(발생면적율),0.0
2025,9,16,8,해남군,벼잎선충(발생추정면적),0.0
2025,9,16,8,해남군,벼잎선충(감수율),0.0
2025,9,16,8,해남군,벼잎선충(피해율),0.0
2025,9,16,8,해남군,벼잎선충(발생면적율),0.0
2025,9,16,8,화순군,잎도열병(발생추정면적),0.0
2025,9,16,8,화순군,잎도열병(감수율),0.0
2025,9,16,8,화순군,잎도열병(피해율),0.0
2025,9,16,8,화순군,잎도열병(발생면적율),0.0
2025,9,16,8,화순군,이삭도열병(발생추정면적),0.0
2025,9,16,8,화순군,이삭도열병(감수율),0.0
2025,9,16,8,화순군,이삭도열병(피해율),0.0
2025,9,16,8,화순군,이삭도열병(발생면적율),0.0
2025,9,16,8,화순군,잎집무늬마름병(발생추정면적),0.0
2025,9,16,8,화순군,잎집무늬마름병(감수율),0.0
2025,9,16,8,화순군,잎집무늬마름병(피해율),0.0
2025,9,16,8,화순군,잎집무늬마름병(발생면적율),0.0
2025,9,16,8,화순군,흰잎마름병(발생추정면적),0.0
2025,9,16,8,화순군,흰잎마름병(감수율),0.0
2025,9,16,8,화순군,흰잎마름병(피해율),0.0
2025,9,16,8,화순군,흰잎마름병(발생면적율),0.0
2025,9,16,8,화순군,세균벼알마름병(발생추정면적),0.0
2025,9,16,8,화순군,세균벼알마름병(감수율),0.0
2025,9,16,8,화순군,세균벼알마름병(피해율),0.0
2025,9,16,8,화순군,세균벼알마름병(발생면적율),0.0
2025,9,16,8,화순군,줄무늬잎마름병(발생면적),0.0
2025,9,16,8,화순군,줄무늬잎마름병(감수율),0.0
2025,9,16,8,화순군,줄무늬잎마름병(피해율),0.0
2025,9,16,8,화순군,줄무늬잎마름병(발생면적률),0.0
2025,9,16,8,화순군,벼검은줄오갈병(발생면적),0.0
2025,9,16,8,화순군,벼검은줄오갈병(감수율),0.0
2025,9,16,8,화순군,벼검은줄오갈병(피해율),0.0
2025,9,16,8,화순군,벼검은줄오갈병(발생면적률),0.0
2025,9,16,8,화순군,오갈병(발생면적),0.0
2025,9,16,8,화순군,오갈병(감수율),0.0
2025,9,16,8,화순군,오갈병(피해율),0.0
2025,9,16,8,화순군,오갈병(발생면적률),0.0
2025,9,16,8,화순군,이삭누룩병(발생추정면적),0.0
2025,9,16,8,화순군,이삭누룩병(감수율),0.0
2025,9,16,8,화순군,이삭누룩병(피해율),0.0
2025,9,16,8,화순군,이삭누룩병(발생면적율),0.0
2025,9,16,8,화순군,깨씨무늬병(발생추정면적),0.0
2025,9,16,8,화순군,깨씨무늬병(감수율),0.0
2025,9,16,8,화순군,깨씨무늬병(피해율),0.0
2025,9,16,8,화순군,깨씨무늬병(발생면적율),0.0
2025,9,16,8,화순군,벼잎벌레(발생추정면적),0.0
2025,9,16,8,화순군,벼잎벌레(감수율),0.0
2025,9,16,8,화순군,벼잎벌레(피해율),0.0
2025,9,16,8,화순군,벼잎벌레(발생면적율),0.0
2025,9,16,8,화순군,벼애잎굴파리(발생추정면적),0.0
2025,9,16,8,화순군,벼애잎굴파리(감수율),0.0
2025,9,16,8,화순군,벼애잎굴파리(피해율),0.0
2025,9,16,8,화순군,벼애잎굴파리(발생면적율),0.0
2025,9,16,8,화순군,벼줄기굴파리(발생추정면적),0.0
2025,9,16,8,화순군,벼줄기굴파리(감수율),0.0
2025,9,16,8,화순군,벼줄기굴파리(피해율),0.0
2025,9,16,8,화순군,벼줄기굴파리(발생면적율),0.0
2025,9,16,8,화순군,애멸구(발생추정면적),0.0
2025,9,16,8,화순군,애멸구(감수율),0.0
2025,9,16,8,화순군,애멸구(피해율),0.0
2025,9,16,8,화순군,애멸구(발생면적율),0.0
2025,9,16,8,화순군,끝동매미충(발생추정면적),0.0
2025,9,16,8,화순군,끝동매미충(감수율),0.0
2025,9,16,8,화순군,끝동매미충(피해율),0.0
2025,9,16,8,화순군,끝동매미충(발생면적율),0.0
2025,9,16,8,화순군,벼멸구(발생추정면적),0.0
2025,9,16,8,화순군,벼멸구(감수율),0.0
2025,9,16,8,화순군,벼멸구(피해율),0.0
2025,9,16,8,화순군,벼멸구(발생면적율),0.0
2025,9,16,8,화순군,흰등멸구(발생추정면적),0.0
2025,9,16,8,화순군,흰등멸구(감수율),0.0
2025,9,16,8,화순군,흰등멸구(피해율),0.0
2025,9,16,8,화순군,흰등멸구(발생면적율),0.0
2025,9,16,8,화순군,벼물바구미(발생추정면적),0.0
2025,9,16,8,화순군,벼물바구미(감수율),0.0
2025,9,16,8,화순군,벼물바구미(피해율),0.0
2025,9,16,8,화순군,벼물바구미(발생면적율),0.0
2025,9,16,8,화순군,혹명나방(발생추정면적),0.0
2025,9,16,8,화순군,혹명나방(감수율),0.0
2025,9,16,8,화순군,혹명나방(피해율),0.0
2025,9,16,8,화순군,혹명나방(발생면적율),0.0
2025,9,16,8,화순군,멸강나방(발생추정면적),0.0
2025,9,16,8,화순군,멸강나방(감수율),0.0
2025,9,16,8,화순군,멸강나방(피해율),0.0
2025,9,16,8,화순군,멸강나방(발생면적율),0.0
2025,9,16,8,화순군,먹노린재(발생추정면적),0.0
2025,9,16,8,화순군,먹노린재(감수율),0.0
2025,9,16,8,화순군,먹노린재(피해율),0.0
2025,9,16,8,화순군,먹노린재(발생면적율),0.0
2025,9,16,8,화순군,이화명나방1화기(발생면적),0.0
2025,9,16,8,화순군,이화명나방1화기(감수율),0.0
2025,9,16,8,화순군,이화명나방1화기(피해율),0.0
2025,9,16,8,화순군,이화명나방1화기(발생면적률),0.0
2025,9,16,8,화순군,이화명나방2화기(발생면적),0.0
2025,9,16,8,화순군,이화명나방2화기(감수율),0.0
2025,9,16,8,화순군,이화명나방2화기(피해율),0.0
2025,9,16,8,화순군,이화명나방2화기(발생면적률),0.0
2025,9,16,8,화순군,바이러스병(발생추정면적),0.0
2025,9,16,8,화순군,바이러스병(감수율),0.0
2025,9,16,8,화순군,바이러스병(피해율),0.0
2025,9,16,8,화순군,바이러스병(발생면적율),0.0
2025,9,16,8,화순군,키다리병(발생추정면적),0.0
2025,9,16,8,화순군,키다리병(감수율),0.0
2025,9,16,8,화순군,키다리병(피해율),0.0
2025,9,16,8,화순군,키다리병(발생면적율),0.0
2025,9,16,8,화순군,이화명나방(발생추정면적),0.0
2025,9,16,8,화순군,이화명나방(감수율),0.0
2025,9,16,8,화순군,이화명나방(피해율),0.0
2025,9,16,8,화순군,이화명나방(발생면적율),0.0
2025,9,16,8,화순군,벼애나방(발생추정면적),0.0
2025,9,16,8,화순군,벼애나방(감수율),0.0
2025,9,16,8,화순군,벼애나방(피해율),0.0
2025,9,16,8,화순군,벼애나방(발생면적율),0.0
2025,9,16,8,화순군,벼잎선충(발생추정면적),0.0
2025,9,16,8,화순군,벼잎선충(감수율),0.0
2025,9,16,8,화순군,벼잎선충(피해율),0.0
2025,9,16,8,화순군,벼잎선충(발생면적율),0.0
