지점,지점명,일시,평균기온(°C),최저기온(°C),최고기온(°C),일강수량(mm),평균 풍속(m/s),평균 이슬점온도(°C),평균 상대습도(%),합계 일조시간(hr)
261,해남,2014-05-01,14.4,6.3,21.5,0.0,1.5,8.5,71.5,12.5
261,해남,2014-05-02,15.2,7.8,22.7,0.0,2.3,10.4,74.9,8.7
261,해남,2014-05-03,13.9,8.0,20.4,0.0,2.7,5.0,58.6,12.0
261,해남,2014-05-04,13.4,6.9,19.3,0.4,2.3,6.0,65.3,0.1
261,해남,2014-05-05,11.0,4.7,17.4,0.0,2.2,0.4,53.5,11.6
261,해남,2014-05-06,11.3,3.7,19.4,0.0,1.7,1.4,57.8,12.6
261,해남,2014-05-07,14.9,3.7,21.0,0.0,2.1,4.7,55.5,11.2
261,해남,2014-05-08,15.5,8.7,18.9,0.0,3.4,10.4,72.4,8.7
261,해남,2014-05-09,15.1,6.6,24.9,0.0,1.7,6.9,63.4,11.5
261,해남,2014-05-10,18.5,12.1,22.5,0.0,4.3,4.1,40.1,11.0
261,해남,2014-05-11,18.6,16.2,21.9,40.0,6.0,12.6,69.3,3.6
261,해남,2014-05-12,17.3,13.4,21.8,6.5,2.5,11.8,72.6,10.1
261,해남,2014-05-13,18.1,10.2,25.5,0.0,1.4,12.6,72.8,11.2
261,해남,2014-05-14,15.7,14.1,17.3,16.0,2.0,13.2,85.3,0.0
261,해남,2014-05-15,17.0,13.0,21.7,0.0,2.5,11.1,70.6,10.1
261,해남,2014-05-16,17.5,9.6,24.0,0.0,1.6,9.6,64.9,10.8
261,해남,2014-05-17,18.1,11.4,26.4,0.0,1.5,6.9,56.4,12.1
261,해남,2014-05-18,18.5,10.7,26.8,0.0,1.3,10.0,63.5,9.4
261,해남,2014-05-19,19.8,11.7,27.4,0.0,1.5,11.0,61.9,11.0
261,해남,2014-05-20,17.5,15.8,20.7,32.0,2.0,15.3,87.4,0.3
261,해남,2014-05-21,18.0,14.6,22.6,0.0,2.3,14.3,80.1,9.2
261,해남,2014-05-22,19.5,12.8,26.5,0.0,1.6,14.9,76.5,9.2
261,해남,2014-05-23,19.3,15.6,23.8,0.0,2.5,14.7,76.1,10.3
261,해남,2014-05-24,20.5,14.2,26.1,0.0,1.5,14.8,72.0,6.2
261,해남,2014-05-25,19.6,17.1,22.0,7.5,3.7,16.7,84.3,0.1
261,해남,2014-05-26,19.7,13.3,25.9,0.1,2.5,10.9,65.4,9.8
261,해남,2014-05-27,20.1,13.0,26.8,0.0,1.7,13.9,70.8,8.6
261,해남,2014-05-28,21.2,17.5,25.8,0.0,2.9,15.5,71.6,9.7
261,해남,2014-05-29,21.8,16.1,29.5,0.0,1.7,14.8,68.3,10.6
261,해남,2014-05-30,22.1,13.4,30.4,0.0,1.5,10.0,54.4,12.8
261,해남,2014-05-31,22.1,14.9,30.0,0.0,1.7,14.3,65.6,12.6
261,해남,2014-06-01,21.3,16.2,26.2,0.0,1.9,14.8,68.6,0.0
261,해남,2014-06-02,19.6,17.8,21.7,26.7,5.6,15.9,79.6,0.3
261,해남,2014-06-03,19.5,18.3,20.3,14.5,3.9,17.4,87.9,0.0
261,해남,2014-06-04,21.8,19.0,25.8,10.0,3.5,17.3,76.1,2.3
261,해남,2014-06-05,21.9,18.1,26.4,0.0,1.6,17.3,76.0,2.2
261,해남,2014-06-06,21.0,17.8,25.7,0.0,1.3,16.9,78.5,3.1
261,해남,2014-06-07,21.3,16.0,26.0,0.0,1.7,16.6,76.4,9.8
261,해남,2014-06-08,20.8,17.7,25.4,0.0,1.4,16.5,77.9,3.2
261,해남,2014-06-09,20.8,17.9,25.0,0.0,2.1,16.9,78.8,2.3
261,해남,2014-06-10,22.0,19.9,25.7,0.0,2.4,17.3,75.0,3.7
261,해남,2014-06-11,22.2,18.9,27.6,0.5,2.0,16.8,72.9,8.8
261,해남,2014-06-12,20.4,16.9,24.6,5.0,1.9,16.2,77.6,4.0
261,해남,2014-06-13,21.6,17.5,25.6,0.0,2.0,17.1,76.5,4.5
261,해남,2014-06-14,22.1,18.1,27.6,0.0,1.7,16.9,74.1,7.9
261,해남,2014-06-15,21.8,16.4,27.3,0.0,1.6,15.6,70.4,7.6
261,해남,2014-06-16,22.2,18.1,28.1,0.0,1.5,17.1,74.6,3.6
261,해남,2014-06-17,20.2,19.4,21.4,8.0,2.1,16.1,78.1,0.4
261,해남,2014-06-18,22.4,18.8,27.5,0.0,1.6,16.9,72.8,3.1
261,해남,2014-06-19,22.8,18.4,29.3,0.0,1.6,18.0,76.3,8.8
261,해남,2014-06-20,22.3,18.6,25.6,0.0,2.4,18.1,77.9,1.0
261,해남,2014-06-21,22.0,20.5,24.2,2.5,2.9,17.8,77.6,0.4
261,해남,2014-06-22,21.4,19.6,25.1,0.0,1.1,18.2,82.8,0.0
261,해남,2014-06-23,22.0,19.5,25.3,0.0,1.6,18.6,81.5,1.0
261,해남,2014-06-24,22.4,19.7,26.5,0.0,2.1,18.6,80.0,5.2
261,해남,2014-06-25,22.6,20.1,26.7,0.0,1.5,18.1,77.3,1.8
261,해남,2014-06-26,22.6,19.1,27.2,0.0,1.2,18.5,79.0,2.6
261,해남,2014-06-27,23.3,17.8,30.0,0.0,1.7,18.1,74.4,7.3
261,해남,2014-06-28,23.5,19.9,28.2,0.0,2.3,18.4,75.3,8.1
261,해남,2014-06-29,23.3,17.8,28.3,0.0,2.0,18.4,75.8,11.9
261,해남,2014-06-30,23.9,20.5,28.7,0.0,1.6,19.4,77.9,6.2
261,해남,2014-07-01,23.5,19.6,28.8,0.0,1.3,19.3,78.5,4.2
261,해남,2014-07-02,20.9,19.6,23.1,7.5,2.2,17.7,82.8,0.0
261,해남,2014-07-03,21.7,20.3,23.3,3.5,2.5,19.6,88.5,0.0
261,해남,2014-07-04,22.7,21.1,25.5,1.0,1.1,19.8,84.3,0.2
261,해남,2014-07-05,22.1,20.7,23.7,1.5,2.6,18.8,82.0,0.0
261,해남,2014-07-06,21.3,20.0,23.0,20.5,3.9,18.8,86.3,0.0
261,해남,2014-07-07,22.9,21.0,25.4,0.0,2.3,20.4,86.4,0.3
261,해남,2014-07-08,25.0,22.4,28.4,0.2,3.1,22.4,85.9,2.5
261,해남,2014-07-09,26.3,24.7,28.5,7.0,5.0,22.3,79.3,0.5
261,해남,2014-07-10,25.7,22.8,29.2,0.0,3.2,22.1,81.1,8.2
261,해남,2014-07-11,24.7,20.3,30.1,0.0,1.6,20.0,76.6,5.5
261,해남,2014-07-12,24.4,22.0,29.3,0.5,0.9,20.7,81.1,0.0
261,해남,2014-07-13,23.2,20.9,27.0,16.5,1.6,20.3,84.4,2.0
261,해남,2014-07-14,23.9,21.3,28.1,0.0,1.4,20.8,83.8,6.8
261,해남,2014-07-15,23.1,21.2,26.2,3.0,1.3,20.8,87.5,0.0
261,해남,2014-07-16,23.9,22.0,27.6,7.0,1.2,21.7,87.6,0.0
261,해남,2014-07-17,24.2,21.6,26.8,6.0,1.4,22.3,89.6,0.0
261,해남,2014-07-18,25.7,23.6,28.8,0.1,2.1,23.6,88.9,0.1
261,해남,2014-07-19,25.5,22.8,30.9,10.0,2.0,22.6,85.0,6.2
261,해남,2014-07-20,26.0,23.2,31.0,0.0,1.5,22.7,83.1,4.0
261,해남,2014-07-21,25.3,21.7,29.8,0.0,1.4,22.8,86.8,8.4
261,해남,2014-07-22,26.0,21.5,29.7,0.0,1.9,22.9,83.6,6.1
261,해남,2014-07-23,27.3,23.4,31.2,0.0,2.2,24.2,84.0,6.9
261,해남,2014-07-24,28.4,26.4,31.6,0.5,2.4,25.3,84.1,2.3
261,해남,2014-07-25,28.6,25.6,31.6,0.0,4.2,24.7,79.9,8.1
261,해남,2014-07-26,25.4,21.0,29.4,0.2,2.7,21.1,78.3,7.9
261,해남,2014-07-27,24.2,19.6,31.0,0.0,1.3,18.7,74.9,11.7
261,해남,2014-07-28,21.5,18.8,24.9,31.5,2.8,18.1,81.4,0.0
261,해남,2014-07-29,25.5,22.3,29.1,0.0,3.1,22.3,82.9,8.3
261,해남,2014-07-30,27.5,24.0,31.6,0.0,2.7,22.5,75.5,11.5
261,해남,2014-07-31,28.6,23.8,33.6,0.0,2.9,22.5,71.1,11.4
261,해남,2014-08-01,27.4,25.0,30.7,5.5,5.1,22.0,73.3,1.2
261,해남,2014-08-02,25.4,23.6,28.1,150.5,8.3,22.5,84.5,0.0
261,해남,2014-08-03,24.0,23.4,25.4,33.5,3.8,22.5,91.4,0.0
261,해남,2014-08-04,24.2,23.6,24.7,39.0,2.4,22.9,92.9,0.0
261,해남,2014-08-05,26.4,23.4,31.0,0.0,1.3,23.2,83.9,7.8
261,해남,2014-08-06,26.7,22.9,31.7,0.0,1.4,23.8,85.1,7.2
261,해남,2014-08-07,25.9,23.5,29.8,0.2,1.3,23.4,86.9,0.9
261,해남,2014-08-08,25.8,23.8,29.9,0.0,2.9,21.2,76.3,3.4
261,해남,2014-08-09,25.9,20.6,32.2,0.2,1.4,21.2,77.0,7.5
261,해남,2014-08-10,24.7,22.6,28.9,0.5,1.8,21.1,81.4,4.9
261,해남,2014-08-11,24.2,21.8,28.4,0.2,2.6,19.1,74.1,8.0
261,해남,2014-08-12,24.9,21.1,30.4,0.0,1.7,21.3,81.8,7.7
261,해남,2014-08-13,24.5,22.3,28.0,0.0,1.0,21.7,85.4,0.0
261,해남,2014-08-14,22.7,20.9,25.1,4.0,1.2,20.9,90.1,0.0
261,해남,2014-08-15,23.9,21.5,28.2,4.0,1.6,21.1,85.0,0.3
261,해남,2014-08-16,24.2,18.3,31.3,0.0,1.2,20.3,80.8,10.5
261,해남,2014-08-17,23.4,21.3,26.3,8.0,2.6,20.5,84.0,0.0
261,해남,2014-08-18,24.5,22.1,27.7,20.5,3.0,22.6,89.8,0.0
261,해남,2014-08-19,23.6,21.7,27.2,3.5,1.3,21.5,88.5,0.0
261,해남,2014-08-20,24.1,22.1,26.8,5.5,1.0,22.4,90.6,0.0
261,해남,2014-08-21,24.1,21.4,26.9,1.0,2.8,21.5,86.3,2.7
261,해남,2014-08-22,24.1,20.3,30.1,0.0,1.3,21.0,83.9,8.0
261,해남,2014-08-23,24.3,19.3,30.0,0.0,1.1,20.2,80.4,6.3
261,해남,2014-08-24,24.1,21.8,26.6,10.0,1.7,22.3,90.0,0.0
261,해남,2014-08-25,25.7,23.7,27.8,42.5,3.1,23.5,87.8,0.6
261,해남,2014-08-26,25.2,23.1,28.8,0.0,2.5,21.9,82.9,6.0
261,해남,2014-08-27,23.5,21.6,26.3,0.1,1.8,20.8,85.5,0.2
261,해남,2014-08-28,21.6,19.9,23.1,7.0,2.2,19.3,87.6,0.0
261,해남,2014-08-29,21.6,19.5,24.7,11.0,2.6,18.4,82.6,0.1
261,해남,2014-08-30,22.7,18.3,28.1,0.0,1.8,18.5,78.9,10.1
261,해남,2014-08-31,21.4,18.8,25.6,0.5,1.1,18.8,85.9,1.1
261,해남,2014-09-01,22.0,15.5,28.1,0.0,1.8,17.3,77.0,10.5
261,해남,2014-09-02,22.3,19.2,23.5,2.0,3.8,19.2,82.8,0.0
261,해남,2014-09-03,23.4,19.4,26.0,9.5,2.8,21.5,89.5,0.0
261,해남,2014-09-04,23.0,18.6,28.4,0.0,1.4,19.0,80.3,10.3
261,해남,2014-09-05,22.3,16.1,29.9,0.0,1.0,19.0,83.8,9.3
261,해남,2014-09-06,22.6,18.6,28.9,2.0,1.3,19.1,83.1,6.3
261,해남,2014-09-07,23.0,16.3,30.3,0.0,1.1,19.5,83.6,8.4
261,해남,2014-09-08,23.2,18.5,29.7,0.0,1.7,19.8,83.5,10.2
261,해남,2014-09-10,22.0,15.9,27.7,0.0,2.1,14.4,64.8,10.7
261,해남,2014-09-11,20.8,13.7,29.0,0.0,1.1,16.9,80.8,6.6
261,해남,2014-09-12,21.4,18.4,25.0,1.5,1.4,18.2,83.3,0.0
261,해남,2014-09-13,22.1,18.0,27.3,0.0,2.7,16.1,71.4,11.7
261,해남,2014-09-14,21.3,16.4,26.8,0.0,2.1,15.6,72.4,6.9
261,해남,2014-09-15,21.3,15.5,28.1,0.0,1.4,16.3,75.9,4.1
261,해남,2014-09-16,22.1,19.0,27.4,0.0,1.9,16.1,70.0,2.1
261,해남,2014-09-17,20.9,17.1,27.1,0.0,1.5,15.3,72.4,4.8
261,해남,2014-09-18,20.7,17.1,25.4,0.0,1.3,16.4,78.4,1.6
261,해남,2014-09-19,19.4,14.7,22.2,0.0,2.0,14.9,76.0,0.0
261,해남,2014-09-20,19.4,12.5,26.6,0.0,1.7,14.2,75.3,9.9
261,해남,2014-09-21,20.0,14.3,27.5,0.0,1.7,13.7,71.3,7.7
261,해남,2014-09-22,20.9,12.3,27.6,0.0,2.4,14.7,70.6,11.1
261,해남,2014-09-23,21.9,20.1,24.9,24.0,4.1,16.8,74.4,0.1
261,해남,2014-09-24,22.8,20.0,25.7,51.0,2.6,19.8,84.3,0.2
261,해남,2014-09-25,20.8,16.7,26.5,0.0,1.6,17.6,81.3,5.5
261,해남,2014-09-27,21.7,16.4,27.9,0.0,1.6,16.8,72.3,8.6
261,해남,2014-09-28,21.1,14.8,29.4,0.0,1.1,17.5,82.8,8.3
261,해남,2014-09-29,21.3,17.7,25.4,4.5,2.2,18.8,86.8,0.1
261,해남,2014-09-30,20.6,16.9,26.2,2.0,1.4,17.8,85.4,2.6
261,해남,2015-05-01,18.1,12.2,24.9,0.0,1.6,15.0,84.4,8.9
261,해남,2015-05-02,18.6,12.8,22.8,12.5,3.4,15.5,83.5,6.2
261,해남,2015-05-03,17.9,14.4,20.4,11.0,3.0,16.9,94.1,0.0
261,해남,2015-05-04,15.2,11.6,20.9,0.0,3.2,7.3,63.1,9.7
261,해남,2015-05-05,13.0,4.7,20.0,0.0,2.0,3.2,56.5,12.6
261,해남,2015-05-06,13.0,5.3,21.0,0.0,1.2,6.1,66.9,2.3
261,해남,2015-05-07,15.3,6.4,24.3,0.0,1.7,5.8,59.4,12.4
261,해남,2015-05-08,16.2,6.9,24.9,0.0,1.3,6.7,58.1,8.4
261,해남,2015-05-09,17.9,13.2,24.2,0.4,1.8,11.6,69.6,7.8
261,해남,2015-05-10,17.5,11.8,23.7,0.0,2.2,13.0,77.0,10.1
261,해남,2015-05-11,17.1,15.1,20.6,41.5,4.8,13.6,80.8,0.0
261,해남,2015-05-12,16.0,12.7,19.0,7.0,3.7,11.3,74.3,11.4
261,해남,2015-05-13,19.8,15.2,24.3,0.0,3.6,10.0,54.5,12.7
261,해남,2015-05-14,20.3,18.0,24.9,0.0,2.7,16.5,79.1,4.5
261,해남,2015-05-15,19.3,15.9,25.2,10.5,1.5,17.2,88.9,3.1
261,해남,2015-05-16,17.7,11.6,23.4,0.0,2.8,10.6,67.9,12.2
261,해남,2015-05-17,17.5,8.6,25.1,0.0,1.6,6.1,56.3,7.5
261,해남,2015-05-18,16.0,14.1,17.7,8.5,1.7,13.5,86.1,0.0
261,해남,2015-05-19,17.6,14.6,25.1,0.0,1.8,15.2,87.1,8.6
261,해남,2015-05-20,17.6,13.2,23.0,0.0,2.6,9.9,65.1,12.8
261,해남,2015-05-21,17.9,10.2,26.3,0.0,2.2,10.4,65.3,11.3
261,해남,2015-05-22,19.5,14.0,27.3,0.0,1.4,9.6,57.1,7.2
261,해남,2015-05-23,18.7,14.7,25.5,0.0,1.3,10.8,62.4,3.8
261,해남,2015-05-24,19.2,12.7,27.2,0.0,1.8,10.5,61.6,12.9
261,해남,2015-05-25,18.5,10.4,26.2,0.0,1.8,10.1,63.5,13.3
261,해남,2015-05-26,20.3,11.8,30.4,0.0,1.6,13.3,69.6,12.7
261,해남,2015-05-27,21.2,12.1,29.6,0.0,1.6,11.2,58.8,11.4
261,해남,2015-05-28,21.6,16.4,28.5,0.0,2.1,12.3,59.5,8.7
261,해남,2015-05-29,21.8,14.5,30.3,0.0,1.5,14.5,67.1,12.4
261,해남,2015-05-30,19.6,17.6,24.1,4.0,2.1,16.4,82.5,1.5
261,해남,2015-05-31,20.2,15.6,28.3,0.0,1.9,15.3,75.6,11.6
261,해남,2015-06-01,20.6,13.9,29.0,0.0,1.7,15.2,74.8,11.1
261,해남,2015-06-02,19.8,16.2,23.6,1.0,1.7,17.3,86.6,0.1
261,해남,2015-06-03,21.8,18.5,27.3,0.0,3.3,10.6,53.4,10.3
261,해남,2015-06-04,21.2,11.4,29.3,0.0,1.8,7.9,49.3,11.6
261,해남,2015-06-05,17.1,13.7,22.3,2.2,1.8,12.8,77.0,3.6
261,해남,2015-06-06,19.1,12.0,25.2,0.0,2.3,13.6,73.3,12.4
261,해남,2015-06-07,20.2,17.0,23.9,0.0,3.4,15.3,74.8,5.1
261,해남,2015-06-08,20.1,18.4,21.8,0.5,2.4,17.6,86.4,0.1
261,해남,2015-06-09,22.4,18.5,28.3,0.0,1.6,18.4,79.6,5.6
261,해남,2015-06-10,22.8,17.1,28.2,0.0,2.4,17.6,75.1,7.7
261,해남,2015-06-11,22.6,21.0,25.9,0.5,3.0,20.3,87.3,0.3
261,해남,2015-06-12,24.4,20.1,30.1,0.0,1.7,18.7,73.3,10.5
261,해남,2015-06-13,23.7,19.8,28.0,0.0,2.6,18.4,73.4,0.9
261,해남,2015-06-14,22.9,20.2,26.9,0.0,3.3,19.3,81.0,1.1
261,해남,2015-06-15,22.6,20.2,26.9,0.0,1.9,19.0,81.4,3.5
261,해남,2015-06-16,22.3,19.6,27.5,0.1,2.1,19.3,84.8,3.8
261,해남,2015-06-17,20.0,18.1,22.9,15.5,2.1,18.7,92.5,0.6
261,해남,2015-06-18,21.9,16.8,28.6,15.5,1.5,18.9,84.5,6.7
261,해남,2015-06-19,22.2,18.7,27.8,0.5,1.3,19.2,84.4,6.0
261,해남,2015-06-20,20.0,18.0,22.9,44.5,1.1,18.7,92.5,0.2
261,해남,2015-06-21,20.9,17.6,25.4,0.0,1.4,18.3,86.1,6.5
261,해남,2015-06-22,21.1,17.0,25.7,0.0,1.4,17.9,83.3,5.4
261,해남,2015-06-23,22.7,17.8,28.3,0.0,1.5,19.5,83.1,8.8
261,해남,2015-06-24,21.1,19.6,23.2,4.7,1.8,19.5,90.9,0.0
261,해남,2015-06-25,21.6,20.5,23.9,27.1,4.4,19.8,90.0,0.1
261,해남,2015-06-26,21.4,19.8,23.5,11.0,4.0,19.9,91.3,1.2
261,해남,2015-06-27,20.6,19.1,23.0,0.0,2.3,19.1,91.3,1.2
261,해남,2015-06-28,21.9,18.6,26.6,0.0,2.0,19.4,86.4,7.3
261,해남,2015-06-29,21.5,18.9,25.3,0.0,1.8,19.4,88.5,2.2
261,해남,2015-06-30,20.1,19.0,21.6,42.0,1.6,19.0,93.8,0.0
261,해남,2015-07-01,21.5,17.2,25.7,0.1,2.3,19.3,87.6,6.2
261,해남,2015-07-02,20.9,14.5,25.5,0.0,1.0,18.6,87.1,9.1
261,해남,2015-07-03,22.8,17.9,26.9,0.0,1.7,18.7,79.8,8.9
261,해남,2015-07-04,21.0,16.3,26.6,0.0,1.2,18.0,84.4,4.9
261,해남,2015-07-05,21.1,16.4,25.8,0.0,0.9,18.0,83.8,6.1
261,해남,2015-07-06,20.6,16.9,24.6,0.2,0.9,18.9,90.4,1.4
261,해남,2015-07-07,19.7,18.5,20.8,22.0,2.8,18.4,92.9,0.0
261,해남,2015-07-08,22.7,19.8,25.0,2.1,3.0,21.6,93.8,0.0
261,해남,2015-07-09,24.7,22.1,28.7,2.8,3.4,23.0,91.0,5.7
261,해남,2015-07-10,26.7,22.9,31.3,0.0,3.3,23.7,84.1,12.7
261,해남,2015-07-11,25.1,23.8,28.0,45.6,5.1,23.3,90.3,0.0
261,해남,2015-07-12,24.0,21.5,25.5,137.2,8.1,22.8,93.8,0.0
261,해남,2015-07-13,22.8,20.8,25.8,2.5,4.2,21.3,92.1,3.1
261,해남,2015-07-14,24.2,19.8,29.2,0.0,1.0,22.6,91.3,4.8
261,해남,2015-07-15,25.1,21.1,30.4,0.0,0.9,23.0,89.0,7.2
261,해남,2015-07-16,24.6,20.8,29.0,0.0,1.2,22.1,87.3,5.9
261,해남,2015-07-17,23.5,20.6,28.8,0.0,1.7,21.4,88.9,6.5
261,해남,2015-07-18,23.2,20.8,26.6,0.0,2.4,20.9,87.6,7.6
261,해남,2015-07-19,24.8,19.2,30.3,0.0,2.2,21.6,83.6,8.5
261,해남,2015-07-20,25.2,24.0,28.2,0.0,1.5,23.9,93.4,0.2
261,해남,2015-07-21,25.1,23.5,27.6,0.0,1.4,23.9,93.5,0.6
261,해남,2015-07-22,25.5,22.6,29.0,0.2,1.5,24.1,92.8,2.5
261,해남,2015-07-23,26.2,24.2,28.2,10.1,4.4,24.9,93.0,0.4
261,해남,2015-07-24,25.8,24.8,27.1,1.0,4.1,24.6,93.5,0.0
261,해남,2015-07-25,26.7,23.2,30.5,0.3,2.7,23.6,84.3,5.9
261,해남,2015-07-26,26.7,22.2,32.2,0.0,1.9,23.9,85.6,10.5
261,해남,2015-07-27,25.1,21.5,29.0,0.0,0.9,23.9,93.3,1.0
261,해남,2015-07-28,26.5,23.3,29.7,0.2,0.7,25.2,92.9,1.6
261,해남,2015-07-29,27.6,25.6,30.9,0.0,2.0,26.3,93.1,8.8
261,해남,2015-07-30,27.7,25.6,31.5,0.0,1.6,26.0,91.1,6.4
261,해남,2015-07-31,27.1,23.6,30.7,0.0,1.7,25.3,90.4,10.2
261,해남,2015-08-01,26.8,24.1,31.2,0.0,1.6,24.9,89.9,10.4
261,해남,2015-08-02,27.3,23.6,31.3,0.0,1.6,25.1,88.8,6.2
261,해남,2015-08-03,26.5,22.1,31.2,0.0,1.8,23.7,85.6,11.9
261,해남,2015-08-04,27.2,22.7,31.6,0.0,2.4,24.5,85.9,10.4
261,해남,2015-08-05,27.3,22.6,32.7,0.0,1.8,24.8,87.5,11.0
261,해남,2015-08-06,27.4,21.4,33.2,0.0,1.4,23.3,80.3,12.8
261,해남,2015-08-07,27.5,21.6,34.1,0.0,1.4,23.8,81.9,9.6
261,해남,2015-08-08,27.4,23.8,34.1,0.1,1.2,24.8,86.8,9.3
261,해남,2015-08-09,26.7,22.0,33.7,0.0,1.2,23.9,85.4,9.5
261,해남,2015-08-10,25.9,20.9,32.0,0.0,1.1,23.1,85.4,3.4
261,해남,2015-08-11,23.2,20.7,25.8,24.9,2.0,21.7,91.9,0.0
261,해남,2015-08-12,24.3,21.4,27.5,0.0,3.1,22.4,89.9,1.9
261,해남,2015-08-13,24.9,20.4,29.1,0.0,1.4,22.5,87.8,6.1
261,해남,2015-08-14,23.9,18.4,30.6,0.0,1.1,21.3,86.9,9.6
261,해남,2015-08-15,25.1,19.0,31.8,0.0,1.0,21.6,82.8,11.9
261,해남,2015-08-16,24.3,19.4,28.8,0.1,1.0,22.3,89.3,0.1
261,해남,2015-08-17,24.7,20.1,29.4,0.0,0.9,21.9,85.5,5.7
261,해남,2015-08-18,24.5,20.6,29.4,0.0,1.2,22.0,87.1,3.7
261,해남,2015-08-19,25.1,21.1,28.7,0.0,1.4,22.6,86.8,2.9
261,해남,2015-08-20,24.7,22.9,26.2,9.9,0.9,23.6,93.6,0.0
261,해남,2015-08-21,24.5,22.4,28.0,105.3,1.7,22.7,89.9,3.7
261,해남,2015-08-22,23.7,22.1,27.0,1.4,0.5,22.5,93.5,0.0
261,해남,2015-08-23,24.5,22.7,27.7,1.4,0.1,23.1,92.0,0.2
261,해남,2015-08-24,24.4,22.1,25.9,0.0,3.3,22.2,88.0,0.0
261,해남,2015-08-25,22.2,20.8,24.1,12.6,2.3,21.0,93.3,0.0
261,해남,2015-08-26,22.3,17.6,27.4,0.0,1.9,19.3,84.3,12.4
261,해남,2015-08-27,22.3,16.7,27.8,0.0,1.2,20.6,90.6,9.0
261,해남,2015-08-28,23.1,18.8,28.6,0.0,1.0,20.8,88.0,9.0
261,해남,2015-08-29,22.0,17.6,28.0,0.0,0.5,19.1,86.1,6.4
261,해남,2015-08-30,25.1,21.8,28.3,0.0,0.5,22.9,87.5,6.3
261,해남,2015-08-31,24.6,20.2,29.0,0.0,1.3,22.4,87.6,7.8
261,해남,2015-09-01,23.3,19.7,28.2,0.0,1.3,21.6,89.6,7.2
261,해남,2015-09-02,24.0,18.7,29.2,1.7,2.0,22.1,89.8,8.5
261,해남,2015-09-03,23.6,19.2,28.5,2.8,1.9,21.4,88.4,8.8
261,해남,2015-09-04,23.8,19.4,30.0,0.0,1.5,20.8,84.9,9.4
261,해남,2015-09-05,21.3,18.7,25.9,18.6,2.4,19.9,92.0,0.2
261,해남,2015-09-06,22.1,19.0,26.2,4.7,2.4,20.0,88.6,4.8
261,해남,2015-09-07,21.2,17.1,26.4,0.1,1.1,17.9,83.1,5.3
261,해남,2015-09-08,20.3,15.1,27.3,0.0,1.3,15.4,75.6,12.0
261,해남,2015-09-09,19.7,12.2,26.9,0.0,1.5,14.8,76.1,11.8
261,해남,2015-09-10,20.3,12.5,28.3,0.0,1.6,15.3,76.5,11.6
261,해남,2015-09-11,20.4,13.0,27.5,0.0,1.2,17.2,84.1,8.4
261,해남,2015-09-12,19.6,15.0,22.7,3.3,1.3,18.2,92.0,0.0
261,해남,2015-09-13,18.1,12.0,25.2,0.0,1.2,13.0,75.6,11.9
261,해남,2015-09-14,18.3,11.8,26.7,0.0,1.1,13.8,77.9,8.3
261,해남,2015-09-15,18.9,12.0,26.4,0.0,2.0,14.6,78.0,8.9
261,해남,2015-09-16,19.2,15.8,23.2,0.0,1.3,15.9,82.1,0.5
261,해남,2015-09-17,19.4,13.4,27.4,0.0,1.3,15.7,81.6,11.1
261,해남,2015-09-18,19.2,13.2,26.9,0.0,1.0,16.6,86.0,8.0
261,해남,2015-09-19,19.3,13.2,26.9,0.0,0.9,16.5,85.4,7.5
261,해남,2015-09-20,19.7,12.5,27.3,0.0,1.0,16.7,85.0,7.7
261,해남,2015-09-21,19.7,13.8,28.7,0.4,0.8,17.4,87.5,6.5
261,해남,2015-09-22,20.2,13.2,26.8,0.0,2.5,17.6,85.9,9.5
261,해남,2015-09-23,19.6,19.0,21.1,29.0,2.8,18.4,93.0,0.0
261,해남,2015-09-24,21.2,15.9,27.4,0.0,1.1,18.9,87.8,6.1
261,해남,2015-09-25,20.7,16.7,26.4,0.0,0.5,18.4,87.8,1.4
261,해남,2015-09-26,19.9,15.1,27.3,0.0,1.2,17.1,85.9,7.0
261,해남,2015-09-27,19.7,13.3,28.7,0.0,0.7,15.8,81.6,9.0
261,해남,2015-09-28,19.7,11.6,29.0,0.0,1.2,15.3,79.9,6.9
261,해남,2015-09-29,20.8,11.8,29.7,0.0,1.7,14.5,72.5,10.3
261,해남,2015-09-30,18.5,17.5,20.5,7.3,4.4,16.8,89.9,0.0
261,해남,2016-05-01,16.5,6.2,24.5,0.0,1.9,8.4,64.9,11.5
261,해남,2016-05-02,18.3,11.6,22.2,17.2,4.5,16.9,92.0,3.4
261,해남,2016-05-03,15.2,11.3,20.0,20.8,5.5,13.1,87.9,1.8
261,해남,2016-05-04,14.4,6.9,21.7,0.0,2.6,9.3,74.9,12.5
261,해남,2016-05-05,16.3,6.6,23.1,0.9,3.1,11.5,77.0,4.3
261,해남,2016-05-06,17.8,13.7,22.3,0.3,3.3,16.6,93.0,0.5
261,해남,2016-05-07,16.2,10.5,22.8,0.0,2.7,7.9,62.3,9.7
261,해남,2016-05-08,16.2,6.2,23.2,0.0,2.1,9.0,66.0,3.1
261,해남,2016-05-09,15.5,13.5,19.4,2.4,1.1,13.4,88.1,0.0
261,해남,2016-05-10,13.8,12.3,15.5,19.8,1.7,13.0,94.8,0.0
261,해남,2016-05-11,15.5,10.6,22.5,0.0,1.6,12.6,84.1,7.4
261,해남,2016-05-12,16.4,8.4,24.1,0.0,1.3,13.2,82.5,13.0
261,해남,2016-05-13,16.0,11.3,21.1,0.0,2.1,13.3,84.8,6.6
261,해남,2016-05-14,17.5,12.4,22.1,0.0,3.5,13.2,77.1,11.6
261,해남,2016-05-15,19.0,12.7,25.1,8.1,4.4,17.4,91.3,4.4
261,해남,2016-05-16,14.1,9.1,20.7,5.2,2.8,9.2,76.0,9.7
261,해남,2016-05-17,16.7,6.6,25.6,0.0,1.6,11.2,73.8,13.2
261,해남,2016-05-18,19.3,9.3,29.5,0.0,1.3,12.3,71.3,12.6
261,해남,2016-05-19,18.8,12.1,27.1,0.0,1.8,11.1,66.5,10.6
261,해남,2016-05-20,19.4,10.0,28.5,0.0,2.1,12.0,68.4,12.0
261,해남,2016-05-21,20.4,12.3,28.0,0.0,2.3,11.1,60.1,10.5
261,해남,2016-05-22,21.0,14.8,26.7,0.0,2.5,10.5,54.3,9.0
261,해남,2016-05-23,21.2,15.1,26.3,0.0,3.1,15.2,70.6,10.2
261,해남,2016-05-24,18.0,14.5,20.7,27.4,2.2,16.7,92.6,0.4
261,해남,2016-05-25,19.2,14.2,25.9,0.0,1.3,16.2,84.3,11.3
261,해남,2016-05-26,20.1,13.7,26.9,0.0,1.2,15.7,78.5,5.8
261,해남,2016-05-27,21.3,16.9,27.9,1.1,1.3,17.5,80.9,4.2
261,해남,2016-05-28,19.1,16.6,25.1,6.8,0.7,16.6,87.1,2.9
261,해남,2016-05-29,18.9,16.1,24.9,1.6,1.6,16.3,86.0,5.4
261,해남,2016-05-30,21.1,14.9,28.1,0.0,2.3,16.4,76.8,12.7
261,해남,2016-05-31,19.9,14.8,25.6,0.0,1.4,14.9,76.8,4.4
261,해남,2016-06-01,21.5,17.0,27.0,0.0,2.2,15.5,72.4,9.1
261,해남,2016-06-02,19.5,14.3,25.4,0.0,1.2,15.9,81.1,12.1
261,해남,2016-06-03,20.6,12.0,27.6,0.0,1.2,13.0,65.4,8.9
261,해남,2016-06-04,17.9,15.4,20.2,11.9,2.6,16.7,93.0,0.0
261,해남,2016-06-05,20.2,14.8,24.6,0.0,0.9,16.8,82.1,4.2
261,해남,2016-06-06,20.2,18.5,22.5,0.0,1.6,17.9,87.3,0.0
261,해남,2016-06-07,20.4,17.4,23.1,0.0,0.8,18.0,86.6,1.1
261,해남,2016-06-08,20.9,16.8,25.8,0.0,1.0,17.0,78.8,2.3
261,해남,2016-06-09,21.8,17.8,28.6,0.2,1.1,17.8,79.4,5.7
261,해남,2016-06-10,22.2,19.6,26.7,0.0,2.9,17.7,76.3,8.7
261,해남,2016-06-11,22.7,19.6,27.3,2.6,2.8,19.8,83.8,3.6
261,해남,2016-06-12,23.6,21.5,26.2,0.9,1.8,20.8,84.6,0.2
261,해남,2016-06-13,22.9,19.6,28.1,0.0,1.9,18.2,75.5,9.5
261,해남,2016-06-14,21.7,17.6,27.2,0.0,1.8,17.3,77.1,10.1
261,해남,2016-06-15,22.6,18.0,25.6,0.2,2.3,18.9,79.8,1.6
261,해남,2016-06-16,20.8,18.0,23.4,0.0,2.7,17.3,81.0,0.5
261,해남,2016-06-17,21.4,15.4,28.3,0.0,1.4,16.5,75.0,12.1
261,해남,2016-06-18,22.1,16.1,28.0,0.5,2.2,18.2,79.3,6.9
261,해남,2016-06-19,24.0,21.7,29.2,0.3,1.7,20.9,83.1,4.1
261,해남,2016-06-20,22.8,20.6,25.2,17.5,1.8,20.3,85.8,0.1
261,해남,2016-06-21,24.1,21.6,29.3,0.3,2.3,20.9,82.6,3.3
261,해남,2016-06-22,22.5,21.5,23.6,9.4,3.1,19.9,85.3,0.0
261,해남,2016-06-23,24.2,21.6,29.0,0.0,2.3,20.5,80.6,6.2
261,해남,2016-06-24,22.7,20.6,25.7,54.3,3.7,20.0,85.1,1.5
261,해남,2016-06-25,22.5,19.6,27.3,0.0,2.6,16.0,69.8,9.1
261,해남,2016-06-26,23.2,18.7,29.3,0.0,2.0,17.2,71.8,11.8
261,해남,2016-06-27,19.9,16.8,24.3,1.0,1.0,17.0,84.1,0.1
261,해남,2016-06-28,21.1,18.2,24.3,3.1,2.2,17.4,79.8,1.0
261,해남,2016-06-29,21.8,19.8,23.9,1.3,2.7,19.1,84.9,0.5
261,해남,2016-06-30,23.6,21.0,27.9,0.0,1.6,20.6,83.4,2.0
261,해남,2016-07-01,24.6,22.2,25.8,30.4,3.8,22.0,85.6,0.0
261,해남,2016-07-02,22.9,21.5,25.4,27.2,3.1,20.4,85.8,0.0
261,해남,2016-07-03,21.5,20.3,23.3,84.7,1.8,19.0,86.0,0.0
261,해남,2016-07-04,25.9,23.0,28.4,0.1,3.2,23.2,85.6,0.0
261,해남,2016-07-05,27.6,24.8,30.7,0.7,4.8,24.4,82.9,7.0
261,해남,2016-07-06,25.5,24.1,27.9,0.7,3.0,22.9,85.9,0.7
261,해남,2016-07-07,26.7,23.6,31.8,0.0,1.6,22.4,78.5,10.5
261,해남,2016-07-08,26.3,22.2,30.5,1.0,1.9,22.3,79.5,9.8
261,해남,2016-07-09,26.1,21.5,31.9,0.0,1.3,22.4,80.9,8.9
261,해남,2016-07-10,24.7,21.4,28.0,0.0,1.1,21.9,84.6,0.3
261,해남,2016-07-11,25.0,23.1,29.6,0.0,1.2,21.8,82.9,1.2
261,해남,2016-07-12,23.0,22.0,24.4,51.0,1.2,20.5,86.0,0.0
261,해남,2016-07-13,25.4,22.2,30.0,1.0,1.3,22.3,83.5,3.1
261,해남,2016-07-14,24.8,20.4,28.8,0.0,2.6,20.5,78.3,8.5
261,해남,2016-07-15,24.5,20.4,28.2,0.2,4.7,19.1,72.8,8.0
261,해남,2016-07-16,23.4,22.1,26.9,8.2,4.2,20.4,83.8,1.6
261,해남,2016-07-17,24.2,20.1,28.5,0.0,2.0,20.4,80.0,5.9
261,해남,2016-07-18,24.0,18.5,30.0,0.0,0.9,19.6,77.9,7.1
261,해남,2016-07-19,25.5,21.2,29.8,0.0,2.9,20.8,76.3,11.4
261,해남,2016-07-20,25.5,22.5,30.0,0.0,4.3,20.0,72.9,11.1
261,해남,2016-07-21,25.0,22.4,29.1,0.0,5.0,20.1,75.0,10.6
261,해남,2016-07-22,25.2,22.5,29.2,0.0,4.4,20.0,73.8,11.9
261,해남,2016-07-23,26.1,22.5,30.7,0.0,3.5,21.9,78.3,13.1
261,해남,2016-07-24,27.9,23.9,32.8,0.0,1.8,23.9,79.3,10.1
261,해남,2016-07-25,27.9,23.5,33.0,0.0,1.4,23.0,76.1,12.1
261,해남,2016-07-26,28.0,23.4,32.9,0.0,1.7,23.8,78.8,12.8
261,해남,2016-07-27,28.4,24.4,32.5,0.2,2.5,25.0,82.5,4.5
261,해남,2016-07-28,29.6,27.7,33.2,0.0,3.0,26.2,82.1,8.5
261,해남,2016-07-29,29.5,26.0,34.5,0.0,1.6,24.8,77.0,10.3
261,해남,2016-07-30,29.1,25.6,33.8,0.0,1.1,24.6,77.9,8.6
261,해남,2016-07-31,28.9,24.4,34.6,0.0,1.0,23.4,74.0,9.5
261,해남,2016-08-01,28.0,22.9,35.7,0.0,1.1,22.7,74.5,11.4
261,해남,2016-08-02,26.9,22.5,32.5,0.0,0.7,22.4,77.9,3.2
261,해남,2016-08-03,26.8,23.5,32.6,0.3,1.5,23.4,82.4,1.3
261,해남,2016-08-04,28.2,23.8,33.3,0.0,2.3,23.4,76.6,10.8
261,해남,2016-08-05,28.1,22.5,33.9,0.0,1.9,22.8,74.4,12.0
261,해남,2016-08-06,28.3,22.3,34.7,0.0,1.4,22.8,73.8,12.3
261,해남,2016-08-07,28.1,23.5,34.7,0.0,1.3,23.4,76.6,8.1
261,해남,2016-08-08,28.5,22.6,35.8,0.0,1.4,23.1,74.3,9.5
261,해남,2016-08-09,28.7,23.6,34.3,0.0,2.0,23.8,76.0,10.5
261,해남,2016-08-10,28.8,24.2,35.8,0.0,1.5,24.0,76.4,8.9
261,해남,2016-08-11,29.4,24.2,37.1,0.0,1.2,23.2,72.5,11.6
261,해남,2016-08-12,29.2,23.2,36.7,0.0,1.4,22.9,71.1,12.4
261,해남,2016-08-13,29.2,23.0,36.0,0.0,1.8,23.3,72.8,12.3
261,해남,2016-08-14,29.1,24.4,34.6,0.0,2.2,23.9,74.9,11.2
261,해남,2016-08-15,27.8,24.3,33.0,0.0,1.7,24.1,80.9,5.2
261,해남,2016-08-16,27.6,23.1,33.5,0.0,1.9,22.1,73.4,11.3
261,해남,2016-08-17,27.2,21.3,33.6,0.0,1.0,22.9,78.3,6.7
261,해남,2016-08-18,28.2,23.2,34.4,0.0,2.0,22.2,72.0,11.8
261,해남,2016-08-19,29.0,22.6,35.7,0.0,1.9,23.0,71.9,10.8
261,해남,2016-08-20,28.2,23.6,34.8,0.0,2.0,22.8,74.3,8.2
261,해남,2016-08-21,28.3,22.6,35.4,0.1,1.2,22.3,72.3,9.5
261,해남,2016-08-22,28.3,23.3,34.4,0.0,1.5,23.6,76.9,10.6
261,해남,2016-08-23,28.0,22.7,33.8,0.0,2.0,22.7,74.4,10.2
261,해남,2016-08-24,27.4,22.2,35.4,0.0,1.3,20.3,68.3,10.7
261,해남,2016-08-25,27.3,19.8,35.0,0.0,1.2,20.3,68.8,10.5
261,해남,2016-08-26,24.6,21.5,32.4,4.0,2.1,21.4,82.9,3.2
261,해남,2016-08-27,22.2,20.0,26.0,2.5,2.9,18.1,78.4,0.2
261,해남,2016-08-28,20.8,16.9,26.0,18.2,3.4,15.9,74.9,5.3
261,해남,2016-08-29,22.4,18.1,27.2,0.0,3.2,14.0,60.9,12.6
261,해남,2016-08-30,23.0,19.4,27.1,0.0,5.7,15.5,63.5,8.9
261,해남,2016-08-31,24.4,19.8,29.0,0.0,4.7,17.8,67.3,10.4
261,해남,2016-09-01,26.1,23.1,30.7,0.0,3.8,20.8,73.4,10.2
261,해남,2016-09-02,21.4,19.1,25.6,10.3,2.8,18.7,85.0,0.5
261,해남,2016-09-03,23.9,17.3,30.8,0.0,0.9,19.7,78.5,7.5
261,해남,2016-09-04,25.4,20.7,31.0,0.4,1.1,21.5,80.0,3.6
261,해남,2016-09-05,25.0,20.5,30.8,0.0,1.4,20.4,77.3,8.2
261,해남,2016-09-06,22.4,18.7,26.3,0.0,0.8,19.5,83.9,0.5
261,해남,2016-09-07,23.2,20.4,27.4,0.3,1.1,19.8,82.0,0.1
261,해남,2016-09-08,22.6,17.0,29.6,0.0,1.4,16.8,72.0,10.2
261,해남,2016-09-09,23.0,17.5,29.8,0.0,1.7,17.8,74.1,9.5
261,해남,2016-09-10,21.5,15.5,30.3,0.0,1.0,17.1,77.6,5.4
261,해남,2016-09-11,23.0,17.4,28.5,0.8,0.7,19.2,80.0,2.4
261,해남,2016-09-12,21.9,17.9,28.4,2.8,1.2,17.5,77.6,5.7
261,해남,2016-09-13,22.3,16.1,30.5,0.0,1.1,17.8,77.6,8.3
261,해남,2016-09-14,22.4,17.8,28.0,0.0,0.9,18.4,79.1,1.5
261,해남,2016-09-15,23.0,16.8,30.2,0.0,0.9,18.7,78.4,5.4
261,해남,2016-09-16,21.7,20.0,23.9,12.0,1.6,18.9,84.8,0.0
261,해남,2016-09-17,23.4,20.6,26.6,93.6,3.5,20.8,86.0,0.0
261,해남,2016-09-18,22.4,19.9,25.2,0.2,3.0,19.6,84.4,0.4
261,해남,2016-09-19,21.6,18.8,26.1,0.0,1.3,17.7,79.5,2.7
261,해남,2016-09-20,19.4,14.4,26.0,0.0,1.1,13.9,72.6,11.0
261,해남,2016-09-21,19.6,13.2,26.1,0.0,1.6,12.8,67.3,5.1
261,해남,2016-09-22,19.7,14.7,26.7,0.0,1.2,13.9,72.0,8.3
261,해남,2016-09-23,19.9,14.0,26.4,0.0,0.8,15.2,75.9,5.7
261,해남,2016-09-24,20.3,14.3,27.6,0.0,0.9,15.5,76.1,9.3
261,해남,2016-09-25,21.0,14.7,27.0,0.0,1.0,16.8,78.3,2.1
261,해남,2016-09-26,23.7,19.0,27.9,0.3,1.9,20.2,81.5,0.6
261,해남,2016-09-27,25.7,22.1,30.8,0.0,2.1,21.9,80.5,6.6
261,해남,2016-09-28,21.5,20.2,23.7,16.8,1.1,19.0,86.0,0.0
261,해남,2016-09-29,20.3,18.8,22.6,1.8,2.0,17.7,85.4,0.0
261,해남,2016-09-30,18.3,17.3,19.5,54.7,2.1,15.9,86.0,0.0
261,해남,2017-05-01,16.7,7.8,26.9,0.0,2.6,9.5,66.4,11.3
261,해남,2017-05-02,17.3,10.0,24.2,0.0,2.5,3.3,43.4,8.6
261,해남,2017-05-03,16.4,6.1,26.1,0.0,2.2,7.8,61.3,12.1
261,해남,2017-05-04,18.3,9.6,25.2,2.6,2.4,11.1,66.3,8.8
261,해남,2017-05-05,17.6,15.1,20.3,2.8,2.0,15.7,89.0,0.0
261,해남,2017-05-06,15.7,7.8,23.5,0.0,3.0,2.0,45.3,9.0
261,해남,2017-05-07,15.3,4.5,24.6,0.0,2.0,8.1,67.0,11.9
261,해남,2017-05-08,16.0,6.4,25.5,0.0,1.1,6.9,59.9,4.2
261,해남,2017-05-09,13.8,11.9,15.3,3.8,3.8,11.2,84.9,0.0
261,해남,2017-05-10,14.6,10.3,19.1,0.4,2.4,11.5,83.0,3.6
261,해남,2017-05-11,20.3,9.8,27.8,0.0,2.0,14.5,71.3,9.6
261,해남,2017-05-12,18.2,12.4,22.2,0.0,1.7,15.0,82.3,0.0
261,해남,2017-05-13,17.1,10.9,25.2,0.0,2.2,12.9,79.1,8.4
261,해남,2017-05-14,16.0,9.8,22.5,0.0,3.1,7.0,61.9,11.8
261,해남,2017-05-15,14.4,6.8,21.8,0.0,1.9,6.1,64.6,5.8
261,해남,2017-05-16,15.5,9.1,23.5,0.0,1.6,8.5,67.8,6.6
261,해남,2017-05-17,16.6,8.2,25.7,0.0,1.8,9.0,65.5,11.7
261,해남,2017-05-18,18.3,8.6,28.2,0.0,1.6,8.7,60.4,13.0
261,해남,2017-05-19,18.6,9.4,28.8,0.0,1.7,7.2,55.3,12.9
261,해남,2017-05-20,18.3,9.8,26.9,0.0,1.4,9.1,60.8,8.4
261,해남,2017-05-21,18.8,11.0,27.8,0.0,1.2,12.1,68.8,6.7
261,해남,2017-05-22,20.1,12.4,28.2,0.0,1.7,12.5,66.5,11.8
261,해남,2017-05-23,19.9,12.4,26.7,0.0,1.2,14.8,75.0,4.1
261,해남,2017-05-24,20.5,15.4,26.8,0.0,1.5,15.6,76.0,6.9
261,해남,2017-05-25,19.1,12.1,28.3,0.0,2.4,9.8,61.5,12.3
261,해남,2017-05-26,16.3,10.7,21.6,0.0,3.2,4.8,50.0,13.5
261,해남,2017-05-27,16.6,7.6,25.5,0.0,1.5,7.3,59.6,13.0
261,해남,2017-05-28,18.8,10.0,27.2,0.0,2.0,6.9,52.9,12.6
261,해남,2017-05-29,21.3,12.6,29.6,0.0,1.5,12.3,62.0,12.7
261,해남,2017-05-30,21.6,13.5,31.8,0.0,1.4,11.6,59.6,8.3
261,해남,2017-05-31,21.9,17.0,26.2,0.0,1.6,18.0,79.9,0.3
261,해남,2017-06-01,20.8,14.9,26.9,0.0,2.6,16.7,78.8,5.9
261,해남,2017-06-02,18.7,11.2,26.4,0.0,2.3,7.9,55.9,13.3
261,해남,2017-06-03,19.4,12.5,26.1,0.0,2.8,6.7,46.6,11.5
261,해남,2017-06-04,19.6,9.1,28.3,0.0,2.3,7.9,52.8,13.4
261,해남,2017-06-05,20.9,12.5,30.4,0.0,2.4,9.7,54.8,9.8
261,해남,2017-06-06,18.7,16.5,20.4,10.0,5.2,12.9,72.3,0.0
261,해남,2017-06-07,18.1,16.1,20.2,2.3,3.0,15.7,86.3,0.0
261,해남,2017-06-08,19.6,15.4,25.4,0.0,2.5,13.8,71.9,9.9
261,해남,2017-06-09,20.7,14.8,27.6,0.0,1.7,14.8,72.1,10.3
261,해남,2017-06-10,21.9,19.4,25.7,0.0,1.6,19.9,89.4,0.0
261,해남,2017-06-11,20.9,17.9,26.4,2.5,1.4,17.9,83.8,3.0
261,해남,2017-06-12,19.1,16.1,23.5,0.0,3.3,10.7,59.4,4.2
261,해남,2017-06-13,20.0,15.4,26.9,0.0,1.9,12.1,62.3,10.7
261,해남,2017-06-14,20.0,12.6,27.3,0.0,2.3,13.3,69.6,13.3
261,해남,2017-06-15,21.5,15.2,28.6,0.0,2.6,12.9,64.4,12.8
261,해남,2017-06-16,21.8,14.8,29.4,0.0,1.8,15.4,70.3,12.2
261,해남,2017-06-17,22.9,17.5,30.2,0.0,2.2,14.2,61.4,12.7
261,해남,2017-06-18,23.2,15.8,32.2,0.0,1.9,13.1,60.3,12.9
261,해남,2017-06-19,23.3,15.5,32.2,0.0,1.5,14.5,62.9,11.3
261,해남,2017-06-20,21.8,18.9,25.3,2.0,3.2,17.8,78.4,0.0
261,해남,2017-06-21,22.5,18.2,27.9,0.0,1.8,18.3,79.1,2.9
261,해남,2017-06-22,23.8,18.6,30.5,0.0,1.7,18.6,75.3,9.8
261,해남,2017-06-23,23.7,18.4,31.3,0.0,1.4,18.1,73.9,6.5
261,해남,2017-06-24,23.0,18.3,27.7,0.0,1.8,17.6,74.0,2.2
261,해남,2017-06-25,23.2,18.6,28.5,0.0,1.2,18.6,77.0,3.3
261,해남,2017-06-26,23.6,21.4,26.9,1.8,2.6,20.1,81.8,0.9
261,해남,2017-06-27,23.3,20.6,27.8,0.0,2.9,19.2,79.4,3.4
261,해남,2017-06-28,24.0,19.3,29.8,0.0,1.4,19.4,77.8,4.8
261,해남,2017-06-29,22.3,20.5,25.1,4.9,1.8,20.0,87.3,0.3
261,해남,2017-06-30,24.8,21.6,28.5,0.9,1.2,21.6,82.9,0.2
261,해남,2017-07-01,26.5,23.9,29.9,0.1,2.6,22.9,81.1,0.8
261,해남,2017-07-02,27.2,25.6,29.1,0.4,3.8,23.6,81.3,0.1
261,해남,2017-07-03,26.4,25.0,28.3,0.4,4.5,23.8,86.0,0.1
261,해남,2017-07-04,25.9,24.3,28.2,3.8,1.8,24.2,90.4,1.0
261,해남,2017-07-05,28.0,24.6,32.7,0.1,1.5,23.9,79.9,9.3
261,해남,2017-07-06,24.6,22.3,27.0,86.0,1.4,23.4,93.1,0.0
261,해남,2017-07-07,27.5,23.9,30.4,2.4,2.5,23.7,80.6,3.0
261,해남,2017-07-08,25.9,22.9,29.2,6.6,2.1,24.3,91.3,0.0
261,해남,2017-07-09,27.0,23.2,29.8,0.0,1.6,24.0,84.5,0.3
261,해남,2017-07-10,26.8,23.9,28.1,0.1,4.7,24.4,86.8,0.0
261,해남,2017-07-11,24.8,21.7,28.6,0.1,1.8,22.7,88.9,2.0
261,해남,2017-07-12,25.6,21.5,31.5,0.0,1.3,22.3,84.1,10.0
261,해남,2017-07-13,26.8,21.9,32.1,0.0,1.2,23.4,82.9,9.3
261,해남,2017-07-14,28.0,23.9,32.0,9.0,1.9,24.8,83.6,5.5
261,해남,2017-07-15,28.0,26.5,29.5,0.6,3.2,24.7,82.9,0.3
261,해남,2017-07-16,28.6,25.3,32.4,0.0,3.4,24.4,78.5,6.2
261,해남,2017-07-17,27.5,25.8,30.2,4.6,3.0,25.0,86.8,1.6
261,해남,2017-07-18,24.9,23.2,27.8,38.9,1.1,23.6,92.9,0.0
261,해남,2017-07-19,27.2,23.5,32.9,0.0,1.1,24.3,85.5,7.6
261,해남,2017-07-20,28.9,23.4,34.8,0.0,1.2,24.4,78.9,11.4
261,해남,2017-07-21,29.1,25.5,34.0,0.0,1.6,25.6,82.4,10.6
261,해남,2017-07-22,28.4,25.3,32.5,0.0,1.4,25.1,83.4,7.7
261,해남,2017-07-23,28.6,25.0,32.1,0.0,1.2,25.4,84.0,5.0
261,해남,2017-07-24,29.2,25.1,34.3,0.0,1.0,25.7,83.1,8.0
261,해남,2017-07-25,28.0,25.2,32.5,0.0,1.7,24.7,83.6,5.4
261,해남,2017-07-26,26.4,21.7,31.4,0.0,3.1,20.4,70.5,9.8
261,해남,2017-07-27,26.2,21.1,31.9,0.0,2.1,18.3,64.0,13.0
261,해남,2017-07-28,27.2,20.7,33.4,0.0,1.0,23.1,80.1,9.4
261,해남,2017-07-29,28.0,25.2,32.4,0.0,1.5,24.7,83.3,2.5
261,해남,2017-07-30,27.6,24.7,31.8,0.0,2.5,22.9,76.5,7.1
261,해남,2017-07-31,27.4,25.0,31.1,9.6,2.8,24.1,83.4,0.2
261,해남,2017-08-01,28.9,25.2,33.8,0.0,3.1,24.7,79.4,10.6
261,해남,2017-08-02,28.3,25.4,32.6,0.0,2.4,23.7,77.4,10.8
261,해남,2017-08-03,28.2,24.4,32.2,0.0,3.9,22.5,72.0,13.1
261,해남,2017-08-04,29.3,24.6,35.3,0.0,2.6,24.1,75.0,12.2
261,해남,2017-08-05,29.8,23.9,37.2,0.0,1.5,23.9,74.0,10.4
261,해남,2017-08-06,29.8,23.8,37.2,0.0,1.3,23.5,72.1,9.5
261,해남,2017-08-07,29.6,25.6,35.3,0.0,2.4,24.6,77.0,9.9
261,해남,2017-08-08,27.8,24.4,34.1,1.7,0.9,24.0,81.9,1.0
261,해남,2017-08-09,27.0,24.2,32.3,5.1,2.0,24.0,84.4,3.5
261,해남,2017-08-10,27.0,22.1,32.3,0.0,1.9,22.7,79.0,7.9
261,해남,2017-08-11,27.2,20.8,34.5,0.0,1.3,21.6,74.9,9.5
261,해남,2017-08-12,27.1,23.5,31.6,0.0,2.6,22.1,75.5,5.9
261,해남,2017-08-13,24.7,22.8,26.3,14.7,4.2,20.9,79.9,0.0
261,해남,2017-08-14,24.8,22.8,27.5,75.9,2.9,23.4,92.1,0.0
261,해남,2017-08-15,25.8,24.0,30.0,3.7,2.1,23.8,89.4,1.1
261,해남,2017-08-16,26.0,22.3,31.1,0.6,1.6,22.5,82.3,5.9
261,해남,2017-08-17,25.4,21.1,30.6,0.0,1.5,21.2,79.6,8.4
261,해남,2017-08-18,25.9,21.2,32.0,0.0,1.1,21.7,80.1,10.3
261,해남,2017-08-19,25.5,20.8,28.2,0.3,1.8,22.3,83.1,1.2
261,해남,2017-08-20,27.1,24.9,31.2,8.0,3.4,24.1,84.4,5.6
261,해남,2017-08-21,26.8,23.5,31.8,51.9,1.7,23.7,84.5,5.8
261,해남,2017-08-22,27.4,23.6,33.3,36.0,1.1,25.3,88.9,4.5
261,해남,2017-08-23,29.3,24.2,33.7,0.0,2.2,25.0,78.8,12.1
261,해남,2017-08-24,29.3,27.1,32.2,0.2,3.9,25.7,81.3,8.9
261,해남,2017-08-25,27.7,23.1,32.6,0.0,2.0,22.8,76.1,7.9
261,해남,2017-08-26,24.7,17.1,30.9,0.0,2.1,15.2,59.9,12.1
261,해남,2017-08-27,22.8,14.6,30.3,0.0,1.4,16.9,73.1,12.4
261,해남,2017-08-28,25.4,17.5,31.6,0.0,2.0,22.0,83.1,7.4
261,해남,2017-08-29,23.9,16.6,28.2,0.8,2.8,15.4,61.6,10.5
261,해남,2017-08-30,20.5,15.3,27.7,0.0,2.2,10.9,57.6,4.5
261,해남,2017-08-31,23.0,16.4,28.6,0.0,2.3,15.5,64.9,11.1
261,해남,2017-09-01,22.6,18.1,30.1,0.0,1.2,17.5,76.3,9.5
261,해남,2017-09-02,21.0,15.8,25.6,0.0,0.8,16.7,78.4,3.5
261,해남,2017-09-03,21.6,14.9,28.1,0.0,1.4,15.2,70.6,10.7
261,해남,2017-09-04,22.9,19.0,27.0,0.0,2.4,17.2,71.4,1.0
261,해남,2017-09-05,22.2,21.0,23.5,1.2,2.2,20.3,89.6,0.0
261,해남,2017-09-06,22.2,20.2,23.7,60.5,0.6,21.3,95.0,0.0
261,해남,2017-09-07,21.3,18.6,26.2,3.6,1.7,18.1,83.6,4.1
261,해남,2017-09-08,21.8,16.8,29.1,0.0,1.3,17.7,80.5,8.2
261,해남,2017-09-09,21.9,16.2,29.8,0.0,0.8,18.0,81.0,6.7
261,해남,2017-09-10,23.1,16.0,29.0,1.8,2.0,18.0,76.0,7.8
261,해남,2017-09-11,23.7,20.3,26.8,17.5,3.7,20.9,84.6,0.6
261,해남,2017-09-12,23.0,17.7,28.8,0.0,1.9,17.3,71.6,11.2
261,해남,2017-09-13,20.5,12.9,28.7,0.0,1.8,13.6,69.6,11.7
261,해남,2017-09-14,21.3,12.6,28.4,0.0,2.0,14.6,69.0,11.6
261,해남,2017-09-15,21.7,18.7,24.7,0.0,4.4,12.7,56.9,2.3
261,해남,2017-09-16,21.2,17.2,26.0,0.0,2.9,14.6,67.5,4.9
261,해남,2017-09-17,21.7,17.0,28.2,0.0,2.1,16.9,75.6,8.5
261,해남,2017-09-18,20.9,15.0,27.7,0.0,1.2,16.9,80.4,9.7
261,해남,2017-09-19,22.8,18.2,27.8,0.0,1.7,19.7,83.9,4.3
261,해남,2017-09-20,20.1,15.0,23.9,0.0,1.5,13.9,70.0,0.8
261,해남,2017-09-21,18.2,10.2,26.3,0.0,0.9,13.4,76.4,8.6
261,해남,2017-09-22,20.2,15.0,28.0,0.0,1.5,15.9,79.1,8.0
261,해남,2017-09-23,20.3,15.0,27.3,0.0,1.0,17.3,85.0,4.3
261,해남,2017-09-24,20.8,16.2,29.1,0.0,1.0,17.4,83.3,7.2
261,해남,2017-09-25,21.8,14.4,29.2,0.0,1.5,16.6,74.6,8.6
261,해남,2017-09-26,23.9,19.9,28.4,0.0,3.4,17.4,67.9,8.5
261,해남,2017-09-27,21.4,19.6,24.3,1.9,3.0,19.0,86.9,0.5
261,해남,2017-09-28,20.8,13.9,26.4,0.0,2.0,13.6,68.9,8.2
261,해남,2017-09-29,17.1,10.9,23.2,0.0,1.7,8.2,59.0,9.4
261,해남,2017-09-30,17.9,8.2,28.1,0.0,1.5,8.9,62.9,11.0
261,해남,2018-05-01,18.1,16.0,20.5,0.0,2.8,16.0,88.3,0.1
261,해남,2018-05-02,15.4,9.7,19.3,0.3,2.8,13.1,86.9,0.0
261,해남,2018-05-03,12.0,7.0,18.6,0.0,3.7,4.1,60.9,9.3
261,해남,2018-05-04,11.9,2.8,20.0,0.0,2.1,3.0,61.8,12.7
261,해남,2018-05-05,18.2,7.2,24.4,0.0,3.0,8.6,56.1,8.1
261,해남,2018-05-06,16.7,15.0,19.5,18.7,2.5,15.1,91.1,0.0
261,해남,2018-05-07,17.0,13.3,22.0,24.2,1.6,14.6,87.3,2.0
261,해남,2018-05-08,16.5,12.8,23.3,3.3,2.4,12.2,78.4,3.9
261,해남,2018-05-09,14.3,12.1,17.6,0.4,1.6,10.1,76.4,1.8
261,해남,2018-05-10,15.2,9.6,22.3,0.0,1.3,10.7,77.0,11.0
261,해남,2018-05-11,17.4,10.1,24.2,0.0,1.2,7.6,58.3,7.8
261,해남,2018-05-12,18.8,16.7,21.9,11.3,2.6,14.5,77.4,0.3
261,해남,2018-05-13,16.2,12.1,20.3,2.2,1.8,13.4,84.9,6.8
261,해남,2018-05-14,18.4,11.4,27.9,0.0,0.8,12.1,72.4,10.1
261,해남,2018-05-15,21.1,12.0,29.1,0.0,1.2,17.0,79.6,7.8
261,해남,2018-05-16,23.7,21.1,25.7,1.8,3.4,21.3,87.3,0.0
261,해남,2018-05-17,23.1,20.3,24.6,1.4,3.6,21.1,89.1,0.0
261,해남,2018-05-18,19.6,15.8,23.6,1.4,1.6,18.1,92.1,0.0
261,해남,2018-05-19,16.1,11.9,20.9,0.0,3.4,11.9,76.8,5.0
261,해남,2018-05-20,17.2,13.4,24.5,0.2,5.7,6.5,51.8,7.1
261,해남,2018-05-21,18.2,11.6,23.6,0.0,3.2,11.3,65.0,10.8
261,해남,2018-05-22,18.5,14.6,23.1,4.3,3.0,14.3,77.5,5.1
261,해남,2018-05-23,18.4,11.8,24.4,5.8,3.6,9.8,61.9,10.7
261,해남,2018-05-24,17.4,6.9,27.6,0.0,1.1,7.8,61.0,11.2
261,해남,2018-05-25,18.5,10.2,27.9,0.0,1.2,8.7,59.6,8.1
261,해남,2018-05-26,19.6,12.7,25.5,0.0,0.0,12.5,65.9,13.1
261,해남,2018-05-27,19.2,12.9,26.0,0.0,0.0,13.9,73.6,3.8
261,해남,2018-05-28,19.7,17.7,22.5,0.0,0.8,16.4,82.3,0.0
261,해남,2018-05-29,21.5,17.6,27.4,0.0,1.2,17.7,81.1,0.0
261,해남,2018-05-30,21.1,18.1,26.6,0.0,1.6,17.7,82.3,0.0
261,해남,2018-05-31,18.7,14.2,24.5,0.0,2.3,13.0,71.6,1.6
261,해남,2018-06-01,21.1,11.9,30.6,0.0,1.5,13.9,67.6,12.1
261,해남,2018-06-02,22.2,13.4,33.0,0.0,1.0,12.3,61.0,12.9
261,해남,2018-06-03,21.4,14.8,30.0,0.0,1.4,12.2,60.4,12.0
261,해남,2018-06-04,21.5,14.0,28.8,0.0,1.2,14.5,67.8,6.6
261,해남,2018-06-05,20.2,17.3,23.5,1.1,1.8,17.0,82.6,0.5
261,해남,2018-06-06,21.6,17.0,29.7,0.0,1.2,17.3,78.9,7.2
261,해남,2018-06-07,21.8,15.9,29.7,0.0,1.3,17.1,77.5,11.4
261,해남,2018-06-08,20.9,16.3,26.7,0.0,2.0,16.4,77.0,9.3
261,해남,2018-06-09,20.9,15.0,25.8,0.0,2.7,15.1,71.3,10.3
261,해남,2018-06-10,20.0,18.0,23.8,1.1,1.9,15.2,74.5,0.2
261,해남,2018-06-11,19.6,17.2,23.6,2.8,1.9,16.5,83.1,0.9
261,해남,2018-06-12,20.1,16.1,25.5,0.2,1.9,15.5,77.3,8.0
261,해남,2018-06-13,20.8,16.0,25.6,0.0,3.5,15.0,71.0,12.4
261,해남,2018-06-14,21.0,17.4,25.4,0.0,3.9,14.2,66.3,12.2
261,해남,2018-06-15,20.8,17.4,27.2,0.0,2.7,13.4,63.9,8.6
261,해남,2018-06-16,19.7,15.8,25.5,0.0,2.6,12.8,66.5,11.2
261,해남,2018-06-17,20.7,15.4,25.5,0.0,1.3,15.9,76.0,3.8
261,해남,2018-06-18,22.0,17.2,29.2,0.0,1.3,16.9,74.6,6.1
261,해남,2018-06-19,21.0,19.2,28.0,13.9,1.3,18.0,84.8,0.7
261,해남,2018-06-20,21.8,18.2,26.4,0.0,2.1,17.4,77.6,8.2
261,해남,2018-06-21,22.5,17.9,28.9,0.0,2.0,16.7,72.5,12.0
261,해남,2018-06-22,22.6,16.8,29.8,0.0,1.3,14.9,66.0,5.5
261,해남,2018-06-23,22.1,18.5,27.2,0.0,1.6,16.2,71.6,10.0
261,해남,2018-06-24,23.8,19.0,30.4,0.0,1.7,17.1,69.3,11.3
261,해남,2018-06-25,24.5,17.0,33.2,0.0,1.9,17.4,68.9,11.5
261,해남,2018-06-26,23.8,22.6,25.5,0.5,4.0,22.2,90.9,0.0
261,해남,2018-06-27,23.4,22.8,25.1,51.4,2.8,22.1,93.0,0.0
261,해남,2018-06-28,22.8,21.8,25.2,130.2,1.4,21.5,93.1,0.0
261,해남,2018-06-29,24.2,22.2,28.0,0.0,1.4,21.8,87.1,0.8
261,해남,2018-06-30,22.9,20.6,25.8,37.7,3.0,20.9,88.8,0.1
261,해남,2018-07-01,25.8,20.4,28.4,12.2,4.5,22.2,81.1,2.5
261,해남,2018-07-02,25.8,23.4,28.5,1.8,3.2,22.4,82.3,3.5
261,해남,2018-07-03,26.4,23.5,29.6,0.0,3.7,20.7,71.5,2.2
261,해남,2018-07-04,25.6,21.8,30.2,0.0,1.8,21.5,80.1,6.8
261,해남,2018-07-05,24.3,22.5,29.1,2.2,1.3,21.6,85.8,0.6
261,해남,2018-07-06,23.1,21.2,25.1,2.6,3.3,19.6,81.0,0.1
261,해남,2018-07-07,22.4,17.9,27.7,0.0,2.6,17.9,77.0,6.7
261,해남,2018-07-08,22.0,18.6,25.2,0.0,2.5,18.1,79.5,2.8
261,해남,2018-07-09,22.7,20.8,27.1,0.0,3.9,20.9,89.8,2.0
261,해남,2018-07-10,25.1,22.2,29.4,0.0,4.0,21.8,82.9,8.9
261,해남,2018-07-11,26.7,23.7,30.7,0.0,3.9,23.1,81.5,10.6
261,해남,2018-07-12,27.3,23.2,32.8,0.0,1.7,23.8,83.0,10.7
261,해남,2018-07-13,26.7,23.2,31.5,0.0,1.5,23.6,84.8,10.0
261,해남,2018-07-14,26.5,22.0,31.7,0.0,1.2,23.3,84.3,11.6
261,해남,2018-07-15,26.6,21.2,33.1,0.0,1.1,22.7,82.0,13.2
261,해남,2018-07-16,26.5,21.0,32.3,0.0,1.2,22.5,81.0,13.0
261,해남,2018-07-17,26.8,21.3,32.8,0.0,1.1,22.8,80.8,12.4
261,해남,2018-07-18,26.9,21.0,34.3,0.0,0.8,22.4,79.3,12.2
261,해남,2018-07-19,27.2,20.9,34.5,0.0,1.1,22.1,76.6,12.8
261,해남,2018-07-20,27.9,20.6,35.5,0.0,0.8,22.7,76.9,12.9
261,해남,2018-07-21,28.8,22.5,35.0,0.0,1.6,22.9,73.1,12.6
261,해남,2018-07-22,28.4,26.8,31.1,0.0,4.1,23.6,76.0,0.7
261,해남,2018-07-23,28.6,26.0,32.6,0.0,3.3,24.5,79.5,11.4
261,해남,2018-07-24,28.3,24.6,33.2,0.0,2.4,24.8,82.6,10.9
261,해남,2018-07-25,28.2,23.7,34.6,0.0,1.5,24.2,81.3,12.5
261,해남,2018-07-26,28.2,23.0,34.9,0.0,1.1,24.5,82.3,11.2
261,해남,2018-07-27,29.2,24.2,36.6,0.0,1.7,24.9,79.8,11.0
261,해남,2018-07-28,29.1,24.7,35.3,0.0,1.7,25.4,82.1,9.5
261,해남,2018-07-29,29.4,24.9,34.8,0.0,2.0,24.9,78.6,10.8
261,해남,2018-07-30,28.3,24.2,34.5,0.0,1.8,23.5,77.0,5.3
261,해남,2018-07-31,28.5,22.9,35.4,0.0,1.3,23.9,78.8,10.7
261,해남,2018-08-01,28.8,22.6,36.3,0.0,1.6,23.2,75.0,12.7
261,해남,2018-08-02,29.5,23.8,35.3,0.0,3.0,23.5,71.6,12.3
261,해남,2018-08-03,28.2,26.6,31.7,0.8,4.0,24.3,80.1,4.7
261,해남,2018-08-04,29.1,25.4,34.5,0.0,1.7,25.1,80.8,11.9
261,해남,2018-08-05,29.0,25.3,34.1,0.0,2.2,24.8,79.4,9.0
261,해남,2018-08-06,29.2,24.6,35.7,0.0,1.8,24.5,78.5,10.3
261,해남,2018-08-07,27.9,25.3,32.4,0.4,1.3,25.8,89.0,3.3
261,해남,2018-08-08,29.2,24.6,34.6,0.0,1.7,25.2,80.5,8.9
261,해남,2018-08-09,28.8,23.9,34.4,0.0,1.6,24.6,80.3,10.9
261,해남,2018-08-10,27.8,24.3,33.7,4.4,1.2,25.6,89.3,3.7
261,해남,2018-08-11,28.5,25.1,32.9,0.0,2.0,24.6,81.3,10.3
261,해남,2018-08-12,28.5,25.0,32.3,0.0,3.3,24.1,77.5,4.8
261,해남,2018-08-13,29.4,25.3,33.5,0.0,3.2,24.6,76.6,11.1
261,해남,2018-08-14,28.5,23.0,34.6,0.0,1.7,23.6,77.8,11.2
261,해남,2018-08-15,29.2,23.1,35.4,0.0,1.9,24.1,76.9,11.0
261,해남,2018-08-16,28.1,25.4,32.1,0.3,4.1,23.7,77.6,3.2
261,해남,2018-08-17,26.1,23.5,30.5,0.0,4.6,18.0,61.6,7.2
261,해남,2018-08-18,25.1,21.2,30.9,0.0,3.8,17.9,66.1,12.3
261,해남,2018-08-19,25.8,20.8,31.1,0.0,2.5,19.9,71.8,12.4
261,해남,2018-08-20,26.8,23.2,30.8,0.0,3.6,22.7,79.1,6.5
261,해남,2018-08-21,27.3,21.1,34.0,0.0,1.6,21.7,75.3,12.6
261,해남,2018-08-22,28.8,22.1,34.6,0.0,3.8,22.7,71.3,4.4
261,해남,2018-08-23,25.2,23.9,28.2,157.8,3.1,23.9,92.8,0.0
261,해남,2018-08-27,27.1,25.6,30.5,0.3,2.2,24.7,87.1,3.3
261,해남,2018-08-28,27.4,24.0,31.3,0.0,2.1,24.1,83.8,0.0
261,해남,2018-08-29,26.6,21.8,30.7,1.1,2.3,23.8,85.9,0.0
261,해남,2018-08-30,27.3,25.4,30.7,0.0,3.5,24.8,87.0,9.3
261,해남,2018-08-31,25.3,23.0,27.1,28.2,3.1,24.2,93.9,0.0
261,해남,2018-09-01,23.3,22.1,26.1,4.3,3.0,21.3,89.0,0.6
261,해남,2018-09-02,23.2,20.4,27.1,0.0,4.2,20.4,84.8,5.5
261,해남,2018-09-03,25.7,22.6,29.1,2.2,2.6,23.8,89.6,1.6
261,해남,2018-09-04,23.7,19.7,28.6,38.2,2.8,20.3,82.1,9.7
261,해남,2018-09-05,22.3,17.3,29.1,0.0,1.2,19.0,83.9,6.2
261,해남,2018-09-06,22.8,18.8,26.1,0.0,0.8,20.5,88.1,0.0
261,해남,2018-09-07,21.0,17.8,23.9,13.2,1.5,18.2,84.8,0.1
261,해남,2018-09-08,18.0,13.1,23.9,0.0,1.0,13.8,79.0,4.0
261,해남,2018-09-09,19.3,10.9,27.4,0.0,1.8,13.6,73.4,11.8
261,해남,2018-09-10,19.9,13.0,27.1,0.0,1.1,16.1,81.6,7.4
261,해남,2018-09-11,20.1,15.3,25.3,0.0,3.0,13.9,68.6,6.6
261,해남,2018-09-12,22.3,15.9,29.0,0.0,1.9,17.6,76.3,10.4
261,해남,2018-09-13,21.7,20.3,24.2,13.1,3.7,20.2,91.5,0.2
261,해남,2018-09-14,23.2,20.5,27.2,1.5,3.8,21.3,90.1,3.4
261,해남,2018-09-15,23.5,20.0,28.4,0.0,1.1,21.9,91.8,3.7
261,해남,2018-09-16,23.5,20.0,28.0,0.0,1.5,20.7,85.5,4.7
261,해남,2018-09-17,21.8,17.7,27.8,0.0,1.4,18.5,82.1,2.5
261,해남,2018-09-18,20.6,14.4,27.7,0.0,1.4,15.4,75.5,11.2
261,해남,2018-09-19,19.5,17.0,24.5,13.5,0.9,17.5,89.1,0.0
261,해남,2018-09-20,21.4,18.5,24.8,31.2,1.6,20.7,95.8,0.2
261,해남,2018-09-21,20.5,17.9,22.8,11.2,2.3,19.5,94.5,0.5
261,해남,2018-09-22,19.8,13.7,27.1,0.0,1.1,16.7,84.9,7.9
261,해남,2018-09-23,19.6,11.1,26.6,0.0,1.7,15.4,78.1,4.8
261,해남,2018-09-24,17.6,11.3,22.8,0.0,1.7,12.3,73.4,4.2
261,해남,2018-09-25,16.0,7.8,24.5,0.0,1.1,10.3,74.3,10.9
261,해남,2018-09-26,18.8,12.5,25.2,0.0,2.2,13.9,74.9,5.7
261,해남,2018-09-27,16.8,9.0,25.9,0.0,1.0,12.3,78.1,8.9
261,해남,2018-09-28,18.3,11.3,25.6,0.0,1.6,13.8,77.3,7.4
261,해남,2018-09-29,19.0,14.4,23.1,0.0,2.3,14.2,75.1,3.3
261,해남,2018-09-30,18.8,13.3,25.1,0.0,2.7,11.8,65.9,10.6
261,해남,2019-05-01,12.6,8.7,18.9,0.0,3.1,9.1,80.6,8.7
261,해남,2019-05-02,12.4,3.5,21.9,0.0,2.3,4.7,66.8,12.1
261,해남,2019-05-03,14.4,3.0,26.9,0.0,1.9,6.5,66.3,12.6
261,해남,2019-05-04,15.3,3.8,26.3,0.0,1.4,7.5,65.8,11.7
261,해남,2019-05-05,16.2,5.8,26.3,0.0,1.6,6.8,61.3,11.9
261,해남,2019-05-06,12.4,4.4,18.7,0.0,3.5,3.2,57.5,12.8
261,해남,2019-05-07,10.9,-0.6,21.6,0.0,2.0,0.3,56.9,13.1
261,해남,2019-05-08,13.1,1.1,21.8,0.0,1.2,0.3,49.9,8.0
261,해남,2019-05-09,13.7,6.6,23.2,0.0,1.7,2.7,52.6,8.5
261,해남,2019-05-10,14.9,5.1,26.2,0.0,1.4,3.9,55.1,11.2
261,해남,2019-05-11,15.2,4.0,25.8,0.0,1.8,5.6,58.0,12.3
261,해남,2019-05-12,18.2,7.6,26.8,0.0,2.5,6.9,52.1,11.4
261,해남,2019-05-13,18.6,13.5,23.6,0.0,3.1,11.8,65.8,8.7
261,해남,2019-05-14,20.0,14.2,26.7,0.0,1.5,15.6,78.1,8.8
261,해남,2019-05-15,19.9,12.8,27.9,0.0,1.6,13.6,70.8,12.2
261,해남,2019-05-16,20.1,13.0,27.7,0.0,2.3,13.8,69.6,10.1
261,해남,2019-05-17,19.4,13.8,26.1,5.6,2.2,14.3,75.3,5.4
261,해남,2019-05-18,17.5,16.3,18.7,56.6,6.5,16.4,93.5,0.0
261,해남,2019-05-19,18.4,16.3,20.2,1.2,4.5,17.5,95.0,0.1
261,해남,2019-05-20,15.0,8.6,18.7,2.6,2.6,9.3,71.4,6.9
261,해남,2019-05-21,14.7,5.8,23.3,0.0,1.5,7.5,68.4,13.3
261,해남,2019-05-22,17.2,7.6,26.5,0.0,1.2,11.0,72.0,13.2
261,해남,2019-05-23,18.8,11.1,26.4,0.0,1.3,13.8,76.1,12.8
261,해남,2019-05-24,20.2,12.8,28.3,0.0,1.4,14.1,72.5,12.1
261,해남,2019-05-25,19.9,12.5,27.7,0.0,1.6,15.1,76.8,7.8
261,해남,2019-05-26,20.7,17.1,25.0,0.7,3.3,16.1,75.6,3.9
261,해남,2019-05-27,17.5,13.5,20.5,28.5,4.7,16.1,92.1,0.0
261,해남,2019-05-28,16.9,11.8,22.9,0.0,2.5,9.6,65.3,9.5
261,해남,2019-05-29,18.4,9.4,26.8,0.0,1.6,12.6,73.4,13.0
261,해남,2019-05-30,19.3,11.6,27.9,0.0,1.3,10.1,61.0,6.0
261,해남,2019-05-31,15.9,12.8,21.4,3.8,1.4,12.1,80.0,4.6
261,해남,2019-06-01,17.9,11.2,25.3,0.0,0.9,13.0,76.8,6.5
261,해남,2019-06-02,18.8,11.7,26.7,0.0,1.3,12.2,70.4,10.8
261,해남,2019-06-03,20.0,11.2,28.5,0.0,1.1,12.7,67.5,12.9
261,해남,2019-06-04,20.9,13.1,29.0,0.0,1.4,15.8,74.8,11.2
261,해남,2019-06-05,22.1,15.1,29.9,0.0,1.5,17.3,77.5,12.6
261,해남,2019-06-06,20.4,16.6,24.9,27.5,3.3,18.8,91.0,2.6
261,해남,2019-06-07,18.2,16.8,21.4,1.0,3.7,17.3,94.6,0.0
261,해남,2019-06-08,19.4,15.8,24.4,0.8,1.6,16.4,84.3,7.9
261,해남,2019-06-09,19.1,13.7,25.2,0.0,2.1,14.9,78.6,11.1
261,해남,2019-06-10,19.3,15.8,23.5,0.0,1.8,14.7,75.5,5.3
261,해남,2019-06-11,18.8,14.7,22.9,0.0,1.6,14.7,78.4,2.1
261,해남,2019-06-12,18.5,12.8,26.4,0.0,1.1,15.4,84.0,9.1
261,해남,2019-06-13,19.5,13.7,25.9,0.0,1.5,15.5,79.9,10.2
261,해남,2019-06-14,18.6,16.2,20.5,1.3,0.7,16.9,90.6,0.0
261,해남,2019-06-15,19.4,14.9,24.0,0.0,3.2,15.9,81.0,11.2
261,해남,2019-06-16,19.6,15.2,23.9,0.0,2.2,15.7,79.9,10.0
261,해남,2019-06-17,20.2,15.0,26.0,0.0,1.2,15.7,78.4,9.9
261,해남,2019-06-18,20.7,16.9,26.9,0.0,1.0,17.3,82.9,3.6
261,해남,2019-06-19,22.0,16.3,28.8,0.0,1.2,18.0,80.0,8.9
261,해남,2019-06-20,22.3,16.3,29.0,0.0,1.5,18.3,80.0,9.9
261,해남,2019-06-21,22.4,17.4,29.3,0.0,1.5,17.9,78.0,12.4
261,해남,2019-06-22,20.9,16.4,25.3,0.0,2.1,17.4,81.3,5.6
261,해남,2019-06-23,20.6,17.4,25.8,0.0,1.3,16.8,79.8,2.2
261,해남,2019-06-24,21.8,17.0,27.8,0.0,1.1,17.8,80.3,8.6
261,해남,2019-06-25,22.5,16.8,28.3,0.0,2.0,17.3,74.8,12.8
261,해남,2019-06-26,20.6,17.8,22.8,14.1,2.6,19.4,93.4,0.0
261,해남,2019-06-27,23.1,20.5,27.4,0.4,1.7,21.5,91.6,3.0
261,해남,2019-06-28,22.7,18.8,28.1,0.0,1.2,19.3,82.9,11.4
261,해남,2019-06-29,21.6,19.5,23.6,0.0,2.7,21.1,97.5,0.0
261,해남,2019-06-30,22.4,19.9,27.3,0.0,2.0,20.5,89.9,1.0
261,해남,2019-07-01,21.3,18.7,23.5,0.0,0.7,20.8,97.3,0.0
261,해남,2019-07-02,23.4,20.6,28.2,0.0,1.9,20.1,84.0,9.5
261,해남,2019-07-03,22.3,18.9,27.7,0.0,0.9,18.9,83.0,4.9
261,해남,2019-07-04,23.6,18.1,30.4,0.0,1.1,19.8,81.5,9.4
261,해남,2019-07-05,24.3,19.2,31.6,0.0,0.9,19.7,78.5,8.3
261,해남,2019-07-06,23.8,17.7,29.8,0.0,2.4,17.9,72.8,13.5
261,해남,2019-07-07,22.2,18.0,26.8,0.7,3.5,17.5,75.6,6.8
261,해남,2019-07-08,21.5,18.2,26.9,1.2,1.9,18.1,82.0,3.8
261,해남,2019-07-09,22.4,18.8,26.3,0.0,1.3,18.6,80.1,2.3
261,해남,2019-07-10,21.0,20.0,21.9,0.0,2.6,18.7,87.5,0.0
261,해남,2019-07-11,21.7,19.9,24.1,0.0,2.8,19.6,88.3,1.1
261,해남,2019-07-12,22.3,18.3,27.3,0.0,1.3,19.5,85.6,7.4
261,해남,2019-07-13,21.7,19.3,26.6,1.9,0.6,19.6,88.8,1.5
261,해남,2019-07-14,24.0,19.5,29.6,0.0,1.3,20.7,83.9,10.0
261,해남,2019-07-15,23.5,19.6,28.6,0.0,1.0,20.8,86.3,6.1
261,해남,2019-07-16,23.4,18.8,28.8,0.0,1.7,20.1,83.4,10.8
261,해남,2019-07-17,23.4,19.5,27.5,12.4,2.4,20.3,83.8,8.0
261,해남,2019-07-19,23.9,22.8,24.8,23.7,4.4,22.9,94.3,0.0
261,해남,2019-07-20,23.2,22.3,24.7,124.2,6.7,22.7,97.4,0.0
261,해남,2019-07-21,24.3,22.3,28.3,4.6,2.3,23.0,93.1,3.3
261,해남,2019-07-22,24.8,21.3,28.1,0.0,1.1,24.1,96.3,0.5
261,해남,2019-07-23,26.5,24.1,30.7,0.0,2.6,23.9,86.6,6.4
261,해남,2019-07-24,26.3,25.1,28.5,0.0,3.0,24.6,90.9,0.1
261,해남,2019-07-25,26.5,24.9,30.1,0.0,2.8,25.0,91.8,2.2
261,해남,2019-07-26,26.8,24.8,30.3,3.1,2.1,25.1,90.6,0.5
261,해남,2019-07-27,26.6,24.6,27.5,1.8,1.6,25.3,93.1,0.0
261,해남,2019-07-28,27.5,24.1,31.5,0.0,3.1,24.5,84.8,7.3
261,해남,2019-07-29,27.1,22.3,31.2,0.0,1.9,24.0,84.4,12.1
261,해남,2019-07-30,28.4,23.8,31.9,0.0,3.4,25.0,82.5,9.6
261,해남,2019-07-31,27.9,24.4,31.9,0.0,2.4,24.4,82.6,9.9
261,해남,2019-08-01,27.2,22.3,32.5,0.0,1.1,24.1,84.6,11.8
261,해남,2019-08-02,27.5,22.2,34.4,0.0,1.5,23.6,81.3,11.9
261,해남,2019-08-03,27.2,22.0,33.7,0.0,1.4,24.2,85.1,8.3
261,해남,2019-08-04,27.6,22.8,34.2,0.0,1.0,24.1,82.6,11.6
261,해남,2019-08-05,27.1,21.6,33.9,0.0,1.0,23.6,83.4,10.7
261,해남,2019-08-06,27.2,22.5,33.3,0.0,0.9,24.2,85.3,7.9
261,해남,2019-08-07,26.9,22.2,33.1,0.0,1.1,24.0,85.6,10.3
261,해남,2019-08-08,28.4,23.7,33.7,0.0,1.9,24.3,79.6,9.8
261,해남,2019-08-09,27.5,22.6,33.3,0.0,1.2,23.4,80.1,7.6
261,해남,2019-08-10,28.0,24.2,31.8,0.0,4.2,22.9,74.4,4.4
261,해남,2019-08-11,27.2,25.4,28.7,70.8,7.0,24.1,83.6,0.4
261,해남,2019-08-12,27.6,25.4,30.7,68.8,3.6,26.0,91.4,1.8
261,해남,2019-08-13,28.5,24.9,34.1,3.3,1.7,25.1,83.3,12.2
261,해남,2019-08-14,28.0,24.6,32.8,1.2,2.1,25.3,86.3,10.8
261,해남,2019-08-15,26.7,24.4,30.4,0.3,3.2,24.7,89.3,4.2
261,해남,2019-08-16,25.3,21.4,29.3,0.2,2.1,22.8,86.8,5.6
261,해남,2019-08-17,25.4,19.7,30.1,0.0,2.7,23.0,88.1,10.4
261,해남,2019-08-18,25.1,19.5,31.0,0.0,1.3,20.6,78.6,11.7
261,해남,2019-08-19,24.1,16.9,31.1,0.0,0.5,20.3,82.1,10.7
261,해남,2019-08-20,25.7,19.6,30.8,0.0,2.3,22.4,83.0,9.7
261,해남,2019-08-21,26.5,23.6,30.4,1.4,1.6,24.3,88.3,4.2
261,해남,2019-08-22,26.2,22.8,31.0,6.9,2.0,23.9,88.3,6.4
261,해남,2019-08-23,24.2,21.6,28.3,0.0,0.9,21.6,86.3,0.8
261,해남,2019-08-24,22.9,17.0,29.2,0.0,0.7,19.0,81.4,7.4
261,해남,2019-08-25,22.0,18.5,27.0,0.0,0.5,20.0,89.5,1.3
261,해남,2019-08-26,23.4,18.8,27.3,0.4,2.2,20.1,82.8,4.0
261,해남,2019-08-27,23.5,21.8,25.5,50.3,1.3,22.9,96.9,0.3
261,해남,2019-08-28,23.3,19.5,26.8,0.8,1.0,21.4,89.8,0.5
261,해남,2019-08-29,21.3,19.3,23.4,0.8,0.9,20.6,96.0,0.0
261,해남,2019-08-30,22.1,17.0,28.2,0.0,1.7,18.2,81.9,10.3
261,해남,2019-08-31,21.5,15.5,28.4,0.0,1.1,18.1,83.4,7.9
261,해남,2019-09-01,20.8,17.8,24.6,3.1,0.3,19.7,94.1,0.3
261,해남,2019-09-02,21.6,19.9,24.1,7.6,1.3,20.6,94.8,0.0
261,해남,2019-09-03,23.1,21.6,25.7,19.0,1.8,22.3,95.6,0.6
261,해남,2019-09-04,24.3,22.8,26.4,6.3,1.9,23.0,92.9,0.1
261,해남,2019-09-05,24.9,22.2,29.1,6.2,2.1,23.5,92.5,3.2
261,해남,2019-09-06,25.1,22.5,28.0,6.8,4.2,22.8,87.3,0.0
261,해남,2019-09-07,24.5,22.7,27.5,51.2,7.4,22.9,91.6,1.6
261,해남,2019-09-08,23.7,21.6,27.0,4.2,0.6,22.4,93.0,0.5
261,해남,2019-09-09,24.6,22.2,29.7,33.5,2.7,23.3,93.0,1.2
261,해남,2019-09-10,25.2,21.2,29.6,0.1,1.6,22.4,86.0,8.1
261,해남,2019-09-11,25.0,21.5,29.7,4.5,1.1,22.8,88.4,4.9
261,해남,2019-09-12,23.0,19.7,26.2,0.0,2.5,19.6,81.3,0.4
261,해남,2019-09-13,22.9,18.7,28.1,0.0,1.5,17.3,72.3,10.3
261,해남,2019-09-14,22.6,17.1,28.6,0.0,1.1,19.7,85.3,9.3
261,해남,2019-09-15,23.4,19.7,29.7,0.0,1.1,20.9,87.1,5.0
261,해남,2019-09-16,23.5,21.1,28.6,0.0,1.5,20.7,85.8,7.1
261,해남,2019-09-17,21.3,15.4,29.0,0.0,1.0,16.6,79.6,10.0
261,해남,2019-09-18,20.3,14.7,27.7,0.0,2.2,15.2,74.6,10.4
261,해남,2019-09-19,18.3,10.5,26.8,0.0,1.3,14.5,81.3,10.1
261,해남,2019-09-20,19.6,13.1,25.9,0.0,1.8,14.6,75.1,7.5
261,해남,2019-09-21,17.7,16.8,20.2,59.2,3.1,16.0,90.3,0.0
261,해남,2019-09-22,19.0,17.4,21.1,57.0,5.3,15.3,80.5,0.0
261,해남,2019-09-23,18.4,11.8,23.9,0.0,2.3,13.0,72.6,8.6
261,해남,2019-09-24,16.6,9.3,24.9,0.0,0.9,12.7,80.9,10.8
261,해남,2019-09-25,17.7,10.4,26.0,0.0,0.6,13.9,82.5,6.8
261,해남,2019-09-26,19.9,13.1,26.9,0.0,1.1,16.7,83.8,8.1
261,해남,2019-09-27,22.4,17.4,27.2,0.0,2.0,19.0,82.0,5.5
261,해남,2019-09-28,24.0,21.0,29.3,0.2,1.4,21.6,87.6,3.9
261,해남,2019-09-29,23.1,19.0,28.7,0.0,1.2,19.8,83.6,7.3
261,해남,2019-09-30,22.4,17.3,28.7,0.0,0.7,20.0,87.4,5.5
261,해남,2020-05-01,20.6,18.7,23.8,0.0,3.6,15.9,75.1,2.4
261,해남,2020-05-02,19.0,16.8,23.0,1.2,2.6,16.2,84.6,1.8
261,해남,2020-05-03,17.3,16.1,19.2,59.4,2.4,16.9,97.5,0.1
261,해남,2020-05-04,17.6,11.6,24.5,0.0,2.4,14.4,82.8,10.3
261,해남,2020-05-05,16.0,9.6,20.2,0.0,2.6,13.8,87.8,1.6
261,해남,2020-05-06,18.8,13.4,26.9,0.0,1.6,13.9,75.9,11.9
261,해남,2020-05-07,17.1,12.5,22.5,0.0,4.4,5.4,48.5,13.1
261,해남,2020-05-08,17.3,11.5,21.2,3.3,4.7,11.0,68.4,8.7
261,해남,2020-05-09,16.4,13.3,19.6,58.5,4.0,15.1,92.6,0.5
261,해남,2020-05-10,13.7,11.1,17.0,0.2,3.2,12.7,93.8,0.1
261,해남,2020-05-11,16.5,10.7,24.3,0.0,2.1,13.1,82.6,10.5
261,해남,2020-05-12,15.4,10.6,20.9,0.0,2.7,10.1,72.4,12.7
261,해남,2020-05-13,14.3,6.4,21.5,0.0,1.2,7.0,66.9,13.0
261,해남,2020-05-14,17.0,8.1,24.3,0.2,2.6,7.9,60.0,7.5
261,해남,2020-05-15,17.9,16.6,19.1,34.5,3.0,17.2,96.0,0.0
261,해남,2020-05-16,17.0,14.9,19.5,2.4,1.4,15.6,91.9,0.9
261,해남,2020-05-17,17.7,13.5,24.3,0.0,2.0,15.0,85.5,8.6
261,해남,2020-05-18,17.1,11.8,20.7,10.9,3.8,15.8,92.8,0.6
261,해남,2020-05-19,13.7,10.4,17.1,0.0,4.0,9.8,78.3,4.3
261,해남,2020-05-20,14.7,8.3,21.6,0.0,2.2,10.0,76.5,12.3
261,해남,2020-05-21,16.4,9.5,21.1,0.0,3.0,12.4,78.5,11.9
261,해남,2020-05-22,17.0,13.1,21.8,0.0,3.5,11.1,69.4,11.6
261,해남,2020-05-23,17.9,13.5,23.1,0.0,2.3,13.9,79.1,5.5
261,해남,2020-05-24,18.2,13.4,23.3,0.1,1.6,16.1,88.9,2.4
261,해남,2020-05-25,16.9,14.1,20.5,0.0,2.0,13.9,83.3,0.6
261,해남,2020-05-26,17.6,14.4,23.7,0.0,2.0,13.8,80.3,5.8
261,해남,2020-05-27,18.4,13.4,25.1,0.0,2.8,12.8,72.8,11.7
261,해남,2020-05-28,17.2,10.5,24.4,0.0,2.1,12.9,78.0,10.9
261,해남,2020-05-29,19.1,12.9,25.5,0.0,1.5,13.7,73.1,10.7
261,해남,2020-05-30,19.8,16.3,24.5,0.1,2.5,13.1,67.3,0.3
261,해남,2020-05-31,18.0,15.8,20.4,17.3,2.8,16.4,90.8,0.1
261,해남,2020-06-01,19.1,14.0,24.2,0.0,2.2,15.7,82.8,8.1
261,해남,2020-06-02,19.5,12.4,26.8,0.0,1.5,13.5,73.1,10.9
261,해남,2020-06-03,21.5,18.5,24.8,0.0,1.4,19.2,87.6,0.3
261,해남,2020-06-04,22.0,17.2,28.0,0.0,1.5,18.9,84.4,12.3
261,해남,2020-06-05,21.9,17.3,29.0,0.0,1.4,19.3,87.0,8.2
261,해남,2020-06-06,21.7,18.3,26.8,0.0,2.1,18.0,80.9,8.5
261,해남,2020-06-07,22.2,16.8,28.4,0.0,1.6,14.3,64.4,12.2
261,해남,2020-06-08,22.6,13.5,30.4,0.0,1.7,10.3,51.9,13.5
261,해남,2020-06-09,23.7,15.0,30.4,0.0,2.3,16.0,63.9,12.2
261,해남,2020-06-10,23.8,20.7,29.3,1.9,2.9,19.6,79.1,7.0
261,해남,2020-06-11,24.2,21.8,28.9,0.6,1.4,22.3,90.0,3.4
261,해남,2020-06-12,23.2,20.4,28.8,43.2,1.5,21.0,88.8,3.3
261,해남,2020-06-13,23.4,21.9,26.2,37.7,1.5,22.7,96.4,0.0
261,해남,2020-06-14,22.5,20.4,24.4,14.2,2.7,21.4,94.0,0.2
261,해남,2020-06-15,22.7,18.6,28.1,0.0,1.9,17.3,74.6,11.6
261,해남,2020-06-16,23.3,17.9,29.6,0.0,1.4,18.2,75.5,12.0
261,해남,2020-06-17,20.6,15.6,25.2,9.9,1.2,17.3,82.9,0.7
261,해남,2020-06-18,17.8,16.2,18.9,100.2,3.2,17.1,95.9,0.0
261,해남,2020-06-19,21.0,17.7,26.6,3.4,1.3,18.0,84.6,7.7
261,해남,2020-06-20,22.1,18.0,26.8,0.0,1.6,18.1,79.4,7.2
261,해남,2020-06-21,22.4,17.7,28.2,0.0,1.4,18.3,79.4,11.2
261,해남,2020-06-22,22.0,16.2,29.5,0.0,1.2,17.9,79.5,11.4
261,해남,2020-06-23,22.9,15.0,28.8,0.0,2.7,17.6,74.1,10.6
261,해남,2020-06-24,22.6,21.9,23.7,0.0,4.6,21.0,91.3,0.0
261,해남,2020-06-27,23.1,17.2,29.2,0.0,0.7,20.2,85.4,5.7
261,해남,2020-06-28,22.8,19.0,27.6,0.0,1.9,19.9,85.1,11.5
261,해남,2020-06-29,20.9,18.1,23.4,46.2,4.4,19.6,92.6,0.0
261,해남,2020-06-30,19.9,18.2,22.1,0.4,5.2,17.9,88.5,0.3
261,해남,2020-07-01,21.9,18.1,27.7,0.0,2.2,17.2,76.4,11.3
261,해남,2020-07-02,21.6,16.3,27.4,0.0,1.0,17.9,81.3,2.2
261,해남,2020-07-03,19.7,17.6,21.1,23.8,2.7,17.6,88.4,0.0
261,해남,2020-07-04,19.5,17.4,23.2,0.0,0.8,18.4,93.9,0.2
261,해남,2020-07-05,21.1,18.5,25.3,0.8,1.4,19.2,89.4,1.1
261,해남,2020-07-06,22.6,19.6,24.9,0.0,1.7,21.0,91.3,0.1
261,해남,2020-07-07,23.8,20.6,29.6,0.0,1.5,21.3,87.0,8.1
261,해남,2020-07-08,23.9,20.1,28.4,0.0,1.5,20.7,83.6,9.3
261,해남,2020-07-09,23.4,20.0,28.5,2.2,2.9,21.1,87.9,5.4
261,해남,2020-07-10,23.4,21.9,26.3,48.2,2.5,22.0,92.1,0.1
261,해남,2020-07-11,23.5,21.3,26.6,0.0,1.5,21.3,88.4,1.2
261,해남,2020-07-12,21.2,19.7,22.4,38.2,5.3,19.4,90.1,0.0
261,해남,2020-07-13,22.2,19.9,25.9,81.8,3.6,20.9,92.9,1.1
261,해남,2020-07-14,19.7,18.4,21.7,2.7,2.9,18.0,90.6,0.0
261,해남,2020-07-15,20.4,18.4,23.0,2.8,1.5,18.3,88.5,0.0
261,해남,2020-07-16,21.9,19.2,26.4,0.0,0.9,19.3,86.5,3.8
261,해남,2020-07-17,21.9,17.2,27.9,0.0,1.0,19.0,84.6,4.4
261,해남,2020-07-18,21.5,18.5,24.3,4.2,3.3,18.7,84.9,0.8
261,해남,2020-07-19,25.8,22.4,29.0,0.0,4.4,22.9,85.1,0.5
261,해남,2020-07-20,24.5,21.7,27.5,13.5,2.9,22.4,88.6,0.9
261,해남,2020-07-21,23.3,21.4,26.1,10.3,0.9,21.9,93.0,0.1
261,해남,2020-07-22,23.0,22.0,24.8,10.4,0.9,22.4,96.6,0.0
261,해남,2020-07-23,23.1,21.0,26.1,44.8,4.0,21.9,93.8,0.0
261,해남,2020-07-24,20.2,19.4,21.3,3.5,4.0,19.1,93.9,0.0
261,해남,2020-07-25,21.4,18.5,25.2,0.0,2.3,19.4,89.1,1.4
261,해남,2020-07-26,22.3,17.2,27.7,0.0,1.2,19.0,83.4,9.8
261,해남,2020-07-27,22.9,19.9,26.6,17.1,1.9,21.2,90.8,0.0
261,해남,2020-07-28,25.5,23.2,29.2,13.0,1.6,24.5,94.4,0.3
261,해남,2020-07-29,26.5,25.7,28.9,1.9,2.4,25.3,93.6,1.2
261,해남,2020-07-30,26.7,25.0,30.7,0.4,2.0,25.4,93.1,3.7
261,해남,2020-07-31,26.7,24.0,31.0,0.0,1.2,24.3,87.8,6.5
261,해남,2020-08-01,27.0,23.2,30.8,0.0,1.7,24.0,84.4,2.9
261,해남,2020-08-02,27.9,26.4,30.9,0.0,3.6,24.7,83.5,4.0
261,해남,2020-08-03,27.8,24.4,30.8,0.0,3.1,24.6,83.3,2.3
261,해남,2020-08-04,27.6,23.3,31.5,0.0,2.7,25.0,86.0,8.5
261,해남,2020-08-05,28.0,25.6,31.6,1.2,2.9,24.7,82.8,5.6
261,해남,2020-08-06,26.6,25.5,28.1,0.9,4.7,24.9,90.6,0.1
261,해남,2020-08-07,26.3,25.7,27.1,35.1,4.2,24.9,92.6,0.0
261,해남,2020-08-08,26.6,25.3,27.4,16.6,5.0,24.5,88.3,0.0
261,해남,2020-08-09,28.3,25.6,31.7,0.0,4.2,24.5,80.9,9.3
261,해남,2020-08-10,27.3,25.6,30.1,5.1,2.8,25.0,87.8,2.2
261,해남,2020-08-11,27.7,26.6,29.6,5.7,4.6,25.6,88.9,0.6
261,해남,2020-08-12,28.5,27.0,31.6,0.0,3.9,25.6,84.5,4.8
261,해남,2020-08-13,28.0,26.7,29.4,0.0,3.1,25.2,85.0,0.0
261,해남,2020-08-14,28.2,26.7,32.3,0.0,3.2,25.5,85.5,7.9
261,해남,2020-08-15,28.1,23.7,32.3,0.0,2.3,24.8,83.4,12.2
261,해남,2020-08-16,27.3,23.2,31.9,0.0,1.6,24.8,87.0,10.0
261,해남,2020-08-17,27.6,23.0,32.8,0.0,1.1,24.6,85.5,11.3
261,해남,2020-08-18,27.4,23.0,33.8,0.0,1.2,23.9,83.4,11.3
261,해남,2020-08-19,26.8,21.8,33.6,0.0,1.3,23.1,82.3,11.4
261,해남,2020-08-20,26.6,21.7,33.4,0.0,1.1,23.6,84.9,10.1
261,해남,2020-08-21,26.5,20.3,34.2,0.0,1.2,23.6,85.1,8.3
261,해남,2020-08-22,26.2,22.6,30.5,0.0,2.0,22.4,80.4,2.5
261,해남,2020-08-23,26.3,21.5,31.6,0.0,0.9,23.0,83.8,6.9
261,해남,2020-08-24,27.1,21.5,33.3,0.0,2.2,23.8,83.4,11.3
261,해남,2020-08-25,28.8,24.7,33.3,0.0,3.4,24.2,77.5,8.0
261,해남,2020-08-26,27.1,23.6,28.9,85.4,8.1,23.8,82.6,0.4
261,해남,2020-08-27,27.6,25.7,30.6,0.7,3.0,25.0,86.3,1.4
261,해남,2020-08-28,27.5,24.2,31.7,0.0,2.4,24.9,86.5,10.9
261,해남,2020-08-29,27.2,24.0,31.6,1.8,2.1,24.8,87.5,4.4
261,해남,2020-08-30,27.2,22.8,33.5,1.2,0.6,24.6,87.3,6.3
261,해남,2020-08-31,27.7,24.2,33.2,0.0,1.9,24.3,82.9,9.6
261,해남,2020-09-01,27.1,23.5,31.3,0.0,3.0,22.8,78.0,5.4
261,해남,2020-09-02,25.6,23.8,27.6,113.9,4.7,23.2,86.9,0.0
261,해남,2020-09-03,23.2,19.3,26.9,24.3,3.8,20.3,84.6,6.9
261,해남,2020-09-04,22.8,17.6,29.0,0.0,1.2,19.2,82.6,10.4
261,해남,2020-09-05,20.5,18.5,24.6,0.0,1.3,18.3,88.3,0.4
261,해남,2020-09-06,20.6,18.2,22.4,27.8,2.1,18.7,89.3,0.0
261,해남,2020-09-07,21.0,19.0,24.5,75.9,5.0,18.8,87.8,2.6
261,해남,2020-09-08,24.2,18.0,29.4,0.0,2.3,21.5,86.1,8.9
261,해남,2020-09-09,22.7,18.2,27.5,6.7,1.9,20.1,86.3,5.8
261,해남,2020-09-10,23.3,19.8,28.6,0.2,1.0,20.3,84.8,6.5
261,해남,2020-09-11,21.1,19.9,23.6,18.9,1.6,20.0,93.5,0.0
261,해남,2020-09-12,21.7,18.4,26.6,11.4,0.9,19.5,88.6,2.5
261,해남,2020-09-13,20.8,19.7,24.2,5.2,1.3,19.4,92.0,0.9
261,해남,2020-09-14,21.7,18.5,27.2,0.0,0.8,19.1,86.4,5.2
261,해남,2020-09-15,22.0,16.7,27.0,0.0,1.5,19.3,85.4,4.9
261,해남,2020-09-16,22.5,20.7,25.6,3.9,1.2,20.9,91.1,0.0
261,해남,2020-09-17,20.7,18.1,23.2,5.0,0.6,19.6,94.0,0.0
261,해남,2020-09-18,18.5,13.5,23.8,2.5,1.0,15.2,82.8,4.1
261,해남,2020-09-19,18.2,11.4,25.3,0.0,1.0,14.9,83.6,10.6
261,해남,2020-09-20,18.5,10.7,26.1,0.0,1.0,14.6,81.6,11.4
261,해남,2020-09-21,17.2,10.2,25.6,0.0,0.8,12.8,79.8,8.7
261,해남,2020-09-22,18.0,13.5,24.8,0.0,1.3,13.5,77.0,6.5
261,해남,2020-09-23,18.6,12.8,24.4,0.0,1.6,14.4,77.6,1.5
261,해남,2020-09-24,20.0,15.6,26.2,0.0,1.3,15.3,76.1,5.0
261,해남,2020-09-25,20.2,13.7,26.3,0.0,1.2,16.6,81.9,7.5
261,해남,2020-09-26,19.8,15.8,25.7,0.0,1.0,16.7,84.3,5.0
261,해남,2020-09-27,20.1,15.4,26.4,0.0,1.5,15.1,75.6,9.4
261,해남,2020-09-28,18.5,12.9,25.2,0.0,1.2,13.7,77.6,10.9
261,해남,2020-09-29,18.0,11.4,25.4,0.0,1.7,13.4,78.6,8.8
261,해남,2020-09-30,18.3,13.4,24.6,0.0,1.4,15.1,83.1,8.9
261,해남,2021-05-01,10.7,8.2,14.6,18.2,3.5,6.3,76.0,7.0
261,해남,2021-05-02,11.2,5.4,16.6,0.0,2.5,6.0,72.4,10.8
261,해남,2021-05-03,12.9,3.0,20.6,0.0,1.4,7.0,72.4,11.2
261,해남,2021-05-04,16.7,13.2,20.4,31.7,4.3,14.5,87.6,0.2
261,해남,2021-05-05,14.0,6.9,20.1,0.2,3.0,7.5,69.0,11.7
261,해남,2021-05-06,14.0,3.2,22.3,0.0,1.0,4.0,57.4,5.7
261,해남,2021-05-07,15.7,7.9,21.5,0.0,2.6,8.8,64.9,6.8
261,해남,2021-05-08,14.4,4.6,22.0,0.0,1.9,7.3,68.3,8.9
261,해남,2021-05-09,16.2,7.3,24.7,0.0,1.4,6.2,57.9,12.3
261,해남,2021-05-10,17.7,11.2,22.3,0.0,3.3,7.8,54.9,4.2
261,해남,2021-05-11,18.4,16.6,20.7,0.0,4.6,10.5,60.4,0.7
261,해남,2021-05-12,20.3,14.3,27.6,0.0,3.3,11.3,57.9,11.4
261,해남,2021-05-13,19.0,11.4,27.3,0.0,1.1,13.7,74.4,12.4
261,해남,2021-05-14,20.8,14.4,25.0,0.0,3.0,16.7,78.1,5.0
261,해남,2021-05-15,21.0,18.8,25.2,19.4,2.6,19.4,91.4,1.2
261,해남,2021-05-16,19.9,16.3,22.5,39.9,2.8,19.0,94.6,0.0
261,해남,2021-05-17,15.0,13.6,17.2,0.6,2.5,13.7,92.8,0.2
261,해남,2021-05-18,16.6,12.7,22.6,0.0,1.6,13.3,82.4,6.6
261,해남,2021-05-19,19.2,11.5,27.0,0.0,1.1,13.8,74.4,11.2
261,해남,2021-05-20,15.7,14.5,17.7,13.1,2.6,14.1,90.3,0.0
261,해남,2021-05-21,16.8,13.6,21.2,0.0,3.7,11.8,74.1,9.4
261,해남,2021-05-22,18.0,11.8,25.0,0.0,1.8,13.4,76.4,13.1
261,해남,2021-05-23,19.8,11.2,28.1,0.0,1.3,14.6,74.4,10.2
261,해남,2021-05-24,18.3,12.7,24.4,0.0,2.2,13.8,77.1,7.8
261,해남,2021-05-25,16.5,9.8,22.7,0.0,2.7,10.6,71.8,7.6
261,해남,2021-05-26,17.0,11.9,23.6,0.0,2.0,10.7,69.9,1.7
261,해남,2021-05-27,16.7,12.6,22.4,0.8,2.3,13.8,84.5,5.4
261,해남,2021-05-28,17.2,11.4,22.9,5.0,3.6,13.7,81.6,6.0
261,해남,2021-05-29,17.4,10.8,24.3,0.0,1.4,12.0,73.3,13.3
261,해남,2021-05-30,19.8,11.6,27.2,0.0,1.9,11.2,61.9,11.6
261,해남,2021-05-31,21.9,15.3,28.7,0.0,1.6,12.7,58.5,11.9
261,해남,2021-06-01,22.2,17.5,28.4,0.0,2.7,13.3,59.4,12.8
261,해남,2021-06-02,22.6,18.2,27.1,0.0,3.2,15.8,66.1,8.9
261,해남,2021-06-03,20.0,18.0,21.8,13.8,2.9,18.1,89.6,0.0
261,해남,2021-06-04,18.9,14.1,24.3,1.4,2.3,14.2,76.1,11.1
261,해남,2021-06-05,19.9,12.4,24.2,0.0,2.3,17.0,84.3,8.3
261,해남,2021-06-06,21.5,16.6,27.5,0.0,1.8,15.0,69.8,12.4
261,해남,2021-06-07,21.0,13.9,27.8,0.0,0.9,16.9,79.8,9.8
261,해남,2021-06-08,23.6,16.5,30.3,0.0,1.6,19.0,77.1,11.9
261,해남,2021-06-09,24.1,20.3,29.7,0.0,2.9,17.1,66.1,12.4
261,해남,2021-06-10,22.5,20.8,23.9,31.8,4.6,18.5,78.6,1.2
261,해남,2021-06-11,23.4,19.6,29.3,31.9,1.3,20.4,84.3,4.8
261,해남,2021-06-12,23.5,20.1,29.3,0.0,1.2,20.4,84.4,7.7
261,해남,2021-06-13,22.0,18.0,28.0,0.0,1.6,18.7,83.0,9.8
261,해남,2021-06-14,22.3,19.1,26.9,0.0,1.7,18.6,80.5,4.6
261,해남,2021-06-15,21.3,20.6,22.0,16.1,3.8,19.2,88.3,0.0
261,해남,2021-06-16,23.5,21.2,27.7,0.0,4.0,18.1,72.6,6.7
261,해남,2021-06-17,21.6,18.2,24.8,0.0,1.5,17.8,80.1,1.5
261,해남,2021-06-18,21.3,19.4,24.6,0.8,1.2,19.4,89.8,0.0
261,해남,2021-06-19,22.1,18.6,26.8,0.0,1.8,18.8,82.8,10.9
261,해남,2021-06-20,22.5,15.7,30.1,0.0,1.1,16.5,73.0,9.8
261,해남,2021-06-21,22.9,16.0,30.5,0.0,1.2,17.6,75.1,11.2
261,해남,2021-06-22,22.7,18.6,28.1,0.0,2.6,18.1,76.3,11.9
261,해남,2021-06-23,22.1,18.0,26.4,0.0,2.3,18.2,79.4,5.2
261,해남,2021-06-24,22.2,19.1,26.2,0.0,2.1,18.5,80.5,6.6
261,해남,2021-06-25,23.0,17.6,28.7,0.0,1.8,18.4,77.5,10.7
261,해남,2021-06-26,23.7,20.2,28.4,0.0,2.2,18.8,75.5,7.4
261,해남,2021-06-27,24.3,19.6,29.6,0.0,1.8,18.9,73.6,11.6
261,해남,2021-06-28,23.1,19.6,29.9,31.6,1.3,19.7,82.6,7.0
261,해남,2021-06-29,22.8,18.6,27.8,0.0,1.0,19.9,84.8,5.8
261,해남,2021-06-30,23.7,19.5,28.6,0.0,1.5,19.7,80.0,8.9
261,해남,2021-07-01,24.5,17.7,31.1,0.0,0.9,19.6,76.4,10.7
261,해남,2021-07-02,24.5,19.9,29.7,0.0,1.9,20.8,81.0,7.9
261,해남,2021-07-03,24.1,22.5,26.4,23.1,4.6,21.7,87.0,0.0
261,해남,2021-07-04,23.4,21.4,26.0,10.7,2.6,20.9,86.6,0.2
261,해남,2021-07-05,21.5,18.9,25.5,141.7,1.6,20.5,94.8,0.0
261,해남,2021-07-06,24.9,24.0,26.3,297.3,4.2,23.9,94.5,0.0
261,해남,2021-07-07,25.8,24.8,27.7,5.8,3.3,24.7,93.9,0.0
261,해남,2021-07-08,25.3,23.9,27.6,1.5,1.7,24.1,93.5,0.0
261,해남,2021-07-09,25.7,23.8,29.0,0.1,1.9,23.5,87.9,4.2
261,해남,2021-07-10,25.6,22.2,29.3,0.0,1.5,23.1,86.9,5.2
261,해남,2021-07-11,26.2,21.9,30.1,0.0,1.1,23.8,87.3,2.4
261,해남,2021-07-12,27.7,23.8,30.9,0.0,2.3,24.2,81.8,5.0
261,해남,2021-07-13,27.6,24.0,31.7,0.0,2.4,24.2,82.8,5.5
261,해남,2021-07-14,27.3,24.6,31.5,0.0,2.0,24.0,83.3,3.2
261,해남,2021-07-15,27.6,22.5,32.0,0.0,2.4,23.7,80.8,12.7
261,해남,2021-07-16,26.7,21.8,32.7,4.0,1.8,22.9,80.8,10.6
261,해남,2021-07-17,25.7,21.1,30.4,0.0,1.9,22.2,82.0,10.0
261,해남,2021-07-18,26.1,22.7,29.3,2.9,2.7,22.6,81.8,3.5
261,해남,2021-07-19,26.9,23.0,31.0,8.8,2.4,22.9,79.9,11.6
261,해남,2021-07-20,27.1,22.3,32.1,0.3,1.9,23.4,81.1,7.0
261,해남,2021-07-21,27.5,20.6,33.7,0.0,1.6,22.3,75.8,12.7
261,해남,2021-07-22,28.0,23.7,32.6,0.0,2.6,22.1,71.4,11.7
261,해남,2021-07-23,27.7,23.5,32.0,0.0,2.3,21.9,72.0,7.9
261,해남,2021-07-24,27.9,24.3,32.1,0.0,3.2,21.5,68.8,4.9
261,해남,2021-07-25,27.5,25.2,31.8,0.0,3.5,21.6,70.9,3.1
261,해남,2021-07-26,27.3,23.8,31.5,0.0,3.6,21.9,73.4,8.1
261,해남,2021-07-27,27.2,22.7,32.7,0.0,2.7,22.4,76.4,13.1
261,해남,2021-07-28,27.2,21.7,32.8,0.0,1.9,22.6,77.9,12.7
261,해남,2021-07-29,26.6,22.6,31.8,0.0,1.9,22.3,78.8,12.5
261,해남,2021-07-30,26.7,21.5,32.2,3.8,1.9,23.6,84.6,7.1
261,해남,2021-07-31,28.6,25.0,33.1,0.7,1.2,25.2,83.5,11.0
261,해남,2021-08-01,28.0,25.5,32.5,0.0,1.5,25.2,85.4,3.3
261,해남,2021-08-02,27.9,24.9,33.4,19.0,1.4,24.7,84.1,5.5
261,해남,2021-08-03,26.7,24.3,31.0,29.0,1.9,24.2,86.9,4.3
261,해남,2021-08-04,28.0,23.8,32.7,0.0,1.8,23.7,78.8,12.7
261,해남,2021-08-05,28.9,23.9,34.6,0.0,0.8,24.4,78.5,11.4
261,해남,2021-08-06,27.9,23.1,34.8,0.0,1.4,24.1,81.4,11.0
261,해남,2021-08-07,27.2,21.7,34.1,0.0,1.2,23.0,79.5,10.5
261,해남,2021-08-08,26.1,23.1,30.3,0.0,1.0,23.2,84.8,3.2
261,해남,2021-08-09,27.2,22.4,32.4,0.0,1.5,22.5,77.6,9.6
261,해남,2021-08-10,26.2,22.3,31.9,0.0,1.0,22.6,81.8,9.1
261,해남,2021-08-11,26.1,21.4,31.0,0.0,2.0,22.0,79.5,10.7
261,해남,2021-08-12,25.9,21.5,29.9,0.0,1.5,22.3,81.8,4.3
261,해남,2021-08-13,25.6,23.5,29.0,0.0,1.1,22.2,82.8,0.1
261,해남,2021-08-14,23.0,20.2,27.2,17.2,0.8,20.7,87.9,0.4
261,해남,2021-08-15,24.5,19.1,29.9,0.0,1.5,20.6,80.8,8.8
261,해남,2021-08-16,25.6,23.3,29.6,0.0,2.9,20.4,73.5,4.4
261,해남,2021-08-17,25.4,20.8,30.6,9.4,1.1,20.6,76.8,9.8
261,해남,2021-08-18,23.1,19.1,29.9,0.3,1.0,20.3,86.1,6.3
261,해남,2021-08-19,23.1,18.1,29.6,0.0,0.9,20.2,85.3,7.8
261,해남,2021-08-20,25.6,20.2,29.8,0.0,2.9,21.9,81.1,10.7
261,해남,2021-08-21,24.6,22.3,26.4,28.0,3.5,22.9,90.8,0.1
261,해남,2021-08-22,25.4,21.8,30.9,0.0,0.8,21.7,80.2,6.7
261,해남,2021-08-23,25.6,23.6,29.2,12.1,2.6,24.1,92.0,0.3
261,해남,2021-08-24,26.5,24.2,29.9,6.2,3.9,24.5,89.1,0.9
261,해남,2021-08-25,25.2,23.1,27.7,22.7,1.2,24.2,94.6,0.0
261,해남,2021-08-26,25.6,21.1,31.5,0.0,0.8,22.2,83.5,9.2
261,해남,2021-08-27,25.2,22.2,28.8,11.3,2.7,23.3,89.9,2.7
261,해남,2021-08-28,23.9,21.2,29.7,2.7,0.4,21.8,89.4,4.3
261,해남,2021-08-29,25.9,22.2,28.9,14.4,2.2,24.2,90.8,2.3
261,해남,2021-08-30,25.0,21.8,30.9,0.0,0.8,22.3,86.0,6.8
261,해남,2021-08-31,25.5,21.2,31.0,0.0,1.2,22.5,85.0,9.0
261,해남,2021-09-01,24.9,21.4,28.5,16.2,2.3,22.9,89.3,0.3
261,해남,2021-09-02,22.0,20.5,23.6,2.5,0.8,20.7,92.8,0.0
261,해남,2021-09-03,22.3,20.6,26.1,0.5,1.7,20.3,89.3,1.6
261,해남,2021-09-04,22.8,19.3,27.7,0.0,2.1,18.4,77.1,5.8
261,해남,2021-09-05,21.9,20.9,22.8,1.5,3.8,17.7,77.5,0.0
261,해남,2021-09-06,22.4,20.4,24.6,0.0,5.5,17.4,73.8,0.1
261,해남,2021-09-07,22.7,20.0,26.7,0.4,3.1,20.0,85.6,1.2
261,해남,2021-09-08,21.5,16.1,26.5,0.0,1.8,17.3,79.0,6.1
261,해남,2021-09-09,21.6,14.7,28.6,0.1,0.7,18.6,84.9,5.3
261,해남,2021-09-10,21.5,19.1,25.2,6.2,0.8,19.9,91.1,2.4
261,해남,2021-09-11,22.6,17.3,29.0,0.0,0.8,20.2,87.5,9.0
261,해남,2021-09-12,22.7,16.9,30.5,0.0,1.2,19.2,82.1,7.4
261,해남,2021-09-13,23.1,21.4,25.1,0.6,5.2,18.8,77.1,0.0
261,해남,2021-09-14,22.3,20.4,25.0,3.3,6.2,19.2,83.4,0.9
261,해남,2021-09-15,22.6,20.6,27.3,0.1,4.6,16.1,67.3,2.4
261,해남,2021-09-16,21.1,19.7,23.1,9.9,3.8,16.4,75.3,0.1
261,해남,2021-09-17,22.9,19.5,27.3,0.0,3.1,19.6,82.1,4.7
261,해남,2021-09-18,21.4,17.0,26.2,0.0,0.6,19.0,87.8,1.9
261,해남,2021-09-19,20.7,14.9,27.0,0.0,1.5,16.6,79.9,11.3
261,해남,2021-09-20,22.9,16.5,26.7,0.0,3.5,19.0,79.3,10.2
261,해남,2021-09-21,21.5,16.9,25.9,22.8,2.0,19.2,87.6,4.8
261,해남,2021-09-22,23.7,16.9,28.9,0.0,1.6,20.1,81.9,9.2
261,해남,2021-09-23,20.6,16.3,26.3,0.0,1.7,14.8,71.8,9.2
261,해남,2021-09-24,18.1,11.7,26.4,0.0,0.6,14.7,82.5,7.9
261,해남,2021-09-25,21.8,15.9,26.7,0.0,2.1,16.7,73.6,5.6
261,해남,2021-09-26,21.0,18.0,25.0,0.0,2.4,17.0,78.9,2.5
261,해남,2021-09-27,21.9,17.5,26.8,0.0,1.8,17.0,74.6,7.6
261,해남,2021-09-28,21.7,19.0,24.3,0.2,2.2,18.0,79.9,0.2
261,해남,2021-09-29,22.7,20.4,26.7,36.5,1.2,21.1,91.4,0.0
261,해남,2021-09-30,21.4,17.4,27.1,7.4,1.4,18.5,84.9,8.6
261,해남,2022-05-01,11.6,5.4,17.4,0.0,2.6,3.1,60.9,12.5
261,해남,2022-05-02,11.7,4.0,20.5,0.0,1.7,3.9,65.0,12.3
261,해남,2022-05-03,10.7,2.1,19.6,0.0,1.2,3.5,66.9,12.9
261,해남,2022-05-04,12.7,3.0,21.3,0.0,1.3,7.7,75.9,12.9
261,해남,2022-05-05,16.1,5.2,24.3,0.0,1.4,10.5,73.1,12.9
261,해남,2022-05-06,18.2,11.5,25.5,0.0,1.2,13.5,77.4,10.4
261,해남,2022-05-07,16.3,10.9,23.2,0.0,2.0,10.6,71.4,12.0
261,해남,2022-05-08,14.2,6.3,20.7,0.0,2.0,8.2,70.3,7.0
261,해남,2022-05-09,14.5,9.4,21.2,0.0,1.0,9.1,73.8,4.8
261,해남,2022-05-10,14.8,7.2,22.4,0.1,1.6,8.3,68.9,3.7
261,해남,2022-05-11,17.9,13.1,22.3,0.0,1.0,11.6,68.0,2.9
261,해남,2022-05-12,18.7,15.0,25.1,0.0,1.1,13.6,73.8,2.2
261,해남,2022-05-13,16.1,12.9,20.0,0.2,1.4,11.4,75.1,0.0
261,해남,2022-05-14,15.3,10.2,21.6,0.0,2.4,3.8,48.8,10.3
261,해남,2022-05-15,14.6,8.9,19.9,0.0,2.3,2.4,45.8,10.4
261,해남,2022-05-16,14.3,7.3,22.6,0.0,1.4,4.8,59.1,12.5
261,해남,2022-05-17,16.1,6.7,24.3,0.0,1.7,9.2,67.9,12.9
261,해남,2022-05-18,17.8,9.1,26.5,0.0,1.6,8.4,61.5,12.9
261,해남,2022-05-19,17.1,10.5,23.4,0.0,1.2,6.5,56.4,4.0
261,해남,2022-05-20,18.4,13.0,24.5,0.0,0.8,12.3,69.5,1.4
261,해남,2022-05-21,18.9,11.6,25.6,0.0,2.2,13.4,74.1,13.2
261,해남,2022-05-22,18.5,11.6,26.6,0.0,2.0,13.6,76.6,12.9
261,해남,2022-05-23,20.5,12.1,28.8,0.0,1.4,13.6,64.6,11.4
261,해남,2022-05-27,19.8,14.7,24.9,0.0,1.9,15.7,77.3,13.3
261,해남,2022-05-28,20.3,13.2,28.0,0.0,1.8,13.5,72.3,7.9
261,해남,2022-05-29,19.3,14.4,25.1,0.5,2.9,15.9,82.5,8.2
261,해남,2022-05-30,19.4,17.5,21.4,0.4,2.3,17.6,89.4,1.1
261,해남,2022-05-31,19.8,11.8,27.2,0.0,1.3,10.3,58.5,12.9
261,해남,2022-06-01,20.3,14.4,28.6,0.0,1.5,11.3,61.5,11.1
261,해남,2022-06-02,21.1,15.5,26.8,0.0,1.5,17.5,81.6,11.1
261,해남,2022-06-03,22.4,17.9,28.6,0.0,2.1,18.2,79.0,9.9
261,해남,2022-06-04,22.0,18.1,27.5,0.0,4.4,14.9,65.8,9.3
261,해남,2022-06-05,18.7,17.5,21.0,15.6,5.3,16.8,89.0,0.0
261,해남,2022-06-06,20.3,17.3,24.4,0.2,2.4,16.7,81.0,8.9
261,해남,2022-06-07,19.0,17.7,21.5,0.0,3.6,15.5,80.6,2.8
261,해남,2022-06-08,19.5,17.0,24.2,0.0,3.2,15.0,76.3,9.3
261,해남,2022-06-09,20.3,16.1,25.8,0.0,2.3,14.6,71.1,12.0
261,해남,2022-06-10,20.7,15.5,24.0,0.0,2.1,17.0,80.5,6.7
261,해남,2022-06-11,21.6,17.7,29.4,0.0,0.9,17.8,81.3,4.9
261,해남,2022-06-12,20.8,16.7,25.6,0.0,1.9,17.0,80.3,8.6
261,해남,2022-06-13,20.0,18.1,21.9,0.7,3.0,15.0,73.3,0.0
261,해남,2022-06-14,19.3,17.6,21.8,1.6,3.5,16.0,81.9,0.2
261,해남,2022-06-15,21.2,18.0,25.9,0.1,2.3,18.6,85.9,6.7
261,해남,2022-06-16,22.0,18.6,27.2,0.0,1.3,18.2,81.0,7.0
261,해남,2022-06-17,22.8,19.4,27.2,0.0,1.4,20.2,85.8,0.6
261,해남,2022-06-18,23.0,21.3,26.4,0.3,1.9,20.4,86.3,2.2
261,해남,2022-06-19,25.1,21.5,30.8,0.0,1.5,21.4,81.8,7.5
261,해남,2022-06-20,24.6,19.7,30.1,0.0,1.2,21.1,82.3,6.5
261,해남,2022-06-21,25.0,21.3,31.4,0.0,2.0,21.2,80.4,8.3
261,해남,2022-06-22,25.8,21.6,31.8,0.0,2.1,21.6,79.8,12.9
261,해남,2022-06-23,25.0,23.1,29.2,0.4,3.9,23.0,89.5,0.8
261,해남,2022-06-24,24.1,22.4,26.6,50.6,3.4,23.0,94.1,0.4
261,해남,2022-06-25,25.4,23.1,29.3,0.0,2.6,22.8,86.1,5.5
261,해남,2022-06-26,26.4,24.7,29.4,0.0,3.9,23.9,87.0,3.6
261,해남,2022-06-27,27.2,24.8,28.5,0.1,4.7,24.2,84.1,0.5
261,해남,2022-06-28,27.4,25.8,29.5,0.0,5.3,23.8,81.1,4.0
261,해남,2022-06-29,27.0,26.0,28.2,1.0,5.2,24.2,85.1,0.0
261,해남,2022-06-30,27.8,24.8,31.0,0.1,3.5,23.9,80.4,11.2
261,해남,2022-07-01,26.7,23.5,30.6,0.0,2.6,23.2,82.4,13.2
261,해남,2022-07-02,27.3,20.9,34.0,0.0,1.4,21.9,75.1,12.9
261,해남,2022-07-03,27.7,23.6,32.7,0.0,2.0,22.5,75.3,10.5
261,해남,2022-07-04,27.2,24.1,31.4,2.0,1.7,23.7,82.6,9.4
261,해남,2022-07-05,27.4,23.9,32.2,0.0,1.0,24.1,83.9,7.2
261,해남,2022-07-06,28.4,25.3,32.7,0.0,2.9,25.2,83.6,11.1
261,해남,2022-07-07,28.1,25.9,31.8,0.2,3.0,25.2,85.3,3.7
261,해남,2022-07-08,26.8,23.6,30.2,9.2,2.3,25.2,91.8,2.3
261,해남,2022-07-09,27.0,23.2,32.2,0.0,1.9,22.5,78.1,12.1
261,해남,2022-07-10,27.6,22.8,33.3,0.0,1.9,23.7,81.1,10.4
261,해남,2022-07-11,26.7,24.8,30.3,4.1,1.6,24.4,88.0,2.5
261,해남,2022-07-12,26.1,23.9,29.1,0.0,3.0,23.5,86.5,5.4
261,해남,2022-07-13,25.9,24.0,28.2,0.0,3.9,23.5,86.8,1.9
261,해남,2022-07-14,27.6,24.9,31.4,8.3,2.8,24.4,83.9,7.3
261,해남,2022-07-15,26.9,23.2,31.4,0.0,1.4,23.1,81.1,9.2
261,해남,2022-07-16,26.2,22.4,30.6,0.0,2.0,22.3,80.6,8.6
261,해남,2022-07-17,25.5,22.8,29.1,1.5,0.8,23.6,90.1,0.0
261,해남,2022-07-18,25.3,23.9,28.4,108.5,3.1,24.7,96.8,0.3
261,해남,2022-07-19,25.9,22.4,30.4,0.0,2.5,22.4,83.0,10.2
261,해남,2022-07-20,26.0,21.9,31.5,2.9,0.8,22.9,84.6,8.8
261,해남,2022-07-21,25.2,22.6,27.2,1.1,4.2,22.6,86.1,3.2
261,해남,2022-07-22,24.4,21.4,28.5,0.0,1.5,22.1,87.8,6.4
261,해남,2022-07-23,24.9,21.6,28.5,1.5,2.3,22.8,88.6,2.0
261,해남,2022-07-24,24.6,22.5,26.3,15.1,2.0,23.1,92.0,0.2
261,해남,2022-07-25,25.4,22.4,29.6,0.0,1.3,23.0,87.5,6.4
261,해남,2022-07-26,25.3,20.5,30.2,0.0,2.1,21.9,83.1,10.1
261,해남,2022-07-27,26.1,23.1,29.7,0.0,3.3,22.1,79.8,12.6
261,해남,2022-07-28,27.3,24.0,31.1,0.0,3.0,24.1,83.6,12.3
261,해남,2022-07-29,29.0,24.8,32.8,0.0,2.9,23.8,75.3,13.2
261,해남,2022-07-30,27.6,25.9,29.0,3.1,3.9,23.9,81.0,1.2
261,해남,2022-07-31,26.5,25.6,28.5,36.1,5.1,25.2,92.8,0.0
261,해남,2022-08-01,27.2,26.0,28.5,9.0,4.3,25.8,92.3,0.1
261,해남,2022-08-02,28.2,26.1,32.0,3.9,1.9,26.2,89.1,6.1
261,해남,2022-08-03,27.9,25.9,31.4,10.9,1.9,26.3,91.9,6.8
261,해남,2022-08-04,28.1,24.8,32.2,1.0,1.4,26.1,89.6,9.0
261,해남,2022-08-05,28.8,25.6,32.1,0.0,2.1,26.6,89.1,7.9
261,해남,2022-08-06,28.7,25.7,32.8,0.0,1.1,26.4,88.4,7.1
261,해남,2022-08-07,29.4,26.5,33.7,0.0,2.0,26.6,86.0,8.3
261,해남,2022-08-08,28.9,27.4,31.3,0.0,3.6,25.9,84.3,7.6
261,해남,2022-08-09,28.6,27.0,31.0,0.0,3.1,25.8,85.1,4.4
261,해남,2022-08-10,28.4,27.0,31.1,0.0,3.3,25.9,86.5,1.7
261,해남,2022-08-11,27.7,26.6,28.9,0.4,3.2,26.3,92.4,0.0
261,해남,2022-08-12,27.0,24.9,30.9,37.7,1.3,26.0,94.6,1.5
261,해남,2022-08-13,27.8,24.5,31.2,0.0,2.1,26.1,90.9,1.7
261,해남,2022-08-14,29.1,27.4,31.7,0.0,3.9,26.6,86.8,8.7
261,해남,2022-08-15,29.1,27.8,31.9,0.0,4.4,26.1,84.6,5.6
261,해남,2022-08-16,26.9,24.8,28.7,36.5,2.5,25.9,94.5,0.1
261,해남,2022-08-17,25.3,21.5,29.3,1.2,0.9,24.2,93.8,3.7
261,해남,2022-08-18,24.3,20.6,30.8,0.0,0.9,21.9,88.3,10.8
261,해남,2022-08-19,27.0,20.6,30.9,0.0,2.7,25.3,91.4,4.4
261,해남,2022-08-20,26.9,24.4,28.7,12.1,2.2,26.0,95.6,0.7
261,해남,2022-08-21,26.0,22.1,30.0,0.0,1.2,23.8,88.9,4.8
261,해남,2022-08-22,25.5,19.5,32.0,0.0,1.0,21.7,81.9,11.6
261,해남,2022-08-23,26.4,22.7,30.5,0.0,1.0,25.1,92.6,0.1
261,해남,2022-08-24,25.0,20.7,30.2,2.2,1.3,21.3,82.4,11.1
261,해남,2022-08-25,23.7,19.0,29.6,0.0,1.2,20.0,81.3,8.1
261,해남,2022-08-26,23.5,19.6,29.1,0.0,1.3,19.5,80.0,8.8
261,해남,2022-08-28,20.4,14.9,26.0,0.0,1.1,16.5,79.4,0.8
261,해남,2022-08-29,23.3,17.6,27.7,0.0,1.7,19.4,79.8,1.5
261,해남,2022-08-30,25.5,22.3,29.1,0.1,1.8,23.3,88.4,1.1
261,해남,2022-08-31,23.6,21.5,27.7,0.6,1.7,20.5,83.5,3.0
261,해남,2022-09-01,21.9,18.5,26.2,0.0,0.6,20.0,90.0,0.7
261,해남,2022-09-02,22.7,20.3,24.7,2.0,3.0,20.0,85.4,0.6
261,해남,2022-09-03,24.7,22.3,28.0,0.0,5.6,21.3,82.3,2.4
261,해남,2022-09-04,25.5,23.3,30.3,3.8,3.4,23.4,89.1,3.0
261,해남,2022-09-05,24.9,22.9,26.1,140.4,4.9,23.6,93.1,0.0
261,해남,2022-09-06,22.5,20.0,25.4,18.7,4.5,19.0,81.6,6.4
261,해남,2022-09-07,21.2,15.3,27.5,0.0,1.2,18.2,84.9,7.7
261,해남,2022-09-08,21.3,15.2,29.0,0.0,0.6,17.7,83.4,9.2
261,해남,2022-09-09,21.9,17.7,28.4,0.0,0.8,18.3,82.4,7.3
261,해남,2022-09-10,22.3,18.2,27.3,0.0,1.8,18.8,82.0,2.6
261,해남,2022-09-11,23.4,20.2,28.6,0.0,1.3,19.2,78.3,8.0
261,해남,2022-09-12,23.1,21.0,25.8,1.5,0.9,21.9,93.4,0.3
261,해남,2022-09-13,23.6,20.6,27.7,13.2,0.9,21.8,90.5,1.0
261,해남,2022-09-14,25.1,21.4,28.3,0.0,6.7,19.4,71.0,8.5
261,해남,2022-09-15,25.1,22.3,29.0,0.0,5.6,21.5,81.1,6.9
261,해남,2022-09-16,25.8,23.9,29.5,0.0,3.8,23.3,86.5,8.2
261,해남,2022-09-17,26.7,22.5,32.6,0.0,1.2,22.8,81.3,5.8
261,해남,2022-09-18,27.5,23.2,33.0,0.2,2.6,23.5,80.5,5.1
261,해남,2022-09-19,23.8,19.4,27.1,0.0,3.9,18.7,73.5,10.7
261,해남,2022-09-20,20.0,15.1,25.4,0.0,1.2,15.5,77.4,5.4
261,해남,2022-09-21,18.6,13.5,24.6,0.0,1.1,14.4,79.6,9.5
261,해남,2022-09-22,19.2,12.2,26.3,0.0,1.0,15.2,80.1,10.2
261,해남,2022-09-23,19.0,14.4,25.4,0.0,1.6,14.3,75.9,7.8
261,해남,2022-09-24,19.0,14.7,24.4,0.0,2.7,11.2,63.8,8.4
261,해남,2022-09-25,18.3,14.5,22.7,0.0,0.5,15.6,85.9,0.0
261,해남,2022-09-26,18.3,15.4,22.6,0.2,0.4,16.6,91.3,0.3
261,해남,2022-09-27,19.5,13.3,27.5,0.0,0.8,15.4,80.5,10.7
261,해남,2022-09-28,20.3,15.0,25.7,0.0,0.4,17.7,87.0,3.3
261,해남,2022-09-29,19.2,12.6,27.3,0.0,1.0,15.7,83.5,9.2
261,해남,2022-09-30,18.0,9.9,27.5,0.0,0.7,14.2,81.9,11.0
261,해남,2023-05-01,13.8,6.1,22.6,0.0,1.5,4.4,62.4,12.6
261,해남,2023-05-02,15.3,4.9,24.0,0.0,2.0,6.2,60.1,10.8
261,해남,2023-05-03,16.5,10.4,19.9,5.7,3.4,13.8,84.9,0.8
261,해남,2023-05-04,17.2,15.8,18.3,70.8,5.5,16.3,94.9,0.0
261,해남,2023-05-05,20.8,17.8,23.1,115.0,5.1,20.3,97.0,0.0
261,해남,2023-05-06,16.2,14.7,19.6,2.2,3.3,15.2,94.3,0.9
261,해남,2023-05-07,13.7,12.0,14.9,1.8,3.3,12.1,90.8,0.0
261,해남,2023-05-08,13.7,7.5,21.0,0.0,1.3,8.3,73.4,10.7
261,해남,2023-05-09,14.6,6.1,22.7,0.0,1.9,7.8,69.0,12.9
261,해남,2023-05-10,16.6,7.8,25.3,0.0,1.7,8.8,65.5,12.5
261,해남,2023-05-11,16.8,9.1,25.0,0.0,1.4,10.5,70.4,10.2
261,해남,2023-05-12,16.9,10.8,21.5,0.0,1.4,11.5,73.0,2.6
261,해남,2023-05-13,16.5,11.8,22.7,0.0,1.9,12.2,77.3,5.7
261,해남,2023-05-14,16.5,9.6,23.8,0.0,1.1,11.7,77.0,10.5
261,해남,2023-05-15,17.7,10.5,25.9,0.0,1.3,12.9,77.3,6.5
261,해남,2023-05-16,20.6,12.0,30.3,0.0,1.3,14.6,74.0,11.6
261,해남,2023-05-17,22.3,15.5,28.5,0.0,2.2,16.9,75.6,9.8
261,해남,2023-05-18,18.0,16.8,21.1,16.1,4.5,16.7,92.8,0.0
261,해남,2023-05-19,19.3,15.1,24.2,0.0,1.0,16.7,86.1,3.8
261,해남,2023-05-20,18.4,13.2,24.6,0.0,1.6,15.9,86.4,10.9
261,해남,2023-05-21,17.2,14.5,22.1,0.0,2.0,15.0,88.0,4.7
261,해남,2023-05-22,16.0,12.7,19.9,1.1,1.4,13.0,83.6,0.6
261,해남,2023-05-23,17.5,10.7,25.1,0.0,1.8,12.5,76.3,12.2
261,해남,2023-05-24,18.2,11.1,24.0,0.0,1.1,13.3,75.6,6.9
261,해남,2023-05-25,19.7,15.0,24.8,0.0,2.2,12.9,67.3,9.6
261,해남,2023-05-26,21.5,15.7,25.9,0.0,1.8,16.9,76.3,4.2
261,해남,2023-05-27,22.3,20.3,26.3,0.1,3.6,19.0,82.0,2.1
261,해남,2023-05-28,22.9,20.4,26.1,1.1,3.2,21.4,91.8,1.0
261,해남,2023-05-29,20.8,19.9,22.5,6.8,2.7,20.6,98.8,0.0
261,해남,2023-05-30,19.9,18.7,21.0,40.4,2.2,19.3,96.8,0.0
261,해남,2023-05-31,20.9,17.0,25.9,2.5,2.8,16.1,76.0,10.4
261,해남,2023-06-01,19.6,16.9,20.7,4.6,1.7,17.6,88.9,0.0
261,해남,2023-06-02,21.7,18.0,26.9,1.5,2.7,18.5,83.6,10.0
261,해남,2023-06-03,21.2,15.4,26.1,0.0,2.2,14.4,68.6,13.5
261,해남,2023-06-04,20.4,14.3,26.0,0.0,1.6,12.7,66.5,9.7
261,해남,2023-06-05,20.2,17.6,24.1,0.0,1.2,15.1,73.6,0.2
261,해남,2023-06-06,19.9,16.1,26.2,0.0,1.6,16.0,79.9,8.0
261,해남,2023-06-07,19.7,14.2,25.7,0.0,1.6,16.5,83.1,10.3
261,해남,2023-06-08,21.8,18.2,26.5,0.0,2.2,18.5,82.3,10.7
261,해남,2023-06-09,22.5,19.5,28.8,0.1,1.9,18.9,82.0,9.9
261,해남,2023-06-10,23.3,19.5,27.3,0.0,2.6,19.2,79.5,9.8
261,해남,2023-06-11,23.3,20.7,27.9,0.0,1.9,20.6,85.6,5.3
261,해남,2023-06-18,23.2,18.7,28.9,0.0,1.2,17.4,73.9,7.9
261,해남,2023-06-19,23.6,17.0,29.5,0.0,2.4,18.9,76.8,11.0
261,해남,2023-06-20,21.8,20.0,25.6,19.6,3.7,18.8,84.6,4.3
261,해남,2023-06-21,21.8,20.7,23.6,1.9,1.6,21.1,96.1,0.0
261,해남,2023-06-22,22.6,19.8,27.2,0.1,2.3,19.4,83.8,9.8
261,해남,2023-06-23,23.7,19.0,30.4,0.0,1.5,19.8,80.8,9.1
261,해남,2023-06-24,23.4,21.3,27.0,0.0,3.1,18.8,76.1,6.0
261,해남,2023-06-25,21.9,21.3,23.1,28.9,3.1,20.7,93.1,0.0
261,해남,2023-06-26,24.7,21.9,26.1,5.4,5.0,24.2,97.4,0.0
261,해남,2023-06-27,24.4,22.7,26.3,10.5,3.8,23.9,97.6,0.1
261,해남,2023-06-28,23.5,21.3,24.5,2.4,2.6,23.3,99.0,0.0
261,해남,2023-06-29,24.5,23.6,25.6,44.8,4.1,24.2,98.6,0.0
261,해남,2023-06-30,23.5,22.2,26.4,33.9,2.1,23.2,98.0,0.0
261,해남,2023-07-01,24.3,22.1,30.1,0.0,1.3,22.8,92.1,3.6
261,해남,2023-07-02,24.9,20.8,29.5,0.0,1.5,23.0,89.9,4.0
261,해남,2023-07-03,24.9,23.7,27.9,44.2,1.8,24.1,95.8,0.8
261,해남,2023-07-04,24.1,22.6,25.0,8.6,3.1,23.5,96.8,0.0
261,해남,2023-07-05,24.8,20.8,29.1,22.9,2.5,22.7,89.5,7.3
261,해남,2023-07-06,25.3,20.3,31.8,0.0,1.7,22.7,86.6,10.9
261,해남,2023-07-07,24.9,22.1,26.4,26.7,2.8,24.1,96.0,0.0
261,해남,2023-07-08,25.4,24.3,27.2,5.0,0.8,24.9,97.3,0.3
261,해남,2023-07-09,26.0,25.0,27.9,0.4,2.3,25.2,95.4,0.1
261,해남,2023-07-10,26.9,23.1,29.9,6.1,2.4,24.6,87.6,6.6
261,해남,2023-07-11,26.1,25.3,27.1,3.4,3.5,24.8,92.8,0.0
261,해남,2023-07-12,26.0,23.9,27.5,14.6,3.2,24.5,91.6,0.6
261,해남,2023-07-13,26.9,26.2,27.9,0.2,4.2,24.5,86.8,0.0
261,해남,2023-07-14,26.7,25.7,27.4,7.5,7.2,24.5,87.9,0.0
261,해남,2023-07-15,25.6,22.4,27.7,35.8,5.5,24.1,92.0,0.0
261,해남,2023-07-16,24.1,21.6,28.7,166.4,1.0,23.4,96.4,0.9
261,해남,2023-07-17,26.7,22.9,32.2,11.0,1.2,24.6,89.3,2.1
261,해남,2023-07-18,25.2,23.3,29.3,33.2,2.4,24.3,95.4,0.6
261,해남,2023-07-19,24.9,22.5,29.5,0.6,1.4,23.1,90.1,1.6
261,해남,2023-07-20,24.8,22.1,29.0,0.0,0.8,23.2,91.3,2.1
261,해남,2023-07-21,25.6,21.8,28.7,0.0,2.7,22.4,83.5,5.7
261,해남,2023-07-22,24.5,21.7,25.9,37.9,2.5,23.0,91.8,0.0
261,해남,2023-07-23,26.9,25.1,29.4,37.9,2.8,24.7,88.5,0.7
261,해남,2023-07-24,25.9,24.0,29.3,63.6,2.3,24.5,92.5,0.4
261,해남,2023-07-25,27.2,23.7,31.3,0.0,1.7,24.1,84.5,5.3
261,해남,2023-07-26,27.9,24.9,31.5,0.0,2.1,25.5,87.4,10.6
261,해남,2023-07-27,28.3,25.7,32.1,0.0,2.5,24.9,82.6,10.9
261,해남,2023-07-28,27.6,24.7,31.2,0.0,1.9,25.1,86.6,6.1
261,해남,2023-07-29,28.4,24.7,32.6,0.0,2.0,24.7,81.5,10.5
261,해남,2023-07-30,27.7,23.6,32.5,0.0,2.3,24.5,84.0,12.0
261,해남,2023-07-31,27.7,23.9,33.5,0.0,0.9,24.7,85.1,9.6
261,해남,2023-08-01,28.1,23.4,34.0,0.0,1.4,24.6,82.9,12.4
261,해남,2023-08-02,28.8,23.3,35.5,0.0,0.9,24.1,78.4,12.9
261,해남,2023-08-03,28.6,23.7,33.8,0.0,1.7,24.2,79.3,13.1
261,해남,2023-08-04,28.6,24.2,32.9,0.0,1.7,24.7,80.6,10.8
261,해남,2023-08-05,29.1,23.9,36.0,0.0,1.1,24.6,78.9,11.9
261,해남,2023-08-06,28.8,24.6,35.2,0.0,0.9,25.5,84.1,9.2
261,해남,2023-08-07,27.7,24.2,35.0,37.8,1.0,25.6,89.3,10.6
261,해남,2023-08-08,29.1,24.6,35.5,0.0,0.9,25.8,84.3,9.0
261,해남,2023-08-09,27.0,24.9,30.4,4.6,1.9,24.4,86.4,0.4
261,해남,2023-08-10,24.9,21.6,28.1,16.7,3.9,22.2,85.4,3.2
261,해남,2023-08-11,26.2,21.5,31.3,0.0,1.8,23.3,85.3,9.1
261,해남,2023-08-12,26.1,20.7,31.4,0.0,1.0,23.0,84.8,10.5
261,해남,2023-08-13,27.3,22.2,32.7,0.0,1.1,23.4,81.6,10.7
261,해남,2023-08-14,27.7,23.4,33.3,0.0,1.4,23.6,79.6,9.5
261,해남,2023-08-15,27.7,24.2,32.5,0.0,1.5,24.2,82.8,9.8
261,해남,2023-08-16,27.5,23.7,33.4,0.0,1.2,23.4,80.5,8.7
261,해남,2023-08-17,26.7,22.2,33.5,0.0,1.0,23.3,83.4,8.3
261,해남,2023-08-18,26.1,22.7,32.4,9.3,0.6,24.0,89.1,6.0
261,해남,2023-08-19,27.2,23.2,32.7,0.0,1.1,23.7,82.9,10.3
261,해남,2023-08-20,27.4,22.5,33.0,0.0,1.1,23.7,82.1,11.6
261,해남,2023-08-21,28.1,23.6,32.7,0.0,2.5,25.1,84.4,8.9
261,해남,2023-08-22,28.5,25.9,33.0,7.0,2.3,24.8,81.8,8.0
261,해남,2023-08-23,25.3,22.4,29.1,46.6,1.1,24.5,95.6,0.4
261,해남,2023-08-24,25.2,22.6,28.6,2.9,1.1,24.1,93.8,1.4
261,해남,2023-08-25,25.3,20.8,31.3,0.0,1.2,21.7,82.6,10.9
261,해남,2023-08-26,25.0,19.3,32.0,0.0,1.0,21.4,82.4,10.7
261,해남,2023-08-27,26.5,20.8,31.8,6.7,1.4,23.1,83.3,9.1
261,해남,2023-08-28,27.0,24.8,30.4,29.6,3.3,24.6,87.1,5.2
261,해남,2023-08-29,27.0,23.9,31.9,18.9,2.0,24.4,86.3,2.0
261,해남,2023-08-30,22.6,19.9,25.9,19.7,1.5,20.7,89.8,0.2
261,해남,2023-08-31,24.1,20.0,29.4,0.0,1.8,19.9,78.8,11.2
261,해남,2023-09-01,25.1,20.1,30.9,0.0,1.1,22.3,86.1,8.1
261,해남,2023-09-02,25.3,23.4,28.9,0.1,1.7,23.5,89.9,1.7
261,해남,2023-09-03,27.1,23.5,31.6,0.0,2.3,23.8,83.1,10.4
261,해남,2023-09-04,26.6,22.6,32.6,0.0,1.3,23.4,84.0,8.4
261,해남,2023-09-05,26.1,22.1,31.2,0.0,0.9,23.4,86.8,7.2
261,해남,2023-09-06,25.4,21.9,32.4,0.0,1.1,22.5,86.1,8.9
261,해남,2023-09-07,24.0,19.0,31.2,0.0,0.8,19.5,79.0,11.0
261,해남,2023-09-08,22.8,16.7,30.2,0.0,0.7,17.7,76.9,11.0
261,해남,2023-09-09,23.5,17.0,30.4,0.0,0.8,19.1,79.3,10.2
261,해남,2023-09-10,24.1,19.7,31.1,0.0,0.7,20.9,83.6,8.6
261,해남,2023-09-11,24.7,19.1,31.6,0.0,0.8,20.4,80.0,9.2
261,해남,2023-09-12,24.7,19.5,31.1,0.0,0.6,20.9,81.8,6.4
261,해남,2023-09-13,24.0,21.3,27.7,33.9,1.4,22.2,90.6,0.1
261,해남,2023-09-14,22.3,20.7,24.5,15.3,0.7,21.4,94.9,0.2
261,해남,2023-09-15,25.2,22.4,30.0,15.8,2.5,23.3,89.9,5.7
261,해남,2023-09-16,23.9,22.4,25.8,45.2,0.7,23.0,94.9,0.1
261,해남,2023-09-17,25.2,22.6,30.6,0.0,0.6,22.5,87.3,3.6
261,해남,2023-09-18,24.6,20.5,31.0,0.0,0.9,21.7,85.8,10.2
261,해남,2023-09-19,22.9,18.9,29.0,0.0,0.4,19.8,85.4,6.7
261,해남,2023-09-20,24.9,19.6,28.3,8.4,3.2,23.2,90.9,0.0
261,해남,2023-09-21,21.4,19.0,25.1,0.2,2.9,18.8,86.0,0.3
261,해남,2023-09-22,20.1,15.4,26.8,0.0,1.0,17.1,85.4,9.1
261,해남,2023-09-23,19.8,14.6,26.3,0.0,1.0,16.1,81.6,5.6
261,해남,2023-09-24,22.0,15.6,26.8,0.0,2.6,15.5,67.5,10.6
261,해남,2023-09-25,23.3,19.6,28.2,0.0,2.2,18.6,75.5,3.3
261,해남,2023-09-26,24.5,22.0,28.7,0.7,1.6,21.4,84.0,6.8
261,해남,2023-09-27,23.4,21.2,28.2,0.7,1.6,20.6,85.3,4.6
261,해남,2023-09-28,23.0,19.4,28.0,0.0,1.4,19.5,82.4,8.2
261,해남,2023-09-29,21.7,15.8,28.4,0.0,1.0,16.6,76.4,8.7
261,해남,2023-09-30,18.9,16.1,23.2,4.4,1.5,15.5,82.1,5.8
261,해남,2024-05-01,14.1,11.6,17.2,0.0,1.3,12.1,88.8,0.0
261,해남,2024-05-02,15.0,9.6,22.4,0.0,1.4,11.5,81.8,10.0
261,해남,2024-05-03,16.2,8.0,26.2,0.0,1.1,10.2,72.8,11.8
261,해남,2024-05-04,17.7,8.5,24.1,1.2,2.4,12.9,76.6,6.9
261,해남,2024-05-05,19.3,16.8,21.5,86.7,4.5,18.5,95.4,0.0
261,해남,2024-05-06,16.0,14.8,19.4,0.2,2.7,13.6,86.3,1.5
261,해남,2024-05-07,16.2,14.1,19.9,0.0,3.3,12.6,80.4,5.5
261,해남,2024-05-08,14.1,9.7,18.9,3.2,1.9,10.6,80.9,2.9
261,해남,2024-05-09,14.5,7.4,22.7,0.0,1.4,8.8,73.4,13.0
261,해남,2024-05-10,16.2,8.3,24.5,0.0,1.6,9.7,70.9,12.8
261,해남,2024-05-11,19.3,14.0,25.6,20.8,2.9,15.9,82.5,3.4
261,해남,2024-05-12,17.3,12.8,22.5,5.3,2.6,8.8,59.9,8.5
261,해남,2024-05-13,16.7,9.5,24.3,0.0,2.3,9.6,65.9,13.3
261,해남,2024-05-14,16.8,8.8,25.5,0.0,1.2,9.4,68.4,13.1
261,해남,2024-05-15,14.3,8.0,22.7,0.0,2.8,8.9,73.3,8.4
261,해남,2024-05-16,16.3,11.1,22.1,0.0,3.8,9.0,65.0,13.0
261,해남,2024-05-17,17.6,9.8,23.5,0.0,2.3,11.8,71.5,11.1
261,해남,2024-05-18,19.9,13.8,26.1,0.0,1.8,14.6,73.8,12.8
261,해남,2024-05-19,19.4,10.0,28.8,0.0,1.2,10.8,64.8,13.2
261,해남,2024-05-20,19.7,11.7,28.2,0.0,1.7,13.3,71.5,12.9
261,해남,2024-05-21,18.7,13.0,24.7,0.0,2.1,14.9,80.3,11.1
261,해남,2024-05-22,19.8,13.9,27.5,0.0,1.6,15.5,78.9,9.6
261,해남,2024-05-23,21.1,15.3,28.2,0.0,1.8,14.9,72.5,9.8
261,해남,2024-05-24,20.6,14.0,28.3,0.0,2.1,15.6,75.4,12.2
261,해남,2024-05-25,20.5,16.4,24.7,0.0,3.0,11.1,56.8,11.9
261,해남,2024-05-26,20.3,16.9,22.8,4.7,3.2,17.8,86.5,2.3
261,해남,2024-05-27,19.6,17.0,24.1,0.0,2.5,11.5,61.3,8.8
261,해남,2024-05-28,19.8,14.7,24.9,0.0,3.0,12.0,62.5,12.6
261,해남,2024-05-29,19.6,13.5,26.1,0.0,1.4,15.0,77.6,13.4
261,해남,2024-05-30,19.6,14.2,25.7,2.4,1.1,14.4,75.3,1.4
261,해남,2024-05-31,19.6,16.0,25.3,4.7,1.6,15.5,79.4,9.0
261,해남,2024-06-01,19.2,15.9,23.6,0.0,1.9,14.0,74.1,9.8
261,해남,2024-06-02,19.7,15.3,26.1,0.0,2.2,13.2,68.6,9.5
261,해남,2024-06-03,19.7,12.9,25.8,0.0,1.4,14.8,76.0,9.9
261,해남,2024-06-04,20.1,15.0,25.3,0.0,1.6,15.4,76.4,8.4
261,해남,2024-06-05,19.7,14.3,25.9,0.0,1.2,14.6,75.1,5.8
261,해남,2024-06-06,19.9,15.6,23.7,0.0,1.2,14.8,73.9,0.2
261,해남,2024-06-07,21.4,16.3,26.4,0.0,1.9,15.3,70.8,4.8
261,해남,2024-06-08,20.8,19.6,22.4,9.4,2.7,19.2,91.4,0.0
261,해남,2024-06-09,22.6,17.7,27.5,0.0,1.8,18.6,79.1,8.9
261,해남,2024-06-10,22.1,16.5,28.9,0.0,1.2,17.5,78.1,10.6
261,해남,2024-06-11,22.0,16.2,28.6,0.0,1.1,18.6,83.4,9.7
261,해남,2024-06-12,22.8,16.2,30.1,0.0,1.3,18.7,80.3,12.2
261,해남,2024-06-13,24.2,17.8,32.3,0.0,1.2,18.1,72.4,13.2
261,해남,2024-06-14,24.5,18.0,31.2,0.0,1.5,18.8,73.4,9.2
261,해남,2024-06-15,24.8,20.2,29.8,0.0,1.9,20.5,78.9,7.9
261,해남,2024-06-16,23.7,19.2,29.2,0.0,2.3,19.3,78.6,11.6
261,해남,2024-06-17,21.2,16.9,26.1,0.0,0.8,17.2,80.9,2.1
261,해남,2024-06-18,23.3,15.0,32.0,0.0,1.8,16.1,69.9,12.3
261,해남,2024-06-19,24.3,17.5,33.5,0.0,1.5,17.2,70.1,9.3
261,해남,2024-06-20,21.8,20.4,22.9,4.4,3.3,19.4,87.3,0.0
261,해남,2024-06-21,23.8,19.2,29.0,0.0,1.9,20.6,83.6,7.2
261,해남,2024-06-22,23.8,22.8,25.5,40.7,3.5,23.1,96.0,0.0
261,해남,2024-06-23,23.8,22.0,27.9,0.5,2.0,22.2,91.9,2.2
261,해남,2024-06-24,24.3,22.1,28.0,0.0,2.4,22.0,87.5,3.1
261,해남,2024-06-25,23.2,19.4,28.5,0.0,1.8,17.3,71.9,6.1
261,해남,2024-06-26,22.5,17.1,30.4,0.0,1.1,16.6,73.9,10.3
261,해남,2024-06-27,19.8,17.1,22.6,2.8,1.2,18.1,91.0,0.3
261,해남,2024-06-28,23.8,17.9,29.2,0.0,1.6,20.3,82.1,12.5
261,해남,2024-06-29,24.1,22.5,25.8,57.6,3.4,23.0,94.4,0.0
261,해남,2024-06-30,24.1,23.1,25.3,70.4,3.8,23.7,97.8,0.0
261,해남,2024-07-01,25.1,22.3,29.3,17.9,1.3,23.2,90.0,4.2
261,해남,2024-07-02,26.9,24.1,30.4,0.3,4.6,24.7,88.4,3.3
261,해남,2024-07-03,26.4,23.5,30.4,2.3,2.9,23.9,87.0,9.6
261,해남,2024-07-04,26.2,23.0,30.2,0.0,2.1,24.3,90.0,5.6
261,해남,2024-07-05,26.5,24.1,30.1,3.4,1.9,24.2,88.1,6.5
261,해남,2024-07-06,26.7,24.9,27.9,0.0,4.4,24.7,88.9,0.2
261,해남,2024-07-07,26.0,25.2,26.8,0.0,3.5,25.2,95.9,0.0
261,해남,2024-07-08,25.9,25.3,26.9,0.2,3.6,25.2,96.0,0.0
261,해남,2024-07-09,26.3,24.7,27.9,0.5,2.9,25.0,93.4,0.0
261,해남,2024-07-10,24.4,22.5,27.1,17.8,3.9,23.4,94.8,0.0
261,해남,2024-07-11,23.4,22.0,26.0,0.0,1.3,22.3,94.3,0.1
261,해남,2024-07-12,24.2,21.7,28.9,0.0,1.3,22.0,88.9,3.4
261,해남,2024-07-13,24.5,21.0,28.2,2.3,2.1,22.5,89.5,2.5
261,해남,2024-07-14,24.7,23.6,26.7,17.1,2.1,23.1,91.8,3.3
261,해남,2024-07-15,24.6,23.3,27.1,3.0,2.5,23.1,91.9,2.5
261,해남,2024-07-16,25.6,21.3,27.7,96.7,2.7,24.5,94.1,0.0
261,해남,2024-07-17,28.1,26.2,30.4,0.0,3.3,25.3,85.6,2.2
261,해남,2024-07-18,26.9,23.6,28.8,13.5,3.6,25.2,91.0,0.3
261,해남,2024-07-19,24.7,23.1,28.8,41.2,1.5,23.5,93.9,4.3
261,해남,2024-07-20,28.2,22.7,31.5,0.1,3.8,25.8,87.6,5.7
261,해남,2024-07-21,27.5,23.8,31.0,9.9,2.7,25.3,88.3,4.5
261,해남,2024-07-22,28.8,26.9,31.6,0.0,3.1,25.2,81.4,7.0
261,해남,2024-07-23,29.2,26.9,32.4,0.0,2.7,25.9,83.4,5.7
261,해남,2024-07-24,29.4,26.4,32.8,0.0,1.8,26.0,83.5,10.8
261,해남,2024-07-25,29.1,26.8,32.2,1.8,3.4,26.5,86.4,11.6
261,해남,2024-07-26,27.0,25.9,28.8,23.7,3.4,25.8,93.4,0.0
261,해남,2024-07-27,28.8,25.9,32.5,18.1,2.9,26.1,85.9,8.0
261,해남,2024-07-28,29.2,25.8,33.0,0.0,2.0,25.4,81.1,12.8
261,해남,2024-07-29,28.5,26.1,31.7,0.0,2.6,25.9,86.5,10.7
261,해남,2024-07-30,28.2,25.3,32.2,0.0,1.8,25.8,87.6,11.4
261,해남,2024-07-31,28.8,25.5,32.4,0.0,1.8,26.0,85.8,10.0
261,해남,2024-08-01,29.2,26.5,32.6,0.0,2.0,26.3,85.3,8.0
261,해남,2024-08-02,29.2,25.6,33.4,0.0,1.6,27.1,89.3,7.3
261,해남,2024-08-03,29.8,26.0,34.7,0.0,1.1,26.9,85.8,11.5
261,해남,2024-08-04,30.0,26.6,35.0,0.0,1.1,26.9,85.0,10.2
261,해남,2024-08-05,28.3,24.4,33.5,1.3,1.8,25.7,86.6,8.7
261,해남,2024-08-06,29.0,23.9,34.3,0.0,1.1,25.1,81.1,11.3
261,해남,2024-08-07,29.3,25.0,34.6,0.0,1.2,25.7,82.5,11.5
261,해남,2024-08-08,28.3,24.2,34.2,0.0,1.1,25.5,86.1,6.8
261,해남,2024-08-09,28.9,24.9,34.5,0.0,1.1,25.2,82.4,12.5
261,해남,2024-08-10,28.7,24.3,34.1,0.0,1.6,24.8,81.0,11.4
261,해남,2024-08-11,28.9,25.1,33.0,0.0,2.4,23.7,74.6,12.4
261,해남,2024-08-12,28.4,24.5,34.4,0.0,2.0,24.1,79.5,12.5
261,해남,2024-08-13,27.6,24.1,33.2,0.0,0.9,24.5,84.1,3.7
261,해남,2024-08-14,28.2,22.8,34.4,0.0,1.2,24.0,80.4,11.7
261,해남,2024-08-15,27.6,24.1,34.8,0.0,1.2,24.6,86.0,8.5
261,해남,2024-08-16,27.0,24.1,33.7,0.3,1.1,24.5,87.3,5.7
261,해남,2024-08-17,26.7,23.4,33.5,9.6,0.8,24.2,87.6,5.6
261,해남,2024-08-18,27.8,23.5,33.4,0.0,1.5,24.1,81.9,11.8
261,해남,2024-08-19,28.8,24.1,33.7,0.0,1.8,25.0,81.8,11.8
261,해남,2024-08-20,28.5,25.5,33.0,21.5,2.7,26.8,91.8,4.0
261,해남,2024-08-21,30.2,27.8,34.2,1.7,2.0,26.5,81.3,9.1
261,해남,2024-08-22,28.2,24.9,31.7,6.6,1.7,26.4,90.5,3.5
261,해남,2024-08-23,27.7,23.8,32.7,0.0,1.2,25.0,86.6,9.8
261,해남,2024-08-24,28.0,23.4,33.5,0.0,0.9,24.7,84.3,10.7
261,해남,2024-08-25,28.0,23.9,33.7,0.0,0.9,25.1,86.1,7.7
261,해남,2024-08-26,27.5,23.3,32.8,0.0,0.7,24.7,86.1,8.8
261,해남,2024-08-27,28.1,23.6,34.0,0.1,0.9,25.0,85.1,4.3
261,해남,2024-08-28,28.7,24.2,33.5,1.3,3.4,22.9,72.1,10.0
261,해남,2024-08-29,28.4,22.6,34.4,0.0,1.8,23.2,75.3,11.5
261,해남,2024-08-30,27.7,22.7,33.3,0.0,2.1,22.9,76.6,12.6
261,해남,2024-08-31,25.9,20.6,31.4,0.0,1.2,21.4,78.8,12.0
261,해남,2024-09-01,26.3,21.0,32.5,0.0,1.2,22.6,82.5,11.2
261,해남,2024-09-02,25.2,20.8,30.4,1.7,0.7,22.6,86.8,2.9
261,해남,2024-09-03,26.4,21.9,30.9,0.0,1.9,22.5,80.4,6.5
261,해남,2024-09-04,26.3,22.4,31.0,0.0,2.2,21.4,76.3,12.2
261,해남,2024-09-05,26.8,21.5,32.8,0.0,1.3,23.0,81.6,11.7
261,해남,2024-09-06,27.5,23.4,33.0,0.0,1.3,24.5,85.4,3.9
261,해남,2024-09-07,26.1,23.0,32.0,2.6,0.8,24.6,91.9,0.9
261,해남,2024-09-08,26.6,22.4,32.8,0.0,1.3,22.9,82.8,11.6
261,해남,2024-09-09,27.3,21.8,33.5,0.0,1.9,23.8,83.4,11.2
261,해남,2024-09-10,28.3,22.3,34.0,0.0,1.7,24.2,80.3,11.7
261,해남,2024-09-11,27.6,25.4,32.1,15.8,2.1,26.0,91.8,1.5
261,해남,2024-09-12,28.3,25.1,32.7,0.0,2.2,25.6,86.3,8.4
261,해남,2024-09-13,27.8,23.3,33.7,0.0,0.9,24.4,83.8,10.8
261,해남,2024-09-14,28.0,22.7,34.5,0.0,0.9,24.2,82.5,8.8
261,해남,2024-09-15,28.9,23.4,34.2,0.0,1.8,25.5,83.3,9.1
261,해남,2024-09-16,27.7,26.2,28.9,6.1,2.7,25.6,88.6,0.1
261,해남,2024-09-17,27.8,25.6,34.1,36.8,1.0,26.0,91.0,7.0
261,해남,2024-09-18,28.5,24.3,33.8,0.0,1.2,25.5,85.4,10.9
261,해남,2024-09-19,28.7,24.6,34.2,11.0,2.2,24.2,79.4,10.6
261,해남,2024-09-20,28.1,24.2,31.3,44.6,2.5,26.0,89.0,1.8
261,해남,2024-09-21,25.7,23.3,28.3,205.7,2.9,24.9,95.9,0.0
261,해남,2024-09-22,22.2,21.2,23.3,4.5,1.4,21.1,93.8,0.0
261,해남,2024-09-23,22.6,19.3,27.3,0.0,3.1,17.6,74.5,10.9
261,해남,2024-09-24,22.2,18.2,28.5,0.0,1.9,17.1,74.9,6.8
261,해남,2024-09-25,23.1,17.0,29.8,0.0,1.1,19.8,83.6,10.8
261,해남,2024-09-26,24.2,18.4,29.8,0.0,0.9,20.5,82.0,8.8
261,해남,2024-09-27,23.3,18.3,29.0,0.0,1.9,18.2,76.8,10.7
261,해남,2024-09-28,23.7,17.5,29.6,0.0,1.3,19.6,80.0,9.7
261,해남,2024-09-29,23.8,20.0,28.8,0.0,2.8,18.1,71.3,10.3
261,해남,2024-09-30,23.0,16.8,29.3,0.0,1.1,18.2,77.0,10.9
261,해남,2025-05-01,15.8,11.7,20.2,18.0,3.6,14.2,91.1,0.6
261,해남,2025-05-02,12.8,6.5,18.5,0.0,2.1,6.4,70.5,12.5
261,해남,2025-05-03,13.5,8.2,18.5,0.9,2.3,8.9,76.8,2.9
261,해남,2025-05-04,12.8,4.8,20.8,0.0,1.7,4.3,63.9,12.0
261,해남,2025-05-05,11.6,3.9,18.9,5.3,1.9,5.6,72.9,2.0
261,해남,2025-05-06,12.1,8.1,15.9,1.3,1.9,10.1,89.3,2.9
261,해남,2025-05-07,13.0,4.8,21.2,0.0,1.2,7.3,73.4,11.9
261,해남,2025-05-08,15.3,4.8,21.7,0.0,2.6,8.0,65.1,9.7
261,해남,2025-05-09,16.0,13.9,17.8,28.3,5.3,15.1,95.1,0.0
261,해남,2025-05-10,13.5,11.9,15.8,0.0,3.9,11.5,88.1,0.3
261,해남,2025-05-11,13.9,9.4,20.7,0.0,1.4,10.1,81.5,8.1
261,해남,2025-05-12,15.6,7.9,22.8,0.0,1.6,11.3,79.8,11.7
261,해남,2025-05-13,17.4,8.4,24.9,0.0,1.6,11.3,72.0,12.6
261,해남,2025-05-14,18.2,10.5,23.1,0.0,3.0,14.9,82.5,9.8
261,해남,2025-05-15,19.6,18.9,21.1,1.2,1.9,19.2,97.8,0.0
261,해남,2025-05-16,19.3,16.1,21.5,30.8,2.9,19.0,98.1,0.0
261,해남,2025-05-17,17.8,15.1,22.3,0.1,2.1,16.6,93.3,3.3
261,해남,2025-05-18,16.7,12.8,22.4,0.0,2.0,12.6,78.9,10.8
261,해남,2025-05-19,18.9,13.1,23.9,0.0,2.4,14.9,80.1,4.9
261,해남,2025-05-20,22.3,18.9,26.5,0.1,2.0,21.2,94.1,0.3
261,해남,2025-05-21,22.1,20.0,24.2,0.2,2.6,20.5,91.0,0.0
261,해남,2025-05-22,20.2,16.8,26.4,0.0,2.6,18.4,90.5,3.3
261,해남,2025-05-23,18.1,16.5,19.8,0.0,3.8,12.7,72.4,0.0
261,해남,2025-05-24,17.1,13.4,21.8,0.0,1.9,12.4,75.1,1.3
261,해남,2025-05-25,17.0,10.8,23.4,0.0,1.9,11.7,73.8,13.3
261,해남,2025-05-26,17.9,11.5,24.7,0.0,1.1,11.2,70.4,11.6
261,해남,2025-05-27,18.6,11.0,26.3,0.0,1.3,9.7,62.3,12.3
261,해남,2025-05-28,19.4,11.2,29.1,0.0,1.1,12.9,70.8,12.4
261,해남,2025-05-29,19.8,13.1,27.8,0.0,1.6,13.6,70.6,12.6
261,해남,2025-05-30,19.1,12.5,25.8,0.0,1.9,13.0,72.0,12.3
261,해남,2025-05-31,18.4,13.3,24.6,0.0,1.3,14.6,80.5,5.8
261,해남,2025-06-01,19.9,13.0,28.5,0.0,1.2,13.4,70.1,12.7
261,해남,2025-06-02,17.3,16.2,19.3,5.3,2.1,15.7,90.8,0.0
261,해남,2025-06-03,19.3,15.9,24.1,0.0,2.8,15.4,79.3,12.4
261,해남,2025-06-04,19.5,12.1,26.6,0.0,2.2,12.6,70.3,13.3
261,해남,2025-06-05,19.8,11.8,28.1,0.0,1.2,10.7,61.5,12.5
261,해남,2025-06-06,21.0,15.2,27.0,0.0,1.1,12.1,60.5,1.6
261,해남,2025-06-07,22.7,14.7,29.3,0.0,1.4,16.6,71.9,8.3
261,해남,2025-06-08,23.4,19.3,30.0,0.0,1.5,19.6,81.4,7.2
261,해남,2025-06-09,22.4,18.1,28.3,0.0,1.2,18.3,80.3,6.6
261,해남,2025-06-10,22.3,16.7,28.3,0.0,1.9,18.4,80.9,6.0
261,해남,2025-06-11,22.9,17.6,29.2,0.0,2.1,14.6,62.0,12.1
261,해남,2025-06-12,21.8,17.8,27.2,0.0,1.3,16.1,71.4,4.0
261,해남,2025-06-13,21.0,18.4,22.8,25.9,2.7,19.5,91.8,0.0
261,해남,2025-06-14,23.4,20.5,26.7,95.9,2.1,22.4,94.9,0.4
261,해남,2025-06-15,24.0,19.1,29.6,12.3,1.6,21.9,89.0,5.0
261,해남,2025-06-16,22.7,21.3,26.0,7.4,3.2,21.0,90.5,6.1
261,해남,2025-06-17,23.6,19.5,27.3,0.0,2.4,21.0,86.0,6.7
261,해남,2025-06-18,23.2,16.9,30.5,0.0,1.3,19.2,81.4,12.8
261,해남,2025-06-19,23.8,18.6,28.2,0.0,2.7,22.3,92.0,4.7
261,해남,2025-06-20,25.8,23.7,29.6,1.8,4.6,23.7,88.9,0.4
261,해남,2025-06-21,22.8,19.5,25.1,30.2,4.1,22.6,99.0,0.0
261,해남,2025-06-22,22.4,18.9,27.0,0.3,1.4,19.1,83.8,5.7
261,해남,2025-06-23,23.2,16.6,30.8,0.0,1.2,18.9,79.9,11.2
261,해남,2025-06-24,21.8,19.7,24.1,6.1,3.7,20.4,92.4,0.1
261,해남,2025-06-25,22.5,19.2,26.2,0.6,2.2,20.3,88.5,9.3
261,해남,2025-06-26,23.2,17.8,28.7,0.0,1.2,19.2,80.5,12.0
261,해남,2025-06-27,25.7,18.7,30.8,0.0,1.2,22.5,83.9,12.8
261,해남,2025-06-28,26.8,24.9,30.6,0.0,1.6,24.8,89.8,5.1
261,해남,2025-06-29,27.3,24.3,31.3,0.0,1.6,24.1,84.3,10.1
261,해남,2025-06-30,28.1,23.2,33.6,0.0,1.6,24.1,81.3,12.4
261,해남,2025-07-01,28.3,24.5,32.9,0.0,1.6,25.6,86.6,11.7
261,해남,2025-07-02,28.3,24.7,32.6,0.0,1.6,24.5,81.8,13.1
261,해남,2025-07-03,27.9,24.4,31.9,0.0,1.8,24.3,82.3,12.0
261,해남,2025-07-04,27.4,24.6,30.8,0.0,2.6,24.5,84.9,9.9
261,해남,2025-07-05,28.1,25.5,31.3,0.0,2.8,25.1,84.9,12.2
261,해남,2025-07-06,28.2,25.2,32.5,0.0,2.3,25.7,87.3,8.8
261,해남,2025-07-07,28.6,23.7,34.2,0.0,1.3,24.6,80.8,11.9
261,해남,2025-07-08,28.8,24.7,33.7,0.0,2.2,24.4,78.6,12.3
261,해남,2025-07-09,28.1,23.1,34.7,0.0,2.4,22.1,72.9,11.4
261,해남,2025-07-10,28.6,22.8,34.2,0.0,2.1,22.6,72.3,10.8
261,해남,2025-07-11,28.7,24.3,34.4,0.0,3.8,20.0,61.4,11.1
261,해남,2025-07-12,27.1,23.7,33.1,0.0,1.8,19.4,65.5,7.4
261,해남,2025-07-13,23.3,21.1,25.6,98.9,1.3,22.5,95.3,0.0
261,해남,2025-07-14,25.0,21.1,29.5,0.0,3.1,20.0,76.4,12.2
261,해남,2025-07-15,25.2,22.0,29.6,0.0,2.0,21.2,80.3,7.8
261,해남,2025-07-16,25.6,22.8,27.7,4.6,2.3,23.2,87.1,0.0
261,해남,2025-07-17,27.4,22.5,29.5,1.3,4.8,24.2,83.0,0.1
261,해남,2025-07-18,25.6,21.6,29.6,23.7,2.4,23.4,88.6,6.2
261,해남,2025-07-19,28.0,25.5,31.3,18.8,2.9,24.6,83.0,5.9
261,해남,2025-07-20,27.7,25.7,30.7,0.0,3.5,23.9,81.1,10.1
261,해남,2025-07-21,28.2,25.6,32.3,12.3,2.4,24.7,83.1,8.3
261,해남,2025-07-22,27.7,24.0,32.0,0.0,2.1,23.5,80.8,12.4
261,해남,2025-07-23,27.4,22.0,33.8,0.0,0.7,21.2,74.0,12.5
261,해남,2025-07-24,27.9,22.2,34.3,0.0,0.9,21.7,74.1,12.9
261,해남,2025-07-25,28.6,22.7,34.0,0.0,1.7,22.6,73.5,13.3
261,해남,2025-07-26,29.7,25.1,34.6,0.0,3.0,23.3,70.3,13.4
261,해남,2025-07-27,29.8,26.4,34.4,0.0,3.8,22.8,67.6,13.1
261,해남,2025-07-28,28.9,24.1,35.4,0.0,1.2,22.9,74.1,11.1
261,해남,2025-07-29,28.4,22.7,34.2,0.0,1.8,23.8,77.9,13.0
261,해남,2025-07-30,28.1,24.3,32.9,0.0,2.8,24.0,79.1,7.8
261,해남,2025-07-31,28.7,23.2,33.1,0.0,2.8,23.3,74.5,11.6
261,해남,2025-08-01,29.2,23.2,35.8,0.0,1.3,24.3,77.3,12.6
261,해남,2025-08-02,28.2,23.9,34.5,0.0,1.2,25.0,84.1,9.7
261,해남,2025-08-03,27.9,24.6,30.6,3.5,2.8,25.5,87.1,0.2
261,해남,2025-08-04,29.0,26.7,32.8,0.0,3.1,26.4,86.9,8.9
261,해남,2025-08-05,27.8,25.2,31.6,2.3,1.8,26.2,91.4,3.8
261,해남,2025-08-06,28.0,26.5,30.1,10.4,3.5,26.4,91.8,1.8
261,해남,2025-08-07,28.0,24.2,31.4,0.2,1.4,25.7,88.4,2.1
261,해남,2025-08-08,26.1,21.9,32.0,0.0,0.9,22.8,83.9,6.3
261,해남,2025-08-09,24.0,23.0,25.0,55.0,1.3,23.7,98.6,0.0
261,해남,2025-08-10,26.2,22.8,30.1,64.5,1.5,24.4,90.4,1.2
261,해남,2025-08-11,24.1,22.1,26.5,28.6,1.1,23.1,94.9,0.7
261,해남,2025-08-12,23.8,21.7,25.8,53.5,1.9,23.3,97.6,0.0
261,해남,2025-08-13,27.4,23.9,31.9,0.0,2.0,24.9,87.4,9.9
261,해남,2025-08-14,27.7,23.2,31.9,0.0,1.4,25.1,87.0,11.4
261,해남,2025-08-15,27.8,23.5,33.5,0.0,1.1,24.6,84.6,12.0
261,해남,2025-08-16,27.0,22.6,33.3,0.0,0.9,23.9,85.0,10.7
261,해남,2025-08-17,26.9,21.6,32.9,0.0,0.8,24.1,85.8,10.2
261,해남,2025-08-18,27.3,23.1,32.7,0.0,1.1,24.6,86.9,8.4
261,해남,2025-08-19,27.7,23.9,32.9,0.0,1.2,24.6,85.0,9.5
261,해남,2025-08-20,28.1,23.4,33.5,0.0,2.0,24.8,83.8,10.6
261,해남,2025-08-21,28.2,23.3,34.5,0.0,1.0,24.5,82.4,12.5
261,해남,2025-08-22,27.9,22.8,33.9,0.0,1.4,24.2,82.3,12.5
261,해남,2025-08-23,27.9,23.2,33.2,0.0,1.6,24.7,84.1,11.7
261,해남,2025-08-24,28.2,23.4,33.0,0.0,2.2,25.1,84.8,10.9
261,해남,2025-08-25,29.0,25.0,33.7,0.0,2.1,25.5,83.1,10.4
261,해남,2025-08-26,28.5,26.0,32.7,0.7,2.7,25.9,86.6,6.6
261,해남,2025-08-27,27.9,24.2,33.1,0.0,1.2,24.1,81.9,9.7
261,해남,2025-08-28,27.7,23.3,33.5,0.0,1.4,24.1,82.6,9.9
261,해남,2025-08-29,28.1,23.8,34.0,0.0,1.5,24.7,83.9,11.9
261,해남,2025-08-30,28.1,23.3,34.1,0.0,1.1,24.3,81.9,11.8
261,해남,2025-08-31,27.4,24.0,32.8,0.0,1.5,25.1,87.9,2.7
261,해남,2025-09-01,28.3,24.9,33.4,1.2,1.9,25.2,84.4,8.1
261,해남,2025-09-02,26.5,22.3,31.4,1.8,0.9,23.3,84.3,9.3
261,해남,2025-09-03,26.9,21.0,32.8,0.0,1.8,22.9,80.8,11.6
261,해남,2025-09-04,27.7,23.5,33.7,0.0,1.6,24.6,84.3,9.0
261,해남,2025-09-05,28.0,22.9,34.1,0.0,0.9,24.2,81.8,9.9
261,해남,2025-09-06,28.2,24.3,32.6,1.6,2.1,25.1,84.1,10.2
261,해남,2025-09-07,26.7,24.1,32.4,4.1,1.1,25.2,92.1,2.9
261,해남,2025-09-08,24.4,21.8,27.7,19.0,0.8,23.1,92.5,2.2
261,해남,2025-09-09,21.5,19.9,23.4,23.8,1.7,20.2,92.5,0.0
261,해남,2025-09-10,24.1,21.2,30.0,3.4,0.8,22.0,89.4,4.4
261,해남,2025-09-11,25.1,19.0,30.6,0.0,1.8,21.0,79.6,10.2
261,해남,2025-09-12,25.9,24.1,29.8,0.0,3.8,22.1,80.1,2.1
261,해남,2025-09-13,26.7,22.8,29.9,38.7,2.9,24.7,89.1,3.3
261,해남,2025-09-14,25.3,21.8,30.4,0.1,0.7,22.6,86.4,4.8
261,해남,2025-09-15,25.5,23.4,30.0,2.5,0.6,24.1,93.0,3.0
261,해남,2025-09-16,27.0,22.5,31.4,0.1,1.5,24.7,88.1,10.5
261,해남,2025-09-17,26.2,23.3,31.1,8.1,1.8,24.3,89.5,4.0
261,해남,2025-09-18,23.9,21.0,28.6,0.0,1.2,20.6,83.0,3.4
261,해남,2025-09-19,23.9,21.1,27.3,0.1,3.6,19.6,77.6,4.7
261,해남,2025-09-20,23.2,18.1,27.0,14.8,2.8,20.2,84.3,5.0
261,해남,2025-09-21,21.7,17.1,28.0,0.0,0.8,18.2,83.0,8.0
261,해남,2025-09-22,22.7,18.2,27.3,0.0,3.6,16.6,69.3,7.3
261,해남,2025-09-23,23.2,18.0,28.4,0.0,3.3,15.9,65.4,9.5
261,해남,2025-09-24,25.4,22.0,30.1,0.2,2.3,22.5,85.1,3.3
261,해남,2025-09-25,23.7,22.4,25.4,36.5,0.6,23.0,96.5,0.0
261,해남,2025-09-26,24.0,21.4,28.6,2.0,0.7,22.0,89.6,2.1
261,해남,2025-09-27,22.9,19.8,25.5,4.2,1.3,20.7,87.6,0.0
261,해남,2025-09-28,23.6,20.7,27.8,4.3,1.8,21.2,86.5,1.0
261,해남,2025-09-29,21.1,15.7,26.0,0.0,1.2,17.5,81.4,5.2
261,해남,2025-09-30,18.8,14.1,25.5,0.0,0.7,16.2,86.5,5.0
