법정동코드,번,지,사용년월,사용량(KWh)
10100,0001,0022,202501,1741
10100,0001,0022,202502,2642
10100,0001,0022,202503,3229
10100,0001,0022,202504,1380
10100,0001,0022,202505,575
10100,0001,0022,202506,374
10100,0001,0022,202507,268
10100,0001,0022,202508,221
10100,0001,0022,202509,140
10100,0001,0022,202510,128
10100,0001,0022,202511,315
10100,0001,0026,202501,94
10100,0001,0026,202502,377
10100,0001,0026,202503,802
10100,0001,0026,202504,94
10100,0001,0026,202505,70
10100,0001,0026,202506,82
10100,0001,0026,202507,35
10100,0001,0026,202508,12
10100,0001,0026,202511,47
10100,0001,0028,202501,5670
10100,0001,0028,202502,6498
10100,0001,0028,202503,7828
10100,0001,0028,202504,4505
10100,0001,0028,202505,3016
10100,0001,0028,202506,1252
10100,0001,0028,202507,896
10100,0001,0028,202508,558
10100,0001,0028,202509,361
10100,0001,0028,202510,385
10100,0001,0028,202511,1551
10100,0001,0029,202501,2059
10100,0001,0029,202502,2288
10100,0001,0029,202503,2841
10100,0001,0029,202504,1215
10100,0001,0029,202505,1044
10100,0001,0029,202506,421
10100,0001,0029,202507,256
10100,0001,0029,202508,163
10100,0001,0029,202509,152
10100,0001,0029,202510,129
10100,0001,0029,202511,280
10100,0001,0036,202501,3376
10100,0001,0036,202502,3527
10100,0001,0036,202503,4857
10100,0001,0036,202504,2489
10100,0001,0036,202505,1818
10100,0001,0036,202506,866
10100,0001,0036,202507,512
10100,0001,0036,202508,384
10100,0001,0036,202509,361
10100,0001,0036,202510,513
10100,0001,0036,202511,735
10100,0002,0011,202501,2177
10100,0002,0011,202502,2571
10100,0002,0011,202503,2440
10100,0002,0011,202504,1981
10100,0002,0011,202505,1947
10100,0002,0011,202506,1953
10100,0002,0011,202507,1699
10100,0002,0011,202508,1419
10100,0002,0011,202509,1609
10100,0002,0011,202510,1597
10100,0002,0011,202511,2041
10100,0002,0012,202501,3200
10100,0002,0012,202502,3279
10100,0002,0012,202503,3819
10100,0002,0012,202504,1875
10100,0002,0012,202505,1044
10100,0002,0012,202506,433
10100,0002,0012,202507,209
10100,0002,0012,202508,163
10100,0002,0012,202509,82
10100,0002,0012,202510,128
10100,0002,0012,202511,420
10100,0003,0002,202501,2176
10100,0003,0002,202502,2111
10100,0003,0002,202503,2818
10100,0003,0002,202504,1050
10100,0003,0002,202505,786
10100,0003,0002,202506,199
10100,0003,0002,202507,187
10100,0003,0002,202508,152
10100,0003,0002,202509,128
10100,0003,0002,202510,140
10100,0003,0002,202511,292
10100,0003,0009,202501,1812
10100,0003,0009,202502,2241
10100,0003,0009,202503,2935
10100,0003,0009,202504,1545
10100,0003,0009,202505,1032
10100,0003,0009,202506,234
10100,0003,0009,202507,256
10100,0003,0009,202508,244
10100,0003,0009,202509,140
10100,0003,0009,202510,257
10100,0003,0009,202511,700
10100,0003,0012,202501,3706
10100,0003,0012,202502,3373
10100,0003,0012,202503,4221
10100,0003,0012,202504,2181
10100,0003,0012,202505,1560
10100,0003,0012,202506,608
10100,0003,0012,202507,232
10100,0003,0012,202508,256
10100,0003,0012,202509,245
10100,0003,0012,202510,256
10100,0003,0012,202511,432
10100,0003,0016,202501,8011
10100,0003,0016,202502,7289
10100,0003,0016,202503,7769
10100,0003,0016,202504,8091
10100,0003,0016,202505,8705
10100,0003,0016,202506,7462
10100,0003,0016,202507,7400
10100,0003,0016,202508,6338
10100,0003,0016,202509,6157
10100,0003,0016,202510,4722
10100,0003,0016,202511,4758
10100,0004,0004,202501,6117
10100,0004,0004,202502,6039
10100,0004,0004,202503,7285
10100,0004,0004,202504,4754
10100,0004,0004,202505,4821
10100,0004,0004,202506,3217
10100,0004,0004,202507,3037
10100,0004,0004,202508,2314
10100,0004,0004,202509,1970
10100,0004,0004,202510,2286
10100,0004,0004,202511,3032
10100,0004,0006,202501,4305
10100,0004,0006,202502,4352
10100,0004,0006,202503,5281
10100,0004,0006,202504,2630
10100,0004,0006,202505,1408
10100,0004,0006,202506,550
10100,0004,0006,202507,233
10100,0004,0006,202508,128
10100,0004,0006,202509,116
10100,0004,0006,202510,128
10100,0004,0006,202511,630
10100,0004,0011,202501,2106
10100,0004,0011,202502,2253
10100,0004,0011,202503,2724
10100,0004,0011,202504,979
10100,0004,0011,202505,598
10100,0004,0011,202506,129
10100,0004,0011,202507,23
10100,0004,0011,202508,24
10100,0004,0011,202509,23
10100,0004,0011,202510,12
10100,0004,0011,202511,256
10100,0004,0012,202501,1789
10100,0004,0012,202502,1380
10100,0004,0012,202503,1733
10100,0004,0012,202504,1439
10100,0004,0012,202505,1583
10100,0004,0012,202506,1919
10100,0004,0012,202507,1815
10100,0004,0012,202508,1070
10100,0004,0012,202509,770
10100,0004,0012,202510,758
10100,0004,0012,202511,1120
10100,0004,0015,202501,1976
10100,0004,0015,202502,2206
10100,0004,0015,202503,2865
10100,0004,0015,202504,1050
10100,0004,0015,202505,973
10100,0004,0015,202506,339
10100,0004,0015,202507,128
10100,0004,0015,202508,70
10100,0004,0015,202509,58
10100,0004,0015,202510,116
10100,0004,0015,202511,420
10100,0005,0001,202501,12105
10100,0005,0001,202502,11701
10100,0005,0001,202503,19286
10100,0005,0001,202504,18435
10100,0005,0001,202505,6300
10100,0005,0001,202506,2901
10100,0005,0001,202507,1990
10100,0005,0001,202508,1326
10100,0005,0001,202509,268
10100,0005,0001,202510,431
10100,0005,0001,202511,1808
10100,0005,0003,202501,5188
10100,0005,0003,202502,5202
10100,0005,0003,202503,7132
10100,0005,0003,202504,3444
10100,0005,0003,202505,2123
10100,0005,0003,202506,1100
10100,0005,0003,202507,454
10100,0005,0003,202508,291
10100,0005,0003,202509,222
10100,0005,0003,202510,257
10100,0005,0003,202511,1283
10100,0005,0008,202501,12740
10100,0005,0008,202502,8823
10100,0005,0008,202503,10940
10100,0005,0008,202504,8291
10100,0005,0008,202505,9244
10100,0005,0008,202506,6573
10100,0005,0008,202507,6376
10100,0005,0008,202508,7257
10100,0005,0008,202509,7125
10100,0005,0008,202510,6915
10100,0005,0008,202511,8105
10100,0006,0020,202501,3835
10100,0006,0020,202502,5437
10100,0006,0020,202503,6402
10100,0006,0020,202504,3279
10100,0006,0020,202505,1009
10100,0006,0020,202506,421
10100,0006,0020,202507,58
10100,0006,0020,202508,70
10100,0006,0020,202509,58
10100,0006,0020,202510,152
10100,0006,0020,202511,327
10100,0018,0018,202501,718
10100,0018,0018,202502,908
10100,0018,0018,202503,1627
10100,0018,0018,202504,1120
10100,0018,0018,202505,469
10100,0018,0018,202506,409
10100,0018,0018,202507,349
10100,0018,0018,202508,209
10100,0018,0018,202509,163
10100,0018,0018,202510,210
10100,0018,0018,202511,362
10100,0018,0058,202501,2518
10100,0018,0058,202502,3610
10100,0018,0058,202503,4951
10100,0018,0058,202504,2783
10100,0018,0058,202505,1560
10100,0018,0058,202506,818
10100,0018,0058,202507,442
10100,0018,0058,202508,303
10100,0018,0058,202509,268
10100,0018,0058,202510,327
10100,0018,0058,202511,770
10100,0018,0062,202501,2541
10100,0018,0062,202502,1864
10100,0018,0062,202503,2582
10100,0018,0062,202504,1580
10100,0018,0062,202505,457
10100,0018,0062,202506,199
10100,0018,0062,202507,105
10100,0018,0062,202508,82
10100,0018,0062,202509,82
10100,0018,0062,202510,82
10100,0018,0062,202511,291
10100,0018,0063,202501,1318
10100,0018,0063,202502,1557
10100,0018,0063,202503,2039
10100,0018,0063,202504,1533
10100,0018,0063,202505,727
10100,0018,0063,202506,164
10100,0018,0063,202507,70
10100,0018,0063,202508,70
10100,0018,0063,202509,82
10100,0018,0063,202510,35
10100,0018,0063,202511,128
10100,0018,0077,202501,2353
10100,0018,0077,202502,2359
10100,0018,0077,202503,2357
10100,0018,0077,202504,2359
10100,0018,0077,202505,2347
10100,0018,0077,202506,1755
10100,0018,0077,202507,1746
10100,0018,0077,202508,1744
10100,0018,0077,202509,1749
10100,0018,0077,202510,2332
10100,0018,0077,202511,2332
10100,0018,0083,202501,1718
10100,0018,0083,202502,1911
10100,0018,0083,202503,2452
10100,0018,0083,202504,1533
10100,0018,0083,202505,1138
10100,0018,0083,202506,784
10100,0018,0083,202507,303
10100,0018,0083,202508,140
10100,0018,0083,202509,93
10100,0018,0083,202510,105
10100,0018,0083,202511,222
10100,0018,0097,202501,1553
10100,0018,0097,202502,1887
10100,0018,0097,202503,2452
10100,0018,0097,202504,1109
10100,0018,0097,202505,1032
10100,0018,0097,202506,409
10100,0018,0097,202507,186
10100,0018,0097,202508,174
10100,0018,0097,202509,152
10100,0018,0097,202510,105
10100,0018,0097,202511,163
10100,0018,0099,202501,600
10100,0018,0099,202502,590
10100,0018,0099,202503,1061
10100,0018,0099,202504,307
10100,0018,0099,202505,188
10100,0018,0099,202506,70
10100,0018,0099,202507,47
10100,0018,0099,202508,47
10100,0018,0099,202509,23
10100,0018,0099,202510,35
10100,0018,0099,202511,128
10100,0018,0101,202501,2447
10100,0018,0101,202502,2713
10100,0018,0101,202503,3418
10100,0018,0101,202504,1816
10100,0018,0101,202505,950
10100,0018,0101,202506,573
10100,0018,0101,202507,209
10100,0018,0101,202508,23
10100,0018,0101,202509,23
10100,0018,0101,202510,70
10100,0018,0101,202511,455
10100,0018,0110,202501,1941
10100,0018,0110,202502,1581
10100,0018,0110,202503,2346
10100,0018,0110,202504,1321
10100,0018,0110,202505,903
10100,0018,0110,202506,386
10100,0018,0110,202507,268
10100,0018,0110,202508,256
10100,0018,0110,202509,210
10100,0018,0110,202510,222
10100,0018,0110,202511,338
10100,0018,0112,202501,7650
10100,0018,0112,202502,7586
10100,0018,0112,202503,8771
10100,0018,0112,202504,3878
10100,0018,0112,202505,2155
10100,0018,0112,202506,1622
10100,0018,0112,202507,850
10100,0018,0112,202508,431
10100,0018,0112,202509,349
10100,0018,0112,202510,408
10100,0018,0112,202511,2183
10100,0018,0125,202501,5870
10100,0018,0125,202502,4458
10100,0018,0125,202503,6366
10100,0018,0125,202504,3161
10100,0018,0125,202505,974
10100,0018,0125,202506,222
10100,0018,0125,202507,35
10100,0018,0125,202508,23
10100,0018,0125,202510,12
10100,0018,0125,202511,93
10100,0018,0141,202501,2294
10100,0018,0141,202502,2418
10100,0018,0141,202503,3124
10100,0018,0141,202504,1569
10100,0018,0141,202505,821
10100,0018,0141,202506,257
10100,0018,0141,202507,186
10100,0018,0141,202508,140
10100,0018,0141,202509,82
10100,0018,0141,202510,128
10100,0018,0141,202511,198
10100,0018,0167,202501,7105
10100,0018,0167,202502,7868
10100,0018,0167,202503,9618
10100,0018,0167,202504,6204
10100,0018,0167,202505,5267
10100,0018,0167,202506,3812
10100,0018,0167,202507,3606
10100,0018,0167,202508,3175
10100,0018,0167,202509,4326
10100,0018,0167,202510,3125
10100,0018,0167,202511,3920
10100,0018,0196,202501,1541
10100,0018,0196,202502,2442
10100,0018,0196,202503,3006
10100,0018,0196,202504,625
10100,0018,0196,202505,422
10100,0018,0196,202506,246
10100,0018,0196,202507,81
10100,0018,0196,202508,12
10100,0018,0196,202511,35
10100,0018,0197,202501,4858
10100,0018,0197,202502,4859
10100,0018,0197,202503,6154
10100,0018,0197,202504,3986
10100,0018,0197,202505,2428
10100,0018,0197,202506,1918
10100,0018,0197,202507,2025
10100,0018,0197,202508,1838
10100,0018,0197,202509,1726
10100,0018,0197,202510,1807
10100,0018,0197,202511,2461
10100,0018,0198,202501,3623
10100,0018,0198,202502,3786
10100,0018,0198,202503,5210
10100,0018,0198,202504,2159
10100,0018,0198,202505,938
10100,0018,0198,202506,421
10100,0018,0198,202507,361
10100,0018,0198,202508,291
10100,0018,0198,202509,198
10100,0018,0198,202510,245
10100,0018,0198,202511,338
10100,0018,0204,202501,2988
10100,0018,0204,202502,2949
10100,0018,0204,202503,3619
10100,0018,0204,202504,1451
10100,0018,0204,202505,821
10100,0018,0204,202506,175
10100,0018,0204,202507,198
10100,0018,0204,202508,12
10100,0018,0204,202509,35
10100,0018,0204,202510,58
10100,0018,0204,202511,327
10100,0018,0206,202501,3282
10100,0018,0206,202502,3479
10100,0018,0206,202503,4386
10100,0018,0206,202504,2288
10100,0018,0206,202505,1326
10100,0018,0206,202506,924
10100,0018,0206,202507,780
10100,0018,0206,202508,396
10100,0018,0206,202509,501
10100,0018,0206,202510,513
10100,0018,0206,202511,1283
10100,0018,0233,202501,6776
10100,0018,0233,202502,6770
10100,0018,0233,202503,6590
10100,0018,0233,202504,4895
10100,0018,0233,202505,5373
10100,0018,0233,202506,4773
10100,0018,0233,202507,4747
10100,0018,0233,202508,4629
10100,0018,0233,202509,4653
10100,0018,0233,202510,4081
10100,0018,0233,202511,5668
10100,0018,0234,202501,59
10100,0018,0234,202502,47
10100,0018,0234,202503,59
10100,0018,0234,202504,35
10100,0018,0234,202505,47
10100,0018,0234,202506,35
10100,0018,0234,202507,47
10100,0018,0234,202508,47
10100,0018,0234,202509,58
10100,0018,0234,202510,35
10100,0018,0234,202511,47
10100,0018,0237,202501,3940
10100,0018,0237,202502,4281
10100,0018,0237,202503,5906
10100,0018,0237,202504,3468
10100,0018,0237,202505,2417
10100,0018,0237,202506,1299
10100,0018,0237,202507,326
10100,0018,0237,202508,151
10100,0018,0237,202509,163
10100,0018,0237,202510,175
10100,0018,0237,202511,1096
10100,0018,0238,202501,2494
10100,0018,0238,202502,2288
10100,0018,0238,202503,2982
10100,0018,0238,202504,1415
10100,0018,0238,202505,669
10100,0018,0238,202506,327
10100,0018,0238,202507,163
10100,0018,0238,202508,70
10100,0018,0238,202510,70
10100,0018,0238,202511,536
10100,0018,0251,202501,3647
10100,0018,0251,202502,3881
10100,0018,0251,202503,5352
10100,0018,0251,202504,2418
10100,0018,0251,202505,1407
10100,0018,0251,202506,468
10100,0018,0251,202507,233
10100,0018,0251,202508,151
10100,0018,0251,202509,187
10100,0018,0251,202510,186
10100,0018,0251,202511,548
10100,0018,0254,202501,5882
10100,0018,0254,202502,6665
10100,0018,0254,202503,6779
10100,0018,0254,202504,5355
10100,0018,0254,202505,3320
10100,0018,0254,202506,2550
10100,0018,0254,202507,2339
10100,0018,0254,202508,2395
10100,0018,0254,202509,2216
10100,0018,0254,202510,2099
10100,0018,0254,202511,2111
10100,0018,0256,202501,2741
10100,0018,0256,202502,3244
10100,0018,0256,202503,4396
10100,0018,0256,202504,2607
10100,0018,0256,202505,1255
10100,0018,0256,202506,316
10100,0018,0256,202507,175
10100,0018,0256,202508,162
10100,0018,0256,202509,93
10100,0018,0256,202510,187
10100,0018,0256,202511,699
10100,0018,0259,202501,7058
10100,0018,0259,202502,7313
10100,0018,0259,202503,8770
10100,0018,0259,202504,6451
10100,0018,0259,202505,4506
10100,0018,0259,202506,2994
10100,0018,0259,202507,2117
10100,0018,0259,202508,1966
10100,0018,0259,202509,2018
10100,0018,0259,202510,1609
10100,0018,0259,202511,2169
10100,0018,0262,202501,423
10100,0018,0262,202502,590
10100,0018,0262,202503,601
10100,0018,0262,202504,47
10100,0018,0273,202501,6082
10100,0018,0273,202502,8304
10100,0018,0273,202503,11447
10100,0018,0273,202504,4836
10100,0018,0273,202505,1221
10100,0018,0273,202506,995
10100,0018,0273,202507,907
10100,0018,0273,202508,651
10100,0018,0273,202509,233
10100,0018,0273,202510,723
10100,0018,0273,202511,828
10100,0018,0277,202501,2800
10100,0018,0277,202502,2701
10100,0018,0277,202503,3265
10100,0018,0277,202504,2135
10100,0018,0277,202505,1631
10100,0018,0277,202506,1204
10100,0018,0277,202507,873
10100,0018,0277,202508,942
10100,0018,0277,202509,909
10100,0018,0277,202510,712
10100,0018,0277,202511,863
10100,0018,0279,202501,6200
10100,0018,0279,202502,6594
10100,0018,0279,202503,7745
10100,0018,0279,202504,3751
10100,0018,0279,202505,2886
10100,0018,0279,202506,2281
10100,0018,0279,202507,1711
10100,0018,0279,202508,1686
10100,0018,0279,202509,1586
10100,0018,0279,202510,2017
10100,0018,0279,202511,2064
10100,0018,0283,202501,800
10100,0018,0283,202502,861
10100,0018,0283,202503,884
10100,0018,0283,202504,743
10100,0018,0283,202505,669
10100,0018,0283,202506,608
10100,0018,0283,202507,652
10100,0018,0283,202508,593
10100,0018,0283,202509,455
10100,0018,0283,202510,548
10100,0018,0283,202511,606
10100,0018,0284,202501,4071
10100,0018,0284,202502,4411
10100,0018,0284,202503,5375
10100,0018,0284,202504,3256
10100,0018,0284,202505,1831
10100,0018,0284,202506,795
10100,0018,0284,202507,303
10100,0018,0284,202508,128
10100,0018,0284,202509,443
10100,0018,0284,202510,70
10100,0018,0284,202511,513
10100,0018,0285,202501,4694
10100,0018,0285,202502,4022
10100,0018,0285,202503,4361
10100,0018,0285,202504,2406
10100,0018,0285,202505,1490
10100,0018,0285,202506,1322
10100,0018,0285,202507,1291
10100,0018,0285,202508,1325
10100,0018,0285,202509,1750
10100,0018,0285,202510,1656
10100,0018,0285,202511,2426
10100,0018,0300,202501,635
10100,0018,0300,202502,625
10100,0018,0300,202503,719
10100,0018,0300,202504,507
10100,0018,0300,202505,23
10100,0018,0300,202511,455
10100,0027,0003,202501,2141
10100,0027,0003,202502,2453
10100,0027,0003,202503,3371
10100,0027,0003,202504,1285
10100,0027,0003,202505,716
10100,0027,0003,202506,433
10100,0027,0003,202507,547
10100,0027,0003,202508,524
10100,0027,0003,202509,467
10100,0027,0003,202510,304
10100,0027,0003,202511,479
10100,0027,0019,202501,3964
10100,0027,0019,202502,4317
10100,0027,0019,202503,5316
10100,0027,0019,202504,2855
10100,0027,0019,202505,2240
10100,0027,0019,202506,1076
10100,0027,0019,202507,361
10100,0027,0019,202508,128
10100,0027,0019,202509,105
10100,0027,0019,202510,140
10100,0027,0019,202511,607
10100,0027,0042,202501,3047
10100,0027,0042,202502,2961
10100,0027,0042,202503,4574
10100,0027,0042,202504,1568
10100,0027,0042,202505,1044
10100,0027,0042,202506,491
10100,0027,0042,202507,221
10100,0027,0042,202508,163
10100,0027,0042,202509,105
10100,0027,0042,202510,140
10100,0027,0042,202511,408
10100,0027,0052,202501,7273
10100,0027,0052,202502,8058
10100,0027,0052,202503,7769
10100,0027,0052,202504,4609
10100,0027,0052,202505,1957
10100,0027,0052,202506,677
10100,0027,0052,202507,290
10100,0027,0052,202508,152
10100,0027,0052,202509,82
10100,0027,0052,202510,199
10100,0027,0052,202511,1457
10100,0027,0066,202501,1459
10100,0027,0066,202502,1569
10100,0027,0066,202503,2534
10100,0027,0066,202504,1050
10100,0027,0066,202505,317
10100,0027,0066,202506,117
10100,0027,0066,202507,70
10100,0027,0066,202508,23
10100,0027,0066,202509,23
10100,0027,0066,202510,35
10100,0027,0066,202511,82
10100,0027,0079,202501,3917
10100,0027,0079,202502,3680
10100,0027,0079,202503,4857
10100,0027,0079,202504,2466
10100,0027,0079,202505,1924
10100,0027,0079,202506,667
10100,0027,0079,202507,571
10100,0027,0079,202508,337
10100,0027,0079,202509,327
10100,0027,0079,202510,280
10100,0027,0079,202511,724
10100,0027,0080,202501,4105
10100,0027,0080,202502,4317
10100,0027,0080,202503,5399
10100,0027,0080,202504,3456
10100,0027,0080,202505,1995
10100,0027,0080,202506,1602
10100,0027,0080,202507,1804
10100,0027,0080,202508,1559
10100,0027,0080,202509,1539
10100,0027,0080,202510,1423
10100,0027,0080,202511,2204
10100,0027,0081,202501,424
10100,0027,0081,202502,731
10100,0033,0025,202501,2235
10100,0033,0025,202502,2135
10100,0033,0025,202503,2263
10100,0033,0025,202504,484
10100,0033,0025,202505,117
10100,0033,0025,202506,70
10100,0033,0025,202507,70
10100,0033,0025,202508,47
10100,0033,0025,202509,35
10100,0033,0025,202510,47
10100,0033,0025,202511,128
10100,0033,0068,202501,5376
10100,0033,0068,202502,5319
10100,0033,0068,202503,7344
10100,0033,0068,202504,3691
10100,0033,0068,202505,3484
10100,0033,0068,202506,2608
10100,0033,0068,202507,2630
10100,0033,0068,202508,2128
10100,0033,0068,202509,1785
10100,0033,0068,202510,2145
10100,0033,0068,202511,3779
10100,0033,0141,202501,3588
10100,0033,0141,202502,3421
10100,0033,0141,202503,4149
10100,0033,0141,202504,2076
10100,0033,0141,202505,1009
10100,0033,0141,202506,363
10100,0033,0141,202507,419
10100,0033,0141,202508,233
10100,0033,0141,202509,222
10100,0033,0141,202510,221
10100,0033,0141,202511,478
10100,0033,0144,202501,4706
10100,0033,0144,202502,3550
10100,0033,0144,202503,5022
10100,0033,0144,202504,2890
10100,0033,0144,202505,1666
10100,0033,0144,202506,1883
10100,0033,0144,202507,1490
10100,0033,0144,202508,1489
10100,0033,0144,202509,1422
10100,0033,0144,202510,1260
10100,0033,0144,202511,2005
10100,0033,0145,202501,3694
10100,0033,0145,202502,3775
10100,0033,0145,202503,5140
10100,0033,0145,202504,3350
10100,0033,0145,202505,2710
10100,0033,0145,202506,1287
10100,0033,0145,202507,1001
10100,0033,0145,202508,616
10100,0033,0145,202509,1539
10100,0033,0145,202510,2041
10100,0033,0145,202511,2415
10100,0033,0146,202501,12
10100,0033,0146,202502,12
10100,0033,0146,202503,24
10100,0033,0147,202501,1541
10100,0033,0147,202502,1333
10100,0033,0147,202503,1910
10100,0033,0147,202504,861
10100,0033,0147,202505,235
10100,0033,0147,202506,246
10100,0033,0147,202507,163
10100,0033,0147,202508,151
10100,0033,0147,202509,128
10100,0033,0147,202510,187
10100,0033,0147,202511,222
10100,0033,0150,202501,4693
10100,0033,0150,202502,6688
10100,0033,0150,202503,7945
10100,0033,0150,202504,2689
10100,0033,0150,202505,1584
10100,0033,0150,202506,1755
10100,0033,0150,202507,1722
10100,0033,0150,202508,1489
10100,0033,0157,202501,1411
10100,0033,0157,202502,708
10100,0033,0157,202503,872
10100,0033,0157,202504,401
10100,0033,0157,202505,364
10100,0033,0157,202506,350
10100,0033,0157,202507,349
10100,0033,0157,202508,290
10100,0033,0157,202509,327
10100,0033,0157,202510,315
10100,0033,0157,202511,618
10100,0033,0158,202501,4788
10100,0033,0158,202502,4422
10100,0033,0158,202503,6083
10100,0033,0158,202504,2902
10100,0033,0158,202505,2053
10100,0033,0158,202506,1580
10100,0033,0158,202507,1233
10100,0033,0158,202508,837
10100,0033,0158,202509,758
10100,0033,0158,202510,782
10100,0033,0158,202511,1574
10100,0033,0160,202501,2753
10100,0033,0160,202502,2949
10100,0033,0160,202503,3666
10100,0033,0160,202504,2041
10100,0033,0160,202505,1490
10100,0033,0160,202506,608
10100,0033,0160,202507,349
10100,0033,0160,202508,233
10100,0033,0160,202509,187
10100,0033,0160,202510,315
10100,0033,0160,202511,653
10100,0066,0002,202501,4647
10100,0066,0002,202502,4388
10100,0066,0002,202503,5187
10100,0066,0002,202504,3007
10100,0066,0002,202505,2017
10100,0066,0002,202506,983
10100,0066,0002,202507,570
10100,0066,0002,202508,430
10100,0066,0002,202509,327
10100,0066,0002,202510,373
10100,0066,0002,202511,805
10100,0066,0050,202501,365
10100,0066,0050,202502,1934
10100,0066,0050,202503,802
10100,0066,0050,202507,12
10100,0066,0050,202511,12
10100,0066,0052,202501,2035
10100,0066,0052,202502,1887
10100,0066,0052,202503,2428
10100,0066,0052,202504,1557
10100,0066,0052,202505,1596
10100,0066,0052,202506,1451
10100,0066,0052,202507,1257
10100,0066,0052,202508,872
10100,0066,0052,202509,1143
10100,0066,0052,202510,1353
10100,0066,0052,202511,1575
10100,0066,0053,202501,11411
10100,0066,0053,202502,10675
10100,0066,0053,202503,13557
10100,0066,0053,202504,10627
10100,0066,0053,202505,9866
10100,0066,0053,202506,9263
10100,0066,0053,202507,8273
10100,0066,0053,202508,8269
10100,0066,0053,202509,7265
10100,0066,0053,202510,6448
10100,0066,0053,202511,8385
10100,0066,0054,202501,6000
10100,0066,0054,202502,5473
10100,0066,0054,202503,6719
10100,0066,0054,202504,4682
10100,0066,0054,202505,3461
10100,0066,0054,202506,2386
10100,0066,0054,202507,2175
10100,0066,0054,202508,2023
10100,0066,0054,202509,548
10100,0066,0054,202510,1504
10100,0066,0054,202511,1913
10100,0066,0058,202502,71
10100,0066,0058,202503,130
10100,0066,0061,202501,6423
10100,0066,0061,202502,6169
10100,0066,0061,202503,8005
10100,0066,0061,202504,5662
10100,0066,0061,202505,5396
10100,0066,0061,202506,5099
10100,0066,0061,202507,5422
10100,0066,0061,202508,5419
10100,0066,0061,202509,4630
10100,0066,0061,202510,4688
10100,0066,0061,202511,5073
10100,0066,0062,202501,4000
10100,0066,0062,202502,4718
10100,0066,0062,202503,5894
10100,0066,0062,202504,3232
10100,0066,0062,202505,1853
10100,0066,0062,202506,1509
10100,0066,0062,202507,1792
10100,0066,0062,202508,1687
10100,0066,0062,202509,1422
10100,0066,0062,202510,1318
10100,0066,0062,202511,1854
10100,0110,0000,202501,8917
10100,0110,0000,202502,7938
10100,0110,0000,202503,11046
10100,0110,0000,202504,9530
10100,0110,0000,202505,11743
10100,0110,0000,202506,8912
10100,0110,0000,202507,8052
10100,0110,0000,202508,9199
10100,0110,0000,202509,6856
10100,0110,0000,202510,8314
10100,0110,0000,202511,8373
10100,0125,0025,202501,832069
10100,0125,0025,202502,2582098
10100,0125,0025,202503,2272493
10100,0125,0025,202504,2497920
10100,0125,0025,202505,1881542
10100,0125,0025,202506,1279741
10100,0125,0025,202507,2527886
10100,0125,0025,202508,2489932
10100,0125,0025,202509,2359520
10100,0125,0025,202510,2562649
10100,0125,0025,202511,2541848
10100,0207,0004,202501,14305
10100,0207,0004,202502,14732
10100,0207,0004,202503,15902
10100,0207,0004,202504,14555
10100,0207,0004,202505,13714
10100,0207,0004,202506,9626
10100,0207,0004,202507,11123
10100,0207,0004,202508,9292
10100,0207,0004,202509,8991
10100,0207,0004,202510,10156
10100,0207,0004,202511,9492
10100,0213,0001,202501,3294
10100,0213,0001,202502,4270
10100,0213,0001,202503,5057
10100,0213,0001,202504,1651
10100,0213,0001,202505,528
10100,0213,0001,202506,281
10100,0213,0001,202507,58
10100,0213,0001,202508,35
10100,0213,0001,202509,12
10100,0213,0001,202510,24
10100,0213,0001,202511,70
10100,0234,0002,202501,2306
10100,0234,0002,202502,2477
10100,0234,0002,202503,3348
10100,0234,0002,202504,1191
10100,0234,0002,202505,223
10100,0234,0002,202506,129
10100,0234,0002,202507,105
10100,0234,0002,202508,47
10100,0234,0002,202509,58
10100,0234,0002,202510,47
10100,0234,0002,202511,70
10100,0248,0000,202501,3106
10100,0248,0000,202502,4011
10100,0248,0000,202503,4103
10100,0248,0000,202504,2194
10100,0248,0000,202505,1009
10100,0248,0000,202506,538
10100,0248,0000,202507,489
10100,0248,0000,202508,384
10100,0248,0000,202509,431
10100,0248,0000,202510,478
10100,0248,0000,202511,606
10100,0250,0000,202501,1564
10100,0250,0000,202502,2761
10100,0250,0000,202503,3312
10100,0250,0000,202504,2159
10100,0250,0000,202505,153
10100,0250,0000,202506,246
10100,0250,0000,202507,198
10100,0250,0000,202508,117
10100,0250,0000,202509,35
10100,0250,0000,202510,82
10100,0250,0000,202511,734
10100,0261,0000,202501,1600
10100,0261,0000,202502,1923
10100,0261,0000,202503,2122
10100,0261,0000,202504,991
10100,0261,0000,202505,504
10100,0261,0000,202506,140
10100,0261,0000,202507,116
10100,0261,0000,202508,70
10100,0261,0000,202509,23
10100,0261,0000,202510,70
10100,0261,0000,202511,105
10100,0261,0003,202501,2035
10100,0261,0003,202502,2713
10100,0261,0003,202503,2417
10100,0261,0003,202504,1498
10100,0261,0003,202505,680
10100,0261,0003,202507,35
10100,0261,0003,202508,105
10100,0261,0003,202509,82
10100,0261,0003,202510,152
10100,0261,0003,202511,466
10100,0269,0000,202501,506
10100,0269,0000,202502,802
10100,0269,0000,202503,1037
10100,0269,0000,202504,578
10100,0269,0000,202505,411
10100,0269,0000,202506,246
10100,0269,0000,202507,198
10100,0269,0000,202508,174
10100,0269,0000,202509,105
10100,0269,0000,202510,210
10100,0269,0000,202511,268
10100,0299,0001,202501,5917
10100,0299,0001,202502,6582
10100,0299,0001,202503,6696
10100,0299,0001,202504,5260
10100,0299,0001,202505,3965
10100,0299,0001,202506,2129
10100,0299,0001,202507,2165
10100,0299,0001,202508,1872
10100,0299,0001,202509,1481
10100,0299,0001,202510,1725
10100,0299,0001,202511,3195
10100,0302,0000,202501,4224
10100,0302,0000,202502,5638
10100,0302,0000,202503,4975
10100,0302,0000,202504,3644
10100,0302,0000,202505,2334
10100,0302,0000,202506,1673
10100,0302,0000,202507,1012
10100,0302,0000,202508,279
10100,0302,0000,202509,1189
10100,0302,0000,202510,852
10100,0302,0000,202511,1481
10100,0302,0001,202501,3082
10100,0302,0001,202502,3527
10100,0302,0001,202503,3419
10100,0302,0001,202504,1687
10100,0302,0001,202505,1032
10100,0302,0001,202506,538
10100,0302,0001,202507,222
10100,0302,0001,202508,221
10100,0302,0001,202509,105
10100,0302,0001,202511,431
10100,0303,0004,202501,2035
10100,0303,0004,202502,2324
10100,0303,0004,202503,2605
10100,0303,0004,202504,1498
10100,0303,0004,202505,1150
10100,0303,0004,202506,421
10100,0303,0004,202507,93
10100,0303,0004,202508,221
10100,0303,0004,202509,128
10100,0303,0004,202510,187
10100,0303,0004,202511,758
10100,0315,0001,202501,3165
10100,0315,0001,202502,4175
10100,0315,0001,202503,4397
10100,0315,0001,202504,3138
10100,0315,0001,202505,1959
10100,0315,0001,202506,1147
10100,0315,0001,202507,896
10100,0315,0001,202508,570
10100,0315,0001,202509,956
10100,0315,0001,202510,47
10100,0315,0001,202511,1166
10100,0320,0000,202501,1459
10100,0320,0000,202502,1769
10100,0320,0000,202503,1992
10100,0320,0000,202504,1297
10100,0320,0000,202505,833
10100,0320,0000,202506,257
10100,0320,0000,202507,81
10100,0320,0000,202508,70
10100,0320,0000,202509,70
10100,0320,0000,202510,58
10100,0320,0000,202511,105
10100,0331,0000,202501,2482
10100,0331,0000,202502,3185
10100,0331,0000,202503,2924
10100,0331,0000,202504,2087
10100,0331,0000,202505,1595
10100,0331,0000,202506,1064
10100,0331,0000,202507,931
10100,0331,0000,202508,1035
10100,0331,0000,202509,957
10100,0331,0000,202510,967
10100,0331,0000,202511,1061
10100,0332,0006,202501,3717
10100,0332,0006,202502,1734
10100,0332,0006,202503,1839
10100,0332,0006,202504,1852
10100,0332,0006,202505,1865
10100,0332,0006,202506,1556
10100,0332,0006,202507,1571
10100,0332,0006,202508,2093
10100,0332,0006,202509,1213
10100,0332,0006,202510,1399
10100,0332,0006,202511,1411
10100,0332,0009,202501,3741
10100,0332,0009,202502,4105
10100,0332,0009,202503,4704
10100,0332,0009,202504,1463
10100,0332,0009,202505,434
10100,0332,0009,202511,187
10100,0332,0010,202501,12210
10100,0332,0010,202502,14689
10100,0332,0010,202503,16178
10100,0332,0010,202504,7650
10100,0332,0010,202505,4990
10100,0332,0010,202506,2462
10100,0332,0010,202507,861
10100,0332,0010,202508,675
10100,0332,0010,202509,912
10100,0332,0010,202510,865
10100,0332,0010,202511,5835
10100,0497,0000,202501,6905
10100,0497,0000,202502,9011
10100,0497,0000,202503,8888
10100,0497,0000,202504,5803
10100,0497,0000,202505,3390
10100,0497,0000,202506,1298
10100,0497,0000,202507,1001
10100,0497,0000,202508,1047
10100,0497,0000,202509,805
10100,0497,0000,202510,828
10100,0497,0000,202511,1668
10100,0579,0003,202501,18369
10100,0579,0003,202502,18262
10100,0579,0003,202503,16541
10100,0579,0003,202504,11625
10100,0579,0003,202505,6268
10100,0579,0003,202506,4766
10100,0579,0003,202507,2853
10100,0579,0003,202508,2478
10100,0579,0003,202509,2438
10100,0579,0003,202510,2741
10100,0579,0003,202511,7780
10100,0579,0008,202501,53250
10100,0579,0008,202502,54232
10100,0579,0008,202503,54055
10100,0579,0008,202504,30447
10100,0579,0008,202505,15591
10100,0579,0008,202506,8919
10100,0579,0008,202507,6288
10100,0579,0008,202508,4922
10100,0579,0008,202509,4180
10100,0579,0008,202510,4715
10100,0579,0008,202511,14044
10100,0579,0011,202501,15452
10100,0579,0011,202502,16970
10100,0579,0011,202503,21348
10100,0579,0011,202504,16770
10100,0579,0011,202505,16690
10100,0579,0011,202506,19325
10100,0579,0011,202507,15752
10100,0579,0011,202508,15472
10100,0579,0011,202509,16329
10100,0579,0011,202510,17804
10100,0579,0011,202511,12000
10100,0579,0017,202501,10540
10100,0579,0017,202502,12361
10100,0579,0017,202503,15820
10100,0579,0017,202504,11653
10100,0579,0017,202505,7660
10100,0579,0017,202506,3100
10100,0579,0017,202507,2001
10100,0579,0017,202508,744
10100,0579,0017,202509,595
10100,0579,0017,202510,723
10100,0579,0017,202511,2799
10100,0582,0000,202501,223541
10100,0582,0000,202502,293632
10100,0582,0000,202503,267723
10100,0582,0000,202504,158803
10100,0582,0000,202505,17414
10100,0582,0000,202506,19587
10100,0582,0000,202507,66126
10100,0582,0000,202508,258821
10100,0582,0000,202509,202671
10100,0582,0000,202510,122394
10100,0582,0000,202511,47177
10100,0584,0008,202501,20210
10100,0584,0008,202502,25111
10100,0584,0008,202503,30119
10100,0584,0008,202504,14884
10100,0584,0008,202505,8376
10100,0584,0008,202506,4725
10100,0584,0008,202507,3619
10100,0584,0008,202508,2698
10100,0584,0008,202509,2321
10100,0584,0008,202510,2670
10100,0584,0008,202511,7149
10100,0584,0010,202501,5353
10100,0584,0010,202502,6122
10100,0584,0010,202503,8853
10100,0584,0010,202504,5980
10100,0584,0010,202505,3191
10100,0584,0010,202507,1734
10100,0584,0010,202508,1349
10100,0584,0010,202509,1446
10100,0584,0010,202510,1504
10100,0584,0010,202511,2636
10100,0584,0011,202501,7047
10100,0584,0011,202502,6416
10100,0584,0011,202503,7851
10100,0584,0011,202504,3680
10100,0584,0011,202505,1701
10100,0584,0011,202506,689
10100,0584,0011,202507,512
10100,0584,0011,202508,349
10100,0584,0011,202509,246
10100,0584,0011,202510,338
10100,0584,0011,202511,1107
10100,0584,0013,202501,12564
10100,0584,0013,202502,14921
10100,0584,0013,202503,16303
10100,0584,0013,202504,11830
10100,0584,0013,202505,3824
10100,0584,0013,202506,2760
10100,0584,0013,202507,3118
10100,0584,0013,202508,1977
10100,0584,0013,202509,991
10100,0584,0013,202510,1038
10100,0584,0013,202511,1621
10100,0584,0018,202501,2717
10100,0584,0018,202502,3302
10100,0584,0018,202503,3560
10100,0584,0018,202504,1191
10100,0584,0018,202505,1244
10100,0584,0018,202506,958
10100,0584,0018,202507,908
10100,0584,0018,202508,524
10100,0584,0018,202509,408
10100,0584,0018,202510,548
10100,0584,0018,202511,735
10100,0584,0019,202501,22939
10100,0584,0019,202502,33038
10100,0584,0019,202503,36368
10100,0584,0019,202504,24037
10100,0584,0019,202505,15825
10100,0584,0019,202506,12036
10100,0584,0019,202507,9460
10100,0584,0019,202508,6686
10100,0584,0019,202509,6216
10100,0584,0019,202510,6799
10100,0584,0019,202511,13644
10100,0586,0003,202501,7482
10100,0586,0003,202502,35
10100,0586,0003,202503,24
10100,0586,0003,202504,35
10100,0586,0003,202505,3707
10100,0586,0003,202506,1707
10100,0586,0003,202507,2886
10100,0586,0003,202508,1593
10100,0586,0003,202509,490
10100,0586,0003,202510,23
10100,0586,0003,202511,2880
10100,0586,0008,202501,28069
10100,0586,0008,202502,29405
10100,0586,0008,202503,34740
10100,0586,0008,202504,24674
10100,0586,0008,202505,15133
10100,0586,0008,202506,4912
10100,0586,0008,202507,3944
10100,0586,0008,202508,2838
10100,0586,0008,202509,1703
10100,0586,0008,202510,1772
10100,0586,0008,202511,8607
10100,0588,0002,202501,14070
10100,0588,0002,202502,23189
10100,0588,0002,202503,42202
10100,0588,0002,202504,19909
10100,0588,0002,202505,1865
10100,0588,0002,202506,971
10100,0588,0002,202507,1129
10100,0588,0002,202508,2907
10100,0588,0002,202509,2134
10100,0588,0002,202510,2414
10100,0588,0002,202511,2053
10100,0588,0004,202501,35
10100,0588,0011,202501,1588
10100,0588,0011,202502,625
10100,0588,0011,202503,248
10100,0588,0011,202504,743
10100,0588,0011,202505,1197
10100,0588,0011,202506,608
10100,0588,0011,202507,256
10100,0588,0011,202508,81
10100,0588,0011,202509,47
10100,0588,0011,202510,58
10100,0588,0011,202511,222
10100,0590,0001,202501,153
10100,0590,0001,202502,153
10100,0590,0001,202503,212
10100,0590,0001,202504,177
10100,0590,0001,202505,176
10100,0590,0001,202506,164
10100,0590,0001,202507,163
10100,0590,0001,202508,151
10100,0590,0001,202509,198
10100,0590,0001,202510,140
10100,0590,0001,202511,198
10100,0595,0000,202501,3070
10100,0595,0000,202502,3055
10100,0595,0000,202503,3678
10100,0595,0000,202504,1746
10100,0595,0000,202505,1361
10100,0595,0000,202506,713
10100,0595,0000,202507,175
10100,0595,0000,202508,47
10100,0595,0000,202509,23
10100,0595,0000,202510,47
10100,0595,0000,202511,443
10100,0595,0001,202501,3435
10100,0595,0001,202502,2961
10100,0595,0001,202503,3572
10100,0595,0001,202504,3161
10100,0595,0001,202505,3191
10100,0595,0001,202506,2760
10100,0595,0001,202507,2944
10100,0595,0001,202508,2861
10100,0595,0001,202509,2892
10100,0595,0001,202510,6343
10100,0595,0001,202511,8851
10100,0595,0009,202501,1094
10100,0595,0009,202502,1250
10100,0595,0009,202503,955
10100,0595,0009,202504,366
10100,0595,0009,202505,235
10100,0595,0009,202506,211
10100,0595,0009,202507,2187
10100,0595,0009,202508,1477
10100,0595,0009,202509,105
10100,0595,0009,202510,1236
10100,0595,0009,202511,1574
10100,0595,0013,202501,2765
10100,0595,0013,202502,2430
10100,0595,0013,202503,2688
10100,0595,0013,202504,1003
10100,0595,0013,202508,47
10100,0595,0013,202509,70
10100,0595,0013,202510,23
10100,0595,0013,202511,187
10100,0595,0017,202510,17572
10100,0595,0017,202511,23639
10100,0595,0018,202501,2494
10100,0595,0018,202502,2407
10100,0595,0018,202503,3360
10100,0595,0018,202504,1840
10100,0595,0018,202505,1150
10100,0595,0018,202506,771
10100,0595,0018,202507,675
10100,0595,0018,202508,419
10100,0595,0018,202509,432
10100,0595,0018,202510,490
10100,0595,0018,202511,793
10100,0595,0022,202501,1965
10100,0595,0022,202502,2524
10100,0595,0022,202503,3277
10100,0595,0022,202504,1215
10100,0595,0022,202505,1185
10100,0595,0022,202506,515
10100,0595,0022,202507,361
10100,0595,0022,202508,977
10100,0595,0022,202509,1190
10100,0595,0022,202510,1178
10100,0595,0022,202511,1551
10100,0595,0024,202501,2071
10100,0595,0024,202502,1887
10100,0595,0024,202503,2676
10100,0595,0024,202504,2099
10100,0595,0024,202505,1467
10100,0595,0024,202506,1825
10100,0595,0024,202507,1570
10100,0595,0024,202508,1419
10100,0595,0024,202509,1318
10100,0595,0024,202510,1201
10100,0595,0024,202511,1982
10100,0595,0026,202501,2247
10100,0595,0026,202502,2300
10100,0595,0026,202503,2758
10100,0595,0026,202504,1309
10100,0595,0026,202505,868
10100,0595,0026,202506,643
10100,0595,0026,202507,536
10100,0595,0026,202508,372
10100,0595,0026,202509,257
10100,0595,0026,202510,280
10100,0595,0026,202511,502
10100,0595,0027,202501,2799
10100,0595,0027,202502,2289
10100,0595,0027,202503,2923
10100,0595,0027,202504,1639
10100,0595,0027,202505,1255
10100,0595,0027,202506,1157
10100,0595,0027,202507,1256
10100,0595,0027,202508,1105
10100,0595,0027,202509,1119
10100,0595,0027,202510,1062
10100,0595,0027,202511,1132
10100,0597,0002,202501,3118
10100,0597,0002,202502,4398
10100,0597,0002,202503,4845
10100,0597,0002,202504,3032
10100,0597,0002,202505,2265
10100,0597,0002,202506,1298
10100,0597,0002,202507,930
10100,0597,0002,202508,732
10100,0597,0002,202509,689
10100,0597,0002,202510,665
10100,0597,0002,202511,1236
10100,0597,0012,202501,1342
10100,0597,0012,202502,2005
10100,0597,0012,202503,1439
10100,0597,0012,202504,920
10100,0597,0012,202505,1032
10100,0597,0012,202506,667
10100,0597,0012,202507,290
10100,0597,0012,202508,187
10100,0597,0012,202509,186
10100,0597,0012,202510,105
10100,0597,0012,202511,280
10100,0597,0021,202501,1035
10100,0597,0021,202502,1498
10100,0597,0021,202503,1745
10100,0597,0021,202504,625
10100,0597,0021,202505,47
10100,0597,0021,202506,12
10100,0597,0021,202507,23
10100,0597,0021,202508,12
10100,0597,0021,202509,24
10100,0597,0021,202510,12
10100,0597,0021,202511,23
10100,0597,0025,202501,1717
10100,0597,0025,202502,3114
10100,0597,0025,202503,4243
10100,0597,0025,202504,1722
10100,0597,0025,202505,739
10100,0597,0025,202506,479
10100,0597,0025,202507,302
10100,0597,0025,202508,93
10100,0597,0025,202509,59
10100,0597,0025,202510,105
10100,0597,0025,202511,409
10100,0597,0030,202501,4811
10100,0597,0030,202502,5850
10100,0597,0030,202503,6530
10100,0597,0030,202504,3927
10100,0597,0030,202505,2522
10100,0597,0030,202506,1029
10100,0597,0030,202507,593
10100,0597,0030,202508,233
10100,0597,0030,202509,280
10100,0597,0030,202510,303
10100,0597,0030,202511,1120
10100,0597,0031,202501,623
10100,0597,0031,202502,802
10100,0597,0031,202503,2594
10100,0597,0031,202504,2040
10100,0597,0031,202505,645
10100,0597,0031,202506,105
10100,0597,0031,202507,93
10100,0597,0031,202508,47
10100,0597,0031,202509,35
10100,0597,0031,202510,35
10100,0597,0031,202511,163
10100,0599,0001,202501,6341
10100,0599,0001,202502,6416
10100,0599,0001,202503,7120
10100,0599,0001,202504,4576
10100,0599,0001,202505,4551
10100,0599,0001,202506,3182
10100,0599,0001,202507,2711
10100,0599,0001,202508,2559
10100,0599,0001,202509,2181
10100,0599,0001,202510,1901
10100,0599,0001,202511,2718
10100,0599,0003,202501,3271
10100,0599,0003,202502,2383
10100,0599,0003,202503,2959
10100,0599,0003,202504,1957
10100,0599,0003,202505,1103
10100,0599,0003,202506,609
10100,0599,0003,202507,233
10100,0599,0003,202508,47
10100,0599,0003,202509,35
10100,0599,0003,202510,105
10100,0599,0003,202511,665
10100,0599,0009,202501,4811
10100,0599,0009,202502,4741
10100,0599,0009,202503,5411
10100,0599,0009,202504,2736
10100,0599,0009,202505,1971
10100,0599,0009,202506,842
10100,0599,0009,202507,209
10100,0599,0009,202508,58
10100,0599,0009,202509,59
10100,0599,0009,202510,47
10100,0599,0009,202511,1143
10100,0599,0020,202501,2435
10100,0599,0020,202502,2996
10100,0599,0020,202503,3643
10100,0599,0020,202504,1498
10100,0599,0020,202505,563
10100,0599,0020,202506,2082
10100,0599,0020,202507,2025
10100,0599,0020,202508,1745
10100,0599,0020,202509,2064
10100,0599,0020,202510,1691
10100,0599,0020,202511,1377
10100,0599,0023,202501,2246
10100,0599,0023,202502,2100
10100,0599,0023,202503,2534
10100,0599,0023,202504,991
10100,0599,0023,202505,727
10100,0599,0023,202506,409
10100,0599,0023,202507,245
10100,0599,0023,202508,151
10100,0599,0023,202509,140
10100,0599,0023,202510,140
10100,0599,0023,202511,163
10100,0599,0025,202501,3176
10100,0599,0025,202502,3008
10100,0599,0025,202503,3749
10100,0599,0025,202504,2052
10100,0599,0025,202505,1337
10100,0599,0025,202506,842
10100,0599,0025,202507,407
10100,0599,0025,202508,221
10100,0599,0025,202509,303
10100,0599,0025,202510,268
10100,0599,0025,202511,338
10100,0599,0027,202501,1647
10100,0599,0027,202502,2194
10100,0599,0027,202503,1886
10100,0599,0027,202504,1132
10100,0599,0027,202505,399
10100,0599,0027,202506,187
10100,0599,0027,202507,116
10100,0599,0027,202508,58
10100,0599,0027,202509,70
10100,0599,0027,202510,23
10100,0599,0027,202511,606
10100,0601,0001,202501,3623
10100,0601,0001,202502,4128
10100,0601,0001,202503,4574
10100,0601,0001,202504,2276
10100,0601,0001,202505,1244
10100,0601,0001,202506,585
10100,0601,0001,202507,233
10100,0601,0001,202508,105
10100,0601,0001,202509,93
10100,0601,0001,202510,152
10100,0601,0001,202511,828
10100,0601,0008,202501,4164
10100,0601,0008,202502,4199
10100,0601,0008,202503,4892
10100,0601,0008,202504,2382
10100,0601,0008,202505,1349
10100,0601,0008,202506,1134
10100,0601,0008,202507,850
10100,0601,0008,202508,791
10100,0601,0008,202509,805
10100,0601,0008,202510,606
10100,0601,0008,202511,863
10100,0603,0000,202501,4917
10100,0603,0000,202502,3645
10100,0603,0000,202503,3878
10100,0603,0000,202504,3067
10100,0603,0000,202505,2827
10100,0603,0000,202506,2561
10100,0603,0000,202507,2304
10100,0603,0000,202508,2140
10100,0603,0000,202509,2402
10100,0603,0000,202510,1994
10100,0603,0000,202511,2531
10100,0603,0003,202501,10458
10100,0603,0003,202502,7077
10100,0603,0003,202503,7509
10100,0603,0003,202504,5791
10100,0603,0003,202505,5655
10100,0603,0003,202506,4714
10100,0603,0003,202507,3863
10100,0603,0003,202508,3186
10100,0603,0003,202509,3125
10100,0603,0003,202510,642
10100,0603,0003,202511,5423
10100,0603,0007,202501,11152
10100,0603,0007,202502,13977
10100,0603,0007,202503,18732
10100,0603,0007,202504,9259
10100,0603,0007,202505,6135
10100,0603,0007,202506,3123
10100,0603,0007,202507,2851
10100,0603,0007,202508,2093
10100,0603,0007,202509,2076
10100,0603,0007,202510,1458
10100,0603,0007,202511,3382
10100,0603,0011,202501,4411
10100,0603,0011,202502,5367
10100,0603,0011,202503,5623
10100,0603,0011,202504,3409
10100,0603,0011,202505,1678
10100,0603,0011,202506,678
10100,0603,0011,202507,396
10100,0603,0011,202508,302
10100,0603,0011,202509,233
10100,0603,0011,202510,233
10100,0603,0011,202511,548
10100,0605,0004,202501,2859
10100,0605,0004,202502,2995
10100,0605,0004,202503,3265
10100,0605,0004,202504,897
10100,0605,0004,202505,493
10100,0605,0004,202506,608
10100,0605,0004,202507,280
10100,0605,0004,202508,94
10100,0605,0004,202509,116
10100,0605,0004,202510,105
10100,0605,0004,202511,163
10100,0605,0008,202501,2670
10100,0605,0008,202502,2524
10100,0605,0008,202503,3301
10100,0605,0008,202504,2111
10100,0605,0008,202505,903
10100,0605,0008,202506,527
10100,0605,0008,202507,617
10100,0605,0008,202508,477
10100,0605,0008,202509,467
10100,0605,0008,202510,420
10100,0605,0008,202511,828
10100,0605,0012,202501,2070
10100,0605,0012,202502,2005
10100,0605,0012,202503,2216
10100,0605,0012,202504,1498
10100,0605,0012,202505,1138
10100,0605,0012,202506,900
10100,0605,0012,202507,989
10100,0605,0012,202508,930
10100,0605,0012,202509,1015
10100,0605,0012,202510,863
10100,0605,0012,202511,1341
10100,0605,0018,202501,2306
10100,0605,0018,202502,2276
10100,0605,0018,202503,2098
10100,0605,0018,202504,602
10100,0605,0018,202505,293
10100,0605,0018,202506,105
10100,0605,0018,202507,81
10100,0605,0018,202508,81
10100,0605,0018,202509,70
10100,0605,0018,202510,93
10100,0605,0018,202511,93
10100,0605,0022,202501,3705
10100,0605,0022,202502,3609
10100,0605,0022,202503,3737
10100,0605,0022,202504,1828
10100,0605,0022,202505,587
10100,0605,0022,202506,175
10100,0605,0022,202507,58
10100,0605,0022,202509,12
10100,0605,0022,202511,233
10100,0605,0023,202501,3635
10100,0605,0023,202502,3609
10100,0605,0023,202503,3948
10100,0605,0023,202504,944
10100,0605,0023,202505,375
10100,0605,0023,202506,105
10100,0605,0023,202507,59
10100,0605,0023,202508,129
10100,0605,0023,202509,198
10100,0605,0023,202510,140
10100,0605,0023,202511,536
10100,0605,0025,202501,1800
10100,0605,0025,202502,2006
10100,0605,0025,202503,2440
10100,0605,0025,202504,1203
10100,0605,0025,202505,821
10100,0605,0025,202506,257
10100,0605,0025,202507,81
10100,0605,0025,202508,47
10100,0605,0025,202509,47
10100,0605,0025,202510,35
10100,0605,0025,202511,222
10100,0607,0000,202501,2812
10100,0607,0000,202502,3881
10100,0607,0000,202503,4586
10100,0607,0000,202504,2772
10100,0607,0000,202505,1760
10100,0607,0000,202506,643
10100,0607,0000,202507,407
10100,0607,0000,202508,291
10100,0607,0000,202509,187
10100,0607,0000,202510,186
10100,0607,0000,202511,583
10100,0607,0004,202501,2529
10100,0607,0004,202502,2807
10100,0607,0004,202503,3183
10100,0607,0004,202504,2760
10100,0607,0004,202505,3003
10100,0607,0004,202506,3146
10100,0607,0004,202507,2781
10100,0607,0004,202508,2140
10100,0607,0004,202509,2705
10100,0607,0004,202510,2239
10100,0607,0004,202511,2822
10100,0607,0006,202501,17081
10100,0607,0006,202502,2265
10100,0607,0006,202503,2228
10100,0607,0006,202504,13327
10100,0607,0006,202505,10066
10100,0607,0006,202506,8959
10100,0607,0006,202507,12368
10100,0607,0006,202508,16583
10100,0607,0006,202509,11592
10100,0607,0006,202510,16686
10100,0607,0006,202511,8350
10100,0607,0009,202501,2106
10100,0607,0009,202502,2996
10100,0607,0009,202503,3136
10100,0607,0009,202504,1309
10100,0607,0009,202505,223
10100,0607,0009,202506,82
10100,0607,0009,202507,116
10100,0607,0009,202508,58
10100,0607,0009,202509,58
10100,0607,0009,202510,58
10100,0607,0009,202511,117
10100,0609,0001,202501,14893
10100,0609,0001,202502,19013
10100,0609,0001,202503,12861
10100,0609,0001,202504,16052
10100,0609,0001,202505,17362
10100,0609,0001,202506,14667
10100,0609,0001,202507,16522
10100,0609,0001,202508,16909
10100,0609,0001,202509,17935
10100,0609,0001,202510,15695
10100,0609,0001,202511,18461
10100,0609,0003,202501,4705
10100,0609,0003,202502,6322
10100,0609,0003,202503,4326
10100,0609,0003,202504,3739
10100,0609,0003,202505,2487
10100,0609,0003,202506,1497
10100,0609,0003,202507,1350
10100,0609,0003,202508,1012
10100,0609,0003,202509,758
10100,0609,0003,202510,769
10100,0609,0003,202511,1470
10100,0609,0004,202501,19348
10100,0609,0004,202502,23041
10100,0609,0004,202503,22306
10100,0609,0004,202504,17896
10100,0609,0004,202505,8615
10100,0609,0004,202506,4301
10100,0609,0004,202507,2372
10100,0609,0004,202508,1629
10100,0609,0004,202509,1212
10100,0609,0004,202510,1248
10100,0609,0004,202511,3615
10100,0609,0006,202501,7402
10100,0609,0006,202502,13894
10100,0609,0006,202503,11023
10100,0609,0006,202504,13375
10100,0609,0006,202505,11836
10100,0609,0006,202506,8515
10100,0609,0006,202507,9726
10100,0609,0006,202508,7780
10100,0609,0006,202509,8524
10100,0609,0006,202510,7568
10100,0609,0006,202511,10588
10100,0609,0008,202501,6211
10100,0609,0008,202502,9023
10100,0609,0008,202503,8499
10100,0609,0008,202504,4718
10100,0609,0008,202505,727
10100,0609,0008,202506,35
10100,0609,0010,202501,54220
10100,0609,0010,202502,70154
10100,0609,0010,202503,63031
10100,0609,0010,202504,51883
10100,0609,0010,202505,41171
10100,0609,0010,202506,29631
10100,0609,0010,202507,24942
10100,0609,0010,202508,22753
10100,0609,0010,202509,31450
10100,0609,0010,202510,29708
10100,0609,0010,202511,46779
10100,0609,0016,202501,10987
10100,0609,0016,202502,18329
10100,0609,0016,202503,15077
10100,0609,0016,202504,10697
10100,0609,0016,202505,5690
10100,0609,0016,202506,2912
10100,0609,0016,202507,2606
10100,0609,0016,202508,1093
10100,0609,0016,202509,945
10100,0609,0016,202510,641
10100,0609,0016,202511,2706
10100,0609,0018,202501,3588
10100,0609,0018,202502,5496
10100,0609,0018,202503,3748
10100,0609,0018,202504,3079
10100,0609,0018,202505,2088
10100,0609,0018,202506,1193
10100,0609,0018,202507,628
10100,0609,0018,202508,256
10100,0609,0018,202509,222
10100,0609,0018,202510,385
10100,0609,0018,202511,1481
10100,0611,0002,202501,2165
10100,0611,0002,202502,4164
10100,0611,0002,202503,4444
10100,0611,0002,202504,3008
10100,0611,0002,202505,1901
10100,0611,0002,202506,995
10100,0611,0002,202507,210
10100,0611,0002,202508,106
10100,0611,0002,202509,47
10100,0611,0002,202510,82
10100,0611,0002,202511,46
10100,0611,0013,202501,2753
10100,0611,0013,202502,3551
10100,0611,0013,202503,3148
10100,0611,0013,202504,2005
10100,0611,0013,202505,856
10100,0611,0013,202506,537
10100,0611,0013,202507,244
10100,0611,0013,202508,82
10100,0611,0013,202509,210
10100,0611,0013,202510,315
10100,0611,0013,202511,583
10100,0613,0000,202501,3412
10100,0613,0000,202502,5709
10100,0613,0000,202503,3772
10100,0613,0000,202504,2500
10100,0613,0000,202505,1197
10100,0613,0000,202506,409
10100,0613,0000,202507,291
10100,0613,0000,202508,221
10100,0613,0000,202509,117
10100,0613,0000,202510,117
10100,0613,0000,202511,501
10100,0613,0002,202501,12295
10100,0613,0002,202502,10136
10100,0613,0002,202503,10165
10100,0613,0002,202504,8983
10100,0613,0002,202505,4336
10100,0613,0002,202506,2417
10100,0613,0002,202507,954
10100,0613,0002,202508,815
10100,0613,0002,202509,725
10100,0613,0002,202510,851
10100,0613,0002,202511,3629
10100,0613,0005,202501,3129
10100,0613,0005,202502,3185
10100,0613,0005,202503,3678
10100,0613,0005,202504,3196
10100,0613,0005,202505,2886
10100,0613,0005,202506,2269
10100,0613,0005,202507,2385
10100,0613,0005,202508,1686
10100,0613,0005,202509,1959
10100,0613,0005,202510,1924
10100,0613,0005,202511,2951
10100,0613,0021,202501,1741
10100,0613,0021,202502,2701
10100,0613,0021,202503,1650
10100,0613,0021,202504,1179
10100,0613,0021,202505,282
10100,0613,0021,202506,94
10100,0613,0021,202507,81
10100,0613,0021,202508,70
10100,0613,0021,202509,58
10100,0613,0021,202510,82
10100,0613,0021,202511,198
10100,0613,0025,202501,1424
10100,0613,0025,202502,2984
10100,0613,0025,202503,3077
10100,0613,0025,202504,1557
10100,0613,0025,202505,540
10100,0613,0025,202506,94
10100,0613,0025,202507,35
10100,0613,0025,202508,116
10100,0613,0025,202511,152
10100,0613,0028,202501,6023
10100,0613,0028,202502,7655
10100,0613,0028,202503,6283
10100,0613,0028,202504,4800
10100,0613,0028,202505,3273
10100,0613,0028,202506,854
10100,0613,0028,202507,744
10100,0613,0028,202508,453
10100,0613,0028,202509,268
10100,0613,0028,202510,361
10100,0613,0028,202511,699
10100,0615,0002,202501,4000
10100,0615,0002,202502,3716
10100,0615,0002,202503,4739
10100,0615,0002,202504,2536
10100,0615,0002,202505,1971
10100,0615,0002,202506,1240
10100,0615,0002,202507,1140
10100,0615,0002,202508,791
10100,0615,0002,202509,793
10100,0615,0002,202510,653
10100,0615,0002,202511,303
10100,0615,0003,202501,3705
10100,0615,0003,202502,5437
10100,0615,0003,202503,4786
10100,0615,0003,202504,4258
10100,0615,0003,202505,2346
10100,0615,0003,202506,1602
10100,0615,0003,202507,1582
10100,0615,0003,202508,1279
10100,0615,0003,202509,980
10100,0615,0003,202510,735
10100,0615,0003,202511,1014
10100,0615,0009,202501,3235
10100,0615,0009,202502,4494
10100,0615,0009,202503,5835
10100,0615,0009,202504,3892
10100,0615,0009,202505,3050
10100,0615,0009,202506,1977
10100,0615,0009,202507,3153
10100,0615,0009,202508,2303
10100,0615,0009,202509,2939
10100,0615,0009,202510,2461
10100,0615,0009,202511,3370
10100,0615,0016,202501,14223
10100,0615,0016,202502,12703
10100,0615,0016,202503,16692
10100,0615,0016,202504,7949
10100,0615,0016,202505,6628
10100,0615,0016,202506,4562
10100,0615,0016,202507,4107
10100,0615,0016,202508,3989
10100,0615,0016,202509,4408
10100,0615,0016,202510,4023
10100,0615,0016,202511,5481
10100,0615,0018,202501,3129
10100,0615,0018,202502,4883
10100,0615,0018,202503,4326
10100,0615,0018,202504,2453
10100,0615,0018,202505,1361
10100,0615,0018,202506,468
10100,0615,0018,202507,256
10100,0615,0018,202508,314
10100,0615,0018,202509,163
10100,0615,0018,202510,105
10100,0615,0018,202511,420
10100,0617,0000,202501,3377
10100,0617,0000,202502,3244
10100,0617,0000,202503,4043
10100,0617,0000,202504,2064
10100,0617,0000,202505,2170
10100,0617,0000,202506,2000
10100,0617,0000,202507,1594
10100,0617,0000,202508,1442
10100,0617,0000,202509,1715
10100,0617,0000,202510,1551
10100,0617,0000,202511,2309
10100,0617,0005,202501,4835
10100,0617,0005,202502,4447
10100,0617,0005,202503,4998
10100,0617,0005,202504,2772
10100,0617,0005,202505,2182
10100,0617,0005,202506,1345
10100,0617,0005,202507,1128
10100,0617,0005,202508,1163
10100,0617,0005,202509,1318
10100,0617,0005,202510,1329
10100,0617,0005,202511,1936
10100,0617,0018,202501,4753
10100,0617,0018,202502,5049
10100,0617,0018,202503,5941
10100,0617,0018,202504,3656
10100,0617,0018,202505,2393
10100,0617,0018,202506,1790
10100,0617,0018,202507,2188
10100,0617,0018,202508,2047
10100,0617,0018,202509,1935
10100,0617,0018,202510,2239
10100,0617,0018,202511,2134
10100,0617,0020,202501,1059
10100,0617,0020,202502,1569
10100,0617,0020,202503,2393
10100,0617,0020,202504,991
10100,0617,0020,202505,387
10100,0617,0020,202506,164
10100,0617,0020,202507,116
10100,0617,0020,202508,47
10100,0617,0020,202509,35
10100,0617,0020,202510,70
10100,0617,0020,202511,233
10100,0617,0022,202501,694
10100,0617,0022,202502,896
10100,0617,0022,202503,1143
10100,0617,0022,202504,613
10100,0617,0022,202505,399
10100,0617,0022,202506,175
10100,0617,0022,202507,81
10100,0617,0022,202508,35
10100,0617,0022,202509,23
10100,0617,0022,202510,35
10100,0617,0022,202511,117
10100,0617,0023,202501,11694
10100,0617,0023,202502,9248
10100,0617,0023,202503,10763
10100,0617,0023,202504,8692
10100,0617,0023,202505,6616
10100,0617,0023,202506,6012
10100,0617,0023,202507,5504
10100,0617,0023,202508,5199
10100,0617,0023,202509,5726
10100,0617,0023,202510,4326
10100,0617,0023,202511,6951
10100,0617,0027,202501,3835
10100,0617,0027,202502,5213
10100,0617,0027,202503,7815
10100,0617,0027,202504,4046
10100,0617,0027,202505,4798
10100,0617,0027,202506,4246
10100,0617,0027,202507,4783
10100,0617,0027,202508,3408
10100,0617,0027,202509,4536
10100,0617,0027,202510,3160
10100,0617,0027,202511,4513
10100,0619,0004,202501,9446
10100,0619,0004,202502,15322
10100,0619,0004,202503,14087
10100,0619,0004,202504,10120
10100,0619,0004,202505,9068
10100,0619,0004,202506,7205
10100,0619,0004,202507,6178
10100,0619,0004,202508,5280
10100,0619,0004,202509,6857
10100,0619,0004,202510,7813
10100,0619,0004,202511,7242
10100,0619,0012,202501,5223
10100,0619,0012,202502,5650
10100,0619,0012,202503,6283
10100,0619,0012,202504,2536
10100,0619,0012,202505,1314
10100,0619,0012,202506,386
10100,0619,0012,202507,349
10100,0619,0012,202508,221
10100,0619,0012,202509,163
10100,0619,0012,202510,175
10100,0619,0012,202511,478
10100,0619,0016,202501,3000
10100,0619,0016,202502,2843
10100,0619,0016,202503,3065
10100,0619,0016,202504,2383
10100,0619,0016,202505,1925
10100,0619,0016,202506,1052
10100,0619,0016,202507,1105
10100,0619,0016,202508,942
10100,0619,0016,202509,992
10100,0619,0016,202510,899
10100,0619,0016,202511,909
10100,0621,0000,202501,1529
10100,0621,0000,202502,35
10100,0621,0000,202503,1238
10100,0621,0000,202504,837
10100,0621,0000,202505,845
10100,0621,0000,202506,795
10100,0621,0000,202507,733
10100,0621,0000,202508,454
10100,0621,0000,202509,222
10100,0621,0000,202510,47
10100,0621,0000,202511,280
10100,0621,0004,202501,1412
10100,0621,0004,202502,1663
10100,0621,0004,202503,2181
10100,0621,0004,202504,802
10100,0621,0004,202505,434
10100,0621,0004,202506,316
10100,0621,0004,202507,175
10100,0621,0004,202508,93
10100,0621,0004,202509,82
10100,0621,0004,202510,105
10100,0621,0004,202511,210
10100,0621,0010,202501,2165
10100,0621,0010,202502,2489
10100,0621,0010,202503,2758
10100,0621,0010,202504,1297
10100,0621,0010,202505,364
10100,0621,0010,202506,211
10100,0621,0010,202507,175
10100,0621,0010,202508,116
10100,0621,0010,202509,93
10100,0621,0010,202510,117
10100,0621,0010,202511,280
10100,0621,0014,202501,1894
10100,0621,0014,202502,813
10100,0621,0014,202503,3053
10100,0621,0014,202504,2701
10100,0621,0014,202505,2428
10100,0621,0014,202506,1427
10100,0621,0014,202507,1559
10100,0621,0014,202508,1512
10100,0621,0014,202509,1621
10100,0621,0014,202510,1644
10100,0621,0014,202511,1493
10100,0621,0015,202501,4377
10100,0621,0015,202502,4706
10100,0621,0015,202503,6424
10100,0621,0015,202504,3880
10100,0621,0015,202505,1924
10100,0621,0015,202506,1040
10100,0621,0015,202507,407
10100,0621,0015,202508,244
10100,0621,0015,202509,164
10100,0621,0015,202510,210
10100,0621,0015,202511,898
10100,0621,0019,202501,2788
10100,0621,0019,202502,2618
10100,0621,0019,202503,3702
10100,0621,0019,202504,1946
10100,0621,0019,202505,1514
10100,0621,0019,202506,726
10100,0621,0019,202507,431
10100,0621,0019,202508,198
10100,0621,0019,202509,163
10100,0621,0019,202510,210
10100,0621,0019,202511,524
10100,0621,0022,202501,5729
10100,0621,0022,202502,6122
10100,0621,0022,202503,7485
10100,0621,0022,202504,4317
10100,0621,0022,202505,2416
10100,0621,0022,202506,655
10100,0621,0022,202507,186
10100,0621,0022,202508,116
10100,0621,0022,202509,152
10100,0621,0022,202510,117
10100,0621,0022,202511,794
10100,0621,0023,202501,4140
10100,0621,0023,202502,4376
10100,0621,0023,202503,5293
10100,0621,0023,202504,3727
10100,0621,0023,202505,3202
10100,0621,0023,202506,1965
10100,0621,0023,202507,1861
10100,0621,0023,202508,1384
10100,0621,0023,202509,1457
10100,0621,0023,202510,1376
10100,0621,0023,202511,1750
10100,0621,0024,202501,3624
10100,0621,0024,202502,4034
10100,0621,0024,202503,4539
10100,0621,0024,202504,2995
10100,0621,0024,202505,1384
10100,0621,0024,202506,608
10100,0621,0024,202507,547
10100,0621,0024,202508,407
10100,0621,0024,202509,386
10100,0621,0024,202510,409
10100,0621,0024,202511,922
10100,0621,0025,202501,4764
10100,0621,0025,202502,5096
10100,0621,0025,202503,6271
10100,0621,0025,202504,3573
10100,0621,0025,202505,2452
10100,0621,0025,202506,1450
10100,0621,0025,202507,1291
10100,0621,0025,202508,931
10100,0621,0025,202509,968
10100,0621,0025,202510,1096
10100,0621,0025,202511,1259
10100,0621,0027,202501,6800
10100,0621,0027,202502,7431
10100,0621,0027,202503,7828
10100,0621,0027,202504,4953
10100,0621,0027,202505,3379
10100,0621,0027,202506,1509
10100,0621,0027,202507,546
10100,0621,0027,202508,233
10100,0621,0027,202509,187
10100,0621,0027,202510,316
10100,0621,0027,202511,1481
10100,0623,0004,202501,5023
10100,0623,0004,202502,6641
10100,0623,0004,202503,7556
10100,0623,0004,202504,4612
10100,0623,0004,202505,2968
10100,0623,0004,202506,1029
10100,0623,0004,202507,268
10100,0623,0004,202508,105
10100,0623,0004,202509,82
10100,0623,0004,202510,105
10100,0623,0004,202511,629
10100,0623,0010,202501,1035
10100,0623,0010,202502,1156
10100,0623,0010,202503,1108
10100,0623,0010,202504,413
10100,0623,0010,202505,141
10100,0623,0010,202506,94
10100,0623,0010,202507,70
10100,0623,0010,202508,35
10100,0623,0010,202509,23
10100,0623,0010,202510,35
10100,0623,0010,202511,105
10100,0623,0014,202501,2235
10100,0623,0014,202502,2099
10100,0623,0014,202503,2499
10100,0623,0014,202504,1109
10100,0623,0014,202505,504
10100,0623,0014,202506,175
10100,0623,0014,202507,81
10100,0623,0014,202508,70
10100,0623,0014,202509,58
10100,0623,0014,202510,58
10100,0623,0014,202511,198
10100,0623,0018,202501,3165
10100,0623,0018,202502,3361
10100,0623,0018,202503,4456
10100,0623,0018,202504,2607
10100,0623,0018,202505,1419
10100,0623,0018,202506,479
10100,0623,0018,202507,396
10100,0623,0018,202508,372
10100,0623,0018,202509,350
10100,0623,0018,202510,455
10100,0623,0018,202511,583
10100,0623,0024,202501,2588
10100,0623,0024,202502,2453
10100,0623,0024,202503,3925
10100,0623,0024,202504,2866
10100,0623,0024,202505,1619
10100,0623,0024,202506,1415
10100,0623,0024,202507,1315
10100,0623,0024,202508,1256
10100,0623,0024,202509,921
10100,0623,0024,202510,1061
10100,0623,0024,202511,1178
10100,0625,0002,202501,2083
10100,0625,0002,202502,4553
10100,0625,0002,202503,5824
10100,0625,0002,202504,2359
10100,0625,0002,202505,610
10100,0625,0002,202506,141
10100,0625,0002,202507,105
10100,0625,0002,202508,82
10100,0625,0002,202509,70
10100,0625,0002,202510,105
10100,0625,0002,202511,374
10100,0625,0003,202501,3153
10100,0625,0003,202502,3644
10100,0625,0003,202503,4432
10100,0625,0003,202504,3243
10100,0625,0003,202505,1830
10100,0625,0003,202506,865
10100,0625,0003,202507,302
10100,0625,0003,202508,116
10100,0625,0003,202509,58
10100,0625,0003,202510,82
10100,0625,0003,202511,805
10100,0625,0004,202501,6070
10100,0625,0004,202502,7738
10100,0625,0004,202503,9312
10100,0625,0004,202504,6381
10100,0625,0004,202505,2452
10100,0625,0004,202506,1555
10100,0625,0004,202507,1524
10100,0625,0004,202508,1256
10100,0625,0004,202509,1038
10100,0625,0004,202510,1062
10100,0625,0004,202511,1434
10100,0625,0007,202501,2565
10100,0625,0007,202502,2571
10100,0625,0007,202503,2841
10100,0625,0007,202504,1450
10100,0625,0007,202505,716
10100,0625,0007,202506,23
10100,0625,0007,202507,23
10100,0625,0007,202509,12
10100,0625,0007,202511,93
10100,0625,0017,202501,1294
10100,0625,0017,202502,1474
10100,0625,0017,202503,1591
10100,0625,0017,202504,1274
10100,0625,0017,202505,434
10100,0625,0017,202506,222
10100,0625,0017,202507,198
10100,0625,0017,202508,93
10100,0625,0017,202509,128
10100,0625,0017,202510,140
10100,0625,0017,202511,245
10100,0625,0020,202501,3541
10100,0625,0020,202502,3397
10100,0625,0020,202503,4987
10100,0625,0020,202504,2889
10100,0625,0020,202505,1912
10100,0625,0020,202506,351
10100,0625,0020,202507,325
10100,0625,0020,202508,233
10100,0625,0020,202509,210
10100,0625,0020,202510,222
10100,0625,0020,202511,315
10100,0627,0009,202501,5717
10100,0627,0009,202502,5119
10100,0627,0009,202503,6413
10100,0627,0009,202504,3668
10100,0627,0009,202505,2956
10100,0627,0009,202506,958
10100,0627,0009,202507,547
10100,0627,0009,202508,291
10100,0627,0009,202509,175
10100,0627,0009,202510,234
10100,0627,0009,202511,1307
10100,0627,0011,202501,4248
10100,0627,0011,202502,4588
10100,0627,0011,202503,4844
10100,0627,0011,202504,2783
10100,0627,0011,202505,1068
10100,0627,0011,202506,502
10100,0627,0011,202507,442
10100,0627,0011,202508,314
10100,0627,0011,202509,291
10100,0627,0011,202510,315
10100,0627,0011,202511,501
10100,0627,0014,202501,3318
10100,0627,0014,202502,3669
10100,0627,0014,202503,4008
10100,0627,0014,202504,2713
10100,0627,0014,202505,1994
10100,0627,0014,202506,970
10100,0627,0014,202507,687
10100,0627,0014,202508,396
10100,0627,0014,202509,431
10100,0627,0014,202510,454
10100,0627,0014,202511,1049
10100,0627,0021,202501,2376
10100,0627,0021,202502,2300
10100,0627,0021,202503,2900
10100,0627,0021,202504,1309
10100,0627,0021,202505,621
10100,0627,0021,202506,304
10100,0627,0021,202507,210
10100,0627,0021,202508,151
10100,0627,0021,202509,128
10100,0627,0021,202510,140
10100,0627,0021,202511,280
10100,0627,0022,202501,2047
10100,0627,0022,202502,2029
10100,0627,0022,202503,2605
10100,0627,0022,202504,1663
10100,0627,0022,202505,1021
10100,0627,0022,202506,292
10100,0627,0022,202507,268
10100,0627,0022,202508,105
10100,0627,0022,202509,70
10100,0627,0022,202510,128
10100,0627,0026,202501,3025
10100,0627,0026,202502,4517
10100,0627,0026,202503,3843
10100,0627,0026,202504,2454
10100,0627,0026,202505,1619
10100,0627,0026,202506,1017
10100,0627,0026,202507,512
10100,0627,0026,202508,246
10100,0627,0026,202509,140
10100,0627,0026,202510,175
10100,0627,0026,202511,409
10100,0629,0000,202501,32974
10100,0629,0000,202502,31244
10100,0629,0000,202503,36510
10100,0629,0000,202504,31526
10100,0629,0000,202505,33553
10100,0629,0000,202506,27321
10100,0629,0000,202507,26934
10100,0629,0000,202508,23236
10100,0629,0000,202509,17934
10100,0629,0000,202510,20849
10100,0629,0000,202511,29516
10100,0629,0004,202501,5094
10100,0629,0004,202502,4659
10100,0629,0004,202503,6083
10100,0629,0004,202504,2029
10100,0629,0004,202505,1290
10100,0629,0012,202501,3964
10100,0629,0012,202502,3951
10100,0629,0012,202503,6625
10100,0629,0012,202504,4199
10100,0629,0012,202505,3038
10100,0629,0012,202506,2176
10100,0629,0012,202507,442
10100,0629,0012,202508,221
10100,0629,0012,202509,257
10100,0629,0012,202510,292
10100,0629,0012,202511,1096
10100,0629,0015,202501,1730
10100,0629,0015,202502,1757
10100,0629,0015,202503,2287
10100,0629,0015,202504,2017
10100,0629,0015,202505,950
10100,0629,0015,202506,468
10100,0629,0015,202507,221
10100,0629,0015,202508,93
10100,0629,0015,202509,94
10100,0629,0015,202510,94
10100,0629,0015,202511,432
10100,0629,0016,202501,3753
10100,0629,0016,202502,3916
10100,0629,0016,202503,4231
10100,0629,0016,202504,2630
10100,0629,0016,202505,2440
10100,0629,0016,202506,234
10100,0629,0016,202507,1757
10100,0629,0016,202508,1639
10100,0629,0016,202509,1667
10100,0629,0016,202510,1516
10100,0629,0016,202511,1726
10100,0629,0022,202501,4882
10100,0629,0022,202502,5154
10100,0629,0022,202503,5411
10100,0629,0022,202504,2442
10100,0629,0022,202505,1044
10100,0629,0022,202506,655
10100,0629,0022,202507,721
10100,0629,0022,202508,640
10100,0629,0022,202509,653
10100,0629,0022,202510,723
10100,0629,0022,202511,828
10100,0630,0011,202502,24
10100,0630,0011,202503,35
10100,0632,0003,202501,59
10100,0632,0003,202502,283
10100,0632,0003,202503,248
10100,0632,0003,202504,94
10100,0632,0003,202505,12
10100,0632,0003,202510,12
10100,0632,0012,202501,6493
10100,0632,0012,202502,6724
10100,0632,0012,202503,7403
10100,0632,0012,202504,4306
10100,0632,0012,202505,2792
10100,0632,0012,202506,1380
10100,0632,0012,202507,1152
10100,0632,0012,202508,1035
10100,0632,0012,202509,863
10100,0632,0012,202510,817
10100,0632,0012,202511,1877
10100,0632,0024,202501,1435
10100,0632,0024,202502,2559
10100,0632,0024,202503,2110
10100,0632,0024,202504,967
10100,0632,0024,202505,422
10100,0632,0024,202506,211
10100,0632,0024,202507,93
10100,0632,0024,202508,70
10100,0632,0024,202509,47
10100,0632,0024,202510,58
10100,0632,0024,202511,163
10100,0632,0031,202501,282
10100,0632,0031,202502,259
10100,0632,0031,202503,283
10100,0632,0031,202504,248
10100,0632,0031,202505,317
10100,0632,0031,202506,164
10100,0632,0031,202507,291
10100,0632,0031,202508,198
10100,0632,0031,202509,152
10100,0632,0031,202510,187
10100,0632,0031,202511,222
10100,0632,0034,202501,3023
10100,0632,0034,202502,3515
10100,0632,0034,202503,3289
10100,0632,0034,202504,1875
10100,0632,0034,202505,915
10100,0632,0034,202506,269
10100,0632,0034,202507,128
10100,0632,0034,202508,105
10100,0632,0034,202509,58
10100,0632,0034,202510,58
10100,0632,0034,202511,560
10100,0632,0037,202501,2447
10100,0632,0037,202502,3232
10100,0632,0037,202503,3077
10100,0632,0037,202504,1557
10100,0632,0037,202505,364
10100,0632,0037,202506,152
10100,0632,0037,202507,93
10100,0632,0037,202508,139
10100,0632,0037,202509,163
10100,0632,0037,202510,105
10100,0632,0037,202511,396
10100,0632,0038,202501,3494
10100,0632,0038,202502,2607
10100,0632,0038,202503,2181
10100,0632,0038,202504,1109
10100,0632,0038,202505,352
10100,0632,0038,202506,187
10100,0632,0038,202507,163
10100,0632,0038,202508,81
10100,0632,0038,202509,58
10100,0632,0038,202510,70
10100,0632,0038,202511,245
10100,0632,0039,202501,5659
10100,0632,0039,202502,6204
10100,0632,0039,202503,6013
10100,0632,0039,202504,4211
10100,0632,0039,202505,3273
10100,0632,0039,202506,2083
10100,0632,0039,202507,2316
10100,0632,0039,202508,2256
10100,0632,0039,202509,3254
10100,0632,0039,202510,1807
10100,0632,0039,202511,3195
10100,0634,0006,202501,2788
10100,0634,0006,202502,2465
10100,0634,0006,202503,2369
10100,0634,0006,202504,1509
10100,0634,0006,202505,879
10100,0634,0006,202506,502
10100,0634,0006,202507,408
10100,0634,0006,202508,280
10100,0634,0006,202509,210
10100,0634,0006,202510,256
10100,0634,0006,202511,653
10100,0634,0009,202501,1259
10100,0634,0009,202502,1675
10100,0634,0009,202503,2145
10100,0634,0009,202504,318
10100,0634,0009,202505,176
10100,0634,0009,202506,35
10100,0634,0009,202507,70
10100,0634,0009,202508,35
10100,0634,0009,202509,23
10100,0634,0009,202510,23
10100,0634,0009,202511,210
10100,0634,0011,202501,4647
10100,0634,0011,202502,5697
10100,0634,0011,202503,6330
10100,0634,0011,202504,3538
10100,0634,0011,202505,1302
10100,0634,0011,202506,374
10100,0634,0011,202507,396
10100,0634,0011,202508,384
10100,0634,0011,202509,350
10100,0634,0011,202510,338
10100,0634,0011,202511,455
10100,0634,0017,202501,4023
10100,0634,0017,202502,4494
10100,0634,0017,202503,4857
10100,0634,0017,202504,3338
10100,0634,0017,202505,2076
10100,0634,0017,202506,772
10100,0634,0017,202507,523
10100,0634,0017,202508,198
10100,0634,0017,202509,164
10100,0634,0017,202510,326
10100,0634,0017,202511,1038
10100,0634,0019,202501,12506
10100,0634,0019,202502,11900
10100,0634,0019,202503,15277
10100,0634,0019,202504,10532
10100,0634,0019,202505,7485
10100,0634,0019,202506,5531
10100,0634,0019,202507,4782
10100,0634,0019,202508,3919
10100,0634,0019,202509,3651
10100,0634,0019,202510,3581
10100,0634,0019,202511,5796
10100,0634,0020,202501,1729
10100,0634,0020,202502,1757
10100,0634,0020,202503,2511
10100,0634,0020,202504,1156
10100,0634,0020,202505,434
10100,0634,0020,202506,316
10100,0634,0020,202507,221
10100,0634,0020,202508,70
10100,0634,0020,202509,23
10100,0634,0020,202510,93
10100,0634,0020,202511,222
10100,0634,0021,202501,1259
10100,0634,0021,202502,3703
10100,0634,0021,202503,2628
10100,0634,0021,202504,1745
10100,0634,0021,202505,1326
10100,0634,0021,202506,632
10100,0634,0021,202507,524
10100,0634,0021,202508,419
10100,0634,0021,202509,315
10100,0634,0021,202510,304
10100,0634,0021,202511,723
10100,0635,0000,202501,5047
10100,0635,0000,202502,4776
10100,0635,0000,202503,5422
10100,0635,0000,202504,3196
10100,0635,0000,202505,2687
10100,0635,0000,202506,1474
10100,0635,0000,202507,791
10100,0635,0000,202508,360
10100,0635,0000,202509,268
10100,0635,0000,202510,455
10100,0635,0000,202511,1493
10100,0635,0001,202501,1294
10100,0635,0001,202502,2217
10100,0635,0001,202503,2358
10100,0635,0001,202504,1038
10100,0635,0001,202505,610
10100,0635,0001,202506,199
10100,0635,0001,202507,151
10100,0635,0001,202508,105
10100,0635,0001,202509,105
10100,0635,0001,202510,105
10100,0635,0001,202511,245
10100,0635,0007,202501,1106
10100,0635,0007,202502,1227
10100,0635,0007,202503,1532
10100,0635,0007,202504,908
10100,0635,0007,202505,540
10100,0635,0007,202506,187
10100,0635,0007,202507,70
10100,0635,0007,202508,105
10100,0635,0007,202509,58
10100,0635,0007,202510,70
10100,0635,0007,202511,140
10100,0635,0008,202501,5412
10100,0635,0008,202502,6404
10100,0635,0008,202503,7815
10100,0635,0008,202504,4399
10100,0635,0008,202505,2135
10100,0635,0008,202506,796
10100,0635,0008,202507,431
10100,0635,0008,202508,372
10100,0635,0008,202509,199
10100,0635,0008,202510,280
10100,0635,0008,202511,1272
10100,0635,0011,202501,5176
10100,0635,0011,202502,6593
10100,0635,0011,202503,6613
10100,0635,0011,202504,3940
10100,0635,0011,202505,2042
10100,0635,0011,202506,643
10100,0635,0011,202507,395
10100,0635,0011,202508,233
10100,0635,0011,202509,140
10100,0635,0011,202510,140
10100,0635,0011,202511,699
10100,0635,0012,202501,1647
10100,0635,0012,202502,2123
10100,0635,0012,202503,2193
10100,0635,0012,202504,932
10100,0635,0012,202505,235
10100,0635,0012,202506,35
10100,0635,0012,202507,58
10100,0635,0012,202508,47
10100,0635,0012,202509,35
10100,0635,0012,202510,12
10100,0635,0012,202511,152
10100,0635,0015,202501,2870
10100,0635,0015,202502,2748
10100,0635,0015,202503,2782
10100,0635,0015,202504,2111
10100,0635,0015,202505,1724
10100,0635,0015,202506,772
10100,0635,0015,202507,349
10100,0635,0015,202508,105
10100,0635,0015,202509,23
10100,0635,0015,202510,140
10100,0635,0015,202511,501
10100,0635,0017,202501,1765
10100,0635,0017,202502,118
10100,0635,0017,202503,71
10100,0635,0017,202504,224
10100,0635,0017,202505,12
10100,0635,0020,202501,2012
10100,0635,0020,202502,2276
10100,0635,0020,202503,2546
10100,0635,0020,202504,1663
10100,0635,0020,202505,727
10100,0635,0020,202506,374
10100,0635,0020,202507,174
10100,0635,0020,202508,162
10100,0635,0020,202509,105
10100,0635,0020,202510,105
10100,0635,0020,202511,501
10100,0637,0001,202501,1929
10100,0637,0001,202502,1946
10100,0637,0001,202503,2452
10100,0637,0001,202504,3633
10100,0637,0001,202505,4470
10100,0637,0001,202506,2257
10100,0637,0001,202507,1617
10100,0637,0001,202508,1140
10100,0637,0001,202509,1084
10100,0637,0001,202510,1003
10100,0637,0001,202511,1633
10100,0637,0003,202501,6365
10100,0637,0003,202502,6452
10100,0637,0003,202503,6849
10100,0637,0003,202504,4588
10100,0637,0003,202505,1888
10100,0637,0003,202506,456
10100,0637,0003,202507,349
10100,0637,0003,202508,349
10100,0637,0003,202509,361
10100,0637,0003,202510,338
10100,0637,0003,202511,455
10100,0637,0006,202501,518
10100,0637,0006,202502,649
10100,0637,0006,202503,754
10100,0637,0006,202504,248
10100,0637,0006,202505,223
10100,0637,0006,202506,222
10100,0637,0006,202507,81
10100,0637,0006,202508,70
10100,0637,0006,202509,35
10100,0637,0006,202510,47
10100,0637,0006,202511,327
10100,0637,0007,202501,2376
10100,0637,0007,202502,2902
10100,0637,0007,202503,2865
10100,0637,0007,202504,1380
10100,0637,0007,202505,822
10100,0637,0007,202506,328
10100,0637,0007,202507,303
10100,0637,0007,202508,210
10100,0637,0007,202509,152
10100,0637,0007,202510,175
10100,0637,0007,202511,502
10100,0637,0013,202501,2470
10100,0637,0013,202502,3905
10100,0637,0013,202503,4091
10100,0637,0013,202504,2241
10100,0637,0013,202505,1220
10100,0637,0013,202506,1111
10100,0637,0013,202507,1560
10100,0637,0013,202508,1314
10100,0637,0013,202509,1260
10100,0637,0013,202510,1015
10100,0637,0013,202511,1563
10100,0637,0016,202501,2588
10100,0637,0016,202502,2489
10100,0637,0016,202503,2829
10100,0637,0016,202504,1521
10100,0637,0026,202501,4541
10100,0637,0026,202502,5437
10100,0637,0026,202503,6271
10100,0637,0026,202504,3928
10100,0637,0026,202505,1877
10100,0637,0026,202506,421
10100,0637,0026,202507,70
10100,0637,0026,202508,35
10100,0637,0026,202509,12
10100,0637,0026,202511,863
10100,0640,0012,202501,2259
10100,0640,0012,202502,2571
10100,0640,0012,202503,2617
10100,0640,0012,202504,1085
10100,0640,0012,202505,974
10100,0640,0012,202506,655
10100,0640,0012,202507,617
10100,0640,0012,202508,326
10100,0640,0012,202509,175
10100,0640,0012,202510,175
10100,0640,0012,202511,327
10100,0640,0017,202501,3306
10100,0640,0017,202502,3975
10100,0640,0017,202503,4597
10100,0640,0017,202504,2500
10100,0640,0017,202505,1748
10100,0640,0017,202506,713
10100,0640,0017,202507,268
10100,0640,0017,202508,209
10100,0640,0017,202509,163
10100,0640,0017,202510,233
10100,0640,0017,202511,758
10100,0640,0019,202501,1165
10100,0640,0019,202502,1970
10100,0640,0019,202503,2759
10100,0640,0019,202504,873
10100,0640,0019,202505,270
10100,0640,0019,202506,164
10100,0640,0019,202507,116
10100,0640,0019,202508,58
10100,0640,0019,202509,58
10100,0640,0019,202510,47
10100,0640,0019,202511,140
10100,0643,0003,202501,212
10100,0643,0003,202502,295
10100,0643,0003,202503,448
10100,0643,0003,202504,224
10100,0643,0003,202505,223
10100,0643,0003,202506,175
10100,0643,0003,202507,128
10100,0643,0003,202508,244
10100,0643,0003,202509,630
10100,0643,0003,202510,152
10100,0643,0003,202511,198
10100,0643,0021,202501,5788
10100,0643,0021,202502,7549
10100,0643,0021,202503,9524
10100,0643,0021,202504,6027
10100,0643,0021,202505,3473
10100,0643,0021,202506,2023
10100,0643,0021,202507,1164
10100,0643,0021,202508,1501
10100,0643,0021,202509,1213
10100,0643,0021,202510,968
10100,0643,0021,202511,1271
10100,0645,0005,202501,600
10100,0645,0005,202502,755
10100,0645,0005,202503,967
10100,0645,0005,202504,625
10100,0645,0005,202505,481
10100,0645,0005,202506,211
10100,0645,0005,202507,47
10100,0645,0005,202508,35
10100,0645,0005,202509,35
10100,0645,0005,202510,35
10100,0645,0005,202511,152
10100,0645,0012,202501,2800
10100,0645,0012,202502,3326
10100,0645,0012,202503,4032
10100,0645,0012,202504,1946
10100,0645,0012,202505,1315
10100,0645,0012,202506,596
10100,0645,0012,202507,267
10100,0645,0012,202508,139
10100,0645,0012,202509,152
10100,0645,0012,202510,151
10100,0645,0012,202511,793
10100,0645,0014,202501,3859
10100,0645,0014,202502,5284
10100,0645,0014,202503,4680
10100,0645,0014,202504,3350
10100,0645,0014,202505,2335
10100,0645,0014,202506,1462
10100,0645,0014,202507,884
10100,0645,0014,202508,592
10100,0645,0014,202509,291
10100,0645,0014,202510,501
10100,0645,0014,202511,979
10100,0649,0000,202501,1341
10100,0649,0000,202502,2465
10100,0649,0000,202503,3206
10100,0649,0000,202504,932
10100,0649,0000,202505,141
10100,0649,0000,202506,105
10100,0649,0000,202507,105
10100,0649,0000,202508,47
10100,0649,0000,202509,23
10100,0649,0000,202510,58
10100,0649,0000,202511,163
10100,0649,0001,202501,5058
10100,0649,0001,202502,6263
10100,0649,0001,202503,7085
10100,0649,0001,202504,4246
10100,0649,0001,202505,2873
10100,0649,0001,202506,1204
10100,0649,0001,202507,268
10100,0649,0001,202508,105
10100,0649,0001,202509,70
10100,0649,0001,202510,82
10100,0649,0001,202511,664
10100,0649,0007,202501,2989
10100,0649,0007,202502,3362
10100,0649,0007,202503,3961
10100,0649,0007,202504,2370
10100,0649,0007,202505,1490
10100,0649,0007,202506,830
10100,0649,0007,202507,454
10100,0649,0007,202508,279
10100,0649,0007,202509,233
10100,0649,0007,202510,175
10100,0649,0007,202511,373
10100,0650,0002,202501,2117
10100,0650,0002,202502,2335
10100,0650,0002,202503,3053
10100,0650,0002,202504,1911
10100,0650,0002,202505,1208
10100,0650,0002,202506,363
10100,0650,0002,202507,186
10100,0650,0002,202508,93
10100,0650,0002,202509,70
10100,0650,0002,202510,82
10100,0650,0002,202511,198
10100,0650,0006,202501,2423
10100,0650,0006,202502,2878
10100,0650,0006,202503,3195
10100,0650,0006,202504,1663
10100,0650,0006,202505,833
10100,0650,0006,202506,292
10100,0650,0006,202507,186
10100,0650,0006,202508,140
10100,0650,0006,202509,105
10100,0650,0015,202501,918
10100,0650,0015,202502,1687
10100,0650,0015,202503,1886
10100,0650,0015,202504,484
10100,0650,0015,202505,164
10100,0650,0015,202506,199
10100,0650,0015,202507,128
10100,0650,0015,202508,58
10100,0650,0015,202509,58
10100,0650,0015,202510,47
10100,0650,0015,202511,187
10100,0650,0020,202501,2635
10100,0650,0020,202502,2677
10100,0650,0020,202503,1733
10100,0650,0020,202504,318
10100,0650,0020,202505,35
10100,0650,0020,202506,35
10100,0650,0020,202507,23
10100,0650,0020,202508,12
10100,0650,0020,202510,23
10100,0650,0020,202511,373
10100,0650,0024,202501,3576
10100,0650,0024,202502,4789
10100,0650,0024,202503,4833
10100,0650,0024,202504,2595
10100,0650,0024,202505,1279
10100,0650,0024,202506,433
10100,0650,0024,202507,314
10100,0650,0024,202508,221
10100,0650,0024,202509,152
10100,0650,0024,202510,164
10100,0650,0024,202511,478
10100,0651,0003,202501,2376
10100,0651,0003,202502,3019
10100,0651,0003,202503,3030
10100,0651,0003,202504,1085
10100,0651,0003,202505,845
10100,0651,0003,202506,269
10100,0651,0003,202507,81
10100,0651,0003,202508,93
10100,0651,0003,202509,23
10100,0651,0003,202511,82
10100,0651,0005,202501,1624
10100,0651,0005,202502,1474
10100,0651,0005,202503,1957
10100,0651,0005,202504,1121
10100,0651,0005,202505,434
10100,0651,0005,202506,246
10100,0651,0005,202507,175
10100,0651,0005,202508,117
10100,0651,0005,202509,152
10100,0651,0005,202510,105
10100,0651,0005,202511,164
10100,0653,0000,202502,259
10100,0653,0000,202503,153
10100,0653,0000,202505,70
10100,0653,0003,202501,1683
10100,0653,0003,202502,2454
10100,0653,0003,202503,2405
10100,0653,0003,202504,1238
10100,0653,0003,202505,493
10100,0653,0003,202506,141
10100,0653,0003,202507,163
10100,0653,0003,202508,82
10100,0653,0003,202509,35
10100,0653,0003,202510,47
10100,0653,0003,202511,82
10100,0653,0012,202501,3317
10100,0653,0012,202502,4022
10100,0653,0012,202503,4656
10100,0653,0012,202504,2406
10100,0653,0012,202505,1513
10100,0653,0012,202506,386
10100,0653,0012,202507,151
10100,0653,0012,202508,140
10100,0653,0012,202509,117
10100,0653,0012,202510,105
10100,0653,0012,202511,408
10100,0653,0016,202501,3459
10100,0653,0016,202502,4140
10100,0653,0016,202503,4220
10100,0653,0016,202504,2371
10100,0653,0016,202505,1314
10100,0653,0016,202506,467
10100,0653,0016,202507,303
10100,0653,0016,202508,233
10100,0653,0016,202509,198
10100,0653,0016,202510,233
10100,0653,0016,202511,642
10100,0653,0019,202501,1353
10100,0653,0019,202502,1722
10100,0653,0019,202503,1980
10100,0653,0019,202504,802
10100,0653,0019,202505,282
10100,0653,0019,202506,35
10100,0653,0019,202507,23
10100,0653,0019,202508,23
10100,0653,0019,202509,12
10100,0653,0019,202510,12
10100,0653,0019,202511,152
10100,0653,0029,202501,3306
10100,0653,0029,202502,2736
10100,0653,0029,202503,3914
10100,0653,0029,202504,1451
10100,0653,0029,202505,575
10100,0653,0029,202506,129
10100,0653,0029,202507,140
10100,0653,0029,202508,139
10100,0653,0029,202509,94
10100,0653,0029,202510,175
10100,0653,0029,202511,304
10100,0655,0000,202501,294
10100,0655,0000,202502,719
10100,0655,0000,202503,2204
10100,0655,0000,202504,1321
10100,0655,0000,202505,106
10100,0655,0000,202511,12
10100,0657,0026,202501,1388
10100,0657,0026,202502,1674
10100,0657,0026,202503,2075
10100,0657,0026,202504,1108
10100,0657,0026,202505,516
10100,0657,0026,202506,292
10100,0657,0026,202507,82
10100,0657,0026,202508,58
10100,0657,0026,202509,70
10100,0657,0026,202510,47
10100,0657,0026,202511,199
10100,0657,0027,202501,4411
10100,0657,0027,202502,5060
10100,0657,0027,202503,6412
10100,0657,0027,202504,3444
10100,0657,0027,202505,1935
10100,0657,0027,202506,970
10100,0657,0027,202507,418
10100,0657,0027,202508,348
10100,0657,0027,202509,257
10100,0657,0027,202510,257
10100,0657,0027,202511,759
10100,0657,0029,202501,8494
10100,0657,0029,202502,7454
10100,0657,0029,202503,9419
10100,0657,0029,202504,5992
10100,0657,0029,202505,3484
10100,0657,0029,202506,1836
10100,0657,0029,202507,756
10100,0657,0029,202508,291
10100,0657,0029,202509,23
10100,0657,0029,202510,47
10100,0657,0029,202511,1400
10100,0660,0006,202501,20128
10100,0660,0006,202502,25996
10100,0660,0006,202503,20005
10100,0660,0006,202504,19378
10100,0660,0006,202505,11966
10100,0660,0006,202506,6573
10100,0660,0006,202507,4514
10100,0660,0006,202508,3407
10100,0660,0006,202509,3137
10100,0660,0006,202510,3230
10100,0660,0006,202511,4408
10100,0660,0007,202501,2270
10100,0660,0007,202502,2477
10100,0660,0007,202503,3230
10100,0660,0007,202504,2312
10100,0660,0007,202505,1842
10100,0660,0007,202506,1392
10100,0660,0007,202507,1641
10100,0660,0007,202508,1186
10100,0660,0007,202509,1073
10100,0660,0007,202510,1283
10100,0660,0007,202511,980
10100,0660,0020,202501,8928
10100,0660,0020,202502,10450
10100,0660,0020,202503,6802
10100,0660,0020,202504,8032
10100,0660,0020,202505,7754
10100,0660,0020,202506,6877
10100,0660,0020,202507,7179
10100,0660,0020,202508,6652
10100,0660,0020,202509,7008
10100,0660,0020,202510,6810
10100,0660,0020,202511,7393
10100,0662,0000,202501,94
10100,0662,0000,202502,106
10100,0662,0000,202503,118
10100,0662,0000,202504,106
10100,0662,0000,202505,70
10100,0662,0000,202506,23
10100,0662,0000,202507,12
10100,0662,0000,202508,12
10100,0662,0001,202501,15940
10100,0662,0001,202502,23295
10100,0662,0001,202503,16138
10100,0662,0001,202504,13422
10100,0662,0001,202505,7133
10100,0662,0001,202506,4187
10100,0662,0001,202507,2909
10100,0662,0001,202508,2675
10100,0662,0001,202509,1924
10100,0662,0001,202510,1854
10100,0662,0001,202511,3230
10100,0662,0002,202507,3200
10100,0662,0002,202508,2349
10100,0662,0002,202509,2414
10100,0662,0002,202510,2274
10100,0662,0002,202511,3277
10100,0662,0004,202501,23881
10100,0662,0004,202502,30030
10100,0662,0004,202503,24873
10100,0662,0004,202504,10544
10100,0662,0004,202505,1525
10100,0662,0006,202501,20293
10100,0662,0006,202502,31599
10100,0662,0006,202503,26335
10100,0662,0006,202504,17408
10100,0662,0006,202505,9889
10100,0662,0006,202506,3755
10100,0662,0006,202507,3525
10100,0662,0006,202508,2117
10100,0662,0006,202509,2076
10100,0662,0006,202510,2087
10100,0662,0006,202511,4023
10100,0662,0013,202501,20210
10100,0662,0013,202502,24616
10100,0662,0013,202503,17718
10100,0662,0013,202504,16996
10100,0662,0013,202505,17069
10100,0662,0013,202506,12550
10100,0662,0013,202507,12112
10100,0662,0013,202508,11106
10100,0662,0013,202509,13585
10100,0662,0013,202510,11695
10100,0662,0013,202511,14624
10100,0664,0000,202503,59
10100,0664,0006,202501,59
10100,0664,0006,202502,35
10100,0664,0006,202503,35
10100,0664,0006,202505,35
10100,0664,0006,202506,94
10100,0664,0006,202507,81
10100,0664,0006,202508,81
10100,0664,0006,202509,82
10100,0664,0006,202510,58
10100,0664,0006,202511,82
10100,0664,0008,202501,24128
10100,0664,0008,202502,31528
10100,0664,0008,202503,22728
10100,0664,0008,202504,17892
10100,0664,0008,202505,11403
10100,0664,0008,202506,4924
10100,0664,0008,202507,3025
10100,0664,0008,202508,1942
10100,0664,0008,202509,1411
10100,0664,0008,202510,1283
10100,0664,0008,202511,2985
10100,0666,0004,202501,2589
10100,0666,0004,202502,3940
10100,0666,0004,202503,4397
10100,0666,0004,202504,2146
10100,0666,0004,202505,997
10100,0666,0004,202506,339
10100,0666,0004,202507,128
10100,0666,0004,202508,59
10100,0666,0004,202509,35
10100,0666,0004,202510,93
10100,0666,0004,202511,327
10100,0666,0007,202501,471
10100,0666,0007,202502,460
10100,0666,0007,202503,778
10100,0666,0007,202504,389
10100,0666,0007,202505,164
10100,0666,0007,202506,105
10100,0666,0007,202507,93
10100,0666,0007,202508,35
10100,0666,0007,202509,35
10100,0666,0007,202510,35
10100,0666,0007,202511,58
10100,0666,0009,202501,1247
10100,0666,0009,202502,1439
10100,0666,0009,202503,1556
10100,0666,0009,202504,413
10100,0666,0009,202505,164
10100,0666,0009,202506,129
10100,0666,0009,202507,128
10100,0666,0009,202508,81
10100,0666,0009,202509,47
10100,0666,0009,202510,93
10100,0666,0009,202511,47
10100,0666,0010,202501,518
10100,0666,0010,202502,507
10100,0666,0010,202503,601
10100,0666,0010,202504,484
10100,0666,0010,202505,35
10100,0666,0010,202507,12
10100,0669,0002,202501,1059
10100,0669,0002,202502,1262
10100,0669,0002,202503,1403
10100,0669,0002,202504,755
10100,0669,0002,202505,12
10100,0669,0004,202501,565
10100,0669,0004,202502,920
10100,0669,0004,202503,790
10100,0669,0004,202504,472
10100,0669,0004,202505,141
10100,0669,0004,202506,12
10100,0669,0005,202501,788
10100,0669,0005,202502,1427
10100,0669,0005,202503,1745
10100,0669,0005,202504,495
10100,0669,0005,202505,176
10100,0669,0005,202506,117
10100,0669,0005,202507,70
10100,0669,0005,202508,58
10100,0669,0005,202509,70
10100,0669,0005,202510,58
10100,0669,0005,202511,292
10100,0669,0014,202501,788
10100,0669,0014,202502,1062
10100,0669,0014,202503,1309
10100,0669,0014,202504,837
10100,0669,0014,202505,317
10100,0669,0014,202506,82
10100,0669,0014,202507,70
10100,0669,0014,202508,47
10100,0669,0014,202509,47
10100,0669,0014,202510,70
10100,0669,0014,202511,233
10100,0669,0015,202501,1176
10100,0669,0015,202502,2147
10100,0669,0015,202503,2063
10100,0669,0015,202504,71
10100,0669,0015,202505,23
10100,0669,0015,202506,47
10100,0669,0015,202510,12
10100,0669,0015,202511,35
10100,0671,0009,202501,5693
10100,0671,0009,202502,6853
10100,0671,0009,202503,8382
10100,0671,0009,202504,5142
10100,0671,0009,202505,1431
10100,0671,0009,202506,280
10100,0671,0009,202507,128
10100,0671,0009,202508,93
10100,0671,0009,202509,303
10100,0671,0009,202510,70
10100,0671,0009,202511,734
10100,0674,0000,202501,534104
10100,0674,0000,202502,559151
10100,0674,0000,202503,417115
10100,0674,0000,202504,261178
10100,0674,0000,202505,146356
10100,0674,0000,202506,104768
10100,0674,0000,202507,69422
10100,0674,0000,202508,56845
10100,0674,0000,202509,50993
10100,0674,0000,202510,75169
10100,0674,0000,202511,167574
10100,0678,0000,202501,1565
10100,0678,0000,202502,2925
10100,0678,0000,202503,3053
10100,0678,0000,202504,1368
10100,0678,0000,202505,282
10100,0678,0000,202506,281
10100,0678,0000,202507,128
10100,0678,0000,202508,174
10100,0678,0000,202509,82
10100,0678,0000,202510,82
10100,0678,0000,202511,338
10100,0682,0000,202501,2671
10100,0682,0000,202502,2961
10100,0682,0000,202503,2488
10100,0682,0000,202504,2100
10100,0682,0000,202505,997
10100,0682,0000,202506,935
10100,0682,0000,202507,698
10100,0682,0000,202508,639
10100,0682,0000,202509,595
10100,0682,0000,202510,478
10100,0682,0000,202511,828
10100,0683,0000,202501,2894
10100,0683,0000,202502,3444
10100,0683,0000,202503,3914
10100,0683,0000,202504,1958
10100,0683,0000,202505,622
10100,0683,0000,202506,175
10100,0683,0000,202507,116
10100,0683,0000,202508,23
10100,0683,0000,202509,47
10100,0683,0000,202510,47
10100,0683,0000,202511,128
10100,0684,0001,202501,518
10100,0684,0001,202502,554
10100,0684,0001,202503,625
10100,0684,0001,202504,519
10100,0684,0001,202505,551
10100,0684,0001,202506,515
10100,0684,0001,202507,349
10100,0684,0001,202508,302
10100,0684,0001,202509,222
10100,0684,0001,202510,222
10100,0684,0001,202511,292
10100,0687,0000,202501,941
10100,0687,0000,202502,672
10100,0687,0000,202503,1332
10100,0687,0000,202504,448
10100,0687,0000,202505,70
10100,0687,0000,202506,58
10100,0687,0000,202507,23
10100,0687,0000,202508,35
10100,0687,0000,202509,23
10100,0687,0000,202510,47
10100,0687,0000,202511,93
10100,0688,0000,202501,282
10100,0688,0000,202502,12
10100,0693,0000,202501,7987
10100,0693,0000,202502,8174
10100,0693,0000,202503,7734
10100,0693,0000,202504,6912
10100,0693,0000,202505,6100
10100,0693,0000,202506,6070
10100,0693,0000,202507,4550
10100,0693,0000,202508,4175
10100,0693,0000,202509,4279
10100,0693,0000,202510,4407
10100,0693,0000,202511,5551
10100,0694,0000,202501,1776
10100,0694,0000,202502,2217
10100,0694,0000,202503,2322
10100,0694,0000,202504,1392
10100,0694,0000,202505,422
10100,0694,0000,202506,292
10100,0694,0000,202507,198
10100,0694,0000,202508,140
10100,0694,0000,202509,198
10100,0694,0000,202510,152
10100,0694,0000,202511,257
10100,0723,0000,202501,4753
10100,0723,0000,202502,6428
10100,0723,0000,202503,8393
10100,0723,0000,202504,4658
10100,0723,0000,202505,3097
10100,0723,0000,202506,2573
10100,0723,0000,202507,1408
10100,0723,0000,202508,1198
10100,0723,0000,202509,630
10100,0723,0000,202510,431
10100,0723,0000,202511,1097
10200,0001,0010,202501,1294
10200,0001,0010,202502,1639
10200,0001,0010,202503,2169
10200,0001,0010,202504,1085
10200,0001,0010,202505,504
10200,0001,0010,202506,175
10200,0001,0010,202507,81
10200,0001,0010,202508,47
10200,0001,0010,202509,23
10200,0001,0010,202510,70
10200,0001,0010,202511,245
10200,0001,0012,202501,4623
10200,0001,0012,202502,4742
10200,0001,0012,202503,5882
10200,0001,0012,202504,1746
10200,0001,0012,202505,2557
10200,0001,0012,202506,304
10200,0001,0012,202507,337
10200,0001,0012,202508,174
10200,0001,0012,202509,233
10200,0001,0012,202510,222
10200,0001,0012,202511,303
10200,0001,0023,202501,1976
10200,0001,0023,202502,2029
10200,0001,0023,202503,2523
10200,0001,0023,202504,1274
10200,0001,0023,202505,739
10200,0001,0023,202506,257
10200,0001,0023,202507,198
10200,0001,0023,202508,93
10200,0001,0023,202509,58
10200,0001,0023,202510,93
10200,0001,0023,202511,198
10200,0002,0001,202501,894
10200,0002,0001,202502,1368
10200,0002,0001,202503,1851
10200,0002,0001,202504,814
10200,0002,0001,202505,305
10200,0002,0001,202506,58
10200,0002,0001,202507,23
10200,0002,0001,202508,70
10200,0002,0001,202509,47
10200,0002,0001,202510,35
10200,0002,0001,202511,175
10200,0004,0021,202501,1176
10200,0004,0021,202502,1179
10200,0004,0021,202503,1179
10200,0004,0021,202504,590
10200,0004,0021,202505,587
10200,0004,0021,202506,585
10200,0004,0023,202501,2694
10200,0004,0023,202502,2252
10200,0004,0023,202503,4621
10200,0004,0023,202504,2300
10200,0004,0023,202505,1185
10200,0004,0023,202506,549
10200,0004,0023,202507,430
10200,0004,0023,202508,431
10200,0004,0023,202509,245
10200,0004,0023,202510,175
10200,0004,0023,202511,245
10200,0004,0025,202501,6165
10200,0004,0025,202502,6016
10200,0004,0025,202503,6896
10200,0004,0025,202504,4341
10200,0004,0025,202505,3718
10200,0004,0025,202506,2223
10200,0004,0025,202507,1582
10200,0004,0025,202508,1756
10200,0004,0025,202509,1609
10200,0004,0025,202510,1528
10200,0004,0025,202511,2531
10200,0004,0030,202511,723
10200,0004,0036,202501,2800
10200,0004,0036,202502,2783
10200,0004,0036,202503,3665
10200,0004,0036,202504,2147
10200,0004,0036,202505,1654
10200,0004,0036,202506,947
10200,0004,0036,202507,443
10200,0004,0036,202508,244
10200,0004,0036,202509,140
10200,0004,0036,202510,326
10200,0004,0036,202511,967
10200,0004,0038,202501,3011
10200,0004,0038,202502,2985
10200,0004,0038,202503,3748
10200,0004,0038,202504,2052
10200,0004,0038,202505,904
10200,0004,0038,202506,678
10200,0004,0038,202507,256
10200,0004,0038,202508,233
10200,0004,0038,202509,233
10200,0004,0038,202510,280
10200,0004,0038,202511,863
10200,0005,0005,202501,1894
10200,0005,0005,202502,1911
10200,0005,0005,202503,3372
10200,0005,0005,202504,1026
10200,0005,0005,202505,317
10200,0005,0005,202506,140
10200,0005,0005,202507,58
10200,0005,0005,202508,47
10200,0005,0005,202511,94
10200,0005,0009,202501,1553
10200,0005,0009,202502,2937
10200,0005,0009,202503,3301
10200,0005,0009,202504,1392
10200,0005,0009,202505,270
10200,0005,0009,202506,105
10200,0005,0009,202507,58
10200,0005,0009,202508,105
10200,0005,0009,202509,82
10200,0005,0009,202510,187
10200,0005,0009,202511,128
10200,0005,0014,202501,1470
10200,0005,0014,202502,1522
10200,0005,0014,202503,2039
10200,0005,0014,202504,873
10200,0005,0014,202505,211
10200,0005,0031,202501,1694
10200,0005,0031,202502,1651
10200,0005,0031,202503,2016
10200,0005,0031,202504,1014
10200,0005,0031,202505,669
10200,0005,0031,202506,269
10200,0005,0031,202507,82
10200,0005,0031,202508,58
10200,0005,0031,202509,47
10200,0005,0031,202510,47
10200,0005,0031,202511,385
10200,0005,0032,202501,1329
10200,0005,0032,202502,1557
10200,0005,0032,202503,1980
10200,0005,0032,202504,1345
10200,0005,0032,202505,1032
10200,0005,0032,202506,433
10200,0005,0032,202507,186
10200,0005,0032,202508,140
10200,0005,0032,202509,105
10200,0005,0032,202510,128
10200,0005,0032,202511,373
10200,0005,0034,202501,2682
10200,0005,0034,202502,2536
10200,0005,0034,202503,3536
10200,0005,0034,202504,1746
10200,0005,0034,202505,1079
10200,0005,0034,202506,515
10200,0005,0034,202507,221
10200,0005,0034,202508,337
10200,0005,0034,202509,210
10200,0005,0034,202510,140
10200,0005,0034,202511,676
10200,0005,0046,202501,1423
10200,0005,0046,202502,2406
10200,0005,0046,202503,3761
10200,0005,0046,202504,1451
10200,0005,0046,202505,740
10200,0005,0046,202506,117
10200,0005,0046,202507,117
10200,0005,0046,202508,164
10200,0005,0046,202509,35
10200,0005,0046,202510,35
10200,0005,0046,202511,151
10200,0005,0050,202501,7706
10200,0005,0050,202502,8280
10200,0005,0050,202503,10090
10200,0005,0050,202504,6310
10200,0005,0050,202505,6253
10200,0005,0050,202506,4972
10200,0005,0050,202507,5072
10200,0005,0050,202508,5966
10200,0005,0050,202509,4945
10200,0005,0050,202510,4396
10200,0005,0050,202511,5667
10200,0005,0053,202501,871
10200,0005,0053,202502,1168
10200,0005,0053,202503,1580
10200,0005,0053,202504,448
10200,0005,0053,202505,293
10200,0005,0053,202506,117
10200,0005,0053,202507,105
10200,0005,0053,202508,81
10200,0005,0053,202509,70
10200,0005,0053,202510,70
10200,0005,0053,202511,268
10200,0007,0007,202501,1553
10200,0007,0007,202502,1167
10200,0007,0007,202503,1450
10200,0007,0007,202504,649
10200,0007,0007,202505,575
10200,0007,0007,202506,421
10200,0007,0007,202507,396
10200,0007,0007,202508,314
10200,0007,0007,202509,221
10200,0007,0007,202510,327
10200,0007,0007,202511,443
10200,0008,0010,202501,529
10200,0008,0010,202502,920
10200,0008,0010,202503,1226
10200,0008,0010,202504,389
10200,0008,0010,202505,129
10200,0008,0010,202506,105
10200,0008,0010,202507,35
10200,0008,0010,202508,35
10200,0008,0010,202509,35
10200,0008,0010,202510,23
10200,0008,0010,202511,152
10200,0008,0019,202501,2435
10200,0008,0019,202502,2076
10200,0008,0019,202503,2865
10200,0008,0019,202504,743
10200,0008,0019,202505,750
10200,0008,0019,202506,328
10200,0008,0019,202507,174
10200,0008,0019,202508,152
10200,0008,0019,202509,94
10200,0008,0019,202510,105
10200,0008,0019,202511,734
10200,0008,0026,202501,5047
10200,0008,0026,202502,4364
10200,0008,0026,202503,6236
10200,0008,0026,202504,2501
10200,0008,0026,202505,1184
10200,0008,0026,202506,561
10200,0008,0026,202507,279
10200,0008,0026,202508,174
10200,0008,0026,202509,152
10200,0008,0026,202510,163
10200,0008,0026,202511,642
10200,0009,0006,202501,3412
10200,0009,0006,202502,2854
10200,0009,0006,202503,4032
10200,0009,0006,202504,1793
10200,0009,0006,202505,938
10200,0009,0006,202506,222
10200,0009,0006,202507,93
10200,0009,0006,202508,81
10200,0009,0006,202509,47
10200,0009,0006,202510,58
10200,0009,0006,202511,128
10200,0009,0032,202501,1776
10200,0009,0032,202502,1864
10200,0009,0032,202503,2546
10200,0009,0032,202504,1203
10200,0009,0032,202505,504
10200,0009,0032,202506,164
10200,0009,0032,202507,140
10200,0009,0032,202508,81
10200,0009,0032,202509,93
10200,0009,0032,202510,93
10200,0009,0032,202511,338
10200,0009,0035,202501,3564
10200,0009,0035,202502,2843
10200,0009,0035,202503,3878
10200,0009,0035,202504,1934
10200,0009,0035,202505,1478
10200,0009,0035,202506,725
10200,0009,0035,202507,430
10200,0009,0035,202508,244
10200,0009,0035,202509,210
10200,0009,0035,202510,268
10200,0009,0035,202511,828
10200,0009,0040,202501,671
10200,0009,0040,202502,1215
10200,0009,0040,202503,2358
10200,0009,0040,202504,1427
10200,0009,0040,202505,1220
10200,0009,0040,202506,632
10200,0009,0040,202507,151
10200,0009,0040,202508,93
10200,0009,0040,202509,47
10200,0009,0040,202510,82
10200,0009,0040,202511,338
10200,0010,0006,202502,778
10200,0010,0006,202503,1898
10200,0010,0006,202504,1875
10200,0010,0006,202505,1279
10200,0010,0006,202506,597
10200,0010,0006,202507,128
10200,0010,0006,202508,105
10200,0010,0006,202509,70
10200,0010,0006,202510,187
10200,0010,0006,202511,408
10200,0010,0044,202501,2823
10200,0010,0044,202502,2607
10200,0010,0044,202503,3772
10200,0010,0044,202504,1451
10200,0010,0044,202505,387
10200,0010,0044,202506,211
10200,0010,0044,202507,186
10200,0010,0044,202508,151
10200,0010,0044,202509,117
10200,0010,0044,202510,187
10200,0010,0044,202511,292
10200,0011,0011,202501,3376
10200,0011,0011,202502,2972
10200,0011,0011,202503,4503
10200,0011,0011,202504,2264
10200,0011,0011,202505,1467
10200,0011,0011,202506,550
10200,0011,0011,202507,349
10200,0011,0011,202508,175
10200,0011,0011,202509,152
10200,0011,0011,202510,163
10200,0011,0011,202511,513
10200,0012,0001,202501,1247
10200,0012,0001,202502,1734
10200,0012,0001,202503,2405
10200,0012,0001,202504,1286
10200,0012,0001,202505,434
10200,0012,0001,202506,140
10200,0012,0001,202507,58
10200,0012,0001,202508,47
10200,0012,0001,202509,35
10200,0012,0001,202510,82
10200,0012,0001,202511,187
10200,0012,0002,202501,3624
10200,0012,0002,202502,3692
10200,0012,0002,202503,4704
10200,0012,0002,202504,2300
10200,0012,0002,202505,1373
10200,0012,0002,202506,363
10200,0012,0002,202507,152
10200,0012,0002,202508,116
10200,0012,0002,202509,70
10200,0012,0002,202510,82
10200,0012,0002,202511,548
10200,0012,0010,202501,1800
10200,0012,0010,202502,1875
10200,0012,0010,202503,2405
10200,0012,0010,202504,1014
10200,0012,0010,202505,680
10200,0012,0010,202506,351
10200,0012,0010,202507,105
10200,0012,0010,202508,93
10200,0012,0010,202509,58
10200,0012,0010,202510,70
10200,0012,0010,202511,315
10200,0012,0013,202501,1518
10200,0012,0013,202502,1840
10200,0012,0013,202503,2735
10200,0012,0013,202504,755
10200,0012,0013,202505,246
10200,0012,0013,202506,222
10200,0012,0013,202507,70
10200,0012,0013,202508,58
10200,0012,0013,202509,47
10200,0012,0013,202510,58
10200,0012,0013,202511,47
10200,0012,0014,202501,3800
10200,0012,0014,202502,3598
10200,0012,0014,202503,4939
10200,0012,0014,202504,2418
10200,0012,0014,202505,1396
10200,0012,0014,202506,467
10200,0012,0014,202507,186
10200,0012,0014,202508,209
10200,0012,0014,202509,163
10200,0012,0014,202510,117
10200,0012,0014,202511,688
10200,0012,0017,202501,3070
10200,0012,0017,202502,3503
10200,0012,0017,202503,4385
10200,0012,0017,202504,1875
10200,0012,0017,202505,1490
10200,0012,0017,202506,503
10200,0012,0017,202507,93
10200,0012,0017,202508,186
10200,0012,0017,202509,151
10200,0012,0017,202510,70
10200,0012,0017,202511,688
10200,0012,0018,202501,2059
10200,0012,0018,202502,2312
10200,0012,0018,202503,2523
10200,0012,0018,202504,1486
10200,0012,0018,202505,892
10200,0012,0018,202506,445
10200,0012,0018,202507,244
10200,0012,0018,202508,174
10200,0012,0018,202509,128
10200,0012,0018,202510,140
10200,0012,0018,202511,525
10200,0012,0019,202501,3000
10200,0012,0019,202502,2972
10200,0012,0019,202503,3972
10200,0012,0019,202504,1498
10200,0012,0019,202505,715
10200,0012,0019,202506,538
10200,0012,0019,202507,163
10200,0012,0019,202508,221
10200,0012,0019,202509,175
10200,0012,0019,202510,175
10200,0012,0019,202511,432
10200,0013,0001,202501,15752
10200,0013,0001,202502,1392
10200,0013,0001,202503,483
10200,0013,0001,202504,14259
10200,0013,0001,202505,13611
10200,0013,0001,202506,12047
10200,0013,0001,202507,12031
10200,0013,0001,202508,9641
10200,0013,0001,202509,4828
10200,0013,0001,202510,9970
10200,0013,0001,202511,9446
10200,0013,0013,202501,5270
10200,0013,0013,202502,4317
10200,0013,0013,202503,5611
10200,0013,0013,202504,3810
10200,0013,0013,202505,4611
10200,0013,0013,202506,4538
10200,0013,0013,202507,4538
10200,0013,0013,202508,3919
10200,0013,0013,202509,4630
10200,0013,0013,202510,3883
10200,0013,0013,202511,5260
10200,0013,0020,202501,2847
10200,0013,0020,202502,377
10200,0013,0020,202503,1297
10200,0013,0020,202504,1191
10200,0014,0020,202501,4353
10200,0014,0020,202502,3774
10200,0014,0020,202503,4798
10200,0014,0020,202504,2158
10200,0014,0020,202505,1044
10200,0014,0020,202506,363
10200,0014,0020,202507,117
10200,0014,0020,202508,140
10200,0014,0020,202509,70
10200,0014,0020,202510,105
10200,0014,0020,202511,431
10200,0014,0040,202501,2176
10200,0014,0040,202502,1875
10200,0014,0040,202503,2617
10200,0014,0040,202504,1392
10200,0014,0040,202505,610
10200,0014,0040,202506,304
10200,0014,0040,202507,163
10200,0014,0040,202508,70
10200,0014,0040,202509,70
10200,0014,0040,202510,58
10200,0014,0040,202511,408
10200,0014,0041,202501,2189
10200,0014,0041,202502,1711
10200,0014,0041,202503,2593
10200,0014,0041,202504,1121
10200,0014,0041,202505,411
10200,0014,0041,202506,304
10200,0014,0041,202507,221
10200,0014,0041,202508,221
10200,0014,0041,202509,140
10200,0014,0041,202510,175
10200,0014,0041,202511,478
10200,0014,0042,202501,2859
10200,0014,0042,202502,2843
10200,0014,0042,202503,3855
10200,0014,0042,202504,1828
10200,0014,0042,202505,1044
10200,0014,0042,202506,444
10200,0014,0042,202507,198
10200,0014,0042,202508,81
10200,0014,0042,202509,35
10200,0014,0042,202510,117
10200,0014,0042,202511,431
10200,0014,0052,202501,907
10200,0014,0052,202502,1333
10200,0014,0052,202503,1179
10200,0014,0052,202504,189
10200,0014,0052,202505,188
10200,0014,0052,202506,105
10200,0014,0052,202507,58
10200,0014,0052,202508,58
10200,0014,0052,202509,47
10200,0014,0052,202510,58
10200,0014,0052,202511,105
10200,0014,0054,202501,2765
10200,0014,0054,202502,2713
10200,0014,0054,202503,3336
10200,0014,0054,202504,2017
10200,0014,0054,202505,1396
10200,0014,0054,202506,620
10200,0014,0054,202507,244
10200,0014,0054,202508,81
10200,0014,0054,202509,58
10200,0014,0054,202510,81
10200,0014,0054,202511,641
10200,0014,0079,202501,873
10200,0014,0079,202502,2405
10200,0014,0079,202503,484
10200,0014,0079,202504,425
10200,0014,0079,202505,222
10200,0014,0079,202506,175
10200,0014,0079,202507,70
10200,0014,0079,202508,47
10200,0014,0079,202509,59
10200,0014,0079,202510,94
10200,0014,0079,202511,689
10200,0015,0055,202501,3682
10200,0015,0055,202502,3373
10200,0015,0055,202503,4609
10200,0015,0055,202504,2831
10200,0015,0055,202505,1783
10200,0015,0055,202506,913
10200,0015,0055,202507,349
10200,0015,0055,202508,93
10200,0015,0055,202509,210
10200,0015,0055,202510,222
10200,0015,0055,202511,536
10200,0015,0058,202501,1212
10200,0015,0058,202502,613
10200,0015,0058,202503,861
10200,0015,0058,202504,189
10200,0015,0058,202505,47
10200,0015,0058,202506,47
10200,0015,0058,202507,47
10200,0015,0058,202508,35
10200,0015,0058,202509,47
10200,0015,0058,202510,152
10200,0015,0058,202511,175
10200,0015,0060,202501,10600
10200,0015,0060,202502,7974
10200,0015,0060,202503,11305
10200,0015,0060,202504,5591
10200,0015,0060,202505,4117
10200,0015,0060,202506,1556
10200,0015,0060,202507,966
10200,0015,0060,202508,966
10200,0015,0060,202509,839
10200,0015,0060,202510,711
10200,0015,0060,202511,1948
10200,0015,0063,202501,4318
10200,0015,0063,202502,5036
10200,0015,0063,202503,5104
10200,0015,0063,202504,3409
10200,0015,0063,202505,2030
10200,0015,0063,202506,363
10200,0015,0063,202507,128
10200,0015,0063,202508,128
10200,0015,0063,202509,105
10200,0015,0063,202510,175
10200,0015,0063,202511,513
10200,0016,0001,202501,2883
10200,0016,0001,202502,2382
10200,0016,0001,202503,3030
10200,0016,0001,202504,2041
10200,0016,0001,202505,727
10200,0016,0001,202506,409
10200,0016,0001,202507,291
10200,0016,0001,202508,117
10200,0016,0001,202509,70
10200,0016,0001,202510,117
10200,0016,0001,202511,712
10200,0016,0006,202501,2082
10200,0016,0006,202502,2147
10200,0016,0006,202503,2652
10200,0016,0006,202504,1120
10200,0016,0006,202505,129
10200,0016,0012,202501,4116
10200,0016,0012,202502,6403
10200,0016,0012,202503,4377
10200,0016,0012,202504,3279
10200,0016,0012,202505,1555
10200,0016,0012,202506,887
10200,0016,0012,202507,373
10200,0016,0012,202508,361
10200,0016,0012,202509,327
10200,0016,0012,202510,304
10200,0016,0012,202511,1937
10200,0016,0036,202501,1588
10200,0016,0036,202502,755
10200,0016,0036,202503,884
10200,0016,0036,202504,295
10200,0016,0036,202505,35
10200,0016,0036,202506,12
10200,0016,0036,202510,12
10200,0016,0036,202511,58
10200,0018,0007,202501,13022
10200,0018,0007,202502,9377
10200,0018,0007,202503,12201
10200,0018,0007,202504,8563
10200,0018,0007,202505,7062
10200,0018,0007,202506,4796
10200,0018,0007,202507,3328
10200,0018,0007,202508,3245
10200,0018,0007,202509,3452
10200,0018,0007,202510,3160
10200,0018,0007,202511,3848
10200,0018,0010,202501,3788
10200,0018,0010,202502,4128
10200,0018,0010,202503,5588
10200,0018,0010,202504,2477
10200,0018,0010,202505,1806
10200,0018,0010,202506,550
10200,0018,0010,202507,244
10200,0018,0010,202508,128
10200,0018,0010,202509,105
10200,0018,0010,202510,128
10200,0018,0010,202511,455
10200,0018,0018,202501,4482
10200,0018,0018,202502,3561
10200,0018,0018,202503,4822
10200,0018,0018,202504,2760
10200,0018,0018,202505,2275
10200,0018,0018,202506,1171
10200,0018,0018,202507,431
10200,0018,0018,202508,186
10200,0018,0018,202509,186
10200,0018,0018,202510,94
10200,0018,0018,202511,595
10200,0019,0004,202501,3141
10200,0019,0004,202502,2984
10200,0019,0004,202503,3867
10200,0019,0004,202504,2371
10200,0019,0004,202505,1736
10200,0019,0004,202506,269
10200,0019,0004,202511,12
10200,0019,0018,202501,3564
10200,0019,0018,202502,3255
10200,0019,0018,202503,5281
10200,0019,0022,202501,2200
10200,0019,0022,202502,2041
10200,0019,0022,202503,2841
10200,0019,0022,202504,1781
10200,0019,0022,202505,1466
10200,0019,0022,202506,1041
10200,0019,0022,202507,407
10200,0019,0022,202508,70
10200,0019,0022,202509,47
10200,0019,0022,202510,47
10200,0019,0022,202511,443
10200,0019,0023,202501,3412
10200,0019,0023,202502,2866
10200,0019,0023,202503,4444
10200,0019,0023,202504,2430
10200,0019,0023,202505,1513
10200,0019,0023,202506,678
10200,0019,0023,202507,291
10200,0019,0023,202508,186
10200,0019,0023,202509,187
10200,0019,0023,202510,163
10200,0019,0023,202511,560
10200,0019,0028,202501,106
10200,0019,0028,202502,460
10200,0019,0028,202503,2134
10200,0019,0028,202504,295
10200,0019,0028,202505,35
10200,0019,0028,202506,12
10200,0019,0028,202508,12
10200,0019,0028,202510,12
10200,0019,0028,202511,12
10200,0020,0007,202501,541
10200,0020,0007,202502,306
10200,0020,0007,202503,472
10200,0020,0007,202504,59
10200,0020,0007,202505,23
10200,0020,0010,202501,4941
10200,0020,0010,202502,3738
10200,0020,0010,202503,5258
10200,0020,0010,202504,4624
10200,0020,0010,202505,4446
10200,0020,0010,202506,4105
10200,0020,0010,202507,3316
10200,0020,0010,202508,3372
10200,0020,0010,202509,3440
10200,0020,0010,202510,2834
10200,0020,0010,202511,3837
10200,0020,0012,202501,28433
10200,0020,0012,202502,19214
10200,0020,0012,202503,30308
10200,0020,0012,202504,12962
10200,0020,0012,202505,7355
10200,0020,0012,202506,3965
10200,0020,0012,202507,2408
10200,0020,0012,202508,1919
10200,0020,0012,202509,1807
10200,0020,0012,202510,1609
10200,0020,0012,202511,4082
10200,0020,0044,202501,2906
10200,0020,0044,202502,2559
10200,0020,0044,202503,2617
10200,0020,0044,202504,1946
10200,0020,0044,202505,1878
10200,0020,0044,202506,585
10200,0020,0044,202507,186
10200,0020,0044,202508,81
10200,0020,0044,202509,175
10200,0020,0044,202510,257
10200,0020,0044,202511,583
10200,0020,0054,202501,3059
10200,0020,0054,202502,2843
10200,0020,0054,202503,3254
10200,0020,0054,202504,2005
10200,0020,0054,202505,821
10200,0020,0054,202506,58
10200,0020,0054,202507,12
10200,0020,0054,202508,12
10200,0020,0054,202510,12
10200,0020,0054,202511,12
10200,0020,0058,202501,753
10200,0020,0058,202502,3432
10200,0020,0058,202503,2511
10200,0020,0058,202504,1132
10200,0020,0058,202505,258
10200,0020,0058,202506,140
10200,0020,0058,202507,70
10200,0020,0058,202508,81
10200,0020,0058,202509,105
10200,0020,0058,202510,128
10200,0020,0058,202511,443
10200,0020,0060,202501,6317
10200,0020,0060,202502,5048
10200,0020,0060,202503,7144
10200,0020,0060,202504,3762
10200,0020,0060,202505,1994
10200,0020,0060,202506,1052
10200,0020,0060,202507,511
10200,0020,0060,202508,570
10200,0020,0060,202509,443
10200,0020,0060,202510,630
10200,0020,0060,202511,1446
10200,0021,0001,202501,2670
10200,0021,0001,202502,2772
10200,0021,0001,202503,3548
10200,0021,0001,202504,1899
10200,0021,0001,202505,1361
10200,0021,0001,202506,632
10200,0021,0001,202507,93
10200,0021,0001,202508,93
10200,0021,0001,202509,47
10200,0021,0001,202510,58
10200,0021,0001,202511,571
10200,0021,0009,202501,1294
10200,0021,0009,202502,1545
10200,0021,0009,202503,1568
10200,0021,0009,202504,602
10200,0021,0009,202505,199
10200,0021,0009,202506,117
10200,0021,0009,202507,93
10200,0021,0009,202508,70
10200,0021,0009,202509,58
10200,0021,0009,202510,70
10200,0021,0009,202511,105
10200,0021,0016,202501,4048
10200,0021,0016,202502,3881
10200,0021,0016,202503,5564
10200,0021,0016,202504,2454
10200,0021,0016,202505,1033
10200,0021,0016,202506,434
10200,0021,0016,202507,209
10200,0021,0016,202508,104
10200,0021,0016,202509,82
10200,0021,0016,202510,117
10200,0021,0016,202511,467
10200,0021,0024,202501,1176
10200,0021,0024,202502,1474
10200,0021,0024,202503,1910
10200,0021,0024,202504,873
10200,0021,0024,202505,164
10200,0021,0024,202506,105
10200,0021,0024,202507,93
10200,0021,0024,202508,82
10200,0021,0024,202509,82
10200,0021,0024,202510,93
10200,0021,0024,202511,140
10200,0021,0028,202501,2870
10200,0021,0028,202502,2453
10200,0021,0028,202503,3442
10200,0021,0028,202504,2088
10200,0021,0028,202505,1220
10200,0021,0028,202506,632
10200,0021,0028,202507,349
10200,0021,0028,202508,361
10200,0021,0028,202509,361
10200,0021,0028,202510,315
10200,0021,0028,202511,653
10200,0021,0033,202501,3235
10200,0021,0033,202502,3279
10200,0021,0033,202503,4173
10200,0021,0033,202504,1993
10200,0021,0033,202505,1126
10200,0021,0033,202506,515
10200,0021,0033,202507,303
10200,0021,0033,202508,221
10200,0021,0033,202509,187
10200,0021,0033,202510,210
10200,0021,0033,202511,362
10200,0024,0001,202501,3212
10200,0024,0001,202502,4777
10200,0024,0001,202503,5388
10200,0024,0001,202504,1274
10200,0024,0001,202505,294
10200,0024,0001,202506,129
10200,0024,0001,202507,116
10200,0024,0001,202508,151
10200,0024,0001,202509,105
10200,0024,0001,202510,58
10200,0024,0001,202511,245
10200,0024,0006,202501,2059
10200,0024,0006,202502,2182
10200,0024,0006,202503,3088
10200,0024,0006,202504,1463
10200,0024,0006,202505,1068
10200,0024,0006,202506,561
10200,0024,0006,202507,221
10200,0024,0006,202508,244
10200,0024,0006,202509,105
10200,0024,0006,202510,128
10200,0024,0006,202511,408
10200,0024,0007,202501,1929
10200,0024,0007,202502,2040
10200,0024,0007,202503,2923
10200,0024,0007,202504,1439
10200,0024,0007,202505,750
10200,0024,0007,202506,398
10200,0024,0007,202507,151
10200,0024,0007,202508,209
10200,0024,0007,202509,257
10200,0024,0007,202510,58
10200,0024,0007,202511,525
10200,0024,0018,202501,2259
10200,0024,0018,202502,1710
10200,0024,0018,202503,2758
10200,0024,0018,202504,1321
10200,0024,0018,202505,833
10200,0024,0018,202506,270
10200,0024,0018,202507,198
10200,0024,0018,202508,175
10200,0024,0018,202509,175
10200,0024,0018,202510,140
10200,0024,0018,202511,478
10200,0025,0001,202501,2059
10200,0025,0001,202502,2006
10200,0025,0001,202503,2570
10200,0025,0001,202504,1369
10200,0025,0001,202505,1161
10200,0025,0001,202506,538
10200,0025,0001,202507,234
10200,0025,0001,202508,163
10200,0025,0001,202509,129
10200,0025,0001,202510,93
10200,0025,0001,202511,560
10200,0025,0002,202501,2623
10200,0025,0002,202502,3196
10200,0025,0002,202503,4197
10200,0025,0002,202504,1887
10200,0025,0002,202505,868
10200,0025,0002,202506,152
10200,0025,0002,202507,23
10200,0025,0002,202508,35
10200,0025,0002,202509,12
10200,0025,0002,202510,23
10200,0025,0002,202511,70
10200,0025,0009,202501,2823
10200,0025,0009,202502,2571
10200,0025,0009,202503,3607
10200,0025,0009,202504,1805
10200,0025,0009,202505,1197
10200,0025,0009,202506,561
10200,0025,0009,202507,151
10200,0025,0009,202508,151
10200,0025,0009,202509,140
10200,0025,0009,202510,117
10200,0025,0009,202511,606
10200,0025,0021,202501,1448
10200,0025,0021,202502,1651
10200,0025,0021,202503,2570
10200,0025,0021,202504,1533
10200,0025,0021,202505,1032
10200,0025,0021,202506,503
10200,0025,0021,202507,407
10200,0025,0021,202508,372
10200,0025,0021,202509,362
10200,0025,0021,202510,350
10200,0025,0021,202511,886
10200,0025,0022,202501,4141
10200,0025,0022,202502,4317
10200,0025,0022,202503,5140
10200,0025,0022,202504,3126
10200,0025,0022,202505,2205
10200,0025,0022,202506,1053
10200,0025,0022,202507,198
10200,0025,0022,202508,93
10200,0025,0022,202509,93
10200,0025,0022,202510,81
10200,0025,0022,202511,513
10200,0025,0025,202501,2976
10200,0025,0025,202502,3291
10200,0025,0025,202503,4126
10200,0025,0025,202504,2500
10200,0025,0025,202505,1220
10200,0025,0025,202506,187
10200,0025,0025,202507,23
10200,0025,0025,202508,35
10200,0025,0025,202509,23
10200,0025,0025,202510,23
10200,0025,0025,202511,233
10200,0025,0029,202501,976
10200,0025,0029,202502,1357
10200,0025,0029,202503,1343
10200,0025,0029,202504,1109
10200,0025,0029,202505,1196
10200,0025,0029,202506,983
10200,0025,0029,202507,896
10200,0025,0029,202508,709
10200,0025,0029,202509,828
10200,0025,0029,202510,677
10200,0025,0029,202511,1049
10200,0025,0040,202501,2106
10200,0025,0040,202502,2158
10200,0025,0040,202503,2829
10200,0025,0040,202504,1073
10200,0025,0040,202505,375
10200,0025,0040,202506,82
10200,0025,0040,202507,47
10200,0025,0040,202508,23
10200,0025,0040,202509,35
10200,0025,0040,202510,35
10200,0025,0040,202511,210
10200,0025,0044,202501,812
10200,0025,0044,202502,1286
10200,0025,0044,202503,1426
10200,0025,0044,202504,342
10200,0025,0044,202505,211
10200,0025,0044,202506,129
10200,0025,0044,202507,163
10200,0025,0044,202508,128
10200,0025,0044,202509,128
10200,0025,0044,202510,93
10200,0025,0044,202511,163
10200,0026,0009,202501,1482
10200,0026,0009,202502,2512
10200,0026,0009,202503,1874
10200,0026,0009,202504,1191
10200,0026,0009,202505,481
10200,0026,0009,202506,421
10200,0026,0009,202507,279
10200,0026,0009,202508,233
10200,0026,0009,202509,105
10200,0026,0009,202510,198
10200,0026,0009,202511,303
10200,0026,0025,202501,1965
10200,0026,0025,202502,2489
10200,0026,0025,202503,3006
10200,0026,0025,202504,1120
10200,0026,0025,202505,516
10200,0026,0025,202506,257
10200,0026,0025,202507,105
10200,0026,0025,202508,58
10200,0026,0025,202509,70
10200,0026,0025,202510,70
10200,0026,0025,202511,140
10200,0026,0032,202501,1470
10200,0026,0032,202502,2076
10200,0026,0032,202503,2464
10200,0026,0032,202504,377
10200,0026,0032,202505,176
10200,0026,0032,202506,94
10200,0026,0032,202507,93
10200,0026,0032,202508,47
10200,0026,0032,202509,81
10200,0026,0032,202510,82
10200,0026,0032,202511,128
10200,0053,0001,202501,2294
10200,0053,0001,202502,1710
10200,0053,0001,202503,2629
10200,0053,0001,202504,1415
10200,0053,0001,202505,657
10200,0053,0001,202506,164
10200,0053,0001,202507,140
10200,0053,0001,202508,93
10200,0053,0001,202509,82
10200,0053,0001,202510,82
10200,0053,0001,202511,163
10200,0053,0003,202501,10070
10200,0053,0003,202502,9189
10200,0053,0003,202503,11141
10200,0053,0003,202504,7902
10200,0053,0003,202505,6276
10200,0053,0003,202506,4550
10200,0053,0003,202507,3956
10200,0053,0003,202508,3117
10200,0053,0003,202509,3417
10200,0053,0003,202510,3032
10200,0053,0003,202511,3871
10200,0053,0010,202501,2812
10200,0053,0010,202502,1970
10200,0053,0010,202503,2782
10200,0053,0010,202504,1616
10200,0053,0010,202505,223
10200,0053,0010,202506,152
10200,0053,0010,202507,105
10200,0053,0010,202508,35
10200,0053,0010,202509,35
10200,0053,0010,202510,47
10200,0053,0010,202511,210
10200,0053,0044,202501,5763
10200,0053,0044,202502,3940
10200,0053,0044,202503,5930
10200,0053,0044,202504,3550
10200,0053,0044,202505,2534
10200,0053,0044,202506,1742
10200,0053,0044,202507,500
10200,0053,0044,202508,291
10200,0053,0044,202509,140
10200,0053,0044,202510,140
10200,0053,0044,202511,1166
10200,0054,0006,202501,318
10200,0054,0006,202502,896
10200,0054,0006,202503,354
10200,0054,0006,202504,436
10200,0054,0006,202505,59
10200,0054,0006,202506,23
10200,0054,0010,202501,4188
10200,0054,0010,202502,3786
10200,0054,0010,202503,5186
10200,0054,0010,202504,2960
10200,0054,0010,202505,2474
10200,0054,0010,202506,1356
10200,0054,0010,202507,687
10200,0054,0010,202508,454
10200,0054,0010,202509,419
10200,0054,0010,202510,409
10200,0054,0010,202511,1411
10200,0057,0016,202501,3082
10200,0057,0016,202502,2854
10200,0057,0016,202503,4232
10200,0057,0016,202504,1781
10200,0057,0016,202505,188
10200,0057,0016,202506,152
10200,0057,0016,202507,140
10200,0057,0016,202508,104
10200,0057,0016,202509,82
10200,0057,0016,202510,151
10200,0057,0016,202511,198
10200,0057,0018,202501,3811
10200,0057,0018,202502,2429
10200,0057,0018,202503,3737
10200,0057,0018,202504,1627
10200,0057,0018,202505,1478
10200,0057,0018,202506,1474
10200,0057,0018,202507,1385
10200,0057,0018,202508,1314
10200,0057,0018,202509,1260
10200,0057,0018,202510,898
10200,0057,0018,202511,1061
10200,0058,0001,202501,729
10200,0058,0001,202502,1380
10200,0058,0001,202503,2122
10200,0058,0001,202504,389
10200,0058,0001,202505,129
10200,0058,0001,202511,23
10200,0058,0009,202501,2988
10200,0058,0009,202502,2677
10200,0058,0009,202503,3808
10200,0058,0009,202504,2111
10200,0058,0009,202505,1279
10200,0058,0009,202506,678
10200,0058,0009,202507,256
10200,0058,0009,202508,221
10200,0058,0009,202509,210
10200,0058,0009,202510,245
10200,0058,0009,202511,409
10200,0058,0029,202501,1294
10200,0058,0029,202502,1215
10200,0058,0029,202503,1650
10200,0058,0029,202504,778
10200,0058,0029,202505,422
10200,0058,0029,202506,199
10200,0058,0029,202507,186
10200,0058,0029,202508,116
10200,0058,0029,202509,82
10200,0058,0029,202510,105
10200,0058,0029,202511,280
10200,0060,0004,202501,11085
10200,0060,0004,202502,11094
10200,0060,0004,202503,5959
10200,0060,0004,202504,3551
10200,0060,0004,202505,1341
10200,0060,0004,202506,665
10200,0060,0004,202507,408
10200,0060,0004,202508,652
10200,0060,0004,202509,303
10200,0060,0004,202510,455
10200,0060,0004,202511,3139
10200,0060,0013,202501,1576
10200,0060,0013,202502,1793
10200,0060,0013,202503,2699
10200,0060,0013,202504,755
10200,0060,0013,202505,199
10200,0060,0013,202506,152
10200,0060,0013,202507,140
10200,0060,0013,202508,105
10200,0060,0013,202509,70
10200,0060,0013,202510,70
10200,0060,0013,202511,82
10200,0060,0019,202501,2823
10200,0060,0019,202502,2571
10200,0060,0019,202503,3419
10200,0060,0019,202504,1958
10200,0060,0019,202505,1291
10200,0060,0019,202506,632
10200,0060,0019,202507,291
10200,0060,0019,202508,198
10200,0060,0019,202509,93
10200,0060,0019,202510,117
10200,0060,0019,202511,350
10200,0060,0023,202501,2741
10200,0060,0023,202502,2182
10200,0060,0023,202503,2947
10200,0060,0023,202504,2040
10200,0060,0023,202505,2358
10200,0060,0023,202506,2047
10200,0060,0023,202507,1978
10200,0060,0023,202508,1896
10200,0060,0023,202509,2134
10200,0060,0023,202510,1819
10200,0060,0023,202511,2262
10200,0060,0024,202501,2211
10200,0060,0024,202502,1970
10200,0060,0024,202503,2876
10200,0060,0024,202504,1569
10200,0060,0024,202505,728
10200,0060,0024,202506,280
10200,0060,0024,202507,163
10200,0060,0024,202508,163
10200,0060,0024,202509,105
10200,0060,0024,202510,105
10200,0060,0024,202511,198
10200,0060,0025,202501,2365
10200,0060,0025,202502,2265
10200,0060,0025,202503,2770
10200,0060,0025,202504,991
10200,0060,0025,202505,270
10200,0060,0025,202506,82
10200,0060,0025,202507,70
10200,0060,0025,202508,35
10200,0060,0025,202509,47
10200,0060,0025,202510,47
10200,0060,0025,202511,222
10200,0060,0026,202501,2529
10200,0060,0026,202502,1911
10200,0060,0026,202503,3442
10200,0060,0026,202504,1050
10200,0060,0026,202505,246
10200,0060,0026,202506,70
10200,0060,0026,202507,105
10200,0060,0026,202508,58
10200,0060,0026,202509,70
10200,0060,0026,202510,58
10200,0060,0026,202511,222
10200,0060,0029,202501,2000
10200,0060,0029,202502,1675
10200,0060,0029,202503,2240
10200,0060,0029,202504,755
10200,0060,0029,202505,176
10200,0060,0029,202506,117
10200,0060,0029,202507,128
10200,0060,0029,202508,116
10200,0060,0029,202509,117
10200,0060,0029,202510,105
10200,0060,0029,202511,163
10200,0060,0040,202501,2306
10200,0060,0040,202502,2277
10200,0060,0040,202503,3324
10200,0060,0040,202504,1498
10200,0060,0040,202505,763
10200,0060,0040,202506,245
10200,0060,0040,202507,93
10200,0060,0040,202508,59
10200,0060,0040,202509,47
10200,0060,0040,202510,35
10200,0060,0040,202511,315
10200,0060,0042,202501,2517
10200,0060,0042,202502,2300
10200,0060,0042,202503,4114
10200,0060,0042,202504,1863
10200,0060,0042,202505,1361
10200,0060,0042,202506,374
10200,0060,0042,202507,338
10200,0060,0042,202508,244
10200,0060,0042,202509,245
10200,0060,0042,202510,210
10200,0060,0042,202511,292
10200,0060,0049,202501,1988
10200,0060,0049,202502,1887
10200,0060,0049,202503,2523
10200,0060,0049,202504,967
10200,0060,0049,202505,622
10200,0060,0049,202506,292
10200,0060,0049,202507,256
10200,0060,0049,202508,233
10200,0060,0049,202509,222
10200,0060,0049,202510,163
10200,0060,0049,202511,210
10200,0060,0051,202501,2706
10200,0060,0051,202502,2324
10200,0060,0051,202503,3289
10200,0060,0051,202504,1463
10200,0060,0051,202505,657
10200,0060,0051,202506,316
10200,0060,0051,202507,209
10200,0060,0051,202508,151
10200,0060,0051,202509,93
10200,0060,0051,202510,105
10200,0060,0051,202511,245
10200,0060,0053,202501,4118
10200,0060,0053,202502,649
10200,0060,0053,202503,719
10200,0060,0053,202504,660
10200,0060,0053,202505,774
10200,0060,0053,202506,655
10200,0060,0053,202507,593
10200,0060,0053,202508,558
10200,0060,0053,202509,688
10200,0060,0053,202510,583
10200,0060,0053,202511,723
10200,0062,0003,202501,6365
10200,0062,0003,202502,8091
10200,0062,0003,202503,8842
10200,0062,0003,202504,5307
10200,0062,0003,202505,1889
10200,0062,0003,202506,351
10200,0062,0003,202507,128
10200,0062,0003,202508,140
10200,0062,0003,202509,105
10200,0062,0003,202510,93
10200,0062,0003,202511,315
10200,0063,0005,202501,1623
10200,0063,0005,202502,3633
10200,0063,0005,202503,5328
10200,0063,0005,202504,4140
10200,0063,0005,202505,3672
10200,0063,0005,202506,4643
10200,0063,0005,202507,4061
10200,0063,0005,202508,2652
10200,0063,0005,202509,1504
10200,0063,0005,202510,2682
10200,0063,0005,202511,5341
10200,0063,0011,202501,2082
10200,0063,0011,202502,2383
10200,0063,0011,202503,2758
10200,0063,0011,202504,1392
10200,0063,0011,202505,669
10200,0063,0011,202506,339
10200,0063,0011,202507,140
10200,0063,0011,202508,140
10200,0063,0011,202509,105
10200,0063,0011,202510,117
10200,0063,0011,202511,478
10200,0063,0023,202502,342
10200,0063,0023,202503,224
10200,0063,0023,202505,128
10200,0063,0023,202506,175
10200,0063,0023,202507,81
10200,0063,0023,202508,58
10200,0063,0023,202509,12
10200,0063,0023,202510,12
10200,0063,0023,202511,140
10200,0063,0024,202501,3706
10200,0063,0024,202502,3928
10200,0063,0024,202503,4656
10200,0063,0024,202504,2949
10200,0063,0024,202505,1443
10200,0063,0024,202506,690
10200,0063,0024,202507,128
10200,0063,0024,202508,58
10200,0063,0024,202509,70
10200,0063,0024,202510,58
10200,0063,0024,202511,688
10200,0065,0004,202501,3106
10200,0065,0004,202502,2843
10200,0065,0004,202503,3489
10200,0065,0004,202504,1911
10200,0065,0004,202505,469
10200,0065,0004,202506,374
10200,0065,0004,202507,151
10200,0065,0004,202508,151
10200,0065,0004,202509,105
10200,0065,0004,202510,105
10200,0065,0004,202511,280
10200,0065,0006,202501,6517
10200,0065,0006,202502,7973
10200,0065,0006,202503,10810
10200,0065,0006,202504,6062
10200,0065,0006,202505,2898
10200,0065,0006,202506,292
10200,0065,0006,202507,361
10200,0065,0006,202508,372
10200,0065,0006,202509,327
10200,0065,0006,202510,326
10200,0065,0006,202511,327
10200,0065,0008,202501,1929
10200,0065,0008,202502,1993
10200,0065,0008,202503,2382
10200,0065,0008,202504,1273
10200,0065,0008,202505,59
10200,0065,0008,202506,47
10200,0065,0008,202507,58
10200,0065,0008,202508,47
10200,0065,0008,202509,35
10200,0065,0008,202510,47
10200,0065,0008,202511,35
10200,0065,0009,202501,4658
10200,0065,0009,202502,5756
10200,0065,0009,202503,5046
10200,0065,0009,202504,3467
10200,0065,0009,202505,1232
10200,0065,0009,202506,585
10200,0065,0009,202507,512
10200,0065,0009,202508,407
10200,0065,0009,202509,524
10200,0065,0009,202510,362
10200,0065,0009,202511,1516
10200,0065,0020,202501,24
10200,0065,0020,202502,12
10200,0065,0020,202503,1969
10200,0065,0020,202504,271
10200,0065,0020,202505,23
10200,0065,0021,202501,5200
10200,0065,0021,202502,5673
10200,0065,0021,202503,5387
10200,0065,0021,202504,2595
10200,0065,0021,202505,1173
10200,0065,0021,202506,445
10200,0065,0021,202507,233
10200,0065,0021,202508,140
10200,0065,0021,202509,58
10200,0065,0021,202510,105
10200,0065,0021,202511,805
10200,0066,0023,202507,105
10200,0066,0023,202508,93
10200,0066,0023,202509,58
10200,0066,0023,202510,93
10200,0066,0023,202511,397
10200,0069,0001,202501,1435
10200,0069,0001,202502,1121
10200,0069,0001,202503,1250
10200,0069,0001,202504,708
10200,0069,0001,202505,364
10200,0069,0001,202506,211
10200,0069,0001,202507,151
10200,0069,0001,202508,105
10200,0069,0001,202509,70
10200,0069,0001,202510,93
10200,0069,0001,202511,327
10200,0069,0022,202501,4588
10200,0069,0022,202502,4848
10200,0069,0022,202503,5493
10200,0069,0022,202504,3692
10200,0069,0022,202505,1666
10200,0069,0022,202506,866
10200,0069,0022,202507,686
10200,0069,0022,202508,523
10200,0069,0022,202509,338
10200,0069,0022,202510,455
10200,0069,0022,202511,1201
10200,0069,0034,202501,1918
10200,0069,0034,202502,1663
10200,0069,0034,202503,2275
10200,0069,0034,202504,2029
10200,0069,0034,202505,821
10200,0069,0034,202506,374
10200,0069,0034,202507,209
10200,0069,0034,202508,198
10200,0069,0034,202509,105
10200,0069,0034,202510,82
10200,0069,0034,202511,303
10200,0069,0045,202501,2235
10200,0069,0045,202502,2182
10200,0069,0045,202503,1756
10200,0069,0045,202504,1097
10200,0069,0045,202505,270
10200,0069,0045,202506,58
10200,0069,0045,202507,47
10200,0069,0045,202508,35
10200,0069,0045,202511,431
10200,0069,0053,202501,2847
10200,0069,0053,202502,3373
10200,0069,0053,202503,4373
10200,0069,0053,202504,1746
10200,0069,0053,202505,516
10200,0069,0053,202506,491
10200,0069,0053,202507,186
10200,0069,0053,202508,140
10200,0069,0053,202509,93
10200,0069,0053,202510,93
10200,0069,0053,202511,338
10200,0069,0057,202501,3470
10200,0069,0057,202502,3597
10200,0069,0057,202503,4350
10200,0069,0057,202504,1875
10200,0069,0057,202505,622
10200,0069,0057,202506,105
10200,0069,0057,202507,23
10200,0069,0057,202508,47
10200,0069,0057,202509,12
10200,0069,0057,202510,35
10200,0069,0057,202511,257
10200,0069,0060,202501,3212
10200,0069,0060,202502,3208
10200,0069,0060,202503,4138
10200,0069,0060,202504,1781
10200,0069,0060,202505,399
10200,0069,0060,202506,140
10200,0069,0060,202507,58
10200,0069,0060,202508,58
10200,0069,0060,202509,35
10200,0069,0060,202510,58
10200,0069,0060,202511,163
10200,0070,0003,202501,2706
10200,0070,0003,202502,2383
10200,0070,0003,202503,2263
10200,0070,0003,202504,1864
10200,0070,0003,202505,1150
10200,0070,0003,202506,562
10200,0070,0012,202501,9469
10200,0070,0012,202502,11812
10200,0070,0012,202503,6029
10200,0070,0012,202504,4400
10200,0070,0012,202505,2629
10200,0070,0012,202506,1342
10200,0070,0012,202507,697
10200,0070,0012,202508,618
10200,0070,0012,202509,525
10200,0070,0012,202510,805
10200,0070,0012,202511,3149
10200,0070,0019,202501,5094
10200,0070,0019,202502,5119
10200,0070,0019,202503,5694
10200,0070,0019,202504,3503
10200,0070,0019,202505,1724
10200,0070,0019,202506,667
10200,0070,0019,202507,372
10200,0070,0019,202508,186
10200,0070,0019,202509,82
10200,0070,0019,202510,175
10200,0070,0019,202511,583
10200,0070,0020,202501,4000
10200,0070,0020,202502,4116
10200,0070,0020,202503,4597
10200,0070,0020,202504,2819
10200,0070,0020,202505,1349
10200,0070,0020,202506,655
10200,0070,0020,202507,279
10200,0070,0020,202508,244
10200,0070,0020,202509,198
10200,0070,0020,202510,175
10200,0070,0020,202511,595
10200,0070,0021,202501,3341
10200,0070,0021,202502,2819
10200,0070,0021,202503,3336
10200,0070,0021,202504,1368
10200,0070,0021,202505,305
10200,0070,0021,202506,176
10200,0070,0021,202507,93
10200,0070,0021,202508,81
10200,0070,0021,202509,35
10200,0070,0021,202510,70
10200,0070,0021,202511,117
10200,0070,0022,202501,1918
10200,0070,0022,202502,1710
10200,0070,0022,202503,1580
10200,0070,0022,202504,719
10200,0070,0022,202505,223
10200,0070,0022,202506,199
10200,0070,0022,202507,93
10200,0070,0022,202508,70
10200,0070,0022,202509,82
10200,0070,0022,202510,163
10200,0070,0022,202511,187
10200,0070,0023,202501,3741
10200,0070,0023,202502,3951
10200,0070,0023,202503,5081
10200,0070,0023,202504,3208
10200,0070,0023,202505,1760
10200,0070,0023,202506,842
10200,0070,0023,202507,372
10200,0070,0023,202508,186
10200,0070,0023,202509,128
10200,0070,0023,202510,163
10200,0070,0023,202511,863
10200,0070,0024,202501,1929
10200,0070,0024,202502,1769
10200,0070,0024,202503,2558
10200,0070,0024,202504,1557
10200,0070,0024,202505,270
10200,0070,0024,202506,12
10200,0070,0024,202507,12
10200,0070,0024,202508,12
10200,0070,0024,202509,23
10200,0070,0024,202511,23
10200,0070,0050,202501,2165
10200,0070,0050,202502,2737
10200,0070,0050,202503,2747
10200,0070,0050,202504,1651
10200,0070,0050,202505,681
10200,0070,0050,202506,562
10200,0070,0050,202507,523
10200,0070,0050,202508,290
10200,0070,0050,202509,198
10200,0070,0050,202510,245
10200,0070,0050,202511,513
10200,0070,0051,202501,1212
10200,0070,0051,202502,1569
10200,0070,0051,202503,2959
10200,0070,0051,202504,1191
10200,0070,0051,202505,587
10200,0070,0051,202506,211
10200,0070,0051,202507,175
10200,0070,0051,202508,151
10200,0070,0051,202509,58
10200,0070,0051,202510,93
10200,0070,0051,202511,210
10200,0070,0052,202501,1059
10200,0070,0052,202502,2453
10200,0070,0052,202503,837
10200,0070,0052,202504,602
10200,0070,0052,202505,153
10200,0070,0052,202506,47
10200,0070,0052,202507,12
10200,0070,0052,202508,12
10200,0070,0053,202501,600
10200,0070,0053,202502,1168
10200,0070,0053,202503,955
10200,0070,0053,202504,649
10200,0070,0053,202505,493
10200,0070,0053,202506,292
10200,0070,0053,202507,186
10200,0070,0053,202508,140
10200,0070,0053,202509,93
10200,0070,0053,202510,140
10200,0070,0053,202511,163
10200,0070,0054,202501,2870
10200,0070,0054,202502,3185
10200,0070,0054,202503,3619
10200,0070,0054,202504,1958
10200,0070,0054,202505,1032
10200,0070,0054,202506,444
10200,0070,0054,202507,256
10200,0070,0054,202508,186
10200,0070,0054,202509,105
10200,0070,0054,202510,140
10200,0070,0054,202511,618
10200,0071,0002,202501,847
10200,0071,0002,202502,814
10200,0071,0002,202503,790
10200,0071,0002,202504,177
10200,0071,0002,202505,35
10200,0071,0002,202506,23
10200,0071,0002,202507,12
10200,0071,0002,202508,23
10200,0071,0002,202509,12
10200,0071,0002,202511,23
10200,0071,0010,202501,953
10200,0071,0010,202502,1356
10200,0071,0010,202503,1627
10200,0071,0010,202504,436
10200,0071,0010,202505,106
10200,0071,0010,202506,47
10200,0071,0010,202507,23
10200,0071,0010,202508,23
10200,0071,0010,202510,12
10200,0071,0010,202511,23
10200,0072,0002,202501,3705
10200,0072,0002,202502,3786
10200,0072,0002,202503,3937
10200,0072,0002,202504,2701
10200,0072,0002,202505,1279
10200,0072,0002,202506,433
10200,0072,0002,202507,361
10200,0072,0002,202508,233
10200,0072,0002,202509,187
10200,0072,0002,202510,187
10200,0072,0002,202511,536
10200,0072,0008,202501,7188
10200,0072,0008,202502,7395
10200,0072,0008,202503,6873
10200,0072,0008,202504,5496
10200,0072,0008,202505,3273
10200,0072,0008,202506,3556
10200,0072,0008,202507,3118
10200,0072,0008,202508,2989
10200,0072,0008,202509,3487
10200,0072,0008,202510,3277
10200,0072,0008,202511,3930
10200,0072,0010,202501,4859
10200,0072,0010,202502,4671
10200,0072,0010,202503,4739
10200,0072,0010,202504,4435
10200,0072,0010,202505,4165
10200,0072,0010,202506,4304
10200,0072,0010,202507,4561
10200,0072,0010,202508,4629
10200,0072,0010,202509,5364
10200,0072,0010,202510,4396
10200,0072,0010,202511,4944
10200,0072,0018,202501,3282
10200,0072,0018,202502,3656
10200,0072,0018,202503,4409
10200,0072,0018,202504,2359
10200,0072,0018,202505,1185
10200,0072,0018,202506,608
10200,0072,0018,202507,454
10200,0072,0018,202508,326
10200,0072,0018,202509,198
10200,0072,0018,202510,222
10200,0072,0018,202511,443
10200,0072,0020,202501,24
10200,0072,0020,202502,130
10200,0072,0020,202503,200
10200,0072,0023,202501,2435
10200,0072,0023,202502,2571
10200,0072,0023,202503,2970
10200,0072,0023,202504,1710
10200,0072,0023,202505,950
10200,0072,0023,202506,374
10200,0072,0023,202507,245
10200,0072,0023,202508,116
10200,0072,0023,202509,93
10200,0072,0023,202510,82
10200,0072,0023,202511,443
10200,0073,0006,202501,1612
10200,0073,0006,202502,1757
10200,0073,0006,202503,2322
10200,0073,0006,202504,1439
10200,0073,0006,202505,1126
10200,0073,0006,202506,608
10200,0073,0006,202507,175
10200,0073,0006,202508,116
10200,0073,0006,202509,105
10200,0073,0006,202510,128
10200,0073,0006,202511,373
10200,0074,0001,202501,7376
10200,0074,0001,202502,2418
10200,0074,0001,202503,1556
10200,0074,0001,202504,5909
10200,0074,0001,202505,6957
10200,0074,0001,202506,5006
10200,0074,0001,202507,4410
10200,0074,0001,202508,3919
10200,0074,0001,202509,1807
10200,0074,0001,202510,4209
10200,0074,0001,202511,3942
10200,0075,0001,202501,59634
10200,0075,0001,202502,63438
10200,0075,0001,202503,36243
10200,0075,0001,202504,21323
10200,0075,0001,202505,13021
10200,0075,0001,202506,7386
10200,0075,0001,202507,3749
10200,0075,0001,202508,3717
10200,0075,0001,202509,2475
10200,0075,0001,202510,4780
10200,0075,0001,202511,17860
10200,0082,0006,202501,1953
10200,0082,0006,202502,2324
10200,0082,0006,202503,3041
10200,0082,0006,202504,1061
10200,0082,0006,202505,704
10200,0082,0006,202506,409
10200,0082,0006,202507,617
10200,0082,0006,202508,163
10200,0082,0006,202509,163
10200,0082,0006,202510,163
10200,0082,0006,202511,875
10200,0085,0030,202501,953
10200,0085,0030,202502,1274
10200,0085,0030,202503,2134
10200,0085,0030,202504,625
10200,0085,0030,202505,176
10200,0085,0030,202506,105
10200,0085,0030,202507,70
10200,0085,0030,202508,70
10200,0085,0030,202509,82
10200,0085,0030,202510,94
10200,0085,0030,202511,140
10200,0085,0031,202501,2141
10200,0085,0031,202502,3090
10200,0085,0031,202503,2770
10200,0085,0031,202504,1191
10200,0085,0031,202505,657
10200,0085,0031,202506,222
10200,0085,0031,202507,58
10200,0085,0031,202508,46
10200,0085,0031,202509,82
10200,0085,0031,202510,47
10200,0085,0031,202511,303
10200,0085,0032,202501,1223
10200,0085,0032,202511,630
10200,0086,0008,202501,6905
10200,0086,0008,202502,6452
10200,0086,0008,202503,6460
10200,0086,0008,202504,3079
10200,0086,0008,202505,2311
10200,0086,0008,202506,596
10200,0086,0008,202507,174
10200,0086,0008,202508,117
10200,0086,0008,202509,93
10200,0086,0008,202510,58
10200,0086,0008,202511,198
10200,0086,0030,202501,2964
10200,0086,0030,202502,3114
10200,0086,0030,202503,4008
10200,0086,0030,202504,1356
10200,0086,0030,202505,399
10200,0086,0030,202506,199
10200,0086,0030,202507,70
10200,0086,0030,202508,23
10200,0086,0030,202509,23
10200,0086,0030,202510,23
10200,0086,0030,202511,198
10200,0088,0015,202501,3000
10200,0088,0015,202502,3031
10200,0088,0015,202503,3749
10200,0088,0015,202504,1840
10200,0088,0015,202505,1537
10200,0088,0015,202506,1146
10200,0088,0015,202507,454
10200,0088,0015,202508,93
10200,0088,0015,202509,35
10200,0088,0015,202510,280
10200,0088,0015,202511,1283
10200,0088,0016,202501,4023
10200,0088,0016,202502,4363
10200,0088,0016,202503,5174
10200,0088,0016,202504,2583
10200,0088,0016,202505,1760
10200,0088,0016,202506,854
10200,0088,0016,202507,419
10200,0088,0016,202508,302
10200,0088,0016,202509,257
10200,0088,0016,202510,292
10200,0088,0016,202511,793
10200,0089,0008,202501,4658
10200,0089,0008,202502,4458
10200,0089,0008,202503,5364
10200,0089,0008,202504,2925
10200,0089,0008,202505,2217
10200,0089,0008,202506,1228
10200,0089,0008,202507,908
10200,0089,0008,202508,581
10200,0089,0008,202509,548
10200,0089,0008,202510,583
10200,0089,0008,202511,1388
10200,0089,0012,202501,2023
10200,0089,0012,202502,2252
10200,0089,0012,202503,3065
10200,0089,0012,202504,1167
10200,0089,0012,202505,481
10200,0089,0012,202506,292
10200,0089,0012,202507,233
10200,0089,0012,202508,105
10200,0089,0012,202509,58
10200,0089,0012,202510,81
10200,0089,0012,202511,199
10200,0089,0017,202501,2753
10200,0089,0017,202502,3433
10200,0089,0017,202503,4386
10200,0089,0017,202504,2300
10200,0089,0017,202505,2113
10200,0089,0017,202506,969
10200,0089,0017,202507,187
10200,0089,0017,202508,337
10200,0089,0017,202509,362
10200,0089,0017,202510,385
10200,0089,0017,202511,840
10200,0091,0001,202501,2623
10200,0091,0001,202502,1851
10200,0091,0001,202503,2464
10200,0091,0001,202504,1191
10200,0091,0001,202505,516
10200,0091,0001,202506,222
10200,0091,0001,202507,175
10200,0091,0001,202508,163
10200,0091,0001,202509,140
10200,0091,0001,202510,152
10200,0091,0001,202511,175
10200,0091,0002,202501,3212
10200,0091,0002,202502,3255
10200,0091,0002,202503,4515
10200,0091,0002,202504,2241
10200,0091,0002,202505,1478
10200,0091,0002,202506,819
10200,0091,0002,202507,337
10200,0091,0002,202508,128
10200,0091,0002,202509,93
10200,0091,0002,202510,140
10200,0091,0002,202511,466
10200,0091,0016,202501,1683
10200,0091,0016,202502,3515
10200,0091,0016,202503,5281
10200,0091,0016,202504,2914
10200,0091,0016,202505,2088
10200,0091,0016,202506,1357
10200,0091,0016,202507,1861
10200,0091,0016,202508,1617
10200,0091,0016,202509,1201
10200,0091,0016,202510,1155
10200,0091,0016,202511,1260
10200,0091,0019,202501,3247
10200,0091,0019,202502,3244
10200,0091,0019,202503,3984
10200,0091,0019,202504,1404
10200,0091,0019,202505,1079
10200,0091,0019,202506,327
10200,0091,0019,202507,186
10200,0091,0019,202508,105
10200,0091,0019,202509,47
10200,0091,0019,202510,82
10200,0091,0019,202511,408
10200,0093,0003,202501,38187
10200,0093,0003,202502,41363
10200,0093,0003,202503,39028
10200,0093,0003,202504,28317
10200,0093,0003,202505,28370
10200,0093,0003,202506,27508
10200,0093,0003,202507,24504
10200,0093,0003,202508,23775
10200,0093,0003,202509,26434
10200,0093,0003,202510,21384
10200,0093,0003,202511,28158
10200,0093,0007,202501,94
10200,0093,0007,202502,83
10200,0093,0007,202503,59
10200,0093,0007,202504,71
10200,0093,0007,202505,106
10200,0093,0007,202506,70
10200,0093,0007,202507,70
10200,0093,0007,202508,70
10200,0093,0007,202509,58
10200,0093,0007,202510,58
10200,0093,0007,202511,105
10200,0094,0001,202501,226677
10200,0094,0001,202502,246266
10200,0094,0001,202503,231900
10200,0094,0001,202504,160734
10200,0094,0001,202505,140516
10200,0094,0001,202506,193433
10200,0094,0001,202507,250935
10200,0094,0001,202508,379428
10200,0094,0001,202509,352225
10200,0094,0001,202510,302563
10200,0094,0001,202511,183362
10200,0094,0005,202501,307193
10200,0094,0005,202502,372379
10200,0094,0005,202503,343091
10200,0094,0005,202504,200891
10200,0094,0005,202505,136160
10200,0094,0005,202506,245021
10200,0094,0005,202507,386197
10200,0094,0005,202508,608161
10200,0094,0005,202509,560930
10200,0094,0005,202510,485786
10200,0094,0005,202511,254308
10200,0095,0001,202501,3023
10200,0095,0001,202502,3585
10200,0095,0001,202503,4114
10200,0095,0001,202504,2312
10200,0095,0001,202505,962
10200,0095,0001,202506,643
10200,0095,0001,202507,558
10200,0095,0001,202508,512
10200,0095,0001,202509,361
10200,0095,0001,202510,350
10200,0095,0001,202511,711
10200,0095,0024,202501,95017
10200,0095,0024,202502,109881
10200,0095,0024,202503,101062
10200,0095,0024,202504,60616
10200,0095,0024,202505,42596
10200,0095,0024,202506,37018
10200,0095,0024,202507,66925
10200,0095,0024,202508,119680
10200,0095,0024,202509,103505
10200,0095,0024,202510,91080
10200,0095,0024,202511,42847
10200,0095,0039,202501,90088
10200,0095,0039,202502,99054
10200,0095,0039,202503,87280
10200,0095,0039,202504,72381
10200,0095,0039,202505,56216
10200,0095,0039,202506,66446
10200,0095,0039,202507,92720
10200,0095,0039,202508,125763
10200,0095,0039,202509,98502
10200,0095,0039,202510,111252
10200,0095,0039,202511,76444
10200,0096,0001,202501,2212
10200,0096,0001,202502,2336
10200,0096,0001,202503,2464
10200,0096,0001,202504,1510
10200,0096,0001,202505,986
10200,0096,0001,202506,760
10200,0096,0001,202507,745
10200,0096,0001,202508,651
10200,0096,0001,202509,525
10200,0096,0001,202510,525
10200,0096,0001,202511,770
10200,0096,0004,202501,1588
10200,0096,0004,202502,1899
10200,0096,0014,202501,1212
10200,0096,0014,202502,2170
10200,0096,0014,202503,2381
10200,0096,0014,202504,495
10200,0096,0014,202505,35
10200,0096,0014,202506,23
10200,0096,0014,202507,23
10200,0096,0014,202508,12
10200,0096,0014,202509,12
10200,0096,0014,202511,47
10200,0096,0039,202501,801
10200,0096,0039,202502,2513
10200,0096,0039,202503,2582
10200,0096,0039,202504,731
10200,0096,0039,202505,282
10200,0096,0039,202506,456
10200,0096,0039,202507,268
10200,0096,0039,202508,152
10200,0096,0039,202509,105
10200,0096,0039,202510,164
10200,0096,0039,202511,455
10200,0097,0001,202501,5587
10200,0097,0001,202502,5767
10200,0097,0001,202503,5788
10200,0097,0001,202504,3715
10200,0097,0001,202505,1244
10200,0097,0001,202506,1216
10200,0097,0001,202507,814
10200,0097,0001,202508,861
10200,0097,0001,202509,502
10200,0097,0001,202510,792
10200,0097,0001,202511,1889
10200,0097,0004,202501,2471
10200,0097,0004,202502,2736
10200,0097,0004,202503,3218
10200,0097,0004,202504,1769
10200,0097,0004,202505,739
10200,0097,0004,202506,70
10200,0097,0004,202507,23
10200,0097,0004,202510,12
10200,0097,0004,202511,315
10200,0098,0012,202501,2529
10200,0098,0012,202502,2808
10200,0098,0012,202503,2416
10200,0098,0012,202504,1215
10200,0098,0012,202505,387
10200,0098,0012,202506,164
10200,0098,0012,202507,128
10200,0098,0012,202508,23
10200,0098,0012,202509,35
10200,0098,0012,202510,24
10200,0098,0012,202511,268
10200,0098,0037,202501,1953
10200,0098,0037,202502,1651
10200,0098,0037,202503,2063
10200,0098,0037,202504,802
10200,0098,0037,202505,246
10200,0098,0037,202506,129
10200,0098,0037,202507,81
10200,0098,0037,202508,12
10200,0098,0037,202509,23
10200,0098,0037,202510,12
10200,0098,0037,202511,140
10200,0098,0041,202501,3130
10200,0098,0041,202502,3692
10200,0098,0041,202503,4279
10200,0098,0041,202504,2878
10200,0098,0041,202505,1947
10200,0098,0041,202506,866
10200,0098,0041,202507,361
10200,0098,0041,202508,163
10200,0098,0041,202509,152
10200,0098,0041,202510,233
10200,0098,0041,202511,991
10200,0098,0079,202501,10639
10200,0098,0079,202502,11836
10200,0098,0079,202503,7055
10200,0098,0079,202504,4883
10200,0098,0079,202505,2687
10200,0098,0079,202506,2299
10200,0098,0079,202507,987
10200,0098,0079,202508,748
10200,0098,0079,202509,711
10200,0098,0079,202510,1318
10200,0098,0079,202511,3605
10200,0099,0036,202501,1012
10200,0099,0036,202502,955
10200,0099,0036,202503,1379
10200,0099,0036,202504,696
10200,0099,0036,202505,258
10200,0099,0036,202506,70
10200,0099,0036,202507,35
10200,0099,0036,202508,23
10200,0099,0036,202509,23
10200,0099,0036,202510,35
10200,0099,0036,202511,70
10200,0099,0042,202501,3446
10200,0099,0042,202502,2879
10200,0099,0042,202503,3312
10200,0099,0042,202504,2183
10200,0099,0042,202505,1138
10200,0099,0042,202506,503
10200,0099,0042,202507,443
10200,0099,0042,202508,396
10200,0099,0042,202509,268
10200,0099,0042,202510,326
10200,0099,0042,202511,536
10200,0099,0050,202501,8893
10200,0099,0050,202502,9518
10200,0099,0050,202503,9619
10200,0099,0050,202504,6628
10200,0099,0050,202505,4598
10200,0099,0050,202506,4047
10200,0099,0050,202507,3537
10200,0099,0050,202508,4547
10200,0099,0050,202509,3440
10200,0099,0050,202510,3451
10200,0099,0050,202511,4408
10200,0100,0005,202501,1718
10200,0100,0005,202502,1887
10200,0100,0005,202503,2051
10200,0100,0005,202504,1333
10200,0100,0005,202505,692
10200,0100,0005,202506,351
10200,0100,0005,202507,186
10200,0100,0005,202508,116
10200,0100,0005,202509,93
10200,0100,0005,202510,82
10200,0100,0005,202511,222
10200,0100,0025,202501,8223
10200,0100,0025,202502,7643
10200,0100,0025,202503,6153
10200,0100,0025,202504,4577
10200,0100,0025,202505,1830
10200,0100,0025,202506,597
10200,0100,0025,202507,430
10200,0100,0025,202508,326
10200,0100,0025,202509,245
10200,0100,0025,202510,280
10200,0100,0025,202511,874
10200,0101,0001,202501,71
10200,0101,0001,202502,543
10200,0101,0001,202503,1474
10200,0101,0001,202504,1227
10200,0101,0023,202501,4247
10200,0101,0023,202502,4081
10200,0101,0023,202503,4621
10200,0101,0023,202504,2253
10200,0101,0023,202505,892
10200,0101,0023,202506,386
10200,0101,0023,202507,140
10200,0101,0023,202508,117
10200,0101,0024,202501,1412
10200,0101,0024,202502,1970
10200,0101,0024,202503,2016
10200,0101,0024,202504,1097
10200,0101,0024,202505,493
10200,0101,0024,202506,257
10200,0101,0024,202507,209
10200,0101,0024,202508,186
10200,0101,0024,202509,93
10200,0101,0024,202510,117
10200,0101,0024,202511,233
10200,0101,0027,202501,953
10200,0101,0027,202502,1038
10200,0101,0027,202503,1226
10200,0101,0027,202504,401
10200,0101,0027,202505,153
10200,0101,0027,202506,47
10200,0101,0027,202507,47
10200,0101,0027,202508,12
10200,0101,0027,202509,23
10200,0101,0027,202510,12
10200,0101,0027,202511,58
10200,0102,0016,202501,1823
10200,0102,0016,202502,1710
10200,0102,0016,202503,2157
10200,0102,0016,202504,1521
10200,0102,0016,202505,1009
10200,0102,0016,202506,725
10200,0102,0016,202507,547
10200,0102,0016,202508,640
10200,0102,0016,202509,548
10200,0102,0016,202510,583
10200,0102,0016,202511,688
10200,0102,0017,202501,3976
10200,0102,0017,202502,2972
10200,0102,0017,202503,3595
10200,0102,0017,202504,2654
10200,0102,0017,202505,1126
10200,0102,0017,202506,1017
10200,0102,0017,202507,1059
10200,0102,0017,202508,803
10200,0102,0017,202509,664
10200,0102,0017,202510,723
10200,0102,0017,202511,956
10200,0102,0033,202501,2000
10200,0102,0033,202502,2583
10200,0102,0033,202503,2217
10200,0102,0033,202504,2028
10200,0102,0033,202505,1208
10200,0102,0033,202506,1111
10200,0102,0033,202507,1210
10200,0102,0033,202508,1244
10200,0102,0033,202509,1038
10200,0102,0033,202510,921
10200,0102,0033,202511,1108
10200,0103,0001,202501,62613
10200,0103,0001,202502,54932
10200,0103,0001,202503,69369
10200,0103,0001,202504,51949
10200,0103,0001,202505,60589
10200,0103,0001,202506,45274
10200,0103,0001,202507,50314
10200,0103,0001,202508,46937
10200,0103,0001,202509,35941
10200,0103,0001,202510,41140
10200,0103,0001,202511,40875
10200,0103,0012,202501,281756
10200,0103,0012,202502,327195
10200,0103,0012,202503,314676
10200,0103,0012,202504,189344
10200,0103,0012,202505,142563
10200,0103,0012,202506,181559
10200,0103,0012,202507,272202
10200,0103,0012,202508,426607
10200,0103,0012,202509,342394
10200,0103,0012,202510,326629
10200,0103,0012,202511,206972
10200,0103,0023,202501,15881
10200,0103,0023,202502,21361
10200,0103,0023,202503,21431
10200,0103,0023,202504,18034
10200,0103,0023,202505,13749
10200,0103,0023,202506,13942
10200,0103,0023,202507,13008
10200,0103,0023,202508,13699
10200,0103,0023,202509,14040
10200,0103,0023,202510,15485
10200,0103,0023,202511,13213
10200,0105,0007,202501,1541
10200,0105,0007,202502,2217
10200,0105,0007,202503,2098
10200,0105,0007,202504,1309
10200,0105,0007,202505,469
10200,0105,0007,202506,222
10200,0105,0007,202507,210
10200,0105,0007,202508,163
10200,0105,0007,202509,105
10200,0105,0007,202510,105
10200,0105,0007,202511,245
10200,0105,0018,202501,2612
10200,0105,0018,202502,2949
10200,0105,0018,202503,3254
10200,0105,0018,202504,1711
10200,0105,0018,202505,1103
10200,0105,0018,202506,830
10200,0105,0018,202507,559
10200,0105,0018,202508,617
10200,0105,0018,202509,431
10200,0105,0018,202510,327
10200,0105,0018,202511,606
10200,0106,0001,202501,2894
10200,0106,0001,202502,2359
10200,0106,0001,202503,2888
10200,0106,0001,202504,1533
10200,0106,0001,202505,481
10200,0106,0001,202506,175
10200,0106,0001,202507,70
10200,0106,0001,202508,58
10200,0106,0001,202509,23
10200,0106,0001,202510,35
10200,0106,0001,202511,257
10200,0106,0004,202501,1812
10200,0106,0004,202502,1734
10200,0106,0004,202503,1957
10200,0106,0004,202504,1297
10200,0106,0004,202505,692
10200,0106,0004,202506,316
10200,0106,0004,202507,163
10200,0106,0004,202508,116
10200,0106,0004,202509,82
10200,0106,0004,202510,82
10200,0106,0004,202511,303
10200,0106,0025,202501,2188
10200,0106,0025,202502,2135
10200,0106,0025,202503,2982
10200,0106,0025,202504,1368
10200,0106,0025,202505,762
10200,0106,0025,202506,456
10200,0106,0025,202507,209
10200,0106,0025,202508,93
10200,0106,0025,202509,304
10200,0106,0025,202510,82
10200,0106,0025,202511,2333
10200,0107,0004,202501,1965
10200,0107,0004,202502,2583
10200,0107,0004,202503,2971
10200,0107,0004,202504,1911
10200,0107,0004,202505,985
10200,0107,0004,202506,327
10200,0107,0004,202507,46
10200,0107,0004,202508,59
10200,0107,0004,202509,35
10200,0107,0004,202510,23
10200,0107,0004,202511,233
10200,0110,0002,202501,2788
10200,0110,0002,202502,2937
10200,0110,0002,202503,3053
10200,0110,0002,202504,1132
10200,0110,0002,202505,258
10200,0110,0002,202506,82
10200,0110,0002,202507,105
10200,0110,0002,202508,58
10200,0110,0002,202509,23
10200,0110,0002,202510,47
10200,0110,0002,202511,163
10200,0110,0022,202501,1118
10200,0110,0022,202502,1463
10200,0110,0022,202503,1851
10200,0110,0022,202504,448
10200,0110,0022,202505,106
10200,0110,0022,202506,70
10200,0110,0022,202507,81
10200,0110,0022,202508,35
10200,0110,0022,202509,35
10200,0110,0022,202510,47
10200,0110,0022,202511,117
10200,0110,0027,202501,4188
10200,0110,0027,202502,3798
10200,0110,0027,202503,4043
10200,0110,0027,202504,2394
10200,0110,0027,202505,1197
10200,0110,0027,202506,444
10200,0110,0027,202507,140
10200,0110,0027,202508,58
10200,0110,0027,202509,47
10200,0110,0027,202510,47
10200,0110,0027,202511,350
10200,0111,0007,202501,235
10200,0111,0007,202502,342
10200,0111,0007,202503,259
10200,0111,0007,202504,377
10200,0111,0007,202505,270
10200,0111,0007,202506,292
10200,0111,0007,202507,419
10200,0111,0007,202508,256
10200,0111,0007,202509,187
10200,0111,0007,202510,373
10200,0111,0007,202511,280
10200,0111,0018,202501,3717
10200,0111,0018,202502,4848
10200,0111,0018,202503,5564
10200,0111,0018,202504,3821
10200,0111,0018,202505,1243
10200,0111,0018,202506,819
10200,0111,0018,202507,501
10200,0111,0018,202508,244
10200,0111,0018,202509,198
10200,0111,0018,202510,198
10200,0111,0018,202511,1084
10200,0112,0008,202501,9787
10200,0112,0008,202502,10864
10200,0112,0008,202503,9325
10200,0112,0008,202504,6688
10200,0112,0008,202505,3484
10200,0112,0008,202506,1274
10200,0112,0008,202507,256
10200,0112,0008,202508,698
10200,0112,0008,202509,303
10200,0112,0008,202510,349
10200,0112,0008,202511,1423
10200,0112,0011,202501,447
10200,0112,0011,202502,236
10200,0112,0011,202503,236
10200,0112,0011,202504,259
10200,0112,0011,202505,258
10200,0112,0011,202506,152
10200,0112,0011,202507,210
10200,0112,0011,202508,221
10200,0112,0011,202509,47
10200,0112,0011,202510,117
10200,0112,0011,202511,292
10200,0112,0017,202501,1882
10200,0112,0017,202502,3149
10200,0112,0017,202503,3442
10200,0112,0017,202504,1757
10200,0112,0017,202505,892
10200,0112,0017,202506,246
10200,0112,0017,202507,35
10200,0112,0017,202508,12
10200,0112,0017,202510,12
10200,0112,0017,202511,152
10200,0113,0008,202501,3258
10200,0113,0008,202502,2595
10200,0113,0008,202503,3336
10200,0113,0008,202504,2099
10200,0113,0008,202505,1185
10200,0113,0008,202506,409
10200,0113,0008,202507,116
10200,0113,0008,202508,70
10200,0113,0008,202509,47
10200,0113,0008,202510,70
10200,0113,0008,202511,478
10200,0114,0005,202501,3000
10200,0114,0005,202502,2111
10200,0114,0005,202503,2075
10200,0114,0005,202504,1215
10200,0114,0005,202505,622
10200,0114,0005,202506,433
10200,0114,0005,202507,256
10200,0114,0005,202508,12
10200,0114,0005,202509,12
10200,0114,0005,202510,70
10200,0114,0005,202511,93
10200,0115,0004,202501,1541
10200,0115,0004,202502,1238
10200,0115,0004,202503,1367
10200,0115,0004,202504,1132
10200,0115,0004,202505,469
10200,0115,0004,202506,129
10200,0115,0004,202507,81
10200,0115,0004,202508,81
10200,0115,0004,202509,70
10200,0115,0004,202510,58
10200,0115,0004,202511,140
10200,0115,0015,202501,1591
10200,0115,0015,202502,2064
10200,0115,0015,202503,1639
10200,0115,0015,202504,1250
10200,0115,0015,202505,59
10200,0115,0015,202506,82
10200,0115,0015,202507,70
10200,0115,0015,202508,35
10200,0115,0015,202509,35
10200,0115,0015,202511,257
10200,0117,0009,202501,4211
10200,0117,0009,202502,4423
10200,0117,0009,202503,5352
10200,0117,0009,202504,2784
10200,0117,0009,202505,1501
10200,0117,0009,202506,597
10200,0117,0009,202507,360
10200,0117,0009,202508,256
10200,0117,0009,202509,128
10200,0117,0009,202510,257
10200,0117,0009,202511,525
10200,0117,0010,202501,3988
10200,0117,0010,202502,4788
10200,0117,0010,202503,4091
10200,0117,0010,202504,3090
10200,0117,0010,202505,1830
10200,0117,0010,202506,795
10200,0117,0010,202507,232
10200,0117,0010,202508,128
10200,0117,0010,202509,94
10200,0117,0010,202510,105
10200,0117,0010,202511,1049
10200,0118,0001,202501,2270
10200,0118,0001,202502,2666
10200,0118,0001,202503,3336
10200,0118,0001,202504,1710
10200,0118,0001,202505,774
10200,0118,0001,202506,292
10200,0118,0001,202507,81
10200,0118,0001,202508,35
10200,0118,0001,202509,23
10200,0118,0001,202510,23
10200,0118,0001,202511,152
10200,0119,0009,202501,1129
10200,0119,0009,202502,1923
10200,0119,0009,202503,2381
10200,0119,0009,202504,648
10200,0119,0009,202505,211
10200,0119,0009,202506,199
10200,0119,0009,202507,221
10200,0119,0009,202508,105
10200,0119,0009,202509,70
10200,0119,0009,202510,151
10200,0119,0009,202511,256
10200,0120,0006,202501,22857
10200,0120,0006,202502,25961
10200,0120,0006,202503,30791
10200,0120,0006,202504,22598
10200,0120,0006,202505,12025
10200,0120,0006,202506,5567
10200,0120,0006,202507,2862
10200,0120,0006,202508,1663
10200,0120,0006,202509,1400
10200,0120,0006,202510,1469
10200,0120,0007,202501,5200
10200,0120,0007,202502,5992
10200,0120,0007,202503,6637
10200,0120,0007,202504,3539
10200,0120,0007,202505,1220
10200,0120,0007,202506,199
10200,0120,0007,202507,116
10200,0120,0007,202508,58
10200,0120,0007,202509,47
10200,0120,0007,202510,47
10200,0120,0007,202511,292
10200,0120,0008,202501,3082
10200,0120,0008,202502,3915
10200,0120,0008,202503,4480
10200,0120,0008,202504,2878
10200,0120,0008,202505,2147
10200,0120,0008,202506,1368
10200,0120,0008,202507,1117
10200,0120,0008,202508,756
10200,0120,0008,202509,699
10200,0120,0008,202510,560
10200,0120,0008,202511,909
10200,0120,0010,202501,2517
10200,0120,0010,202502,3090
10200,0120,0010,202503,3395
10200,0120,0010,202504,1109
10200,0120,0010,202505,446
10200,0120,0010,202506,234
10200,0120,0010,202507,140
10200,0120,0010,202508,93
10200,0120,0010,202509,82
10200,0120,0010,202510,93
10200,0120,0010,202511,187
10200,0120,0019,202501,23116
10200,0120,0019,202502,26468
10200,0120,0019,202503,34292
10200,0120,0019,202504,21159
10200,0120,0019,202505,11602
10200,0120,0019,202506,9006
10200,0120,0019,202507,4177
10200,0120,0019,202508,3652
10200,0120,0019,202509,3207
10200,0120,0019,202510,3067
10200,0120,0019,202511,6566
10200,0121,0004,202501,8382
10200,0121,0004,202502,14323
10200,0121,0004,202503,9992
10200,0121,0004,202504,7514
10200,0121,0004,202505,3897
10200,0121,0004,202506,1659
10200,0121,0004,202507,560
10200,0121,0004,202508,409
10200,0121,0004,202509,292
10200,0121,0004,202510,432
10200,0121,0004,202511,3524
10200,0121,0016,202501,2564
10200,0121,0016,202502,3185
10200,0121,0016,202503,3725
10200,0121,0016,202504,2170
10200,0121,0016,202505,481
10200,0121,0016,202506,234
10200,0121,0016,202507,93
10200,0121,0016,202508,70
10200,0121,0016,202509,47
10200,0121,0016,202510,70
10200,0121,0016,202511,292
10200,0121,0018,202501,2000
10200,0121,0018,202502,2336
10200,0121,0018,202503,2652
10200,0121,0018,202504,1970
10200,0121,0018,202505,1139
10200,0121,0018,202506,1310
10200,0121,0018,202507,1012
10200,0121,0018,202508,1034
10200,0121,0018,202509,1015
10200,0121,0018,202510,1038
10200,0121,0018,202511,1084
10200,0124,0006,202501,2282
10200,0124,0006,202502,2206
10200,0124,0006,202503,2829
10200,0124,0006,202504,1781
10200,0124,0006,202505,1009
10200,0124,0006,202506,409
10200,0124,0006,202507,268
10200,0124,0006,202508,128
10200,0124,0006,202509,93
10200,0124,0006,202510,140
10200,0124,0006,202511,245
10200,0124,0013,202501,4305
10200,0124,0013,202502,3998
10200,0124,0013,202503,7179
10200,0124,0013,202504,4801
10200,0124,0013,202505,1994
10200,0124,0013,202506,596
10200,0124,0013,202507,105
10200,0124,0013,202508,500
10200,0124,0013,202509,397
10200,0124,0013,202510,478
10200,0124,0013,202511,2275
10200,0124,0014,202501,2953
10200,0124,0014,202502,2477
10200,0124,0014,202503,3418
10200,0124,0014,202504,2347
10200,0124,0014,202505,1549
10200,0124,0014,202506,1685
10200,0124,0014,202507,1501
10200,0124,0014,202508,802
10200,0124,0014,202509,804
10200,0124,0014,202510,1527
10200,0124,0014,202511,1376
10200,0125,0001,202501,1471
10200,0125,0001,202502,1745
10200,0125,0001,202503,1627
10200,0125,0001,202504,955
10200,0125,0001,202505,715
10200,0125,0001,202506,444
10200,0125,0001,202507,570
10200,0125,0001,202508,430
10200,0125,0001,202509,292
10200,0125,0001,202510,396
10200,0125,0001,202511,280
10200,0125,0003,202501,7247
10200,0125,0003,202502,5721
10200,0125,0003,202503,8924
10200,0125,0003,202504,6074
10200,0125,0003,202505,5537
10200,0125,0003,202506,4655
10200,0125,0003,202507,4258
10200,0125,0003,202508,3245
10200,0125,0003,202509,3393
10200,0125,0003,202510,3067
10200,0125,0003,202511,5096
10200,0125,0005,202501,2365
10200,0125,0005,202502,1816
10200,0125,0005,202503,2664
10200,0125,0005,202504,1238
10200,0125,0005,202505,927
10200,0125,0005,202506,327
10200,0125,0005,202507,70
10200,0125,0005,202508,35
10200,0125,0005,202509,35
10200,0125,0005,202510,12
10200,0125,0005,202511,175
10200,0125,0008,202501,102654
10200,0125,0008,202502,91741
10200,0125,0008,202503,130253
10200,0125,0008,202504,61137
10200,0125,0008,202505,34475
10200,0125,0008,202506,25138
10200,0125,0008,202507,78807
10200,0125,0008,202508,128001
10200,0125,0008,202509,136334
10200,0125,0008,202510,100999
10200,0125,0008,202511,51610
10200,0127,0002,202501,5317
10200,0127,0002,202502,4034
10200,0127,0002,202503,5717
10200,0127,0002,202504,4305
10200,0127,0002,202505,4868
10200,0127,0002,202506,4035
10200,0127,0002,202507,1699
10200,0127,0002,202511,443
10200,0127,0003,202501,5129
10200,0127,0003,202502,3786
10200,0127,0003,202503,3525
10200,0127,0003,202504,2607
10200,0127,0003,202505,1947
10200,0127,0003,202506,1310
10200,0127,0003,202507,1443
10200,0127,0003,202508,1500
10200,0127,0003,202509,1259
10200,0127,0003,202510,1084
10200,0127,0003,202511,1026
10200,0129,0019,202501,1741
10200,0129,0019,202502,1828
10200,0129,0019,202503,2747
10200,0129,0019,202504,802
10200,0129,0019,202505,387
10200,0129,0019,202506,82
10200,0129,0019,202507,58
10200,0129,0019,202508,47
10200,0129,0019,202509,23
10200,0129,0019,202510,35
10200,0129,0019,202511,152
10200,0129,0025,202501,1800
10200,0129,0025,202502,1970
10200,0129,0025,202503,2782
10200,0129,0025,202504,1344
10200,0129,0025,202505,1150
10200,0129,0025,202506,445
10200,0129,0025,202507,186
10200,0129,0025,202508,128
10200,0129,0025,202509,70
10200,0129,0025,202510,116
10200,0129,0025,202511,233
10200,0129,0046,202501,3529
10200,0129,0046,202502,5072
10200,0129,0046,202503,3879
10200,0129,0046,202504,2205
10200,0129,0046,202505,1244
10200,0129,0046,202506,842
10200,0129,0046,202507,733
10200,0129,0046,202508,628
10200,0129,0046,202509,455
10200,0129,0046,202510,490
10200,0129,0046,202511,1003
10200,0130,0006,202501,3470
10200,0130,0006,202502,2559
10200,0130,0006,202503,3890
10200,0130,0006,202504,2017
10200,0130,0006,202505,1467
10200,0130,0006,202506,514
10200,0130,0006,202507,337
10200,0130,0006,202508,221
10200,0130,0006,202509,163
10200,0130,0006,202510,163
10200,0130,0006,202511,560
10200,0131,0000,202501,16469
10200,0131,0000,202502,5449
10200,0131,0000,202503,2876
10200,0131,0000,202504,13658
10200,0131,0000,202505,17749
10200,0131,0000,202506,10492
10200,0131,0000,202507,12496
10200,0131,0000,202508,12048
10200,0131,0000,202509,2729
10200,0131,0000,202510,10506
10200,0131,0000,202511,8910
10200,0132,0022,202501,2835
10200,0132,0022,202502,2489
10200,0132,0022,202503,3349
10200,0132,0022,202504,1663
10200,0132,0022,202505,1185
10200,0132,0022,202506,737
10200,0132,0022,202507,465
10200,0132,0022,202508,314
10200,0132,0022,202509,291
10200,0132,0022,202510,326
10200,0132,0022,202511,735
10200,0132,0027,202501,2329
10200,0132,0027,202502,1687
10200,0132,0027,202503,2275
10200,0132,0027,202504,1262
10200,0132,0027,202505,587
10200,0132,0027,202506,35
10200,0132,0027,202511,292
10200,0135,0002,202501,153
10200,0135,0002,202502,201
10200,0135,0002,202503,189
10200,0135,0002,202504,142
10200,0135,0002,202505,235
10200,0135,0002,202506,152
10200,0135,0002,202507,175
10200,0135,0002,202508,140
10200,0135,0002,202509,117
10200,0135,0002,202510,129
10200,0135,0002,202511,221
10200,0135,0019,202501,141571
10200,0135,0019,202502,130030
10200,0135,0019,202503,159729
10200,0135,0019,202504,59850
10200,0135,0019,202505,23136
10200,0135,0019,202506,15670
10200,0135,0019,202507,24607
10200,0135,0019,202508,66536
10200,0135,0019,202509,66161
10200,0135,0019,202510,38356
10200,0135,0019,202511,8534
10200,0135,0023,202501,6082
10200,0135,0023,202502,3750
10200,0135,0023,202503,6259
10200,0135,0023,202504,3444
10200,0135,0023,202505,3343
10200,0135,0023,202506,2386
10200,0135,0023,202507,2036
10200,0135,0023,202508,1919
10200,0135,0023,202509,1610
10200,0135,0023,202510,1597
10200,0135,0023,202511,1656
10200,0135,0027,202501,12
10200,0135,0029,202501,3741
10200,0135,0029,202502,2961
10200,0135,0029,202503,4149
10200,0135,0029,202504,1946
10200,0135,0029,202505,1208
10200,0135,0029,202506,456
10200,0135,0029,202507,128
10200,0135,0029,202508,93
10200,0135,0029,202509,93
10200,0135,0029,202510,58
10200,0135,0029,202511,501
10200,0135,0031,202501,800
10200,0135,0031,202502,873
10200,0135,0031,202503,1309
10200,0135,0031,202504,448
10200,0135,0031,202505,70
10200,0135,0031,202506,58
10200,0135,0031,202507,58
10200,0135,0031,202508,47
10200,0135,0031,202509,47
10200,0135,0031,202510,47
10200,0135,0031,202511,70
10200,0135,0062,202501,4647
10200,0135,0062,202502,3562
10200,0135,0062,202503,5340
10200,0135,0062,202504,2913
10200,0135,0062,202505,2393
10200,0135,0062,202506,1836
10200,0135,0062,202507,2060
10200,0135,0062,202508,1815
10200,0135,0062,202509,1411
10200,0135,0062,202510,1889
10200,0135,0062,202511,2437
10200,0135,0066,202501,2447
10200,0135,0066,202502,1864
10200,0135,0066,202503,3418
10200,0135,0066,202504,1310
10200,0135,0066,202505,798
10200,0135,0066,202506,491
10200,0135,0066,202507,233
10200,0135,0066,202508,186
10200,0135,0066,202509,117
10200,0135,0066,202510,129
10200,0135,0066,202511,711
10200,0135,0072,202501,2141
10200,0135,0072,202502,2654
10200,0135,0072,202503,4833
10200,0135,0072,202504,1463
10200,0135,0072,202505,493
10200,0135,0072,202506,222
10200,0135,0072,202507,210
10200,0135,0072,202508,174
10200,0135,0072,202509,140
10200,0135,0072,202510,152
10200,0135,0072,202511,163
10200,0135,0090,202501,4752
10200,0135,0090,202502,4210
10200,0135,0090,202503,6024
10200,0135,0090,202504,2749
10200,0135,0090,202505,1982
10200,0135,0090,202506,385
10200,0135,0090,202507,175
10200,0135,0090,202508,35
10200,0135,0090,202509,70
10200,0135,0090,202510,35
10200,0135,0090,202511,817
10200,0135,0095,202501,2670
10200,0135,0095,202502,2182
10200,0135,0095,202503,2641
10200,0135,0095,202504,826
10200,0135,0095,202505,282
10200,0135,0095,202506,140
10200,0135,0095,202507,151
10200,0135,0095,202508,81
10200,0135,0095,202509,93
10200,0135,0095,202510,93
10200,0135,0095,202511,327
10200,0135,0096,202501,2000
10200,0135,0096,202502,2029
10200,0135,0096,202503,2817
10200,0135,0096,202504,1274
10200,0135,0096,202505,786
10200,0135,0096,202506,58
10200,0135,0096,202507,23
10200,0135,0096,202509,12
10200,0135,0096,202510,12
10200,0135,0096,202511,292
10200,0135,0099,202501,1376
10200,0135,0099,202502,1215
10200,0135,0099,202503,1945
10200,0135,0099,202504,578
10200,0135,0099,202505,469
10200,0135,0099,202506,129
10200,0135,0099,202507,35
10200,0135,0099,202508,35
10200,0135,0099,202509,35
10200,0135,0099,202510,35
10200,0135,0099,202511,117
10200,0135,0101,202501,1882
10200,0135,0101,202502,2040
10200,0135,0101,202503,2924
10200,0135,0101,202504,1356
10200,0135,0101,202505,704
10200,0135,0101,202506,304
10200,0135,0101,202507,151
10200,0135,0101,202508,93
10200,0135,0101,202509,47
10200,0135,0101,202510,82
10200,0135,0101,202511,163
10200,0135,0110,202501,2552
10200,0135,0110,202502,2477
10200,0135,0110,202503,3454
10200,0135,0110,202504,1627
10200,0135,0110,202505,787
10200,0135,0110,202506,257
10200,0135,0110,202507,93
10200,0135,0110,202510,12
10200,0135,0110,202511,47
10200,0135,0135,202501,5341
10200,0135,0135,202502,4813
10200,0135,0135,202503,6660
10200,0135,0135,202504,3786
10200,0135,0135,202505,2064
10200,0135,0135,202506,503
10200,0135,0135,202507,536
10200,0135,0135,202508,524
10200,0135,0135,202509,350
10200,0135,0135,202510,490
10200,0135,0135,202511,700
10200,0135,0140,202501,1000
10200,0135,0140,202502,1026
10200,0135,0140,202503,1296
10200,0135,0140,202504,602
10200,0135,0140,202505,516
10200,0135,0140,202506,293
10200,0135,0140,202507,232
10200,0135,0140,202508,163
10200,0135,0140,202509,164
10200,0135,0140,202510,128
10200,0135,0140,202511,304
10200,0135,0142,202501,1682
10200,0135,0142,202502,2029
10200,0135,0142,202503,2369
10200,0135,0142,202504,1050
10200,0135,0142,202505,293
10200,0135,0142,202506,199
10200,0135,0142,202507,70
10200,0135,0142,202508,93
10200,0135,0142,202509,35
10200,0135,0142,202510,82
10200,0135,0142,202511,490
10200,0135,0147,202501,5294
10200,0135,0147,202502,5214
10200,0135,0147,202503,6071
10200,0135,0147,202504,4364
10200,0135,0147,202505,3613
10200,0135,0147,202506,2024
10200,0135,0147,202507,2187
10200,0135,0147,202508,1919
10200,0135,0147,202509,385
10200,0135,0147,202510,93
10200,0135,0147,202511,1422
10200,0135,0152,202501,1670
10200,0135,0152,202502,3078
10200,0135,0152,202503,4928
10200,0135,0152,202504,1922
10200,0135,0152,202505,282
10200,0135,0152,202506,175
10200,0135,0152,202507,12
10200,0135,0152,202508,47
10200,0135,0152,202509,58
10200,0135,0152,202510,58
10200,0135,0152,202511,466
10200,0135,0153,202501,28875
10200,0135,0153,202502,26196
10200,0135,0153,202503,28088
10200,0135,0153,202504,24609
10200,0135,0153,202505,27276
10200,0135,0153,202506,24015
10200,0135,0153,202507,27587
10200,0135,0153,202508,23669
10200,0135,0153,202509,23119
10200,0135,0153,202510,24286
10200,0135,0153,202511,23593
10200,0135,0154,202501,5965
10200,0135,0154,202502,4046
10200,0135,0154,202503,5316
10200,0135,0154,202504,3067
10200,0135,0154,202505,2077
10200,0135,0154,202506,1076
10200,0135,0154,202507,652
10200,0135,0154,202508,372
10200,0135,0154,202509,292
10200,0135,0154,202510,397
10200,0135,0154,202511,734
10200,0135,0156,202501,2235
10200,0135,0156,202502,2123
10200,0135,0156,202503,2582
10200,0135,0156,202504,896
10200,0135,0156,202505,258
10200,0135,0156,202506,164
10200,0135,0156,202507,151
10200,0135,0156,202508,81
10200,0135,0156,202509,82
10200,0135,0156,202510,128
10200,0135,0156,202511,233
10200,0138,0010,202501,2506
10200,0138,0010,202502,2324
10200,0138,0010,202503,2794
10200,0138,0010,202504,908
10200,0138,0010,202505,504
10200,0138,0010,202506,105
10200,0138,0010,202507,105
10200,0138,0010,202508,70
10200,0138,0010,202509,47
10200,0138,0010,202510,93
10200,0138,0010,202511,163
10200,0138,0011,202501,33727
10200,0138,0011,202502,28331
10200,0138,0011,202503,38017
10200,0138,0011,202504,22798
10200,0138,0011,202505,18981
10200,0138,0011,202506,9860
10200,0138,0011,202507,7435
10200,0138,0011,202508,5036
10200,0138,0011,202509,5609
10200,0138,0011,202510,4956
10200,0138,0011,202511,7872
10200,0138,0018,202501,1965
10200,0138,0018,202502,2312
10200,0138,0018,202503,3124
10200,0138,0018,202504,1427
10200,0138,0018,202505,868
10200,0138,0018,202506,410
10200,0138,0018,202507,302
10200,0138,0018,202508,326
10200,0138,0018,202509,175
10200,0138,0018,202510,164
10200,0138,0018,202511,455
10200,0138,0025,202501,3035
10200,0138,0025,202502,3350
10200,0138,0025,202503,4244
10200,0138,0025,202504,2182
10200,0138,0025,202505,1584
10200,0138,0025,202506,327
10200,0138,0025,202507,47
10200,0138,0025,202508,47
10200,0138,0025,202509,58
10200,0138,0025,202510,35
10200,0138,0025,202511,338
10200,0139,0009,202501,82
10200,0139,0009,202502,94
10200,0139,0009,202503,94
10200,0139,0009,202504,94
10200,0139,0009,202505,106
10200,0139,0009,202506,58
10200,0139,0009,202507,81
10200,0139,0009,202508,81
10200,0139,0009,202509,93
10200,0139,0009,202510,70
10200,0139,0009,202511,82
10200,0139,0012,202501,3894
10200,0139,0012,202502,3633
10200,0139,0012,202503,5127
10200,0139,0012,202504,3916
10200,0139,0012,202505,3425
10200,0139,0012,202506,2339
10200,0139,0012,202507,2478
10200,0139,0012,202508,1709
10200,0139,0012,202509,1586
10200,0139,0012,202510,2052
10200,0139,0012,202511,2216
10200,0142,0012,202501,2811
10200,0142,0012,202502,2961
10200,0142,0012,202503,3690
10200,0142,0012,202504,2005
10200,0142,0012,202505,856
10200,0142,0012,202506,433
10200,0142,0012,202507,233
10200,0142,0012,202508,175
10200,0142,0012,202509,94
10200,0142,0012,202510,152
10200,0142,0012,202511,374
10200,0142,0017,202501,1306
10200,0142,0017,202502,1439
10200,0142,0017,202503,1898
10200,0142,0017,202504,955
10200,0142,0017,202505,328
10200,0142,0017,202506,129
10200,0142,0017,202507,58
10200,0142,0017,202508,47
10200,0142,0017,202509,35
10200,0142,0017,202510,47
10200,0142,0017,202511,93
10200,0143,0001,202501,12322
10200,0143,0001,202502,11977
10200,0143,0001,202503,7575
10200,0143,0001,202504,3032
10200,0143,0001,202505,1612
10200,0143,0001,202506,630
10200,0143,0001,202507,374
10200,0143,0001,202508,362
10200,0143,0001,202509,338
10200,0143,0001,202510,665
10200,0143,0001,202511,2555
10200,0143,0006,202501,3412
10200,0143,0006,202502,3656
10200,0143,0006,202503,3831
10200,0143,0006,202504,1793
10200,0143,0006,202505,1302
10200,0143,0006,202506,690
10200,0143,0006,202507,186
10200,0143,0006,202508,81
10200,0143,0006,202509,70
10200,0143,0006,202510,82
10200,0143,0006,202511,863
10200,0144,0001,202501,1165
10200,0144,0001,202502,1168
10200,0144,0001,202503,1886
10200,0144,0001,202504,1145
10200,0144,0001,202505,305
10200,0144,0001,202506,176
10200,0144,0001,202507,187
10200,0144,0001,202508,163
10200,0144,0001,202509,210
10200,0144,0001,202510,117
10200,0144,0001,202511,198
10200,0144,0022,202501,4845
10200,0144,0022,202502,5638
10200,0144,0022,202503,7297
10200,0144,0022,202504,3244
10200,0144,0022,202505,1020
10200,0144,0022,202506,350
10200,0144,0022,202507,152
10200,0144,0022,202508,163
10200,0144,0022,202509,58
10200,0144,0022,202510,105
10200,0144,0022,202511,536
10200,0145,0013,202501,1259
10200,0145,0013,202502,1086
10200,0145,0013,202503,1379
10200,0145,0013,202504,897
10200,0145,0013,202505,634
10200,0145,0013,202506,328
10200,0145,0013,202507,210
10200,0145,0013,202508,163
10200,0145,0013,202509,151
10200,0145,0013,202510,105
10200,0145,0013,202511,117
10200,0145,0017,202501,2329
10200,0145,0017,202502,2394
10200,0145,0017,202503,2664
10200,0145,0017,202504,1498
10200,0145,0017,202505,903
10200,0145,0017,202506,327
10200,0145,0017,202507,163
10200,0145,0017,202508,81
10200,0145,0017,202509,82
10200,0145,0017,202510,70
10200,0145,0017,202511,315
10200,0146,0001,202501,28973
10200,0146,0001,202502,33693
10200,0146,0001,202503,23858
10200,0146,0001,202504,15320
10200,0146,0001,202511,8785
10200,0147,0001,202501,7494
10200,0147,0001,202502,14685
10200,0147,0001,202503,10043
10200,0147,0001,202504,10214
10200,0147,0001,202505,8212
10200,0147,0001,202506,6129
10200,0147,0001,202507,4724
10200,0147,0001,202508,4233
10200,0147,0001,202509,4000
10200,0147,0001,202510,4571
10200,0147,0001,202511,5178
10200,0147,0004,202501,6117
10200,0147,0004,202502,6393
10200,0147,0004,202503,5635
10200,0147,0004,202504,5131
10200,0147,0004,202505,6593
10200,0147,0004,202506,4983
10200,0147,0004,202507,6236
10200,0147,0004,202508,7897
10200,0147,0004,202509,8641
10200,0147,0004,202510,6110
10200,0147,0004,202511,5003
10200,0147,0006,202501,5106
10200,0147,0006,202502,5614
10200,0147,0006,202503,5163
10200,0147,0006,202504,4859
10200,0147,0006,202505,4258
10200,0147,0006,202506,4645
10200,0147,0006,202507,3107
10200,0147,0006,202508,2454
10200,0147,0006,202509,2612
10200,0147,0006,202510,2122
10200,0147,0006,202511,2391
10200,0147,0012,202501,3259
10200,0147,0012,202502,3397
10200,0147,0012,202503,3773
10200,0147,0012,202504,1675
10200,0147,0012,202505,809
10200,0147,0012,202506,386
10200,0147,0012,202507,186
10200,0147,0012,202508,128
10200,0147,0012,202509,128
10200,0147,0012,202510,140
10200,0147,0012,202511,548
10200,0147,0014,202501,200
10200,0147,0014,202502,153
10200,0147,0014,202503,71
10200,0147,0014,202504,94
10200,0147,0014,202505,47
10200,0147,0014,202506,58
10200,0147,0014,202507,12
10200,0147,0014,202508,12
10200,0147,0017,202501,15281
10200,0147,0017,202502,14531
10200,0147,0017,202503,15089
10200,0147,0017,202504,15061
10200,0147,0017,202505,17116
10200,0147,0017,202506,14574
10200,0147,0017,202507,15254
10200,0147,0017,202508,14700
10200,0147,0017,202509,14786
10200,0147,0017,202510,13783
10200,0147,0017,202511,14298
10200,0150,0012,202501,835
10200,0150,0012,202502,2241
10200,0150,0012,202503,2440
10200,0150,0012,202504,1227
10200,0150,0012,202505,1173
10200,0150,0012,202506,1018
10200,0150,0012,202507,1129
10200,0150,0012,202508,977
10200,0150,0012,202509,1002
10200,0150,0012,202510,1026
10200,0150,0012,202511,1061
10200,0150,0022,202501,1882
10200,0150,0022,202502,2819
10200,0150,0022,202503,2959
10200,0150,0022,202504,1604
10200,0150,0022,202505,188
10200,0150,0022,202506,24
10200,0150,0022,202507,23
10200,0150,0022,202508,23
10200,0150,0022,202509,12
10200,0150,0022,202510,12
10200,0150,0022,202511,280
10200,0150,0032,202501,4859
10200,0150,0032,202502,5449
10200,0150,0032,202503,5717
10200,0150,0032,202504,2559
10200,0150,0032,202505,1746
10200,0150,0032,202506,2035
10200,0150,0032,202507,1466
10200,0150,0032,202508,1256
10200,0150,0032,202509,1213
10200,0150,0032,202510,1119
10200,0150,0032,202511,1481
10200,0152,0010,202504,35
10200,0152,0010,202505,70
10200,0152,0010,202506,23
10200,0152,0010,202507,23
10200,0152,0010,202508,12
10200,0152,0012,202501,8164
10200,0152,0012,202502,8468
10200,0152,0012,202503,10315
10200,0152,0012,202504,4776
10200,0152,0012,202505,2558
10200,0152,0012,202506,1193
10200,0152,0012,202507,1048
10200,0152,0012,202508,616
10200,0152,0012,202509,525
10200,0152,0012,202510,502
10200,0152,0012,202511,1154
10200,0152,0024,202501,1859
10200,0152,0024,202502,2359
10200,0152,0024,202503,3171
10200,0152,0024,202504,1309
10200,0152,0024,202505,293
10200,0152,0024,202506,199
10200,0152,0024,202507,140
10200,0152,0024,202508,93
10200,0152,0024,202509,70
10200,0152,0024,202510,59
10200,0152,0024,202511,175
10200,0152,0038,202501,2976
10200,0152,0038,202502,2713
10200,0152,0038,202503,3572
10200,0152,0038,202504,2194
10200,0152,0038,202505,645
10200,0152,0038,202506,690
10200,0152,0038,202507,524
10200,0152,0038,202508,477
10200,0152,0038,202509,396
10200,0152,0038,202510,525
10200,0152,0038,202511,630
10200,0153,0006,202501,4070
10200,0153,0006,202502,3232
10200,0153,0006,202503,4079
10200,0153,0006,202504,2642
10200,0153,0006,202505,1971
10200,0153,0006,202506,667
10200,0153,0006,202507,268
10200,0153,0006,202508,140
10200,0153,0006,202509,117
10200,0153,0006,202510,105
10200,0153,0006,202511,910
10200,0153,0007,202501,3459
10200,0153,0007,202502,2725
10200,0153,0007,202503,3713
10200,0153,0007,202504,1651
10200,0153,0007,202505,1068
10200,0153,0007,202506,374
10200,0153,0007,202507,291
10200,0153,0007,202508,244
10200,0153,0007,202509,233
10200,0153,0007,202510,268
10200,0153,0007,202511,816
10200,0153,0009,202501,1388
10200,0153,0009,202502,1215
10200,0153,0009,202503,1969
10200,0153,0009,202504,932
10200,0153,0009,202505,517
10200,0153,0009,202506,70
10200,0153,0009,202507,151
10200,0153,0009,202508,47
10200,0153,0009,202509,47
10200,0153,0009,202510,47
10200,0153,0009,202511,70
10200,0153,0023,202501,2365
10200,0153,0023,202502,2324
10200,0153,0023,202503,3525
10200,0153,0023,202504,1109
10200,0153,0023,202505,821
10200,0153,0023,202506,468
10200,0153,0023,202507,303
10200,0153,0023,202508,174
10200,0153,0023,202509,210
10200,0153,0023,202510,1457
10200,0153,0023,202511,1726
10200,0153,0036,202501,5073
10200,0153,0036,202502,5072
10200,0153,0036,202503,6624
10200,0153,0036,202504,3809
10200,0153,0036,202505,2969
10200,0153,0036,202506,1533
10200,0153,0036,202507,885
10200,0153,0036,202508,768
10200,0153,0036,202509,630
10200,0153,0036,202510,629
10200,0153,0036,202511,945
10200,0153,0038,202501,2141
10200,0153,0038,202502,1816
10200,0153,0038,202503,2912
10200,0153,0038,202504,1852
10200,0153,0038,202505,1584
10200,0153,0038,202506,924
10200,0153,0038,202507,1035
10200,0153,0038,202508,721
10200,0153,0038,202509,817
10200,0153,0038,202510,793
10200,0153,0038,202511,1225
10200,0153,0042,202501,5635
10200,0153,0042,202502,4600
10200,0153,0042,202503,6956
10200,0153,0042,202504,3739
10200,0153,0042,202505,2276
10200,0153,0042,202506,655
10200,0153,0042,202507,442
10200,0153,0042,202508,268
10200,0153,0042,202509,187
10200,0153,0042,202510,396
10200,0153,0042,202511,1097
10200,0153,0045,202506,339
10200,0155,0009,202501,3435
10200,0155,0009,202502,3374
10200,0155,0009,202503,4327
10200,0155,0009,202504,2901
10200,0155,0009,202505,2886
10200,0155,0009,202506,2023
10200,0155,0009,202507,1757
10200,0155,0009,202508,1570
10200,0155,0009,202509,1411
10200,0155,0009,202510,1458
10200,0155,0009,202511,1703
10200,0156,0001,202501,10423
10200,0156,0001,202502,2571
10200,0156,0001,202503,589
10200,0156,0001,202504,9152
10200,0156,0001,202505,11332
10200,0156,0001,202506,7357
10200,0156,0001,202507,7993
10200,0156,0001,202508,6373
10200,0156,0001,202509,2717
10200,0156,0001,202510,7906
10200,0156,0001,202511,7802
10200,0158,0023,202501,176
10200,0158,0023,202502,342
10200,0158,0023,202503,754
10200,0158,0023,202504,318
10200,0158,0023,202505,528
10200,0158,0023,202506,901
10200,0158,0023,202507,838
10200,0158,0023,202508,837
10200,0158,0023,202509,886
10200,0158,0023,202510,723
10200,0158,0023,202511,1108
10200,0158,0026,202501,1871
10200,0158,0026,202502,1887
10200,0158,0026,202503,3030
10200,0158,0026,202504,1510
10200,0158,0026,202505,1959
10200,0158,0026,202506,1473
10200,0158,0026,202507,1454
10200,0158,0026,202508,1512
10200,0158,0026,202509,1714
10200,0158,0026,202510,1446
10200,0158,0026,202511,1948
10200,0158,0027,202501,1318
10200,0158,0027,202502,1522
10200,0158,0027,202503,2180
10200,0158,0027,202504,1309
10200,0158,0027,202505,985
10200,0158,0027,202506,713
10200,0158,0027,202507,652
10200,0158,0027,202508,569
10200,0158,0027,202509,455
10200,0158,0027,202510,443
10200,0158,0027,202511,677
10200,0158,0034,202501,2341
10200,0158,0034,202502,2347
10200,0158,0034,202503,3219
10200,0158,0034,202504,1852
10200,0158,0034,202505,1466
10200,0158,0034,202506,807
10200,0158,0034,202507,477
10200,0158,0034,202508,290
10200,0158,0034,202509,256
10200,0158,0034,202510,303
10200,0158,0034,202511,770
10200,0159,0002,202501,1424
10200,0159,0002,202502,1887
10200,0159,0002,202503,2016
10200,0159,0002,202504,684
10200,0159,0002,202505,376
10200,0159,0002,202506,281
10200,0159,0002,202507,233
10200,0159,0002,202508,163
10200,0159,0002,202509,93
10200,0159,0002,202510,128
10200,0159,0002,202511,292
10200,0159,0003,202501,1412
10200,0159,0003,202502,2041
10200,0159,0003,202503,2358
10200,0159,0003,202504,1061
10200,0159,0003,202505,188
10200,0159,0003,202506,129
10200,0159,0003,202507,81
10200,0159,0003,202508,58
10200,0159,0003,202509,58
10200,0159,0003,202510,152
10200,0159,0003,202511,501
10200,0159,0006,202501,2071
10200,0159,0006,202502,2690
10200,0159,0006,202503,3572
10200,0159,0006,202504,2205
10200,0159,0006,202505,1760
10200,0159,0006,202506,1591
10200,0159,0006,202507,1257
10200,0159,0006,202508,1733
10200,0159,0006,202509,1154
10200,0159,0006,202510,1084
10200,0159,0006,202511,1423
10200,0159,0015,202501,3941
10200,0159,0015,202502,4364
10200,0159,0015,202503,4256
10200,0159,0015,202504,2441
10200,0159,0015,202505,1431
10200,0159,0015,202506,632
10200,0159,0015,202507,337
10200,0159,0015,202508,198
10200,0159,0015,202509,117
10200,0159,0015,202510,163
10200,0159,0015,202511,560
10200,0159,0019,202501,6000
10200,0159,0019,202502,6416
10200,0159,0019,202503,7026
10200,0159,0019,202504,4552
10200,0159,0019,202505,4152
10200,0159,0019,202506,2467
10200,0159,0019,202507,1130
10200,0159,0019,202508,663
10200,0159,0019,202509,362
10200,0159,0019,202510,734
10200,0159,0019,202511,2659
10200,0159,0022,202501,1718
10200,0159,0022,202502,2088
10200,0159,0022,202503,2134
10200,0159,0022,202504,1132
10200,0159,0022,202505,258
10200,0159,0022,202506,117
10200,0159,0022,202507,70
10200,0159,0022,202508,47
10200,0159,0022,202509,23
10200,0159,0022,202510,35
10200,0159,0022,202511,105
10200,0159,0034,202501,2517
10200,0159,0034,202502,2147
10200,0159,0034,202503,2558
10200,0159,0034,202504,1250
10200,0159,0034,202505,1126
10200,0159,0034,202506,772
10200,0159,0034,202507,872
10200,0159,0034,202508,791
10200,0159,0034,202509,735
10200,0159,0034,202510,711
10200,0159,0034,202511,922
10200,0160,0028,202501,3600
10200,0160,0028,202502,4529
10200,0160,0028,202503,4350
10200,0160,0028,202504,2713
10200,0160,0028,202505,1806
10200,0160,0028,202506,737
10200,0160,0028,202507,267
10200,0160,0028,202508,186
10200,0160,0028,202509,222
10200,0160,0028,202510,164
10200,0160,0028,202511,619
10200,0160,0045,202501,5353
10200,0160,0045,202502,6358
10200,0160,0045,202503,6342
10200,0160,0045,202504,3597
10200,0160,0045,202505,1994
10200,0160,0045,202506,830
10200,0160,0045,202507,419
10200,0160,0045,202508,245
10200,0160,0045,202509,199
10200,0160,0045,202510,199
10200,0160,0045,202511,1644
10200,0161,0006,202501,1788
10200,0161,0006,202502,2406
10200,0161,0006,202503,2440
10200,0161,0006,202504,1015
10200,0161,0006,202505,845
10200,0161,0006,202506,386
10200,0161,0006,202507,70
10200,0161,0006,202508,47
10200,0161,0006,202509,59
10200,0161,0006,202510,47
10200,0161,0006,202511,129
10200,0161,0034,202501,3199
10200,0161,0034,202502,4340
10200,0161,0034,202503,3761
10200,0161,0034,202504,2359
10200,0161,0034,202505,2146
10200,0161,0034,202506,1252
10200,0161,0034,202507,488
10200,0161,0034,202508,233
10200,0161,0034,202509,128
10200,0161,0034,202510,349
10200,0161,0034,202511,1563
10200,0162,0001,202501,5094
10200,0162,0001,202502,6133
10200,0162,0001,202503,6672
10200,0162,0001,202504,3173
10200,0162,0001,202505,2206
10200,0162,0001,202506,947
10200,0162,0001,202507,453
10200,0162,0001,202508,152
10200,0162,0001,202509,82
10200,0162,0001,202510,163
10200,0162,0001,202511,1271
10200,0162,0025,202501,1412
10200,0162,0025,202502,2713
10200,0162,0025,202503,2169
10200,0162,0025,202504,1120
10200,0162,0025,202505,575
10200,0162,0025,202506,362
10200,0162,0025,202507,337
10200,0162,0025,202508,175
10200,0162,0025,202509,117
10200,0162,0025,202510,129
10200,0162,0025,202511,513
10200,0162,0032,202501,2364
10200,0162,0032,202502,2701
10200,0162,0032,202503,2440
10200,0162,0032,202504,1404
10200,0162,0032,202505,892
10200,0162,0032,202506,526
10200,0162,0032,202507,244
10200,0162,0032,202508,151
10200,0162,0032,202509,140
10200,0162,0032,202510,140
10200,0162,0032,202511,548
10200,0163,0001,202501,4329
10200,0163,0001,202502,5025
10200,0163,0001,202503,5470
10200,0163,0001,202504,3468
10200,0163,0001,202505,1947
10200,0163,0001,202506,690
10200,0163,0001,202507,210
10200,0163,0001,202508,151
10200,0163,0001,202509,117
10200,0163,0001,202510,291
10200,0163,0001,202511,1260
10200,0163,0002,202501,18611
10200,0163,0002,202502,22233
10200,0163,0002,202503,24332
10200,0163,0002,202504,14366
10200,0163,0002,202505,11180
10200,0163,0002,202506,7030
10200,0163,0002,202507,5573
10200,0163,0002,202508,3153
10200,0163,0002,202509,1878
10200,0163,0002,202510,3462
10200,0163,0002,202511,6613
10200,0163,0005,202501,8611
10200,0163,0005,202502,7726
10200,0163,0005,202503,5882
10200,0163,0005,202504,5449
10200,0163,0005,202505,5795
10200,0163,0005,202506,5441
10200,0163,0005,202507,4526
10200,0163,0005,202508,4815
10200,0163,0005,202509,3778
10200,0163,0005,202510,4699
10200,0163,0005,202511,4921
10200,0163,0006,202501,3282
10200,0163,0006,202502,6664
10200,0163,0006,202503,7191
10200,0163,0006,202504,3716
10200,0163,0006,202505,2404
10200,0163,0006,202506,269
10200,0163,0006,202507,222
10200,0163,0006,202508,127
10200,0163,0006,202509,117
10200,0163,0006,202510,152
10200,0163,0006,202511,1190
10200,0163,0007,202501,3247
10200,0163,0007,202502,4034
10200,0163,0007,202503,4220
10200,0163,0007,202504,2347
10200,0163,0007,202505,1290
10200,0163,0007,202506,386
10200,0163,0007,202507,140
10200,0163,0007,202508,116
10200,0163,0007,202509,82
10200,0163,0007,202510,117
10200,0163,0007,202511,1423
10200,0163,0014,202501,1729
10200,0163,0014,202502,1793
10200,0163,0014,202503,2087
10200,0163,0014,202504,1014
10200,0163,0014,202505,469
10200,0163,0014,202506,152
10200,0163,0014,202507,105
10200,0163,0014,202508,70
10200,0163,0014,202509,70
10200,0163,0014,202510,117
10200,0163,0014,202511,571
10200,0163,0030,202501,4106
10200,0163,0030,202502,8752
10200,0163,0030,202503,8853
10200,0163,0030,202504,4824
10200,0163,0030,202505,2487
10200,0163,0030,202506,608
10200,0163,0030,202507,163
10200,0163,0030,202508,326
10200,0163,0030,202509,198
10200,0163,0030,202510,210
10200,0163,0030,202511,1412
10200,0164,0005,202501,7776
10200,0164,0005,202502,8622
10200,0164,0005,202503,8110
10200,0164,0005,202504,5756
10200,0164,0005,202505,5455
10200,0164,0005,202506,3708
10200,0164,0005,202507,4142
10200,0164,0005,202508,3989
10200,0164,0005,202509,3207
10200,0164,0005,202510,3335
10200,0164,0005,202511,4257
10200,0164,0009,202501,2306
10200,0164,0009,202502,2289
10200,0164,0009,202503,2040
10200,0164,0009,202504,943
10200,0164,0009,202505,376
10200,0164,0009,202506,433
10200,0164,0009,202507,140
10200,0164,0009,202508,116
10200,0164,0009,202509,58
10200,0164,0009,202510,46
10200,0164,0009,202511,350
10200,0164,0010,202501,1188
10200,0164,0010,202502,1628
10200,0164,0010,202503,1733
10200,0164,0010,202504,778
10200,0164,0010,202505,504
10200,0164,0010,202506,316
10200,0164,0010,202507,221
10200,0164,0010,202508,93
10200,0164,0010,202509,47
10200,0164,0010,202510,93
10200,0164,0010,202511,303
10200,0164,0011,202501,4541
10200,0164,0011,202502,5827
10200,0164,0011,202503,5717
10200,0164,0011,202504,2772
10200,0164,0011,202505,1290
10200,0164,0011,202506,351
10200,0164,0011,202507,349
10200,0164,0011,202508,233
10200,0164,0011,202509,58
10200,0164,0011,202510,175
10200,0164,0011,202511,816
10200,0164,0013,202501,24
10200,0164,0013,202502,24
10200,0164,0013,202503,24
10200,0164,0013,202504,24
10200,0164,0013,202505,12
10200,0164,0013,202506,12
10200,0164,0013,202507,35
10200,0164,0013,202508,12
10200,0164,0013,202509,12
10200,0164,0013,202510,12
10200,0164,0013,202511,23
10200,0164,0034,202501,976
10200,0164,0034,202502,1345
10200,0164,0034,202503,1556
10200,0164,0034,202504,660
10200,0164,0034,202505,305
10200,0164,0034,202506,105
10200,0164,0034,202507,47
10200,0164,0034,202508,23
10200,0164,0034,202510,23
10200,0164,0034,202511,327
10200,0165,0001,202501,4988
10200,0165,0001,202502,5686
10200,0165,0001,202503,5317
10200,0165,0001,202504,4034
10200,0165,0001,202505,2615
10200,0165,0001,202506,1380
10200,0165,0001,202507,384
10200,0165,0001,202508,244
10200,0165,0001,202509,163
10200,0165,0001,202510,268
10200,0165,0001,202511,1690
10200,0165,0009,202501,11940
10200,0165,0009,202502,11181
10200,0165,0009,202503,9713
10200,0165,0009,202504,8433
10200,0165,0009,202505,8927
10200,0165,0009,202506,8491
10200,0165,0009,202507,8122
10200,0165,0009,202508,7187
10200,0165,0009,202509,6099
10200,0165,0009,202510,7800
10200,0165,0009,202511,7534
10200,0165,0012,202501,3859
10200,0165,0012,202502,4470
10200,0165,0012,202503,4515
10200,0165,0012,202504,2666
10200,0165,0012,202505,1971
10200,0165,0012,202506,795
10200,0165,0012,202507,256
10200,0165,0012,202508,209
10200,0165,0012,202509,140
10200,0165,0012,202510,140
10200,0165,0012,202511,1096
10200,0166,0002,202501,19975
10200,0166,0002,202502,22552
10200,0166,0002,202503,19003
10200,0166,0002,202504,17927
10200,0166,0002,202505,13655
10200,0166,0002,202506,11462
10200,0166,0002,202507,6388
10200,0166,0002,202508,5257
10200,0166,0002,202509,2939
10200,0166,0002,202510,5679
10200,0166,0002,202511,9330
10200,0166,0006,202501,2306
10200,0166,0006,202502,2005
10200,0166,0006,202503,2240
10200,0166,0006,202504,660
10200,0166,0006,202505,528
10200,0166,0006,202506,374
10200,0166,0006,202507,337
10200,0166,0006,202508,244
10200,0166,0006,202509,105
10200,0166,0006,202510,175
10200,0166,0006,202511,466
10200,0166,0009,202501,2153
10200,0166,0009,202502,2088
10200,0166,0009,202503,2204
10200,0166,0009,202504,1226
10200,0166,0009,202505,950
10200,0166,0009,202506,562
10200,0166,0009,202507,256
10200,0166,0009,202508,104
10200,0166,0009,202509,47
10200,0166,0009,202510,152
10200,0166,0009,202511,385
10200,0167,0018,202501,2153
10200,0167,0018,202502,2796
10200,0167,0018,202503,3301
10200,0167,0018,202504,1239
10200,0167,0018,202505,481
10200,0167,0018,202506,280
10200,0167,0018,202507,81
10200,0167,0018,202508,35
10200,0167,0018,202509,12
10200,0167,0018,202510,12
10200,0167,0018,202511,187
10200,0168,0002,202501,15117
10200,0168,0002,202502,15227
10200,0168,0002,202503,14452
10200,0168,0002,202504,12561
10200,0168,0002,202505,11520
10200,0168,0002,202506,8600
10200,0168,0002,202507,9797
10200,0168,0002,202508,8013
10200,0168,0002,202509,6519
10200,0168,0002,202510,7707
10200,0168,0002,202511,9236
10200,0168,0010,202501,2494
10200,0168,0010,202502,3220
10200,0168,0010,202503,2865
10200,0168,0010,202504,1557
10200,0168,0010,202505,751
10200,0168,0010,202506,164
10200,0168,0010,202507,128
10200,0168,0010,202508,47
10200,0168,0010,202509,35
10200,0168,0010,202510,93
10200,0168,0010,202511,991
10200,0168,0011,202501,5082
10200,0168,0011,202502,7443
10200,0168,0011,202503,6672
10200,0168,0011,202504,4376
10200,0168,0011,202505,3320
10200,0168,0011,202506,3485
10200,0168,0011,202507,3653
10200,0168,0011,202508,2954
10200,0168,0011,202509,3009
10200,0168,0011,202510,2950
10200,0168,0011,202511,3604
10200,0169,0003,202501,46232
10200,0169,0003,202502,21891
10200,0169,0003,202503,19380
10200,0169,0003,202504,16783
10200,0169,0003,202505,16975
10200,0169,0003,202506,13731
10200,0169,0003,202507,17522
10200,0169,0003,202508,9246
10200,0169,0003,202509,4245
10200,0169,0003,202510,14191
10200,0169,0003,202511,14239
10200,0169,0005,202501,4141
10200,0169,0005,202502,5592
10200,0169,0005,202503,5269
10200,0169,0005,202504,3786
10200,0169,0005,202505,4681
10200,0169,0005,202506,1287
10200,0169,0005,202507,605
10200,0169,0005,202508,349
10200,0169,0005,202509,245
10200,0169,0005,202510,233
10200,0169,0005,202511,1306
10200,0169,0029,202501,2706
10200,0169,0029,202502,3208
10200,0169,0029,202503,3030
10200,0169,0029,202504,1958
10200,0169,0029,202505,1267
10200,0169,0029,202506,550
10200,0169,0029,202507,175
10200,0169,0029,202508,47
10200,0169,0029,202509,35
10200,0169,0029,202510,47
10200,0169,0029,202511,781
10200,0169,0031,202501,1823
10200,0169,0031,202502,1816
10200,0169,0031,202503,2311
10200,0169,0031,202504,1073
10200,0169,0031,202505,352
10200,0169,0031,202506,175
10200,0169,0031,202507,116
10200,0169,0031,202508,47
10200,0169,0031,202509,47
10200,0169,0031,202510,117
10200,0169,0031,202511,443
10200,0170,0002,202501,13187
10200,0170,0002,202502,14154
10200,0170,0002,202503,14972
10200,0170,0002,202504,9483
10200,0170,0002,202505,4258
10200,0170,0002,202506,1637
10200,0170,0002,202507,1384
10200,0170,0002,202508,1093
10200,0170,0002,202509,932
10200,0170,0002,202510,1038
10200,0170,0002,202511,1655
10200,0170,0019,202501,4106
10200,0170,0019,202502,4883
10200,0170,0019,202503,4774
10200,0170,0019,202504,2689
10200,0170,0019,202505,1854
10200,0170,0019,202506,994
10200,0170,0019,202507,384
10200,0170,0019,202508,221
10200,0170,0019,202509,175
10200,0170,0019,202510,280
10200,0170,0019,202511,1399
10200,0171,0021,202501,3647
10200,0171,0021,202502,4223
10200,0171,0021,202503,4550
10200,0171,0021,202504,2064
10200,0171,0021,202505,1243
10200,0171,0021,202506,480
10200,0171,0021,202507,279
10200,0171,0021,202508,186
10200,0171,0021,202509,128
10200,0171,0021,202510,187
10200,0171,0021,202511,572
10200,0171,0025,202501,106
10200,0171,0025,202502,236
10200,0171,0025,202503,389
10200,0171,0025,202504,118
10200,0171,0025,202505,165
10200,0171,0025,202506,128
10200,0171,0025,202507,105
10200,0171,0025,202508,35
10200,0171,0025,202509,24
10200,0171,0025,202510,70
10200,0171,0025,202511,82
10200,0172,0001,202501,2729
10200,0172,0001,202502,2724
10200,0172,0001,202503,3277
10200,0172,0001,202504,1887
10200,0172,0001,202505,1360
10200,0172,0001,202506,608
10200,0172,0001,202507,314
10200,0172,0001,202508,117
10200,0172,0001,202509,256
10200,0172,0001,202510,186
10200,0172,0001,202511,723
10200,0172,0002,202501,929
10200,0172,0002,202502,1156
10200,0172,0002,202503,554
10200,0172,0002,202504,130
10200,0172,0002,202505,94
10200,0172,0002,202511,47
10200,0172,0016,202501,1894
10200,0172,0016,202502,2760
10200,0172,0016,202503,2912
10200,0172,0016,202504,1191
10200,0172,0016,202505,399
10200,0172,0016,202506,211
10200,0172,0016,202507,198
10200,0172,0016,202508,128
10200,0172,0016,202509,117
10200,0172,0016,202510,140
10200,0172,0016,202511,175
10200,0172,0018,202501,2929
10200,0172,0018,202502,4965
10200,0172,0018,202503,4738
10200,0172,0018,202504,2619
10200,0172,0018,202505,1150
10200,0172,0018,202506,725
10200,0172,0018,202507,559
10200,0172,0018,202508,465
10200,0172,0018,202509,222
10200,0172,0018,202510,198
10200,0172,0018,202511,1213
10200,0172,0031,202501,2329
10200,0172,0031,202502,2406
10200,0172,0031,202503,3147
10200,0172,0031,202504,1757
10200,0172,0031,202505,1466
10200,0172,0031,202506,784
10200,0172,0031,202507,221
10200,0172,0031,202508,93
10200,0172,0031,202509,105
10200,0172,0031,202510,140
10200,0172,0031,202511,630
10200,0173,0034,202501,1411
10200,0173,0034,202502,2230
10200,0173,0034,202503,2310
10200,0173,0034,202504,1120
10200,0173,0034,202505,528
10200,0173,0034,202506,281
10200,0173,0034,202507,186
10200,0173,0034,202508,105
10200,0173,0034,202509,70
10200,0173,0034,202510,140
10200,0173,0034,202511,256
10200,0174,0002,202501,24
10200,0174,0002,202502,142
10200,0174,0002,202504,12
10200,0174,0002,202505,35
10200,0174,0002,202506,23
10200,0174,0002,202507,23
10200,0174,0002,202510,23
10200,0174,0004,202501,21881
10200,0174,0004,202502,15522
10200,0174,0004,202503,16975
10200,0174,0004,202504,19815
10200,0174,0004,202505,24577
10200,0174,0004,202506,19556
10200,0174,0004,202507,18442
10200,0174,0004,202508,11653
10200,0174,0004,202509,4979
10200,0174,0004,202510,18213
10200,0174,0004,202511,16408
10200,0174,0007,202501,3624
10200,0174,0007,202502,3479
10200,0174,0007,202503,4126
10200,0174,0007,202504,1935
10200,0174,0007,202505,1091
10200,0174,0007,202506,445
10200,0174,0007,202507,256
10200,0174,0007,202508,174
10200,0174,0007,202509,116
10200,0174,0007,202510,163
10200,0174,0007,202511,1341
10200,0303,0001,202501,82950
10200,0303,0001,202502,65213
10200,0303,0001,202503,115763
10200,0303,0001,202504,57870
10200,0303,0001,202505,8912
10200,0303,0001,202506,341
10200,0303,0001,202507,2603
10200,0303,0001,202508,178
10200,0303,0001,202510,389
10200,0313,0001,202501,21615
10200,0313,0001,202502,1215
10200,0313,0001,202503,19336
10200,0313,0001,202504,11059
10200,0313,0001,202505,13178
10200,0313,0001,202506,2115
10200,0313,0001,202507,34583
10200,0313,0001,202508,11553
10200,0313,0001,202509,34507
10200,0313,0001,202510,75132
10200,0313,0001,202511,18000
10200,0389,0010,202501,9011
10200,0389,0010,202502,8693
10200,0389,0010,202503,12625
10200,0389,0010,202504,7843
10200,0389,0010,202505,3977
10200,0389,0010,202506,1146
10200,0389,0010,202507,850
10200,0457,0001,202501,3587
10200,0457,0001,202502,4942
10200,0457,0001,202503,4845
10200,0457,0001,202504,2525
10200,0457,0001,202505,1232
10200,0457,0001,202506,456
10200,0457,0001,202507,315
10200,0457,0001,202508,233
10200,0457,0001,202509,175
10200,0457,0001,202510,210
10200,0457,0001,202511,374
10200,0471,0000,202501,5141
10200,0471,0000,202502,4860
10200,0471,0000,202503,6507
10200,0471,0000,202504,3633
10200,0471,0000,202505,1397
10200,0471,0000,202506,795
10200,0471,0000,202507,710
10200,0471,0000,202508,907
10200,0471,0000,202509,828
10200,0471,0000,202510,595
10200,0471,0000,202511,1131
10200,0478,0000,202501,1682
10200,0478,0000,202502,2206
10200,0478,0000,202503,2145
10200,0478,0000,202504,1309
10200,0478,0000,202505,551
10200,0478,0000,202506,164
10200,0478,0000,202507,93
10200,0478,0000,202508,58
10200,0478,0000,202509,47
10200,0478,0000,202510,47
10200,0478,0000,202511,140
10200,0500,0001,202501,2130
10200,0500,0001,202502,2926
10200,0500,0001,202503,3182
10200,0500,0001,202504,1509
10200,0500,0001,202505,515
10200,0500,0001,202506,234
10200,0500,0001,202507,151
10200,0500,0001,202508,162
10200,0500,0001,202509,140
10200,0500,0001,202510,128
10200,0500,0001,202511,304
10200,0517,0001,202501,4000
10200,0517,0001,202502,4671
10200,0517,0001,202503,5069
10200,0517,0001,202504,2913
10200,0517,0001,202505,1935
10200,0517,0001,202506,701
10200,0517,0001,202507,419
10200,0517,0001,202508,221
10200,0517,0001,202509,198
10200,0517,0001,202510,175
10200,0517,0001,202511,886
10200,0533,0003,202501,1188
10200,0533,0003,202502,2229
10200,0533,0003,202503,2464
10200,0533,0003,202504,590
10200,0533,0003,202505,328
10200,0533,0003,202506,117
10200,0533,0003,202507,105
10200,0533,0003,202508,35
10200,0533,0003,202509,12
10200,0533,0003,202510,23
10200,0533,0003,202511,70
10200,0548,0000,202501,5506
10200,0548,0000,202502,6133
10200,0548,0000,202503,5788
10200,0548,0000,202504,3031
10200,0548,0000,202505,1420
10200,0548,0000,202506,480
10200,0548,0000,202507,384
10200,0548,0000,202508,326
10200,0548,0000,202509,199
10200,0548,0000,202510,245
10200,0548,0000,202511,700
10200,0627,0001,202501,2164
10200,0627,0001,202502,2654
10200,0627,0001,202503,2511
10200,0627,0001,202504,1593
10200,0627,0001,202505,1162
10200,0627,0001,202506,409
10200,0627,0001,202507,279
10200,0627,0001,202508,175
10200,0627,0001,202509,82
10200,0627,0001,202510,117
10200,0627,0001,202511,432
10200,0627,0011,202501,2881
10200,0627,0011,202502,3621
10200,0627,0011,202503,3761
10200,0627,0011,202504,2830
10200,0627,0011,202505,1361
10200,0627,0011,202506,527
10200,0627,0011,202507,221
10200,0627,0011,202508,186
10200,0627,0011,202509,23
10200,0627,0011,202510,82
10200,0627,0011,202511,432
10200,0627,0015,202501,1870
10200,0627,0015,202502,1875
10200,0627,0015,202503,1473
10200,0627,0015,202504,1144
10200,0627,0015,202505,1021
10200,0627,0015,202506,526
10200,0627,0015,202507,396
10200,0627,0015,202508,361
10200,0627,0015,202509,233
10200,0627,0015,202510,280
10200,0627,0015,202511,409
10200,0627,0019,202501,3564
10200,0627,0019,202502,4659
10200,0627,0019,202503,4927
10200,0627,0019,202504,2807
10200,0627,0019,202505,2042
10200,0627,0019,202506,1228
10200,0627,0019,202507,675
10200,0627,0019,202508,465
10200,0627,0019,202509,198
10200,0627,0019,202510,385
10200,0627,0019,202511,700
10200,0627,0021,202501,2282
10200,0627,0021,202502,2902
10200,0627,0021,202503,3360
10200,0627,0021,202504,1639
10200,0627,0021,202505,751
10200,0627,0021,202506,140
10200,0627,0021,202507,116
10200,0627,0021,202508,128
10200,0627,0021,202509,93
10200,0627,0021,202510,93
10200,0627,0021,202511,292
10200,0630,0003,202501,2953
10200,0630,0003,202502,3268
10200,0630,0003,202503,2935
10200,0630,0003,202504,1486
10200,0630,0003,202505,1032
10200,0630,0003,202506,445
10200,0630,0003,202507,419
10200,0630,0003,202508,476
10200,0630,0003,202509,385
10200,0630,0003,202510,443
10200,0630,0003,202511,560
10200,0630,0004,202501,5140
10200,0630,0004,202502,5803
10200,0630,0004,202503,5600
10200,0630,0004,202504,2996
10200,0630,0004,202505,2216
10200,0630,0004,202506,1006
10200,0630,0004,202507,711
10200,0630,0004,202508,593
10200,0630,0004,202509,548
10200,0630,0004,202510,490
10200,0630,0004,202511,874
10200,0630,0005,202501,2141
10200,0630,0005,202502,3503
10200,0630,0005,202503,3525
10200,0630,0005,202504,2701
10200,0630,0005,202505,2053
10200,0630,0005,202506,901
10200,0630,0005,202507,779
10200,0630,0005,202508,710
10200,0630,0005,202509,454
10200,0630,0005,202510,537
10200,0630,0005,202511,712
10200,0630,0006,202501,188
10200,0630,0006,202502,248
10200,0630,0006,202503,224
10200,0630,0006,202504,236
10200,0630,0006,202505,211
10200,0630,0006,202506,129
10200,0630,0006,202507,151
10200,0630,0006,202508,140
10200,0630,0006,202509,105
10200,0630,0006,202510,140
10200,0630,0006,202511,222
10200,0630,0011,202501,1823
10200,0630,0011,202502,1887
10200,0630,0011,202503,2004
10200,0630,0011,202504,1014
10200,0630,0011,202505,246
10200,0630,0011,202506,246
10200,0630,0011,202507,116
10200,0630,0011,202508,81
10200,0630,0011,202509,12
10200,0630,0011,202510,35
10200,0630,0011,202511,93
10200,0630,0014,202501,4623
10200,0630,0014,202502,4624
10200,0630,0014,202503,5164
10200,0630,0014,202504,2830
10200,0630,0014,202505,1748
10200,0630,0014,202506,1041
10200,0630,0014,202507,721
10200,0630,0014,202508,488
10200,0630,0014,202509,326
10200,0630,0014,202510,607
10200,0630,0014,202511,1621
10200,0630,0015,202501,1576
10200,0630,0015,202502,2147
10200,0630,0015,202503,2063
10200,0630,0015,202504,1003
10200,0630,0015,202505,411
10200,0630,0015,202506,47
10200,0630,0015,202507,23
10200,0630,0015,202508,12
10200,0630,0015,202511,82
10200,0630,0018,202501,283
10200,0630,0018,202502,660
10200,0630,0018,202503,1179
10200,0630,0018,202504,47
10200,0630,0018,202505,106
10200,0630,0018,202506,12
10200,0630,0018,202510,12
10200,0630,0018,202511,58
10200,0630,0021,202501,1894
10200,0630,0021,202502,2264
10200,0630,0021,202503,2853
10200,0630,0021,202504,1793
10200,0630,0021,202505,1220
10200,0630,0021,202506,479
10200,0630,0021,202507,314
10200,0630,0021,202508,199
10200,0630,0021,202509,152
10200,0630,0021,202510,164
10200,0630,0021,202511,502
10200,0630,0029,202501,2388
10200,0630,0029,202502,2394
10200,0630,0029,202503,2381
10200,0630,0029,202504,1321
10200,0630,0029,202505,704
10200,0630,0029,202506,292
10200,0630,0029,202507,279
10200,0630,0029,202508,221
10200,0630,0029,202509,163
10200,0630,0029,202510,163
10200,0630,0029,202511,292
10200,0632,0000,202501,10929
10200,0632,0000,202502,11535
10200,0632,0000,202503,10162
10200,0632,0000,202504,7489
10200,0632,0000,202505,3930
10200,0632,0000,202506,1486
10200,0632,0000,202507,1117
10200,0632,0000,202508,1617
10200,0632,0000,202509,828
10200,0632,0000,202510,1224
10200,0632,0000,202511,1994
10200,0632,0005,202501,976
10200,0632,0005,202502,1179
10200,0632,0005,202503,1309
10200,0632,0005,202504,472
10200,0632,0005,202505,129
10200,0632,0005,202506,82
10200,0632,0005,202507,58
10200,0632,0005,202508,93
10200,0632,0005,202509,70
10200,0632,0005,202510,70
10200,0632,0005,202511,128
10200,0634,0000,202501,1870
10200,0634,0000,202502,4117
10200,0634,0000,202503,3761
10200,0634,0000,202504,1839
10200,0634,0000,202505,387
10200,0634,0000,202506,117
10200,0634,0000,202507,59
10200,0634,0000,202508,23
10200,0634,0000,202509,35
10200,0634,0000,202510,47
10200,0634,0000,202511,70
10200,0634,0001,202501,823
10200,0634,0001,202502,1227
10200,0634,0001,202503,1179
10200,0634,0001,202504,495
10200,0634,0001,202505,411
10200,0634,0001,202506,152
10200,0634,0001,202507,81
10200,0634,0001,202508,58
10200,0634,0001,202509,23
10200,0634,0001,202510,35
10200,0634,0014,202501,4424
10200,0634,0014,202502,5367
10200,0634,0014,202503,5223
10200,0634,0014,202504,3786
10200,0634,0014,202505,2476
10200,0634,0014,202506,784
10200,0634,0014,202507,431
10200,0634,0014,202508,198
10200,0634,0014,202509,163
10200,0634,0014,202510,198
10200,0634,0014,202511,1224
10200,0634,0017,202501,1941
10200,0634,0017,202502,2347
10200,0634,0017,202503,2086
10200,0634,0017,202504,625
10200,0634,0017,202505,445
10200,0634,0017,202506,223
10200,0634,0017,202507,174
10200,0634,0017,202508,151
10200,0634,0017,202509,140
10200,0634,0017,202510,128
10200,0634,0017,202511,210
10200,0634,0018,202501,3670
10200,0634,0018,202502,3255
10200,0634,0018,202503,3041
10200,0634,0018,202504,1805
10200,0634,0018,202505,1079
10200,0634,0018,202506,503
10200,0634,0018,202507,256
10200,0634,0018,202508,198
10200,0634,0018,202509,140
10200,0634,0018,202510,233
10200,0634,0018,202511,1190
10200,0636,0000,202501,2917
10200,0636,0000,202502,3031
10200,0636,0000,202503,4114
10200,0636,0000,202504,2347
10200,0636,0000,202505,1126
10200,0636,0000,202506,550
10200,0636,0000,202507,221
10200,0636,0000,202508,140
10200,0636,0000,202509,152
10200,0636,0000,202510,140
10200,0636,0000,202511,921
10200,0636,0006,202501,2388
10200,0636,0006,202502,3727
10200,0636,0006,202503,6200
10200,0636,0006,202504,2064
10200,0636,0006,202505,1290
10200,0636,0006,202506,784
10200,0636,0006,202507,686
10200,0636,0006,202508,733
10200,0636,0006,202509,478
10200,0636,0006,202510,571
10200,0636,0006,202511,1120
10200,0636,0010,202501,89603
10200,0636,0010,202502,88183
10200,0636,0010,202503,64530
10200,0636,0010,202504,45966
10200,0636,0010,202505,25768
10200,0636,0010,202506,15216
10200,0636,0010,202507,9645
10200,0636,0010,202508,12226
10200,0636,0010,202509,7312
10200,0636,0010,202510,11768
10200,0636,0010,202511,30394
10200,0636,0012,202501,2953
10200,0636,0012,202502,3550
10200,0636,0012,202503,3584
10200,0636,0012,202504,2158
10200,0636,0012,202505,1466
10200,0636,0012,202506,549
10200,0636,0012,202507,453
10200,0636,0012,202508,617
10200,0636,0012,202509,467
10200,0636,0012,202510,420
10200,0636,0012,202511,513
10200,0636,0014,202501,2470
10200,0636,0014,202502,2347
10200,0636,0014,202503,2664
10200,0636,0014,202504,1274
10200,0636,0014,202505,153
10200,0636,0014,202506,35
10200,0636,0014,202507,35
10200,0636,0014,202508,47
10200,0636,0014,202509,23
10200,0636,0014,202510,35
10200,0636,0014,202511,82
10200,0636,0016,202501,6023
10200,0636,0016,202502,6121
10200,0636,0016,202503,5942
10200,0636,0016,202504,4671
10200,0636,0016,202505,4270
10200,0636,0016,202506,2562
10200,0636,0016,202507,2700
10200,0636,0016,202508,3151
10200,0636,0016,202509,2542
10200,0636,0016,202510,2974
10200,0636,0016,202511,2857
10200,0636,0017,202501,6389
10200,0636,0017,202502,6687
10200,0636,0017,202503,6943
10200,0636,0017,202504,3585
10200,0636,0017,202505,2217
10200,0636,0017,202506,900
10200,0636,0017,202507,861
10200,0636,0017,202508,558
10200,0636,0017,202509,432
10200,0636,0017,202510,455
10200,0636,0017,202511,1353
10200,0636,0025,202501,3858
10200,0636,0025,202502,5084
10200,0636,0025,202503,4928
10200,0636,0025,202504,3396
10200,0636,0025,202505,2042
10200,0636,0025,202506,901
10200,0636,0025,202507,640
10200,0636,0025,202508,547
10200,0636,0025,202509,326
10200,0636,0025,202510,455
10200,0636,0025,202511,1061
10200,0640,0007,202501,25688
10200,0640,0007,202502,38275
10200,0640,0007,202503,32415
10200,0640,0007,202504,15071
10200,0640,0007,202505,2182
10200,0640,0007,202506,118
10200,0640,0008,202501,2599
10200,0640,0008,202502,3031
10200,0640,0008,202503,2393
10200,0640,0008,202504,2229
10200,0640,0008,202505,634
10200,0640,0008,202506,258
10200,0640,0008,202507,245
10200,0640,0008,202508,174
10200,0640,0008,202509,93
10200,0640,0008,202510,140
10200,0640,0008,202511,455
10200,0640,0019,202501,3506
10200,0640,0019,202502,4270
10200,0640,0019,202503,4551
10200,0640,0019,202504,2854
10200,0640,0019,202505,2123
10200,0640,0019,202506,1041
10200,0640,0019,202507,477
10200,0640,0019,202508,209
10200,0640,0019,202509,70
10200,0640,0019,202510,58
10200,0640,0019,202511,886
10200,0640,0020,202501,7423
10200,0640,0020,202502,8079
10200,0640,0020,202503,7874
10200,0640,0020,202504,4729
10200,0640,0020,202505,3074
10200,0640,0020,202506,1228
10200,0640,0020,202507,769
10200,0640,0020,202508,535
10200,0640,0020,202509,443
10200,0640,0020,202510,443
10200,0640,0020,202511,1656
10200,0640,0022,202501,2812
10200,0640,0022,202502,3172
10200,0640,0022,202503,3277
10200,0640,0022,202504,94
10200,0640,0022,202505,364
10200,0640,0022,202506,234
10200,0640,0022,202507,35
10200,0640,0022,202508,70
10200,0640,0022,202509,94
10200,0640,0022,202510,82
10200,0640,0022,202511,140
10200,0643,0003,202501,3447
10200,0643,0003,202502,6877
10200,0643,0003,202503,6554
10200,0643,0003,202504,4141
10200,0643,0003,202505,3343
10200,0643,0003,202506,3005
10200,0643,0003,202507,1978
10200,0643,0003,202508,1977
10200,0643,0003,202509,770
10200,0643,0003,202510,1213
10200,0643,0003,202511,1610
10200,0646,0000,202501,2294
10200,0646,0000,202502,2984
10200,0646,0000,202503,2935
10200,0646,0000,202504,1215
10200,0646,0000,202505,551
10200,0646,0000,202506,246
10200,0646,0000,202507,198
10200,0646,0000,202508,128
10200,0646,0000,202509,128
10200,0646,0000,202510,70
10200,0646,0000,202511,187
10200,0646,0002,202501,2647
10200,0646,0002,202502,3338
10200,0646,0002,202503,3584
10200,0646,0002,202504,1781
10200,0646,0002,202505,985
10200,0646,0002,202506,315
10200,0646,0002,202507,279
10200,0646,0002,202508,140
10200,0646,0002,202509,105
10200,0646,0002,202510,129
10200,0646,0002,202511,280
10200,0647,0000,202501,144229
10200,0647,0000,202502,144292
10200,0647,0000,202503,112072
10200,0647,0000,202504,74327
10200,0647,0000,202505,41338
10200,0647,0000,202506,25582
10200,0647,0000,202507,15225
10200,0647,0000,202508,13525
10200,0647,0000,202509,11173
10200,0647,0000,202510,17931
10200,0647,0000,202511,47841
10200,0647,0003,202501,2729
10200,0647,0003,202502,2618
10200,0647,0003,202503,2476
10200,0647,0003,202504,1286
10200,0647,0003,202505,598
10200,0647,0003,202506,175
10200,0647,0003,202507,140
10200,0647,0003,202508,70
10200,0647,0003,202509,82
10200,0647,0003,202510,82
10200,0647,0003,202511,163
10200,0647,0004,202501,1082
10200,0647,0004,202502,1675
10200,0647,0004,202503,1709
10200,0647,0004,202504,861
10200,0647,0004,202505,328
10200,0647,0004,202506,175
10200,0647,0004,202507,186
10200,0647,0004,202508,140
10200,0647,0004,202509,82
10200,0647,0004,202510,152
10200,0647,0004,202511,210
10200,0647,0005,202501,2376
10200,0647,0005,202502,3019
10200,0647,0005,202503,3607
10200,0647,0005,202504,1698
10200,0647,0005,202505,645
10200,0647,0005,202506,281
10200,0647,0005,202507,175
10200,0647,0005,202508,35
10200,0647,0005,202509,23
10200,0647,0005,202510,58
10200,0647,0005,202511,501
10200,0648,0007,202501,4506
10200,0648,0007,202502,4482
10200,0648,0007,202503,4668
10200,0648,0007,202504,3479
10200,0648,0007,202505,5279
10200,0648,0007,202506,2807
10200,0648,0007,202507,3874
10200,0648,0007,202508,2151
10200,0648,0007,202509,2752
10200,0648,0007,202510,2659
10200,0648,0007,202511,4012
10200,0648,0008,202501,871
10200,0648,0008,202502,59
10200,0648,0008,202503,1061
10200,0648,0008,202504,389
10200,0648,0008,202506,468
10200,0648,0008,202508,35
10200,0648,0016,202501,4317
10200,0648,0016,202502,4411
10200,0648,0016,202503,4892
10200,0648,0016,202504,3609
10200,0648,0016,202505,2182
10200,0648,0016,202506,749
10200,0648,0016,202507,303
10200,0648,0016,202508,47
10200,0648,0016,202509,47
10200,0648,0016,202510,47
10200,0648,0016,202511,583
10200,0649,0007,202501,1929
10200,0649,0007,202502,2300
10200,0649,0007,202503,2806
10200,0649,0007,202504,1557
10200,0649,0007,202505,645
10200,0649,0007,202506,211
10200,0649,0007,202507,70
10200,0649,0007,202508,12
10200,0649,0007,202511,466
10200,0651,0000,202501,600
10200,0651,0000,202502,720
10200,0651,0000,202503,907
10200,0651,0000,202504,448
10200,0651,0000,202505,294
10200,0651,0000,202506,175
10200,0651,0000,202507,151
10200,0651,0000,202508,128
10200,0651,0000,202509,70
10200,0651,0000,202510,58
10200,0651,0000,202511,152
10200,0651,0006,202501,1000
10200,0651,0006,202502,1687
10200,0651,0006,202503,1698
10200,0651,0006,202504,542
10200,0651,0006,202505,188
10200,0651,0006,202506,94
10200,0651,0006,202507,105
10200,0651,0006,202508,81
10200,0651,0006,202509,58
10200,0651,0006,202510,58
10200,0651,0006,202511,105
10200,0651,0013,202501,1600
10200,0651,0013,202502,2418
10200,0651,0013,202503,2558
10200,0651,0013,202504,1286
10200,0651,0013,202505,551
10200,0651,0013,202506,316
10200,0651,0013,202507,268
10200,0651,0013,202508,302
10200,0651,0013,202509,315
10200,0651,0013,202510,175
10200,0651,0013,202511,466
10200,0651,0014,202501,3188
10200,0651,0014,202502,3562
10200,0651,0014,202503,3537
10200,0651,0014,202504,1934
10200,0651,0014,202505,1290
10200,0651,0014,202506,351
10200,0651,0014,202507,128
10200,0651,0014,202508,70
10200,0651,0014,202509,59
10200,0651,0014,202510,82
10200,0651,0014,202511,548
10300,0001,0006,202501,835
10300,0001,0006,202502,1109
10300,0001,0006,202503,1309
10300,0001,0006,202504,507
10300,0001,0006,202505,129
10300,0001,0006,202511,70
10300,0001,0100,202501,2130
10300,0001,0100,202502,2430
10300,0001,0100,202503,2594
10300,0001,0100,202504,1710
10300,0001,0100,202505,645
10300,0001,0100,202506,117
10300,0001,0100,202507,24
10300,0001,0100,202508,35
10300,0001,0100,202509,23
10300,0001,0100,202510,23
10300,0001,0100,202511,93
10300,0001,0109,202501,1906
10300,0001,0109,202502,2642
10300,0001,0109,202503,2476
10300,0001,0109,202504,1227
10300,0001,0109,202505,633
10300,0001,0109,202506,316
10300,0001,0109,202507,175
10300,0001,0109,202508,128
10300,0001,0109,202509,82
10300,0001,0109,202510,140
10300,0001,0109,202511,245
10300,0001,0184,202501,16015
10300,0001,0184,202502,17141
10300,0001,0184,202503,12931
10300,0001,0184,202504,8032
10300,0001,0184,202505,4813
10300,0001,0184,202506,2532
10300,0001,0184,202507,1106
10300,0001,0184,202508,815
10300,0001,0184,202509,758
10300,0001,0184,202510,1842
10300,0001,0184,202511,6112
10300,0001,0201,202501,2341
10300,0001,0201,202502,3019
10300,0001,0201,202503,2806
10300,0001,0201,202504,2159
10300,0001,0201,202505,1232
10300,0001,0201,202506,281
10300,0001,0201,202507,58
10300,0001,0201,202508,23
10300,0001,0201,202509,12
10300,0001,0201,202510,47
10300,0001,0201,202511,455
10300,0001,0209,202501,2718
10300,0001,0209,202502,3881
10300,0001,0209,202503,2982
10300,0001,0209,202504,2241
10300,0001,0209,202505,1478
10300,0001,0209,202506,807
10300,0001,0209,202507,454
10300,0001,0209,202508,163
10300,0001,0209,202509,47
10300,0001,0209,202510,58
10300,0001,0209,202511,152
10300,0001,0218,202501,1400
10300,0001,0218,202502,2205
10300,0001,0218,202503,1509
10300,0001,0218,202504,791
10300,0001,0218,202505,376
10300,0001,0218,202506,152
10300,0001,0218,202507,105
10300,0001,0218,202508,104
10300,0001,0218,202509,70
10300,0001,0218,202510,82
10300,0001,0218,202511,117
10300,0001,0220,202501,2706
10300,0001,0220,202502,2949
10300,0001,0220,202503,2664
10300,0001,0220,202504,1911
10300,0001,0220,202505,997
10300,0001,0220,202506,538
10300,0001,0220,202507,326
10300,0001,0220,202508,174
10300,0001,0220,202509,163
10300,0001,0220,202510,222
10300,0001,0220,202511,327
10300,0001,0234,202501,941
10300,0001,0234,202502,1097
10300,0001,0234,202503,1285
10300,0001,0234,202504,767
10300,0001,0234,202505,469
10300,0001,0234,202506,94
10300,0001,0234,202507,93
10300,0001,0234,202508,81
10300,0001,0234,202509,70
10300,0001,0234,202510,93
10300,0001,0234,202511,233
10300,0001,0251,202501,2352
10300,0001,0251,202502,3467
10300,0001,0251,202503,3242
10300,0001,0251,202504,1746
10300,0001,0251,202505,446
10300,0001,0251,202506,129
10300,0001,0251,202507,151
10300,0001,0251,202508,35
10300,0001,0251,202509,58
10300,0001,0251,202510,198
10300,0001,0251,202511,198
10300,0001,0260,202501,3670
10300,0001,0260,202502,4871
10300,0001,0260,202503,4373
10300,0001,0260,202504,3208
10300,0001,0260,202505,2076
10300,0001,0260,202506,1158
10300,0001,0260,202507,419
10300,0001,0260,202508,140
10300,0001,0260,202509,105
10300,0001,0260,202510,187
10300,0001,0260,202511,956
10300,0001,0283,202501,2800
10300,0001,0283,202502,3350
10300,0001,0283,202503,2782
10300,0001,0283,202504,1404
10300,0001,0283,202505,845
10300,0001,0283,202507,12
10300,0001,0283,202509,12
10300,0001,0283,202510,12
10300,0001,0283,202511,222
10300,0001,0297,202501,565
10300,0001,0297,202502,613
10300,0001,0297,202503,2192
10300,0001,0297,202504,1439
10300,0001,0297,202505,973
10300,0001,0297,202506,620
10300,0001,0297,202507,384
10300,0001,0297,202508,151
10300,0001,0297,202509,58
10300,0001,0297,202510,385
10300,0001,0297,202511,1097
10300,0001,0313,202501,5929
10300,0001,0313,202502,5697
10300,0001,0313,202503,5706
10300,0001,0313,202504,4623
10300,0001,0313,202505,2569
10300,0001,0313,202506,1720
10300,0001,0313,202507,675
10300,0001,0313,202508,174
10300,0001,0313,202509,187
10300,0001,0313,202510,326
10300,0001,0313,202511,1866
10300,0001,0314,202501,6952
10300,0001,0314,202502,6393
10300,0001,0314,202503,1722
10300,0001,0314,202504,3844
10300,0001,0314,202505,6464
10300,0001,0314,202506,6094
10300,0001,0314,202507,4736
10300,0001,0314,202508,4385
10300,0001,0314,202509,3697
10300,0001,0314,202510,3790
10300,0001,0314,202511,3580
10300,0001,0324,202501,3941
10300,0001,0324,202502,5190
10300,0001,0324,202503,4103
10300,0001,0324,202504,3550
10300,0001,0324,202505,2427
10300,0001,0324,202506,1427
10300,0001,0324,202507,593
10300,0001,0324,202508,245
10300,0001,0324,202509,164
10300,0001,0324,202510,269
10300,0001,0324,202511,734
10300,0001,0363,202501,4070
10300,0001,0363,202502,4837
10300,0001,0363,202503,5564
10300,0001,0363,202504,2689
10300,0001,0363,202505,890
10300,0001,0363,202506,948
10300,0001,0363,202507,419
10300,0001,0363,202508,105
10300,0001,0363,202509,70
10300,0001,0363,202510,70
10300,0001,0363,202511,128
10300,0001,0462,202501,1483
10300,0001,0462,202502,1840
10300,0001,0462,202503,2794
10300,0001,0462,202504,802
10300,0001,0462,202505,305
10300,0001,0462,202506,316
10300,0001,0462,202507,105
10300,0001,0462,202508,244
10300,0001,0462,202509,117
10300,0001,0462,202510,128
10300,0001,0462,202511,163
10300,0001,0512,202501,36
10300,0001,0512,202502,1734
10300,0001,0512,202503,1521
10300,0001,0512,202504,495
10300,0001,0512,202505,106
10300,0001,0512,202506,82
10300,0001,0512,202507,70
10300,0004,0004,202501,1706
10300,0004,0004,202502,1628
10300,0004,0004,202503,2028
10300,0004,0004,202504,1109
10300,0004,0004,202505,645
10300,0004,0004,202506,468
10300,0004,0004,202507,384
10300,0004,0004,202508,256
10300,0004,0004,202509,233
10300,0004,0004,202510,257
10300,0004,0004,202511,397
10300,0008,0001,202501,3871
10300,0008,0001,202502,4199
10300,0008,0001,202503,5128
10300,0008,0001,202504,2724
10300,0008,0001,202505,1865
10300,0008,0001,202506,912
10300,0008,0001,202507,268
10300,0008,0001,202508,268
10300,0008,0001,202509,256
10300,0008,0001,202510,291
10300,0008,0001,202511,840
10300,0009,0010,202501,8396
10300,0009,0010,202502,8441
10300,0009,0010,202503,5946
10300,0009,0010,202504,4457
10300,0009,0010,202505,2546
10300,0009,0010,202506,1295
10300,0009,0010,202507,697
10300,0009,0010,202508,616
10300,0009,0010,202509,443
10300,0009,0010,202510,596
10300,0009,0010,202511,2451
10300,0009,0027,202501,1223
10300,0009,0027,202502,1274
10300,0009,0027,202503,1497
10300,0009,0027,202504,365
10300,0009,0027,202505,82
10300,0009,0027,202511,12
10300,0010,0013,202501,1223
10300,0010,0013,202502,1474
10300,0010,0013,202503,1674
10300,0010,0013,202504,1262
10300,0010,0013,202505,950
10300,0010,0013,202506,281
10300,0010,0013,202507,140
10300,0010,0013,202508,128
10300,0010,0013,202509,93
10300,0010,0013,202510,117
10300,0010,0013,202511,198
10300,0010,0025,202501,4247
10300,0010,0025,202502,3833
10300,0010,0025,202503,5105
10300,0010,0025,202504,2347
10300,0010,0025,202505,1419
10300,0010,0025,202506,702
10300,0010,0025,202507,408
10300,0010,0025,202508,221
10300,0010,0025,202509,199
10300,0010,0025,202510,327
10300,0010,0025,202511,467
10300,0013,0001,202501,43244
10300,0013,0001,202502,58314
10300,0013,0001,202503,54852
10300,0013,0001,202504,41941
10300,0013,0001,202505,24107
10300,0013,0001,202506,12527
10300,0013,0001,202507,9739
10300,0013,0001,202508,9699
10300,0013,0001,202509,3545
10300,0013,0001,202510,3522
10300,0013,0001,202511,13598
10300,0013,0004,202501,1212
10300,0013,0004,202502,1427
10300,0013,0004,202503,1721
10300,0013,0004,202504,1026
10300,0013,0004,202505,692
10300,0013,0004,202506,246
10300,0013,0004,202507,70
10300,0013,0004,202508,35
10300,0013,0004,202509,47
10300,0013,0004,202510,70
10300,0013,0004,202511,152
10300,0014,0011,202501,4694
10300,0014,0011,202502,5520
10300,0014,0011,202503,6590
10300,0014,0011,202504,3220
10300,0014,0011,202505,1972
10300,0014,0011,202506,795
10300,0014,0011,202507,303
10300,0014,0011,202508,314
10300,0014,0011,202509,350
10300,0014,0011,202510,222
10300,0014,0011,202511,688
10300,0014,0024,202501,5247
10300,0014,0024,202502,3739
10300,0014,0024,202503,5658
10300,0014,0024,202504,3444
10300,0014,0024,202505,2910
10300,0014,0024,202506,2234
10300,0014,0024,202507,1547
10300,0014,0024,202508,1675
10300,0014,0024,202509,1038
10300,0014,0024,202510,1527
10300,0014,0024,202511,1901
10300,0015,0007,202501,412
10300,0015,0007,202502,719
10300,0015,0007,202503,613
10300,0015,0007,202504,1734
10300,0015,0007,202505,2207
10300,0015,0007,202506,140
10300,0015,0007,202507,151
10300,0015,0007,202508,209
10300,0015,0007,202509,222
10300,0015,0007,202510,420
10300,0015,0007,202511,257
10300,0015,0008,202501,2023
10300,0015,0008,202502,1993
10300,0015,0008,202503,2700
10300,0015,0008,202504,1486
10300,0015,0008,202505,1114
10300,0015,0008,202506,491
10300,0015,0008,202507,93
10300,0015,0008,202508,35
10300,0015,0008,202509,23
10300,0015,0008,202510,58
10300,0015,0008,202511,257
10300,0016,0005,202501,1447
10300,0016,0005,202502,1675
10300,0016,0005,202503,1992
10300,0016,0005,202504,861
10300,0016,0005,202505,504
10300,0016,0005,202506,152
10300,0016,0005,202507,58
10300,0016,0005,202508,35
10300,0016,0005,202509,47
10300,0016,0005,202510,35
10300,0016,0005,202511,58
10300,0016,0006,202501,918
10300,0016,0006,202502,626
10300,0016,0006,202503,766
10300,0016,0006,202504,672
10300,0016,0006,202505,364
10300,0016,0006,202506,292
10300,0016,0006,202507,174
10300,0016,0006,202508,46
10300,0016,0006,202509,24
10300,0016,0006,202510,35
10300,0016,0006,202511,105
10300,0016,0007,202501,1576
10300,0016,0007,202502,1946
10300,0016,0007,202503,2228
10300,0016,0007,202504,1191
10300,0016,0007,202505,598
10300,0016,0007,202506,316
10300,0016,0007,202507,128
10300,0016,0007,202508,151
10300,0016,0007,202509,58
10300,0016,0007,202510,23
10300,0016,0007,202511,117
10300,0016,0009,202501,2953
10300,0016,0009,202502,3515
10300,0016,0009,202503,4079
10300,0016,0009,202504,2040
10300,0016,0009,202505,1302
10300,0016,0009,202506,515
10300,0016,0009,202507,186
10300,0016,0009,202508,93
10300,0016,0009,202509,58
10300,0016,0009,202510,58
10300,0016,0009,202511,676
10300,0016,0013,202502,12
10300,0016,0027,202501,447
10300,0016,0027,202502,896
10300,0016,0027,202503,1202
10300,0016,0027,202504,401
10300,0016,0027,202505,59
10300,0016,0027,202506,58
10300,0016,0027,202507,47
10300,0016,0027,202508,58
10300,0016,0027,202509,47
10300,0016,0027,202510,47
10300,0016,0027,202511,82
10300,0016,0028,202501,2388
10300,0016,0028,202502,2925
10300,0016,0028,202503,3360
10300,0016,0028,202504,1970
10300,0016,0028,202505,1270
10300,0016,0028,202506,480
10300,0016,0028,202507,186
10300,0016,0028,202508,140
10300,0016,0028,202509,117
10300,0016,0028,202510,140
10300,0016,0028,202511,560
10300,0016,0037,202501,930
10300,0016,0037,202502,1239
10300,0016,0037,202503,1545
10300,0016,0037,202504,862
10300,0016,0037,202505,649
10300,0016,0037,202506,749
10300,0016,0037,202507,314
10300,0016,0037,202508,163
10300,0016,0037,202509,116
10300,0016,0037,202510,175
10300,0016,0037,202511,303
10300,0016,0038,202501,1800
10300,0016,0038,202502,2229
10300,0016,0038,202503,2676
10300,0016,0038,202504,1392
10300,0016,0038,202505,330
10300,0016,0038,202506,129
10300,0016,0038,202507,23
10300,0016,0038,202509,23
10300,0016,0038,202510,47
10300,0016,0038,202511,280
10300,0020,0004,202501,3329
10300,0020,0004,202502,4788
10300,0020,0004,202503,3867
10300,0020,0004,202504,2961
10300,0020,0004,202505,1607
10300,0020,0004,202506,924
10300,0020,0004,202507,303
10300,0020,0004,202508,163
10300,0020,0004,202509,128
10300,0020,0004,202510,163
10300,0020,0004,202511,840
10300,0020,0025,202501,17410
10300,0020,0025,202502,22575
10300,0020,0025,202503,21148
10300,0020,0025,202504,13268
10300,0020,0025,202505,4786
10300,0020,0025,202506,433
10300,0020,0025,202507,81
10300,0020,0025,202508,93
10300,0020,0025,202509,70
10300,0020,0025,202510,70
10300,0020,0025,202511,839
10300,0023,0010,202501,3235
10300,0023,0010,202502,3538
10300,0023,0010,202503,4397
10300,0023,0010,202504,2052
10300,0023,0010,202505,1114
10300,0023,0010,202506,456
10300,0023,0010,202507,244
10300,0023,0010,202508,174
10300,0023,0010,202509,152
10300,0023,0010,202510,187
10300,0023,0010,202511,804
10300,0023,0026,202501,2141
10300,0023,0026,202502,3303
10300,0023,0026,202503,3030
10300,0023,0026,202504,1627
10300,0023,0026,202505,1244
10300,0023,0026,202506,632
10300,0023,0026,202507,256
10300,0023,0026,202508,47
10300,0023,0026,202509,58
10300,0023,0026,202510,47
10300,0023,0026,202511,758
10300,0023,0028,202501,9634
10300,0023,0028,202502,10828
10300,0023,0028,202503,9608
10300,0023,0028,202504,7525
10300,0023,0028,202505,7098
10300,0023,0028,202506,6691
10300,0023,0028,202507,5794
10300,0023,0028,202508,5757
10300,0023,0028,202509,5411
10300,0023,0028,202510,4991
10300,0023,0028,202511,5283
10300,0023,0029,202501,1376
10300,0023,0029,202502,4211
10300,0023,0029,202503,4633
10300,0023,0029,202504,2217
10300,0023,0029,202505,1513
10300,0023,0029,202506,421
10300,0023,0029,202507,326
10300,0023,0029,202508,233
10300,0023,0029,202509,198
10300,0023,0029,202510,268
10300,0023,0029,202511,1061
10300,0024,0001,202501,3424
10300,0024,0001,202502,3138
10300,0024,0001,202503,3690
10300,0024,0001,202504,1958
10300,0024,0001,202505,774
10300,0024,0001,202506,211
10300,0024,0001,202507,232
10300,0024,0001,202508,105
10300,0024,0001,202509,105
10300,0024,0001,202510,116
10300,0024,0001,202511,910
10300,0025,0003,202501,8893
10300,0025,0003,202502,8292
10300,0025,0003,202503,11471
10300,0025,0003,202504,6606
10300,0025,0003,202505,4105
10300,0025,0003,202506,3462
10300,0025,0003,202507,3235
10300,0025,0003,202508,2408
10300,0025,0003,202509,2892
10300,0025,0003,202510,2845
10300,0025,0003,202511,2869
10300,0025,0028,202501,812
10300,0025,0028,202502,1675
10300,0025,0028,202503,2652
10300,0025,0028,202504,1038
10300,0025,0028,202505,458
10300,0025,0028,202506,304
10300,0025,0028,202507,140
10300,0025,0028,202508,140
10300,0025,0028,202509,128
10300,0025,0028,202510,93
10300,0025,0028,202511,210
10300,0025,0029,202501,2024
10300,0025,0029,202502,1711
10300,0025,0029,202503,2228
10300,0025,0029,202504,1109
10300,0025,0029,202505,762
10300,0025,0029,202506,210
10300,0025,0029,202507,151
10300,0025,0029,202508,128
10300,0025,0029,202509,140
10300,0025,0029,202510,117
10300,0025,0029,202511,327
10300,0028,0033,202501,2459
10300,0028,0033,202502,3550
10300,0028,0033,202503,2664
10300,0028,0033,202504,1805
10300,0028,0033,202505,1104
10300,0028,0033,202506,456
10300,0028,0033,202507,419
10300,0028,0033,202508,186
10300,0028,0033,202509,257
10300,0028,0033,202510,303
10300,0028,0033,202511,945
10300,0028,0035,202501,4258
10300,0028,0035,202502,6605
10300,0028,0035,202503,4904
10300,0028,0035,202504,2984
10300,0028,0035,202505,1747
10300,0028,0035,202506,936
10300,0028,0035,202507,884
10300,0028,0035,202508,489
10300,0028,0035,202509,409
10300,0028,0035,202510,489
10300,0028,0035,202511,934
10300,0028,0043,202501,588
10300,0028,0043,202502,1003
10300,0028,0043,202503,967
10300,0028,0043,202504,448
10300,0028,0043,202505,199
10300,0028,0043,202508,12
10300,0028,0043,202510,12
10300,0030,0024,202501,6447
10300,0030,0024,202502,9330
10300,0030,0024,202503,8665
10300,0030,0024,202504,5897
10300,0030,0024,202505,4692
10300,0030,0024,202506,1462
10300,0030,0024,202507,2816
10300,0030,0024,202508,698
10300,0030,0024,202509,198
10300,0030,0024,202510,2891
10300,0030,0024,202511,3277
10300,0030,0026,202501,929
10300,0030,0026,202502,1356
10300,0030,0026,202503,1014
10300,0030,0026,202504,908
10300,0030,0026,202505,704
10300,0030,0026,202506,398
10300,0030,0026,202507,175
10300,0030,0026,202508,47
10300,0030,0026,202509,117
10300,0030,0026,202510,163
10300,0030,0026,202511,536
10300,0032,0012,202501,2647
10300,0032,0012,202502,4022
10300,0032,0012,202503,1426
10300,0032,0012,202505,12
10300,0032,0016,202501,1835
10300,0032,0016,202502,2359
10300,0032,0016,202503,1403
10300,0032,0016,202504,767
10300,0032,0016,202505,317
10300,0032,0016,202506,117
10300,0032,0016,202507,198
10300,0032,0016,202508,105
10300,0032,0016,202509,117
10300,0032,0016,202510,128
10300,0032,0016,202511,175
10300,0032,0017,202501,1012
10300,0032,0017,202502,2582
10300,0032,0017,202503,2264
10300,0032,0017,202504,1510
10300,0032,0017,202505,750
10300,0032,0017,202506,550
10300,0032,0017,202507,1001
10300,0032,0017,202508,861
10300,0032,0017,202509,1213
10300,0032,0017,202510,560
10300,0032,0017,202511,711
10300,0032,0045,202502,48
10300,0032,0045,202503,94
10300,0033,0008,202501,2141
10300,0033,0008,202502,2548
10300,0033,0008,202503,3206
10300,0033,0008,202504,1474
10300,0033,0008,202505,751
10300,0033,0008,202506,281
10300,0033,0008,202507,198
10300,0033,0008,202508,186
10300,0033,0008,202509,128
10300,0033,0008,202510,140
10300,0033,0008,202511,315
10300,0033,0009,202501,2718
10300,0033,0009,202502,2772
10300,0033,0009,202503,3360
10300,0033,0009,202504,1687
10300,0033,0009,202505,1150
10300,0033,0009,202506,549
10300,0033,0009,202507,233
10300,0033,0009,202508,164
10300,0033,0009,202509,94
10300,0033,0009,202510,93
10300,0033,0009,202511,501
10300,0033,0012,202501,130993
10300,0033,0012,202502,210561
10300,0033,0012,202503,171442
10300,0033,0012,202504,151160
10300,0033,0012,202505,126455
10300,0033,0012,202506,102262
10300,0033,0012,202507,100512
10300,0033,0012,202508,73818
10300,0033,0012,202509,69582
10300,0033,0012,202510,76785
10300,0033,0012,202511,69210
10300,0033,0053,202501,6706
10300,0033,0053,202502,7312
10300,0033,0053,202503,8629
10300,0033,0053,202504,6145
10300,0033,0053,202505,4810
10300,0033,0053,202506,3649
10300,0033,0053,202507,3223
10300,0033,0053,202508,2385
10300,0033,0053,202509,2531
10300,0033,0053,202510,2577
10300,0033,0053,202511,2601
10300,0033,0063,202501,1447
10300,0033,0063,202502,1769
10300,0033,0063,202503,1874
10300,0033,0063,202504,826
10300,0033,0063,202505,352
10300,0033,0065,202501,2518
10300,0033,0065,202502,2819
10300,0033,0065,202503,3725
10300,0033,0065,202504,2512
10300,0033,0065,202505,1677
10300,0033,0065,202506,901
10300,0033,0065,202507,384
10300,0033,0065,202508,139
10300,0033,0065,202509,105
10300,0033,0065,202510,117
10300,0033,0065,202511,501
10300,0033,0068,202501,1812
10300,0033,0068,202502,1958
10300,0033,0068,202503,2452
10300,0033,0068,202504,1179
10300,0033,0068,202505,481
10300,0033,0068,202506,234
10300,0033,0068,202507,198
10300,0033,0068,202508,70
10300,0033,0068,202509,47
10300,0033,0068,202510,82
10300,0033,0068,202511,385
10300,0033,0070,202501,2988
10300,0033,0070,202502,3078
10300,0033,0070,202503,3419
10300,0033,0070,202504,1333
10300,0033,0070,202505,293
10300,0033,0070,202506,199
10300,0033,0070,202507,128
10300,0033,0070,202508,70
10300,0033,0070,202509,35
10300,0033,0070,202510,70
10300,0033,0070,202511,431
10300,0033,0072,202501,24
10300,0033,0072,202502,35
10300,0033,0072,202503,35
10300,0033,0072,202504,35
10300,0033,0072,202505,35
10300,0033,0072,202506,12
10300,0033,0072,202507,35
10300,0033,0072,202508,23
10300,0033,0072,202509,47
10300,0033,0072,202510,35
10300,0033,0072,202511,35
10300,0033,0088,202501,47
10300,0033,0088,202502,47
10300,0033,0088,202503,71
10300,0033,0088,202504,24
10300,0033,0088,202507,35
10300,0033,0088,202508,81
10300,0033,0088,202509,82
10300,0033,0088,202510,70
10300,0033,0088,202511,385
10300,0033,0152,202501,2541
10300,0033,0152,202502,3704
10300,0033,0152,202503,3760
10300,0033,0152,202504,1982
10300,0033,0152,202505,739
10300,0033,0152,202506,268
10300,0033,0152,202507,198
10300,0033,0152,202508,152
10300,0033,0152,202509,140
10300,0033,0152,202510,175
10300,0033,0152,202511,234
10300,0033,0187,202501,125637
10300,0033,0187,202502,126149
10300,0033,0187,202503,96900
10300,0033,0187,202504,64347
10300,0033,0187,202505,35837
10300,0033,0187,202506,23982
10300,0033,0187,202507,11544
10300,0033,0187,202508,9401
10300,0033,0187,202509,9101
10300,0033,0187,202510,13419
10300,0033,0187,202511,38360
10300,0033,0205,202501,8788
10300,0033,0205,202502,9931
10300,0033,0205,202503,12908
10300,0033,0205,202504,7820
10300,0033,0205,202505,6534
10300,0033,0205,202506,4655
10300,0033,0205,202507,3386
10300,0033,0205,202508,1884
10300,0033,0205,202509,1656
10300,0033,0205,202510,1399
10300,0033,0205,202511,3638
10300,0033,0207,202501,12565
10300,0033,0207,202502,9684
10300,0033,0207,202503,11022
10300,0033,0207,202504,8197
10300,0033,0207,202505,7074
10300,0033,0207,202506,4117
10300,0033,0207,202507,839
10300,0033,0207,202508,395
10300,0033,0207,202509,502
10300,0033,0207,202510,560
10300,0033,0207,202511,1936
10300,0033,0208,202501,4341
10300,0033,0208,202502,4375
10300,0033,0208,202503,5505
10300,0033,0208,202504,2643
10300,0033,0208,202505,1584
10300,0033,0208,202506,537
10300,0033,0208,202507,117
10300,0033,0208,202508,93
10300,0033,0208,202509,70
10300,0033,0208,202510,82
10300,0033,0208,202511,479
10300,0034,0003,202504,35
10300,0034,0003,202505,420
10300,0034,0003,202506,795
10300,0034,0003,202507,873
10300,0034,0003,202508,721
10300,0034,0003,202509,746
10300,0034,0003,202510,560
10300,0034,0003,202511,385
10300,0034,0006,202501,19834
10300,0034,0006,202502,21490
10300,0034,0006,202503,35318
10300,0034,0006,202504,22256
10300,0034,0006,202505,16635
10300,0034,0006,202506,5638
10300,0034,0006,202507,2152
10300,0034,0006,202508,1512
10300,0034,0006,202509,1866
10300,0034,0006,202510,1877
10300,0034,0006,202511,3452
10300,0034,0010,202501,1612
10300,0034,0010,202502,1404
10300,0034,0010,202503,1627
10300,0034,0010,202504,660
10300,0034,0010,202505,633
10300,0034,0010,202506,351
10300,0034,0010,202507,303
10300,0034,0010,202508,140
10300,0034,0010,202509,117
10300,0034,0010,202510,128
10300,0034,0010,202511,233
10300,0034,0036,202501,2494
10300,0034,0036,202502,2878
10300,0034,0036,202503,3419
10300,0034,0036,202504,1852
10300,0034,0036,202505,1384
10300,0034,0036,202506,655
10300,0034,0036,202507,233
10300,0034,0036,202508,105
10300,0034,0036,202509,58
10300,0034,0036,202510,93
10300,0034,0036,202511,770
10300,0034,0070,202501,165
10300,0034,0070,202502,201
10300,0034,0070,202503,224
10300,0034,0070,202504,130
10300,0034,0070,202505,141
10300,0034,0070,202506,140
10300,0034,0070,202507,70
10300,0034,0070,202508,35
10300,0034,0070,202509,47
10300,0034,0070,202510,47
10300,0034,0070,202511,82
10300,0034,0104,202501,11526
10300,0034,0104,202502,14272
10300,0034,0104,202503,20971
10300,0034,0104,202504,7890
10300,0034,0104,202505,7273
10300,0034,0104,202506,3228
10300,0034,0104,202507,2118
10300,0034,0104,202508,1523
10300,0034,0104,202509,1294
10300,0034,0104,202510,1493
10300,0034,0104,202511,4222
10300,0034,0106,202501,16081
10300,0034,0106,202502,16713
10300,0034,0106,202503,19828
10300,0034,0106,202504,9105
10300,0034,0106,202505,6077
10300,0034,0106,202506,2257
10300,0034,0106,202507,1862
10300,0034,0106,202508,756
10300,0034,0106,202509,513
10300,0034,0106,202510,781
10300,0034,0106,202511,1971
10300,0035,0041,202501,1953
10300,0035,0041,202502,3362
10300,0035,0041,202503,2275
10300,0035,0041,202504,1451
10300,0035,0041,202505,658
10300,0035,0041,202506,409
10300,0035,0041,202507,244
10300,0035,0041,202508,81
10300,0035,0041,202509,93
10300,0035,0041,202510,140
10300,0035,0041,202511,117
10300,0038,0001,202501,1600
10300,0038,0001,202502,2430
10300,0038,0001,202503,1285
10300,0038,0001,202504,1675
10300,0038,0001,202505,563
10300,0038,0001,202506,257
10300,0038,0001,202507,244
10300,0038,0001,202508,82
10300,0038,0001,202509,70
10300,0038,0001,202510,47
10300,0038,0001,202511,175
10300,0038,0031,202501,247
10300,0038,0031,202502,142
10300,0038,0031,202503,4691
10300,0038,0031,202504,2984
10300,0038,0031,202505,1654
10300,0038,0031,202506,445
10300,0038,0031,202507,140
10300,0038,0031,202508,140
10300,0038,0031,202509,82
10300,0038,0031,202510,117
10300,0038,0031,202511,444
10300,0039,0002,202501,3718
10300,0039,0002,202502,3680
10300,0039,0002,202503,4113
10300,0039,0002,202504,2701
10300,0039,0002,202505,2452
10300,0039,0002,202506,1777
10300,0039,0002,202507,1210
10300,0039,0002,202508,1466
10300,0039,0002,202509,875
10300,0039,0002,202510,1002
10300,0039,0002,202511,1445
10300,0039,0004,202501,3106
10300,0039,0004,202502,3208
10300,0039,0004,202503,3018
10300,0039,0004,202504,1805
10300,0039,0004,202505,1138
10300,0039,0004,202506,269
10300,0039,0004,202507,81
10300,0039,0004,202508,81
10300,0039,0004,202509,70
10300,0039,0004,202510,58
10300,0039,0004,202511,805
10300,0039,0005,202501,3211
10300,0039,0005,202502,4129
10300,0039,0005,202503,3784
10300,0039,0005,202504,2359
10300,0039,0005,202505,1408
10300,0039,0005,202506,690
10300,0039,0005,202507,175
10300,0039,0005,202508,210
10300,0039,0005,202509,116
10300,0039,0005,202510,152
10300,0039,0005,202511,700
10300,0039,0006,202501,3916
10300,0039,0006,202502,4859
10300,0039,0006,202503,3973
10300,0039,0006,202504,2158
10300,0039,0006,202505,1478
10300,0039,0006,202506,889
10300,0039,0006,202507,524
10300,0039,0006,202508,384
10300,0039,0006,202509,198
10300,0039,0006,202510,233
10300,0039,0006,202511,735
10300,0039,0007,202501,2117
10300,0039,0007,202502,2017
10300,0039,0007,202503,2393
10300,0039,0007,202504,1781
10300,0039,0007,202505,774
10300,0039,0007,202506,316
10300,0039,0007,202507,337
10300,0039,0007,202508,105
10300,0039,0007,202511,525
10300,0039,0014,202501,3424
10300,0039,0014,202502,3916
10300,0039,0014,202503,3336
10300,0039,0014,202504,1545
10300,0039,0014,202505,727
10300,0039,0014,202506,234
10300,0039,0014,202507,151
10300,0039,0014,202508,175
10300,0039,0014,202509,140
10300,0039,0014,202510,140
10300,0039,0014,202511,327
10300,0041,0016,202501,1318
10300,0041,0016,202502,1391
10300,0041,0016,202503,1450
10300,0041,0016,202504,495
10300,0041,0016,202505,423
10300,0041,0016,202506,222
10300,0041,0016,202507,104
10300,0041,0016,202508,59
10300,0041,0016,202509,35
10300,0041,0016,202510,47
10300,0041,0016,202511,93
10300,0041,0023,202501,2635
10300,0041,0023,202502,1286
10300,0041,0023,202503,637
10300,0041,0023,202504,106
10300,0041,0023,202506,433
10300,0041,0023,202507,163
10300,0041,0023,202508,93
10300,0041,0023,202509,82
10300,0041,0023,202510,82
10300,0041,0023,202511,175
10300,0041,0033,202501,2964
10300,0041,0033,202502,3114
10300,0041,0033,202503,3631
10300,0041,0033,202504,1805
10300,0041,0033,202505,1044
10300,0041,0033,202506,328
10300,0041,0033,202507,198
10300,0041,0033,202508,174
10300,0041,0033,202509,117
10300,0041,0033,202510,128
10300,0041,0033,202511,385
10300,0042,0002,202501,1435
10300,0042,0002,202502,1887
10300,0042,0002,202503,2570
10300,0042,0002,202504,1934
10300,0042,0002,202505,1419
10300,0042,0002,202506,725
10300,0042,0002,202507,291
10300,0042,0002,202508,314
10300,0042,0002,202509,233
10300,0042,0002,202510,303
10300,0042,0002,202511,257
10300,0042,0011,202501,4129
10300,0042,0011,202502,4058
10300,0042,0011,202503,5199
10300,0042,0011,202504,2559
10300,0042,0011,202505,1079
10300,0042,0011,202506,737
10300,0042,0011,202507,268
10300,0042,0011,202508,151
10300,0042,0011,202509,117
10300,0042,0011,202510,117
10300,0042,0011,202511,630
10300,0044,0012,202501,2552
10300,0044,0012,202502,2890
10300,0044,0012,202503,2358
10300,0044,0012,202504,1581
10300,0044,0012,202505,1137
10300,0044,0012,202506,702
10300,0044,0012,202507,513
10300,0044,0012,202508,232
10300,0044,0012,202509,175
10300,0044,0012,202510,199
10300,0044,0012,202511,444
10300,0044,0014,202501,2588
10300,0044,0014,202502,3209
10300,0044,0014,202503,2664
10300,0044,0014,202504,1510
10300,0044,0014,202505,693
10300,0044,0014,202506,585
10300,0044,0014,202507,570
10300,0044,0014,202508,512
10300,0044,0014,202509,466
10300,0044,0014,202510,478
10300,0044,0014,202511,746
10300,0044,0023,202501,4082
10300,0044,0023,202502,6205
10300,0044,0023,202503,5398
10300,0044,0023,202504,3727
10300,0044,0023,202505,2370
10300,0044,0023,202506,1287
10300,0044,0023,202507,640
10300,0044,0023,202508,465
10300,0044,0023,202509,315
10300,0044,0023,202510,699
10300,0044,0023,202511,1435
10300,0044,0046,202501,518
10300,0044,0046,202502,1274
10300,0044,0046,202503,861
10300,0044,0046,202504,814
10300,0044,0046,202505,516
10300,0044,0046,202506,187
10300,0044,0046,202507,140
10300,0044,0046,202508,93
10300,0044,0046,202509,140
10300,0044,0046,202510,187
10300,0044,0046,202511,140
10300,0044,0066,202501,2623
10300,0044,0066,202502,3161
10300,0044,0066,202503,2605
10300,0044,0066,202504,1722
10300,0044,0066,202505,1150
10300,0044,0066,202506,678
10300,0044,0066,202507,233
10300,0044,0066,202508,128
10300,0044,0066,202509,93
10300,0044,0066,202510,93
10300,0044,0066,202511,385
10300,0044,0067,202501,1012
10300,0044,0067,202502,1734
10300,0044,0067,202503,1450
10300,0044,0067,202504,625
10300,0044,0067,202505,12
10300,0044,0069,202501,1953
10300,0044,0069,202502,2300
10300,0044,0069,202503,2393
10300,0044,0069,202504,1545
10300,0044,0069,202505,692
10300,0044,0069,202506,433
10300,0044,0069,202507,175
10300,0044,0069,202508,81
10300,0044,0069,202509,93
10300,0044,0069,202510,93
10300,0044,0069,202511,187
10300,0044,0074,202501,1565
10300,0044,0074,202502,1781
10300,0044,0074,202503,1898
10300,0044,0074,202504,2430
10300,0044,0074,202505,1466
10300,0044,0074,202506,1438
10300,0044,0074,202507,1362
10300,0044,0074,202508,1489
10300,0044,0074,202509,1785
10300,0044,0074,202510,1493
10300,0044,0074,202511,2321
10300,0044,0078,202501,2012
10300,0044,0078,202502,2524
10300,0044,0078,202503,2157
10300,0044,0078,202504,1061
10300,0044,0078,202505,504
10300,0044,0078,202506,269
10300,0044,0078,202507,128
10300,0044,0078,202508,58
10300,0044,0078,202509,93
10300,0044,0078,202511,23
10300,0044,0104,202501,24786
10300,0044,0104,202502,33321
10300,0044,0104,202503,28599
10300,0044,0104,202504,21701
10300,0044,0104,202505,10030
10300,0044,0104,202506,3895
10300,0044,0104,202507,1745
10300,0044,0104,202508,1012
10300,0044,0104,202509,1038
10300,0044,0104,202510,723
10300,0044,0104,202511,1388
10300,0045,0001,202501,3447
10300,0045,0001,202502,5497
10300,0045,0001,202503,4680
10300,0045,0001,202504,3078
10300,0045,0001,202505,1631
10300,0045,0001,202506,1216
10300,0045,0001,202507,1362
10300,0045,0001,202508,1198
10300,0045,0001,202509,1318
10300,0045,0001,202510,840
10300,0045,0001,202511,420
10300,0046,0004,202501,6129
10300,0046,0004,202502,6240
10300,0046,0004,202503,5399
10300,0046,0004,202504,6109
10300,0046,0004,202505,6652
10300,0046,0004,202506,6316
10300,0046,0004,202507,5876
10300,0046,0004,202508,6420
10300,0046,0004,202509,6355
10300,0046,0004,202510,5597
10300,0046,0004,202511,6531
10300,0046,0007,202501,59
10300,0046,0007,202502,71
10300,0046,0007,202503,47
10300,0046,0007,202504,47
10300,0046,0007,202505,47
10300,0046,0007,202506,47
10300,0046,0007,202507,47
10300,0046,0007,202508,23
10300,0046,0007,202509,70
10300,0046,0007,202510,35
10300,0046,0007,202511,58
10300,0046,0013,202501,13858
10300,0046,0013,202502,18671
10300,0046,0013,202503,13592
10300,0046,0013,202504,11193
10300,0046,0013,202505,8353
10300,0046,0013,202506,3661
10300,0046,0013,202507,2280
10300,0046,0013,202508,1814
10300,0046,0013,202509,1283
10300,0046,0013,202510,1504
10300,0046,0013,202511,2566
10300,0046,0014,202501,8329
10300,0046,0014,202502,7077
10300,0046,0014,202503,5670
10300,0046,0014,202504,5013
10300,0046,0014,202505,3250
10300,0046,0014,202506,2152
10300,0046,0014,202507,1710
10300,0046,0014,202508,1268
10300,0046,0014,202509,1154
10300,0046,0014,202510,1120
10300,0046,0014,202511,2274
10300,0047,0007,202501,330
10300,0047,0007,202502,307
10300,0047,0007,202503,1238
10300,0047,0007,202504,354
10300,0047,0007,202505,270
10300,0047,0007,202506,211
10300,0047,0007,202507,128
10300,0047,0007,202508,58
10300,0047,0007,202509,35
10300,0047,0007,202510,152
10300,0047,0007,202511,105
10300,0050,0008,202501,4282
10300,0050,0008,202502,4707
10300,0050,0008,202503,4456
10300,0050,0008,202504,2771
10300,0050,0008,202505,1432
10300,0050,0008,202506,830
10300,0050,0008,202507,349
10300,0050,0008,202508,233
10300,0050,0008,202509,210
10300,0050,0008,202510,140
10300,0050,0008,202511,887
10300,0050,0010,202501,6341
10300,0050,0010,202502,7278
10300,0050,0010,202503,6212
10300,0050,0010,202504,5720
10300,0050,0010,202505,5772
10300,0050,0010,202506,4222
10300,0050,0010,202507,2816
10300,0050,0010,202508,2616
10300,0050,0010,202509,2251
10300,0050,0010,202510,2134
10300,0050,0010,202511,3662
10300,0050,0012,202501,1388
10300,0050,0012,202502,1475
10300,0050,0012,202503,1344
10300,0050,0012,202504,967
10300,0050,0012,202505,610
10300,0050,0012,202506,363
10300,0050,0012,202507,244
10300,0050,0012,202508,162
10300,0050,0012,202509,164
10300,0050,0012,202510,151
10300,0050,0012,202511,536
10300,0050,0026,202501,1141
10300,0050,0026,202502,1356
10300,0050,0026,202503,1356
10300,0050,0026,202504,519
10300,0050,0026,202505,129
10300,0050,0026,202506,94
10300,0050,0026,202507,70
10300,0050,0026,202508,105
10300,0050,0026,202509,70
10300,0050,0026,202510,58
10300,0050,0026,202511,117
10300,0050,0033,202501,2059
10300,0050,0033,202502,2241
10300,0050,0033,202503,2122
10300,0050,0033,202504,1722
10300,0050,0033,202505,1197
10300,0050,0033,202506,655
10300,0050,0033,202507,291
10300,0050,0033,202508,163
10300,0050,0033,202509,163
10300,0050,0033,202510,163
10300,0050,0033,202511,933
10300,0051,0005,202501,4141
10300,0051,0005,202502,4352
10300,0051,0005,202503,4491
10300,0051,0005,202504,2854
10300,0051,0005,202505,1642
10300,0051,0005,202506,480
10300,0051,0005,202507,256
10300,0051,0005,202508,233
10300,0051,0005,202509,175
10300,0051,0005,202510,152
10300,0051,0005,202511,910
10300,0051,0008,202501,1788
10300,0051,0008,202502,2111
10300,0051,0008,202503,1839
10300,0051,0008,202504,1238
10300,0051,0008,202505,270
10300,0051,0008,202506,164
10300,0051,0008,202507,116
10300,0051,0008,202508,81
10300,0051,0008,202509,82
10300,0051,0008,202510,70
10300,0051,0008,202511,117
10300,0051,0010,202501,2012
10300,0051,0010,202502,2017
10300,0051,0010,202503,1933
10300,0051,0010,202504,1250
10300,0051,0010,202505,809
10300,0051,0010,202506,199
10300,0051,0010,202507,12
10300,0051,0010,202508,47
10300,0051,0010,202509,35
10300,0051,0010,202510,12
10300,0051,0010,202511,187
10300,0051,0014,202501,2058
10300,0051,0014,202502,3102
10300,0051,0014,202503,3017
10300,0051,0014,202504,1734
10300,0051,0014,202505,1000
10300,0051,0014,202506,421
10300,0051,0014,202507,303
10300,0051,0014,202508,280
10300,0051,0014,202509,175
10300,0051,0014,202510,210
10300,0051,0014,202511,455
10300,0051,0026,202501,4447
10300,0051,0026,202502,4919
10300,0051,0026,202503,4928
10300,0051,0026,202504,2594
10300,0051,0026,202505,1960
10300,0051,0026,202506,983
10300,0051,0026,202507,501
10300,0051,0026,202508,245
10300,0051,0026,202509,199
10300,0051,0026,202510,198
10300,0051,0026,202511,851
10300,0051,0033,202501,2612
10300,0051,0033,202502,4069
10300,0051,0033,202503,3501
10300,0051,0033,202504,2406
10300,0051,0033,202505,1572
10300,0051,0033,202506,655
10300,0051,0033,202507,70
10300,0051,0033,202508,105
10300,0051,0033,202509,82
10300,0051,0033,202510,70
10300,0051,0033,202511,933
10300,0051,0036,202501,1482
10300,0051,0036,202502,2194
10300,0051,0036,202503,2381
10300,0051,0036,202504,1168
10300,0052,0011,202501,10011
10300,0052,0011,202502,11983
10300,0052,0011,202503,10515
10300,0052,0011,202504,9199
10300,0052,0011,202505,7861
10300,0052,0011,202506,7322
10300,0052,0011,202507,6027
10300,0052,0011,202508,4745
10300,0052,0011,202509,5283
10300,0052,0011,202510,4058
10300,0052,0011,202511,5610
10300,0052,0012,202501,2858
10300,0052,0012,202502,3090
10300,0052,0012,202503,2911
10300,0052,0012,202504,1887
10300,0052,0012,202505,670
10300,0052,0012,202506,187
10300,0052,0012,202507,105
10300,0052,0012,202508,70
10300,0052,0012,202509,47
10300,0052,0012,202510,47
10300,0052,0012,202511,256
10300,0052,0017,202501,4765
10300,0052,0017,202502,4399
10300,0052,0017,202503,4739
10300,0052,0017,202504,3479
10300,0052,0017,202505,2009
10300,0052,0017,202506,924
10300,0052,0017,202507,466
10300,0052,0017,202508,290
10300,0052,0017,202509,245
10300,0052,0017,202510,186
10300,0052,0017,202511,537
10300,0052,0018,202501,671
10300,0052,0018,202502,1321
10300,0052,0018,202503,1143
10300,0052,0018,202504,613
10300,0052,0021,202501,2317
10300,0052,0021,202502,2854
10300,0052,0021,202503,2817
10300,0052,0021,202504,1675
10300,0052,0021,202505,1197
10300,0052,0021,202506,713
10300,0052,0021,202507,430
10300,0052,0021,202508,244
10300,0052,0021,202509,280
10300,0052,0021,202510,210
10300,0052,0021,202511,548
10300,0053,0019,202501,3552
10300,0053,0019,202502,3421
10300,0053,0019,202503,3631
10300,0053,0019,202504,2890
10300,0053,0019,202505,2605
10300,0053,0019,202506,1592
10300,0053,0019,202507,1222
10300,0053,0019,202508,1430
10300,0053,0019,202509,1352
10300,0053,0019,202510,1236
10300,0053,0019,202511,2135
10300,0054,0023,202501,11434
10300,0054,0023,202502,12125
10300,0054,0023,202503,9254
10300,0054,0023,202504,4234
10300,0054,0023,202505,1161
10300,0054,0023,202506,807
10300,0054,0023,202507,512
10300,0054,0023,202508,163
10300,0054,0023,202509,140
10300,0054,0023,202510,140
10300,0054,0023,202511,548
10300,0055,0001,202501,577
10300,0055,0001,202502,1309
10300,0055,0001,202503,1238
10300,0055,0001,202504,295
10300,0055,0001,202505,222
10300,0055,0001,202506,152
10300,0055,0001,202507,116
10300,0055,0001,202508,70
10300,0055,0001,202509,105
10300,0055,0001,202510,105
10300,0055,0001,202511,128
10300,0058,0004,202501,1400
10300,0058,0004,202502,1698
10300,0058,0004,202503,1662
10300,0058,0004,202504,1061
10300,0058,0004,202505,106
10300,0058,0004,202506,82
10300,0058,0004,202507,23
10300,0058,0004,202508,12
10300,0058,0004,202509,12
10300,0058,0004,202510,12
10300,0058,0004,202511,117
10300,0060,0013,202501,1847
10300,0060,0013,202502,2017
10300,0060,0013,202503,1709
10300,0060,0013,202504,802
10300,0060,0013,202505,340
10300,0060,0013,202506,140
10300,0060,0013,202507,81
10300,0060,0013,202508,47
10300,0060,0013,202509,23
10300,0060,0013,202510,23
10300,0060,0013,202511,70
10300,0063,0026,202501,2717
10300,0063,0026,202502,2489
10300,0063,0026,202503,2983
10300,0063,0026,202504,1450
10300,0063,0026,202505,672
10300,0063,0026,202506,491
10300,0063,0026,202507,35
10300,0063,0026,202508,93
10300,0063,0026,202509,105
10300,0063,0026,202510,117
10300,0063,0026,202511,59
10300,0064,0004,202501,2270
10300,0064,0004,202502,2783
10300,0064,0004,202503,3159
10300,0064,0004,202504,2147
10300,0064,0004,202505,563
10300,0064,0004,202506,327
10300,0064,0004,202507,337
10300,0064,0004,202508,337
10300,0064,0004,202509,350
10300,0064,0004,202510,326
10300,0064,0004,202511,490
10300,0064,0013,202501,5764
10300,0064,0013,202502,6617
10300,0064,0013,202503,6554
10300,0064,0013,202504,5826
10300,0064,0013,202505,3720
10300,0064,0013,202506,1988
10300,0064,0013,202507,1746
10300,0064,0013,202508,1233
10300,0064,0013,202509,1166
10300,0064,0013,202510,1014
10300,0064,0013,202511,1597
10300,0064,0016,202501,2600
10300,0064,0016,202502,3881
10300,0064,0016,202503,3819
10300,0064,0016,202504,2666
10300,0064,0016,202505,798
10300,0064,0016,202506,164
10300,0064,0016,202507,116
10300,0064,0016,202508,35
10300,0064,0016,202509,35
10300,0064,0016,202510,23
10300,0064,0016,202511,117
10300,0066,0004,202501,388
10300,0066,0004,202502,1108
10300,0066,0004,202503,1073
10300,0066,0004,202504,991
10300,0066,0004,202505,435
10300,0066,0004,202506,257
10300,0066,0004,202507,244
10300,0066,0004,202508,116
10300,0066,0004,202509,117
10300,0066,0004,202510,128
10300,0066,0004,202511,198
10300,0067,0001,202501,2259
10300,0067,0001,202502,2795
10300,0067,0001,202503,3277
10300,0067,0001,202504,2666
10300,0067,0001,202505,1220
10300,0067,0001,202506,433
10300,0067,0001,202507,291
10300,0067,0001,202508,233
10300,0067,0001,202509,210
10300,0067,0001,202510,245
10300,0067,0001,202511,245
10300,0067,0007,202501,5730
10300,0067,0007,202502,8976
10300,0067,0007,202503,8793
10300,0067,0007,202504,6474
10300,0067,0007,202505,2875
10300,0067,0007,202506,831
10300,0067,0007,202507,453
10300,0067,0007,202508,256
10300,0067,0007,202509,235
10300,0067,0007,202510,256
10300,0067,0007,202511,257
10300,0067,0008,202501,3447
10300,0067,0008,202502,3727
10300,0067,0008,202503,4598
10300,0067,0008,202504,3255
10300,0067,0008,202505,1760
10300,0067,0008,202506,574
10300,0067,0008,202507,291
10300,0067,0008,202508,186
10300,0067,0008,202509,140
10300,0067,0008,202510,151
10300,0067,0008,202511,151
10300,0067,0010,202501,3918
10300,0067,0010,202502,4636
10300,0067,0010,202503,4609
10300,0067,0010,202504,3716
10300,0067,0010,202505,2440
10300,0067,0010,202506,1287
10300,0067,0010,202507,826
10300,0067,0010,202508,419
10300,0067,0010,202509,163
10300,0067,0010,202510,362
10300,0067,0010,202511,770
10300,0067,0019,202501,7529
10300,0067,0019,202502,10745
10300,0067,0019,202503,12071
10300,0067,0019,202504,7843
10300,0067,0019,202505,3097
10300,0067,0019,202506,889
10300,0067,0019,202507,814
10300,0067,0019,202508,209
10300,0067,0019,202509,257
10300,0067,0019,202510,373
10300,0067,0019,202511,466
10300,0068,0009,202501,4306
10300,0068,0009,202502,4281
10300,0068,0009,202503,4373
10300,0068,0009,202504,2230
10300,0068,0009,202505,1237
10300,0068,0009,202506,643
10300,0068,0009,202507,326
10300,0068,0009,202508,198
10300,0068,0009,202509,163
10300,0068,0009,202510,175
10300,0068,0009,202511,735
10300,0069,0003,202501,3282
10300,0069,0003,202502,3456
10300,0069,0003,202503,3006
10300,0069,0003,202504,1345
10300,0069,0003,202505,623
10300,0069,0003,202506,386
10300,0069,0003,202507,105
10300,0069,0003,202508,70
10300,0069,0003,202509,70
10300,0069,0003,202510,58
10300,0069,0003,202511,758
10300,0069,0004,202501,4706
10300,0069,0004,202502,5131
10300,0069,0004,202503,4621
10300,0069,0018,202501,5964
10300,0069,0018,202502,5296
10300,0069,0018,202503,1721
10300,0069,0018,202504,1215
10300,0069,0019,202501,2447
10300,0069,0019,202502,2831
10300,0069,0019,202503,2240
10300,0069,0019,202504,1887
10300,0069,0019,202505,938
10300,0069,0019,202506,702
10300,0069,0019,202507,116
10300,0069,0019,202508,93
10300,0069,0019,202509,12
10300,0069,0019,202511,280
10300,0070,0015,202501,49069
10300,0070,0015,202502,49470
10300,0070,0015,202503,38036
10300,0070,0015,202504,24804
10300,0070,0015,202505,16062
10300,0070,0015,202506,7373
10300,0070,0015,202507,4164
10300,0070,0015,202508,3415
10300,0070,0015,202509,2730
10300,0070,0015,202510,4000
10300,0070,0015,202511,14467
10300,0071,0001,202501,3047
10300,0071,0001,202502,3137
10300,0071,0001,202503,3289
10300,0071,0001,202504,2017
10300,0071,0001,202505,997
10300,0071,0001,202506,468
10300,0071,0001,202507,244
10300,0071,0001,202508,233
10300,0071,0001,202509,163
10300,0071,0001,202510,163
10300,0071,0001,202511,397
10300,0071,0004,202501,1518
10300,0071,0004,202502,1498
10300,0071,0004,202503,1497
10300,0071,0004,202504,1981
10300,0071,0004,202505,1093
10300,0071,0004,202506,444
10300,0071,0004,202507,256
10300,0071,0004,202508,233
10300,0071,0004,202509,163
10300,0071,0004,202510,163
10300,0071,0004,202511,525
10300,0071,0006,202501,12
10300,0071,0006,202507,12
10300,0071,0006,202508,12
10300,0071,0006,202510,23
10300,0071,0007,202501,2012
10300,0071,0007,202502,2100
10300,0071,0007,202503,2452
10300,0071,0007,202504,1934
10300,0071,0007,202505,986
10300,0071,0007,202506,597
10300,0071,0007,202507,570
10300,0071,0007,202508,617
10300,0071,0007,202509,245
10300,0071,0007,202510,479
10300,0071,0007,202511,501
10300,0071,0009,202501,5023
10300,0071,0009,202502,5331
10300,0071,0009,202503,4881
10300,0071,0009,202504,3656
10300,0071,0009,202505,2265
10300,0071,0009,202506,1147
10300,0071,0009,202507,466
10300,0071,0009,202508,221
10300,0071,0009,202509,151
10300,0071,0009,202510,210
10300,0071,0009,202511,1097
10300,0071,0010,202501,2164
10300,0071,0010,202502,3314
10300,0071,0010,202503,2806
10300,0071,0010,202504,2005
10300,0071,0010,202505,1396
10300,0071,0010,202506,831
10300,0071,0010,202507,558
10300,0071,0010,202508,430
10300,0071,0010,202509,58
10300,0071,0010,202510,595
10300,0071,0010,202511,991
10300,0071,0011,202501,7187
10300,0071,0011,202502,7242
10300,0071,0011,202503,6602
10300,0071,0011,202504,1935
10300,0071,0011,202505,1138
10300,0071,0011,202506,81
10300,0071,0011,202507,47
10300,0071,0011,202508,35
10300,0071,0011,202509,24
10300,0071,0011,202510,24
10300,0071,0011,202511,58
10300,0071,0016,202501,3847
10300,0071,0016,202502,3952
10300,0071,0016,202503,3760
10300,0071,0016,202504,2996
10300,0071,0016,202505,2581
10300,0071,0016,202506,2070
10300,0071,0016,202507,1920
10300,0071,0016,202508,1663
10300,0071,0016,202509,1458
10300,0071,0016,202510,1598
10300,0071,0016,202511,1843
10300,0071,0017,202501,2423
10300,0071,0017,202502,3373
10300,0071,0017,202503,3360
10300,0071,0017,202504,1580
10300,0071,0017,202505,903
10300,0071,0017,202506,211
10300,0071,0017,202507,198
10300,0071,0017,202508,186
10300,0071,0017,202509,163
10300,0071,0017,202510,140
10300,0071,0017,202511,408
10300,0071,0023,202501,2070
10300,0071,0023,202502,2855
10300,0071,0023,202503,2924
10300,0071,0023,202504,1498
10300,0071,0023,202505,552
10300,0071,0023,202506,316
10300,0071,0023,202507,81
10300,0071,0023,202508,35
10300,0071,0023,202509,35
10300,0071,0023,202510,35
10300,0071,0023,202511,420
10300,0072,0001,202501,4258
10300,0072,0001,202502,4460
10300,0072,0001,202503,4397
10300,0072,0001,202504,2536
10300,0072,0001,202505,1738
10300,0072,0001,202506,1309
10300,0072,0001,202507,839
10300,0072,0001,202508,1035
10300,0072,0001,202509,513
10300,0072,0001,202510,886
10300,0072,0001,202511,1201
10300,0072,0004,202501,447
10300,0072,0004,202502,708
10300,0072,0004,202503,389
10300,0072,0004,202504,401
10300,0072,0004,202505,434
10300,0072,0004,202506,421
10300,0072,0004,202507,372
10300,0072,0004,202508,384
10300,0072,0004,202509,292
10300,0072,0004,202510,513
10300,0072,0004,202511,688
10300,0072,0007,202501,2118
10300,0072,0007,202502,2736
10300,0072,0007,202503,2334
10300,0072,0007,202504,1534
10300,0072,0007,202505,669
10300,0072,0007,202506,339
10300,0072,0007,202507,198
10300,0072,0007,202508,163
10300,0072,0007,202509,117
10300,0072,0007,202510,129
10300,0072,0007,202511,292
10300,0072,0008,202501,1577
10300,0072,0008,202502,1922
10300,0072,0008,202503,1580
10300,0072,0008,202504,1309
10300,0072,0008,202505,798
10300,0072,0008,202506,468
10300,0072,0008,202507,280
10300,0072,0008,202508,175
10300,0072,0008,202509,187
10300,0072,0008,202510,175
10300,0072,0008,202511,280
10300,0072,0009,202501,4470
10300,0072,0009,202502,4387
10300,0072,0009,202503,4573
10300,0072,0009,202504,2217
10300,0072,0009,202505,1069
10300,0072,0009,202506,597
10300,0072,0009,202507,384
10300,0072,0009,202508,186
10300,0072,0009,202509,117
10300,0072,0009,202510,152
10300,0072,0009,202511,560
10300,0072,0011,202501,2223
10300,0072,0011,202502,3007
10300,0072,0011,202503,3183
10300,0072,0011,202504,2253
10300,0072,0011,202505,1244
10300,0072,0011,202506,597
10300,0072,0011,202507,209
10300,0072,0011,202508,116
10300,0072,0011,202509,105
10300,0072,0011,202510,82
10300,0072,0011,202511,548
10300,0072,0015,202501,5952
10300,0072,0015,202502,6452
10300,0072,0015,202503,7286
10300,0072,0015,202504,5248
10300,0072,0015,202505,3530
10300,0072,0015,202506,2539
10300,0072,0015,202507,2246
10300,0072,0015,202508,1733
10300,0072,0015,202509,2076
10300,0072,0015,202510,1971
10300,0072,0015,202511,2822
10300,0072,0017,202501,3141
10300,0072,0017,202502,3904
10300,0072,0017,202503,4126
10300,0072,0017,202504,2017
10300,0072,0017,202505,868
10300,0072,0017,202506,480
10300,0072,0017,202507,256
10300,0072,0017,202508,128
10300,0072,0017,202509,105
10300,0072,0017,202510,140
10300,0072,0017,202511,501
10300,0072,0019,202501,7929
10300,0072,0019,202502,8610
10300,0072,0019,202503,8936
10300,0072,0019,202504,6476
10300,0072,0019,202505,4811
10300,0072,0019,202506,3625
10300,0072,0019,202507,3432
10300,0072,0019,202508,2523
10300,0072,0019,202509,1831
10300,0072,0019,202510,2182
10300,0072,0019,202511,3522
10300,0074,0003,202501,2117
10300,0074,0003,202502,2913
10300,0074,0003,202503,3077
10300,0074,0003,202504,2158
10300,0074,0003,202505,1384
10300,0074,0003,202506,1205
10300,0074,0003,202507,744
10300,0074,0003,202508,953
10300,0074,0003,202509,1108
10300,0074,0003,202510,1026
10300,0074,0003,202511,1761
10300,0074,0009,202501,1129
10300,0074,0009,202502,2701
10300,0074,0009,202503,3867
10300,0074,0009,202504,1651
10300,0074,0009,202505,1302
10300,0074,0009,202506,467
10300,0074,0009,202507,198
10300,0074,0009,202508,105
10300,0074,0009,202509,70
10300,0074,0009,202510,94
10300,0074,0009,202511,362
10300,0074,0011,202501,1305
10300,0074,0011,202502,2394
10300,0074,0011,202503,2193
10300,0074,0011,202504,1203
10300,0074,0011,202505,328
10300,0074,0011,202506,199
10300,0074,0011,202507,163
10300,0074,0011,202508,104
10300,0074,0011,202509,58
10300,0074,0011,202510,82
10300,0074,0011,202511,163
10300,0074,0016,202501,2930
10300,0074,0016,202502,3680
10300,0074,0016,202503,3359
10300,0074,0016,202504,2206
10300,0074,0016,202505,1326
10300,0074,0016,202506,994
10300,0074,0016,202507,524
10300,0074,0016,202508,279
10300,0074,0016,202509,257
10300,0074,0016,202510,315
10300,0074,0016,202511,1154
10300,0075,0005,202501,1071
10300,0075,0005,202502,1262
10300,0075,0005,202503,1202
10300,0075,0005,202504,330
10300,0075,0005,202505,117
10300,0075,0005,202506,58
10300,0075,0005,202507,23
10300,0075,0005,202508,47
10300,0075,0005,202509,23
10300,0075,0005,202510,23
10300,0075,0005,202511,23
10300,0077,0020,202501,1482
10300,0077,0020,202502,2135
10300,0077,0020,202503,1898
10300,0077,0020,202504,920
10300,0077,0020,202505,317
10300,0077,0020,202506,164
10300,0077,0020,202507,93
10300,0077,0020,202508,47
10300,0077,0020,202509,47
10300,0077,0020,202510,35
10300,0077,0020,202511,152
10300,0077,0025,202501,835
10300,0077,0025,202502,1333
10300,0077,0025,202503,919
10300,0077,0025,202504,566
10300,0077,0025,202505,211
10300,0077,0025,202506,82
10300,0077,0025,202507,93
10300,0077,0025,202508,35
10300,0077,0025,202509,58
10300,0077,0025,202510,93
10300,0077,0025,202511,140
10300,0078,0001,202501,2565
10300,0078,0001,202502,2642
10300,0078,0001,202503,2216
10300,0078,0001,202504,1498
10300,0078,0001,202505,809
10300,0078,0001,202506,94
10300,0078,0001,202507,35
10300,0078,0001,202508,58
10300,0078,0001,202509,23
10300,0078,0001,202510,23
10300,0078,0001,202511,945
10300,0078,0002,202501,2035
10300,0078,0002,202502,2642
10300,0078,0002,202503,2263
10300,0078,0002,202504,1781
10300,0078,0002,202505,938
10300,0078,0002,202506,363
10300,0078,0002,202507,186
10300,0078,0002,202508,105
10300,0078,0002,202509,105
10300,0078,0002,202510,140
10300,0078,0002,202511,560
10300,0078,0008,202501,153
10300,0078,0008,202502,802
10300,0078,0008,202503,389
10300,0078,0008,202504,118
10300,0078,0008,202505,117
10300,0078,0008,202506,140
10300,0078,0008,202507,116
10300,0078,0008,202508,93
10300,0078,0008,202509,82
10300,0078,0008,202510,70
10300,0078,0008,202511,152
10300,0078,0013,202501,2717
10300,0078,0013,202502,3291
10300,0078,0013,202503,2924
10300,0078,0013,202504,1816
10300,0078,0013,202505,879
10300,0078,0013,202506,374
10300,0078,0013,202507,303
10300,0078,0013,202508,175
10300,0078,0013,202509,129
10300,0078,0013,202510,176
10300,0078,0013,202511,396
10300,0078,0017,202501,7540
10300,0078,0017,202502,6452
10300,0078,0017,202503,5859
10300,0078,0017,202504,4553
10300,0078,0017,202505,4786
10300,0078,0017,202506,4889
10300,0078,0017,202507,4782
10300,0078,0017,202508,4826
10300,0078,0017,202509,4198
10300,0078,0017,202510,3953
10300,0078,0017,202511,4152
10300,0079,0001,202501,17285
10300,0079,0001,202502,14463
10300,0079,0001,202503,12858
10300,0079,0001,202504,12644
10300,0079,0001,202505,11870
10300,0079,0001,202506,10565
10300,0079,0001,202507,9949
10300,0079,0001,202508,9083
10300,0079,0001,202509,8841
10300,0079,0001,202510,8815
10300,0079,0001,202511,11888
10300,0079,0013,202501,1470
10300,0079,0013,202502,1686
10300,0079,0013,202503,1662
10300,0079,0013,202504,684
10300,0079,0013,202505,199
10300,0079,0013,202506,105
10300,0079,0013,202507,117
10300,0079,0013,202508,105
10300,0079,0013,202509,93
10300,0079,0013,202510,82
10300,0079,0013,202511,117
10300,0079,0020,202501,976
10300,0079,0020,202502,1581
10300,0079,0020,202503,1438
10300,0079,0020,202504,944
10300,0079,0020,202505,469
10300,0079,0020,202506,129
10300,0079,0020,202507,70
10300,0079,0020,202508,35
10300,0079,0020,202509,47
10300,0079,0020,202510,35
10300,0079,0020,202511,82
10300,0080,0010,202501,1047
10300,0080,0010,202502,802
10300,0080,0010,202503,919
10300,0080,0010,202504,731
10300,0080,0010,202505,1127
10300,0080,0010,202506,363
10300,0080,0010,202507,372
10300,0080,0010,202508,488
10300,0080,0010,202509,455
10300,0080,0010,202510,431
10300,0080,0010,202511,501
10300,0080,0014,202501,13604
10300,0080,0014,202502,13891
10300,0080,0014,202503,11652
10300,0080,0014,202504,8610
10300,0080,0014,202505,9695
10300,0080,0014,202506,7401
10300,0080,0014,202507,7585
10300,0080,0014,202508,6398
10300,0080,0014,202509,6461
10300,0080,0014,202510,6506
10300,0080,0014,202511,8888
10300,0080,0019,202501,2388
10300,0080,0019,202502,2406
10300,0080,0019,202503,2039
10300,0080,0019,202504,2701
10300,0080,0019,202505,2769
10300,0080,0019,202506,2339
10300,0080,0019,202507,1734
10300,0080,0019,202508,697
10300,0080,0019,202509,536
10300,0080,0019,202510,396
10300,0080,0019,202511,1050
10300,0080,0024,202501,5706
10300,0080,0024,202502,5909
10300,0080,0024,202503,2028
10300,0080,0024,202504,2747
10300,0080,0024,202505,2510
10300,0080,0024,202506,1567
10300,0080,0024,202507,1000
10300,0080,0024,202508,1070
10300,0080,0024,202509,945
10300,0080,0024,202510,1026
10300,0080,0024,202511,1726
10300,0081,0001,202501,894
10300,0081,0001,202502,1038
10300,0081,0001,202503,1120
10300,0081,0001,202504,236
10300,0081,0001,202505,35
10300,0081,0001,202506,58
10300,0081,0001,202507,35
10300,0081,0001,202508,24
10300,0081,0001,202509,35
10300,0081,0001,202510,35
10300,0081,0001,202511,24
10300,0081,0002,202501,9482
10300,0081,0002,202502,12231
10300,0081,0002,202503,9584
10300,0081,0002,202504,9296
10300,0081,0002,202505,9607
10300,0081,0002,202506,8771
10300,0081,0002,202507,7842
10300,0081,0002,202508,6977
10300,0081,0002,202509,7312
10300,0081,0002,202510,6658
10300,0081,0002,202511,8874
10300,0081,0004,202501,1683
10300,0081,0004,202502,1675
10300,0081,0004,202503,1969
10300,0081,0004,202504,990
10300,0081,0004,202505,364
10300,0081,0004,202506,269
10300,0081,0004,202507,221
10300,0081,0004,202508,127
10300,0081,0004,202509,94
10300,0081,0004,202510,140
10300,0081,0004,202511,326
10300,0081,0013,202501,3611
10300,0081,0013,202502,3833
10300,0081,0013,202503,4279
10300,0081,0013,202504,2005
10300,0081,0013,202505,962
10300,0081,0013,202506,924
10300,0081,0013,202507,1117
10300,0081,0013,202508,756
10300,0081,0013,202509,886
10300,0081,0013,202510,828
10300,0081,0013,202511,910
10300,0082,0006,202501,270
10300,0082,0006,202502,307
10300,0082,0006,202503,389
10300,0082,0006,202504,118
10300,0082,0006,202505,117
10300,0082,0006,202506,94
10300,0082,0006,202507,58
10300,0082,0006,202508,23
10300,0082,0006,202510,12
10300,0082,0006,202511,12
10300,0082,0009,202501,4834
10300,0082,0009,202502,6051
10300,0082,0009,202503,6636
10300,0082,0009,202504,5024
10300,0082,0009,202505,3226
10300,0082,0009,202506,1182
10300,0082,0009,202507,1175
10300,0082,0009,202508,779
10300,0082,0009,202509,828
10300,0082,0009,202510,723
10300,0082,0009,202511,513
10300,0082,0012,202501,812
10300,0082,0012,202502,932
10300,0082,0012,202503,1049
10300,0082,0012,202504,979
10300,0082,0012,202505,962
10300,0082,0012,202506,725
10300,0082,0012,202507,745
10300,0082,0012,202508,884
10300,0082,0012,202509,618
10300,0082,0012,202510,840
10300,0082,0012,202511,851
10300,0082,0021,202501,7858
10300,0082,0021,202502,9860
10300,0082,0021,202503,10197
10300,0082,0021,202504,7490
10300,0082,0021,202505,2440
10300,0082,0021,202506,1017
10300,0082,0021,202507,547
10300,0082,0021,202508,361
10300,0082,0021,202509,315
10300,0082,0021,202510,350
10300,0082,0021,202511,396
10300,0082,0022,202501,12240
10300,0082,0022,202502,12344
10300,0082,0022,202503,9110
10300,0082,0022,202504,5083
10300,0082,0022,202505,3306
10300,0082,0022,202506,1716
10300,0082,0022,202507,1106
10300,0082,0022,202508,967
10300,0082,0022,202509,653
10300,0082,0022,202510,572
10300,0082,0022,202511,4107
10300,0084,0006,202501,24363
10300,0084,0006,202502,41965
10300,0084,0006,202503,45798
10300,0084,0006,202504,36444
10300,0084,0006,202505,15098
10300,0084,0006,202506,4082
10300,0084,0006,202507,617
10300,0084,0006,202508,500
10300,0084,0006,202509,513
10300,0084,0006,202510,758
10300,0084,0006,202511,1562
10300,0084,0016,202501,1541
10300,0084,0016,202502,3173
10300,0084,0016,202503,3313
10300,0084,0016,202504,2170
10300,0084,0016,202505,1150
10300,0084,0016,202506,632
10300,0084,0016,202507,396
10300,0084,0016,202508,302
10300,0084,0016,202509,268
10300,0084,0016,202510,222
10300,0084,0016,202511,210
10300,0084,0018,202501,917
10300,0084,0018,202502,708
10300,0084,0018,202503,530
10300,0084,0018,202504,12
10300,0084,0018,202505,23
10300,0084,0018,202506,105
10300,0084,0018,202507,58
10300,0084,0018,202508,35
10300,0084,0018,202509,35
10300,0084,0018,202510,35
10300,0084,0018,202511,23
10300,0084,0024,202501,1270
10300,0084,0024,202502,1698
10300,0084,0024,202503,2181
10300,0084,0024,202504,1710
10300,0084,0024,202505,575
10300,0084,0024,202506,82
10300,0084,0024,202507,58
10300,0084,0024,202508,23
10300,0084,0024,202509,23
10300,0084,0024,202510,23
10300,0084,0024,202511,82
10300,0085,0004,202501,2792
10300,0085,0004,202502,2725
10300,0085,0004,202503,3229
10300,0085,0004,202504,2618
10300,0085,0004,202505,1748
10300,0085,0004,202506,796
10300,0085,0004,202507,430
10300,0085,0004,202508,209
10300,0085,0004,202509,151
10300,0085,0004,202510,164
10300,0085,0004,202511,234
10300,0085,0013,202501,3093
10300,0085,0013,202502,4352
10300,0085,0013,202503,2558
10300,0085,0013,202504,2607
10300,0085,0013,202505,1290
10300,0085,0013,202506,737
10300,0085,0013,202507,605
10300,0085,0013,202508,477
10300,0085,0013,202509,466
10300,0085,0013,202510,385
10300,0085,0013,202511,478
10300,0085,0016,202501,1223
10300,0085,0016,202502,2158
10300,0085,0016,202503,1344
10300,0085,0016,202504,1498
10300,0085,0016,202505,493
10300,0085,0016,202506,164
10300,0085,0016,202507,93
10300,0085,0016,202508,81
10300,0085,0016,202509,128
10300,0085,0016,202510,82
10300,0085,0016,202511,117
10300,0085,0023,202501,3635
10300,0085,0023,202502,6640
10300,0085,0023,202503,4386
10300,0085,0023,202504,4636
10300,0085,0023,202505,1455
10300,0085,0023,202506,1310
10300,0085,0023,202507,1210
10300,0085,0023,202508,1140
10300,0085,0023,202509,1049
10300,0085,0023,202510,152
10300,0085,0023,202511,222
10300,0085,0038,202501,1882
10300,0085,0038,202502,3244
10300,0085,0038,202503,2216
10300,0085,0038,202504,2819
10300,0085,0038,202505,3895
10300,0085,0038,202506,4713
10300,0085,0038,202507,5527
10300,0085,0038,202508,5745
10300,0085,0038,202509,6052
10300,0085,0038,202510,4664
10300,0085,0038,202511,1609
10300,0085,0041,202501,1788
10300,0085,0041,202502,2311
10300,0085,0041,202503,2381
10300,0085,0041,202504,1898
10300,0085,0041,202505,1290
10300,0085,0041,202506,737
10300,0085,0041,202507,407
10300,0085,0041,202508,105
10300,0085,0041,202509,140
10300,0085,0041,202510,129
10300,0085,0041,202511,280
10300,0086,0005,202501,1012
10300,0086,0005,202502,1392
10300,0086,0005,202503,1297
10300,0086,0005,202504,590
10300,0086,0005,202505,305
10300,0086,0005,202506,94
10300,0086,0005,202507,105
10300,0086,0005,202508,116
10300,0086,0005,202509,70
10300,0086,0005,202510,70
10300,0086,0005,202511,163
10300,0088,0029,202501,576
10300,0088,0029,202502,496
10300,0088,0029,202503,731
10300,0088,0029,202504,460
10300,0088,0029,202505,71
10300,0088,0029,202506,386
10300,0088,0029,202507,582
10300,0088,0029,202508,233
10300,0088,0029,202509,117
10300,0088,0029,202510,164
10300,0088,0029,202511,315
10300,0089,0010,202501,200
10300,0089,0010,202502,236
10300,0089,0010,202503,236
10300,0089,0010,202504,130
10300,0089,0010,202505,164
10300,0089,0010,202506,140
10300,0089,0010,202507,81
10300,0089,0010,202508,35
10300,0089,0010,202509,35
10300,0089,0010,202510,47
10300,0089,0010,202511,47
10300,0090,0007,202501,2012
10300,0090,0007,202502,2748
10300,0090,0007,202503,2900
10300,0090,0007,202504,2005
10300,0090,0007,202505,1126
10300,0090,0007,202506,515
10300,0090,0007,202507,337
10300,0090,0007,202508,140
10300,0090,0007,202509,105
10300,0090,0007,202510,117
10300,0090,0007,202511,420
10300,0091,0004,202501,1212
10300,0091,0004,202502,1817
10300,0091,0004,202503,2075
10300,0091,0004,202504,200
10300,0091,0004,202505,58
10300,0091,0004,202506,70
10300,0091,0004,202507,46
10300,0091,0004,202508,47
10300,0091,0004,202509,23
10300,0091,0004,202510,58
10300,0091,0004,202511,59
10300,0091,0008,202501,2270
10300,0091,0008,202502,2418
10300,0091,0008,202503,2912
10300,0091,0008,202504,1628
10300,0091,0008,202505,1044
10300,0091,0008,202506,421
10300,0091,0008,202507,198
10300,0091,0008,202508,128
10300,0091,0008,202509,105
10300,0091,0008,202510,105
10300,0091,0008,202511,431
10300,0091,0011,202501,353
10300,0091,0011,202502,354
10300,0091,0011,202505,117
10300,0091,0011,202507,849
10300,0091,0011,202509,117
10300,0091,0011,202510,117
10300,0091,0011,202511,198
10300,0091,0017,202501,2564
10300,0091,0017,202502,2701
10300,0091,0017,202503,2782
10300,0091,0017,202506,35
10300,0091,0017,202507,966
10300,0091,0017,202508,965
10300,0091,0017,202509,1108
10300,0091,0017,202510,1014
10300,0091,0017,202511,1259
10300,0091,0034,202501,741
10300,0091,0034,202502,1439
10300,0091,0034,202503,1627
10300,0091,0034,202504,932
10300,0091,0034,202505,258
10300,0091,0034,202506,23
10300,0091,0034,202507,12
10300,0091,0034,202508,23
10300,0091,0034,202509,12
10300,0091,0034,202510,12
10300,0091,0034,202511,93
10300,0091,0035,202501,1141
10300,0091,0035,202502,1321
10300,0091,0035,202503,1639
10300,0091,0035,202504,1014
10300,0091,0035,202505,575
10300,0091,0035,202506,175
10300,0091,0035,202507,175
10300,0091,0035,202508,93
10300,0091,0035,202509,70
10300,0091,0035,202510,117
10300,0091,0035,202511,140
10300,0092,0034,202501,12193
10300,0092,0034,202502,11908
10300,0092,0034,202503,9133
10300,0092,0034,202504,5896
10300,0092,0034,202505,4065
10300,0092,0034,202506,1728
10300,0092,0034,202507,664
10300,0092,0034,202508,502
10300,0092,0034,202509,396
10300,0092,0034,202510,759
10300,0092,0034,202511,3873
10300,0093,0010,202501,7070
10300,0093,0010,202502,7076
10300,0093,0010,202503,7827
10300,0093,0010,202504,3951
10300,0093,0010,202505,2616
10300,0093,0010,202506,1041
10300,0093,0010,202507,419
10300,0093,0010,202508,209
10300,0093,0010,202509,210
10300,0093,0010,202510,222
10300,0093,0010,202511,513
10300,0094,0021,202501,1859
10300,0094,0021,202502,2347
10300,0094,0021,202503,3112
10300,0094,0021,202504,2300
10300,0094,0021,202505,895
10300,0094,0021,202506,339
10300,0094,0021,202507,186
10300,0094,0021,202508,128
10300,0094,0021,202509,82
10300,0094,0021,202510,128
10300,0094,0021,202511,152
10300,0095,0008,202501,3118
10300,0095,0008,202502,3963
10300,0095,0008,202503,3902
10300,0095,0008,202504,3042
10300,0095,0008,202505,1520
10300,0095,0008,202506,561
10300,0095,0008,202507,524
10300,0095,0008,202508,453
10300,0095,0008,202509,315
10300,0095,0008,202510,384
10300,0095,0008,202511,501
10300,0095,0011,202501,1965
10300,0095,0011,202502,2642
10300,0095,0011,202503,3218
10300,0095,0011,202504,2076
10300,0095,0011,202505,680
10300,0095,0011,202506,199
10300,0095,0011,202507,151
10300,0095,0011,202508,82
10300,0095,0011,202509,82
10300,0095,0011,202510,105
10300,0095,0011,202511,105
10300,0096,0007,202501,14801
10300,0096,0007,202502,15374
10300,0096,0007,202503,10726
10300,0096,0007,202504,10898
10300,0096,0007,202505,2523
10300,0096,0007,202506,1225
10300,0096,0007,202507,502
10300,0096,0007,202508,384
10300,0096,0007,202509,384
10300,0096,0007,202510,351
10300,0096,0007,202511,2905
10300,0096,0017,202501,2058
10300,0096,0017,202502,4541
10300,0096,0017,202503,5871
10300,0096,0017,202504,2276
10300,0096,0017,202505,1525
10300,0096,0017,202506,1194
10300,0096,0017,202507,662
10300,0096,0017,202508,279
10300,0096,0017,202509,199
10300,0096,0017,202510,269
10300,0096,0017,202511,618
10300,0096,0019,202501,6611
10300,0096,0019,202502,9141
10300,0096,0019,202503,8264
10300,0096,0019,202504,7761
10300,0096,0019,202505,8435
10300,0096,0019,202506,9509
10300,0096,0019,202507,7377
10300,0096,0019,202508,5768
10300,0096,0019,202509,5807
10300,0096,0019,202510,6052
10300,0096,0019,202511,6811
10300,0097,0020,202501,34329
10300,0097,0020,202502,33436
10300,0097,0020,202503,22503
10300,0097,0020,202504,14328
10300,0097,0020,202505,8374
10300,0097,0020,202506,3884
10300,0097,0020,202507,2365
10300,0097,0020,202508,2075
10300,0097,0020,202509,1679
10300,0097,0020,202510,2986
10300,0097,0020,202511,10677
10300,0097,0022,202501,1623
10300,0097,0022,202502,2182
10300,0097,0022,202503,2122
10300,0097,0022,202504,1026
10300,0097,0022,202505,633
10300,0097,0022,202506,257
10300,0097,0022,202507,81
10300,0097,0022,202508,23
10300,0097,0022,202509,23
10300,0097,0022,202510,23
10300,0097,0022,202511,117
10300,0098,0010,202501,1682
10300,0098,0010,202502,1923
10300,0098,0010,202503,2122
10300,0098,0010,202504,1156
10300,0098,0010,202505,492
10300,0098,0010,202506,199
10300,0098,0010,202507,174
10300,0098,0010,202508,116
10300,0098,0010,202509,70
10300,0098,0010,202510,117
10300,0098,0010,202511,210
10300,0098,0014,202501,4011
10300,0098,0014,202502,4659
10300,0098,0014,202503,4597
10300,0098,0014,202504,3161
10300,0098,0014,202505,2311
10300,0098,0014,202506,1439
10300,0098,0014,202507,1129
10300,0098,0014,202508,1384
10300,0098,0014,202509,1213
10300,0098,0014,202510,1003
10300,0098,0014,202511,1388
10300,0099,0004,202501,4000
10300,0099,0004,202502,4553
10300,0099,0004,202503,3548
10300,0099,0004,202504,2147
10300,0099,0004,202505,1819
10300,0099,0004,202506,1204
10300,0099,0004,202507,1187
10300,0099,0004,202508,1163
10300,0099,0004,202509,933
10300,0099,0004,202510,968
10300,0099,0004,202511,1434
10300,0100,0002,202501,3012
10300,0100,0002,202502,3892
10300,0100,0002,202503,3006
10300,0100,0002,202504,1651
10300,0100,0002,202505,730
10300,0100,0002,202506,246
10300,0100,0002,202507,175
10300,0100,0002,202508,105
10300,0100,0002,202509,82
10300,0100,0002,202510,82
10300,0100,0002,202511,466
10300,0100,0004,202501,5670
10300,0100,0004,202502,6876
10300,0100,0004,202503,5965
10300,0100,0004,202504,3976
10300,0100,0004,202505,2046
10300,0100,0004,202506,1006
10300,0100,0004,202507,594
10300,0100,0004,202508,489
10300,0100,0004,202509,385
10300,0100,0004,202510,421
10300,0100,0004,202511,1225
10300,0100,0017,202501,3200
10300,0100,0017,202502,3503
10300,0100,0017,202503,3018
10300,0100,0017,202504,1675
10300,0100,0017,202505,551
10300,0100,0017,202506,199
10300,0100,0017,202507,116
10300,0100,0017,202508,81
10300,0100,0017,202509,82
10300,0100,0017,202510,82
10300,0100,0017,202511,548
10300,0100,0032,202501,3447
10300,0100,0032,202502,4518
10300,0100,0032,202503,3796
10300,0100,0032,202504,2712
10300,0100,0032,202505,1432
10300,0100,0032,202506,935
10300,0100,0032,202507,802
10300,0100,0032,202508,826
10300,0100,0032,202509,595
10300,0100,0032,202510,769
10300,0100,0032,202511,875
10300,0100,0034,202501,1388
10300,0100,0034,202502,1768
10300,0100,0034,202503,1320
10300,0100,0034,202504,707
10300,0100,0034,202505,575
10300,0100,0034,202506,409
10300,0100,0034,202507,233
10300,0100,0034,202508,151
10300,0100,0034,202509,105
10300,0100,0034,202510,117
10300,0100,0034,202511,326
10300,0103,0006,202501,2754
10300,0103,0006,202502,3409
10300,0103,0006,202503,3124
10300,0103,0006,202504,2253
10300,0103,0006,202505,1607
10300,0103,0006,202506,667
10300,0103,0006,202507,291
10300,0103,0006,202508,210
10300,0103,0006,202509,176
10300,0103,0006,202510,210
10300,0103,0006,202511,630
10300,0103,0015,202501,1505
10300,0103,0015,202502,1781
10300,0103,0015,202503,1309
10300,0103,0015,202504,1297
10300,0103,0015,202505,610
10300,0103,0015,202506,199
10300,0103,0015,202507,116
10300,0103,0015,202508,116
10300,0103,0015,202509,70
10300,0103,0015,202510,70
10300,0103,0015,202511,234
10300,0103,0027,202501,2235
10300,0103,0027,202502,2560
10300,0103,0027,202503,2452
10300,0103,0027,202504,1793
10300,0103,0027,202505,1079
10300,0103,0027,202506,526
10300,0103,0027,202507,210
10300,0103,0027,202508,105
10300,0103,0027,202509,70
10300,0103,0027,202510,152
10300,0103,0027,202511,537
10300,0104,0002,202501,1329
10300,0104,0002,202502,2076
10300,0104,0002,202503,1874
10300,0104,0002,202504,955
10300,0104,0002,202505,364
10300,0104,0002,202506,117
10300,0104,0002,202507,268
10300,0104,0002,202508,47
10300,0104,0002,202509,23
10300,0104,0002,202510,35
10300,0104,0002,202511,140
10300,0104,0003,202501,7141
10300,0104,0003,202502,7443
10300,0104,0003,202503,6283
10300,0104,0003,202504,6404
10300,0104,0003,202505,7825
10300,0104,0003,202506,5977
10300,0104,0003,202507,6364
10300,0104,0003,202508,7141
10300,0104,0003,202509,5271
10300,0104,0003,202510,6460
10300,0104,0003,202511,5831
10300,0105,0006,202501,1953
10300,0105,0006,202502,2477
10300,0105,0006,202503,2853
10300,0105,0006,202504,1309
10300,0105,0006,202505,704
10300,0105,0006,202506,351
10300,0105,0006,202507,186
10300,0105,0006,202508,70
10300,0105,0006,202509,58
10300,0105,0006,202510,70
10300,0105,0006,202511,303
10300,0105,0013,202501,694
10300,0105,0013,202502,873
10300,0105,0013,202503,1168
10300,0105,0013,202504,424
10300,0105,0013,202505,446
10300,0105,0013,202506,199
10300,0105,0013,202507,221
10300,0105,0013,202508,198
10300,0105,0013,202509,164
10300,0105,0013,202510,70
10300,0105,0013,202511,117
10300,0105,0025,202501,3647
10300,0105,0025,202502,4942
10300,0105,0025,202503,5564
10300,0105,0025,202504,2901
10300,0105,0025,202505,1372
10300,0105,0025,202506,503
10300,0105,0025,202507,23
10300,0105,0025,202508,117
10300,0105,0025,202509,140
10300,0105,0025,202510,163
10300,0105,0025,202511,164
10300,0106,0025,202501,3270
10300,0106,0025,202502,4175
10300,0106,0025,202503,4302
10300,0106,0025,202504,2382
10300,0106,0025,202505,1114
10300,0106,0025,202506,421
10300,0106,0025,202507,244
10300,0106,0025,202508,151
10300,0106,0025,202509,93
10300,0106,0025,202510,152
10300,0106,0025,202511,315
10300,0107,0002,202501,31993
10300,0107,0002,202502,30557
10300,0107,0002,202503,24163
10300,0107,0002,202504,13513
10300,0107,0002,202505,5479
10300,0107,0002,202506,3464
10300,0107,0002,202507,2364
10300,0107,0002,202508,1933
10300,0107,0002,202509,1668
10300,0107,0002,202510,2204
10300,0107,0002,202511,7315
10300,0109,0028,202501,5054
10300,0109,0028,202502,5024
10300,0109,0028,202503,4762
10300,0109,0028,202504,2914
10300,0109,0028,202505,2393
10300,0109,0028,202506,1906
10300,0109,0028,202507,1617
10300,0109,0028,202508,1221
10300,0109,0028,202509,991
10300,0109,0028,202510,921
10300,0109,0028,202511,1411
10300,0109,0029,202501,2282
10300,0109,0029,202502,2736
10300,0109,0029,202503,3701
10300,0109,0029,202504,1226
10300,0109,0029,202505,657
10300,0109,0029,202506,550
10300,0109,0029,202507,314
10300,0109,0029,202508,93
10300,0109,0029,202509,12
10300,0109,0029,202510,58
10300,0109,0029,202511,350
10300,0110,0001,202501,3082
10300,0110,0001,202502,3845
10300,0110,0001,202503,3784
10300,0110,0001,202504,2276
10300,0110,0001,202505,1619
10300,0110,0001,202506,760
10300,0110,0001,202507,466
10300,0110,0001,202508,292
10300,0110,0001,202509,222
10300,0110,0001,202510,164
10300,0110,0001,202511,327
10300,0110,0013,202501,1859
10300,0110,0013,202502,1828
10300,0110,0013,202503,1639
10300,0110,0013,202504,1769
10300,0110,0013,202505,2018
10300,0110,0013,202506,1813
10300,0110,0013,202507,1419
10300,0110,0013,202508,1616
10300,0110,0013,202509,1073
10300,0110,0013,202510,1143
10300,0110,0013,202511,1341
10300,0118,0003,202510,3393
10300,0118,0003,202511,4467
10300,0118,0004,202501,5918
10300,0118,0004,202502,6770
10300,0118,0004,202503,7038
10300,0118,0004,202504,3609
10300,0118,0004,202505,2006
10300,0118,0004,202506,948
10300,0118,0004,202507,477
10300,0118,0004,202508,407
10300,0118,0004,202509,350
10300,0118,0004,202510,396
10300,0118,0004,202511,805
10300,0118,0005,202510,1096
10300,0118,0005,202511,2379
10300,0121,0003,202501,1282
10300,0121,0003,202502,778
10300,0121,0003,202503,1709
10300,0121,0003,202504,1887
10300,0121,0003,202505,751
10300,0121,0003,202506,807
10300,0121,0003,202507,419
10300,0121,0003,202508,674
10300,0121,0003,202509,525
10300,0121,0003,202510,676
10300,0121,0003,202511,408
10300,0122,0007,202501,5318
10300,0122,0007,202502,7477
10300,0122,0007,202503,6496
10300,0122,0007,202504,3692
10300,0122,0007,202505,2991
10300,0122,0007,202506,2772
10300,0122,0007,202507,955
10300,0122,0007,202508,362
10300,0122,0007,202509,351
10300,0122,0007,202510,385
10300,0122,0007,202511,898
10300,0122,0008,202501,435
10300,0122,0008,202502,531
10300,0122,0008,202503,413
10300,0122,0008,202504,318
10300,0122,0008,202505,246
10300,0122,0008,202506,304
10300,0122,0008,202507,303
10300,0122,0008,202508,349
10300,0122,0008,202509,338
10300,0122,0008,202510,315
10300,0122,0008,202511,292
10300,0122,0018,202501,2835
10300,0122,0018,202502,3350
10300,0122,0018,202503,3548
10300,0122,0018,202504,2453
10300,0122,0018,202505,1419
10300,0122,0018,202506,655
10300,0122,0018,202507,512
10300,0122,0018,202508,395
10300,0122,0018,202509,315
10300,0122,0021,202501,26022
10300,0122,0021,202502,26692
10300,0122,0021,202503,30272
10300,0122,0021,202504,24214
10300,0122,0021,202505,20999
10300,0122,0021,202506,9731
10300,0122,0021,202507,5282
10300,0122,0021,202508,3489
10300,0122,0021,202509,2542
10300,0122,0021,202510,3008
10300,0122,0021,202511,7499
10300,0122,0022,202501,20516
10300,0122,0022,202502,28438
10300,0122,0022,202503,35141
10300,0122,0022,202504,22822
10300,0122,0022,202505,14981
10300,0122,0022,202506,8959
10300,0122,0022,202507,4794
10300,0122,0022,202508,3442
10300,0122,0022,202509,3440
10300,0122,0022,202510,3172
10300,0122,0022,202511,7417
10300,0122,0026,202501,12858
10300,0122,0026,202502,14260
10300,0122,0026,202503,17388
10300,0122,0026,202504,10025
10300,0122,0026,202505,9913
10300,0122,0026,202506,4948
10300,0122,0026,202507,3339
10300,0122,0026,202508,2024
10300,0122,0026,202509,945
10300,0122,0026,202510,1411
10300,0122,0026,202511,3755
10300,0123,0016,202501,18586
10300,0123,0016,202502,18215
10300,0123,0016,202503,15714
10300,0123,0016,202504,7995
10300,0123,0016,202505,5866
10300,0123,0016,202506,2532
10300,0123,0016,202507,1314
10300,0123,0016,202508,1199
10300,0123,0016,202509,957
10300,0123,0016,202510,1480
10300,0123,0016,202511,5529
10300,0123,0023,202501,1494
10300,0123,0023,202502,1781
10300,0123,0023,202503,1969
10300,0123,0023,202504,1345
10300,0123,0023,202505,1068
10300,0123,0023,202506,444
10300,0123,0023,202507,81
10300,0123,0023,202508,35
10300,0123,0023,202509,35
10300,0123,0023,202510,35
10300,0123,0023,202511,58
10300,0124,0023,202501,3494
10300,0124,0023,202502,4069
10300,0124,0023,202503,4137
10300,0124,0023,202504,1734
10300,0124,0023,202505,798
10300,0124,0023,202506,421
10300,0124,0023,202507,221
10300,0124,0023,202508,105
10300,0124,0023,202509,94
10300,0124,0023,202510,116
10300,0124,0023,202511,221
10300,0125,0020,202501,306
10300,0125,0020,202502,425
10300,0125,0020,202503,1662
10300,0125,0020,202504,342
10300,0125,0020,202505,340
10300,0125,0020,202506,257
10300,0125,0020,202507,81
10300,0125,0020,202508,23
10300,0125,0020,202509,12
10300,0125,0020,202510,23
10300,0125,0020,202511,105
10300,0125,0022,202501,682
10300,0125,0022,202502,1664
10300,0125,0022,202503,2322
10300,0125,0022,202504,1368
10300,0125,0022,202505,516
10300,0125,0022,202506,432
10300,0125,0022,202507,361
10300,0125,0022,202508,267
10300,0125,0022,202509,210
10300,0125,0022,202510,268
10300,0125,0022,202511,338
10300,0125,0028,202501,1988
10300,0125,0028,202502,1910
10300,0125,0028,202503,1734
10300,0125,0028,202504,1026
10300,0125,0028,202505,1466
10300,0125,0028,202506,538
10300,0125,0028,202507,384
10300,0125,0028,202508,465
10300,0125,0028,202509,292
10300,0125,0028,202510,128
10300,0125,0028,202511,117
10300,0126,0008,202501,2835
10300,0126,0008,202502,2725
10300,0126,0008,202503,3288
10300,0126,0008,202504,1592
10300,0126,0008,202505,516
10300,0126,0008,202506,316
10300,0126,0008,202507,350
10300,0126,0008,202508,186
10300,0126,0008,202509,175
10300,0126,0008,202510,175
10300,0126,0008,202511,279
10300,0126,0009,202501,59
10300,0126,0009,202502,71
10300,0126,0009,202503,35
10300,0126,0009,202505,539
10300,0126,0009,202506,187
10300,0126,0009,202507,105
10300,0126,0009,202508,58
10300,0126,0009,202509,47
10300,0126,0009,202510,58
10300,0126,0009,202511,175
10300,0126,0015,202501,1741
10300,0126,0015,202502,1911
10300,0126,0015,202503,2169
10300,0126,0015,202504,1203
10300,0126,0015,202505,610
10300,0126,0015,202506,58
10300,0126,0015,202507,23
10300,0126,0015,202508,12
10300,0126,0015,202511,70
10300,0170,0011,202501,1247
10300,0170,0011,202502,1746
10300,0170,0011,202503,2063
10300,0170,0011,202504,743
10300,0170,0011,202505,469
10300,0170,0011,202506,269
10300,0170,0011,202507,23
10300,0170,0011,202511,187
10300,0170,0025,202501,12
10300,0170,0025,202502,35
10300,0170,0025,202504,12
10300,0170,0025,202505,12
10300,0170,0025,202507,12
10300,0170,0025,202508,58
10300,0170,0025,202509,187
10300,0170,0025,202510,58
10300,0170,0026,202501,10051
10300,0170,0026,202502,16159
10300,0170,0026,202503,18649
10300,0170,0026,202504,11771
10300,0170,0026,202505,7097
10300,0170,0026,202506,4316
10300,0170,0026,202507,2711
10300,0170,0026,202508,1803
10300,0170,0026,202509,1912
10300,0170,0026,202510,1737
10300,0170,0026,202511,2717
10300,0170,0035,202501,3058
10300,0170,0035,202502,2925
10300,0170,0035,202503,4126
10300,0170,0035,202504,2383
10300,0170,0035,202505,1372
10300,0170,0035,202506,35
10300,0170,0035,202507,350
10300,0170,0035,202508,221
10300,0170,0035,202509,152
10300,0170,0035,202510,222
10300,0170,0035,202511,747
10300,0171,0004,202501,541
10300,0171,0004,202502,118
10300,0171,0004,202503,731
10300,0171,0004,202504,177
10300,0171,0004,202505,94
10300,0171,0004,202506,188
10300,0171,0018,202501,45458
10300,0171,0018,202502,48793
10300,0171,0018,202503,49786
10300,0171,0018,202504,33889
10300,0171,0018,202505,19445
10300,0171,0018,202506,7797
10300,0171,0018,202507,29796
10300,0171,0018,202508,48890
10300,0171,0018,202509,50485
10300,0171,0018,202510,51039
10300,0171,0018,202511,7538
10300,0172,0024,202501,18540
10300,0172,0024,202502,20252
10300,0172,0024,202503,22138
10300,0172,0024,202504,15462
10300,0172,0024,202505,10394
10300,0172,0024,202506,6129
10300,0172,0024,202507,4014
10300,0172,0024,202508,2454
10300,0172,0024,202509,2857
10300,0172,0024,202510,2670
10300,0172,0024,202511,4432
10300,0172,0047,202501,1341
10300,0172,0047,202502,2052
10300,0172,0047,202503,2381
10300,0172,0047,202504,1392
10300,0172,0047,202505,504
10300,0172,0047,202506,70
10300,0172,0047,202507,81
10300,0172,0047,202508,47
10300,0172,0047,202509,35
10300,0172,0047,202510,23
10300,0172,0047,202511,35
10300,0207,0007,202501,12246
10300,0207,0007,202502,18187
10300,0207,0007,202503,23388
10300,0207,0007,202504,16878
10300,0207,0007,202505,8236
10300,0207,0007,202506,3544
10300,0207,0007,202507,4025
10300,0207,0007,202508,1128
10300,0207,0007,202509,2764
10300,0207,0007,202510,2192
10300,0207,0007,202511,4023
10300,0207,0011,202501,94
10300,0207,0011,202502,71
10300,0207,0011,202503,106
10300,0207,0011,202504,59
10300,0207,0011,202505,59
10300,0207,0011,202506,58
10300,0207,0011,202507,47
10300,0207,0011,202508,58
10300,0207,0011,202509,58
10300,0207,0011,202510,47
10300,0207,0011,202511,58
10300,0207,0022,202501,2223
10300,0207,0022,202502,2477
10300,0207,0022,202503,3159
10300,0207,0022,202504,2559
10300,0207,0022,202505,2234
10300,0207,0022,202506,702
10300,0207,0022,202507,58
10300,0207,0022,202508,12
10300,0207,0022,202510,12
10300,0207,0022,202511,82
10300,0207,0027,202501,15269
10300,0207,0027,202502,12196
10300,0207,0027,202503,24060
10300,0207,0027,202504,15816
10300,0207,0027,202505,9256
10300,0207,0027,202506,3825
10300,0207,0027,202507,3874
10300,0207,0027,202508,1337
10300,0207,0027,202509,2052
10300,0207,0027,202510,1831
10300,0207,0027,202511,5563
10300,0210,0002,202501,5682
10300,0210,0002,202502,8822
10300,0210,0002,202503,8511
10300,0210,0002,202504,4246
10300,0210,0002,202505,2382
10300,0210,0002,202506,1040
10300,0210,0002,202507,628
10300,0210,0002,202508,361
10300,0210,0002,202509,292
10300,0210,0002,202510,350
10300,0210,0002,202511,921
10300,0210,0005,202501,3105
10300,0210,0005,202502,4340
10300,0210,0005,202503,4916
10300,0210,0005,202504,2701
10300,0210,0005,202505,2182
10300,0210,0005,202506,994
10300,0210,0005,202507,617
10300,0210,0005,202508,361
10300,0210,0005,202509,315
10300,0210,0005,202510,350
10300,0210,0005,202511,665
10300,0210,0010,202501,2870
10300,0210,0010,202502,3185
10300,0210,0010,202503,3100
10300,0210,0010,202504,1569
10300,0210,0010,202505,622
10300,0210,0010,202506,175
10300,0210,0010,202507,186
10300,0210,0010,202508,70
10300,0210,0010,202509,35
10300,0210,0010,202510,58
10300,0210,0010,202511,210
10300,0211,0004,202501,1718
10300,0211,0004,202502,2559
10300,0211,0004,202503,2688
10300,0211,0004,202504,1156
10300,0211,0004,202505,657
10300,0211,0004,202506,281
10300,0211,0004,202507,186
10300,0211,0004,202508,140
10300,0211,0004,202509,117
10300,0211,0004,202510,140
10300,0211,0004,202511,163
10300,0212,0013,202501,3094
10300,0212,0013,202502,2795
10300,0212,0013,202503,3218
10300,0212,0013,202504,531
10300,0212,0013,202505,258
10300,0212,0013,202506,211
10300,0212,0013,202507,163
10300,0212,0013,202508,105
10300,0212,0013,202509,70
10300,0212,0013,202510,47
10300,0212,0013,202511,152
10300,0212,0025,202501,1153
10300,0212,0025,202502,1203
10300,0212,0025,202503,1096
10300,0212,0025,202504,1085
10300,0212,0025,202505,809
10300,0212,0030,202501,4552
10300,0212,0030,202502,5072
10300,0212,0030,202503,5304
10300,0212,0030,202504,3656
10300,0212,0030,202505,3320
10300,0212,0030,202506,2959
10300,0212,0030,202507,3502
10300,0212,0030,202508,4128
10300,0212,0030,202509,4338
10300,0212,0030,202510,3230
10300,0212,0030,202511,2554
10300,0215,0002,202501,2517
10300,0215,0002,202502,3055
10300,0215,0002,202503,3348
10300,0215,0002,202504,2182
10300,0215,0002,202505,1736
10300,0215,0002,202506,877
10300,0215,0002,202507,500
10300,0215,0002,202508,267
10300,0215,0002,202509,175
10300,0215,0002,202510,175
10300,0215,0002,202511,525
10300,0215,0004,202501,2117
10300,0215,0004,202502,2689
10300,0215,0004,202503,2617
10300,0215,0004,202504,1439
10300,0215,0004,202505,459
10300,0215,0004,202506,117
10300,0215,0004,202507,58
10300,0215,0004,202508,12
10300,0215,0004,202509,35
10300,0215,0004,202510,35
10300,0215,0004,202511,117
10300,0215,0011,202501,2894
10300,0215,0011,202502,3550
10300,0215,0011,202503,3984
10300,0215,0011,202504,2382
10300,0215,0011,202505,1701
10300,0215,0011,202506,1099
10300,0215,0011,202507,1012
10300,0215,0011,202508,698
10300,0215,0011,202509,688
10300,0215,0011,202510,781
10300,0215,0011,202511,921
10300,0215,0012,202501,2259
10300,0215,0012,202502,2371
10300,0215,0012,202503,2169
10300,0215,0012,202504,1132
10300,0215,0012,202505,540
10300,0215,0012,202506,117
10300,0215,0012,202507,82
10300,0215,0012,202508,35
10300,0215,0012,202509,35
10300,0215,0012,202510,35
10300,0215,0012,202511,58
10300,0412,0004,202501,365
10300,0412,0004,202502,602
10300,0412,0004,202503,707
10300,0412,0004,202504,201
10300,0412,0004,202505,47
10300,0412,0004,202511,12
10300,0412,0007,202501,4071
10300,0412,0007,202502,28885
10300,0412,0007,202503,45220
10300,0412,0007,202504,26856
10300,0412,0007,202505,4423
10300,0412,0007,202506,959
10300,0412,0007,202507,838
10300,0412,0007,202508,861
10300,0412,0007,202509,1015
10300,0412,0007,202510,735
10300,0412,0007,202511,1796
10300,0412,0008,202501,16833
10300,0412,0008,202502,17716
10300,0412,0008,202503,22281
10300,0412,0008,202504,13138
10300,0412,0008,202505,10019
10300,0412,0008,202506,6796
10300,0412,0008,202507,4701
10300,0412,0008,202508,3267
10300,0412,0008,202509,2799
10300,0412,0008,202510,2636
10300,0412,0008,202511,4548
10300,0412,0024,202501,3270
10300,0412,0024,202502,2795
10300,0412,0024,202503,3183
10300,0412,0024,202504,2241
10300,0412,0024,202505,833
10300,0412,0024,202506,234
10300,0412,0024,202507,186
10300,0412,0024,202508,93
10300,0412,0024,202509,82
10300,0412,0024,202510,47
10300,0412,0024,202511,152
10300,0413,0018,202501,2835
10300,0413,0018,202502,2595
10300,0413,0018,202503,3195
10300,0413,0018,202504,1639
10300,0413,0018,202505,587
10300,0413,0018,202506,398
10300,0413,0018,202507,233
10300,0413,0018,202508,210
10300,0413,0018,202509,187
10300,0413,0018,202510,187
10300,0413,0018,202511,432
10300,0413,0019,202501,1847
10300,0413,0019,202502,2252
10300,0413,0019,202503,2959
10300,0413,0019,202504,1179
10300,0413,0019,202505,657
10300,0413,0019,202506,467
10300,0413,0019,202507,256
10300,0413,0019,202508,209
10300,0413,0019,202509,117
10300,0413,0019,202510,140
10300,0413,0019,202511,1096
10300,0413,0029,202501,2118
10300,0413,0029,202502,1875
10300,0413,0029,202503,1887
10300,0413,0029,202504,1097
10300,0413,0029,202505,399
10300,0413,0029,202506,24
10300,0413,0029,202507,23
10300,0413,0029,202508,12
10300,0413,0029,202509,35
10300,0413,0029,202510,47
10300,0413,0029,202511,82
10300,0413,0040,202501,1800
10300,0413,0040,202502,1698
10300,0413,0040,202503,2393
10300,0413,0040,202504,460
10300,0413,0040,202505,563
10300,0413,0040,202506,94
10300,0413,0040,202507,70
10300,0413,0040,202508,47
10300,0413,0040,202509,23
10300,0413,0040,202510,47
10300,0413,0040,202511,93
10300,0415,0022,202501,141
10300,0415,0022,202502,24
10300,0415,0022,202503,436
10300,0415,0022,202504,566
10300,0415,0022,202505,12
10300,0415,0022,202506,585
10300,0415,0022,202507,81
10300,0415,0022,202511,58
10300,0415,0054,202501,8446
10300,0415,0054,202502,7561
10300,0415,0054,202503,11894
10300,0415,0054,202504,6558
10300,0415,0054,202505,6476
10300,0415,0054,202506,6117
10300,0415,0054,202507,4817
10300,0415,0054,202508,3152
10300,0415,0054,202509,3848
10300,0415,0054,202510,3207
10300,0415,0054,202511,4676
10300,0415,0067,202501,7388
10300,0415,0067,202502,7655
10300,0415,0067,202503,8947
10300,0415,0067,202504,3409
10300,0415,0067,202505,1408
10300,0415,0067,202506,58
10300,0415,0067,202507,23
10300,0415,0067,202508,12
10300,0415,0067,202511,12
10300,0415,0068,202501,6882
10300,0415,0068,202502,7242
10300,0415,0068,202503,8229
10300,0415,0068,202504,3444
10300,0415,0068,202505,1314
10300,0415,0068,202506,316
10300,0415,0068,202507,93
10300,0415,0068,202508,47
10300,0415,0068,202509,47
10300,0415,0068,202510,47
10300,0415,0068,202511,467
10300,0416,0001,202501,2529
10300,0416,0001,202502,2194
10300,0416,0001,202503,2582
10300,0416,0001,202504,1215
10300,0416,0001,202505,551
10300,0416,0001,202506,387
10300,0416,0001,202507,326
10300,0416,0001,202508,244
10300,0416,0001,202509,233
10300,0416,0001,202510,199
10300,0416,0001,202511,315
10300,0416,0004,202501,4717
10300,0416,0004,202502,11035
10300,0416,0004,202504,389
10300,0416,0004,202505,1413
10300,0416,0004,202506,595
10300,0416,0004,202507,326
10300,0416,0004,202508,233
10300,0416,0004,202509,233
10300,0416,0004,202510,303
10300,0416,0004,202511,1318
10300,0416,0006,202501,17799
10300,0416,0006,202502,18706
10300,0416,0006,202503,20724
10300,0416,0006,202504,19402
10300,0416,0006,202505,15356
10300,0416,0006,202506,14504
10300,0416,0006,202507,11717
10300,0416,0006,202508,10083
10300,0416,0006,202509,9935
10300,0416,0006,202510,9142
10300,0416,0006,202511,11709
10300,0416,0007,202501,1870
10300,0416,0007,202502,2170
10300,0416,0007,202503,2876
10300,0416,0007,202504,2984
10300,0416,0007,202505,2464
10300,0416,0007,202506,2304
10300,0416,0007,202507,1920
10300,0416,0007,202508,1500
10300,0416,0007,202509,1364
10300,0416,0007,202510,1515
10300,0416,0007,202511,1947
10300,0417,0003,202501,6576
10300,0417,0003,202502,6782
10300,0417,0003,202503,8169
10300,0417,0003,202504,4752
10300,0417,0003,202505,2323
10300,0417,0003,202506,1555
10300,0417,0003,202507,443
10300,0417,0003,202508,279
10300,0417,0003,202509,292
10300,0417,0003,202510,245
10300,0417,0003,202511,956
10300,0417,0005,202501,341
10300,0417,0005,202502,413
10300,0417,0005,202503,519
10300,0417,0005,202504,59
10300,0417,0005,202505,47
10300,0417,0005,202506,47
10300,0417,0005,202507,47
10300,0417,0005,202508,35
10300,0417,0005,202509,23
10300,0417,0005,202510,35
10300,0417,0005,202511,35
10300,0417,0035,202501,6659
10300,0417,0035,202502,6522
10300,0417,0035,202503,8393
10300,0417,0035,202504,4246
10300,0417,0035,202505,2006
10300,0417,0035,202506,690
10300,0417,0035,202507,349
10300,0417,0035,202508,221
10300,0417,0035,202509,245
10300,0417,0035,202510,256
10300,0417,0035,202511,968
10300,0417,0041,202501,2000
10300,0417,0041,202502,1651
10300,0417,0041,202503,1757
10300,0417,0041,202504,696
10300,0417,0041,202505,422
10300,0417,0041,202506,479
10300,0417,0041,202507,523
10300,0417,0041,202508,535
10300,0417,0041,202509,513
10300,0417,0041,202510,397
10300,0417,0041,202511,700
10300,0418,0017,202501,2283
10300,0418,0017,202502,2265
10300,0418,0017,202503,2817
10300,0418,0017,202504,1687
10300,0418,0017,202505,950
10300,0418,0017,202506,339
10300,0418,0017,202507,151
10300,0418,0017,202508,81
10300,0418,0017,202509,93
10300,0418,0017,202510,47
10300,0418,0017,202511,409
10300,0418,0022,202501,305
10300,0418,0022,202502,802
10300,0418,0022,202503,849
10300,0418,0022,202504,153
10300,0418,0022,202505,35
10300,0418,0022,202511,82
10300,0418,0023,202501,941
10300,0418,0023,202502,1557
10300,0418,0023,202503,1698
10300,0418,0023,202504,495
10300,0418,0023,202505,59
10300,0419,0008,202501,5211
10300,0419,0008,202502,4694
10300,0419,0008,202503,4928
10300,0419,0008,202504,1604
10300,0419,0008,202505,141
10300,0419,0008,202506,47
10300,0419,0008,202507,151
10300,0419,0008,202508,70
10300,0419,0008,202509,70
10300,0419,0008,202510,47
10300,0419,0008,202511,910
10300,0419,0019,202501,824
10300,0419,0019,202502,1155
10300,0419,0019,202503,1250
10300,0419,0019,202504,672
10300,0419,0019,202505,270
10300,0419,0019,202506,234
10300,0419,0019,202507,186
10300,0419,0019,202508,105
10300,0419,0019,202509,82
10300,0419,0019,202510,82
10300,0419,0019,202511,187
10300,0419,0021,202501,3400
10300,0419,0021,202502,2819
10300,0419,0021,202503,3630
10300,0419,0021,202504,2559
10300,0419,0021,202505,1597
10300,0419,0021,202506,1380
10300,0419,0021,202507,733
10300,0419,0021,202508,408
10300,0419,0021,202509,361
10300,0419,0021,202510,397
10300,0419,0021,202511,922
10300,0419,0029,202501,1282
10300,0419,0029,202502,1156
10300,0419,0029,202503,1839
10300,0419,0029,202504,696
10300,0419,0029,202505,305
10300,0419,0029,202506,234
10300,0419,0029,202507,163
10300,0419,0029,202508,81
10300,0419,0029,202509,82
10300,0419,0029,202510,93
10300,0419,0029,202511,408
10300,0420,0002,202501,3423
10300,0420,0002,202502,2961
10300,0420,0002,202503,3713
10300,0420,0002,202504,1864
10300,0420,0002,202505,1173
10300,0420,0002,202506,889
10300,0420,0002,202507,373
10300,0420,0002,202508,408
10300,0420,0002,202509,338
10300,0420,0002,202510,385
10300,0420,0002,202511,408
10300,0420,0004,202501,2235
10300,0420,0004,202502,1958
10300,0420,0004,202503,2900
10300,0420,0004,202504,1310
10300,0420,0004,202505,234
10300,0420,0004,202506,257
10300,0420,0004,202507,105
10300,0420,0004,202508,105
10300,0420,0004,202509,82
10300,0420,0004,202510,58
10300,0420,0004,202511,280
10300,0420,0014,202501,1200
10300,0420,0014,202502,1168
10300,0420,0014,202503,1721
10300,0420,0014,202504,861
10300,0420,0014,202505,481
10300,0420,0014,202506,187
10300,0420,0014,202507,35
10300,0420,0014,202508,35
10300,0420,0014,202509,12
10300,0420,0014,202510,23
10300,0420,0014,202511,292
10300,0420,0023,202501,2247
10300,0420,0023,202502,3067
10300,0420,0023,202503,4067
10300,0420,0023,202504,979
10300,0420,0023,202505,176
10300,0420,0023,202506,164
10300,0420,0023,202507,209
10300,0420,0023,202508,70
10300,0420,0023,202509,47
10300,0420,0023,202510,117
10300,0420,0023,202511,128
10300,0420,0024,202501,3506
10300,0420,0024,202502,3538
10300,0420,0024,202503,4208
10300,0420,0024,202504,3103
10300,0420,0024,202505,2147
10300,0420,0024,202506,1848
10300,0420,0024,202507,1629
10300,0420,0024,202508,1454
10300,0420,0024,202509,1399
10300,0420,0024,202510,1504
10300,0420,0024,202511,1690
10300,0420,0026,202501,2094
10300,0420,0026,202502,1946
10300,0420,0026,202503,2063
10300,0420,0026,202504,1333
10300,0420,0026,202505,809
10300,0420,0026,202506,632
10300,0420,0026,202507,291
10300,0420,0026,202508,128
10300,0420,0026,202509,105
10300,0420,0026,202510,140
10300,0420,0026,202511,571
10300,0420,0031,202501,2305
10300,0420,0031,202502,2665
10300,0420,0031,202503,2252
10300,0420,0031,202504,1451
10300,0420,0031,202505,1255
10300,0420,0031,202506,994
10300,0420,0031,202507,186
10300,0420,0031,202508,94
10300,0420,0031,202509,70
10300,0420,0031,202510,82
10300,0420,0031,202511,256
10300,0420,0039,202501,5682
10300,0420,0039,202502,5024
10300,0420,0039,202503,5800
10300,0420,0039,202504,4010
10300,0420,0039,202505,2838
10300,0420,0039,202506,2176
10300,0420,0039,202507,1384
10300,0420,0039,202508,1036
10300,0420,0039,202509,1085
10300,0420,0039,202510,1178
10300,0420,0039,202511,2158
10300,0421,0006,202501,3247
10300,0421,0006,202502,3408
10300,0421,0006,202503,3808
10300,0421,0006,202504,2973
10300,0421,0006,202505,1889
10300,0421,0006,202506,1100
10300,0421,0006,202507,501
10300,0421,0006,202508,407
10300,0421,0006,202509,362
10300,0421,0006,202510,291
10300,0421,0006,202511,898
10300,0421,0009,202501,2105
10300,0421,0009,202502,3584
10300,0421,0009,202503,2983
10300,0421,0009,202504,2158
10300,0421,0009,202505,1279
10300,0421,0009,202506,1076
10300,0421,0009,202507,942
10300,0421,0009,202508,977
10300,0421,0009,202509,991
10300,0421,0009,202510,921
10300,0421,0009,202511,1132
10300,0421,0010,202501,1835
10300,0421,0010,202502,1627
10300,0421,0010,202503,2428
10300,0421,0010,202504,814
10300,0421,0010,202505,82
10300,0421,0010,202511,152
10300,0421,0015,202501,2918
10300,0421,0015,202502,2937
10300,0421,0015,202503,3478
10300,0421,0015,202504,1934
10300,0421,0015,202505,973
10300,0421,0015,202506,433
10300,0421,0015,202507,163
10300,0421,0015,202508,93
10300,0421,0015,202509,152
10300,0421,0015,202510,163
10300,0421,0015,202511,536
10300,0421,0036,202501,4246
10300,0421,0036,202502,4340
10300,0421,0036,202503,4609
10300,0421,0036,202504,3114
10300,0421,0036,202505,1947
10300,0421,0036,202506,913
10300,0421,0036,202507,430
10300,0421,0036,202508,290
10300,0421,0036,202509,151
10300,0421,0036,202510,164
10300,0421,0036,202511,769
10300,0422,0004,202501,2529
10300,0422,0004,202502,3196
10300,0422,0004,202503,2924
10300,0422,0004,202504,1934
10300,0422,0004,202505,739
10300,0422,0004,202506,386
10300,0422,0004,202507,116
10300,0422,0004,202508,128
10300,0422,0004,202509,105
10300,0422,0004,202510,70
10300,0422,0004,202511,455
10300,0422,0005,202501,4188
10300,0422,0005,202502,4541
10300,0422,0005,202503,3665
10300,0422,0005,202504,2689
10300,0422,0005,202505,2311
10300,0422,0005,202506,2327
10300,0422,0005,202507,2142
10300,0422,0005,202508,2081
10300,0422,0005,202509,1364
10300,0422,0005,202510,1563
10300,0422,0005,202511,1936
10300,0422,0019,202501,4823
10300,0422,0019,202502,4411
10300,0422,0019,202503,5163
10300,0422,0019,202504,3492
10300,0422,0019,202505,2053
10300,0422,0019,202506,1556
10300,0422,0019,202507,1535
10300,0422,0019,202508,1256
10300,0422,0019,202509,1062
10300,0422,0019,202510,921
10300,0422,0019,202511,1190
10300,0422,0021,202501,3999
10300,0422,0021,202502,4965
10300,0422,0021,202503,3948
10300,0422,0021,202504,2076
10300,0422,0021,202505,891
10300,0422,0021,202506,491
10300,0422,0021,202507,349
10300,0422,0021,202508,372
10300,0422,0021,202509,350
10300,0422,0021,202510,362
10300,0422,0021,202511,338
10300,0422,0023,202501,2612
10300,0422,0023,202502,3609
10300,0422,0023,202503,3101
10300,0422,0023,202504,2076
10300,0422,0023,202505,1372
10300,0422,0023,202506,819
10300,0422,0023,202507,430
10300,0422,0023,202508,314
10300,0422,0023,202509,233
10300,0422,0023,202510,303
10300,0422,0023,202511,502
10300,0422,0024,202501,2365
10300,0422,0024,202502,2300
10300,0422,0024,202503,2569
10300,0422,0024,202504,1557
10300,0422,0024,202505,903
10300,0422,0024,202506,445
10300,0422,0024,202507,221
10300,0422,0024,202508,151
10300,0422,0024,202509,361
10300,0422,0024,202510,234
10300,0422,0024,202511,338
10300,0430,0039,202501,5176
10300,0430,0039,202502,4894
10300,0430,0039,202503,6247
10300,0430,0039,202504,3315
10300,0430,0039,202505,3074
10300,0430,0039,202506,1369
10300,0430,0039,202507,1420
10300,0430,0039,202508,337
10300,0430,0039,202509,140
10300,0430,0039,202510,152
10300,0430,0039,202511,1772
10300,0430,0040,202501,3094
10300,0430,0040,202502,3445
10300,0430,0040,202503,4468
10300,0430,0040,202504,2312
10300,0430,0040,202505,94
10300,0430,0040,202506,1556
10300,0430,0040,202507,116
10300,0430,0040,202508,23
10300,0430,0040,202509,23
10300,0430,0040,202510,35
10300,0430,0040,202511,186
10300,0431,0010,202501,8461
10300,0431,0010,202502,9728
10300,0431,0010,202503,10292
10300,0431,0010,202504,6840
10300,0431,0010,202505,6812
10300,0431,0010,202506,3648
10300,0431,0010,202507,2699
10300,0431,0010,202508,1606
10300,0431,0010,202509,1458
10300,0431,0010,202510,1586
10300,0431,0010,202511,2704
10300,0431,0013,202501,1588
10300,0431,0013,202502,2253
10300,0431,0013,202503,3183
10300,0431,0013,202504,1474
10300,0431,0013,202505,551
10300,0431,0013,202506,304
10300,0431,0013,202507,291
10300,0431,0013,202508,186
10300,0431,0013,202509,128
10300,0431,0013,202510,175
10300,0431,0013,202511,280
10300,0431,0026,202501,11717
10300,0431,0026,202502,11252
10300,0431,0026,202503,14299
10300,0431,0026,202504,8398
10300,0431,0026,202505,8388
10300,0431,0026,202506,6386
10300,0431,0026,202507,5957
10300,0431,0026,202508,5396
10300,0431,0026,202509,5656
10300,0431,0026,202510,5294
10300,0431,0026,202511,5400
10300,0432,0004,202501,341
10300,0432,0004,202502,578
10300,0432,0004,202503,1497
10300,0432,0004,202504,189
10300,0432,0004,202505,188
10300,0432,0004,202506,175
10300,0434,0005,202501,4717
10300,0434,0005,202502,5308
10300,0434,0005,202503,4019
10300,0434,0005,202504,2772
10300,0434,0005,202505,1924
10300,0434,0005,202506,842
10300,0434,0005,202507,303
10300,0434,0005,202508,93
10300,0434,0005,202509,23
10300,0434,0005,202510,82
10300,0434,0005,202511,559
10300,0434,0007,202501,2565
10300,0434,0007,202502,3456
10300,0434,0007,202503,2794
10300,0434,0007,202504,1522
10300,0434,0007,202505,891
10300,0434,0007,202506,362
10300,0434,0007,202507,408
10300,0434,0007,202508,326
10300,0434,0007,202509,187
10300,0434,0007,202510,339
10300,0434,0007,202511,432
10300,0434,0044,202501,10423
10300,0434,0044,202502,9483
10300,0434,0044,202503,7285
10300,0434,0044,202504,6027
10300,0434,0044,202505,5010
10300,0434,0044,202506,5205
10300,0434,0044,202507,4899
10300,0434,0044,202508,4408
10300,0434,0044,202509,3953
10300,0434,0044,202510,5189
10300,0434,0044,202511,3814
10300,0434,0045,202501,718
10300,0434,0045,202502,1203
10300,0434,0045,202503,1297
10300,0434,0045,202504,649
10300,0434,0045,202505,516
10300,0434,0045,202506,269
10300,0434,0045,202507,151
10300,0434,0045,202508,116
10300,0434,0045,202509,47
10300,0434,0045,202510,105
10300,0434,0045,202511,268
10300,0434,0050,202501,4129
10300,0434,0050,202502,5874
10300,0434,0050,202503,4809
10300,0434,0050,202504,2984
10300,0434,0050,202505,1912
10300,0434,0050,202506,818
10300,0434,0050,202507,489
10300,0434,0050,202508,535
10300,0434,0050,202509,233
10300,0434,0050,202510,315
10300,0434,0050,202511,723
10300,0435,0002,202501,30875
10300,0435,0002,202502,35582
10300,0435,0002,202503,25351
10300,0435,0002,202504,15461
10300,0435,0002,202505,7946
10300,0435,0002,202506,3575
10300,0435,0002,202507,2339
10300,0435,0002,202508,2469
10300,0435,0002,202509,2847
10300,0435,0002,202510,3361
10300,0435,0002,202511,6954
10300,0435,0013,202501,2329
10300,0435,0013,202502,2147
10300,0435,0013,202503,3819
10300,0435,0013,202504,1557
10300,0435,0013,202505,1091
10300,0435,0013,202506,690
10300,0435,0013,202507,233
10300,0435,0013,202508,105
10300,0435,0013,202509,105
10300,0435,0013,202510,93
10300,0435,0013,202511,350
10300,0435,0028,202501,3929
10300,0435,0028,202502,5213
10300,0435,0028,202503,4644
10300,0435,0028,202504,3290
10300,0435,0028,202505,2475
10300,0435,0028,202506,1731
10300,0435,0028,202507,1199
10300,0435,0028,202508,953
10300,0435,0028,202509,770
10300,0435,0028,202510,851
10300,0435,0028,202511,1540
10300,0436,0012,202501,3129
10300,0436,0012,202502,3326
10300,0436,0012,202503,4291
10300,0436,0012,202504,1699
10300,0436,0012,202505,716
10300,0436,0012,202506,94
10300,0436,0012,202507,59
10300,0436,0012,202508,12
10300,0436,0012,202509,12
10300,0436,0012,202510,23
10300,0436,0012,202511,327
10300,0436,0015,202501,1365
10300,0436,0015,202502,1522
10300,0436,0015,202503,2040
10300,0436,0015,202504,1215
10300,0436,0015,202505,317
10300,0436,0015,202506,35
10300,0436,0015,202507,35
10300,0436,0015,202508,12
10300,0436,0015,202509,12
10300,0436,0015,202510,23
10300,0436,0015,202511,58
10300,0436,0021,202501,2671
10300,0436,0021,202502,2217
10300,0436,0021,202503,1933
10300,0436,0021,202504,625
10300,0436,0021,202505,645
10300,0436,0021,202506,363
10300,0436,0021,202507,361
10300,0436,0021,202508,303
10300,0436,0021,202509,257
10300,0436,0021,202510,257
10300,0436,0021,202511,327
10300,0437,0007,202501,1659
10300,0437,0007,202502,1970
10300,0437,0007,202503,2452
10300,0437,0007,202504,1179
10300,0437,0007,202505,551
10300,0437,0007,202506,269
10300,0437,0007,202507,209
10300,0437,0007,202508,128
10300,0437,0007,202509,23
10300,0437,0007,202510,12
10300,0437,0007,202511,443
10300,0437,0016,202501,1671
10300,0437,0016,202502,1852
10300,0437,0016,202503,3242
10300,0437,0016,202504,1180
10300,0437,0016,202505,774
10300,0437,0016,202506,340
10300,0437,0016,202507,349
10300,0437,0016,202508,175
10300,0437,0016,202509,117
10300,0437,0016,202510,152
10300,0437,0016,202511,560
10300,0437,0032,202501,2106
10300,0437,0032,202502,2159
10300,0437,0032,202503,2805
10300,0437,0032,202504,1580
10300,0437,0032,202505,352
10300,0437,0032,202506,199
10300,0437,0032,202507,175
10300,0437,0032,202508,105
10300,0437,0032,202509,58
10300,0437,0032,202510,93
10300,0437,0032,202511,187
10300,0437,0033,202501,4035
10300,0437,0033,202502,4564
10300,0437,0033,202503,5670
10300,0437,0033,202504,2831
10300,0437,0033,202505,1959
10300,0437,0033,202506,713
10300,0437,0033,202507,477
10300,0437,0033,202508,290
10300,0437,0033,202509,269
10300,0437,0033,202510,280
10300,0437,0033,202511,455
10300,0464,0004,202501,1317
10300,0464,0004,202502,1592
10300,0464,0004,202503,1427
10300,0464,0004,202504,731
10300,0464,0004,202505,387
10300,0464,0004,202506,339
10300,0464,0004,202507,279
10300,0464,0004,202508,209
10300,0464,0004,202509,164
10300,0464,0004,202510,198
10300,0464,0004,202511,234
10300,0464,0006,202501,3011
10300,0464,0006,202502,3810
10300,0464,0006,202503,3089
10300,0464,0006,202504,2324
10300,0464,0006,202505,1888
10300,0464,0006,202506,1380
10300,0464,0006,202507,1047
10300,0464,0006,202508,744
10300,0464,0006,202509,455
10300,0464,0006,202510,712
10300,0464,0006,202511,1003
10300,0464,0022,202501,2282
10300,0464,0022,202502,2536
10300,0464,0022,202503,3195
10300,0464,0022,202504,1628
10300,0464,0022,202505,1009
10300,0464,0022,202506,503
10300,0464,0022,202507,233
10300,0464,0022,202508,186
10300,0464,0022,202509,163
10300,0464,0022,202510,175
10300,0464,0022,202511,373
10300,0464,0025,202501,1706
10300,0464,0025,202502,2878
10300,0464,0025,202503,2122
10300,0464,0025,202504,908
10300,0464,0025,202505,352
10300,0464,0025,202506,187
10300,0464,0025,202507,81
10300,0464,0025,202508,116
10300,0464,0025,202509,35
10300,0464,0025,202510,47
10300,0464,0025,202511,117
10300,0464,0026,202501,1059
10300,0464,0026,202502,1734
10300,0464,0026,202503,1815
10300,0464,0026,202504,1227
10300,0464,0026,202505,751
10300,0464,0026,202506,374
10300,0464,0026,202507,186
10300,0464,0026,202508,105
10300,0464,0026,202509,70
10300,0464,0026,202510,117
10300,0464,0026,202511,257
10300,0464,0035,202501,5576
10300,0464,0035,202502,6228
10300,0464,0035,202503,5258
10300,0464,0035,202504,2724
10300,0464,0035,202505,1032
10300,0464,0035,202506,901
10300,0464,0035,202507,780
10300,0464,0035,202508,744
10300,0464,0035,202509,618
10300,0464,0035,202510,525
10300,0464,0035,202511,933
10300,0471,0008,202501,1223
10300,0471,0008,202502,1003
10300,0471,0008,202503,1438
10300,0471,0008,202504,448
10300,0471,0008,202505,59
10300,0471,0008,202506,47
10300,0471,0008,202507,35
10300,0471,0008,202508,35
10300,0471,0008,202509,23
10300,0471,0008,202510,12
10300,0471,0008,202511,35
10300,0471,0013,202502,755
10300,0471,0013,202503,825
10300,0471,0013,202504,708
10300,0471,0013,202505,680
10300,0471,0013,202506,632
10300,0471,0013,202507,756
10300,0471,0013,202508,640
10300,0471,0013,202509,735
10300,0471,0013,202510,676
10300,0471,0013,202511,560
10300,0471,0015,202501,2694
10300,0471,0015,202502,3149
10300,0471,0015,202503,3478
10300,0471,0015,202504,1757
10300,0471,0015,202505,1126
10300,0471,0015,202506,409
10300,0471,0015,202507,268
10300,0471,0015,202508,116
10300,0471,0015,202509,105
10300,0471,0015,202510,82
10300,0471,0019,202501,2906
10300,0471,0019,202502,3727
10300,0471,0019,202503,2688
10300,0471,0019,202504,1356
10300,0471,0019,202505,739
10300,0471,0019,202506,515
10300,0471,0019,202507,105
10300,0471,0019,202508,244
10300,0471,0019,202509,47
10300,0471,0019,202510,70
10300,0471,0019,202511,117
10300,0471,0026,202501,188
10300,0471,0026,202502,731
10300,0471,0026,202503,848
10300,0471,0026,202504,142
10300,0471,0026,202505,152
10300,0471,0026,202506,70
10300,0471,0026,202507,70
10300,0471,0026,202508,197
10300,0471,0026,202509,338
10300,0471,0026,202510,233
10300,0471,0026,202511,280
10300,0479,0001,202501,165
10300,0479,0001,202502,153
10300,0479,0001,202503,141
10300,0479,0001,202504,71
10300,0479,0001,202505,94
10300,0479,0001,202507,675
10300,0479,0001,202508,1303
10300,0479,0001,202509,1318
10300,0479,0001,202510,910
10300,0479,0001,202511,1108
10300,0479,0005,202501,1165
10300,0479,0005,202502,1581
10300,0479,0005,202503,2263
10300,0479,0005,202504,861
10300,0479,0005,202505,176
10300,0479,0005,202506,140
10300,0479,0005,202507,35
10300,0479,0005,202508,35
10300,0479,0005,202509,47
10300,0479,0005,202510,35
10300,0479,0005,202511,198
10300,0479,0014,202501,2000
10300,0479,0014,202502,2537
10300,0479,0014,202503,2134
10300,0479,0014,202504,908
10300,0479,0014,202505,528
10300,0479,0014,202506,105
10300,0479,0014,202507,151
10300,0479,0014,202508,82
10300,0479,0014,202509,81
10300,0479,0014,202510,82
10300,0479,0014,202511,175
10300,0479,0018,202501,6940
10300,0479,0018,202502,7195
10300,0479,0018,202503,9419
10300,0479,0018,202504,5248
10300,0479,0018,202505,4775
10300,0479,0018,202506,3123
10300,0479,0018,202507,2502
10300,0479,0018,202508,1861
10300,0479,0018,202509,1982
10300,0479,0018,202510,1411
10300,0479,0018,202511,2403
10300,0479,0026,202501,6540
10300,0479,0026,202502,7726
10300,0479,0026,202503,9288
10300,0479,0026,202504,4553
10300,0479,0026,202505,4129
10300,0479,0026,202506,2736
10300,0479,0026,202507,117
10300,0479,0026,202508,1210
10300,0479,0026,202509,1913
10300,0479,0026,202510,1574
10300,0479,0026,202511,2310
10300,0479,0028,202501,4188
10300,0479,0028,202502,4659
10300,0479,0028,202503,5965
10300,0479,0028,202504,3008
10300,0479,0028,202505,1748
10300,0479,0028,202506,433
10300,0479,0028,202507,175
10300,0479,0028,202508,128
10300,0479,0028,202509,117
10300,0479,0028,202510,105
10300,0479,0028,202511,560
10300,0479,0055,202501,2930
10300,0479,0055,202502,3114
10300,0479,0055,202503,4162
10300,0479,0055,202504,2053
10300,0479,0055,202505,1654
10300,0479,0055,202506,842
10300,0479,0055,202507,442
10300,0479,0055,202508,221
10300,0479,0055,202509,175
10300,0479,0055,202510,233
10300,0479,0055,202511,595
10300,0479,0056,202501,2423
10300,0479,0056,202502,2536
10300,0479,0056,202503,3348
10300,0479,0056,202504,2028
10300,0479,0056,202505,1772
10300,0479,0056,202506,948
10300,0479,0056,202507,710
10300,0479,0056,202508,350
10300,0479,0056,202509,245
10300,0479,0056,202510,432
10300,0479,0056,202511,1108
10300,0479,0057,202501,1552
10300,0479,0057,202502,1970
10300,0479,0057,202503,2464
10300,0479,0057,202504,1050
10300,0479,0057,202505,458
10300,0479,0057,202506,257
10300,0479,0057,202507,233
10300,0479,0057,202508,163
10300,0479,0057,202509,152
10300,0479,0057,202510,140
10300,0479,0057,202511,304
10300,0484,0008,202501,3211
10300,0484,0008,202502,3350
10300,0484,0008,202503,3560
10300,0484,0008,202504,1604
10300,0484,0008,202505,1536
10300,0484,0008,202506,327
10300,0484,0008,202507,268
10300,0484,0008,202508,163
10300,0484,0008,202509,152
10300,0484,0008,202510,163
10300,0484,0008,202511,245
10300,0484,0013,202501,4000
10300,0484,0013,202502,4258
10300,0484,0013,202503,6755
10300,0484,0013,202504,3656
10300,0484,0013,202505,2862
10300,0484,0013,202506,1275
10300,0484,0013,202507,605
10300,0484,0013,202508,373
10300,0484,0013,202509,280
10300,0484,0013,202510,350
10300,0484,0013,202511,887
10300,0484,0014,202501,2588
10300,0484,0014,202502,3114
10300,0484,0014,202503,3808
10300,0484,0014,202504,1569
10300,0484,0014,202505,1114
10300,0484,0014,202506,760
10300,0484,0014,202507,942
10300,0484,0014,202508,768
10300,0484,0014,202509,688
10300,0484,0014,202510,677
10300,0484,0014,202511,782
10300,0484,0020,202501,2729
10300,0484,0020,202502,3113
10300,0484,0020,202503,4232
10300,0484,0020,202504,1533
10300,0484,0020,202505,599
10300,0484,0020,202506,269
10300,0484,0020,202507,140
10300,0484,0020,202508,70
10300,0484,0020,202509,47
10300,0484,0020,202510,59
10300,0484,0020,202511,82
10300,0484,0022,202501,2047
10300,0484,0022,202502,2335
10300,0484,0022,202503,2912
10300,0484,0022,202504,1179
10300,0484,0022,202505,634
10300,0484,0022,202506,257
10300,0484,0022,202507,221
10300,0484,0022,202508,151
10300,0484,0022,202509,94
10300,0484,0022,202510,117
10300,0484,0022,202511,257
10300,0484,0026,202501,1353
10300,0484,0026,202502,1581
10300,0484,0026,202503,1992
10300,0484,0026,202504,672
10300,0484,0026,202505,223
10300,0484,0026,202506,140
10300,0484,0026,202507,128
10300,0484,0026,202508,23
10300,0484,0026,202509,12
10300,0484,0026,202510,12
10300,0484,0026,202511,105
10300,0484,0028,202501,1682
10300,0484,0028,202502,1628
10300,0484,0028,202503,2180
10300,0484,0028,202504,1274
10300,0484,0028,202505,798
10300,0484,0028,202506,375
10300,0484,0028,202507,348
10300,0484,0028,202508,186
10300,0484,0028,202509,175
10300,0484,0028,202510,187
10300,0484,0028,202511,420
10300,0493,0009,202501,15411
10300,0493,0009,202502,21797
10300,0493,0009,202503,22763
10300,0493,0009,202504,2713
10300,0493,0009,202505,821
10300,0493,0009,202508,221
10300,0493,0032,202501,1176
10300,0493,0032,202502,1687
10300,0493,0032,202503,1662
10300,0493,0032,202504,649
10300,0493,0032,202505,235
10300,0493,0032,202506,129
10300,0493,0032,202507,70
10300,0493,0032,202508,70
10300,0493,0032,202509,35
10300,0493,0032,202510,70
10300,0493,0032,202511,58
10300,0493,0038,202501,4283
10300,0493,0038,202502,4045
10300,0493,0038,202503,5423
10300,0493,0038,202504,3055
10300,0493,0038,202505,2323
10300,0493,0038,202506,1544
10300,0493,0038,202507,1827
10300,0493,0038,202508,1408
10300,0493,0038,202509,1178
10300,0493,0038,202510,1073
10300,0493,0038,202511,1318
10300,0493,0042,202501,1553
10300,0493,0042,202502,1934
10300,0493,0042,202503,2711
10300,0493,0042,202504,1581
10300,0493,0042,202505,1607
10300,0493,0042,202506,1182
10300,0493,0042,202507,965
10300,0493,0042,202508,779
10300,0493,0042,202509,630
10300,0493,0042,202510,676
10300,0493,0042,202511,968
10300,0493,0044,202501,2130
10300,0493,0044,202502,2253
10300,0493,0044,202503,4208
10300,0493,0044,202504,1652
10300,0493,0044,202505,634
10300,0493,0044,202506,187
10300,0493,0044,202507,128
10300,0493,0044,202508,35
10300,0493,0044,202509,665
10300,0493,0044,202510,641
10300,0493,0044,202511,1108
10300,0507,0002,202501,2294
10300,0507,0002,202502,1545
10300,0507,0002,202503,2664
10300,0507,0002,202504,1864
10300,0507,0002,202505,1490
10300,0507,0002,202506,398
10300,0507,0002,202507,23
10300,0507,0002,202508,12
10300,0507,0002,202509,35
10300,0507,0002,202510,128
10300,0507,0002,202511,583
10300,0507,0005,202501,61110
10300,0507,0005,202502,65835
10300,0507,0005,202503,47997
10300,0507,0005,202504,36654
10300,0507,0005,202505,19881
10300,0507,0005,202506,10973
10300,0507,0005,202507,7289
10300,0507,0005,202508,5903
10300,0507,0005,202509,5388
10300,0507,0005,202510,6812
10300,0507,0005,202511,16134
10300,0508,0000,202501,647
10300,0508,0000,202502,1368
10300,0508,0000,202503,1026
10300,0508,0000,202504,448
10300,0508,0000,202505,164
10300,0508,0000,202506,105
10300,0508,0000,202507,70
10300,0508,0000,202508,58
10300,0508,0000,202509,70
10300,0508,0000,202510,47
10300,0508,0000,202511,105
10300,0509,0005,202501,2565
10300,0509,0005,202502,3102
10300,0509,0005,202503,4256
10300,0509,0005,202504,1486
10300,0509,0005,202505,1220
10300,0509,0005,202506,374
10300,0509,0005,202507,93
10300,0509,0005,202508,47
10300,0509,0005,202509,47
10300,0509,0005,202510,47
10300,0509,0005,202511,70
10300,0510,0023,202501,2824
10300,0510,0023,202502,3833
10300,0510,0023,202503,3219
10300,0510,0023,202504,1663
10300,0510,0023,202505,857
10300,0510,0023,202506,421
10300,0510,0023,202507,279
10300,0510,0023,202508,151
10300,0510,0023,202509,175
10300,0510,0023,202510,152
10300,0510,0023,202511,140
10300,0515,0026,202501,3764
10300,0515,0026,202502,5614
10300,0515,0026,202503,3643
10300,0515,0026,202504,2453
10300,0515,0026,202505,1478
10300,0515,0026,202506,830
10300,0515,0026,202507,547
10300,0515,0026,202508,779
10300,0515,0026,202509,339
10300,0515,0026,202510,374
10300,0515,0026,202511,758
10400,0253,0068,202510,233
10400,0253,0068,202511,688
10400,0254,0070,202501,772521
10400,0254,0070,202502,817632
10400,0254,0070,202503,643205
10400,0254,0070,202504,420651
10400,0254,0070,202505,248860
10400,0254,0070,202506,159092
10400,0254,0070,202507,111969
10400,0254,0070,202508,97503
10400,0254,0070,202509,87657
10400,0254,0070,202510,110024
10400,0254,0070,202511,252332
10400,0254,0102,202501,488
10400,0254,0102,202502,4841
10400,0254,0102,202503,9331
10400,0254,0102,202504,5151
10400,0254,0102,202505,2633
10400,0254,0102,202506,497
10400,0254,0102,202507,12299
10400,0254,0102,202508,29668
10400,0254,0102,202509,32332
10400,0254,0102,202510,26821
10400,0254,0102,202511,11360
10400,0254,0631,202501,3894
10400,0254,0631,202502,3857
10400,0254,0631,202503,4126
10400,0254,0631,202504,3951
10400,0254,0631,202505,4646
10400,0254,0631,202506,3591
10400,0254,0631,202507,2630
10400,0254,0631,202508,907
10400,0254,0631,202509,2729
10400,0254,0631,202510,4501
10400,0254,0631,202511,2787
10400,0311,0008,202501,3066
10400,0311,0008,202502,3005
10400,0311,0008,202503,2525
10400,0311,0008,202504,1332
10400,0311,0008,202505,794
10400,0311,0008,202506,466
10400,0311,0008,202507,152
10400,0311,0008,202508,291
10400,0311,0008,202509,105
10400,0311,0008,202510,163
10400,0311,0008,202511,910
10400,0311,0268,202501,22657
10400,0311,0268,202502,26480
10400,0311,0268,202503,31828
10400,0311,0268,202504,21053
10400,0311,0268,202505,16799
10400,0311,0268,202506,21743
10400,0311,0268,202507,14137
10400,0311,0268,202508,13176
10400,0311,0268,202509,19054
10400,0311,0268,202510,11719
10400,0311,0268,202511,12140
10400,0394,0003,202501,2129
10400,0394,0003,202502,3161
10400,0394,0003,202503,4185
10400,0394,0003,202504,1522
10400,0394,0003,202505,915
10400,0394,0003,202506,269
10400,0394,0003,202507,35
10400,0394,0003,202508,23
10400,0394,0003,202509,12
10400,0394,0003,202510,35
10400,0394,0003,202511,175
10400,0394,0017,202501,1365
10400,0394,0017,202502,1097
10400,0394,0017,202503,1686
10400,0394,0017,202504,625
10400,0394,0017,202505,153
10400,0394,0017,202506,93
10400,0394,0017,202507,59
10400,0394,0017,202508,93
10400,0394,0017,202509,58
10400,0394,0017,202510,47
10400,0394,0017,202511,152
10400,0394,0019,202501,3847
10400,0394,0019,202502,3491
10400,0394,0019,202503,4138
10400,0394,0019,202504,2041
10400,0394,0019,202505,1290
10400,0394,0019,202506,924
10400,0394,0019,202507,489
10400,0394,0019,202508,279
10400,0394,0019,202509,245
10400,0394,0019,202510,234
10400,0394,0019,202511,595
10400,0394,0024,202501,21269
10400,0394,0024,202502,22894
10400,0394,0024,202503,22445
10400,0394,0024,202504,18883
10400,0394,0024,202505,20518
10400,0394,0024,202506,20527
10400,0394,0024,202507,19326
10400,0394,0024,202508,19410
10400,0394,0024,202510,17154
10400,0394,0024,202511,28735
10400,0398,0021,202501,1330
10400,0398,0021,202502,1722
10400,0398,0021,202503,2004
10400,0398,0021,202504,613
10400,0398,0021,202505,223
10400,0398,0021,202506,175
10400,0398,0021,202507,105
10400,0398,0021,202509,35
10400,0398,0021,202510,82
10400,0398,0021,202511,210
10400,0399,0038,202501,3894
10400,0399,0038,202502,3326
10400,0399,0038,202503,4515
10400,0399,0038,202504,2665
10400,0399,0038,202505,1431
10400,0399,0038,202506,994
10400,0399,0038,202507,850
10400,0399,0038,202508,640
10400,0399,0038,202509,537
10400,0399,0038,202510,444
10400,0399,0038,202511,549
10400,0399,0039,202501,5835
10400,0399,0039,202502,6653
10400,0399,0039,202503,8193
10400,0399,0039,202504,5803
10400,0399,0039,202505,5326
10400,0399,0039,202506,4631
10400,0399,0039,202507,4607
10400,0399,0039,202508,4198
10400,0399,0039,202509,4139
10400,0399,0039,202510,3941
10400,0399,0039,202511,4070
10400,0400,0041,202501,3612
10400,0400,0041,202502,4340
10400,0400,0041,202503,5175
10400,0400,0041,202504,2995
10400,0400,0041,202505,2452
10400,0400,0041,202506,1123
10400,0400,0041,202507,384
10400,0400,0041,202508,175
10400,0400,0041,202509,175
10400,0400,0041,202510,268
10400,0400,0041,202511,1085
10400,0401,0002,202501,2390
10400,0401,0002,202502,3421
10400,0401,0002,202503,4043
10400,0401,0002,202504,1757
10400,0401,0002,202505,810
10400,0401,0002,202506,245
10400,0401,0002,202507,221
10400,0401,0002,202508,82
10400,0401,0002,202509,35
10400,0401,0002,202510,93
10400,0401,0002,202511,221
10400,0401,0003,202501,2012
10400,0401,0003,202502,3456
10400,0401,0003,202503,4126
10400,0401,0003,202504,2300
10400,0401,0003,202505,1595
10400,0401,0003,202506,994
10400,0401,0003,202507,454
10400,0401,0003,202508,116
10400,0401,0003,202509,93
10400,0401,0003,202510,187
10400,0401,0003,202511,781
10400,0404,0003,202501,5149
10400,0404,0003,202502,6145
10400,0404,0003,202503,7957
10400,0404,0003,202504,3928
10400,0404,0003,202505,2463
10400,0404,0003,202506,807
10400,0404,0003,202507,209
10400,0404,0003,202508,105
10400,0404,0003,202509,70
10400,0404,0003,202510,140
10400,0404,0003,202511,1936
10400,0404,0005,202501,1694
10400,0404,0005,202502,1946
10400,0404,0005,202503,2287
10400,0404,0005,202504,1014
10400,0404,0005,202505,387
10400,0404,0005,202506,129
10400,0404,0005,202507,81
10400,0404,0005,202508,47
10400,0404,0005,202509,35
10400,0404,0005,202510,47
10400,0404,0005,202511,187
10400,0404,0006,202501,2082
10400,0404,0006,202502,2276
10400,0404,0006,202503,2546
10400,0404,0006,202504,1404
10400,0404,0006,202505,1220
10400,0404,0006,202506,632
10400,0404,0006,202507,361
10400,0404,0006,202508,174
10400,0404,0006,202509,187
10400,0404,0006,202510,198
10400,0404,0006,202511,653
10400,0404,0009,202501,4211
10400,0404,0009,202502,4777
10400,0404,0009,202503,6272
10400,0404,0009,202504,2925
10400,0404,0009,202505,1772
10400,0404,0009,202506,701
10400,0404,0009,202507,465
10400,0404,0009,202508,326
10400,0404,0009,202509,175
10400,0404,0009,202510,245
10400,0404,0009,202511,606
10400,0404,0032,202501,1706
10400,0404,0032,202502,1993
10400,0404,0032,202503,2299
10400,0404,0032,202504,1321
10400,0404,0032,202505,915
10400,0404,0032,202506,737
10400,0404,0032,202507,326
10400,0404,0032,202508,256
10400,0404,0032,202509,268
10400,0404,0032,202510,525
10400,0404,0032,202511,770
10400,0406,0013,202501,3647
10400,0406,0013,202502,4340
10400,0406,0013,202503,4715
10400,0406,0013,202504,3102
10400,0406,0013,202505,2241
10400,0406,0013,202506,1684
10400,0406,0013,202507,1478
10400,0406,0013,202508,535
10400,0406,0013,202509,455
10400,0406,0013,202510,1259
10400,0406,0013,202511,1295
10400,0407,0001,202501,3964
10400,0407,0001,202502,5060
10400,0407,0001,202503,5576
10400,0407,0001,202504,2913
10400,0407,0001,202505,1526
10400,0407,0001,202506,573
10400,0407,0001,202507,431
10400,0407,0001,202508,337
10400,0407,0001,202509,257
10400,0407,0001,202510,292
10400,0407,0001,202511,478
10400,0407,0002,202501,1835
10400,0407,0002,202502,2064
10400,0407,0002,202503,2216
10400,0407,0002,202504,1474
10400,0407,0002,202505,1021
10400,0407,0002,202506,620
10400,0407,0002,202507,291
10400,0407,0002,202508,221
10400,0407,0002,202509,152
10400,0407,0002,202510,152
10400,0407,0002,202511,583
10400,0410,0001,202501,2654
10400,0410,0001,202502,2428
10400,0410,0001,202503,1700
10400,0410,0001,202504,1180
10400,0410,0001,202505,654
10400,0410,0001,202506,222
10400,0410,0001,202507,140
10400,0410,0001,202508,105
10400,0410,0001,202509,117
10400,0410,0001,202510,187
10400,0410,0001,202511,641
10400,0411,0000,202501,132960
10400,0411,0000,202502,145212
10400,0411,0000,202503,103318
10400,0411,0000,202504,69634
10400,0411,0000,202505,41028
10400,0411,0000,202506,28005
10400,0411,0000,202507,18892
10400,0411,0000,202508,16981
10400,0411,0000,202509,15825
10400,0411,0000,202510,22081
10400,0411,0000,202511,40261
10400,0412,0025,202501,1765
10400,0412,0025,202502,1840
10400,0412,0025,202503,1768
10400,0412,0025,202504,1026
10400,0412,0025,202505,845
10400,0412,0025,202506,538
10400,0412,0025,202507,105
10400,0412,0025,202508,58
10400,0412,0025,202509,47
10400,0412,0025,202510,47
10400,0412,0025,202511,303
10400,0414,0001,202501,3870
10400,0414,0001,202502,4895
10400,0414,0001,202503,5210
10400,0414,0001,202504,2866
10400,0414,0001,202505,1384
10400,0414,0001,202506,667
10400,0414,0001,202507,465
10400,0414,0001,202508,314
10400,0414,0001,202509,70
10400,0414,0001,202510,70
10400,0414,0001,202511,397
10400,0415,0030,202501,3988
10400,0415,0030,202502,3585
10400,0415,0030,202503,4491
10400,0415,0030,202504,2854
10400,0415,0030,202505,2171
10400,0415,0030,202506,690
10400,0415,0030,202507,279
10400,0415,0030,202508,244
10400,0415,0030,202509,233
10400,0415,0030,202510,326
10400,0415,0030,202511,1376
10400,0416,0001,202501,153
10400,0416,0001,202502,189
10400,0416,0001,202503,71
10400,0416,0001,202504,224
10400,0416,0001,202505,340
10400,0416,0001,202506,187
10400,0416,0001,202507,372
10400,0416,0001,202508,267
10400,0416,0001,202509,198
10400,0416,0001,202510,350
10400,0416,0001,202511,222
10400,0416,0002,202501,4482
10400,0416,0002,202502,4364
10400,0416,0002,202503,6495
10400,0416,0002,202504,3066
10400,0416,0002,202505,1760
10400,0416,0002,202506,818
10400,0416,0002,202507,279
10400,0416,0002,202508,198
10400,0416,0002,202509,233
10400,0416,0002,202510,245
10400,0416,0002,202511,910
10400,0416,0003,202501,1623
10400,0416,0003,202502,2713
10400,0416,0003,202503,3124
10400,0416,0003,202504,2135
10400,0416,0003,202505,1830
10400,0416,0003,202506,1533
10400,0416,0003,202507,1536
10400,0416,0003,202508,1791
10400,0416,0003,202509,1621
10400,0416,0003,202510,1808
10400,0416,0003,202511,1901
10400,0416,0043,202501,8199
10400,0416,0043,202502,9754
10400,0416,0043,202503,10480
10400,0416,0043,202504,6746
10400,0416,0043,202505,6334
10400,0416,0043,202506,4819
10400,0416,0043,202507,4444
10400,0416,0043,202508,4175
10400,0416,0043,202509,3824
10400,0416,0043,202510,3510
10400,0416,0043,202511,4046
10400,0417,0039,202501,3318
10400,0417,0039,202502,4742
10400,0417,0039,202503,3795
10400,0417,0039,202504,2972
10400,0417,0039,202505,2417
10400,0417,0039,202506,1451
10400,0417,0039,202507,895
10400,0417,0039,202508,349
10400,0417,0039,202509,315
10400,0417,0039,202510,466
10400,0417,0039,202511,1155
10400,0418,0028,202501,4764
10400,0418,0028,202502,4541
10400,0418,0028,202503,5942
10400,0418,0028,202504,3585
10400,0418,0028,202505,2710
10400,0418,0028,202506,1579
10400,0418,0028,202507,395
10400,0418,0028,202508,186
10400,0418,0028,202509,175
10400,0418,0028,202510,151
10400,0418,0028,202511,793
10400,0420,0009,202501,5670
10400,0420,0009,202502,6947
10400,0420,0009,202503,8405
10400,0420,0009,202504,3833
10400,0420,0009,202505,2311
10400,0420,0009,202506,959
10400,0420,0009,202507,372
10400,0420,0009,202508,209
10400,0420,0009,202509,140
10400,0420,0009,202510,140
10400,0420,0009,202511,1190
10400,0421,0012,202501,4035
10400,0421,0012,202502,3987
10400,0421,0012,202503,4916
10400,0421,0012,202504,2559
10400,0421,0012,202505,2639
10400,0421,0012,202506,2164
10400,0421,0012,202507,1966
10400,0421,0012,202508,1826
10400,0421,0012,202509,1994
10400,0421,0012,202510,1854
10400,0421,0012,202511,2519
10400,0421,0013,202501,2600
10400,0421,0013,202502,2913
10400,0421,0013,202503,4326
10400,0421,0013,202504,2170
10400,0421,0013,202505,1983
10400,0421,0013,202506,375
10400,0421,0013,202507,197
10400,0421,0013,202508,128
10400,0421,0013,202509,140
10400,0421,0013,202510,128
10400,0421,0013,202511,326
10400,0424,0006,202501,3859
10400,0424,0006,202502,4635
10400,0424,0006,202503,5729
10400,0424,0006,202504,2394
10400,0424,0006,202505,1173
10400,0424,0006,202506,783
10400,0424,0006,202507,337
10400,0424,0006,202508,302
10400,0424,0006,202509,257
10400,0424,0006,202510,292
10400,0424,0006,202511,618
10400,0424,0016,202501,706
10400,0424,0016,202502,896
10400,0424,0016,202503,1226
10400,0424,0016,202504,295
10400,0424,0016,202505,59
10400,0424,0016,202506,58
10400,0424,0016,202507,70
10400,0424,0016,202508,23
10400,0424,0016,202509,12
10400,0424,0016,202510,35
10400,0424,0016,202511,82
10400,0424,0017,202501,2012
10400,0424,0017,202502,2383
10400,0424,0017,202503,2688
10400,0424,0017,202504,1463
10400,0424,0017,202505,903
10400,0424,0017,202506,456
10400,0424,0017,202507,396
10400,0424,0017,202508,233
10400,0424,0017,202509,233
10400,0424,0017,202510,280
10400,0424,0017,202511,327
10400,0425,0016,202501,906
10400,0425,0016,202502,2194
10400,0425,0016,202503,2559
10400,0425,0016,202504,1026
10400,0425,0016,202505,938
10400,0425,0016,202506,222
10400,0425,0016,202507,105
10400,0425,0016,202508,58
10400,0425,0016,202509,70
10400,0425,0016,202510,93
10400,0425,0016,202511,245
10400,0425,0018,202501,1424
10400,0425,0018,202502,1994
10400,0425,0018,202503,1921
10400,0425,0018,202504,743
10400,0425,0018,202505,634
10400,0425,0018,202506,631
10400,0425,0018,202507,477
10400,0425,0018,202508,104
10400,0425,0018,202509,47
10400,0425,0018,202510,82
10400,0425,0018,202511,373
10400,0426,0004,202501,2152
10400,0426,0004,202502,2371
10400,0426,0004,202503,2228
10400,0426,0004,202504,767
10400,0426,0004,202505,540
10400,0426,0004,202506,327
10400,0426,0004,202507,221
10400,0426,0004,202508,186
10400,0426,0004,202509,152
10400,0426,0004,202510,151
10400,0426,0004,202511,210
10400,0427,0001,202501,2082
10400,0427,0001,202502,2501
10400,0427,0001,202503,3195
10400,0427,0001,202504,1475
10400,0427,0001,202505,950
10400,0427,0001,202506,468
10400,0427,0001,202507,221
10400,0427,0001,202508,152
10400,0427,0001,202509,70
10400,0427,0001,202510,94
10400,0427,0001,202511,408
10400,0427,0010,202501,1023
10400,0427,0010,202502,1262
10400,0427,0010,202503,2063
10400,0427,0010,202504,944
10400,0427,0010,202505,680
10400,0427,0010,202506,480
10400,0427,0010,202507,384
10400,0427,0010,202508,174
10400,0427,0010,202509,82
10400,0427,0010,202510,152
10400,0427,0010,202511,257
10400,0428,0001,202501,2047
10400,0428,0001,202502,1958
10400,0428,0001,202503,2452
10400,0428,0001,202504,1097
10400,0428,0001,202505,610
10400,0428,0001,202506,362
10400,0428,0001,202507,152
10400,0428,0001,202508,93
10400,0428,0001,202509,105
10400,0428,0001,202510,105
10400,0428,0001,202511,163
10400,0431,0002,202501,1870
10400,0431,0002,202502,2065
10400,0431,0002,202503,3218
10400,0431,0002,202504,1711
10400,0431,0002,202505,1349
10400,0431,0002,202506,866
10400,0431,0002,202507,396
10400,0431,0002,202508,163
10400,0431,0002,202509,210
10400,0431,0002,202510,222
10400,0431,0002,202511,793
10400,0432,0002,202501,1565
10400,0432,0002,202502,1793
10400,0432,0002,202503,1662
10400,0432,0002,202504,1250
10400,0432,0002,202505,1138
10400,0432,0002,202506,538
10400,0432,0002,202507,116
10400,0432,0002,202508,35
10400,0432,0002,202509,23
10400,0432,0002,202510,12
10400,0432,0002,202511,303
10400,0433,0001,202501,4165
10400,0433,0001,202502,4718
10400,0433,0001,202503,6496
10400,0433,0001,202504,4552
10400,0433,0001,202505,4833
10400,0433,0001,202506,2550
10400,0433,0001,202507,3200
10400,0433,0001,202508,1803
10400,0433,0001,202509,968
10400,0433,0001,202510,1784
10400,0433,0001,202511,2099
10400,0434,0008,202501,1294
10400,0434,0008,202502,1651
10400,0434,0008,202503,2028
10400,0434,0008,202504,908
10400,0434,0008,202505,528
10400,0434,0008,202506,258
10400,0434,0008,202507,175
10400,0434,0008,202508,128
10400,0434,0008,202509,105
10400,0434,0008,202510,105
10400,0434,0008,202511,338
10400,0434,0017,202501,906
10400,0434,0017,202502,731
10400,0434,0017,202503,1026
10400,0434,0017,202504,189
10400,0434,0017,202505,246
10400,0434,0017,202506,304
10400,0434,0017,202507,59
10400,0434,0017,202508,12
10400,0434,0017,202509,23
10400,0434,0017,202510,23
10400,0434,0017,202511,303
10400,0434,0034,202501,1929
10400,0434,0034,202502,1934
10400,0434,0034,202503,2299
10400,0434,0034,202504,719
10400,0434,0034,202505,258
10400,0434,0034,202506,211
10400,0434,0034,202507,128
10400,0434,0034,202508,93
10400,0434,0034,202509,70
10400,0434,0034,202510,70
10400,0434,0034,202511,187
10400,0435,0022,202501,2871
10400,0435,0022,202502,2760
10400,0435,0022,202503,3206
10400,0435,0022,202504,1214
10400,0435,0022,202505,715
10400,0435,0022,202506,503
10400,0435,0022,202507,535
10400,0435,0022,202508,442
10400,0435,0022,202509,420
10400,0435,0022,202510,350
10400,0435,0022,202511,525
10400,0435,0037,202501,2223
10400,0435,0037,202502,2158
10400,0435,0037,202503,2700
10400,0435,0037,202504,1427
10400,0435,0037,202505,1114
10400,0435,0037,202506,503
10400,0435,0037,202507,489
10400,0435,0037,202508,395
10400,0435,0037,202509,292
10400,0435,0037,202510,292
10400,0435,0037,202511,315
10400,0435,0038,202501,2377
10400,0435,0038,202502,1946
10400,0435,0038,202503,2664
10400,0435,0038,202504,1262
10400,0435,0038,202505,974
10400,0435,0038,202506,503
10400,0435,0038,202507,233
10400,0435,0038,202508,105
10400,0435,0038,202509,164
10400,0435,0038,202510,94
10400,0435,0038,202511,432
10400,0436,0002,202501,7223
10400,0436,0002,202502,5355
10400,0436,0002,202503,6283
10400,0436,0002,202504,4847
10400,0436,0002,202505,6358
10400,0436,0002,202506,5626
10400,0436,0002,202507,5538
10400,0436,0002,202508,4536
10400,0436,0002,202509,2974
10400,0436,0002,202510,4361
10400,0436,0002,202511,4420
10400,0436,0009,202501,3529
10400,0436,0009,202502,3574
10400,0436,0009,202503,4220
10400,0436,0009,202504,2654
10400,0436,0009,202505,2604
10400,0436,0009,202506,1766
10400,0436,0009,202507,790
10400,0436,0009,202508,512
10400,0436,0009,202509,361
10400,0436,0009,202510,408
10400,0436,0009,202511,1399
10400,0436,0016,202501,1835
10400,0436,0016,202502,2217
10400,0436,0016,202503,2593
10400,0436,0016,202504,932
10400,0436,0016,202505,763
10400,0436,0016,202506,608
10400,0436,0016,202507,500
10400,0436,0016,202508,384
10400,0436,0016,202509,373
10400,0436,0016,202510,408
10400,0436,0016,202511,536
10400,0436,0044,202501,22091
10400,0436,0044,202502,19052
10400,0436,0044,202503,15647
10400,0436,0044,202504,10107
10400,0436,0044,202505,5454
10400,0436,0044,202506,3707
10400,0436,0044,202507,1733
10400,0436,0044,202508,2142
10400,0436,0044,202509,1797
10400,0436,0044,202510,2369
10400,0436,0044,202511,6543
10400,0436,0045,202501,1035
10400,0436,0045,202502,1002
10400,0436,0045,202503,1167
10400,0436,0045,202504,1215
10400,0436,0045,202505,1056
10400,0436,0045,202506,1158
10400,0436,0045,202507,1047
10400,0436,0045,202508,919
10400,0436,0045,202509,1026
10400,0436,0045,202510,419
10400,0436,0045,202511,350
10400,0438,0001,202501,48116
10400,0438,0001,202502,46014
10400,0438,0001,202503,58417
10400,0438,0001,202504,46488
10400,0438,0001,202505,43286
10400,0438,0001,202506,36773
10400,0438,0001,202507,34825
10400,0438,0001,202508,28963
10400,0438,0001,202509,28841
10400,0438,0001,202510,32566
10400,0438,0001,202511,35472
10400,0438,0014,202501,4047
10400,0438,0014,202502,3326
10400,0438,0014,202503,4161
10400,0438,0014,202504,3845
10400,0438,0014,202505,4223
10400,0438,0014,202506,3918
10400,0438,0014,202507,4142
10400,0438,0014,202508,4024
10400,0438,0014,202509,4105
10400,0438,0014,202510,4466
10400,0438,0014,202511,4175
10400,0439,0001,202501,10787
10400,0439,0001,202502,10663
10400,0439,0001,202503,13910
10400,0439,0001,202504,8964
10400,0439,0001,202505,7121
10400,0439,0001,202506,4000
10400,0439,0001,202507,2816
10400,0439,0001,202508,2221
10400,0439,0001,202509,2157
10400,0439,0001,202510,2320
10400,0439,0001,202511,3487
10400,0439,0003,202501,2141
10400,0439,0003,202502,2123
10400,0439,0003,202503,2476
10400,0439,0003,202504,979
10400,0439,0003,202505,493
10400,0439,0003,202506,292
10400,0439,0003,202507,233
10400,0439,0003,202508,174
10400,0439,0003,202509,152
10400,0439,0003,202510,163
10400,0439,0003,202511,548
10400,0439,0004,202501,2129
10400,0439,0004,202502,1840
10400,0439,0004,202503,2216
10400,0439,0004,202504,1345
10400,0439,0004,202505,1056
10400,0439,0004,202506,561
10400,0439,0004,202507,244
10400,0439,0004,202508,81
10400,0439,0004,202509,47
10400,0439,0004,202510,70
10400,0439,0004,202511,420
10400,0439,0014,202501,788
10400,0439,0014,202502,814
10400,0439,0014,202503,1026
10400,0439,0014,202504,472
10400,0439,0014,202505,188
10400,0439,0014,202506,105
10400,0439,0014,202507,105
10400,0439,0014,202508,105
10400,0439,0014,202509,105
10400,0439,0014,202510,117
10400,0439,0014,202511,152
10400,0439,0022,202501,2776
10400,0439,0022,202502,2760
10400,0439,0022,202503,3819
10400,0439,0022,202504,2595
10400,0439,0022,202505,1455
10400,0439,0022,202506,608
10400,0439,0022,202507,116
10400,0439,0022,202508,105
10400,0439,0022,202509,128
10400,0439,0022,202510,82
10400,0439,0022,202511,863
10400,0439,0030,202501,1282
10400,0439,0030,202502,2017
10400,0439,0030,202503,2110
10400,0439,0030,202504,1404
10400,0439,0030,202505,1009
10400,0439,0030,202506,457
10400,0439,0030,202507,279
10400,0439,0030,202508,244
10400,0439,0030,202509,105
10400,0439,0030,202510,280
10400,0439,0030,202511,513
10400,0440,0016,202501,4129
10400,0440,0016,202502,4163
10400,0440,0016,202503,4362
10400,0440,0016,202504,2217
10400,0440,0016,202505,1220
10400,0440,0016,202506,737
10400,0440,0016,202507,431
10400,0440,0016,202508,175
10400,0440,0016,202509,116
10400,0440,0016,202510,163
10400,0440,0016,202511,723
10400,0441,0012,202501,1753
10400,0441,0012,202502,1828
10400,0441,0012,202503,2240
10400,0441,0012,202504,1085
10400,0441,0012,202505,633
10400,0441,0012,202506,269
10400,0441,0012,202507,140
10400,0441,0012,202508,58
10400,0441,0012,202509,47
10400,0441,0012,202510,70
10400,0441,0012,202511,175
10400,0442,0007,202501,118
10400,0442,0007,202502,189
10400,0442,0007,202503,330
10400,0442,0007,202504,94
10400,0442,0007,202505,82
10400,0442,0007,202506,58
10400,0442,0007,202507,23
10400,0442,0007,202508,12
10400,0442,0007,202510,12
10400,0442,0007,202511,47
10400,0442,0029,202507,35
10400,0442,0029,202508,47
10400,0442,0029,202509,70
10400,0442,0029,202510,82
10400,0442,0029,202511,117
10400,0449,0012,202501,1882
10400,0449,0012,202502,1675
10400,0449,0012,202503,2193
10400,0449,0012,202504,1286
10400,0449,0012,202505,657
10400,0449,0012,202506,362
10400,0449,0012,202507,466
10400,0449,0012,202508,326
10400,0449,0012,202509,350
10400,0449,0012,202510,420
10400,0449,0012,202511,455
10400,0449,0018,202501,3129
10400,0449,0018,202502,2359
10400,0449,0018,202503,3843
10400,0449,0018,202504,1628
10400,0449,0018,202505,727
10400,0449,0018,202506,257
10400,0449,0018,202507,105
10400,0449,0018,202508,116
10400,0449,0018,202509,58
10400,0449,0018,202510,105
10400,0449,0018,202511,490
10400,0450,0016,202501,1776
10400,0450,0016,202502,1816
10400,0450,0016,202503,2381
10400,0450,0016,202504,826
10400,0450,0016,202505,223
10400,0450,0016,202506,175
10400,0450,0016,202507,105
10400,0450,0016,202508,81
10400,0450,0016,202509,82
10400,0450,0016,202510,117
10400,0450,0016,202511,186
10400,0450,0025,202501,2165
10400,0450,0025,202502,2182
10400,0450,0025,202503,3101
10400,0450,0025,202504,1863
10400,0450,0025,202505,1432
10400,0450,0025,202506,713
10400,0450,0025,202507,349
10400,0450,0025,202508,140
10400,0450,0025,202509,93
10400,0450,0025,202510,245
10400,0450,0025,202511,898
10400,0450,0027,202501,6235
10400,0450,0027,202502,7372
10400,0450,0027,202503,8688
10400,0450,0027,202504,5449
10400,0450,0027,202505,3719
10400,0450,0027,202506,1685
10400,0450,0027,202507,734
10400,0450,0027,202508,314
10400,0450,0027,202509,105
10400,0450,0027,202510,280
10400,0450,0027,202511,1038
10400,0450,0030,202501,2776
10400,0450,0030,202502,2772
10400,0450,0030,202503,3631
10400,0450,0030,202504,1380
10400,0450,0030,202505,587
10400,0450,0030,202506,293
10400,0450,0030,202507,303
10400,0450,0030,202508,233
10400,0450,0030,202509,210
10400,0450,0030,202510,221
10400,0450,0030,202511,303
10400,0451,0016,202501,2564
10400,0451,0016,202502,2666
10400,0451,0016,202503,3289
10400,0451,0016,202504,2028
10400,0451,0016,202505,1115
10400,0451,0016,202506,281
10400,0451,0016,202507,198
10400,0451,0016,202508,35
10400,0451,0016,202509,23
10400,0451,0016,202510,35
10400,0451,0016,202511,560
10400,0451,0021,202501,5564
10400,0451,0021,202502,5473
10400,0451,0021,202503,6567
10400,0451,0021,202504,4294
10400,0451,0021,202505,2546
10400,0451,0021,202506,1848
10400,0451,0021,202507,1315
10400,0451,0021,202508,930
10400,0451,0021,202509,933
10400,0451,0021,202510,1201
10400,0451,0021,202511,1924
10400,0453,0003,202501,2106
10400,0453,0003,202502,2029
10400,0453,0003,202503,3206
10400,0453,0003,202504,1003
10400,0453,0003,202505,680
10400,0453,0003,202506,444
10400,0453,0003,202507,326
10400,0453,0003,202508,233
10400,0453,0003,202509,210
10400,0453,0003,202510,163
10400,0453,0003,202511,373
10400,0454,0007,202501,1753
10400,0454,0007,202502,1710
10400,0454,0007,202503,2582
10400,0454,0007,202504,1133
10400,0454,0007,202505,645
10400,0454,0007,202506,397
10400,0454,0007,202507,116
10400,0454,0007,202508,105
10400,0454,0007,202509,82
10400,0454,0007,202510,117
10400,0454,0007,202511,257
10400,0456,0011,202501,3047
10400,0456,0011,202502,3291
10400,0456,0011,202503,4786
10400,0456,0011,202504,2088
10400,0456,0011,202505,1126
10400,0456,0011,202506,959
10400,0456,0011,202507,116
10400,0456,0011,202508,244
10400,0456,0011,202509,117
10400,0456,0011,202510,175
10400,0456,0011,202511,362
10400,0456,0018,202501,4694
10400,0456,0018,202502,4848
10400,0456,0018,202503,5493
10400,0456,0018,202504,4682
10400,0456,0018,202505,5443
10400,0456,0018,202506,4176
10400,0456,0018,202507,3246
10400,0456,0018,202508,3221
10400,0456,0018,202509,3032
10400,0456,0018,202510,4128
10400,0456,0018,202511,3662
10400,0459,0015,202501,1447
10400,0459,0015,202502,1875
10400,0459,0015,202503,2228
10400,0459,0015,202504,1227
10400,0459,0015,202505,481
10400,0459,0015,202506,246
10400,0459,0015,202507,93
10400,0459,0015,202508,35
10400,0459,0015,202509,47
10400,0459,0015,202510,47
10400,0459,0015,202511,210
10400,0460,0006,202501,2318
10400,0460,0006,202502,2501
10400,0460,0006,202503,3088
10400,0460,0006,202504,1545
10400,0460,0006,202505,998
10400,0460,0006,202506,386
10400,0460,0006,202507,70
10400,0460,0006,202508,23
10400,0460,0006,202509,35
10400,0460,0006,202510,58
10400,0460,0006,202511,455
10400,0461,0001,202501,3881
10400,0461,0001,202502,3362
10400,0461,0001,202503,4645
10400,0461,0001,202504,2076
10400,0461,0001,202505,1091
10400,0461,0001,202506,374
10400,0461,0001,202507,139
10400,0461,0001,202508,105
10400,0461,0001,202509,82
10400,0461,0001,202510,152
10400,0461,0001,202511,502
10400,0461,0004,202501,5023
10400,0461,0004,202502,4848
10400,0461,0004,202503,6895
10400,0461,0004,202504,3692
10400,0461,0004,202505,2287
10400,0461,0004,202506,1134
10400,0461,0004,202507,512
10400,0461,0004,202508,280
10400,0461,0004,202509,268
10400,0461,0004,202510,280
10400,0461,0004,202511,1399
10400,0462,0009,202501,4270
10400,0462,0009,202502,3728
10400,0462,0009,202503,5316
10400,0462,0009,202504,1781
10400,0462,0009,202505,974
10400,0462,0009,202506,421
10400,0462,0009,202507,140
10400,0462,0009,202508,82
10400,0462,0009,202509,152
10400,0462,0009,202510,175
10400,0462,0009,202511,665
10400,0464,0003,202501,1353
10400,0464,0003,202502,1522
10400,0464,0003,202503,1980
10400,0464,0003,202504,1580
10400,0464,0003,202505,1244
10400,0464,0003,202506,877
10400,0464,0003,202507,349
10400,0464,0003,202508,221
10400,0464,0003,202509,175
10400,0464,0003,202510,163
10400,0464,0003,202511,443
10400,0464,0029,202501,118
10400,0464,0029,202502,1899
10400,0464,0029,202503,3407
10400,0464,0029,202504,1097
10400,0464,0029,202505,422
10400,0464,0029,202506,222
10400,0464,0029,202507,93
10400,0464,0029,202508,12
10400,0464,0029,202509,23
10400,0464,0029,202510,47
10400,0464,0029,202511,408
10400,0464,0030,202511,12
10400,0465,0001,202501,3612
10400,0465,0001,202502,3491
10400,0465,0001,202503,4480
10400,0465,0001,202504,2242
10400,0465,0001,202505,1419
10400,0465,0001,202506,936
10400,0465,0001,202507,697
10400,0465,0001,202508,395
10400,0465,0001,202509,361
10400,0465,0001,202510,490
10400,0465,0001,202511,1178
10400,0465,0004,202501,1600
10400,0465,0004,202502,1498
10400,0465,0004,202503,1627
10400,0465,0004,202504,790
10400,0465,0004,202505,70
10400,0465,0004,202506,12
10400,0465,0004,202507,12
10400,0465,0004,202508,12
10400,0465,0004,202509,12
10400,0465,0004,202510,12
10400,0465,0004,202511,12
10400,0466,0026,202501,2717
10400,0466,0026,202502,2819
10400,0466,0026,202503,3878
10400,0466,0026,202504,2417
10400,0466,0026,202505,1936
10400,0466,0026,202506,1205
10400,0466,0026,202507,488
10400,0466,0026,202508,244
10400,0466,0026,202509,222
10400,0466,0026,202510,257
10400,0466,0026,202511,933
10400,0466,0039,202501,3694
10400,0466,0039,202502,4140
10400,0466,0039,202503,5211
10400,0466,0039,202504,2630
10400,0466,0039,202505,1396
10400,0466,0039,202506,643
10400,0466,0039,202507,419
10400,0466,0039,202508,302
10400,0466,0039,202509,257
10400,0466,0039,202510,338
10400,0466,0039,202511,828
10400,0467,0003,202501,729
10400,0467,0003,202502,1050
10400,0467,0003,202503,2476
10400,0467,0003,202504,802
10400,0467,0024,202501,2659
10400,0467,0024,202502,2996
10400,0467,0024,202503,3902
10400,0467,0024,202504,2052
10400,0467,0024,202505,1114
10400,0467,0024,202506,550
10400,0467,0024,202507,373
10400,0467,0024,202508,174
10400,0467,0024,202509,164
10400,0467,0024,202510,304
10400,0467,0024,202511,559
10400,0468,0007,202501,3894
10400,0468,0007,202502,4199
10400,0468,0007,202503,5741
10400,0468,0007,202504,3916
10400,0468,0007,202505,2076
10400,0468,0007,202506,538
10400,0468,0007,202507,349
10400,0468,0007,202508,256
10400,0468,0007,202509,233
10400,0468,0007,202510,268
10400,0468,0007,202511,327
10400,0471,0001,202501,7302
10400,0471,0001,202502,3672
10400,0471,0001,202503,703
10400,0471,0001,202504,6677
10400,0471,0001,202505,6179
10400,0471,0001,202506,4966
10400,0471,0001,202507,5484
10400,0471,0001,202508,4388
10400,0471,0001,202509,1876
10400,0471,0001,202510,4364
10400,0471,0001,202511,3303
10400,0473,0007,202501,4941
10400,0473,0007,202502,4859
10400,0473,0007,202503,6095
10400,0473,0007,202504,3055
10400,0473,0007,202505,1760
10400,0473,0007,202506,515
10400,0473,0007,202507,349
10400,0473,0007,202508,232
10400,0473,0007,202509,199
10400,0473,0007,202510,257
10400,0473,0007,202511,513
10400,0474,0008,202501,6635
10400,0474,0008,202502,7077
10400,0474,0008,202503,7616
10400,0474,0008,202504,4540
10400,0474,0008,202505,4130
10400,0474,0008,202506,2632
10400,0474,0008,202507,7573
10400,0474,0008,202508,6279
10400,0474,0008,202509,5971
10400,0474,0008,202510,4944
10400,0474,0008,202511,6962
10400,0475,0002,202510,129
10400,0475,0002,202511,607
10400,0475,0005,202510,58
10400,0475,0005,202511,152
10400,0475,0009,202501,2706
10400,0475,0009,202502,2736
10400,0475,0009,202503,3265
10400,0475,0009,202504,1215
10400,0475,0009,202505,481
10400,0475,0009,202506,292
10400,0475,0009,202507,140
10400,0475,0009,202508,198
10400,0475,0009,202509,58
10400,0475,0009,202510,303
10400,0475,0009,202511,851
10400,0475,0010,202501,3235
10400,0475,0010,202502,3066
10400,0475,0010,202503,3560
10400,0475,0010,202504,2347
10400,0475,0010,202505,1478
10400,0475,0010,202506,1579
10400,0475,0010,202507,1338
10400,0475,0010,202508,1291
10400,0475,0010,202509,1318
10400,0475,0010,202510,1341
10400,0475,0010,202511,1761
10400,0479,0013,202501,647
10400,0479,0013,202502,920
10400,0479,0013,202503,1143
10400,0479,0013,202504,637
10400,0479,0013,202505,352
10400,0479,0013,202506,187
10400,0479,0013,202507,128
10400,0479,0013,202508,70
10400,0479,0013,202509,58
10400,0479,0013,202510,70
10400,0479,0013,202511,152
10400,0480,0004,202501,2599
10400,0480,0004,202502,2489
10400,0480,0004,202503,2640
10400,0480,0004,202504,1274
10400,0480,0004,202505,716
10400,0480,0004,202506,140
10400,0480,0004,202507,117
10400,0480,0004,202508,70
10400,0480,0004,202509,58
10400,0480,0004,202510,105
10400,0480,0004,202511,502
10400,0481,0005,202501,4506
10400,0481,0005,202502,5615
10400,0481,0005,202503,6142
10400,0481,0005,202504,3020
10400,0481,0005,202505,1513
10400,0481,0005,202506,795
10400,0481,0005,202507,93
10400,0481,0005,202508,58
10400,0481,0005,202509,70
10400,0481,0005,202510,82
10400,0481,0005,202511,268
10400,0482,0007,202501,1094
10400,0482,0007,202502,1533
10400,0482,0007,202503,1969
10400,0482,0007,202504,849
10400,0482,0007,202505,516
10400,0482,0007,202506,316
10400,0482,0007,202507,186
10400,0482,0007,202508,93
10400,0482,0007,202509,117
10400,0482,0007,202510,128
10400,0482,0007,202511,210
10400,0482,0016,202501,2023
10400,0482,0016,202502,1946
10400,0482,0016,202503,2381
10400,0482,0016,202504,1439
10400,0482,0016,202505,458
10400,0482,0016,202506,211
10400,0482,0016,202507,198
10400,0482,0016,202508,116
10400,0482,0016,202509,117
10400,0482,0016,202510,152
10400,0482,0016,202511,315
10400,0482,0025,202501,2482
10400,0482,0025,202502,3279
10400,0482,0025,202503,4385
10400,0482,0025,202504,1745
10400,0482,0025,202505,1196
10400,0482,0025,202506,807
10400,0482,0025,202507,442
10400,0482,0025,202508,291
10400,0482,0025,202509,198
10400,0482,0025,202510,257
10400,0482,0025,202511,770
10400,0483,0001,202501,4541
10400,0483,0001,202502,4824
10400,0483,0001,202503,5906
10400,0483,0001,202504,3432
10400,0483,0001,202505,2628
10400,0483,0001,202506,1146
10400,0483,0001,202507,535
10400,0483,0001,202508,303
10400,0483,0001,202509,234
10400,0483,0001,202510,257
10400,0483,0001,202511,560
10400,0483,0009,202501,2811
10400,0483,0009,202502,4399
10400,0483,0009,202503,4857
10400,0483,0009,202504,4116
10400,0483,0009,202505,2662
10400,0483,0009,202506,1579
10400,0483,0009,202507,1233
10400,0483,0009,202508,1187
10400,0483,0009,202509,1248
10400,0483,0009,202510,1458
10400,0483,0009,202511,1796
10400,0483,0028,202501,4764
10400,0483,0028,202502,4601
10400,0483,0028,202503,5883
10400,0483,0028,202504,2748
10400,0483,0028,202505,1959
10400,0483,0028,202506,843
10400,0483,0028,202507,617
10400,0483,0028,202508,477
10400,0483,0028,202509,490
10400,0483,0028,202510,617
10400,0483,0028,202511,1097
10400,0484,0011,202501,3294
10400,0484,0011,202502,3621
10400,0484,0011,202503,4173
10400,0484,0011,202504,2618
10400,0484,0011,202505,1783
10400,0484,0011,202506,1030
10400,0484,0011,202507,942
10400,0484,0011,202508,1000
10400,0484,0011,202509,1027
10400,0484,0011,202510,1002
10400,0484,0011,202511,1679
10400,0485,0002,202501,2576
10400,0485,0002,202502,2949
10400,0485,0002,202503,3584
10400,0485,0002,202504,672
10400,0485,0002,202505,235
10400,0485,0002,202506,268
10400,0485,0002,202507,210
10400,0485,0002,202508,70
10400,0485,0002,202509,94
10400,0485,0002,202510,71
10400,0485,0002,202511,164
10400,0485,0021,202501,2341
10400,0485,0021,202502,3515
10400,0485,0021,202503,4149
10400,0485,0021,202504,2276
10400,0485,0021,202505,633
10400,0485,0021,202506,386
10400,0485,0021,202507,128
10400,0485,0021,202508,81
10400,0485,0021,202509,105
10400,0485,0021,202510,140
10400,0485,0021,202511,187
10400,0486,0036,202501,2776
10400,0486,0036,202502,2689
10400,0486,0036,202503,3395
10400,0486,0036,202504,1734
10400,0486,0036,202505,1161
10400,0486,0036,202506,374
10400,0486,0036,202507,209
10400,0486,0036,202508,93
10400,0486,0036,202509,70
10400,0486,0036,202510,93
10400,0486,0036,202511,292
10400,0488,0017,202501,3035
10400,0488,0017,202502,2843
10400,0488,0017,202503,3218
10400,0488,0017,202504,1121
10400,0488,0017,202505,504
10400,0488,0017,202506,246
10400,0488,0017,202507,209
10400,0488,0017,202508,139
10400,0488,0017,202509,140
10400,0488,0017,202510,187
10400,0488,0017,202511,245
10400,0491,0002,202501,2941
10400,0491,0002,202502,2300
10400,0491,0002,202503,2641
10400,0491,0002,202504,1356
10400,0491,0002,202505,504
10400,0491,0002,202506,140
10400,0491,0002,202507,140
10400,0491,0002,202508,163
10400,0491,0002,202509,47
10400,0491,0002,202510,93
10400,0491,0002,202511,198
10400,0492,0001,202501,6400
10400,0492,0001,202502,1993
10400,0492,0001,202503,1120
10400,0492,0001,202504,5579
10400,0492,0001,202505,5948
10400,0492,0001,202506,4632
10400,0492,0001,202507,4642
10400,0492,0001,202508,3070
10400,0492,0001,202509,3463
10400,0492,0001,202510,4676
10400,0492,0001,202511,3627
10400,0493,0001,202501,24
10400,0493,0001,202502,35
10400,0493,0001,202503,566
10400,0493,0001,202504,1675
10400,0493,0001,202505,340
10400,0493,0001,202506,35
10400,0493,0001,202507,35
10400,0493,0001,202508,35
10400,0493,0001,202509,23
10400,0493,0001,202510,12
10400,0493,0001,202511,35
10400,0493,0009,202501,153
10400,0493,0009,202502,177
10400,0493,0009,202503,224
10400,0493,0009,202504,106
10400,0493,0009,202505,47
10400,0493,0009,202506,35
10400,0493,0009,202507,12
10400,0493,0009,202508,23
10400,0493,0011,202501,8043
10400,0493,0011,202502,7816
10400,0493,0011,202503,5534
10400,0493,0011,202504,3443
10400,0493,0011,202505,1519
10400,0493,0011,202506,572
10400,0493,0011,202507,315
10400,0493,0011,202508,315
10400,0493,0011,202509,211
10400,0493,0011,202510,467
10400,0493,0011,202511,1971
10400,0493,0018,202501,2835
10400,0493,0018,202502,2937
10400,0493,0018,202503,3972
10400,0493,0018,202504,2324
10400,0493,0018,202505,1571
10400,0493,0018,202506,1041
10400,0493,0018,202507,1070
10400,0493,0018,202508,1093
10400,0493,0018,202509,921
10400,0493,0018,202510,968
10400,0493,0018,202511,1026
10400,0493,0020,202501,3424
10400,0493,0020,202502,3397
10400,0493,0020,202503,4468
10400,0493,0020,202504,3102
10400,0493,0020,202505,2369
10400,0493,0020,202506,1591
10400,0493,0020,202507,1385
10400,0493,0020,202508,1093
10400,0493,0020,202509,1143
10400,0493,0020,202510,1225
10400,0493,0020,202511,1761
10400,0494,0027,202501,2035
10400,0494,0027,202502,2312
10400,0494,0027,202503,3077
10400,0494,0027,202504,1628
10400,0494,0027,202505,833
10400,0494,0027,202506,550
10400,0494,0027,202507,58
10400,0494,0027,202508,93
10400,0494,0027,202509,93
10400,0494,0027,202510,105
10400,0494,0027,202511,338
10400,0494,0029,202501,2071
10400,0494,0029,202502,2607
10400,0494,0029,202503,3254
10400,0494,0029,202504,1722
10400,0494,0029,202505,997
10400,0494,0029,202506,362
10400,0494,0029,202507,175
10400,0494,0029,202508,82
10400,0494,0029,202509,175
10400,0494,0029,202510,117
10400,0494,0029,202511,152
10400,0496,0013,202501,2552
10400,0496,0013,202502,3845
10400,0496,0013,202503,5128
10400,0496,0013,202504,2359
10400,0496,0013,202505,939
10400,0496,0013,202506,375
10400,0496,0013,202507,209
10400,0496,0013,202508,106
10400,0496,0013,202509,70
10400,0496,0013,202510,82
10400,0496,0013,202511,210
10400,0498,0007,202501,2635
10400,0498,0007,202502,3397
10400,0498,0007,202503,3218
10400,0498,0007,202504,1675
10400,0498,0007,202505,692
10400,0498,0007,202506,269
10400,0498,0007,202507,81
10400,0498,0007,202508,12
10400,0498,0007,202510,23
10400,0498,0007,202511,140
10400,0500,0008,202501,1870
10400,0500,0008,202502,2442
10400,0500,0008,202503,2782
10400,0500,0008,202504,1498
10400,0500,0008,202505,845
10400,0500,0008,202506,246
10400,0500,0008,202507,140
10400,0500,0008,202508,105
10400,0500,0008,202509,117
10400,0500,0008,202510,105
10400,0500,0008,202511,198
10400,0501,0005,202501,2447
10400,0501,0005,202502,2477
10400,0501,0005,202503,3183
10400,0501,0005,202504,1946
10400,0501,0005,202505,1208
10400,0501,0005,202506,374
10400,0501,0005,202507,140
10400,0501,0005,202508,116
10400,0501,0005,202509,82
10400,0501,0005,202510,70
10400,0501,0005,202511,560
10400,0501,0021,202501,447
10400,0501,0021,202502,83
10400,0501,0021,202503,955
10400,0501,0021,202504,2111
10400,0501,0021,202505,12
10400,0501,0021,202506,35
10400,0501,0021,202508,12
10400,0501,0021,202511,269
10400,0501,0022,202501,4658
10400,0501,0022,202502,4671
10400,0501,0022,202503,5611
10400,0501,0022,202504,3420
10400,0501,0022,202505,2522
10400,0501,0022,202506,1310
10400,0501,0022,202507,617
10400,0501,0022,202508,361
10400,0501,0022,202509,327
10400,0501,0022,202510,303
10400,0501,0022,202511,1329
10400,0502,0007,202501,553
10400,0502,0007,202502,578
10400,0502,0007,202503,731
10400,0502,0007,202504,271
10400,0502,0007,202505,270
10400,0502,0007,202506,140
10400,0502,0007,202507,93
10400,0502,0007,202508,58
10400,0502,0007,202509,35
10400,0502,0007,202510,58
10400,0502,0007,202511,187
10400,0502,0014,202501,2117
10400,0502,0014,202502,2111
10400,0502,0014,202503,3171
10400,0502,0014,202504,1639
10400,0502,0014,202505,1290
10400,0502,0014,202506,667
10400,0502,0014,202507,303
10400,0502,0014,202508,151
10400,0502,0014,202509,117
10400,0502,0014,202510,187
10400,0502,0014,202511,583
10400,0503,0004,202501,1635
10400,0503,0004,202502,1474
10400,0503,0004,202503,1580
10400,0503,0004,202504,955
10400,0503,0004,202505,587
10400,0503,0004,202506,327
10400,0503,0004,202507,105
10400,0503,0004,202508,23
10400,0503,0004,202509,23
10400,0503,0004,202510,23
10400,0503,0004,202511,210
10400,0504,0005,202501,2647
10400,0504,0005,202502,2666
10400,0504,0005,202503,3560
10400,0504,0005,202504,1663
10400,0504,0005,202505,12
10400,0504,0005,202506,12
10400,0504,0005,202507,35
10400,0504,0005,202508,12
10400,0504,0005,202509,12
10400,0504,0005,202510,12
10400,0505,0008,202501,2682
10400,0505,0008,202502,2630
10400,0505,0008,202503,3371
10400,0505,0008,202504,1970
10400,0505,0008,202505,1654
10400,0505,0008,202506,936
10400,0505,0008,202507,326
10400,0505,0008,202508,47
10400,0505,0008,202509,12
10400,0505,0008,202510,117
10400,0505,0008,202511,571
10400,0514,0001,202501,1647
10400,0514,0001,202502,1781
10400,0514,0001,202503,2287
10400,0514,0001,202504,826
10400,0514,0001,202505,352
10400,0514,0001,202506,187
10400,0514,0001,202507,209
10400,0514,0001,202508,140
10400,0514,0001,202509,117
10400,0514,0001,202510,163
10400,0514,0001,202511,187
10400,0024,0038,202501,4106
10400,0024,0038,202502,531
10400,0024,0038,202503,1250
10400,0024,0038,202504,3208
10400,0024,0038,202505,3766
10400,0024,0038,202506,2737
10400,0024,0038,202507,2723
10400,0024,0038,202508,2384
10400,0024,0038,202509,630
10400,0024,0038,202510,3440
10400,0024,0038,202511,2472
10500,0001,0269,202501,1894
10500,0001,0269,202502,2347
10500,0001,0269,202503,2664
10500,0001,0269,202504,979
10500,0001,0269,202505,317
10500,0001,0269,202506,94
10500,0001,0269,202507,81
10500,0001,0269,202508,93
10500,0001,0269,202509,82
10500,0001,0269,202510,70
10500,0001,0269,202511,105
10500,0001,0326,202501,4329
10500,0001,0326,202502,5367
10500,0001,0326,202503,5694
10500,0001,0326,202504,3208
10500,0001,0326,202505,1807
10500,0001,0326,202506,1368
10500,0001,0326,202507,873
10500,0001,0326,202508,477
10500,0001,0326,202509,373
10500,0001,0326,202510,502
10500,0001,0326,202511,1026
10500,0003,0144,202501,3176
10500,0003,0144,202502,4011
10500,0003,0144,202503,4539
10500,0003,0144,202504,944
10500,0003,0144,202505,669
10500,0003,0144,202506,515
10500,0003,0144,202507,337
10500,0003,0144,202508,244
10500,0003,0144,202509,198
10500,0003,0144,202510,222
10500,0003,0144,202511,455
10500,0003,0214,202501,3764
10500,0003,0214,202502,3633
10500,0003,0214,202503,3619
10500,0003,0214,202504,2241
10500,0003,0214,202505,1126
10500,0003,0214,202506,515
10500,0003,0214,202507,233
10500,0003,0214,202508,128
10500,0003,0214,202509,93
10500,0003,0214,202510,128
10500,0003,0214,202511,583
10500,0003,0250,202501,4235
10500,0003,0250,202502,4517
10500,0003,0250,202503,4868
10500,0003,0250,202504,2890
10500,0003,0250,202505,1560
10500,0003,0250,202506,1334
10500,0003,0250,202507,1105
10500,0003,0250,202508,989
10500,0003,0250,202509,980
10500,0003,0250,202510,735
10500,0003,0250,202511,909
10500,0008,0005,202501,7305
10500,0008,0005,202502,9329
10500,0008,0005,202503,10539
10500,0008,0005,202504,6215
10500,0008,0005,202505,3953
10500,0008,0005,202506,3064
10500,0008,0005,202507,2699
10500,0008,0005,202508,2523
10500,0008,0005,202509,2356
10500,0008,0005,202510,2588
10500,0008,0005,202511,2180
10500,0008,0009,202501,929
10500,0008,0009,202502,1062
10500,0008,0009,202503,1426
10500,0008,0009,202504,731
10500,0008,0009,202505,211
10500,0008,0009,202506,187
10500,0008,0009,202507,198
10500,0008,0009,202508,209
10500,0008,0009,202509,163
10500,0008,0009,202510,163
10500,0008,0009,202511,163
10500,0019,0012,202501,494
10500,0019,0012,202502,1321
10500,0019,0012,202503,1190
10500,0019,0012,202504,118
10500,0019,0012,202505,35
10500,0019,0012,202506,23
10500,0019,0012,202507,23
10500,0019,0012,202508,35
10500,0019,0012,202509,35
10500,0019,0012,202510,58
10500,0019,0012,202511,35
10500,0090,0001,202501,814045
10500,0090,0001,202502,1072993
10500,0090,0001,202503,1206260
10500,0090,0001,202504,742327
10500,0090,0001,202505,516304
10500,0090,0001,202506,277714
10500,0090,0001,202507,237701
10500,0090,0001,202508,429900
10500,0090,0001,202509,335186
10500,0090,0001,202510,274703
10500,0090,0001,202511,263622
10500,0411,0000,202501,2859
10500,0411,0000,202502,3362
10500,0411,0000,202503,3961
10500,0411,0000,202504,2241
10500,0411,0000,202505,880
10500,0411,0000,202506,292
10500,0411,0000,202507,93
10500,0411,0000,202508,81
10500,0411,0000,202509,47
10500,0411,0000,202510,82
10500,0411,0000,202511,70
10500,0573,0003,202507,175
10500,0573,0003,202508,175
10500,0573,0003,202509,128
10500,0573,0003,202510,117
10500,0573,0003,202511,478
10500,0588,0002,202501,6388
10500,0588,0002,202502,9259
10500,0588,0002,202503,8794
10500,0588,0002,202504,6570
10500,0588,0002,202505,4774
10500,0588,0002,202506,3426
10500,0588,0002,202507,2641
10500,0588,0002,202508,1686
10500,0588,0002,202509,1691
10500,0588,0002,202510,4302
10500,0588,0002,202511,2705
10500,0591,0005,202501,2530
10500,0591,0005,202502,2158
10500,0591,0005,202503,3183
10500,0591,0005,202504,1580
10500,0591,0005,202505,493
10500,0591,0005,202506,491
10500,0591,0005,202507,442
10500,0591,0005,202508,419
10500,0591,0005,202509,385
10500,0591,0005,202510,269
10500,0591,0005,202511,350
10500,0607,0002,202505,1613
10500,0607,0002,202506,2187
10500,0607,0002,202507,1675
10500,0607,0002,202508,1558
10500,0607,0002,202509,1096
10500,0607,0002,202510,1411
10500,0607,0002,202511,1703
10500,0934,0006,202501,4482
10500,0934,0006,202502,1828
10500,0934,0006,202503,271
10500,0934,0006,202504,4954
10500,0934,0006,202505,4599
10500,0934,0006,202506,3673
10500,0934,0006,202507,3444
10500,0934,0006,202508,3431
10500,0934,0006,202509,618
10500,0934,0006,202510,3451
10500,0934,0006,202511,3125
10500,0967,0005,202501,3023
10500,0967,0005,202502,2335
10500,0967,0005,202503,2440
10500,0967,0005,202504,2347
10500,0967,0005,202505,1666
10500,0967,0005,202506,1345
10500,0967,0005,202507,1129
10500,0967,0005,202508,756
10500,0967,0005,202509,735
10500,0967,0005,202510,863
10500,0967,0005,202511,1143
10500,1039,0001,202501,7517
10500,1039,0001,202502,7325
10500,1039,0001,202503,6755
10500,1039,0001,202504,7313
10500,1039,0001,202505,5021
10500,1039,0001,202506,5263
10500,1039,0001,202507,5410
10500,1039,0001,202508,4710
10500,1039,0001,202509,3930
10500,1039,0001,202510,3813
10500,1039,0001,202511,4327
10500,1045,0000,202501,9670
10500,1045,0000,202502,10380
10500,1045,0000,202503,9996
10500,1045,0000,202504,9518
10500,1045,0000,202505,6382
10500,1045,0000,202506,5824
10500,1045,0000,202507,6563
10500,1045,0000,202508,5524
10500,1045,0000,202509,6565
10500,1045,0000,202510,6379
10500,1045,0000,202511,6694
10500,1045,0002,202501,2353
10500,1045,0002,202502,2430
10500,1045,0002,202503,2145
10500,1045,0002,202504,2229
10500,1045,0002,202505,1689
10500,1045,0002,202506,1778
10500,1045,0002,202507,1757
10500,1045,0002,202508,1570
10500,1045,0002,202509,1434
10500,1045,0002,202510,1236
10500,1045,0002,202511,1423
10500,1115,0000,202501,2506
10500,1115,0000,202502,2583
10500,1115,0000,202503,2570
10500,1115,0000,202504,1875
10500,1115,0000,202505,3296
10500,1115,0000,202506,2597
10500,1115,0000,202507,2920
10500,1115,0000,202508,2151
10500,1115,0000,202509,1971
10500,1115,0000,202510,2437
10500,1115,0000,202511,2204
10500,1172,0008,202501,1753
10500,1172,0008,202502,2595
10500,1172,0008,202503,1580
10500,1172,0008,202504,1639
10500,1172,0008,202505,493
10500,1172,0008,202506,222
10500,1172,0008,202507,175
10500,1172,0008,202508,128
10500,1172,0008,202509,93
10500,1172,0008,202510,140
10500,1172,0008,202511,198
10500,1172,0016,202501,7553
10500,1172,0016,202502,9259
10500,1172,0016,202503,9218
10500,1172,0016,202504,5897
10500,1172,0016,202505,4364
10500,1172,0016,202506,2386
10500,1172,0016,202507,2374
10500,1172,0016,202508,1978
10500,1172,0016,202509,1516
10500,1172,0016,202510,1959
10500,1172,0016,202511,2181
10500,1172,0017,202501,11623
10500,1172,0017,202502,11571
10500,1172,0017,202503,11847
10500,1172,0017,202504,9990
10500,1172,0017,202505,7345
10500,1172,0017,202506,6351
10500,1172,0017,202507,6003
10500,1172,0017,202508,5141
10500,1172,0017,202509,4979
10500,1172,0017,202510,5563
10500,1172,0017,202511,5598
10500,1173,0014,202501,8835
10500,1173,0014,202502,9212
10500,1173,0014,202503,10009
10500,1173,0014,202504,8292
10500,1173,0014,202505,5443
10500,1173,0014,202506,4901
10500,1173,0014,202507,3490
10500,1173,0014,202508,3268
10500,1173,0014,202509,3626
10500,1173,0014,202510,4594
10500,1173,0014,202511,5038
10500,1173,0015,202501,5411
10500,1173,0015,202502,5343
10500,1173,0015,202503,5647
10500,1173,0015,202504,2842
10500,1173,0015,202505,1126
10500,1173,0015,202506,819
10500,1173,0015,202507,477
10500,1173,0015,202508,326
10500,1173,0015,202509,210
10500,1173,0015,202510,292
10500,1173,0015,202511,1376
10500,1174,0000,202501,16870
10500,1174,0000,202502,16277
10500,1174,0000,202503,15584
10500,1174,0000,202504,17645
10500,1174,0000,202505,16740
10500,1174,0000,202506,19521
10500,1174,0000,202507,20804
10500,1174,0000,202508,23178
10500,1174,0000,202509,21200
10500,1174,0000,202510,14937
10500,1174,0000,202511,12887
10500,1174,0002,202501,94812
10500,1174,0002,202502,121191
10500,1174,0002,202503,73807
10500,1174,0002,202504,42147
10500,1174,0002,202505,24255
10500,1174,0002,202506,17286
10500,1174,0002,202507,13324
10500,1174,0002,202508,9133
10500,1174,0002,202509,10582
10500,1174,0002,202510,14501
10500,1174,0002,202511,40594
10500,1175,0000,202501,6117
10500,1175,0000,202502,6935
10500,1175,0000,202503,8582
10500,1175,0000,202504,7548
10500,1175,0000,202505,6511
10500,1175,0000,202506,6772
10500,1175,0000,202507,19047
10500,1175,0000,202508,23166
10500,1175,0000,202509,21760
10500,1175,0000,202510,6565
10500,1175,0000,202511,13201
10500,1176,0000,202501,1894
10500,1176,0000,202502,2359
10500,1176,0000,202503,2676
10500,1176,0000,202504,2713
10500,1176,0000,202505,2053
10500,1176,0000,202506,2234
10500,1176,0000,202507,1908
10500,1176,0000,202508,1523
10500,1176,0000,202509,1469
10500,1176,0000,202510,1551
10500,1176,0000,202511,1738
10500,1176,0007,202501,4258
10500,1176,0007,202502,4352
10500,1176,0007,202503,4267
10500,1176,0007,202504,3114
10500,1176,0007,202505,2158
10500,1176,0007,202506,1134
10500,1176,0007,202507,977
10500,1176,0007,202508,837
10500,1176,0007,202509,688
10500,1176,0007,202510,467
10500,1176,0007,202511,711
10500,1176,0008,202501,4411
10500,1176,0008,202502,4954
10500,1176,0008,202503,4998
10500,1176,0008,202504,3102
10500,1176,0008,202505,2217
10500,1176,0008,202506,1392
10500,1176,0008,202507,1210
10500,1176,0008,202508,1047
10500,1176,0008,202509,1061
10500,1176,0008,202510,1108
10500,1176,0008,202511,1493
10500,1176,0014,202501,2541
10500,1176,0014,202502,3291
10500,1176,0014,202503,3336
10500,1176,0014,202504,2076
10500,1176,0014,202505,1196
10500,1176,0014,202506,830
10500,1176,0014,202507,314
10500,1176,0014,202508,187
10500,1176,0014,202509,105
10500,1176,0014,202510,128
10500,1176,0014,202511,758
10500,1176,0019,202501,1282
10500,1176,0019,202502,1380
10500,1176,0019,202503,1898
10500,1176,0019,202504,1226
10500,1176,0019,202505,833
10500,1176,0019,202506,608
10500,1176,0019,202507,325
10500,1176,0019,202508,93
10500,1176,0019,202509,129
10500,1176,0019,202510,234
10500,1176,0019,202511,502
10500,1176,0020,202501,8305
10500,1176,0020,202502,10061
10500,1176,0020,202503,9631
10500,1176,0020,202504,8716
10500,1176,0020,202505,5420
10500,1176,0020,202506,5462
10500,1176,0020,202507,6167
10500,1176,0020,202508,5547
10500,1176,0020,202509,4770
10500,1176,0020,202510,5387
10500,1176,0020,202511,5399
10500,1177,0002,202501,10505
10500,1177,0002,202502,10486
10500,1177,0002,202503,10975
10500,1177,0002,202504,8468
10500,1177,0002,202505,4495
10500,1177,0002,202506,4246
10500,1177,0002,202507,3595
10500,1177,0002,202508,3244
10500,1177,0002,202509,2950
10500,1177,0002,202510,3102
10500,1177,0002,202511,3755
10500,1177,0003,202501,2635
10500,1177,0003,202502,3315
10500,1177,0003,202503,3560
10500,1177,0003,202504,2854
10500,1177,0003,202505,1691
10500,1177,0003,202506,1509
10500,1177,0003,202507,1397
10500,1177,0003,202508,1267
10500,1177,0003,202509,1224
10500,1177,0003,202510,1469
10500,1177,0003,202511,1504
10500,1178,0002,202501,4470
10500,1178,0002,202502,5025
10500,1178,0002,202503,5175
10500,1178,0002,202504,2996
10500,1178,0002,202505,1220
10500,1178,0002,202506,702
10500,1178,0002,202507,267
10500,1178,0002,202508,221
10500,1178,0002,202509,198
10500,1178,0002,202510,117
10500,1178,0002,202511,735
10500,1178,0009,202501,2376
10500,1178,0009,202502,2454
10500,1178,0009,202503,2441
10500,1178,0009,202504,1356
10500,1178,0009,202505,846
10500,1178,0009,202506,701
10500,1178,0009,202507,396
10500,1178,0009,202508,302
10500,1178,0009,202509,152
10500,1178,0009,202510,105
10500,1178,0009,202511,327
10500,1178,0017,202501,71
10500,1178,0017,202502,59
10500,1178,0017,202503,59
10500,1178,0017,202504,59
10500,1178,0017,202505,70
10500,1178,0017,202506,82
10500,1178,0017,202507,35
10500,1178,0017,202508,23
10500,1178,0017,202509,12
10500,1178,0017,202510,47
10500,1178,0017,202511,82
10500,1178,0018,202501,2623
10500,1178,0018,202502,3645
10500,1178,0018,202503,3159
10500,1178,0018,202504,3267
10500,1178,0018,202505,3531
10500,1178,0018,202506,2608
10500,1178,0018,202507,1908
10500,1178,0018,202508,1605
10500,1178,0018,202509,1959
10500,1178,0018,202510,1784
10500,1178,0018,202511,3860
10500,1179,0001,202501,2670
10500,1179,0001,202502,3243
10500,1179,0001,202503,3195
10500,1179,0001,202504,2123
10500,1179,0001,202505,926
10500,1179,0001,202506,210
10500,1179,0001,202507,35
10500,1179,0001,202508,140
10500,1179,0001,202509,58
10500,1179,0001,202510,23
10500,1179,0001,202511,58
10500,1179,0002,202501,1942
10500,1179,0002,202502,2607
10500,1179,0002,202503,3879
10500,1179,0002,202504,1675
10500,1179,0002,202505,483
10500,1179,0002,202506,363
10500,1179,0002,202507,140
10500,1179,0002,202508,70
10500,1179,0002,202509,58
10500,1179,0002,202510,70
10500,1179,0002,202511,536
10500,1179,0013,202501,2753
10500,1179,0013,202502,3137
10500,1179,0013,202503,2959
10500,1179,0013,202504,1404
10500,1179,0013,202505,528
10500,1179,0013,202506,339
10500,1179,0013,202507,163
10500,1179,0013,202508,93
10500,1179,0013,202509,70
10500,1179,0013,202510,58
10500,1179,0013,202511,397
10500,1180,0000,202501,302080
10500,1180,0000,202502,323534
10500,1180,0000,202503,221803
10500,1180,0000,202504,134197
10500,1180,0000,202505,80089
10500,1180,0000,202506,58395
10500,1180,0000,202507,35528
10500,1180,0000,202508,31813
10500,1180,0000,202509,30546
10500,1180,0000,202510,44917
10500,1180,0000,202511,123886
10500,1181,0000,202501,2670
10500,1181,0000,202502,3173
10500,1181,0000,202503,3313
10500,1181,0000,202504,1864
10500,1181,0000,202505,727
10500,1181,0000,202506,363
10500,1181,0000,202507,151
10500,1181,0000,202508,105
10500,1181,0000,202509,70
10500,1181,0000,202510,82
10500,1181,0000,202511,338
10500,1183,0011,202501,1859
10500,1183,0011,202502,1757
10500,1183,0011,202503,1532
10500,1183,0011,202504,1911
10500,1183,0011,202505,1572
10500,1183,0011,202506,1462
10500,1183,0011,202507,1373
10500,1183,0011,202508,1082
10500,1183,0011,202509,1015
10500,1183,0011,202510,1061
10500,1183,0011,202511,910
10600,0234,0000,202501,24187
10600,0234,0000,202502,29617
10600,0234,0000,202503,30945
10600,0234,0000,202504,20652
10600,0234,0000,202505,15661
10600,0234,0000,202506,13310
10600,0234,0000,202507,10052
10600,0234,0000,202508,8245
10600,0234,0000,202509,6204
10600,0234,0000,202510,7405
10600,0234,0000,202511,9726
10600,0248,0000,202501,49574
10600,0248,0000,202502,64601
10600,0248,0000,202503,94059
10600,0248,0000,202504,55811
10600,0248,0000,202505,43733
10600,0248,0000,202506,31498
10600,0248,0000,202507,22258
10600,0248,0000,202508,56874
10600,0248,0000,202509,32932
10600,0248,0000,202510,33068
10600,0248,0000,202511,43674
10600,0679,0170,202501,259
10600,0679,0170,202502,12
10600,0679,0170,202503,283
10600,0679,0170,202504,802
10600,0679,0170,202505,563
10600,0679,0170,202506,491
10600,0679,0170,202507,558
10600,0679,0170,202508,558
10600,0679,0170,202509,303
10600,0679,0170,202510,338
10600,0679,0170,202511,339
10600,0679,0272,202510,93
10600,0679,0272,202511,1155
10600,0679,0458,202501,196743
10600,0679,0458,202502,214162
10600,0679,0458,202503,149653
10600,0679,0458,202504,93420
10600,0679,0458,202505,52513
10600,0679,0458,202506,36554
10600,0679,0458,202507,23868
10600,0679,0458,202508,20073
10600,0679,0458,202509,19066
10600,0679,0458,202510,29996
10600,0679,0458,202511,84407
10600,0682,0000,202501,3470
10600,0682,0000,202502,3008
10600,0682,0000,202503,6366
10600,0682,0000,202504,3703
10600,0682,0000,202505,2346
10600,0682,0000,202506,2176
10600,0682,0000,202507,1769
10600,0682,0000,202508,1547
10600,0682,0000,202509,1714
10600,0682,0000,202510,1959
10600,0682,0000,202511,2356
10900,0001,0000,202501,66501
10900,0001,0000,202502,65131
10900,0001,0000,202503,82270
10900,0001,0000,202504,43273
10900,0001,0000,202505,25245
10900,0001,0000,202506,18667
10900,0001,0000,202507,15358
10900,0001,0000,202508,23248
10900,0001,0000,202509,14670
10900,0001,0000,202510,21934
10900,0001,0000,202511,23324
10900,0001,0050,202501,5094
10900,0001,0050,202502,4116
10900,0001,0050,202503,4468
10900,0001,0050,202504,4446
10900,0001,0050,202505,4669
10900,0001,0050,202506,4000
10900,0001,0050,202507,3747
10900,0001,0050,202508,3454
10900,0001,0050,202509,3102
10900,0001,0050,202510,4011
10900,0001,0050,202511,3487
10900,0848,0003,202501,1200
10900,0848,0003,202502,1026
10900,0848,0003,202503,1403
10900,0848,0003,202504,1356
10900,0848,0003,202505,1267
10900,0848,0003,202506,866
10900,0848,0003,202507,966
10900,0848,0003,202508,814
10900,0848,0003,202509,571
10900,0848,0003,202510,840
10900,0848,0003,202511,676
11100,1858,0000,202501,3070
11100,1858,0000,202502,2524
11100,1858,0000,202503,3018
11100,1858,0000,202504,1993
11100,1858,0000,202505,962
11100,1858,0000,202506,47
11200,0006,0062,202501,588
11200,0006,0062,202502,1415
11200,0006,0062,202503,1238
11200,0006,0062,202504,731
11200,0006,0062,202505,328
11200,0006,0062,202506,70
11200,0006,0062,202508,23
11200,0006,0062,202509,23
11200,0006,0062,202510,12
11200,0006,0062,202511,12
11200,0007,0000,202501,444536
11200,0007,0000,202502,492406
11200,0007,0000,202503,341251
11200,0007,0000,202504,198475
11200,0007,0000,202505,118725
11200,0007,0000,202506,79237
11200,0007,0000,202507,52378
11200,0007,0000,202508,45431
11200,0007,0000,202509,38579
11200,0007,0000,202510,66247
11200,0007,0000,202511,197479
11200,0047,0003,202501,3176
11200,0047,0003,202502,3255
11200,0047,0003,202503,4020
11200,0047,0003,202504,2559
11200,0047,0003,202505,2464
11200,0047,0003,202506,1731
11200,0047,0003,202507,1699
11200,0047,0003,202508,1803
11200,0047,0003,202509,1516
11200,0047,0003,202510,1201
11200,0047,0003,202511,1376
11200,0049,0000,202501,26496
11200,0049,0000,202502,15417
11200,0049,0000,202503,4839
11200,0049,0000,202504,21320
11200,0049,0000,202505,14136
11200,0049,0000,202506,11067
11200,0049,0000,202507,26657
11200,0049,0000,202508,38174
11200,0049,0000,202509,16419
11200,0049,0000,202510,30395
11200,0049,0000,202511,15525
11200,0071,0013,202501,5800
11200,0071,0013,202502,7077
11200,0071,0013,202503,7651
11200,0071,0013,202504,4635
11200,0071,0013,202505,2675
11200,0071,0013,202506,1626
11200,0071,0013,202507,500
11200,0071,0013,202508,535
11200,0071,0013,202509,606
11200,0071,0013,202510,606
11200,0071,0013,202511,1865
11200,0071,0025,202501,3705
11200,0071,0025,202502,5190
11200,0071,0025,202503,5882
11200,0071,0025,202504,2111
11200,0071,0025,202505,258
11200,0071,0025,202506,70
11200,0071,0025,202507,128
11200,0071,0025,202508,117
11200,0071,0025,202509,93
11200,0071,0025,202510,82
11200,0071,0025,202511,128
11200,0071,0026,202501,2788
11200,0071,0026,202502,3586
11200,0071,0026,202503,4892
11200,0071,0026,202504,2571
11200,0071,0026,202505,997
11200,0071,0026,202506,421
11200,0071,0026,202507,209
11200,0071,0026,202508,128
11200,0071,0026,202509,128
11200,0071,0026,202510,117
11200,0071,0026,202511,198
11200,0071,0028,202501,1353
11200,0071,0028,202502,2147
11200,0071,0028,202503,2051
11200,0071,0028,202504,1250
11200,0071,0028,202505,774
11200,0071,0028,202506,281
11200,0071,0028,202507,186
11200,0071,0028,202508,70
11200,0071,0028,202509,70
11200,0071,0028,202510,163
11200,0071,0028,202511,315
11200,0079,0003,202501,1823
11200,0079,0003,202502,1463
11200,0079,0003,202503,1674
11200,0079,0003,202504,1286
11200,0079,0003,202505,1396
11200,0079,0003,202506,1158
11200,0079,0003,202507,1001
11200,0079,0003,202508,1035
11200,0079,0003,202509,828
11200,0079,0003,202510,1096
11200,0079,0003,202511,945
11200,0161,0002,202501,2765
11200,0161,0002,202502,2453
11200,0161,0002,202503,2747
11200,0161,0002,202504,2654
11200,0161,0002,202505,2640
11200,0161,0002,202506,2269
11200,0161,0002,202507,2118
11200,0161,0002,202508,2245
11200,0161,0002,202509,1679
11200,0161,0002,202510,2274
11200,0161,0002,202511,1703
11200,0161,0016,202502,16987
11200,0161,0016,202504,18161
11200,0161,0016,202506,13893
11200,0161,0016,202508,11829
11200,0161,0016,202510,12223
11200,0161,0024,202502,391
11200,0161,0024,202504,404
11200,0161,0024,202506,411
11200,0161,0024,202508,458
11200,0161,0024,202510,537
11200,0161,0176,202501,160729
11200,0161,0176,202502,199909
11200,0161,0176,202503,230255
11200,0161,0176,202504,64715
11200,0161,0176,202505,77854
11200,0161,0176,202506,139741
11200,0161,0176,202507,218815
11200,0161,0176,202508,56583
11200,0161,0176,202509,52775
11200,0161,0176,202510,226367
11200,0161,0176,202511,173829
11200,0161,0250,202501,21634
11200,0161,0250,202502,20523
11200,0161,0250,202503,25899
11200,0161,0250,202504,28389
11200,0161,0250,202505,26372
11200,0161,0250,202506,22890
11200,0161,0250,202507,22130
11200,0161,0250,202508,18165
11200,0161,0250,202509,15649
11200,0161,0250,202510,20301
11200,0161,0250,202511,22974
11200,0172,0002,202501,1530
11200,0172,0002,202502,1227
11200,0172,0002,202503,1026
11200,0172,0002,202504,1215
11200,0172,0002,202505,1080
11200,0172,0002,202506,819
11200,0172,0002,202507,942
11200,0172,0002,202508,919
11200,0172,0002,202509,945
11200,0172,0002,202510,863
11200,0172,0002,202511,816
11200,0187,0002,202501,2329
11200,0187,0002,202502,1816
11200,0187,0002,202503,1850
11200,0187,0002,202504,1203
11200,0187,0002,202505,1232
11200,0187,0002,202506,912
11200,0187,0002,202507,896
11200,0187,0002,202508,721
11200,0187,0002,202509,572
11200,0187,0002,202510,490
11200,0187,0002,202511,887
11200,0201,0000,202501,6988
11200,0201,0000,202502,6664
11200,0201,0000,202503,8134
11200,0201,0000,202504,5956
11200,0201,0000,202505,5044
11200,0201,0000,202506,4058
11200,0201,0000,202507,3526
11200,0201,0000,202508,3407
11200,0201,0000,202509,3312
11200,0201,0000,202510,3685
11200,0201,0000,202511,3744
11200,0205,0000,202510,361
11200,0205,0000,202511,1073
11200,0213,0000,202501,2306
11200,0213,0000,202502,2548
11200,0213,0000,202503,2252
11200,0213,0000,202504,1521
11200,0213,0000,202505,1689
11200,0213,0000,202506,667
11200,0213,0000,202507,384
11200,0213,0000,202508,314
11200,0213,0000,202509,280
11200,0213,0000,202510,326
11200,0213,0000,202511,665
11200,0221,0001,202501,2165
11200,0221,0001,202502,1368
11200,0221,0001,202503,1214
11200,0221,0001,202504,1498
11200,0221,0001,202505,786
11200,0221,0001,202506,573
11200,0221,0001,202507,407
11200,0221,0001,202508,372
11200,0221,0001,202509,408
11200,0221,0001,202510,361
11200,0221,0001,202511,315
11200,0222,0005,202501,4070
11200,0222,0005,202502,3916
11200,0222,0005,202503,4856
11200,0222,0005,202504,3916
11200,0222,0005,202505,5232
11200,0222,0005,202506,4678
11200,0222,0005,202507,4317
11200,0222,0005,202508,4826
11200,0222,0005,202509,4209
11200,0222,0005,202510,2519
11200,0222,0005,202511,770
11200,0236,0002,202501,671
11200,0236,0002,202502,731
11200,0236,0002,202503,754
11200,0236,0002,202504,672
11200,0236,0002,202505,692
11200,0236,0002,202506,550
11200,0236,0002,202507,488
11200,0236,0002,202508,512
11200,0236,0002,202509,490
11200,0236,0002,202510,478
11200,0236,0002,202511,210
11200,0256,0001,202501,3459
11200,0256,0001,202502,3397
11200,0256,0001,202503,3690
11200,0256,0001,202504,1557
11200,0256,0001,202505,810
11200,0256,0001,202506,397
11200,0256,0001,202507,302
11200,0256,0001,202508,256
11200,0256,0001,202509,210
11200,0256,0001,202510,245
11200,0256,0001,202511,339
11200,0259,0000,202510,1667
11200,0259,0000,202511,1026
11200,0301,0000,202501,1765
11200,0301,0000,202502,2005
11200,0301,0000,202503,2417
11200,0301,0000,202504,1521
11200,0301,0000,202505,868
11200,0301,0000,202506,304
11200,0301,0000,202507,81
11200,0301,0000,202508,140
11200,0301,0000,202509,105
11200,0301,0000,202510,82
11200,0301,0000,202511,117
11200,0312,0003,202501,7482
11200,0312,0003,202502,7820
11200,0312,0003,202503,8700
11200,0312,0003,202504,5520
11200,0312,0003,202505,6370
11200,0312,0003,202506,5252
11200,0312,0003,202507,5841
11200,0312,0003,202508,11560
11200,0312,0003,202509,9947
11200,0312,0003,202510,4268
11200,0312,0003,202511,3335
11200,0335,0000,202501,3329
11200,0335,0000,202502,2536
11200,0335,0000,202503,3513
11200,0335,0000,202504,3055
11200,0335,0000,202505,2288
11200,0335,0000,202506,1953
11200,0335,0000,202507,1652
11200,0335,0000,202508,826
11200,0335,0000,202509,1248
11200,0335,0000,202510,653
11200,0335,0000,202511,1038
11200,0338,0003,202501,9058
11200,0338,0003,202502,9743
11200,0338,0003,202503,9949
11200,0338,0003,202504,7537
11200,0338,0003,202505,7743
11200,0338,0003,202506,7146
11200,0338,0003,202507,5596
11200,0338,0003,202508,5396
11200,0338,0003,202509,5038
11200,0338,0003,202510,6460
11200,0338,0003,202511,7907
11200,0340,0000,202501,13517
11200,0340,0000,202502,12526
11200,0340,0000,202503,11517
11200,0340,0000,202504,10049
11200,0340,0000,202505,9854
11200,0340,0000,202506,8386
11200,0340,0000,202507,7551
11200,0340,0000,202508,9222
11200,0340,0000,202509,10285
11200,0340,0000,202510,8454
11200,0340,0000,202511,8397
11200,0340,0004,202501,3400
11200,0340,0004,202502,2996
11200,0340,0004,202503,3159
11200,0340,0004,202504,3456
11200,0340,0004,202505,3238
11200,0340,0004,202506,3333
11200,0340,0004,202507,3351
11200,0340,0004,202508,5001
11200,0340,0004,202509,4513
11200,0340,0004,202510,2845
11200,0340,0004,202511,2181
11200,0345,0013,202501,1741
11200,0345,0013,202502,3043
11200,0345,0013,202503,4397
11200,0345,0013,202504,2606
11200,0345,0013,202505,2241
11200,0345,0013,202506,1802
11200,0345,0013,202507,1303
11200,0345,0013,202508,1687
11200,0345,0013,202509,1493
11200,0345,0013,202510,1936
11200,0345,0013,202511,1597
11200,0368,0045,202501,53557
11200,0368,0045,202502,55702
11200,0368,0045,202503,69719
11200,0368,0045,202504,58286
11200,0368,0045,202505,54019
11200,0368,0045,202506,43654
11200,0368,0045,202507,47513
11200,0368,0045,202509,92733
11200,0368,0045,202510,36856
11200,0368,0045,202511,31284
11200,0408,0004,202501,1494
11200,0408,0004,202502,1805
11200,0408,0004,202503,1733
11200,0408,0004,202504,1073
11200,0408,0004,202505,317
11200,0408,0004,202506,164
11200,0408,0004,202507,116
11200,0408,0004,202508,70
11200,0408,0004,202509,35
11200,0408,0004,202510,35
11200,0408,0004,202511,93
11200,0414,0007,202501,6235
11200,0414,0007,202502,8021
11200,0414,0007,202503,10940
11200,0414,0007,202504,6027
11200,0414,0007,202505,2499
11200,0414,0007,202506,2187
11200,0414,0007,202507,2025
11200,0414,0007,202508,1314
11200,0414,0007,202509,1434
11200,0414,0007,202510,1353
11200,0414,0007,202511,1679
11300,0577,0000,202501,59
11300,0577,0000,202502,59
11300,0577,0000,202503,71
11300,0577,0000,202504,83
11300,0577,0000,202505,70
11300,0577,0000,202506,70
11300,0577,0000,202507,58
11300,0577,0000,202508,35
11300,0577,0000,202510,23
11300,0577,0000,202511,35
11300,0627,0000,202501,7906
11300,0627,0000,202502,6665
11300,0627,0000,202503,8736
11300,0627,0000,202504,7714
11300,0627,0000,202505,8705
11300,0627,0000,202506,5146
11300,0627,0000,202507,5003
11300,0627,0000,202508,4908
11300,0627,0000,202509,4326
11300,0627,0000,202510,4909
11300,0627,0000,202511,5003
11400,0119,0003,202501,5882
11400,0119,0003,202502,5532
11400,0119,0003,202503,6200
11400,0119,0003,202504,3609
11400,0119,0003,202505,3144
11400,0119,0003,202506,2012
11400,0119,0003,202507,2466
11400,0119,0003,202508,1454
11400,0119,0003,202509,1108
11400,0119,0003,202510,1154
11400,0119,0003,202511,1120
11400,0127,0003,202501,10164
11400,0127,0003,202502,9058
11400,0127,0003,202503,13073
11400,0127,0003,202504,7277
11400,0127,0003,202505,7156
11400,0127,0003,202506,5275
11400,0127,0003,202507,5888
11400,0127,0003,202508,5454
11400,0127,0003,202509,6343
11400,0127,0003,202510,4187
11400,0127,0003,202511,4874
11400,0131,0009,202501,741
11400,0131,0009,202502,1144
11400,0131,0009,202503,1108
11400,0131,0009,202504,106
11400,0144,0010,202501,4459
11400,0144,0010,202502,5037
11400,0144,0010,202503,5435
11400,0144,0010,202504,2772
11400,0144,0010,202505,1642
11400,0144,0010,202506,1041
11400,0144,0010,202507,814
11400,0144,0010,202508,431
11400,0144,0010,202509,524
11400,0144,0010,202510,373
11400,0144,0010,202511,1178
11400,0145,0009,202501,1482
11400,0145,0009,202502,1121
11400,0145,0009,202503,1191
11400,0145,0009,202504,1026
11400,0145,0009,202505,35
11400,0145,0009,202507,849
11400,0145,0009,202508,1012
11400,0145,0009,202509,665
11400,0145,0009,202510,979
11400,0145,0009,202511,431
11400,0159,0004,202501,2399
11400,0159,0004,202502,2383
11400,0159,0004,202503,2298
11400,0159,0004,202504,1097
11400,0159,0004,202505,775
11400,0159,0004,202506,526
11400,0159,0004,202507,198
11400,0159,0004,202508,175
11400,0159,0004,202509,81
11400,0159,0004,202510,152
11400,0159,0004,202511,432
11400,0159,0009,202501,1423
11400,0159,0009,202502,1710
11400,0159,0009,202503,1674
11400,0159,0009,202504,979
11400,0159,0009,202505,469
11400,0159,0009,202506,152
11400,0159,0009,202507,139
11400,0159,0009,202508,70
11400,0159,0009,202509,70
11400,0159,0009,202510,81
11400,0159,0009,202511,175
11400,0164,0003,202501,1623
11400,0164,0003,202502,1793
11400,0164,0003,202503,1992
11400,0164,0003,202504,1120
11400,0164,0003,202505,411
11400,0164,0003,202506,105
11400,0164,0003,202507,128
11400,0164,0003,202508,93
11400,0164,0003,202509,70
11400,0164,0003,202510,70
11400,0164,0003,202511,47
11400,0168,0009,202501,4059
11400,0168,0009,202502,2796
11400,0168,0009,202503,2322
11400,0168,0009,202504,2760
11400,0168,0009,202505,3519
11400,0168,0009,202506,1497
11400,0168,0009,202507,1571
11400,0168,0009,202508,1012
11400,0168,0009,202509,1668
11400,0168,0009,202510,1889
11400,0168,0009,202511,1586
11400,0190,0001,202501,1282
11400,0190,0001,202502,1144
11400,0190,0001,202503,1426
11400,0190,0001,202504,1061
11400,0190,0001,202505,927
11400,0192,0002,202501,1729
11400,0192,0002,202502,1699
11400,0192,0002,202503,2075
11400,0192,0002,202504,1015
11400,0192,0002,202505,504
11400,0192,0002,202506,362
11400,0192,0002,202507,210
11400,0192,0002,202508,163
11400,0192,0002,202509,187
11400,0192,0002,202510,129
11400,0192,0002,202511,280
11400,0192,0003,202501,3329
11400,0192,0003,202502,3421
11400,0192,0003,202503,4032
11400,0192,0003,202504,1946
11400,0192,0003,202505,1267
11400,0192,0003,202506,421
11400,0192,0003,202507,163
11400,0192,0003,202508,70
11400,0192,0003,202509,70
11400,0192,0003,202510,93
11400,0192,0003,202511,420
11400,0192,0008,202501,2376
11400,0192,0008,202502,2300
11400,0192,0008,202503,2782
11400,0192,0008,202504,1227
11400,0192,0008,202505,633
11400,0192,0008,202506,257
11400,0192,0008,202507,186
11400,0192,0008,202508,105
11400,0192,0008,202509,105
11400,0192,0008,202510,105
11400,0192,0008,202511,210
11400,0203,0011,202501,2905
11400,0203,0011,202502,4800
11400,0203,0011,202503,3006
11400,0203,0011,202504,1262
11400,0203,0011,202505,481
11400,0203,0011,202506,245
11400,0203,0011,202507,140
11400,0203,0011,202508,116
11400,0203,0011,202509,140
11400,0203,0011,202510,105
11400,0203,0011,202511,245
11400,0213,0002,202501,8070
11400,0213,0002,202502,8339
11400,0213,0002,202503,12590
11400,0213,0002,202504,7537
11400,0213,0002,202505,4974
11400,0213,0002,202506,2211
11400,0213,0002,202507,558
11400,0213,0002,202508,442
11400,0213,0002,202509,385
11400,0213,0002,202510,431
11400,0213,0002,202511,2192
11400,0220,0003,202501,7412
11400,0220,0003,202502,5626
11400,0220,0003,202503,6967
11400,0220,0003,202504,4458
11400,0220,0003,202505,2182
11400,0220,0003,202506,936
11400,0220,0003,202507,466
11400,0220,0003,202508,268
11400,0220,0003,202509,187
11400,0220,0003,202510,175
11400,0220,0003,202511,1026
11400,0222,0002,202501,3718
11400,0222,0002,202502,5873
11400,0222,0002,202503,4397
11400,0222,0002,202504,3975
11400,0222,0002,202505,3249
11400,0222,0002,202506,2129
11400,0222,0002,202507,1897
11400,0222,0002,202508,1361
11400,0222,0002,202509,1376
11400,0222,0002,202510,1247
11400,0222,0002,202511,1738
11400,0222,0007,202501,7929
11400,0222,0007,202502,9188
11400,0222,0007,202503,9809
11400,0222,0007,202504,6050
11400,0222,0007,202505,4739
11400,0222,0007,202506,3040
11400,0222,0007,202507,2141
11400,0222,0007,202508,2489
11400,0222,0007,202509,2507
11400,0222,0007,202510,2297
11400,0222,0007,202511,3545
11400,0222,0012,202501,6451
11400,0222,0012,202502,5762
11400,0222,0012,202503,4012
11400,0222,0012,202504,4504
11400,0222,0012,202505,2429
11400,0222,0012,202506,1411
11400,0222,0012,202507,919
11400,0222,0012,202508,908
11400,0222,0012,202509,689
11400,0222,0012,202510,992
11400,0222,0012,202511,3056
11400,0229,0026,202501,1859
11400,0229,0026,202502,1899
11400,0229,0026,202503,2157
11400,0229,0026,202504,1168
11400,0229,0026,202505,704
11400,0229,0026,202506,491
11400,0229,0026,202507,337
11400,0229,0026,202508,302
11400,0229,0026,202509,187
11400,0229,0026,202510,233
11400,0229,0026,202511,513
11400,0229,0036,202501,2411
11400,0229,0036,202502,2713
11400,0229,0036,202503,3866
11400,0229,0036,202504,1957
11400,0229,0036,202505,821
11400,0229,0036,202506,410
11400,0229,0036,202507,245
11400,0229,0036,202508,267
11400,0229,0036,202509,163
11400,0229,0036,202510,152
11400,0229,0036,202511,326
11400,0229,0147,202510,12
11400,0229,0147,202511,47
11400,0229,0167,202501,3059
11400,0229,0167,202502,2512
11400,0229,0167,202503,1344
11400,0229,0167,202504,3267
11400,0229,0167,202505,3214
11400,0229,0167,202506,2795
11400,0229,0167,202507,2164
11400,0229,0167,202508,2256
11400,0229,0167,202509,1644
11400,0229,0167,202510,1854
11400,0229,0167,202511,1913
11400,0253,0006,202501,187355
11400,0253,0006,202502,196367
11400,0253,0006,202503,140925
11400,0253,0006,202504,99371
11400,0253,0006,202505,49530
11400,0253,0006,202506,29500
11400,0253,0006,202507,14343
11400,0253,0006,202508,13063
11400,0253,0006,202509,11479
11400,0253,0006,202510,22401
11400,0253,0006,202511,62273
11400,0253,0095,202501,4729
11400,0253,0095,202502,5862
11400,0253,0095,202503,5764
11400,0253,0095,202504,4812
11400,0253,0095,202505,4258
11400,0253,0095,202506,2900
11400,0253,0095,202507,2304
11400,0253,0095,202508,2059
11400,0253,0095,202509,1877
11400,0253,0095,202510,1854
11400,0253,0095,202511,2403
11400,0253,0096,202501,8741
11400,0253,0096,202502,8303
11400,0253,0096,202503,8405
11400,0253,0096,202504,8444
11400,0253,0096,202505,8247
11400,0253,0096,202506,2035
11400,0253,0096,202507,5631
11400,0253,0096,202508,5419
11400,0253,0096,202509,5959
11400,0253,0096,202510,5597
11400,0253,0096,202511,6612
11400,0253,0097,202501,4965
11400,0253,0097,202502,5106
11400,0253,0097,202503,5363
11400,0253,0097,202504,3527
11400,0253,0097,202505,2863
11400,0253,0097,202506,2608
11400,0253,0097,202507,2583
11400,0253,0097,202508,2547
11400,0253,0097,202509,2915
11400,0253,0097,202510,2461
11400,0253,0097,202511,2694
11400,0253,0099,202501,4776
11400,0253,0099,202502,4812
11400,0253,0099,202503,4126
11400,0253,0099,202504,4305
11400,0253,0099,202505,4927
11400,0253,0099,202506,3860
11400,0253,0099,202507,3769
11400,0253,0099,202508,3454
11400,0253,0099,202509,3709
11400,0253,0099,202510,3533
11400,0253,0099,202511,3802
11400,0253,0101,202501,2435
11400,0253,0101,202502,2347
11400,0253,0101,202503,2464
11400,0253,0101,202504,2453
11400,0253,0101,202505,2358
11400,0253,0101,202506,1310
11400,0253,0101,202507,1280
11400,0253,0101,202508,1233
11400,0253,0101,202509,3242
11400,0253,0101,202510,3172
11400,0253,0101,202511,2391
11400,0253,0102,202501,7047
11400,0253,0102,202502,6487
11400,0253,0102,202503,6012
11400,0253,0102,202504,6652
11400,0253,0102,202505,7825
11400,0253,0102,202506,7322
11400,0253,0102,202507,6609
11400,0253,0102,202508,7175
11400,0253,0102,202509,5563
11400,0253,0102,202510,4897
11400,0253,0102,202511,5819
11400,0253,0103,202501,5106
11400,0253,0103,202502,5025
11400,0253,0103,202503,4350
11400,0253,0103,202504,5520
11400,0253,0103,202505,5338
11400,0253,0103,202506,4070
11400,0253,0103,202507,3723
11400,0253,0103,202508,3314
11400,0253,0103,202509,3102
11400,0253,0103,202510,3125
11400,0253,0103,202511,3615
11400,0253,0104,202501,7329
11400,0253,0104,202502,6853
11400,0253,0104,202503,8441
11400,0253,0104,202504,5260
11400,0253,0104,202505,5291
11400,0253,0104,202506,4363
11400,0253,0104,202507,3944
11400,0253,0104,202508,4489
11400,0253,0104,202509,3813
11400,0253,0104,202510,3533
11400,0253,0104,202511,4326
11400,0253,0105,202501,3717
11400,0253,0105,202502,3456
11400,0253,0105,202503,3819
11400,0253,0105,202504,3998
11400,0253,0105,202505,3930
11400,0253,0105,202506,3193
11400,0253,0105,202507,2676
11400,0253,0105,202508,2524
11400,0253,0105,202509,2612
11400,0253,0105,202510,2624
11400,0253,0105,202511,3067
11400,0253,0106,202501,8153
11400,0253,0106,202502,7797
11400,0253,0106,202503,7156
11400,0253,0106,202504,7289
11400,0253,0106,202505,8036
11400,0253,0106,202506,7229
11400,0253,0106,202507,7248
11400,0253,0106,202508,8978
11400,0253,0106,202509,7731
11400,0253,0106,202510,7043
11400,0253,0106,202511,5633
11400,0253,0108,202501,6305
11400,0253,0108,202502,7100
11400,0253,0108,202503,5682
11400,0253,0108,202504,3467
11400,0253,0108,202505,1806
11400,0253,0108,202506,853
11400,0253,0108,202507,163
11400,0253,0108,202508,151
11400,0253,0108,202509,128
11400,0253,0108,202510,12
11400,0253,0108,202511,2215
11400,0253,0109,202501,18857
11400,0253,0109,202502,18530
11400,0253,0109,202503,17882
11400,0253,0109,202504,17314
11400,0253,0109,202505,18418
11400,0253,0109,202506,14959
11400,0253,0109,202507,13927
11400,0253,0109,202508,13665
11400,0253,0109,202509,15416
11400,0253,0109,202510,13083
11400,0253,0109,202511,11557
11400,0253,0111,202501,4117
11400,0253,0111,202502,4553
11400,0253,0111,202503,4597
11400,0253,0111,202504,4647
11400,0253,0111,202505,4892
11400,0253,0111,202506,4059
11400,0253,0111,202507,3805
11400,0253,0111,202508,3721
11400,0253,0111,202509,4163
11400,0253,0111,202510,3650
11400,0253,0111,202511,4595
11400,0253,0112,202501,929
11400,0253,0112,202502,2100
11400,0253,0112,202503,1415
11400,0253,0112,202504,719
11400,0253,0112,202505,234
11400,0253,0112,202506,176
11400,0253,0112,202507,47
11400,0253,0112,202508,139
11400,0253,0112,202509,47
11400,0253,0112,202510,81
11400,0253,0112,202511,642
11400,0253,0113,202501,1470
11400,0253,0113,202502,1002
11400,0253,0113,202503,1332
11400,0253,0113,202504,1368
11400,0253,0113,202505,1314
11400,0253,0113,202506,1251
11400,0253,0113,202507,1129
11400,0253,0113,202508,919
11400,0253,0113,202509,1189
11400,0253,0113,202510,1038
11400,0253,0113,202511,1283
11400,0253,0114,202501,2894
11400,0253,0114,202502,2890
11400,0253,0114,202503,2452
11400,0253,0114,202504,2736
11400,0253,0114,202505,2604
11400,0253,0114,202506,2012
11400,0253,0114,202507,2432
11400,0253,0114,202508,1837
11400,0253,0115,202501,1153
11400,0253,0115,202502,1710
11400,0253,0115,202503,3183
11400,0253,0115,202504,1286
11400,0253,0115,202505,704
11400,0253,0115,202506,561
11400,0253,0115,202507,524
11400,0253,0115,202508,453
11400,0253,0115,202509,362
11400,0253,0115,202510,420
11400,0253,0115,202511,455
11400,0253,0117,202501,1176
11400,0253,0117,202502,2076
11400,0253,0117,202503,1804
11400,0253,0117,202504,897
11400,0253,0117,202505,376
11400,0253,0117,202506,94
11400,0253,0117,202507,93
11400,0253,0117,202508,105
11400,0253,0117,202509,117
11400,0253,0117,202510,93
11400,0253,0117,202511,164
11400,0253,0122,202501,4094
11400,0253,0122,202502,4022
11400,0253,0122,202503,3784
11400,0253,0122,202504,4093
11400,0253,0122,202505,4611
11400,0253,0122,202506,3930
11400,0253,0122,202507,3293
11400,0253,0122,202508,3815
11400,0253,0122,202509,4011
11400,0253,0122,202510,2997
11400,0253,0122,202511,2694
11400,0253,0127,202501,18997
11400,0253,0127,202502,20241
11400,0253,0127,202503,16044
11400,0253,0127,202504,13824
11400,0253,0127,202505,13268
11400,0253,0127,202506,13449
11400,0253,0127,202507,12031
11400,0253,0127,202508,9907
11400,0253,0127,202509,10796
11400,0253,0127,202510,10458
11400,0253,0127,202511,12127
11400,0253,0128,202501,2670
11400,0253,0128,202502,3656
11400,0253,0128,202503,4609
11400,0253,0128,202504,2890
11400,0253,0128,202505,1760
11400,0253,0128,202506,959
11400,0253,0128,202507,384
11400,0253,0128,202508,303
11400,0253,0128,202509,257
11400,0253,0128,202510,280
11400,0253,0128,202511,583
11400,0253,0132,202501,2529
11400,0253,0132,202502,2736
11400,0253,0132,202503,3124
11400,0253,0132,202504,1463
11400,0253,0132,202505,856
11400,0253,0132,202506,269
11400,0253,0132,202507,116
11400,0253,0132,202508,105
11400,0253,0132,202509,93
11400,0253,0132,202510,82
11400,0253,0132,202511,362
11400,0253,0134,202501,5105
11400,0253,0134,202502,5485
11400,0253,0134,202503,5104
11400,0253,0134,202504,4494
11400,0253,0134,202505,4411
11400,0253,0134,202506,3228
11400,0253,0134,202507,3339
11400,0253,0134,202508,3221
11400,0253,0134,202509,3522
11400,0253,0134,202510,2647
11400,0253,0134,202511,3942
11400,0253,0135,202501,7071
11400,0253,0135,202502,7773
11400,0253,0135,202503,7002
11400,0253,0135,202504,6451
11400,0253,0135,202505,5983
11400,0253,0135,202506,4597
11400,0253,0135,202507,3398
11400,0253,0135,202508,3246
11400,0253,0135,202509,3872
11400,0253,0135,202510,3394
11400,0253,0135,202511,3942
11400,0253,0142,202501,1800
11400,0253,0142,202502,2135
11400,0253,0142,202503,1791
11400,0253,0142,202504,1969
11400,0253,0142,202505,2252
11400,0253,0142,202506,1767
11400,0253,0142,202507,1257
11400,0253,0142,202508,1477
11400,0253,0142,202509,1400
11400,0253,0142,202510,1376
11400,0253,0142,202511,1761
11400,0253,0144,202501,2541
11400,0253,0144,202502,2772
11400,0253,0144,202503,2876
11400,0253,0144,202504,1345
11400,0253,0144,202505,469
11400,0253,0144,202506,409
11400,0253,0144,202507,256
11400,0253,0144,202508,163
11400,0253,0144,202509,81
11400,0253,0144,202510,187
11400,0253,0144,202511,303
11400,0253,0147,202501,2788
11400,0253,0147,202502,3621
11400,0253,0147,202503,2711
11400,0253,0147,202504,2465
11400,0253,0147,202505,2428
11400,0253,0147,202506,327
11400,0253,0147,202507,93
11400,0253,0147,202508,47
11400,0253,0147,202509,12
11400,0253,0147,202510,47
11400,0253,0147,202511,431
11400,0289,0001,202501,4635
11400,0289,0001,202502,5190
11400,0289,0001,202503,5081
11400,0289,0001,202504,3102
11400,0289,0001,202505,2346
11400,0289,0001,202506,1544
11400,0289,0001,202507,1408
11400,0289,0001,202508,1384
11400,0289,0001,202509,1563
11400,0294,0001,202501,2153
11400,0294,0001,202502,2713
11400,0294,0001,202503,2523
11400,0294,0001,202504,2878
11400,0294,0001,202505,3097
11400,0294,0001,202506,2398
11400,0294,0001,202507,2432
11400,0294,0001,202508,2291
11400,0294,0001,202509,2939
11400,0294,0001,202510,2472
11400,0294,0001,202511,3032
11400,0296,0001,202501,1623
11400,0296,0001,202502,2453
11400,0296,0001,202503,3171
11400,0296,0001,202504,1628
11400,0296,0001,202505,774
11400,0296,0001,202506,152
11400,0296,0001,202507,105
11400,0296,0001,202508,70
11400,0296,0001,202509,93
11400,0296,0001,202510,58
11400,0296,0001,202511,117
11400,0300,0000,202501,3294
11400,0300,0000,202502,3432
11400,0300,0000,202503,3725
11400,0300,0000,202504,1899
11400,0300,0000,202505,1185
11400,0300,0000,202506,877
11400,0300,0000,202507,583
11400,0300,0000,202508,302
11400,0300,0000,202509,210
11400,0300,0000,202510,432
11400,0300,0000,202511,945
11400,0303,0001,202501,1988
11400,0303,0001,202502,2265
11400,0303,0001,202503,1957
11400,0303,0001,202504,1463
11400,0303,0001,202505,1678
11400,0303,0001,202506,1450
11400,0303,0001,202507,1117
11400,0303,0001,202508,1186
11400,0303,0001,202509,980
11400,0303,0001,202510,840
11400,0303,0001,202511,350
11400,0305,0006,202501,2811
11400,0305,0006,202502,3008
11400,0305,0006,202503,3160
11400,0305,0006,202504,2866
11400,0305,0006,202505,2371
11400,0305,0006,202506,1264
11400,0305,0006,202507,1082
11400,0305,0006,202508,825
11400,0305,0006,202509,1073
11400,0305,0006,202510,1108
11400,0305,0006,202511,1376
11400,0307,0000,202501,1153
11400,0307,0000,202502,1698
11400,0307,0000,202503,920
11400,0307,0000,202504,1085
11400,0307,0000,202505,1173
11400,0307,0000,202506,1064
11400,0307,0000,202507,756
11400,0307,0000,202508,861
11400,0307,0000,202509,956
11400,0307,0000,202510,886
11400,0307,0000,202511,1283
11400,0308,0004,202501,3411
11400,0308,0004,202502,3940
11400,0308,0004,202503,4244
11400,0308,0004,202504,2961
11400,0308,0004,202505,2240
11400,0308,0004,202506,1228
11400,0308,0004,202507,733
11400,0308,0004,202508,628
11400,0308,0004,202509,723
11400,0308,0004,202510,606
11400,0308,0004,202511,1271
11400,0308,0009,202501,5365
11400,0308,0009,202502,6381
11400,0308,0009,202503,7333
11400,0308,0009,202504,4364
11400,0308,0009,202505,3812
11400,0308,0009,202506,1929
11400,0308,0009,202507,803
11400,0308,0009,202508,814
11400,0308,0009,202509,782
11400,0308,0009,202510,921
11400,0308,0009,202511,2239
11400,0308,0012,202501,2316
11400,0308,0012,202502,2819
11400,0308,0012,202503,3078
11400,0308,0012,202504,1675
11400,0308,0012,202505,716
11400,0308,0012,202506,515
11400,0308,0012,202507,396
11400,0308,0012,202508,361
11400,0308,0012,202509,327
11400,0308,0012,202510,303
11400,0308,0012,202511,538
11400,0308,0017,202501,2588
11400,0308,0017,202502,2678
11400,0308,0017,202503,2593
11400,0308,0017,202504,1946
11400,0308,0017,202505,1490
11400,0308,0017,202506,632
11400,0308,0017,202511,23
11400,0308,0042,202501,2541
11400,0308,0042,202502,2890
11400,0308,0042,202503,3430
11400,0308,0042,202504,1463
11400,0308,0042,202505,458
11400,0308,0042,202506,82
11400,0308,0042,202507,35
11400,0308,0042,202508,12
11400,0308,0042,202510,12
11400,0308,0042,202511,35
11400,0309,0000,202501,3129
11400,0309,0000,202502,3279
11400,0309,0000,202503,4043
11400,0309,0000,202504,2689
11400,0309,0000,202505,1255
11400,0309,0000,202506,784
11400,0309,0000,202507,419
11400,0309,0000,202508,290
11400,0309,0000,202509,373
11400,0309,0000,202510,396
11400,0309,0000,202511,491
11400,0310,0000,202501,1224
11400,0310,0000,202502,1569
11400,0310,0000,202503,1521
11400,0310,0000,202504,979
11400,0310,0000,202505,457
11400,0310,0000,202506,211
11400,0310,0000,202507,93
11400,0310,0000,202508,35
11400,0310,0000,202509,35
11400,0310,0000,202510,23
11400,0310,0000,202511,280
11400,0312,0001,202501,1788
11400,0312,0001,202502,2135
11400,0312,0001,202503,2369
11400,0312,0001,202504,1345
11400,0312,0001,202505,997
11400,0312,0001,202506,444
11400,0312,0001,202507,175
11400,0312,0001,202508,116
11400,0312,0001,202509,117
11400,0312,0001,202510,140
11400,0312,0001,202511,362
11400,0380,0001,202501,44866
11400,0380,0001,202502,50735
11400,0380,0001,202503,40732
11400,0380,0001,202504,25160
11400,0380,0001,202505,14158
11400,0380,0001,202506,9282
11400,0380,0001,202507,6156
11400,0380,0001,202508,5646
11400,0380,0001,202509,5375
11400,0380,0001,202510,7315
11400,0380,0001,202511,16342
11400,0399,0001,202501,2235
11400,0399,0001,202502,1923
11400,0399,0001,202503,2523
11400,0399,0001,202504,1746
11400,0399,0001,202505,645
11400,0399,0001,202506,339
11400,0399,0001,202507,70
11400,0399,0001,202508,81
11400,0399,0001,202509,58
11400,0399,0001,202510,70
11400,0399,0001,202511,245
11400,0401,0008,202501,9822
11400,0401,0008,202502,11445
11400,0401,0008,202503,9499
11400,0401,0008,202504,5129
11400,0401,0008,202505,2567
11400,0401,0008,202506,1797
11400,0401,0008,202507,1164
11400,0401,0008,202508,1250
11400,0401,0008,202509,1061
11400,0401,0008,202510,1297
11400,0401,0008,202511,3533
11400,0405,0003,202501,4412
11400,0405,0003,202502,3692
11400,0405,0003,202503,4798
11400,0405,0003,202504,3786
11400,0405,0003,202505,2042
11400,0405,0003,202506,1485
11400,0405,0003,202507,1373
11400,0405,0003,202508,1686
11400,0405,0003,202509,1190
11400,0405,0003,202510,1434
11400,0405,0003,202511,1470
11400,0411,0000,202501,3565
11400,0411,0000,202502,5284
11400,0411,0000,202503,6920
11400,0411,0000,202504,4564
11400,0411,0000,202505,3602
11400,0411,0000,202506,1883
11400,0411,0000,202507,1187
11400,0411,0000,202508,419
11400,0411,0000,202509,280
11400,0411,0000,202510,548
11400,0411,0000,202511,1364
11400,0443,0001,202501,2459
11400,0443,0001,202502,2395
11400,0443,0001,202503,3324
11400,0443,0001,202504,2642
11400,0443,0001,202505,1525
11400,0443,0001,202506,959
11400,0443,0001,202507,488
11400,0443,0001,202508,302
11400,0443,0001,202509,128
11400,0443,0001,202510,163
11400,0443,0001,202511,852
11400,0478,0010,202501,8799
11400,0478,0010,202502,9613
11400,0478,0010,202503,12519
11400,0478,0010,202504,7784
11400,0478,0010,202505,4141
11400,0478,0010,202506,1673
11400,0478,0010,202507,977
11400,0478,0010,202508,733
11400,0478,0010,202509,630
11400,0478,0010,202510,840
11400,0478,0010,202511,1446
11400,0566,0000,202501,1830430
11400,0566,0000,202502,1924913
11400,0566,0000,202503,1441731
11400,0566,0000,202504,982692
11400,0566,0000,202505,574736
11400,0566,0000,202506,424001
11400,0566,0000,202507,358340
11400,0566,0000,202508,314338
11400,0566,0000,202509,274379
11400,0566,0000,202510,329679
11400,0566,0000,202511,631274
11400,0567,0003,202501,6411
11400,0567,0003,202502,6310
11400,0567,0003,202503,6625
11400,0567,0003,202504,4340
11400,0567,0003,202505,2323
11400,0567,0003,202506,1439
11400,0567,0003,202507,989
11400,0567,0003,202508,267
11400,0567,0003,202509,280
11400,0567,0003,202510,350
11400,0567,0003,202511,1073
11400,0567,0004,202501,3176
11400,0567,0004,202502,2772
11400,0567,0004,202503,3902
11400,0567,0004,202504,3208
11400,0567,0004,202505,3366
11400,0567,0004,202506,2924
11400,0567,0004,202507,3071
11400,0567,0004,202508,3558
11400,0567,0004,202509,2845
11400,0567,0004,202510,3079
11400,0567,0004,202511,3429
11400,0569,0000,202501,1847
11400,0569,0000,202502,1734
11400,0569,0000,202503,2511
11400,0569,0000,202504,1698
11400,0569,0000,202505,2229
11400,0569,0000,202506,1871
11400,0569,0000,202507,2211
11400,0569,0000,202508,1849
11400,0569,0000,202509,1924
11400,0569,0000,202510,1761
11400,0569,0000,202511,1854
11400,0569,0001,202501,12
11400,0569,0001,202503,12
11400,0569,0001,202505,35
11400,0569,0001,202509,12
11400,0569,0002,202501,3753
11400,0569,0002,202502,3609
11400,0569,0002,202503,4904
11400,0569,0002,202504,2488
11400,0569,0002,202505,1748
11400,0569,0002,202506,1673
11400,0569,0002,202507,1885
11400,0569,0002,202508,1803
11400,0569,0002,202509,1609
11400,0569,0002,202510,1539
11400,0569,0002,202511,1236
11400,0569,0004,202501,6917
11400,0569,0004,202502,6263
11400,0569,0004,202503,7805
11400,0569,0004,202504,5200
11400,0569,0004,202505,4164
11400,0569,0004,202506,2808
11400,0569,0004,202507,2350
11400,0569,0004,202508,2384
11400,0569,0004,202509,2122
11400,0569,0004,202510,2275
11400,0569,0004,202511,2881
11400,0569,0006,202501,2023
11400,0569,0006,202502,2642
11400,0569,0006,202503,2275
11400,0569,0006,202504,1321
11400,0569,0006,202505,751
11400,0569,0006,202506,211
11400,0569,0006,202507,105
11400,0569,0006,202508,70
11400,0569,0006,202509,23
11400,0569,0006,202510,23
11400,0569,0006,202511,280
11400,0570,0000,202501,8011
11400,0570,0000,202502,3255
11400,0570,0000,202503,8677
11400,0570,0000,202504,4718
11400,0570,0000,202505,4399
11400,0570,0000,202506,2760
11400,0570,0000,202507,2187
11400,0570,0000,202508,2315
11400,0570,0000,202509,1598
11400,0570,0000,202510,1586
11400,0570,0000,202511,2344
11400,0570,0004,202501,2977
11400,0570,0004,202502,3078
11400,0570,0004,202503,3867
11400,0570,0004,202504,1746
11400,0570,0004,202505,1032
11400,0570,0004,202506,94
11400,0570,0004,202511,350
11400,0571,0000,202501,1576
11400,0571,0000,202502,1404
11400,0571,0000,202503,1886
11400,0571,0000,202504,1533
11400,0571,0000,202505,1150
11400,0571,0000,202506,807
11400,0571,0000,202507,582
11400,0571,0000,202508,372
11400,0571,0000,202509,268
11400,0571,0000,202510,268
11400,0571,0000,202511,408
11400,0571,0001,202501,3565
11400,0571,0001,202502,3291
11400,0571,0001,202503,4221
11400,0571,0001,202504,2477
11400,0571,0001,202505,1865
11400,0571,0001,202506,959
11400,0571,0001,202507,361
11400,0571,0001,202508,116
11400,0571,0001,202509,47
11400,0571,0001,202510,82
11400,0571,0001,202511,1295
11400,0571,0002,202501,10011
11400,0571,0002,202502,8611
11400,0571,0002,202503,10421
11400,0571,0002,202504,8103
11400,0571,0002,202505,8481
11400,0571,0002,202506,6585
11400,0571,0002,202507,6376
11400,0571,0002,202508,2549
11400,0571,0002,202509,5691
11400,0571,0002,202510,5912
11400,0571,0002,202511,7779
11400,0571,0005,202501,4306
11400,0571,0005,202502,4529
11400,0571,0005,202503,4692
11400,0571,0005,202504,2123
11400,0571,0005,202505,364
11400,0571,0005,202510,374
11400,0571,0005,202511,6239
11400,0572,0000,202501,6670
11400,0572,0000,202502,6346
11400,0572,0000,202503,8157
11400,0572,0000,202504,5637
11400,0572,0000,202505,4716
11400,0572,0000,202506,2982
11400,0572,0000,202507,3060
11400,0572,0000,202508,3652
11400,0572,0000,202509,3545
11400,0572,0000,202510,3370
11400,0572,0000,202511,3895
11400,0572,0001,202501,11224
11400,0572,0001,202502,13822
11400,0572,0001,202503,14819
11400,0572,0001,202504,9754
11400,0572,0001,202505,7273
11400,0572,0001,202506,4199
11400,0572,0001,202507,3095
11400,0572,0001,202508,3012
11400,0572,0001,202509,2041
11400,0572,0001,202510,2239
11400,0572,0001,202511,3405
11400,0572,0010,202501,4552
11400,0572,0010,202502,5012
11400,0572,0010,202503,5646
11400,0572,0010,202504,3243
11400,0572,0010,202505,2734
11400,0572,0010,202506,1626
11400,0572,0010,202507,1268
11400,0572,0010,202508,1058
11400,0572,0010,202509,886
11400,0572,0010,202510,816
11400,0572,0010,202511,1085
11400,0573,0001,202501,9030
11400,0573,0001,202502,27746
11400,0573,0001,202503,40322
11400,0573,0001,202504,9135
11400,0573,0001,202505,2621
11400,0573,0001,202506,269
11400,0573,0001,202507,198
11400,0573,0001,202508,93
11400,0573,0001,202509,82
11400,0573,0001,202510,117
11400,0573,0001,202511,490
11400,0574,0002,202501,5047
11400,0574,0002,202502,4647
11400,0574,0002,202503,4881
11400,0574,0002,202504,2701
11400,0574,0002,202505,3014
11400,0574,0002,202506,2105
11400,0574,0002,202507,1815
11400,0574,0002,202508,1745
11400,0574,0002,202509,1632
11400,0574,0002,202510,1271
11400,0574,0002,202511,1598
11400,0574,0004,202501,3047
11400,0574,0004,202502,3043
11400,0574,0004,202503,3867
11400,0574,0004,202504,2241
11400,0574,0004,202505,1255
11400,0574,0004,202506,643
11400,0574,0004,202507,721
11400,0574,0004,202508,697
11400,0574,0004,202509,641
11400,0574,0004,202510,630
11400,0574,0004,202511,898
11400,0574,0006,202501,3352
11400,0574,0006,202502,2124
11400,0574,0006,202503,3088
11400,0574,0006,202504,3774
11400,0574,0006,202505,3519
11400,0574,0006,202506,3088
11400,0574,0006,202507,3339
11400,0574,0006,202508,3454
11400,0574,0006,202509,3685
11400,0574,0006,202510,3603
11400,0574,0006,202511,3370
11400,0574,0008,202501,24
11400,0574,0008,202505,117
11400,0574,0008,202506,140
11400,0574,0008,202507,93
11400,0574,0008,202508,81
11400,0574,0008,202509,268
11400,0574,0008,202510,268
11400,0574,0008,202511,408
11400,0575,0000,202501,3435
11400,0575,0000,202502,3751
11400,0575,0000,202503,4138
11400,0575,0000,202504,2760
11400,0575,0000,202505,2241
11400,0575,0000,202506,1650
11400,0575,0000,202507,1664
11400,0575,0000,202508,1349
11400,0575,0000,202509,1236
11400,0575,0000,202510,1411
11400,0575,0000,202511,1446
11400,0575,0001,202501,7411
11400,0575,0001,202502,7077
11400,0575,0001,202503,8476
11400,0575,0001,202504,5850
11400,0575,0001,202505,6628
11400,0575,0001,202506,4702
11400,0575,0001,202507,4491
11400,0575,0001,202508,4605
11400,0575,0001,202509,4175
11400,0575,0001,202510,4944
11400,0575,0001,202511,6426
11400,0575,0002,202501,5976
11400,0575,0002,202502,5296
11400,0575,0002,202503,6048
11400,0575,0002,202504,5319
11400,0575,0002,202505,4962
11400,0575,0002,202506,4164
11400,0575,0002,202507,3828
11400,0575,0002,202508,3454
11400,0575,0002,202509,2414
11400,0575,0002,202510,2472
11400,0575,0002,202511,3522
11400,0575,0003,202501,5235
11400,0575,0003,202502,4635
11400,0575,0003,202503,5706
11400,0575,0003,202504,4765
11400,0575,0003,202505,5842
11400,0575,0003,202506,4819
11400,0575,0003,202507,4712
11400,0575,0003,202508,5617
11400,0575,0003,202509,5283
11400,0575,0003,202510,5072
11400,0575,0003,202511,4945
11400,0575,0004,202501,4800
11400,0575,0004,202502,4777
11400,0575,0004,202503,6130
11400,0575,0004,202504,3691
11400,0575,0004,202505,3167
11400,0575,0004,202506,2211
11400,0575,0004,202507,1919
11400,0575,0004,202508,2012
11400,0575,0004,202509,1749
11400,0575,0004,202510,1807
11400,0575,0004,202511,2298
11400,0575,0007,202501,2506
11400,0575,0007,202502,2559
11400,0575,0007,202503,3183
11400,0575,0007,202504,1227
11400,0575,0007,202505,575
11400,0575,0007,202506,94
11400,0575,0007,202507,58
11400,0575,0007,202508,47
11400,0575,0007,202509,47
11400,0575,0007,202510,35
11400,0575,0007,202511,280
11400,0575,0015,202501,3505
11400,0575,0015,202502,3692
11400,0575,0015,202503,4846
11400,0575,0015,202504,3007
11400,0575,0015,202505,2827
11400,0575,0015,202506,2117
11400,0575,0015,202507,2316
11400,0575,0015,202508,2663
11400,0575,0015,202509,1994
11400,0575,0015,202510,1877
11400,0575,0015,202511,2379
11400,0576,0000,202501,5258
11400,0576,0000,202502,5945
11400,0576,0000,202503,6472
11400,0576,0000,202504,4281
11400,0576,0000,202505,4152
11400,0576,0000,202506,3100
11400,0576,0000,202507,2746
11400,0576,0000,202508,3501
11400,0576,0000,202509,3230
11400,0576,0000,202510,2915
11400,0576,0000,202511,2834
11400,0576,0001,202501,6658
11400,0576,0001,202502,6570
11400,0576,0001,202503,6955
11400,0576,0001,202504,6145
11400,0576,0001,202505,7226
11400,0576,0001,202506,6643
11400,0576,0001,202507,7190
11400,0576,0001,202508,10432
11400,0576,0001,202509,10833
11400,0576,0001,202510,10040
11400,0576,0001,202511,9143
11400,0576,0007,202501,1142
11400,0576,0007,202502,1109
11400,0576,0007,202503,1179
11400,0576,0007,202504,1014
11400,0576,0007,202505,1044
11400,0576,0007,202506,959
11400,0576,0007,202507,849
11400,0576,0007,202508,919
11400,0576,0007,202509,956
11400,0576,0007,202510,886
11400,0576,0007,202511,886
11400,0576,0010,202508,81
11400,0576,0010,202509,117
11400,0576,0010,202510,93
11400,0576,0010,202511,280
11400,0576,0014,202501,5058
11400,0576,0014,202502,5508
11400,0576,0014,202503,6602
11400,0576,0014,202504,4435
11400,0576,0014,202505,3426
11400,0576,0014,202506,2701
11400,0576,0014,202507,2350
11400,0576,0014,202508,1931
11400,0576,0014,202509,1784
11400,0576,0014,202510,1889
11400,0576,0014,202511,2588
11400,0577,0002,202501,3529
11400,0577,0002,202502,4270
11400,0577,0002,202503,4798
11400,0577,0002,202504,2441
11400,0577,0002,202505,1431
11400,0577,0002,202506,339
11400,0577,0002,202507,151
11400,0577,0002,202508,105
11400,0577,0002,202509,128
11400,0577,0002,202510,105
11400,0577,0002,202511,583
11400,0577,0006,202501,2023
11400,0577,0006,202502,1899
11400,0577,0006,202503,1580
11400,0577,0006,202504,1639
11400,0577,0006,202505,1783
11400,0577,0006,202506,1368
11400,0577,0006,202507,1164
11400,0577,0006,202508,1314
11400,0577,0006,202509,1493
11400,0577,0006,202510,1166
11400,0577,0006,202511,1411
11400,0577,0015,202501,5094
11400,0577,0015,202502,5260
11400,0577,0015,202503,6272
11400,0577,0015,202504,3585
11400,0577,0015,202505,2498
11400,0577,0015,202506,2409
11400,0577,0015,202507,2002
11400,0577,0015,202508,1907
11400,0577,0015,202509,2309
11400,0577,0015,202510,1784
11400,0577,0015,202511,2904
11400,0578,0007,202501,3423
11400,0578,0007,202502,3822
11400,0578,0007,202503,4267
11400,0578,0007,202504,1970
11400,0578,0007,202505,141
11400,0578,0007,202511,23
11400,0578,0008,202501,3047
11400,0578,0008,202502,3786
11400,0578,0008,202503,4373
11400,0578,0008,202504,2229
11400,0578,0008,202505,1337
11400,0578,0008,202506,620
11400,0578,0008,202507,291
11400,0578,0008,202508,163
11400,0578,0008,202509,210
11400,0578,0008,202510,164
11400,0578,0008,202511,490
11400,0578,0019,202501,3212
11400,0578,0019,202502,3598
11400,0578,0019,202503,4020
11400,0578,0019,202504,271
11400,0578,0019,202505,153
11400,0578,0019,202506,129
11400,0578,0019,202507,93
11400,0578,0019,202508,47
11400,0578,0019,202509,47
11400,0578,0019,202510,47
11400,0578,0019,202511,82
11400,0578,0020,202501,2141
11400,0578,0020,202502,2725
11400,0578,0020,202503,3065
11400,0578,0020,202504,1840
11400,0578,0020,202505,1091
11400,0578,0020,202506,468
11400,0578,0020,202507,303
11400,0578,0020,202508,209
11400,0578,0020,202509,210
11400,0578,0020,202510,187
11400,0578,0020,202511,466
11400,0579,0000,202501,750351
11400,0579,0000,202502,683173
11400,0579,0000,202503,538217
11400,0579,0000,202504,322582
11400,0579,0000,202505,175526
11400,0579,0000,202506,106147
11400,0579,0000,202507,72598
11400,0579,0000,202508,64290
11400,0579,0000,202509,55390
11400,0579,0000,202510,77056
11400,0579,0000,202511,219699
11400,0579,0001,202501,971884
11400,0579,0001,202502,967911
11400,0579,0001,202503,687553
11400,0579,0001,202504,444143
11400,0579,0001,202505,221486
11400,0579,0001,202506,156701
11400,0579,0001,202507,100439
11400,0579,0001,202508,89631
11400,0579,0001,202509,84705
11400,0579,0001,202510,117212
11400,0579,0001,202511,280285
11400,0580,0007,202501,5976
11400,0580,0007,202502,5084
11400,0580,0007,202503,5187
11400,0580,0007,202504,5047
11400,0580,0007,202505,6323
11400,0580,0007,202506,3029
11400,0580,0007,202507,2013
11400,0580,0007,202508,1140
11400,0580,0007,202509,933
11400,0580,0007,202510,1224
11400,0580,0007,202511,2531
11400,0580,0009,202501,4706
11400,0580,0009,202502,3798
11400,0580,0009,202503,4350
11400,0580,0009,202504,3503
11400,0580,0009,202505,3285
11400,0580,0009,202506,2678
11400,0580,0009,202507,2432
11400,0580,0009,202508,2465
11400,0580,0009,202509,2216
11400,0580,0009,202510,1702
11400,0580,0009,202511,2087
11400,0580,0010,202502,47
11400,0580,0010,202503,35
11400,0580,0010,202511,140
11400,0580,0012,202501,9199
11400,0580,0012,202502,7230
11400,0580,0012,202503,8747
11400,0580,0012,202504,7171
11400,0580,0012,202505,7555
11400,0580,0012,202506,6819
11400,0580,0012,202507,5468
11400,0580,0012,202508,5978
11400,0580,0012,202509,5446
11400,0580,0012,202510,6238
11400,0580,0012,202511,6869
11400,0581,0000,202501,2365
11400,0581,0000,202502,2524
11400,0581,0000,202503,3383
11400,0581,0000,202504,2100
11400,0581,0000,202505,1783
11400,0581,0000,202506,936
11400,0581,0000,202507,384
11400,0581,0000,202508,1012
11400,0581,0000,202509,1050
11400,0581,0000,202510,840
11400,0581,0000,202511,1842
11400,0581,0004,202501,2023
11400,0581,0004,202502,1816
11400,0581,0004,202503,2605
11400,0581,0004,202504,1286
11400,0581,0004,202505,798
11400,0581,0004,202506,281
11400,0581,0004,202507,349
11400,0581,0004,202508,116
11400,0581,0004,202509,105
11400,0581,0004,202510,128
11400,0581,0004,202511,280
11400,0583,0000,202501,11575
11400,0583,0000,202502,12951
11400,0583,0000,202503,14040
11400,0583,0000,202504,6994
11400,0583,0000,202505,6147
11400,0583,0000,202506,4024
11400,0583,0000,202507,4165
11400,0583,0000,202508,4280
11400,0583,0000,202509,3849
11400,0583,0000,202510,3452
11400,0583,0000,202511,4864
11400,0583,0001,202501,259
11400,0583,0001,202502,330
11400,0583,0001,202503,212
11400,0583,0001,202504,47
11400,0583,0001,202505,12
11400,0583,0001,202509,12
11400,0583,0001,202510,12
11400,0583,0001,202511,12
11400,0583,0004,202501,3741
11400,0583,0004,202502,3609
11400,0583,0004,202503,4480
11400,0583,0004,202504,3290
11400,0583,0004,202505,3918
11400,0583,0004,202506,3134
11400,0583,0004,202507,3177
11400,0583,0004,202508,3012
11400,0583,0004,202509,2577
11400,0583,0004,202510,2530
11400,0583,0004,202511,2927
11400,0583,0006,202501,224
11400,0583,0006,202502,106
11400,0583,0006,202503,141
11400,0583,0006,202504,106
11400,0583,0006,202505,141
11400,0583,0006,202506,140
11400,0583,0006,202507,151
11400,0583,0006,202508,151
11400,0583,0006,202509,105
11400,0583,0006,202510,152
11400,0583,0006,202511,105
11400,0583,0007,202501,4200
11400,0583,0007,202502,2866
11400,0583,0007,202503,4668
11400,0583,0007,202504,2418
11400,0583,0007,202505,1794
11400,0583,0007,202506,714
11400,0583,0007,202507,279
11400,0583,0007,202508,152
11400,0583,0007,202509,140
11400,0583,0007,202510,140
11400,0583,0007,202511,991
11400,0583,0008,202501,5482
11400,0583,0008,202502,6086
11400,0583,0008,202503,5835
11400,0583,0008,202504,4789
11400,0583,0008,202505,5643
11400,0583,0008,202506,4129
11400,0583,0008,202507,4445
11400,0583,0008,202508,4663
11400,0583,0008,202509,4583
11400,0583,0008,202510,4361
11400,0583,0008,202511,4560
11400,0583,0015,202501,1941
11400,0583,0015,202502,2312
11400,0583,0015,202503,2982
11400,0583,0015,202504,1946
11400,0583,0015,202505,868
11400,0583,0015,202506,608
11400,0583,0015,202507,361
11400,0583,0015,202508,70
11400,0583,0015,202510,58
11400,0583,0015,202511,140
11400,0583,0017,202501,6318
11400,0583,0017,202502,5049
11400,0583,0017,202503,6884
11400,0583,0017,202504,3975
11400,0583,0017,202505,2898
11400,0583,0017,202506,2632
11400,0583,0017,202507,2140
11400,0583,0017,202508,2710
11400,0583,0017,202509,2215
11400,0583,0017,202510,2332
11400,0583,0017,202511,2775
11400,0583,0018,202501,2364
11400,0583,0018,202502,1746
11400,0583,0018,202503,2323
11400,0583,0018,202504,1215
11400,0583,0018,202505,398
11400,0583,0018,202506,363
11400,0583,0018,202507,186
11400,0583,0018,202508,162
11400,0583,0018,202509,82
11400,0583,0018,202510,128
11400,0583,0018,202511,199
11400,0584,0010,202501,2953
11400,0584,0010,202502,1840
11400,0584,0010,202503,2700
11400,0584,0010,202504,2418
11400,0584,0010,202505,2593
11400,0584,0010,202506,2129
11400,0584,0010,202507,2176
11400,0584,0010,202508,1977
11400,0584,0010,202509,2227
11400,0584,0010,202510,2006
11400,0584,0010,202511,2146
11400,0584,0012,202501,2388
11400,0584,0012,202502,2111
11400,0584,0012,202503,3395
11400,0584,0012,202504,1805
11400,0584,0012,202505,1068
11400,0584,0012,202506,421
11400,0584,0012,202507,186
11400,0584,0012,202508,116
11400,0584,0012,202509,93
11400,0584,0012,202510,70
11400,0584,0012,202511,641
11400,0585,0011,202501,3376
11400,0585,0011,202502,2937
11400,0585,0011,202503,3794
11400,0585,0011,202504,1227
11400,0585,0011,202505,281
11400,0585,0011,202506,152
11400,0585,0011,202507,105
11400,0585,0011,202508,81
11400,0585,0011,202509,58
11400,0585,0011,202510,70
11400,0585,0011,202511,35
11400,0588,0004,202501,5564
11400,0588,0004,202502,4659
11400,0588,0004,202503,5670
11400,0588,0004,202504,3986
11400,0588,0004,202505,3214
11400,0588,0004,202506,2585
11400,0588,0004,202507,2013
11400,0588,0004,202508,2361
11400,0588,0004,202509,1807
11400,0588,0004,202510,2332
11400,0588,0004,202511,2251
11400,0588,0008,202501,4200
11400,0588,0008,202502,3161
11400,0588,0008,202503,4338
11400,0588,0008,202504,2088
11400,0588,0008,202505,892
11400,0588,0008,202506,316
11400,0588,0008,202507,116
11400,0588,0008,202508,58
11400,0588,0008,202509,47
11400,0588,0008,202510,70
11400,0588,0008,202511,187
11400,0588,0009,202501,1635
11400,0588,0009,202502,1144
11400,0588,0009,202503,1532
11400,0588,0009,202504,1368
11400,0588,0009,202505,1478
11400,0588,0009,202506,1509
11400,0588,0009,202507,1187
11400,0588,0009,202508,1465
11400,0588,0009,202509,1026
11400,0588,0009,202510,1003
11400,0588,0009,202511,1213
11400,0588,0011,202501,2694
11400,0588,0011,202502,2442
11400,0588,0011,202503,3089
11400,0588,0011,202504,1404
11400,0588,0011,202505,868
11400,0588,0011,202506,316
11400,0588,0011,202507,209
11400,0588,0011,202508,140
11400,0588,0011,202509,93
11400,0588,0011,202510,140
11400,0588,0011,202511,397
11400,0588,0012,202501,14843
11400,0588,0012,202502,13312
11400,0588,0012,202503,20188
11400,0588,0012,202504,12591
11400,0588,0012,202505,11967
11400,0588,0012,202506,9617
11400,0588,0012,202507,8752
11400,0588,0012,202508,8185
11400,0588,0012,202509,7123
11400,0588,0012,202510,7369
11400,0588,0012,202511,12401
11400,0589,0000,202501,16560
11400,0589,0000,202502,17952
11400,0589,0000,202503,13087
11400,0589,0000,202504,7619
11400,0589,0000,202505,3270
11400,0589,0000,202506,2146
11400,0589,0000,202507,1572
11400,0589,0000,202508,1304
11400,0589,0000,202509,1259
11400,0589,0000,202510,1527
11400,0589,0000,202511,4084
11400,0590,0002,202501,6729
11400,0590,0002,202502,6216
11400,0590,0002,202503,9254
11400,0590,0002,202504,5484
11400,0590,0002,202505,3601
11400,0590,0002,202506,795
11400,0590,0002,202507,617
11400,0590,0002,202508,454
11400,0590,0002,202509,303
11400,0590,0002,202510,361
11400,0590,0002,202511,1061
11400,0590,0004,202501,7764
11400,0590,0004,202502,7348
11400,0590,0004,202503,9337
11400,0590,0004,202504,6334
11400,0590,0004,202505,7051
11400,0590,0004,202506,5696
11400,0590,0004,202507,5387
11400,0590,0004,202508,5756
11400,0590,0004,202509,5050
11400,0590,0004,202510,4874
11400,0590,0004,202511,5819
11400,0590,0005,202501,3623
11400,0590,0005,202502,3468
11400,0590,0005,202503,4149
11400,0590,0005,202504,2241
11400,0590,0005,202505,1138
11400,0590,0005,202506,374
11400,0590,0005,202507,279
11400,0590,0005,202508,291
11400,0590,0005,202509,233
11400,0590,0005,202510,210
11400,0590,0005,202511,793
11400,0590,0006,202501,5305
11400,0590,0006,202502,5568
11400,0590,0006,202503,6672
11400,0590,0006,202504,4128
11400,0590,0006,202505,4977
11400,0590,0006,202506,3415
11400,0590,0006,202507,3618
11400,0590,0006,202508,3419
11400,0590,0006,202509,3148
11400,0590,0006,202510,3020
11400,0590,0006,202511,933
11400,0591,0005,202501,1612
11400,0591,0005,202502,1345
11400,0591,0005,202503,2051
11400,0591,0005,202504,778
11400,0591,0005,202505,293
11400,0591,0005,202506,105
11400,0591,0005,202507,70
11400,0591,0005,202508,70
11400,0591,0005,202509,35
11400,0591,0005,202510,23
11400,0591,0005,202511,175
11400,0591,0016,202501,1435
11400,0591,0016,202502,1521
11400,0591,0016,202503,2558
11400,0591,0016,202504,1061
11400,0591,0016,202505,1091
11400,0591,0016,202506,713
11400,0591,0016,202507,593
11400,0591,0016,202508,523
11400,0591,0016,202509,536
11400,0591,0016,202510,455
11400,0591,0016,202511,1026
11400,0592,0006,202501,1282
11400,0592,0006,202502,849
11400,0592,0006,202503,884
11400,0592,0006,202504,401
11400,0592,0006,202505,293
11400,0592,0006,202506,152
11400,0592,0006,202507,128
11400,0592,0006,202508,128
11400,0592,0006,202509,82
11400,0592,0006,202510,117
11400,0592,0006,202511,175
11400,0593,0003,202501,5752
11400,0593,0003,202502,5461
11400,0593,0003,202503,7167
11400,0593,0003,202504,4446
11400,0593,0003,202505,3637
11400,0593,0003,202506,2889
11400,0593,0003,202507,2199
11400,0593,0003,202508,2349
11400,0593,0003,202509,2344
11400,0593,0003,202510,1784
11400,0593,0003,202511,2426
11400,0593,0004,202501,16870
11400,0593,0004,202502,14602
11400,0593,0004,202503,17353
11400,0593,0004,202504,13587
11400,0593,0004,202505,14664
11400,0593,0004,202506,11451
11400,0593,0004,202507,11414
11400,0593,0004,202508,11955
11400,0593,0004,202509,9877
11400,0593,0004,202510,10226
11400,0593,0004,202511,10869
11400,0593,0005,202501,5517
11400,0593,0005,202502,4989
11400,0593,0005,202503,5965
11400,0593,0005,202504,4600
11400,0593,0005,202505,4962
11400,0593,0005,202506,4316
11400,0593,0005,202507,4002
11400,0593,0005,202508,4117
11400,0593,0005,202509,4151
11400,0593,0005,202510,3813
11400,0593,0005,202511,4082
11400,0593,0006,202501,3247
11400,0593,0006,202502,2819
11400,0593,0006,202503,1568
11400,0593,0006,202504,1911
11400,0593,0006,202505,1220
11400,0593,0006,202506,1100
11400,0593,0006,202507,1036
11400,0593,0006,202508,861
11400,0593,0006,202509,501
11400,0593,0006,202510,618
11400,0593,0006,202511,770
11400,0593,0007,202501,3612
11400,0593,0007,202502,3102
11400,0593,0007,202503,4161
11400,0593,0007,202504,3114
11400,0593,0007,202505,3918
11400,0593,0007,202506,3532
11400,0593,0007,202507,3630
11400,0593,0007,202508,3559
11400,0593,0007,202509,3288
11400,0593,0007,202510,3137
11400,0593,0007,202511,2018
11400,0593,0008,202501,3212
11400,0593,0008,202502,3455
11400,0593,0008,202503,4126
11400,0593,0008,202504,2289
11400,0593,0008,202505,1865
11400,0593,0008,202506,538
11400,0593,0008,202507,128
11400,0593,0008,202508,81
11400,0593,0008,202509,70
11400,0593,0008,202510,59
11400,0593,0008,202511,782
11400,0594,0000,202501,3764
11400,0594,0000,202502,3833
11400,0594,0000,202503,5034
11400,0594,0000,202504,2996
11400,0594,0000,202505,2311
11400,0594,0000,202506,1123
11400,0594,0000,202507,640
11400,0594,0000,202508,407
11400,0594,0000,202509,315
11400,0594,0000,202510,361
11400,0594,0000,202511,1166
11400,0594,0001,202501,11693
11400,0594,0001,202502,12644
11400,0594,0001,202503,16327
11400,0594,0001,202504,11464
11400,0594,0001,202505,12001
11400,0594,0001,202506,9731
11400,0594,0001,202507,11798
11400,0594,0001,202508,15084
11400,0594,0001,202509,12315
11400,0594,0001,202510,10646
11400,0594,0001,202511,13085
11400,0594,0004,202501,2717
11400,0594,0004,202502,2736
11400,0594,0004,202503,4008
11400,0594,0004,202504,2630
11400,0594,0004,202505,2874
11400,0594,0004,202506,1766
11400,0594,0004,202507,1780
11400,0594,0004,202508,1442
11400,0594,0004,202509,1329
11400,0594,0004,202510,1446
11400,0594,0004,202511,1796
11400,0594,0006,202501,2013
11400,0594,0006,202502,3290
11400,0594,0006,202503,4044
11400,0594,0006,202504,2052
11400,0594,0006,202505,1631
11400,0594,0006,202506,924
11400,0594,0006,202507,943
11400,0594,0006,202508,872
11400,0594,0006,202509,700
11400,0594,0006,202510,828
11400,0594,0006,202511,979
11400,0595,0001,202501,1470
11400,0595,0001,202502,1581
11400,0595,0001,202503,1756
11400,0595,0001,202504,944
11400,0595,0001,202505,575
11400,0595,0001,202506,269
11400,0595,0001,202507,93
11400,0595,0001,202508,47
11400,0595,0001,202509,47
11400,0595,0001,202510,93
11400,0595,0001,202511,268
11400,0595,0003,202501,4188
11400,0595,0003,202502,3998
11400,0595,0003,202503,4656
11400,0595,0003,202504,2359
11400,0595,0003,202505,1326
11400,0595,0003,202506,585
11400,0595,0003,202507,116
11400,0595,0003,202508,349
11400,0595,0003,202509,70
11400,0595,0003,202510,175
11400,0595,0003,202511,875
11400,0595,0005,202501,3106
11400,0595,0005,202502,2866
11400,0595,0005,202503,3442
11400,0595,0005,202504,2654
11400,0595,0005,202505,3038
11400,0595,0005,202506,2678
11400,0595,0005,202507,1862
11400,0595,0005,202508,2047
11400,0595,0005,202509,1621
11400,0595,0005,202510,1656
11400,0595,0005,202511,2204
11400,0595,0007,202501,3529
11400,0595,0007,202502,3881
11400,0595,0007,202503,6189
11400,0595,0007,202504,2606
11400,0595,0007,202505,1279
11400,0595,0007,202506,877
11400,0595,0007,202507,431
11400,0595,0007,202508,372
11400,0595,0007,202509,269
11400,0595,0007,202510,198
11400,0595,0007,202511,723
11400,0595,0011,202501,36950
11400,0595,0011,202502,22151
11400,0595,0011,202503,3419
11400,0595,0011,202504,30618
11400,0595,0011,202505,32390
11400,0595,0011,202506,22901
11400,0595,0011,202507,25527
11400,0595,0011,202508,20142
11400,0595,0011,202509,7650
11400,0595,0011,202510,20674
11400,0595,0011,202511,18146
11400,0595,0014,202501,7129
11400,0595,0014,202502,4907
11400,0595,0014,202503,7663
11400,0595,0014,202504,4459
11400,0595,0014,202505,3051
11400,0595,0014,202506,2245
11400,0595,0014,202507,1699
11400,0595,0014,202508,1384
11400,0595,0014,202509,769
11400,0595,0014,202510,653
11400,0595,0014,202511,1867
11400,0595,0015,202501,612
11400,0595,0015,202502,661
11400,0595,0015,202503,660
11400,0595,0015,202504,625
11400,0595,0015,202505,411
11400,0595,0015,202506,386
11400,0595,0015,202507,279
11400,0595,0015,202508,174
11400,0595,0015,202509,12
11400,0595,0015,202510,327
11400,0595,0015,202511,2087
11400,0596,0002,202501,2247
11400,0596,0002,202502,2406
11400,0596,0002,202503,3147
11400,0596,0002,202504,1439
11400,0596,0002,202505,1114
11400,0596,0002,202506,515
11400,0596,0002,202507,337
11400,0596,0002,202508,291
11400,0596,0002,202509,198
11400,0596,0002,202510,280
11400,0596,0002,202511,688
11400,0596,0003,202501,988
11400,0596,0003,202502,1014
11400,0596,0003,202503,1285
11400,0596,0003,202504,578
11400,0596,0003,202505,927
11400,0596,0003,202506,702
11400,0596,0003,202507,640
11400,0596,0003,202508,454
11400,0596,0003,202509,466
11400,0596,0003,202510,525
11400,0596,0003,202511,536
11400,0596,0004,202501,2094
11400,0596,0004,202502,2501
11400,0596,0004,202503,3124
11400,0596,0004,202504,1392
11400,0596,0004,202505,575
11400,0596,0004,202506,374
11400,0596,0004,202507,372
11400,0596,0004,202508,267
11400,0596,0004,202509,140
11400,0596,0004,202510,163
11400,0596,0004,202511,327
11400,0596,0006,202501,3317
11400,0596,0006,202502,2972
11400,0596,0006,202503,3395
11400,0596,0006,202504,1686
11400,0596,0006,202505,1478
11400,0596,0006,202506,1193
11400,0596,0006,202507,861
11400,0596,0006,202508,779
11400,0596,0006,202509,676
11400,0596,0006,202510,548
11400,0596,0006,202511,944
11400,0597,0003,202501,2388
11400,0597,0003,202502,2206
11400,0597,0003,202503,2924
11400,0597,0003,202504,2135
11400,0597,0003,202505,2581
11400,0597,0003,202508,2175
11400,0597,0003,202509,4081
11400,0597,0003,202510,4186
11400,0597,0003,202511,4478
11400,0597,0004,202501,506
11400,0597,0004,202502,130
11400,0597,0004,202503,259
11400,0597,0004,202504,83
11400,0597,0004,202505,340
11400,0597,0004,202511,222
11400,0599,0001,202501,5482
11400,0599,0001,202502,5166
11400,0599,0001,202503,6979
11400,0599,0001,202504,3338
11400,0599,0001,202505,1631
11400,0599,0001,202506,175
11400,0599,0001,202507,244
11400,0599,0001,202508,93
11400,0599,0001,202509,94
11400,0599,0001,202510,163
11400,0599,0001,202511,280
11400,0600,0001,202501,3494
11400,0600,0001,202502,1734
11400,0600,0001,202503,2382
11400,0600,0001,202504,1651
11400,0600,0001,202505,1947
11400,0600,0001,202506,1719
11400,0600,0001,202507,1617
11400,0600,0001,202508,1570
11400,0600,0001,202509,1399
11400,0600,0001,202510,1773
11400,0600,0001,202511,2099
11400,0600,0003,202501,6800
11400,0600,0003,202502,7525
11400,0600,0003,202503,9136
11400,0600,0003,202504,6345
11400,0600,0003,202505,7637
11400,0600,0003,202506,5638
11400,0600,0003,202507,5690
11400,0600,0003,202508,5431
11400,0600,0003,202509,5562
11400,0600,0003,202510,5539
11400,0600,0003,202511,6647
11400,0601,0001,202501,2776
11400,0601,0001,202502,2630
11400,0601,0001,202503,2747
11400,0601,0001,202504,1746
11400,0601,0001,202505,1068
11400,0601,0001,202506,327
11400,0601,0001,202507,163
11400,0601,0001,202508,151
11400,0601,0001,202509,105
11400,0601,0001,202510,140
11400,0601,0001,202511,560
11400,0601,0002,202501,5600
11400,0601,0002,202502,6369
11400,0601,0002,202503,7474
11400,0601,0002,202504,4423
11400,0601,0002,202505,4106
11400,0601,0002,202506,2749
11400,0601,0002,202507,2350
11400,0601,0002,202508,1896
11400,0601,0002,202509,1948
11400,0601,0002,202510,2308
11400,0601,0002,202511,3009
11400,0601,0007,202501,3670
11400,0601,0007,202502,3869
11400,0601,0007,202503,4138
11400,0601,0007,202504,1486
11400,0601,0007,202505,1091
11400,0601,0007,202506,281
11400,0601,0007,202507,105
11400,0601,0007,202508,93
11400,0601,0007,202509,70
11400,0601,0007,202510,70
11400,0601,0007,202511,1131
11400,0602,0003,202501,7259
11400,0602,0003,202502,8516
11400,0602,0003,202503,10291
11400,0602,0003,202504,6086
11400,0602,0003,202505,6429
11400,0602,0003,202506,4889
11400,0602,0003,202507,5491
11400,0602,0003,202508,5047
11400,0602,0003,202509,4828
11400,0602,0003,202510,4921
11400,0602,0003,202511,5329
11400,0602,0005,202501,2588
11400,0602,0005,202502,3208
11400,0602,0005,202503,3666
11400,0602,0005,202504,1851
11400,0602,0005,202505,1196
11400,0602,0005,202506,410
11400,0602,0005,202507,174
11400,0602,0005,202508,35
11400,0602,0005,202509,58
11400,0602,0005,202510,58
11400,0602,0005,202511,548
11400,0602,0008,202501,1894
11400,0602,0008,202502,1982
11400,0602,0008,202503,2263
11400,0602,0008,202504,1805
11400,0602,0008,202506,1661
11400,0602,0008,202507,1582
11400,0602,0008,202508,1523
11400,0602,0008,202509,1528
11400,0602,0008,202510,1364
11400,0602,0008,202511,1504
11400,0602,0010,202501,3883
11400,0602,0010,202502,4117
11400,0602,0010,202503,5069
11400,0602,0010,202504,2866
11400,0602,0010,202505,2265
11400,0602,0010,202506,1181
11400,0602,0010,202507,1314
11400,0602,0010,202508,1175
11400,0602,0010,202509,875
11400,0602,0010,202510,979
11400,0602,0010,202511,1330
11400,0603,0001,202501,2988
11400,0603,0001,202502,4010
11400,0603,0001,202503,4680
11400,0603,0001,202504,2536
11400,0603,0001,202505,2428
11400,0603,0001,202506,2292
11400,0603,0001,202507,2001
11400,0603,0001,202508,2314
11400,0603,0001,202509,2052
11400,0603,0001,202510,1248
11400,0603,0001,202511,1785
11400,0603,0004,202501,4882
11400,0603,0004,202502,4942
11400,0603,0004,202503,5575
11400,0603,0004,202504,4365
11400,0603,0004,202505,3272
11400,0603,0004,202506,2982
11400,0603,0004,202507,2316
11400,0603,0004,202508,2605
11400,0603,0004,202509,2006
11400,0603,0004,202510,1050
11400,0603,0004,202511,1248
11400,0603,0006,202501,1023
11400,0603,0006,202502,1227
11400,0603,0006,202503,1603
11400,0603,0006,202504,967
11400,0603,0006,202505,1302
11400,0603,0006,202506,1006
11400,0603,0006,202507,780
11400,0603,0006,202508,1012
11400,0603,0006,202509,840
11400,0603,0006,202510,630
11400,0603,0006,202511,980
11400,0603,0010,202501,4270
11400,0603,0010,202502,4953
11400,0603,0010,202503,5588
11400,0603,0010,202504,3668
11400,0603,0010,202505,4293
11400,0603,0010,202506,2620
11400,0603,0010,202507,3142
11400,0603,0010,202508,2873
11400,0603,0010,202509,2694
11400,0603,0010,202510,2693
11400,0603,0010,202511,2857
11400,0604,0004,202501,1823
11400,0604,0004,202502,2217
11400,0604,0004,202503,2664
11400,0604,0004,202504,1108
11400,0604,0004,202505,715
11400,0604,0004,202506,292
11400,0604,0004,202507,302
11400,0604,0004,202508,163
11400,0604,0004,202509,140
11400,0604,0004,202510,163
11400,0604,0004,202511,431
11400,0605,0003,202501,1177
11400,0605,0003,202502,1746
11400,0605,0003,202503,2087
11400,0605,0003,202504,590
11400,0605,0003,202505,340
11400,0605,0003,202506,199
11400,0605,0003,202507,93
11400,0605,0003,202508,175
11400,0605,0003,202509,105
11400,0605,0003,202510,105
11400,0605,0003,202511,198
11400,0605,0004,202501,3235
11400,0605,0004,202502,4081
11400,0605,0004,202503,4845
11400,0605,0004,202504,2170
11400,0605,0004,202505,962
11400,0605,0004,202506,152
11400,0605,0004,202507,175
11400,0605,0004,202508,186
11400,0605,0004,202509,128
11400,0605,0004,202510,140
11400,0605,0004,202511,163
11400,0605,0005,202501,2800
11400,0605,0005,202502,2783
11400,0605,0005,202503,3206
11400,0605,0005,202504,1722
11400,0605,0005,202505,1338
11400,0605,0005,202506,702
11400,0605,0005,202507,850
11400,0605,0005,202508,523
11400,0605,0005,202509,735
11400,0605,0005,202510,910
11400,0605,0005,202511,2088
11400,0606,0000,202501,494
11400,0606,0000,202502,731
11400,0606,0000,202503,908
11400,0606,0000,202504,330
11400,0606,0000,202505,59
11400,0606,0000,202506,35
11400,0606,0000,202507,35
11400,0606,0000,202508,35
11400,0606,0000,202509,35
11400,0606,0000,202510,35
11400,0606,0000,202511,35
11400,0606,0005,202501,13481
11400,0606,0005,202502,14885
11400,0606,0005,202503,12720
11400,0606,0005,202504,10592
11400,0606,0005,202505,12494
11400,0606,0005,202506,9966
11400,0606,0005,202507,11007
11400,0606,0005,202508,18421
11400,0606,0005,202509,18786
11400,0606,0005,202510,17572
11400,0606,0005,202511,19511
11400,0608,0002,202501,4447
11400,0608,0002,202502,5886
11400,0608,0002,202503,6023
11400,0608,0002,202504,5213
11400,0608,0002,202505,5736
11400,0608,0002,202506,3801
11400,0608,0002,202507,3444
11400,0608,0002,202508,3094
11400,0608,0002,202509,2694
11400,0608,0002,202510,2787
11400,0608,0002,202511,4852
11400,0609,0000,202501,967642
11400,0609,0000,202502,1033181
11400,0609,0000,202503,745215
11400,0609,0000,202504,466975
11400,0609,0000,202505,221228
11400,0609,0000,202506,125965
11400,0609,0000,202507,98247
11400,0609,0000,202508,76532
11400,0609,0000,202509,70883
11400,0609,0000,202510,93514
11400,0609,0000,202511,255595
11400,0625,0000,202502,11180
11400,0625,0000,202504,12054
11400,0625,0000,202506,10279
11400,0625,0000,202508,9599
11400,0625,0000,202510,9493
11500,0052,0000,202501,57566
11500,0052,0000,202502,22184
11500,0052,0000,202503,13317
11500,0052,0000,202504,58142
11500,0052,0000,202505,55860
11500,0052,0000,202506,53127
11500,0052,0000,202507,50077
11500,0052,0000,202508,39644
11500,0052,0000,202509,30377
11500,0052,0000,202510,55854
11500,0052,0000,202511,43590
11500,0074,0003,202507,10557
11500,0074,0003,202508,11481
11500,0074,0003,202509,13058
11500,0074,0003,202510,13411
11500,0074,0003,202511,9154
11500,0110,0000,202501,2462
11500,0110,0000,202502,2870
11500,0110,0000,202503,2127
11500,0110,0000,202504,2397
11500,0110,0000,202505,2674
11500,0110,0000,202506,2760
11500,0110,0000,202507,2610
11500,0110,0000,202508,2586
11500,0110,0000,202509,2844
11500,0110,0000,202510,2620
11500,0110,0000,202511,2312
11500,0110,0003,202507,3584
11500,0110,0003,202508,3338
11500,0110,0003,202509,3545
11500,0110,0003,202510,4244
11500,0110,0003,202511,4245
11500,0166,0014,202501,546506
11500,0166,0014,202502,555734
11500,0166,0014,202503,763674
11500,0166,0014,202504,439901
11500,0166,0014,202505,361999
11500,0166,0014,202506,217341
11500,0166,0014,202507,205540
11500,0166,0014,202508,257862
11500,0166,0014,202509,227152
11500,0166,0014,202510,218166
11500,0166,0014,202511,198762
11500,0166,0020,202501,91952
11500,0166,0020,202502,92358
11500,0166,0020,202503,105257
11500,0166,0020,202504,55874
11500,0166,0020,202505,16179
11500,0166,0020,202506,12476
11500,0166,0020,202507,51289
11500,0166,0020,202508,93640
11500,0166,0020,202509,90961
11500,0166,0020,202510,74422
11500,0166,0020,202511,27807
11500,0166,0025,202501,6811
11500,0166,0025,202502,837
11500,0166,0025,202503,872
11500,0166,0025,202504,6275
11500,0166,0025,202505,6839
11500,0166,0025,202506,5743
11500,0166,0025,202507,6062
11500,0166,0025,202508,5396
11500,0166,0025,202509,2414
11500,0166,0025,202510,6472
11500,0166,0025,202511,5738
11500,0176,0000,202501,252555
11500,0176,0000,202502,263932
11500,0176,0000,202503,270252
11500,0176,0000,202504,137553
11500,0176,0000,202505,85453
11500,0176,0000,202506,169494
11500,0176,0000,202507,348639
11500,0176,0000,202508,500764
11500,0176,0000,202509,467610
11500,0176,0000,202510,368592
11500,0176,0000,202511,115896
11500,0450,0001,202501,118
11500,0450,0001,202502,71
11500,0450,0001,202503,71
11500,0450,0001,202504,94
11500,0450,0001,202505,58
11500,0450,0001,202506,23
11500,0450,0001,202507,58
11500,0450,0001,202508,128
11500,0450,0001,202509,82
11500,0450,0001,202510,58
11500,0450,0001,202511,35
11500,0475,0000,202501,71
11500,0477,0000,202501,20609
11500,0477,0000,202502,13730
11500,0477,0000,202503,19327
11500,0477,0000,202504,22872
11500,0477,0000,202505,23083
11500,0477,0000,202506,18254
11500,0477,0000,202507,20967
11500,0477,0000,202508,20371
11500,0477,0000,202509,17411
11500,0477,0000,202510,22565
11500,0477,0000,202511,17458
11500,0478,0002,202501,3764
11500,0478,0002,202502,4447
11500,0478,0002,202503,3902
11500,0478,0002,202504,3067
11500,0478,0002,202505,1466
11500,0478,0002,202506,8412
11500,0478,0002,202507,93
11500,0478,0002,202508,23
11500,0478,0002,202509,23
11500,0478,0002,202510,47
11500,0478,0002,202511,1430
11500,0479,0000,202501,235
11500,0479,0000,202502,153
11500,0479,0000,202503,200
11500,0479,0000,202504,177
11500,0479,0000,202505,176
11500,0479,0000,202506,163
11500,0479,0000,202507,221
11500,0479,0000,202508,210
11500,0479,0000,202509,221
11500,0479,0000,202510,176
11500,0479,0000,202511,175
11500,0479,0002,202501,3306
11500,0479,0002,202502,2501
11500,0479,0002,202503,2487
11500,0479,0002,202504,3644
11500,0479,0002,202505,4681
11500,0479,0002,202506,3345
11500,0479,0002,202507,3840
11500,0479,0002,202508,3326
11500,0479,0002,202509,2565
11500,0479,0002,202510,2833
11500,0479,0002,202511,2519
11500,0481,0000,202501,6459
11500,0481,0000,202502,7313
11500,0481,0000,202503,6543
11500,0481,0000,202504,5897
11500,0481,0000,202505,1631
11500,0481,0000,202506,1346
11500,0481,0000,202507,1629
11500,0481,0000,202508,1582
11500,0481,0000,202509,1376
11500,0481,0000,202510,1680
11500,0481,0000,202511,1528
11500,0543,0001,202501,1120600
11500,0543,0001,202502,1303601
11500,0543,0001,202503,968832
11500,0543,0001,202504,682240
11500,0543,0001,202505,338140
11500,0543,0001,202506,219737
11500,0543,0001,202507,124513
11500,0543,0001,202508,111114
11500,0543,0001,202509,90658
11500,0543,0001,202510,114977
11500,0543,0001,202511,418238
11500,0644,0001,202501,6000
11500,0644,0001,202502,944
11500,0644,0001,202504,5473
11500,0644,0001,202505,5842
11500,0644,0001,202506,4526
11500,0644,0001,202507,4724
11500,0644,0001,202508,4256
11500,0644,0001,202509,1516
11500,0644,0001,202510,5189
11500,0644,0001,202511,5096
11500,0767,0000,202501,106530
11500,0767,0000,202502,147639
11500,0767,0000,202503,125761
11500,0767,0000,202504,33063
11500,0767,0000,202505,8704
11500,0767,0000,202506,71973
11500,0767,0000,202507,135428
11500,0767,0000,202508,230980
11500,0767,0000,202509,234581
11500,0767,0000,202510,198920
11500,0767,0000,202511,86858
11500,0768,0001,202501,257909
11500,0768,0001,202502,226014
11500,0768,0001,202503,314400
11500,0768,0001,202504,237715
11500,0768,0001,202505,198946
11500,0768,0001,202506,131753
11500,0768,0001,202507,118449
11500,0768,0001,202508,109603
11500,0768,0001,202509,102627
11500,0768,0001,202510,106932
11500,0768,0001,202511,144841
11500,0949,0000,202501,8835
11500,0949,0000,202502,12892
11500,0949,0000,202503,12649
11500,0949,0000,202504,10108
11500,0949,0000,202505,950
11500,0949,0000,202506,457
11500,0949,0000,202507,326
11500,0949,0000,202508,290
11500,0949,0000,202509,234
11500,0949,0000,202510,176
11500,0949,0000,202511,222
11500,0959,0009,202501,3659
11500,0961,0000,202501,3212
11500,0961,0000,202502,4093
11500,0961,0000,202503,4562
11500,0961,0000,202504,1604
11500,0961,0000,202505,880
11500,0961,0000,202506,433
11500,0973,0000,202510,123313
11500,0973,0000,202511,29581
11500,0022,0005,202501,112038
11500,0022,0005,202502,79648
11500,0022,0005,202503,73611
11500,0022,0005,202504,66272
11500,0022,0005,202505,28148
11500,0022,0005,202506,24719
11500,0022,0005,202507,72390
11500,0022,0005,202508,136855
11500,0022,0005,202509,141899
11600,0001,0000,202501,12940
11600,0001,0000,202502,5131
11600,0001,0000,202503,2829
11600,0001,0000,202504,13033
11600,0001,0000,202505,18500
11600,0001,0000,202506,15041
11600,0001,0000,202507,12484
11600,0001,0000,202508,12513
11600,0001,0000,202509,4874
11600,0001,0000,202510,13211
11600,0001,0000,202511,10904
11600,0142,0016,202501,4141
11600,0142,0016,202502,3680
11600,0142,0016,202503,3690
11600,0142,0016,202504,2477
11600,0142,0016,202505,1713
11600,0142,0016,202506,597
11600,0142,0016,202507,175
11600,0142,0016,202508,70
11600,0142,0016,202509,35
11600,0142,0016,202510,82
11600,0142,0016,202511,1050
11600,0145,0001,202501,1152
11600,0145,0001,202502,3562
11600,0145,0001,202503,1038
11600,0145,0001,202504,342
11600,0145,0001,202505,317
11600,0145,0001,202506,152
11600,0145,0001,202507,117
11600,0145,0001,202508,23
11600,0145,0001,202510,82
11600,0145,0001,202511,93
11600,0150,0003,202501,21775
11600,0150,0003,202502,25418
11600,0150,0003,202503,22634
11600,0150,0003,202504,18517
11600,0150,0003,202505,19861
11600,0150,0003,202506,15076
11600,0150,0003,202507,12356
11600,0150,0003,202508,15828
11600,0150,0003,202509,8352
11600,0150,0003,202510,15136
11600,0150,0003,202511,18321
11600,0221,0000,202501,1965
11600,0221,0000,202502,2135
11600,0221,0000,202503,2051
11600,0221,0000,202504,1557
11600,0221,0000,202505,645
11600,0270,0001,202501,637312
11600,0270,0001,202502,782874
11600,0270,0001,202503,725318
11600,0270,0001,202504,395336
11600,0270,0001,202505,188534
11600,0270,0001,202506,170142
11600,0270,0001,202507,413127
11600,0270,0001,202508,908401
11600,0270,0001,202509,1237479
11600,0270,0001,202510,669450
11600,0270,0001,202511,173747
11600,0270,0002,202501,27858
11600,0270,0002,202502,30312
11600,0270,0002,202503,29423
11600,0270,0002,202504,17585
11600,0270,0002,202505,8306
11600,0270,0002,202506,6655
11600,0270,0002,202507,6283
11600,0270,0002,202508,5630
11600,0270,0002,202509,5119
11600,0270,0002,202510,6343
11600,0270,0002,202511,7534
11600,0458,0001,202501,11093
11600,0458,0001,202502,11005
11600,0458,0001,202503,12649
11600,0458,0001,202504,7454
11600,0458,0001,202505,4411
11600,0458,0001,202506,4620
11600,0458,0001,202507,3619
11600,0458,0001,202508,3663
11600,0458,0001,202509,4315
11600,0458,0001,202510,2717
11600,0458,0001,202511,5050
11600,0458,0002,202501,32974
11600,0458,0002,202502,29782
11600,0458,0002,202503,32606
11600,0458,0002,202504,47319
11600,0458,0002,202505,49951
11600,0458,0002,202506,38233
11600,0458,0002,202507,28785
11600,0458,0002,202508,17968
11600,0458,0002,202509,16850
11600,0458,0002,202510,15858
11600,0458,0002,202511,29353
11600,0458,0006,202501,71
11600,0458,0006,202502,59
11600,0458,0006,202509,4256
11600,0458,0006,202510,4979
11600,0458,0006,202511,5376
11600,0458,0008,202501,1482
11600,0458,0008,202502,1168
11600,0458,0008,202503,1556
11600,0458,0008,202504,1392
11600,0458,0008,202505,1267
11600,0458,0008,202506,1041
11600,0458,0008,202507,570
11600,0458,0008,202508,581
11600,0458,0008,202509,361
11600,0458,0008,202510,408
11600,0458,0008,202511,466
11600,0458,0009,202501,4047
11600,0458,0009,202502,3868
11600,0458,0009,202503,4892
11600,0458,0009,202504,2783
11600,0458,0009,202505,1913
11600,0458,0009,202506,1556
11600,0458,0009,202507,1920
11600,0458,0009,202508,1826
11600,0458,0009,202509,1842
11600,0458,0009,202510,1690
11600,0458,0009,202511,2030
11600,0458,0013,202501,5388
11600,0458,0013,202502,4718
11600,0458,0013,202503,6047
11600,0458,0013,202504,5779
11600,0458,0013,202505,5408
11600,0458,0013,202506,5696
11600,0458,0013,202507,5108
11600,0458,0013,202508,81
11600,0458,0013,202509,11554
11600,0458,0013,202510,4501
11600,0458,0013,202511,6298
11600,0459,0002,202501,4788
11600,0459,0002,202502,4694
11600,0459,0002,202503,6295
11600,0459,0002,202504,4718
11600,0459,0002,202505,3766
11600,0459,0002,202506,3567
11600,0459,0002,202507,2723
11600,0459,0002,202508,2465
11600,0459,0002,202509,2787
11600,0459,0002,202510,1971
11600,0459,0002,202511,3149
11600,0459,0003,202501,15388
11600,0459,0003,202502,17173
11600,0459,0003,202503,20630
11600,0459,0003,202504,12230
11600,0459,0003,202505,6278
11600,0459,0003,202506,854
11600,0459,0003,202507,908
11600,0459,0003,202508,582
11600,0459,0003,202509,338
11600,0459,0003,202510,280
11600,0459,0003,202511,851
11600,0459,0004,202501,2435
11600,0459,0004,202502,2099
11600,0459,0004,202503,2016
11600,0459,0004,202504,944
11600,0459,0004,202505,469
11600,0459,0004,202506,480
11600,0459,0004,202507,442
11600,0459,0004,202511,571
11600,0459,0006,202501,871
11600,0459,0006,202502,944
11600,0459,0006,202503,1108
11600,0459,0006,202504,613
11600,0459,0006,202505,446
11600,0459,0006,202506,327
11600,0459,0006,202507,314
11600,0459,0006,202508,163
11600,0459,0006,202509,128
11600,0459,0006,202510,175
11600,0459,0006,202511,443
11600,0459,0008,202501,2000
11600,0459,0008,202502,2052
11600,0459,0008,202503,2629
11600,0459,0008,202504,1864
11600,0459,0008,202505,1771
11600,0459,0008,202506,1345
11600,0459,0008,202507,1117
11600,0459,0008,202508,1209
11600,0459,0008,202509,1050
11600,0459,0008,202510,1026
11600,0459,0008,202511,1446
11600,0459,0009,202501,2517
11600,0459,0009,202502,2017
11600,0459,0009,202503,2487
11600,0459,0009,202504,2842
11600,0459,0009,202505,2381
11600,0459,0009,202506,2421
11600,0459,0009,202507,1908
11600,0459,0009,202508,1931
11600,0459,0009,202509,1493
11600,0459,0009,202510,1784
11600,0459,0009,202511,2029
11600,0460,0001,202501,10399
11600,0460,0001,202502,8717
11600,0460,0001,202503,12272
11600,0460,0001,202504,11050
11600,0460,0001,202505,10136
11600,0460,0001,202506,10492
11600,0460,0001,202507,9622
11600,0460,0001,202508,9979
11600,0460,0001,202509,9818
11600,0460,0001,202510,9922
11600,0460,0001,202511,10928
11600,0461,0002,202501,6000
11600,0461,0002,202502,5733
11600,0461,0002,202503,7073
11600,0461,0002,202504,4435
11600,0461,0002,202505,2851
11600,0461,0002,202506,2280
11600,0461,0002,202507,2188
11600,0461,0002,202508,2128
11600,0461,0002,202509,5435
11600,0461,0002,202510,5807
11600,0461,0002,202511,6776
11600,0461,0003,202501,2612
11600,0461,0003,202502,2135
11600,0461,0003,202503,2876
11600,0461,0003,202504,2371
11600,0461,0003,202505,2076
11600,0461,0003,202506,1497
11600,0461,0003,202507,1501
11600,0461,0003,202508,1500
11600,0461,0003,202509,1376
11600,0461,0003,202510,1609
11600,0461,0003,202511,1924
11600,0461,0004,202501,1282
11600,0461,0004,202502,1274
11600,0461,0004,202503,1580
11600,0461,0004,202504,590
11600,0461,0004,202505,411
11600,0461,0004,202506,386
11600,0461,0004,202507,384
11600,0461,0004,202508,209
11600,0461,0004,202509,210
11600,0461,0004,202510,210
11600,0461,0004,202511,338
11600,0461,0005,202501,3541
11600,0461,0005,202502,3078
11600,0461,0005,202503,3713
11600,0461,0005,202504,3833
11600,0461,0005,202505,3730
11600,0461,0005,202506,3404
11600,0461,0005,202507,4689
11600,0461,0005,202508,4826
11600,0461,0005,202509,4594
11600,0461,0005,202510,3755
11600,0461,0005,202511,4770
11600,0461,0006,202501,4471
11600,0461,0006,202502,3609
11600,0461,0006,202503,4504
11600,0461,0006,202504,3302
11600,0461,0006,202505,3121
11600,0461,0006,202506,2434
11600,0461,0006,202507,1921
11600,0461,0006,202508,1803
11600,0461,0006,202509,2110
11600,0461,0006,202510,1901
11600,0461,0006,202511,2285
11600,0461,0008,202501,565
11600,0461,0008,202502,507
11600,0461,0008,202503,601
11600,0461,0008,202504,578
11600,0461,0008,202505,528
11600,0461,0008,202506,538
11600,0461,0008,202507,326
11600,0461,0008,202508,175
11600,0461,0008,202509,128
11600,0461,0008,202510,163
11600,0461,0008,202511,245
11600,0461,0011,202501,2023
11600,0461,0011,202502,1628
11600,0461,0011,202503,2511
11600,0461,0011,202504,920
11600,0461,0011,202505,234
11600,0461,0011,202506,4596
11600,0461,0011,202507,5759
11600,0461,0011,202508,4140
11600,0461,0011,202509,4105
11600,0461,0011,202510,3324
11600,0461,0011,202511,5155
11600,0462,0002,202501,1694
11600,0462,0002,202502,1616
11600,0462,0002,202503,2016
11600,0462,0002,202504,696
11600,0462,0002,202505,153
11600,0462,0002,202506,105
11600,0462,0002,202507,93
11600,0462,0002,202508,81
11600,0462,0002,202509,82
11600,0462,0002,202510,82
11600,0462,0002,202511,140
11600,0463,0003,202501,2117
11600,0463,0003,202502,2147
11600,0463,0003,202503,2582
11600,0463,0003,202504,1569
11600,0463,0003,202505,446
11600,0463,0003,202506,47
11600,0463,0003,202507,47
11600,0463,0003,202508,47
11600,0463,0003,202509,35
11600,0463,0003,202510,35
11600,0463,0003,202511,233
11600,0463,0004,202501,7552
11600,0463,0004,202502,6605
11600,0463,0004,202503,8087
11600,0463,0004,202504,2654
11600,0463,0004,202505,2722
11600,0463,0004,202506,713
11600,0463,0004,202507,803
11600,0463,0004,202508,628
11600,0463,0004,202509,583
11600,0463,0004,202510,805
11600,0463,0004,202511,1668
11600,0463,0005,202501,4693
11600,0463,0005,202502,3220
11600,0463,0005,202503,5682
11600,0463,0005,202504,4729
11600,0463,0005,202505,4857
11600,0463,0005,202506,3720
11600,0463,0005,202507,3805
11600,0463,0005,202508,2651
11600,0463,0005,202509,3020
11600,0463,0005,202510,3323
11600,0463,0005,202511,4035
11600,0463,0007,202501,7152
11600,0463,0007,202502,6606
11600,0463,0007,202503,8747
11600,0463,0007,202504,5496
11600,0463,0007,202505,2874
11600,0463,0007,202506,2772
11600,0463,0007,202507,3142
11600,0463,0007,202508,3245
11600,0463,0007,202509,3090
11600,0463,0007,202510,2950
11600,0463,0007,202511,3464
11600,0463,0010,202501,14142
11600,0463,0010,202502,14910
11600,0463,0010,202503,19110
11600,0463,0010,202504,8809
11600,0463,0010,202505,3824
11600,0463,0010,202506,2009
11600,0463,0010,202507,1258
11600,0463,0010,202508,1117
11600,0463,0010,202509,1072
11600,0463,0010,202510,944
11600,0463,0010,202511,2660
11600,0463,0013,202501,7752
11600,0463,0013,202502,7548
11600,0463,0013,202503,8994
11600,0463,0013,202504,7324
11600,0463,0013,202505,4822
11600,0463,0013,202506,4516
11600,0463,0013,202507,4549
11600,0463,0013,202508,4838
11600,0463,0013,202509,5224
11600,0463,0013,202510,5072
11600,0463,0013,202511,5178
11600,0463,0014,202501,3906
11600,0463,0014,202502,1934
11600,0463,0014,202503,5176
11600,0463,0014,202504,1851
11600,0463,0014,202505,1643
11600,0463,0014,202506,1380
11600,0463,0014,202507,1245
11600,0463,0014,202508,1174
11600,0463,0014,202509,140
11600,0463,0014,202510,805
11600,0463,0014,202511,2635
11600,0464,0002,202501,2976
11600,0464,0002,202502,2948
11600,0464,0002,202503,4244
11600,0464,0002,202504,2076
11600,0464,0002,202505,1396
11600,0464,0002,202506,947
11600,0464,0002,202507,628
11600,0464,0002,202508,488
11600,0464,0002,202509,233
11600,0464,0002,202510,361
11600,0464,0002,202511,315
11600,0464,0004,202501,9376
11600,0464,0004,202502,7593
11600,0464,0004,202503,7351
11600,0464,0004,202504,4977
11600,0464,0004,202505,2593
11600,0464,0004,202506,1633
11600,0464,0004,202507,721
11600,0464,0004,202508,654
11600,0464,0004,202509,654
11600,0464,0004,202510,723
11600,0464,0004,202511,3848
11600,0464,0005,202501,1965
11600,0464,0005,202502,1793
11600,0464,0005,202503,2322
11600,0464,0005,202504,2217
11600,0464,0005,202505,1959
11600,0464,0005,202506,1836
11600,0464,0005,202507,1524
11600,0464,0005,202508,1465
11600,0464,0005,202509,1294
11600,0464,0005,202510,1365
11600,0464,0005,202511,1843
11600,0464,0006,202501,6482
11600,0464,0006,202502,5497
11600,0464,0006,202503,6166
11600,0464,0006,202504,3632
11600,0464,0006,202505,2194
11600,0464,0006,202506,1743
11600,0464,0006,202507,1560
11600,0464,0006,202508,1280
11600,0464,0006,202509,1399
11600,0464,0006,202510,1026
11600,0464,0006,202511,2052
11600,0464,0008,202501,2129
11600,0464,0008,202502,1993
11600,0464,0008,202503,2582
11600,0464,0008,202504,1038
11600,0464,0008,202505,422
11600,0464,0008,202506,339
11600,0464,0008,202507,279
11600,0464,0008,202508,140
11600,0464,0008,202509,93
11600,0464,0008,202510,140
11600,0464,0008,202511,245
11600,0464,0009,202501,7129
11600,0464,0009,202502,6934
11600,0464,0009,202503,9984
11600,0464,0009,202504,6428
11600,0464,0009,202505,4423
11600,0464,0009,202506,2866
11600,0464,0009,202507,2851
11600,0464,0009,202508,2244
11600,0464,0009,202509,2169
11600,0464,0009,202510,2088
11600,0464,0009,202511,2998
11600,0465,0002,202501,7094
11600,0465,0002,202502,5862
11600,0465,0002,202503,8546
11600,0465,0002,202504,6935
11600,0465,0002,202505,5303
11600,0465,0002,202506,4878
11600,0465,0002,202507,5189
11600,0465,0002,202508,4419
11600,0465,0002,202509,4408
11600,0465,0002,202510,4688
11600,0465,0002,202511,5085
11600,0465,0003,202501,2494
11600,0465,0003,202502,2194
11600,0465,0003,202503,2806
11600,0465,0003,202504,1404
11600,0465,0003,202505,364
11600,0465,0003,202506,94
11600,0465,0003,202507,23
11600,0465,0003,202511,245
11600,0465,0011,202501,3317
11600,0465,0011,202502,3373
11600,0465,0011,202503,4244
11600,0465,0011,202504,2690
11600,0465,0011,202505,1795
11600,0465,0011,202506,1649
11600,0465,0011,202507,1676
11600,0465,0011,202508,1396
11600,0465,0011,202509,1178
11600,0465,0011,202510,1283
11600,0465,0011,202511,1632
11600,0465,0012,202501,2941
11600,0465,0012,202502,2784
11600,0465,0012,202503,3819
11600,0465,0012,202504,1592
11600,0465,0012,202505,657
11600,0465,0012,202506,948
11600,0465,0012,202507,1105
11600,0465,0012,202508,616
11600,0465,0012,202509,478
11600,0465,0012,202510,373
11600,0465,0012,202511,1505
11600,0465,0013,202501,3906
11600,0465,0013,202502,3527
11600,0465,0013,202503,4692
11600,0465,0013,202504,2335
11600,0465,0013,202505,1197
11600,0465,0013,202506,912
11600,0465,0013,202507,710
11600,0465,0013,202508,617
11600,0465,0013,202509,641
11600,0465,0013,202510,571
11600,0465,0013,202511,874
11600,0466,0002,202501,14293
11600,0466,0002,202502,11300
11600,0466,0002,202503,15879
11600,0466,0002,202504,13552
11600,0466,0002,202505,11297
11600,0466,0002,202506,10995
11600,0466,0002,202507,9901
11600,0466,0002,202508,9781
11600,0466,0002,202509,9177
11600,0466,0002,202510,8116
11600,0466,0002,202511,11662
11600,0466,0004,202501,6317
11600,0466,0004,202502,5992
11600,0466,0004,202503,7698
11600,0466,0004,202504,5956
11600,0466,0004,202505,4551
11600,0466,0004,202506,3591
11600,0466,0004,202507,3025
11600,0466,0004,202508,2733
11600,0466,0004,202509,1422
11600,0466,0004,202510,164
11600,0466,0004,202511,4805
11600,0468,0002,202501,6341
11600,0468,0002,202502,6204
11600,0468,0002,202503,8699
11600,0468,0002,202504,4293
11600,0468,0002,202505,2440
11600,0468,0002,202506,2070
11600,0468,0002,202507,2176
11600,0468,0002,202508,2093
11600,0468,0002,202509,1831
11600,0468,0002,202510,1621
11600,0468,0002,202511,2041
11600,0468,0004,202501,2941
11600,0468,0004,202502,2949
11600,0468,0004,202503,3077
11600,0468,0004,202504,2595
11600,0468,0004,202505,2346
11600,0468,0004,202506,1404
11600,0468,0004,202507,942
11600,0468,0004,202508,93
11600,0468,0004,202509,82
11600,0468,0004,202510,105
11600,0468,0004,202511,910
11600,0468,0005,202501,5964
11600,0468,0005,202502,4918
11600,0468,0005,202503,7156
11600,0468,0005,202504,3339
11600,0468,0005,202505,1279
11600,0468,0005,202506,515
11600,0468,0005,202507,128
11600,0468,0005,202508,151
11600,0468,0005,202509,105
11600,0468,0005,202510,70
11600,0468,0005,202511,561
11600,0468,0008,202501,1718
11600,0468,0008,202502,1652
11600,0468,0008,202503,1969
11600,0468,0008,202504,1392
11600,0468,0008,202505,622
11600,0468,0008,202506,398
11600,0468,0008,202507,256
11600,0468,0008,202508,198
11600,0468,0008,202509,163
11600,0468,0008,202510,140
11600,0468,0008,202511,350
11600,0468,0010,202501,7658
11600,0468,0010,202502,7313
11600,0468,0010,202503,9808
11600,0468,0010,202504,6085
11600,0468,0010,202505,3649
11600,0468,0010,202506,2327
11600,0468,0010,202507,1152
11600,0468,0010,202508,791
11600,0468,0010,202509,665
11600,0468,0010,202510,642
11600,0468,0010,202511,2566
11600,0468,0011,202501,4517
11600,0468,0011,202502,4022
11600,0468,0011,202503,4562
11600,0468,0011,202504,2760
11600,0468,0011,202505,1396
11600,0468,0011,202506,503
11600,0468,0011,202507,128
11600,0469,0001,202501,2964
11600,0469,0001,202502,2300
11600,0469,0001,202503,3195
11600,0469,0001,202504,2701
11600,0469,0001,202505,1162
11600,0469,0001,202506,1053
11600,0469,0001,202507,1070
11600,0469,0001,202508,383
11600,0469,0001,202509,385
11600,0469,0001,202510,396
11600,0469,0001,202511,793
11600,0469,0002,202501,7494
11600,0469,0002,202502,7089
11600,0469,0002,202503,10503
11600,0469,0002,202504,7419
11600,0469,0002,202505,4727
11600,0469,0002,202506,3918
11600,0469,0002,202507,3653
11600,0469,0002,202508,3500
11600,0469,0002,202509,3276
11600,0469,0002,202510,2985
11600,0469,0002,202511,4222
11600,0469,0007,202501,5494
11600,0469,0007,202502,4730
11600,0469,0007,202503,6271
11600,0469,0007,202504,5615
11600,0469,0007,202505,4516
11600,0469,0007,202506,4561
11600,0469,0007,202507,4468
11600,0469,0007,202508,4350
11600,0469,0007,202509,4163
11600,0469,0007,202510,3545
11600,0469,0007,202511,2496
11600,0469,0008,202501,4647
11600,0469,0008,202502,4577
11600,0469,0008,202503,5398
11600,0469,0008,202504,4647
11600,0469,0008,202505,4704
11600,0469,0008,202506,5205
11600,0469,0008,202507,6028
11600,0469,0008,202508,4640
11600,0469,0008,202509,4793
11600,0469,0008,202510,4325
11600,0469,0008,202511,4455
11600,0469,0011,202501,19290
11600,0469,0011,202502,15495
11600,0469,0011,202503,22327
11600,0469,0011,202504,11783
11600,0469,0011,202505,6052
11600,0469,0011,202506,3217
11600,0469,0011,202507,3409
11600,0469,0011,202508,3117
11600,0469,0011,202509,2636
11600,0469,0011,202510,2694
11600,0469,0011,202511,3300
11600,0469,0012,202501,118
11600,0469,0012,202502,95
11600,0469,0012,202503,153
11600,0469,0012,202504,71
11600,0469,0012,202505,141
11600,0469,0012,202506,59
11600,0469,0012,202507,93
11600,0469,0012,202508,70
11600,0469,0012,202509,35
11600,0469,0012,202510,70
11600,0469,0012,202511,81
11600,0469,0013,202501,570886
11600,0469,0013,202502,579624
11600,0469,0013,202503,441558
11600,0469,0013,202504,314063
11600,0469,0013,202505,204308
11600,0469,0013,202506,135480
11600,0469,0013,202507,94283
11600,0469,0013,202508,84826
11600,0469,0013,202509,80289
11600,0469,0013,202510,101418
11600,0469,0013,202511,216788
11600,0469,0014,202501,2008618
11600,0469,0014,202502,2057141
11600,0469,0014,202503,1607494
11600,0469,0014,202504,1117191
11600,0469,0014,202505,696710
11600,0469,0014,202506,443114
11600,0469,0014,202507,313014
11600,0469,0014,202508,291702
11600,0469,0014,202509,269533
11600,0469,0014,202510,352441
11600,0469,0014,202511,729263
11600,0469,0017,202501,10482
11600,0469,0017,202502,8445
11600,0469,0017,202503,10374
11600,0469,0017,202504,10285
11600,0469,0017,202505,8599
11600,0469,0017,202506,7462
11600,0469,0017,202507,6969
11600,0469,0017,202508,8525
11600,0469,0017,202509,7370
11600,0469,0017,202510,6110
11600,0469,0017,202511,7149
11600,0470,0001,202501,21223
11600,0470,0001,202502,3636
11600,0470,0001,202503,3189
11600,0470,0001,202504,20016
11600,0470,0001,202505,22919
11600,0470,0001,202506,17251
11600,0470,0001,202507,18699
11600,0470,0001,202508,15884
11600,0470,0001,202509,6904
11600,0470,0001,202510,16792
11600,0470,0001,202511,16749
11600,0470,0002,202501,11658
11600,0470,0002,202502,12644
11600,0470,0002,202503,16327
11600,0470,0002,202504,12432
11600,0470,0002,202505,6136
11600,0470,0002,202506,2047
11600,0470,0002,202507,1396
11600,0470,0002,202508,1209
11600,0470,0002,202509,1166
11600,0470,0002,202510,1388
11600,0470,0002,202511,2076
11600,0470,0005,202501,3082
11600,0470,0005,202502,3232
11600,0470,0005,202503,4232
11600,0470,0005,202504,849
11600,0470,0006,202501,738933
11600,0470,0006,202502,757963
11600,0470,0006,202503,579406
11600,0470,0006,202504,427026
11600,0470,0006,202505,273042
11600,0470,0006,202506,185158
11600,0470,0006,202507,118176
11600,0470,0006,202508,112189
11600,0470,0006,202509,106306
11600,0470,0006,202510,127905
11600,0470,0006,202511,269391
11600,0601,0000,202501,114411
11600,0601,0000,202502,122007
11600,0601,0000,202503,114299
11600,0601,0000,202504,80697
11600,0601,0000,202505,39099
11600,0601,0000,202506,37347
11600,0601,0000,202507,47412
11600,0601,0000,202508,56567
11600,0601,0000,202509,53199
11600,0601,0000,202510,50920
11600,0601,0000,202511,37108
11600,0617,0001,202501,2706
11600,0617,0001,202502,2925
11600,0617,0001,202503,3277
11600,0617,0001,202504,1345
11600,0617,0001,202505,610
11600,0617,0001,202506,257
11600,0617,0001,202507,209
11600,0617,0001,202508,140
11600,0617,0001,202509,152
11600,0617,0001,202510,152
11600,0617,0001,202511,408
11600,0696,0000,202501,9317
11600,0696,0000,202502,6994
11600,0696,0000,202503,10338
11600,0696,0000,202504,6275
11600,0696,0000,202505,2628
11600,0696,0000,202506,222
11600,0696,0000,202507,93
11600,0696,0000,202508,105
11600,0696,0000,202509,93
11600,0696,0000,202510,152
11600,0696,0000,202511,630
11600,0699,0002,202501,5058
11600,0699,0002,202502,3892
11600,0699,0002,202503,5069
11600,0699,0002,202504,2666
11600,0699,0002,202505,1795
11600,0699,0002,202506,351
11600,0699,0002,202507,93
11600,0699,0002,202508,93
11600,0699,0002,202509,58
11600,0699,0002,202510,82
11600,0699,0002,202511,991
11600,0711,0004,202501,24
11600,0711,0004,202502,342
11600,0711,0004,202503,589
11600,0711,0004,202505,12
11600,0711,0004,202511,12
11600,0711,0005,202501,19257
11600,0711,0005,202502,3762
11600,0711,0005,202503,5871
11600,0711,0005,202504,2418
11600,0711,0005,202505,5045
11600,0711,0005,202506,4024
11600,0711,0005,202507,419
11600,0711,0005,202508,198
11600,0711,0005,202509,152
11600,0711,0005,202510,839
11600,0711,0005,202511,3102
11600,0730,0003,202501,8268
11600,0730,0003,202502,8959
11600,0730,0003,202503,6431
11600,0730,0003,202504,3373
11600,0730,0003,202505,1728
11600,0730,0003,202506,1306
11600,0730,0003,202507,686
11600,0730,0003,202508,594
11600,0730,0003,202509,746
11600,0730,0003,202510,758
11600,0730,0003,202511,2822
11600,0743,0008,202511,70
11600,0745,0000,202501,2188
11600,0745,0000,202502,2347
11600,0745,0000,202503,2440
11600,0745,0000,202504,1863
11600,0745,0000,202505,1560
11600,0745,0000,202506,573
11600,0745,0000,202507,70
11600,0745,0000,202508,81
11600,0745,0000,202509,70
11600,0745,0000,202510,82
11600,0745,0000,202511,501
11600,0756,0001,202501,8102
11600,0756,0001,202502,8133
11600,0756,0001,202503,8141
11600,0756,0001,202504,4316
11600,0756,0001,202505,1728
11600,0756,0001,202506,1562
11600,0756,0001,202507,920
11600,0756,0001,202508,757
11600,0756,0001,202509,770
11600,0756,0001,202510,805
11600,0756,0001,202511,3510
11600,0760,0005,202501,3282
11600,0760,0005,202502,3857
11600,0760,0005,202503,3230
11600,0760,0005,202504,1380
11600,0760,0005,202505,1854
11600,0760,0005,202506,526
11600,0760,0005,202507,279
11600,0760,0005,202508,256
11600,0760,0005,202509,163
11600,0760,0005,202510,292
11600,0760,0005,202511,910
11600,0761,0001,202501,2670
11600,0761,0001,202502,3350
11600,0761,0001,202503,2523
11600,0761,0001,202504,1557
11600,0761,0001,202505,716
11600,0761,0001,202506,304
11600,0761,0001,202507,47
11600,0761,0001,202508,35
11600,0761,0001,202510,35
11600,0761,0001,202511,466
11600,0762,0011,202501,3000
11600,0762,0011,202502,3739
11600,0762,0011,202503,3666
11600,0762,0011,202504,2206
11600,0762,0011,202505,1736
11600,0762,0011,202506,749
11600,0762,0011,202507,140
11600,0762,0011,202508,12
11600,0762,0011,202509,35
11600,0762,0011,202510,47
11600,0762,0011,202511,292
11600,0780,0150,202502,8072
11600,0780,0150,202504,6553
11600,0780,0150,202506,6023
11600,0780,0150,202508,6039
11600,0780,0150,202510,6151
11600,0780,0177,202501,19206
11600,0780,0177,202502,16467
11600,0780,0177,202503,14932
11600,0780,0177,202504,18719
11600,0780,0177,202505,19354
11600,0780,0177,202506,17121
11600,0780,0177,202507,14712
11600,0780,0177,202508,16857
11600,0780,0177,202509,14922
11600,0780,0177,202510,11736
11600,0780,0177,202511,15100
11600,0903,0001,202501,4353
11600,0903,0001,202502,4930
11600,0903,0001,202503,4986
11600,0903,0001,202504,3503
11600,0903,0001,202505,2534
11600,0903,0001,202506,2245
11600,0903,0001,202507,1919
11600,0903,0001,202508,1896
11600,0903,0001,202509,735
11600,0903,0001,202510,1213
11600,0903,0001,202511,1015
11600,0907,0004,202501,788
11600,0907,0004,202502,519
11600,0907,0004,202503,637
11600,0907,0004,202504,484
11600,0907,0004,202505,598
11600,0907,0004,202506,585
11600,0907,0004,202507,477
11600,0907,0004,202508,488
11600,0907,0004,202509,373
11600,0907,0004,202510,478
11600,0907,0004,202511,606
11600,0907,0008,202501,81160
11600,0907,0008,202502,75158
11600,0907,0008,202503,87446
11600,0907,0008,202504,53723
11600,0907,0008,202505,44589
11600,0907,0008,202506,31498
11600,0907,0008,202507,44400
11600,0907,0008,202508,79733
11600,0907,0008,202509,77826
11600,0907,0008,202510,56261
11600,0907,0008,202511,29819
11600,0913,0000,202501,12940
11600,0913,0000,202502,6994
11600,0913,0000,202503,872
11600,0913,0000,202504,13906
11600,0913,0000,202505,13233
11600,0913,0000,202506,9954
11600,0913,0000,202507,9785
11600,0913,0000,202508,5629
11600,0913,0000,202509,4128
11600,0913,0000,202510,7323
11600,0913,0000,202511,6612
11600,0915,0000,202501,25378
11600,0915,0000,202502,27007
11600,0915,0000,202503,31187
11600,0915,0000,202504,28401
11600,0915,0000,202505,25082
11600,0915,0000,202506,23116
11600,0915,0000,202507,24633
11600,0915,0000,202508,26704
11600,0915,0000,202509,26623
11600,0915,0000,202510,25265
11600,0915,0000,202511,28878
11600,0915,0007,202501,10447
11600,0915,0007,202502,10438
11600,0915,0007,202503,11800
11600,0915,0007,202504,12302
11600,0915,0007,202505,2147
11600,0915,0007,202506,1438
11600,0915,0007,202507,1164
11600,0915,0007,202508,861
11600,0915,0007,202509,233
11600,0915,0007,202510,887
11600,0915,0007,202511,1283
11600,0915,0008,202501,3670
11600,0915,0008,202502,4270
11600,0915,0008,202503,4892
11600,0915,0008,202504,2724
11600,0915,0008,202505,1290
11600,0915,0008,202506,620
11600,0915,0008,202507,186
11600,0915,0008,202508,116
11600,0915,0008,202509,82
11600,0915,0008,202510,82
11600,0915,0008,202511,746
11600,0915,0013,202501,1306
11600,0915,0013,202502,3432
11600,0915,0013,202503,4869
11600,0915,0013,202504,719
11600,0915,0013,202505,481
11600,0915,0013,202506,713
11600,0915,0013,202507,430
11600,0915,0013,202508,337
11600,0915,0013,202509,478
11600,0915,0013,202510,292
11600,0915,0013,202511,443
11600,0917,0008,202501,2106
11600,0917,0008,202502,2288
11600,0917,0008,202503,2629
11600,0917,0008,202504,1238
11600,0917,0008,202505,540
11600,0917,0008,202506,222
11600,0917,0008,202507,93
11600,0917,0008,202508,58
11600,0917,0008,202509,12
11600,0917,0008,202510,82
11600,0917,0008,202511,187
11600,0917,0009,202501,2141
11600,0917,0009,202502,2453
11600,0917,0009,202503,3030
11600,0917,0009,202504,1321
11600,0917,0009,202505,469
11600,0917,0009,202506,164
11600,0917,0009,202507,81
11600,0917,0009,202508,35
11600,0917,0009,202509,35
11600,0917,0009,202510,23
11600,0917,0009,202511,257
11600,0917,0012,202501,4741
11600,0917,0012,202502,5225
11600,0917,0012,202503,6424
11600,0917,0012,202504,3915
11600,0917,0012,202505,2311
11600,0917,0012,202506,1065
11600,0917,0012,202507,885
11600,0917,0012,202508,732
11600,0917,0012,202509,758
11600,0917,0012,202510,641
11600,0917,0012,202511,863
11600,0917,0013,202501,1553
11600,0917,0013,202502,2217
11600,0917,0013,202503,1992
11600,0917,0013,202504,873
11600,0917,0013,202505,434
11600,0917,0013,202506,269
11600,0917,0013,202507,163
11600,0917,0013,202508,163
11600,0917,0013,202509,105
11600,0917,0013,202510,140
11600,0917,0013,202511,233
11600,0917,0014,202501,2529
11600,0917,0014,202502,2831
11600,0917,0014,202503,2806
11600,0917,0014,202504,1616
11600,0917,0014,202505,610
11600,0917,0014,202506,363
11600,0917,0014,202507,291
11600,0917,0014,202508,210
11600,0917,0014,202509,175
11600,0917,0014,202510,128
11600,0917,0014,202511,268
11600,0917,0017,202501,565
11600,0917,0017,202502,731
11600,0917,0017,202503,1014
11600,0917,0017,202504,236
11600,0917,0017,202505,94
11600,0917,0017,202506,58
11600,0917,0017,202507,47
11600,0917,0017,202508,35
11600,0917,0017,202509,35
11600,0917,0017,202510,58
11600,0917,0017,202511,70
11600,0919,0002,202501,1718
11600,0919,0002,202502,2064
11600,0919,0002,202503,2193
11600,0919,0002,202504,484
11600,0919,0002,202505,106
11600,0919,0002,202506,129
11600,0919,0002,202507,47
11600,0919,0002,202508,35
11600,0919,0002,202509,23
11600,0919,0002,202510,35
11600,0919,0002,202511,93
11600,0919,0004,202501,2141
11600,0919,0004,202502,2736
11600,0919,0004,202503,3230
11600,0919,0004,202504,1109
11600,0919,0004,202505,293
11600,0919,0004,202506,199
11600,0919,0004,202507,151
11600,0919,0004,202508,128
11600,0919,0004,202509,93
11600,0919,0004,202510,105
11600,0919,0004,202511,198
11600,0919,0005,202501,2259
11600,0919,0005,202502,2854
11600,0919,0005,202503,3289
11600,0919,0005,202504,2040
11600,0919,0005,202505,1114
11600,0919,0005,202506,561
11600,0919,0005,202507,244
11600,0919,0005,202508,233
11600,0919,0005,202509,163
11600,0919,0005,202510,198
11600,0919,0005,202511,513
11600,0919,0006,202501,1623
11600,0919,0006,202502,1840
11600,0919,0006,202503,2252
11600,0919,0006,202504,1451
11600,0919,0006,202505,786
11600,0919,0006,202506,246
11600,0919,0006,202507,140
11600,0919,0006,202508,81
11600,0919,0006,202509,58
11600,0919,0006,202510,70
11600,0919,0006,202511,292
11600,0919,0016,202501,3282
11600,0919,0016,202502,4435
11600,0919,0016,202503,4681
11600,0919,0016,202504,2253
11600,0919,0016,202505,2018
11600,0919,0016,202506,1123
11600,0919,0016,202507,1314
11600,0919,0016,202508,1198
11600,0919,0016,202509,1120
11600,0919,0016,202510,1096
11600,0919,0016,202511,863
11600,0919,0026,202501,4153
11600,0919,0026,202502,5248
11600,0919,0026,202503,6071
11600,0919,0026,202504,3278
11600,0919,0026,202505,1748
11600,0919,0026,202506,737
11600,0919,0026,202507,198
11600,0919,0026,202508,140
11600,0919,0026,202509,129
11600,0919,0026,202510,140
11600,0919,0026,202511,315
11600,0919,0028,202501,2929
11600,0919,0028,202502,2736
11600,0919,0028,202503,3407
11600,0919,0028,202504,1722
11600,0919,0028,202505,1150
11600,0919,0028,202506,643
11600,0919,0028,202507,209
11600,0919,0028,202508,128
11600,0919,0028,202509,82
11600,0919,0028,202510,105
11600,0919,0028,202511,653
11600,0921,0010,202501,4611
11600,0921,0010,202502,5473
11600,0921,0010,202503,6920
11600,0921,0010,202504,2690
11600,0921,0010,202505,961
11600,0921,0010,202506,514
11600,0921,0010,202507,372
11600,0921,0010,202508,257
11600,0921,0010,202509,210
11600,0921,0010,202510,221
11600,0921,0010,202511,327
11600,0921,0024,202501,1741
11600,0921,0024,202502,1722
11600,0921,0024,202503,1933
11600,0921,0024,202504,1227
11600,0921,0024,202505,704
11600,0921,0024,202506,491
11600,0921,0024,202507,163
11600,0921,0024,202508,58
11600,0921,0024,202509,47
11600,0921,0024,202510,47
11600,0921,0024,202511,175
11600,0921,0028,202501,2635
11600,0921,0028,202509,105
11600,0921,0028,202510,187
11600,0921,0028,202511,350
11600,0921,0029,202501,1788
11600,0921,0029,202502,2005
11600,0921,0029,202503,2370
11600,0921,0029,202504,1345
11600,0921,0029,202505,973
11600,0921,0029,202506,655
11600,0921,0029,202507,733
11600,0921,0029,202508,640
11600,0921,0029,202509,583
11600,0921,0029,202510,560
11600,0921,0029,202511,723
11600,0924,0001,202501,2212
11600,0924,0001,202502,3090
11600,0924,0001,202503,3501
11600,0924,0001,202504,1816
11600,0924,0001,202505,938
11600,0924,0001,202506,538
11600,0924,0001,202507,163
11600,0924,0001,202508,105
11600,0924,0001,202509,82
11600,0924,0001,202510,82
11600,0924,0001,202511,350
11600,0924,0003,202501,26586
11600,0924,0003,202502,31339
11600,0924,0003,202503,35282
11600,0924,0003,202504,22185
11600,0924,0003,202505,13233
11600,0924,0003,202506,7556
11600,0924,0003,202507,6062
11600,0924,0003,202508,5571
11600,0924,0003,202509,5189
11600,0924,0003,202510,5270
11600,0924,0003,202511,9446
11600,0926,0000,202501,5858
11600,0926,0000,202502,6322
11600,0926,0000,202503,6919
11600,0926,0000,202504,4400
11600,0926,0000,202505,2891
11600,0926,0000,202506,2128
11600,0926,0000,202507,1210
11600,0926,0000,202508,908
11600,0926,0000,202509,735
11600,0926,0000,202510,852
11600,0926,0000,202511,2017
11600,0926,0007,202501,19516
11600,0926,0007,202502,20783
11600,0926,0007,202503,19026
11600,0926,0007,202504,11264
11600,0926,0007,202505,7309
11600,0926,0007,202506,3392
11600,0926,0007,202507,2653
11600,0926,0007,202508,2140
11600,0926,0007,202509,1574
11600,0926,0007,202510,2134
11600,0926,0007,202511,4968
11600,0926,0008,202501,1023
11600,0926,0008,202502,1262
11600,0926,0008,202503,1591
11600,0926,0008,202504,660
11600,0926,0008,202505,188
11600,0926,0008,202506,58
11600,0926,0008,202507,47
11600,0926,0008,202508,35
11600,0926,0008,202509,23
11600,0926,0008,202510,23
11600,0926,0008,202511,70
11600,0926,0019,202501,2047
11600,0926,0019,202502,2524
11600,0926,0019,202503,2711
11600,0926,0019,202504,637
11600,0926,0019,202505,153
11600,0926,0019,202506,129
11600,0926,0019,202507,105
11600,0926,0019,202508,47
11600,0926,0019,202509,23
11600,0926,0019,202510,47
11600,0926,0019,202511,117
11600,0928,0004,202501,7140
11600,0928,0004,202502,8303
11600,0928,0004,202503,9124
11600,0928,0004,202504,7029
11600,0928,0004,202505,5279
11600,0928,0004,202506,4479
11600,0928,0004,202507,4247
11600,0928,0004,202508,2989
11600,0928,0004,202509,2857
11600,0928,0004,202510,2892
11600,0928,0004,202511,4747
11600,0928,0017,202501,2917
11600,0928,0017,202502,3951
11600,0928,0017,202503,4362
11600,0928,0017,202504,3066
11600,0928,0017,202505,2557
11600,0928,0017,202506,2046
11600,0928,0017,202507,2140
11600,0928,0017,202508,2012
11600,0928,0017,202509,1831
11600,0928,0017,202510,1667
11600,0928,0017,202511,2589
11600,0930,0000,202501,32527
11600,0930,0000,202502,37166
11600,0930,0000,202503,43994
11600,0930,0000,202504,26419
11600,0930,0000,202505,16248
11600,0930,0000,202506,8214
11600,0930,0000,202507,4037
11600,0930,0000,202508,2210
11600,0930,0000,202509,2052
11600,0930,0000,202510,1924
11600,0930,0000,202511,8082
11600,0930,0002,202501,19808
11600,0930,0002,202502,18720
11600,0930,0002,202503,16400
11600,0930,0002,202504,7228
11600,0930,0002,202505,3635
11600,0930,0002,202506,2684
11600,0930,0002,202507,1512
11600,0930,0002,202508,1223
11600,0930,0002,202509,1260
11600,0930,0002,202510,1795
11600,0930,0002,202511,6742
11600,0932,0001,202501,2929
11600,0932,0001,202502,3656
11600,0932,0001,202503,3548
11600,0932,0001,202504,1085
11600,0932,0001,202505,141
11600,0932,0001,202506,82
11600,0932,0001,202507,58
11600,0932,0001,202508,47
11600,0932,0001,202509,47
11600,0932,0001,202510,70
11600,0932,0001,202511,82
11600,0932,0002,202501,18434
11600,0932,0002,202502,22564
11600,0932,0002,202503,24826
11600,0932,0002,202504,17114
11600,0932,0002,202505,10488
11600,0932,0002,202506,3310
11600,0932,0002,202507,1955
11600,0932,0002,202508,1268
11600,0932,0002,202509,1224
11600,0932,0002,202510,1225
11600,0932,0002,202511,2846
11600,0932,0003,202501,12
11600,0932,0003,202502,165
11600,0932,0003,202503,318
11600,0932,0003,202504,377
11600,0932,0003,202505,411
11600,0932,0003,202506,35
11600,0932,0003,202508,12
11600,0932,0003,202509,12
11600,0932,0003,202510,140
11600,0932,0003,202511,466
11600,0932,0007,202501,3694
11600,0932,0007,202502,14236
11600,0932,0007,202503,15160
11600,0932,0007,202504,10721
11600,0932,0007,202505,6511
11600,0932,0007,202506,3778
11600,0932,0007,202507,3223
11600,0932,0007,202508,1942
11600,0932,0007,202509,1213
11600,0932,0007,202510,2169
11600,0932,0007,202511,4525
11600,0932,0008,202501,3847
11600,0932,0008,202502,4057
11600,0932,0008,202503,5328
11600,0932,0008,202504,2913
11600,0932,0008,202505,1337
11600,0932,0008,202506,585
11600,0932,0008,202507,617
11600,0932,0008,202508,512
11600,0932,0008,202509,641
11600,0932,0008,202510,595
11600,0932,0008,202511,583
11600,0932,0012,202501,3142
11600,0932,0012,202502,4022
11600,0932,0012,202503,1108
11600,0932,0012,202504,672
11600,0932,0012,202505,587
11600,0932,0012,202506,619
11600,0932,0012,202507,488
11600,0932,0012,202508,512
11600,0932,0012,202509,268
11600,0932,0012,202510,105
11600,0932,0012,202511,187
11600,0932,0015,202501,1741
11600,0932,0015,202502,2241
11600,0932,0015,202503,2499
11600,0932,0015,202504,1167
11600,0932,0015,202505,411
11600,0932,0015,202506,374
11600,0932,0015,202507,373
11600,0932,0015,202508,419
11600,0932,0015,202509,408
11600,0932,0015,202510,361
11600,0932,0015,202511,490
11600,0934,0002,202501,20399
11600,0934,0002,202502,23330
11600,0934,0002,202503,19510
11600,0934,0002,202504,13092
11600,0934,0002,202505,9737
11600,0934,0002,202506,4644
11600,0934,0002,202507,3118
11600,0934,0002,202508,2117
11600,0934,0002,202509,1201
11600,0934,0002,202510,1959
11600,0934,0002,202511,3860
11600,0934,0007,202501,82
11600,0934,0007,202502,59
11600,0934,0007,202503,35
11600,0934,0007,202504,47
11600,0934,0007,202505,82
11600,0934,0007,202506,82
11600,0934,0007,202507,70
11600,0934,0007,202508,116
11600,0934,0007,202509,105
11600,0934,0007,202510,105
11600,0934,0007,202511,117
11600,0934,0017,202501,4506
11600,0934,0017,202502,5874
11600,0934,0017,202503,6696
11600,0934,0017,202504,2866
11600,0934,0017,202505,1396
11600,0934,0017,202506,281
11600,0934,0017,202507,314
11600,0934,0017,202508,186
11600,0934,0017,202509,70
11600,0934,0017,202510,163
11600,0934,0017,202511,1015
11600,0934,0018,202501,1729
11600,0934,0018,202502,1616
11600,0934,0018,202503,1721
11600,0934,0018,202504,1569
11600,0934,0018,202505,1173
11600,0934,0018,202506,877
11600,0934,0018,202507,908
11600,0934,0018,202508,1047
11600,0934,0018,202509,1283
11600,0934,0018,202510,1166
11600,0934,0018,202511,1015
11600,0936,0004,202501,1706
11600,0936,0004,202502,1887
11600,0936,0004,202503,3666
11600,0936,0004,202504,2111
11600,0936,0004,202505,387
11600,0936,0004,202506,409
11600,0936,0004,202507,326
11600,0936,0004,202508,326
11600,0936,0004,202509,257
11600,0936,0004,202510,198
11600,0936,0004,202511,303
11600,0936,0009,202501,7812
11600,0936,0009,202502,7691
11600,0936,0009,202503,7474
11600,0936,0009,202504,6063
11600,0936,0009,202505,4739
11600,0936,0009,202506,3661
11600,0936,0009,202507,1838
11600,0936,0009,202508,326
11600,0936,0009,202509,257
11600,0936,0009,202510,968
11600,0936,0009,202511,2379
11600,0936,0010,202501,12975
11600,0936,0010,202502,13022
11600,0936,0010,202503,15360
11600,0936,0010,202504,8126
11600,0936,0010,202505,3226
11600,0936,0010,202506,1053
11600,0936,0010,202507,47
11600,0936,0010,202510,58
11600,0936,0010,202511,1259
11600,0936,0012,202501,35
11600,0936,0012,202502,47
11600,0936,0012,202503,35
11600,0936,0012,202504,59
11600,0936,0012,202505,82
11600,0936,0012,202506,23
11600,0936,0012,202507,47
11600,0936,0012,202508,47
11600,0936,0012,202509,58
11600,0936,0012,202510,47
11600,0936,0012,202511,47
11600,0938,0000,202501,270851
11600,0938,0000,202502,277108
11600,0938,0000,202503,241221
11600,0938,0000,202504,143968
11600,0938,0000,202505,75175
11600,0938,0000,202506,40401
11600,0938,0000,202507,25586
11600,0938,0000,202508,24662
11600,0938,0000,202509,19889
11600,0938,0000,202510,28487
11600,0938,0000,202511,84158
11600,0938,0001,202501,35080
11600,0938,0001,202502,35456
11600,0938,0001,202503,39526
11600,0938,0001,202504,33732
11600,0938,0001,202505,31135
11600,0938,0001,202506,28971
11600,0938,0001,202507,27645
11600,0938,0001,202508,27050
11600,0938,0001,202509,26949
11600,0938,0001,202510,23134
11600,0938,0001,202511,33669
11600,0938,0008,202501,2117
11600,0938,0008,202502,2158
11600,0938,0008,202503,2582
11600,0938,0008,202504,1981
11600,0938,0008,202505,1924
11600,0938,0008,202506,1637
11600,0938,0008,202507,1780
11600,0938,0008,202508,1617
11600,0938,0008,202509,1912
11600,0938,0008,202510,1341
11600,0938,0008,202511,2251
11600,0938,0012,202501,6153
11600,0938,0012,202502,5992
11600,0938,0012,202503,4939
11600,0938,0012,202504,5060
11600,0938,0012,202505,4094
11600,0938,0012,202506,3684
11600,0938,0012,202507,2979
11600,0938,0012,202508,3059
11600,0938,0012,202509,2239
11600,0938,0012,202510,2973
11600,0938,0012,202511,6916
11600,0938,0013,202501,2800
11600,0938,0013,202502,3185
11600,0938,0013,202503,2546
11600,0938,0013,202504,1297
11600,0938,0013,202505,504
11600,0938,0013,202506,35
11600,0938,0013,202507,12
11600,0938,0013,202508,35
11600,0938,0013,202509,12
11600,0938,0013,202510,23
11600,0938,0013,202511,408
11600,0940,0000,202501,13093
11600,0940,0000,202502,15894
11600,0940,0000,202503,19890
11600,0940,0000,202504,7738
11600,0940,0000,202505,1779
11600,0940,0000,202506,3606
11600,0940,0000,202507,10263
11600,0940,0000,202508,17975
11600,0940,0000,202509,24618
11600,0940,0000,202510,15687
11600,0940,0000,202511,3787
11600,0942,0004,202501,2929
11600,0942,0004,202502,3502
11600,0942,0004,202503,1356
11600,0942,0004,202504,1344
11600,0942,0004,202505,1197
11600,0942,0004,202506,761
11600,0942,0004,202507,675
11600,0942,0004,202508,454
11600,0942,0004,202509,432
11600,0942,0004,202510,501
11600,0942,0004,202511,1178
11600,0942,0020,202501,3600
11600,0942,0020,202502,5579
11600,0942,0020,202503,5635
11600,0942,0020,202504,1993
11600,0942,0020,202505,235
11600,0942,0020,202506,222
11600,0942,0020,202507,105
11600,0942,0020,202508,81
11600,0942,0020,202509,70
11600,0942,0020,202510,70
11600,0942,0020,202511,93
11600,0942,0023,202501,1782
11600,0942,0023,202502,7218
11600,0942,0023,202503,6554
11600,0942,0023,202504,6817
11600,0942,0023,202505,5572
11600,0942,0023,202506,5754
11600,0942,0023,202507,3794
11600,0942,0023,202508,2524
11600,0942,0023,202509,1271
11600,0942,0023,202510,2566
11600,0942,0023,202511,4291
11600,0944,0000,202501,42620
11600,0944,0000,202502,40751
11600,0944,0000,202503,37440
11600,0944,0000,202504,22256
11600,0944,0000,202505,16635
11600,0944,0000,202506,11581
11600,0944,0000,202507,9890
11600,0944,0000,202508,7594
11600,0944,0000,202509,6484
11600,0944,0000,202510,7941
11600,0944,0000,202511,11440
11600,0944,0005,202501,5035
11600,0944,0005,202502,5614
11600,0944,0005,202503,5918
11600,0944,0005,202504,3633
11600,0944,0005,202505,2874
11600,0944,0005,202506,2292
11600,0944,0005,202507,1897
11600,0944,0005,202508,1244
11600,0944,0005,202509,770
11600,0944,0005,202510,1084
11600,0944,0005,202511,2064
11600,0944,0009,202501,24386
11600,0944,0009,202502,25253
11600,0944,0009,202503,25864
11600,0944,0009,202504,20039
11600,0944,0009,202505,12986
11600,0944,0009,202506,4491
11600,0944,0009,202507,4666
11600,0944,0009,202508,2756
11600,0944,0009,202509,1598
11600,0944,0009,202510,2262
11600,0944,0009,202511,4980
11600,0944,0022,202501,25751
11600,0944,0022,202502,31693
11600,0944,0022,202503,34104
11600,0944,0022,202504,22008
11600,0944,0022,202505,13585
11600,0944,0022,202506,6293
11600,0944,0022,202507,2641
11600,0944,0022,202508,1791
11600,0944,0022,202509,1807
11600,0944,0022,202510,1994
11600,0944,0022,202511,6729
11600,0946,0000,202501,7776
11600,0946,0000,202502,8162
11600,0946,0000,202503,10421
11600,0946,0000,202504,7537
11600,0946,0000,202505,6511
11600,0946,0000,202506,4996
11600,0946,0000,202507,4840
11600,0946,0000,202508,3035
11600,0946,0000,202509,2437
11600,0946,0000,202510,2647
11600,0946,0000,202511,5889
11600,0946,0006,202501,2270
11600,0946,0006,202502,2843
11600,0946,0006,202503,3206
11600,0946,0006,202504,1569
11600,0946,0006,202505,1091
11600,0946,0006,202506,491
11600,0946,0006,202507,140
11600,0946,0006,202508,140
11600,0946,0006,202509,117
11600,0946,0006,202510,58
11600,0946,0006,202511,665
11600,0946,0007,202501,11693
11600,0946,0007,202502,28001
11600,0946,0007,202503,46093
11600,0946,0007,202504,28472
11600,0946,0007,202505,15544
11600,0946,0007,202506,8574
11600,0946,0007,202507,6621
11600,0946,0007,202508,5048
11600,0946,0007,202509,5108
11600,0946,0007,202510,4431
11600,0946,0007,202511,10204
11600,0946,0015,202501,1447
11600,0946,0015,202502,1675
11600,0946,0015,202503,1910
11600,0946,0015,202504,719
11600,0946,0015,202505,164
11600,0946,0015,202506,23
11600,0946,0015,202507,23
11600,0946,0015,202508,23
11600,0946,0015,202509,35
11600,0946,0015,202510,23
11600,0946,0015,202511,47
11600,0946,0017,202501,18352
11600,0946,0017,202502,21573
11600,0946,0017,202503,27549
11600,0946,0017,202504,16795
11600,0946,0017,202505,9514
11600,0946,0017,202506,3965
11600,0946,0017,202507,3991
11600,0946,0017,202508,3198
11600,0946,0017,202509,3358
11600,0946,0017,202510,2927
11600,0946,0017,202511,4245
11600,0946,0018,202501,37880
11600,0946,0018,202502,43559
11600,0946,0018,202503,40716
11600,0946,0018,202504,27540
11600,0946,0018,202505,17197
11600,0946,0018,202506,12983
11600,0946,0018,202507,9180
11600,0946,0018,202508,6652
11600,0946,0018,202509,6612
11600,0946,0018,202510,6926
11600,0946,0018,202511,11149
11600,0946,0020,202501,14528
11600,0946,0020,202502,17574
11600,0946,0020,202503,19015
11600,0946,0020,202504,14719
11600,0946,0020,202505,13808
11600,0946,0020,202506,11006
11600,0946,0020,202507,10472
11600,0946,0020,202508,10525
11600,0946,0020,202509,7148
11600,0946,0020,202510,7404
11600,0946,0020,202511,9306
11600,0950,0000,202501,2895
11600,0950,0000,202502,3621
11600,0950,0000,202503,3843
11600,0950,0000,202504,2300
11600,0950,0000,202505,1091
11600,0950,0000,202506,597
11600,0950,0000,202507,583
11600,0950,0000,202508,419
11600,0950,0000,202509,280
11600,0950,0000,202510,327
11600,0950,0000,202511,643
11600,0950,0006,202501,5540
11600,0950,0006,202502,5590
11600,0950,0006,202503,7002
11600,0950,0006,202504,5154
11600,0950,0006,202505,2804
11600,0950,0006,202506,1649
11600,0950,0006,202507,1303
11600,0950,0006,202508,1221
11600,0950,0006,202509,1387
11600,0950,0006,202510,1120
11600,0950,0006,202511,1119
11600,0950,0008,202501,4070
11600,0950,0008,202502,4317
11600,0950,0008,202503,5163
11600,0950,0008,202504,3526
11600,0950,0008,202505,1584
11600,0950,0008,202506,2526
11600,0950,0008,202507,1291
11600,0950,0008,202508,1186
11600,0950,0008,202509,1225
11600,0950,0008,202510,1119
11600,0950,0008,202511,1715
11600,0950,0010,202501,1623
11600,0950,0010,202502,1982
11600,0950,0010,202503,1910
11600,0950,0010,202504,377
11600,0950,0010,202505,82
11600,0950,0010,202506,70
11600,0950,0010,202507,70
11600,0950,0010,202508,81
11600,0950,0010,202509,70
11600,0950,0010,202510,70
11600,0950,0010,202511,93
11600,0950,0011,202501,4082
11600,0950,0011,202502,4848
11600,0950,0011,202503,5588
11600,0950,0011,202504,4411
11600,0950,0011,202505,3543
11600,0950,0011,202506,3018
11600,0950,0011,202507,2769
11600,0950,0011,202508,2710
11600,0950,0011,202509,3044
11600,0950,0011,202510,2565
11600,0950,0011,202511,2741
11600,0950,0012,202501,3894
11600,0950,0012,202502,4517
11600,0950,0012,202503,5081
11600,0950,0012,202504,2371
11600,0950,0012,202505,939
11600,0950,0012,202506,187
11600,0950,0012,202507,117
11600,0950,0012,202508,59
11600,0950,0012,202509,47
11600,0950,0012,202510,35
11600,0950,0012,202511,478
11600,0950,0013,202501,7623
11600,0950,0013,202502,8115
11600,0950,0013,202503,9159
11600,0950,0013,202504,6570
11600,0950,0013,202505,4661
11600,0950,0013,202506,2795
11600,0950,0013,202507,1524
11600,0950,0013,202508,1222
11600,0950,0013,202509,1224
11600,0950,0013,202510,968
11600,0950,0013,202511,1854
11600,0950,0016,202501,2670
11600,0950,0016,202502,3173
11600,0950,0016,202503,3584
11600,0950,0016,202504,1805
11600,0950,0016,202505,540
11600,0950,0016,202506,234
11600,0950,0016,202507,198
11600,0950,0016,202508,116
11600,0950,0016,202509,117
11600,0950,0016,202510,105
11600,0950,0016,202511,443
11600,0952,0006,202501,1965
11600,0952,0006,202502,2029
11600,0952,0006,202503,2169
11600,0952,0006,202504,2359
11600,0952,0006,202505,2041
11600,0952,0006,202506,2117
11600,0952,0006,202507,2164
11600,0952,0006,202508,2303
11600,0952,0006,202509,2309
11600,0952,0006,202510,2180
11600,0952,0006,202511,2356
11600,0952,0012,202501,10411
11600,0952,0012,202502,14036
11600,0952,0012,202503,12024
11600,0952,0012,202504,4789
11600,0952,0012,202505,1865
11600,0952,0012,202506,1135
11600,0952,0012,202507,721
11600,0952,0012,202508,361
11600,0952,0012,202509,47
11600,0952,0012,202510,198
11600,0952,0012,202511,1294
11600,0957,0000,202501,426792
11600,0957,0000,202502,432620
11600,0957,0000,202503,307885
11600,0957,0000,202504,182968
11600,0957,0000,202505,95558
11600,0957,0000,202506,63339
11600,0957,0000,202507,46483
11600,0957,0000,202508,37719
11600,0957,0000,202509,33164
11600,0957,0000,202510,48906
11600,0957,0000,202511,116946
11600,0962,0001,202501,15587
11600,0962,0001,202502,13234
11600,0962,0001,202503,12260
11600,0962,0001,202504,9542
11600,0962,0001,202505,5127
11600,0962,0001,202506,2760
11600,0962,0001,202507,2374
11600,0962,0001,202508,1733
11600,0962,0001,202509,921
11600,0962,0001,202510,1306
11600,0962,0001,202511,4163
11600,0962,0003,202501,16905
11600,0962,0003,202502,18259
11600,0962,0003,202503,15985
11600,0962,0003,202504,11535
11600,0962,0003,202505,8411
11600,0962,0003,202506,5041
11600,0962,0003,202507,2548
11600,0962,0003,202508,1872
11600,0962,0003,202509,1493
11600,0962,0003,202510,2134
11600,0962,0003,202511,5190
11600,0962,0006,202501,129
11600,0962,0006,202502,118
11600,0962,0006,202503,106
11600,0962,0006,202504,118
11600,0962,0006,202505,70
11600,0962,0006,202506,58
11600,0962,0006,202507,58
11600,0962,0006,202508,47
11600,0962,0006,202509,47
11600,0962,0006,202510,70
11600,0962,0006,202511,58
11600,0962,0009,202501,16364
11600,0962,0009,202502,17574
11600,0962,0009,202503,15278
11600,0962,0009,202504,7749
11600,0962,0009,202505,2487
11600,0962,0009,202506,269
11600,0962,0009,202511,1399
11600,0964,0000,202501,16364
11600,0964,0000,202502,18683
11600,0964,0000,202503,20877
11600,0964,0000,202504,15002
11600,0964,0000,202505,11215
11600,0964,0000,202506,8959
11600,0964,0000,202507,6213
11600,0964,0000,202508,4082
11600,0964,0000,202509,4151
11600,0964,0000,202510,6763
11600,0964,0000,202511,12222
11600,0964,0001,202501,4376
11600,0964,0001,202502,4600
11600,0964,0001,202503,5505
11600,0964,0001,202504,3633
11600,0964,0001,202505,2475
11600,0964,0001,202506,1731
11600,0964,0001,202507,1268
11600,0964,0001,202508,1582
11600,0964,0001,202509,1364
11600,0964,0001,202510,979
11600,0964,0001,202511,1504
11600,0964,0003,202501,31315
11600,0964,0003,202502,36564
11600,0964,0003,202503,36391
11600,0964,0003,202504,26761
11600,0964,0003,202505,14113
11600,0964,0003,202506,5392
11600,0964,0003,202507,12
11600,0964,0003,202508,12
11600,0964,0003,202509,23
11600,0964,0003,202510,35
11600,0964,0003,202511,6064
11600,0964,0006,202501,9023
11600,0964,0006,202502,9908
11600,0964,0006,202503,11234
11600,0964,0006,202504,10249
11600,0964,0006,202505,8013
11600,0964,0006,202506,6725
11600,0964,0006,202507,5957
11600,0964,0006,202508,4454
11600,0964,0006,202509,4711
11600,0964,0006,202510,4349
11600,0964,0006,202511,6904
11600,0964,0012,202501,3212
11600,0964,0012,202502,3385
11600,0964,0012,202503,3383
11600,0964,0012,202504,3220
11600,0964,0012,202505,3062
11600,0964,0012,202506,3227
11600,0964,0012,202507,2967
11600,0964,0012,202508,1931
11600,0964,0012,202509,2391
11600,0964,0012,202510,2519
11600,0964,0012,202511,2414
11600,0967,0007,202501,3435
11600,0967,0007,202502,3137
11600,0967,0007,202503,71
11600,0968,0001,202501,1953
11600,0968,0001,202502,2064
11600,0968,0001,202503,2287
11600,0968,0001,202504,2158
11600,0968,0001,202505,2112
11600,0968,0001,202506,1977
11600,0968,0001,202507,1559
11600,0968,0001,202508,1291
11600,0968,0001,202509,1318
11600,0968,0001,202510,1493
11600,0968,0001,202511,1516
11600,0970,0000,202501,517552
11600,0970,0000,202502,542417
11600,0970,0000,202503,410806
11600,0970,0000,202504,287417
11600,0970,0000,202505,194294
11600,0970,0000,202506,154752
11600,0970,0000,202507,94661
11600,0970,0000,202508,82448
11600,0970,0000,202509,81462
11600,0970,0000,202510,99336
11600,0970,0000,202511,209987
11600,0971,0000,202501,420828
11600,0971,0000,202502,437015
11600,0971,0000,202503,325549
11600,0971,0000,202504,228170
11600,0971,0000,202505,128627
11600,0971,0000,202506,88212
11600,0971,0000,202507,59369
11600,0971,0000,202508,51893
11600,0971,0000,202509,47971
11600,0971,0000,202510,62423
11600,0971,0000,202511,156169
11600,0971,0001,202501,43291
11600,0971,0001,202502,27553
11600,0971,0001,202503,25593
11600,0971,0001,202504,29014
11600,0971,0001,202505,32050
11600,0971,0001,202506,21323
11600,0971,0001,202507,23864
11600,0971,0001,202508,14235
11600,0971,0001,202509,16687
11600,0971,0001,202510,59655
11600,0971,0001,202511,65284
11600,0971,0004,202501,2364
11600,0971,0004,202502,3137
11600,0971,0004,202503,3607
11600,0971,0004,202504,1793
11600,0971,0004,202505,927
11600,0971,0004,202506,374
11600,0971,0004,202507,233
11600,0971,0004,202508,187
11600,0971,0004,202509,152
11600,0971,0004,202510,140
11600,0971,0004,202511,537
11600,0971,0005,202501,26950
11600,0971,0005,202502,30616
11600,0971,0005,202503,25334
11600,0971,0005,202504,13668
11600,0971,0005,202505,9286
11600,0971,0005,202506,7581
11600,0971,0005,202507,4556
11600,0971,0005,202508,4669
11600,0971,0005,202509,3663
11600,0971,0005,202510,3814
11600,0971,0005,202511,9505
11600,0972,0005,202501,2388
11600,0972,0005,202502,2689
11600,0972,0005,202503,2204
11600,0972,0005,202504,2253
11600,0972,0005,202505,2616
11600,0972,0005,202506,2246
11600,0972,0005,202507,2502
11600,0972,0005,202508,2489
11600,0972,0005,202509,1994
11600,0972,0005,202510,1691
11600,0972,0005,202511,1306
11600,0972,0006,202501,6494
11600,0972,0006,202502,8221
11600,0972,0006,202503,9855
11600,0972,0006,202504,4777
11600,0972,0006,202505,2088
11600,0972,0006,202506,690
11600,0972,0006,202507,314
11600,0972,0006,202508,151
11600,0972,0006,202509,117
11600,0972,0006,202510,175
11600,0972,0006,202511,1236
11600,0972,0008,202501,11870
11600,0972,0008,202502,13989
11600,0972,0008,202503,12720
11600,0972,0008,202504,6982
11600,0972,0008,202505,4059
11600,0972,0008,202506,2117
11600,0972,0008,202507,1105
11600,0972,0008,202508,721
11600,0972,0008,202509,793
11600,0972,0008,202510,875
11600,0972,0008,202511,3114
11600,0973,0004,202501,1176
11600,0973,0004,202502,1734
11600,0973,0004,202503,1191
11600,0973,0004,202504,389
11600,0973,0004,202505,246
11600,0973,0004,202506,199
11600,0973,0004,202507,244
11600,0973,0004,202508,163
11600,0973,0004,202509,140
11600,0973,0004,202510,117
11600,0973,0004,202511,187
11600,0974,0003,202501,12682
11600,0974,0003,202502,14755
11600,0974,0003,202503,16409
11600,0974,0003,202504,8268
11600,0974,0003,202505,5279
11600,0974,0003,202506,1088
11600,0974,0003,202507,814
11600,0974,0003,202508,651
11600,0974,0003,202509,280
11600,0974,0003,202510,315
11600,0974,0003,202511,653
11600,0974,0007,202501,2129
11600,0974,0007,202502,3220
11600,0974,0007,202503,3183
11600,0974,0007,202504,1722
11600,0974,0007,202505,1619
11600,0974,0007,202506,1135
11600,0974,0007,202507,1129
11600,0974,0007,202508,1186
11600,0974,0007,202509,887
11600,0974,0007,202510,828
11600,0974,0007,202511,1085
11600,0975,0000,202501,5094
11600,0975,0000,202502,4836
11600,0975,0000,202503,3984
11600,0975,0000,202504,3715
11600,0975,0000,202505,4012
11600,0975,0000,202506,3416
11600,0975,0000,202507,3141
11600,0975,0000,202508,2431
11600,0975,0000,202509,2169
11600,0975,0000,202510,2355
11600,0975,0000,202511,2717
11600,0975,0003,202501,5129
11600,0975,0003,202502,5649
11600,0975,0003,202503,6083
11600,0975,0003,202504,3538
11600,0975,0003,202505,2581
11600,0975,0003,202506,1322
11600,0975,0003,202507,687
11600,0975,0003,202508,488
11600,0975,0003,202509,502
11600,0975,0003,202510,536
11600,0975,0003,202511,1679
11600,0975,0005,202501,3483
11600,0975,0005,202502,5567
11600,0975,0005,202503,5352
11600,0975,0005,202504,2808
11600,0975,0005,202505,1689
11600,0975,0005,202506,656
11600,0975,0005,202507,315
11600,0975,0005,202508,221
11600,0975,0005,202509,326
11600,0975,0005,202510,292
11600,0975,0005,202511,701
11600,0975,0007,202501,2517
11600,0975,0007,202502,3385
11600,0975,0007,202503,3937
11600,0975,0007,202504,1628
11600,0975,0007,202505,564
11600,0975,0007,202506,211
11600,0975,0007,202507,163
11600,0975,0007,202508,163
11600,0975,0007,202509,163
11600,0975,0007,202510,105
11600,0975,0007,202511,327
11600,0975,0008,202501,271
11600,0975,0008,202502,236
11600,0975,0008,202503,212
11600,0975,0008,202504,236
11600,0975,0008,202505,305
11600,0975,0008,202506,316
11600,0975,0008,202507,396
11600,0975,0008,202508,361
11600,0975,0008,202509,268
11600,0975,0008,202510,245
11600,0975,0008,202511,222
11600,0976,0001,202501,4059
11600,0976,0001,202502,5202
11600,0976,0001,202503,5753
11600,0976,0001,202504,2937
11600,0976,0001,202505,1865
11600,0976,0001,202506,632
11600,0976,0001,202507,198
11600,0976,0001,202508,151
11600,0976,0001,202509,128
11600,0976,0001,202510,140
11600,0976,0001,202511,770
11600,0976,0006,202501,4635
11600,0976,0006,202502,5047
11600,0976,0006,202503,6719
11600,0976,0006,202504,4104
11600,0976,0006,202505,2275
11600,0976,0006,202506,468
11600,0976,0006,202507,47
11600,0976,0006,202511,408
11600,0976,0008,202501,4423
11600,0976,0008,202502,5532
11600,0976,0008,202503,6484
11600,0976,0008,202504,3043
11600,0976,0008,202505,1255
11600,0976,0008,202506,316
11600,0976,0008,202507,268
11600,0976,0008,202508,233
11600,0976,0008,202509,163
11600,0976,0008,202510,198
11600,0976,0008,202511,501
11600,0977,0000,202501,13474
11600,0977,0000,202502,13370
11600,0977,0000,202503,11960
11600,0977,0000,202504,6404
11600,0977,0000,202505,4863
11600,0977,0000,202506,4428
11600,0977,0000,202507,4039
11600,0977,0000,202508,3501
11600,0977,0000,202509,3021
11600,0977,0000,202510,3090
11600,0977,0000,202511,7488
11600,0977,0005,202501,2377
11600,0977,0005,202502,3019
11600,0977,0005,202503,4091
11600,0977,0005,202504,1887
11600,0977,0005,202505,317
11600,0977,0005,202506,70
11600,0977,0005,202507,35
11600,0977,0005,202509,770
11600,0977,0005,202510,1400
11600,0977,0005,202511,1714
11600,0978,0002,202501,4870
11600,0978,0002,202502,5119
11600,0978,0002,202503,3867
11600,0978,0002,202504,22716
11600,0978,0002,202505,21093
11600,0978,0002,202506,12328
11600,0978,0002,202507,12973
11600,0978,0002,202508,6629
11600,0978,0002,202509,5166
11600,0978,0002,202510,12780
11600,0978,0002,202511,11056
11600,0979,0001,202501,2953
11600,0979,0001,202502,4187
11600,0979,0001,202503,3878
11600,0979,0001,202504,2394
11600,0979,0001,202505,1818
11600,0979,0001,202506,667
11600,0979,0001,202507,175
11600,0979,0001,202508,128
11600,0979,0001,202509,82
11600,0979,0001,202510,117
11600,0979,0001,202511,362
11600,0979,0002,202501,3259
11600,0979,0002,202502,3692
11600,0979,0002,202503,4597
11600,0979,0002,202504,3173
11600,0979,0002,202505,2241
11600,0979,0002,202506,807
11600,0979,0002,202507,407
11600,0979,0002,202508,174
11600,0979,0002,202509,187
11600,0979,0002,202510,210
11600,0979,0002,202511,548
11600,0979,0005,202501,1176
11600,0979,0005,202502,1179
11600,0979,0005,202503,1179
11600,0979,0005,202504,1769
11600,0979,0005,202505,1173
11600,0979,0005,202506,1287
11600,0979,0005,202507,1164
11600,0979,0005,202508,1163
11600,0979,0005,202509,1166
11600,0979,0005,202510,1166
11600,0979,0005,202511,1166
11600,0982,0000,202501,1929
11600,0982,0000,202502,1450
11600,0982,0000,202503,2935
11600,0982,0000,202504,1369
11600,0982,0000,202505,962
11600,0982,0000,202506,831
11600,0982,0000,202507,907
11600,0982,0000,202508,884
11600,0982,0000,202509,804
11600,0982,0000,202510,711
11600,0982,0000,202511,1026
11600,0982,0006,202501,10744
11600,0982,0006,202502,12319
11600,0982,0006,202503,7447
11600,0982,0006,202504,3478
11600,0982,0006,202505,1040
11600,0982,0006,202506,527
11600,0982,0006,202507,233
11600,0982,0006,202508,385
11600,0982,0006,202509,303
11600,0982,0006,202510,350
11600,0982,0006,202511,3406
11600,0982,0009,202501,1753
11600,0982,0009,202502,2430
11600,0982,0009,202503,2711
11600,0982,0009,202504,1486
11600,0982,0009,202505,985
11600,0982,0009,202506,725
11600,0982,0009,202507,570
11600,0982,0009,202508,430
11600,0982,0009,202509,350
11600,0982,0009,202510,408
11600,0982,0009,202511,653
11600,0983,0002,202501,2929
11600,0983,0002,202502,4341
11600,0983,0002,202503,4515
11600,0983,0002,202504,2276
11600,0983,0002,202505,1114
11600,0983,0002,202506,386
11600,0983,0002,202507,326
11600,0983,0002,202508,221
11600,0983,0002,202509,152
11600,0983,0002,202510,163
11600,0983,0002,202511,688
11600,0983,0003,202501,130
11600,0983,0003,202502,272
11600,0983,0003,202503,602
11600,0983,0003,202504,118
11600,0983,0003,202505,35
11600,0983,0003,202506,35
11600,0983,0003,202507,12
11600,0983,0003,202508,12
11600,0983,0003,202510,12
11600,0983,0003,202511,35
11600,0983,0004,202501,3129
11600,0983,0004,202502,4753
11600,0983,0004,202503,5611
11600,0983,0004,202504,4022
11600,0983,0004,202505,3746
11600,0983,0004,202506,2316
11600,0983,0004,202507,1466
11600,0983,0004,202508,116
11600,0983,0004,202509,117
11600,0983,0004,202510,175
11600,0983,0004,202511,1819
11600,0984,0003,202501,1518
11600,0984,0003,202502,1864
11600,0984,0003,202503,1969
11600,0984,0003,202504,1085
11600,0984,0003,202505,903
11600,0984,0003,202506,480
11600,0984,0003,202507,314
11600,0984,0003,202508,151
11600,0984,0003,202509,105
11600,0984,0003,202510,140
11600,0984,0003,202511,303
11600,0984,0005,202501,4199
11600,0984,0005,202502,4954
11600,0984,0005,202503,5305
11600,0984,0005,202504,3986
11600,0984,0005,202505,3508
11600,0984,0005,202506,2667
11600,0984,0005,202507,2490
11600,0984,0005,202508,2385
11600,0984,0005,202509,2216
11600,0984,0005,202510,2005
11600,0984,0005,202511,2717
11600,0984,0007,202501,4682
11600,0984,0007,202502,6770
11600,0984,0007,202503,7285
11600,0984,0007,202504,1840
11600,0984,0007,202505,809
11600,0984,0007,202506,877
11600,0984,0007,202507,570
11600,0984,0007,202508,546
11600,0984,0007,202509,431
11600,0984,0007,202510,432
11600,0984,0007,202511,699
11600,0984,0010,202501,11482
11600,0984,0010,202502,14709
11600,0984,0010,202503,14453
11600,0984,0010,202504,12950
11600,0984,0010,202505,12083
11600,0984,0010,202506,10245
11600,0984,0010,202507,9494
11600,0984,0010,202508,8699
11600,0984,0010,202509,7696
11600,0984,0010,202510,8571
11600,0984,0010,202511,8770
11600,0986,0000,202501,10023
11600,0986,0000,202502,6912
11600,0986,0000,202503,10079
11600,0986,0000,202504,5177
11600,0986,0000,202505,3167
11600,0986,0000,202506,678
11600,0986,0000,202507,244
11600,0986,0000,202508,210
11600,0986,0000,202509,105
11600,0986,0000,202510,291
11600,0986,0000,202511,560
11600,0986,0003,202501,1706
11600,0986,0003,202502,1604
11600,0986,0003,202503,2511
11600,0986,0003,202504,991
11600,0986,0003,202505,282
11600,0986,0003,202506,105
11600,0986,0003,202507,105
11600,0986,0003,202508,93
11600,0986,0003,202509,70
11600,0986,0003,202510,233
11600,0986,0003,202511,222
11600,0986,0004,202501,2365
11600,0986,0004,202502,2135
11600,0986,0004,202503,2994
11600,0986,0004,202504,1852
11600,0986,0004,202505,1384
11600,0986,0004,202506,760
11600,0986,0004,202507,221
11600,0986,0004,202508,12
11600,0986,0004,202509,35
11600,0986,0004,202510,23
11600,0986,0004,202511,280
11600,0986,0005,202501,3376
11600,0986,0005,202502,2902
11600,0986,0005,202503,3902
11600,0986,0005,202504,1934
11600,0986,0005,202505,974
11600,0986,0005,202506,433
11600,0986,0005,202507,151
11600,0986,0005,202508,105
11600,0986,0005,202509,105
11600,0986,0005,202510,105
11600,0986,0005,202511,548
11600,0986,0006,202501,6470
11600,0986,0006,202502,4659
11600,0986,0006,202503,6260
11600,0986,0006,202504,3291
11600,0986,0006,202505,1256
11600,0986,0006,202506,433
11600,0986,0006,202507,186
11600,0986,0006,202508,82
11600,0986,0006,202509,175
11600,0986,0006,202510,81
11600,0986,0006,202511,746
11600,0986,0007,202501,8128
11600,0986,0007,202502,6510
11600,0986,0007,202503,8888
11600,0986,0007,202504,3680
11600,0986,0007,202505,1502
11600,0986,0007,202506,152
11600,0986,0007,202507,81
11600,0986,0007,202508,70
11600,0986,0007,202509,47
11600,0986,0007,202510,93
11600,0986,0007,202511,234
11600,0986,0009,202501,2317
11600,0986,0009,202502,1663
11600,0986,0009,202503,2511
11600,0986,0009,202504,1168
11600,0986,0009,202505,293
11600,0986,0009,202506,23
11600,0986,0009,202508,35
11600,0986,0009,202509,12
11600,0986,0009,202510,23
11600,0986,0009,202511,268
11600,0986,0010,202501,2612
11600,0986,0010,202502,2300
11600,0986,0010,202503,3265
11600,0986,0010,202504,1545
11600,0986,0010,202505,997
11600,0986,0010,202506,480
11600,0986,0010,202507,186
11600,0986,0010,202508,116
11600,0986,0010,202509,82
11600,0986,0010,202510,105
11600,0986,0010,202511,420
11600,0986,0012,202501,3729
11600,0986,0012,202502,3421
11600,0986,0012,202503,5163
11600,0986,0012,202504,2288
11600,0986,0012,202505,469
11600,0986,0012,202506,82
11600,0986,0012,202511,35
11600,0986,0013,202501,2176
11600,0986,0013,202502,1639
11600,0986,0013,202503,2346
11600,0986,0013,202504,696
11600,0986,0013,202505,199
11600,0986,0013,202506,222
11600,0986,0013,202507,105
11600,0986,0013,202508,81
11600,0986,0013,202509,70
11600,0986,0013,202510,70
11600,0986,0013,202511,303
11600,0986,0016,202501,4164
11600,0986,0016,202502,3149
11600,0986,0016,202503,3949
11600,0986,0016,202504,2252
11600,0986,0016,202505,1396
11600,0986,0016,202506,584
11600,0986,0016,202507,338
11600,0986,0016,202508,233
11600,0986,0016,202509,163
11600,0986,0016,202510,292
11600,0986,0016,202511,735
11600,0987,0000,202501,2082
11600,0987,0000,202502,1887
11600,0987,0000,202503,2593
11600,0987,0000,202504,1274
11600,0987,0000,202505,610
11600,0987,0000,202506,374
11600,0987,0000,202507,303
11600,0987,0000,202508,198
11600,0987,0000,202509,175
11600,0987,0000,202510,187
11600,0987,0000,202511,315
11600,0987,0001,202501,2106
11600,0987,0001,202502,1746
11600,0987,0001,202503,2417
11600,0987,0001,202504,991
11600,0987,0001,202505,563
11600,0987,0001,202506,211
11600,0987,0001,202507,151
11600,0987,0001,202508,81
11600,0987,0001,202509,47
11600,0987,0001,202510,82
11600,0987,0001,202511,245
11600,0987,0003,202501,59
11600,0987,0003,202502,142
11600,0987,0003,202503,153
11600,0987,0003,202504,130
11600,0987,0003,202505,82
11600,0987,0003,202506,70
11600,0987,0003,202507,58
11600,0987,0003,202508,58
11600,0987,0003,202509,58
11600,0987,0003,202510,47
11600,0987,0003,202511,70
11600,0987,0005,202502,1356
11600,0987,0005,202503,5222
11600,0987,0005,202504,5921
11600,0987,0005,202505,7590
11600,0987,0005,202506,5836
11600,0987,0005,202507,2805
11600,0987,0005,202508,7524
11600,0987,0005,202509,2111
11600,0987,0005,202510,5166
11600,0987,0005,202511,6274
11600,0987,0006,202501,47
11600,0987,0006,202502,130
11600,0987,0006,202503,2181
11600,0987,0006,202504,6664
11600,0987,0006,202505,6687
11600,0987,0006,202506,4585
11600,0987,0006,202507,4038
11600,0987,0006,202508,3733
11600,0987,0006,202509,2088
11600,0987,0006,202510,2810
11600,0987,0006,202511,3183
11600,0987,0007,202501,6329
11600,0987,0007,202502,5567
11600,0987,0007,202503,7403
11600,0987,0007,202504,3302
11600,0987,0007,202505,1947
11600,0987,0007,202506,702
11600,0987,0007,202507,163
11600,0987,0007,202508,105
11600,0987,0007,202509,70
11600,0987,0007,202510,81
11600,0987,0007,202511,549
11600,0987,0009,202501,1941
11600,0987,0009,202502,1899
11600,0987,0009,202503,2440
11600,0987,0009,202504,1557
11600,0987,0009,202505,903
11600,0987,0009,202506,211
11600,0987,0009,202507,163
11600,0987,0009,202508,35
11600,0987,0009,202509,23
11600,0987,0009,202510,12
11600,0987,0009,202511,117
11600,0987,0012,202501,35
11600,0987,0012,202502,47
11600,0987,0012,202503,35
11600,0987,0012,202504,24
11600,0987,0012,202505,35
11600,0987,0012,202506,12
11600,0987,0012,202507,24
11600,0987,0012,202508,12
11600,0987,0012,202511,12
11600,0988,0001,202501,4906
11600,0988,0001,202502,5390
11600,0988,0001,202503,6755
11600,0988,0001,202504,3231
11600,0988,0001,202505,1959
11600,0988,0001,202506,796
11600,0988,0001,202507,500
11600,0988,0001,202508,361
11600,0988,0001,202509,222
11600,0988,0001,202510,280
11600,0988,0001,202511,1014
11600,0988,0004,202501,2472
11600,0988,0004,202502,3727
11600,0988,0004,202503,4433
11600,0988,0004,202504,2017
11600,0988,0004,202505,1139
11600,0988,0004,202506,491
11600,0988,0004,202507,349
11600,0988,0004,202508,245
11600,0988,0004,202509,234
11600,0988,0004,202510,245
11600,0988,0004,202511,618
11600,0988,0005,202501,2000
11600,0988,0005,202502,2017
11600,0988,0005,202503,2982
11600,0988,0005,202504,1545
11600,0988,0005,202505,692
11600,0988,0005,202506,526
11600,0988,0005,202507,140
11600,0988,0005,202508,163
11600,0988,0005,202509,70
11600,0988,0005,202510,128
11600,0988,0005,202511,455
11600,0988,0006,202501,2670
11600,0988,0006,202502,3031
11600,0988,0006,202503,2888
11600,0988,0006,202504,672
11600,0988,0006,202505,528
11600,0988,0006,202506,386
11600,0988,0006,202507,233
11600,0988,0006,202508,70
11600,0988,0006,202509,12
11600,0988,0006,202510,82
11600,0988,0006,202511,338
11600,0989,0002,202501,4753
11600,0989,0002,202502,4966
11600,0989,0002,202503,6283
11600,0989,0002,202504,3137
11600,0989,0002,202505,2299
11600,0989,0002,202506,784
11600,0989,0002,202507,47
11600,0989,0002,202508,35
11600,0989,0002,202509,23
11600,0989,0002,202510,420
11600,0989,0002,202511,2099
11600,0989,0006,202501,3400
11600,0989,0006,202502,5083
11600,0989,0006,202503,6530
11600,0989,0006,202504,3656
11600,0989,0006,202505,2347
11600,0989,0006,202506,666
11600,0989,0006,202507,408
11600,0989,0006,202508,490
11600,0989,0006,202509,548
11600,0989,0006,202510,665
11600,0989,0006,202511,991
11600,0990,0000,202501,846602
11600,0990,0000,202502,874614
11600,0990,0000,202503,694540
11600,0990,0000,202504,494596
11600,0990,0000,202505,312230
11600,0990,0000,202506,234078
11600,0990,0000,202507,147987
11600,0990,0000,202508,130839
11600,0990,0000,202509,125357
11600,0990,0000,202510,158468
11600,0990,0000,202511,362212
11600,0991,0003,202501,4730
11600,0991,0003,202502,6063
11600,0991,0003,202503,7049
11600,0991,0003,202504,4471
11600,0991,0003,202505,4247
11600,0991,0003,202506,2819
11600,0991,0003,202507,2711
11600,0991,0003,202508,2757
11600,0991,0003,202509,2449
11600,0991,0003,202510,2729
11600,0991,0003,202511,2589
11600,0991,0006,202501,3506
11600,0991,0006,202502,4364
11600,0991,0006,202503,5387
11600,0991,0006,202504,1073
11600,0991,0006,202505,82
11600,0991,0006,202506,93
11600,0991,0006,202507,186
11600,0991,0006,202508,163
11600,0991,0006,202509,163
11600,0991,0006,202510,629
11600,0991,0006,202511,5668
11600,0991,0008,202501,3470
11600,0991,0008,202502,4268
11600,0991,0008,202503,6189
11600,0991,0008,202504,3007
11600,0991,0008,202505,2206
11600,0991,0008,202506,749
11600,0991,0008,202507,361
11600,0991,0008,202508,291
11600,0991,0008,202509,257
11600,0991,0008,202510,268
11600,0991,0008,202511,536
11600,0991,0010,202501,2306
11600,0991,0010,202502,2489
11600,0991,0010,202503,2546
11600,0991,0010,202504,1345
11600,0991,0010,202505,716
11600,0991,0010,202506,257
11600,0991,0010,202507,221
11600,0991,0010,202508,186
11600,0991,0010,202509,163
11600,0991,0010,202510,175
11600,0991,0010,202511,397
11600,0992,0001,202501,3453
11600,0992,0001,202502,3738
11600,0992,0001,202503,2972
11600,0992,0001,202504,2170
11600,0992,0001,202505,1511
11600,0992,0001,202506,1238
11600,0992,0001,202507,1048
11600,0992,0001,202508,1105
11600,0992,0001,202509,945
11600,0992,0001,202510,1084
11600,0992,0001,202511,2157
11600,0992,0005,202501,5470
11600,0992,0005,202502,4046
11600,0992,0005,202503,5081
11600,0992,0005,202504,3161
11600,0992,0005,202505,1054
11600,0992,0005,202506,865
11600,0992,0005,202507,221
11600,0992,0005,202508,152
11600,0992,0005,202509,187
11600,0992,0005,202510,210
11600,0992,0005,202511,1015
11600,0992,0007,202503,12
11600,0992,0007,202505,12
11600,0992,0007,202509,12
11600,0992,0008,202501,2506
11600,0992,0008,202502,4081
11600,0992,0008,202503,4433
11600,0992,0008,202504,2088
11600,0992,0008,202505,1525
11600,0992,0008,202506,761
11600,0992,0008,202507,209
11600,0992,0008,202508,163
11600,0992,0008,202509,151
11600,0992,0008,202510,152
11600,0992,0008,202511,944
11600,0992,0011,202501,5812
11600,0992,0011,202502,6440
11600,0992,0011,202503,7096
11600,0992,0011,202504,4659
11600,0992,0011,202505,3929
11600,0992,0011,202506,2269
11600,0992,0011,202507,1618
11600,0992,0011,202508,965
11600,0992,0011,202509,723
11600,0992,0011,202510,793
11600,0992,0011,202511,1295
11600,0993,0000,202501,3223
11600,0993,0000,202502,3515
11600,0993,0000,202503,3960
11600,0993,0000,202504,1675
11600,0993,0000,202505,1185
11600,0993,0000,202506,819
11600,0993,0000,202507,802
11600,0993,0000,202508,605
11600,0993,0000,202509,513
11600,0993,0000,202510,793
11600,0993,0000,202511,921
11600,0993,0001,202501,7940
11600,0993,0001,202502,8362
11600,0993,0001,202503,10349
11600,0993,0001,202504,5803
11600,0993,0001,202505,4751
11600,0993,0001,202506,3393
11600,0993,0001,202507,2431
11600,0993,0001,202508,2653
11600,0993,0001,202509,2286
11600,0993,0001,202510,1807
11600,0993,0001,202511,3534
11600,0993,0002,202501,1718
11600,0993,0002,202502,2217
11600,0993,0002,202503,2534
11600,0993,0002,202504,1085
11600,0993,0002,202505,458
11600,0993,0002,202506,257
11600,0993,0002,202507,105
11600,0993,0002,202508,81
11600,0993,0002,202509,82
11600,0993,0002,202510,82
11600,0993,0002,202511,117
11600,0993,0006,202501,294
11600,0993,0006,202502,389
11600,0993,0006,202503,660
11600,0993,0006,202504,35
11600,0993,0006,202505,23
11600,0993,0006,202506,12
11600,0993,0006,202507,35
11600,0993,0006,202508,23
11600,0993,0006,202509,12
11600,0993,0006,202510,12
11600,0993,0006,202511,35
11600,0993,0007,202501,3235
11600,0993,0007,202502,4034
11600,0993,0007,202503,4833
11600,0993,0007,202504,1958
11600,0993,0007,202505,845
11600,0993,0007,202506,316
11600,0993,0007,202507,244
11600,0993,0007,202508,140
11600,0993,0007,202509,117
11600,0993,0007,202510,128
11600,0993,0007,202511,781
11600,0993,0008,202501,4870
11600,0993,0008,202502,5296
11600,0993,0008,202503,5965
11600,0993,0008,202504,2948
11600,0993,0008,202505,2159
11600,0993,0008,202506,1298
11600,0993,0008,202507,1024
11600,0993,0008,202508,1116
11600,0993,0008,202509,1038
11600,0993,0008,202510,1259
11600,0993,0008,202511,1259
11600,0993,0009,202501,1047
11600,0993,0009,202502,1569
11600,0993,0009,202503,1096
11600,0993,0009,202504,35
11600,0993,0010,202501,812
11600,0993,0010,202502,3774
11600,0993,0010,202503,4515
11600,0993,0010,202504,2241
11600,0993,0010,202505,1537
11600,0993,0010,202506,690
11600,0993,0010,202507,303
11600,0993,0010,202508,163
11600,0993,0010,202509,70
11600,0993,0010,202510,140
11600,0993,0010,202511,303
11600,0993,0011,202501,989
11600,0993,0011,202502,2193
11600,0993,0011,202503,2688
11600,0993,0011,202504,1239
11600,0993,0011,202505,856
11600,0993,0011,202506,456
11600,0993,0011,202507,256
11600,0993,0011,202508,163
11600,0993,0011,202509,116
11600,0993,0011,202510,187
11600,0993,0011,202511,350
11600,0994,0000,202501,3397
11600,0994,0000,202502,3867
11600,0994,0000,202503,3009
11600,0994,0000,202504,730
11600,0994,0000,202505,46
11600,0994,0000,202506,653
11600,0994,0000,202507,233
11600,0994,0000,202508,175
11600,0994,0000,202509,187
11600,0994,0000,202510,315
11600,0994,0000,202511,1120
11600,0994,0001,202501,4564
11600,0994,0001,202502,5933
11600,0994,0001,202503,8004
11600,0994,0001,202504,5531
11600,0994,0001,202505,5819
11600,0994,0001,202506,4936
11600,0994,0001,202507,4409
11600,0994,0001,202508,5175
11600,0994,0001,202509,10623
11600,0994,0001,202510,7043
11600,0994,0001,202511,3837
11600,0994,0006,202501,3083
11600,0994,0006,202502,3963
11600,0994,0006,202503,3866
11600,0994,0006,202504,2606
11600,0994,0006,202505,2182
11600,0994,0006,202506,1427
11600,0994,0006,202507,1385
11600,0994,0006,202508,1256
11600,0994,0006,202509,1154
11600,0994,0006,202510,1177
11600,0994,0006,202511,1097
11600,0994,0009,202501,2494
11600,0994,0009,202502,1474
11600,0994,0009,202503,2570
11600,0994,0009,202504,1710
11600,0994,0009,202505,1654
11600,0994,0009,202506,1205
11600,0994,0009,202507,1408
11600,0994,0009,202508,1384
11600,0994,0009,202509,1492
11600,0994,0009,202510,1352
11600,0994,0009,202511,968
11600,0994,0011,202501,6494
11600,0994,0011,202502,7525
11600,0994,0011,202503,6802
11600,0994,0011,202504,4977
11600,0994,0011,202505,6311
11600,0994,0011,202506,4515
11600,0994,0011,202507,4224
11600,0994,0011,202508,4454
11600,0994,0011,202509,4641
11600,0994,0011,202510,3382
11600,0994,0011,202511,4292
11600,0994,0013,202501,2000
11600,0994,0013,202502,2477
11600,0994,0013,202503,2817
11600,0994,0013,202504,1073
11600,0994,0013,202505,422
11600,0994,0013,202506,152
11600,0994,0013,202507,93
11600,0994,0013,202508,12
11600,0994,0013,202510,12
11600,0994,0013,202511,257
11600,0994,0014,202501,1882
11600,0994,0014,202502,2795
11600,0994,0014,202503,3371
11600,0994,0014,202504,1356
11600,0994,0014,202505,704
11600,0994,0014,202506,222
11600,0994,0014,202507,151
11600,0994,0014,202508,105
11600,0994,0014,202509,93
11600,0994,0014,202510,70
11600,0994,0014,202511,152
11600,0994,0016,202505,12
11600,0994,0016,202507,12
11600,0994,0016,202511,12
11600,0994,0017,202501,1718
11600,0994,0017,202502,2288
11600,0994,0017,202503,2629
11600,0994,0017,202504,1380
11600,0994,0017,202505,375
11600,0994,0017,202506,82
11600,0994,0017,202507,23
11600,0994,0017,202511,12
11600,0995,0000,202501,706
11600,0995,0000,202502,495
11600,0995,0000,202503,342
11600,0995,0000,202504,201
11600,0995,0000,202505,47
11600,0995,0002,202501,4670
11600,0995,0002,202502,5130
11600,0995,0002,202503,5564
11600,0995,0002,202504,2689
11600,0995,0002,202505,1924
11600,0995,0002,202506,935
11600,0995,0002,202507,348
11600,0995,0002,202508,244
11600,0995,0002,202509,257
11600,0995,0002,202510,455
11600,0995,0002,202511,699
11600,0995,0003,202501,12
11600,0995,0003,202502,12
11600,0995,0003,202503,118
11600,0995,0003,202504,236
11600,0995,0003,202505,375
11600,0995,0003,202506,140
11600,0995,0003,202507,12
11600,0995,0003,202511,12
11600,0995,0008,202501,3271
11600,0995,0008,202502,4199
11600,0995,0008,202503,4491
11600,0995,0008,202504,2454
11600,0995,0008,202505,2053
11600,0995,0008,202506,1568
11600,0995,0008,202507,1361
11600,0995,0008,202508,1105
11600,0995,0008,202509,991
11600,0995,0008,202510,1014
11600,0995,0008,202511,1213
11600,0995,0009,202501,10212
11600,0995,0009,202502,11724
11600,0995,0009,202503,12130
11600,0995,0009,202504,8174
11600,0995,0009,202505,7227
11600,0995,0009,202506,4375
11600,0995,0009,202507,4316
11600,0995,0009,202508,4942
11600,0995,0009,202509,2612
11600,0995,0009,202510,2799
11600,0995,0009,202511,3254
11600,0995,0010,202501,2623
11600,0995,0010,202502,2748
11600,0995,0010,202503,2499
11600,0995,0010,202504,1699
11600,0995,0010,202505,1607
11600,0995,0010,202506,1392
11600,0995,0010,202507,1152
11600,0995,0010,202508,1151
11600,0995,0010,202509,1154
11600,0995,0010,202510,1038
11600,0995,0010,202511,1691
11600,0996,0000,202501,10153
11600,0996,0000,202502,8893
11600,0996,0000,202503,10716
11600,0996,0000,202504,6369
11600,0996,0000,202505,4387
11600,0996,0000,202506,3205
11600,0996,0000,202507,3304
11600,0996,0000,202508,2965
11600,0996,0000,202509,3381
11600,0996,0000,202510,3219
11600,0996,0000,202511,3988
11600,0996,0009,202501,1859
11600,0996,0009,202502,1899
11600,0996,0009,202503,2263
11600,0996,0009,202504,1014
11600,0996,0009,202505,845
11600,0996,0009,202506,666
11600,0996,0009,202507,512
11600,0996,0009,202508,326
11600,0996,0009,202509,210
11600,0996,0009,202510,280
11600,0996,0009,202511,559
11600,0996,0010,202501,2988
11600,0996,0010,202502,3680
11600,0996,0010,202503,2936
11600,0996,0010,202504,2701
11600,0996,0010,202505,1994
11600,0996,0010,202506,409
11600,0996,0010,202507,384
11600,0996,0010,202508,395
11600,0996,0010,202509,292
11600,0996,0010,202510,291
11600,0996,0010,202511,548
11600,0996,0013,202501,14940
11600,0996,0013,202502,11535
11600,0996,0013,202503,14912
11600,0996,0013,202504,12290
11600,0996,0013,202505,15262
11600,0996,0013,202506,13334
11600,0996,0013,202507,11891
11600,0996,0013,202508,12281
11600,0996,0013,202509,13632
11600,0996,0013,202510,10413
11600,0996,0013,202511,11126
11600,0996,0014,202501,7835
11600,0996,0014,202502,6687
11600,0996,0014,202503,7697
11600,0996,0014,202504,4907
11600,0996,0014,202505,4892
11600,0996,0014,202506,3859
11600,0996,0014,202507,3409
11600,0996,0014,202508,3047
11600,0996,0014,202509,3475
11600,0996,0014,202510,3137
11600,0996,0014,202511,3627
11600,0997,0000,202501,1142
11600,0997,0000,202502,1816
11600,0997,0000,202503,2629
11600,0997,0000,202504,979
11600,0997,0000,202505,458
11600,0997,0000,202506,222
11600,0997,0000,202507,151
11600,0997,0000,202508,93
11600,0997,0000,202509,47
11600,0997,0000,202510,58
11600,0997,0000,202511,198
11600,0997,0004,202501,4494
11600,0997,0004,202502,4104
11600,0997,0004,202503,5163
11600,0997,0004,202504,2595
11600,0997,0004,202505,1537
11600,0997,0005,202501,2270
11600,0997,0005,202502,1805
11600,0997,0005,202503,2063
11600,0997,0005,202504,2147
11600,0997,0005,202505,2041
11600,0997,0005,202506,1684
11600,0997,0005,202507,1338
11600,0997,0005,202508,1151
11600,0997,0005,202509,1178
11600,0997,0005,202510,1341
11600,0997,0005,202511,1504
11600,0997,0007,202501,2317
11600,0997,0007,202502,1451
11600,0997,0007,202503,1532
11600,0997,0007,202504,189
11600,0997,0007,202505,211
11600,0997,0007,202506,35
11600,0997,0007,202507,140
11600,0997,0007,202508,81
11600,0997,0007,202509,105
11600,0997,0007,202510,128
11600,0997,0007,202511,257
11600,0997,0008,202501,2929
11600,0997,0008,202502,2430
11600,0997,0008,202503,2299
11600,0997,0008,202504,1710
11600,0997,0008,202505,1114
11600,0997,0008,202506,550
11600,0997,0008,202507,221
11600,0997,0008,202508,140
11600,0997,0008,202509,140
11600,0997,0008,202510,140
11600,0997,0008,202511,490
11600,0997,0009,202501,12
11600,0997,0009,202502,12
11600,0997,0009,202503,12
11600,0997,0009,202504,12
11600,0997,0009,202506,12
11600,0997,0009,202507,23
11600,0997,0009,202510,12
11600,0997,0010,202501,3353
11600,0997,0010,202502,2477
11600,0997,0010,202503,3242
11600,0997,0010,202504,1404
11600,0997,0010,202505,551
11600,0997,0010,202506,129
11600,0997,0010,202507,1082
11600,0997,0010,202508,872
11600,0997,0010,202509,991
11600,0997,0010,202510,945
11600,0997,0010,202511,1725
11600,0997,0011,202501,3459
11600,0997,0011,202502,3881
11600,0997,0011,202503,5387
11600,0997,0011,202504,2819
11600,0997,0011,202505,1701
11600,0997,0011,202506,1076
11600,0997,0011,202507,1105
11600,0997,0011,202508,1047
11600,0997,0011,202509,921
11600,0997,0011,202510,863
11600,0997,0011,202511,956
11600,0997,0012,202501,5388
11600,0997,0012,202502,4423
11600,0997,0012,202503,6260
11600,0997,0012,202504,2984
11600,0997,0012,202505,1830
11600,0997,0012,202506,690
11600,0997,0012,202507,268
11600,0997,0012,202508,174
11600,0997,0012,202509,140
11600,0997,0012,202510,140
11600,0997,0012,202511,816
11600,0997,0014,202501,9764
11600,0997,0014,202502,9129
11600,0997,0014,202503,11199
11600,0997,0014,202504,7537
11600,0997,0014,202505,7004
11600,0997,0014,202506,5521
11600,0997,0014,202507,4898
11600,0997,0014,202508,4966
11600,0997,0014,202509,4711
11600,0997,0014,202510,4268
11600,0997,0014,202511,5295
11600,0998,0010,202501,1611
11600,0998,0010,202502,1427
11600,0998,0010,202503,1579
11600,0998,0010,202504,908
11600,0998,0010,202505,575
11600,0998,0010,202506,421
11600,0998,0010,202507,419
11600,0998,0010,202508,384
11600,0998,0010,202509,350
11600,0998,0010,202510,327
11600,0998,0010,202511,409
11600,0998,0014,202501,3330
11600,0998,0014,202502,3456
11600,0998,0014,202503,3596
11600,0998,0014,202504,2300
11600,0998,0014,202505,1935
11600,0998,0014,202506,1731
11600,0998,0014,202507,1653
11600,0998,0014,202508,1768
11600,0998,0014,202509,1154
11600,0998,0014,202510,1539
11600,0998,0014,202511,1446
11600,0999,0001,202501,3153
11600,0999,0001,202502,2972
11600,0999,0001,202503,3631
11600,0999,0001,202504,1368
11600,0999,0001,202505,141
11600,0999,0001,202506,82
11600,0999,0001,202507,35
11600,0999,0001,202508,24
11600,0999,0001,202510,24
11600,0999,0001,202511,151
11600,0999,0003,202501,6447
11600,0999,0003,202502,5968
11600,0999,0003,202503,6212
11600,0999,0003,202504,4340
11600,0999,0003,202505,4223
11600,0999,0003,202506,3813
11600,0999,0003,202507,3514
11600,0999,0003,202508,3001
11600,0999,0003,202509,2647
11600,0999,0003,202510,2950
11600,0999,0003,202511,3184
11600,0999,0004,202501,4729
11600,0999,0004,202502,3680
11600,0999,0004,202503,5435
11600,0999,0004,202504,2878
11600,0999,0004,202505,3356
11600,0999,0004,202506,2597
11600,0999,0004,202507,2106
11600,0999,0004,202508,2303
11600,0999,0004,202509,2332
11600,0999,0004,202510,1667
11600,0999,0004,202511,1598
11600,0999,0006,202501,10402
11600,0999,0006,202502,8569
11600,0999,0006,202503,8128
11600,0999,0006,202504,6121
11600,0999,0006,202505,3385
11600,0999,0006,202506,2581
11600,0999,0006,202507,2095
11600,0999,0006,202508,1883
11600,0999,0006,202509,1818
11600,0999,0006,202510,2064
11600,0999,0006,202511,5085
11600,0999,0008,202501,6081
11600,0999,0008,202502,7195
11600,0999,0008,202503,8405
11600,0999,0008,202504,3302
11600,0999,0008,202505,1948
11600,0999,0008,202506,714
11600,0999,0008,202507,523
11600,0999,0008,202508,209
11600,0999,0008,202509,94
11600,0999,0008,202510,163
11600,0999,0008,202511,221
11600,1000,0001,202510,11124
11600,1000,0001,202511,12397
11600,1000,0004,202501,2247
11600,1000,0004,202502,1816
11600,1000,0004,202503,2299
11600,1000,0004,202504,2217
11600,1000,0004,202505,1795
11600,1000,0004,202506,1310
11600,1000,0004,202507,1001
11600,1000,0004,202508,744
11600,1000,0004,202509,630
11600,1000,0004,202510,618
11600,1000,0004,202511,1085
11600,1000,0005,202501,7541
11600,1000,0005,202502,5791
11600,1000,0005,202503,9242
11600,1000,0005,202504,6192
11600,1000,0005,202505,5373
11600,1000,0005,202506,4574
11600,1000,0005,202507,4620
11600,1000,0005,202508,5884
11600,1000,0005,202509,7031
11600,1000,0005,202510,6203
11600,1000,0005,202511,7592
11600,1000,0006,202501,5905
11600,1000,0006,202502,4258
11600,1000,0006,202503,5423
11600,1000,0006,202504,5201
11600,1000,0006,202505,4294
11600,1000,0006,202506,3404
11600,1000,0006,202507,3432
11600,1000,0006,202508,3140
11600,1000,0006,202509,2426
11600,1000,0006,202510,2938
11600,1000,0006,202511,3219
11600,1000,0007,202501,812
11600,1000,0007,202502,236
11600,1000,0007,202503,424
11600,1000,0007,202504,354
11600,1000,0007,202505,446
11600,1000,0007,202506,316
11600,1000,0007,202507,221
11600,1000,0007,202508,291
11600,1000,0007,202509,292
11600,1000,0007,202510,280
11600,1000,0007,202511,327
11600,1001,0000,202501,285766
11600,1001,0000,202502,296806
11600,1001,0000,202503,373314
11600,1001,0000,202504,176580
11600,1001,0000,202505,71201
11600,1001,0000,202506,42884
11600,1001,0000,202507,195247
11600,1001,0000,202508,413877
11600,1001,0000,202509,467928
11600,1001,0000,202510,276696
11600,1001,0000,202511,10812
11600,1002,0001,202501,3576
11600,1002,0001,202502,2701
11600,1002,0001,202503,2900
11600,1002,0001,202504,2347
11600,1002,0001,202505,2581
11600,1002,0001,202506,2140
11600,1002,0001,202507,2280
11600,1002,0001,202508,2454
11600,1002,0001,202509,2076
11600,1002,0001,202510,1877
11600,1002,0001,202511,2554
11600,1003,0000,202501,20653
11600,1003,0000,202502,19368
11600,1003,0000,202503,13405
11600,1003,0000,202504,7737
11600,1003,0000,202505,2348
11600,1003,0000,202506,1526
11600,1003,0000,202507,1141
11600,1003,0000,202508,1118
11600,1003,0000,202509,666
11600,1003,0000,202510,910
11600,1003,0000,202511,6019
11600,1003,0002,202501,38279
11600,1003,0002,202502,31021
11600,1003,0002,202503,38984
11600,1003,0002,202504,36421
11600,1003,0002,202505,35357
11600,1003,0002,202506,31159
11600,1003,0002,202507,30240
11600,1003,0002,202508,30005
11600,1003,0002,202509,32325
11600,1003,0002,202510,30306
11600,1003,0002,202511,37563
11600,1003,0005,202501,3047
11600,1003,0005,202502,2418
11600,1003,0005,202503,3053
11600,1003,0005,202504,1828
11600,1003,0005,202505,1173
11600,1003,0005,202506,713
11600,1003,0005,202507,105
11600,1003,0005,202508,198
11600,1003,0005,202509,152
11600,1003,0005,202510,163
11600,1003,0005,202511,571
11600,1003,0006,202501,2306
11600,1003,0006,202502,2005
11600,1003,0006,202503,3183
11600,1003,0006,202504,1875
11600,1003,0006,202505,1079
11600,1003,0006,202506,339
11600,1003,0006,202507,140
11600,1003,0006,202508,105
11600,1003,0006,202509,93
11600,1003,0006,202510,140
11600,1003,0006,202511,431
11600,1005,0001,202501,3612
11600,1005,0001,202502,3798
11600,1005,0001,202503,4385
11600,1005,0001,202504,3562
11600,1005,0001,202505,3214
11600,1005,0001,202506,2807
11600,1005,0001,202507,2141
11600,1005,0001,202508,2245
11600,1005,0001,202509,2099
11600,1005,0001,202510,1644
11600,1005,0001,202511,2554
11600,1006,0003,202501,9682
11600,1006,0003,202502,10969
11600,1006,0003,202503,11741
11600,1006,0003,202504,8103
11600,1006,0003,202505,6305
11600,1006,0003,202506,3673
11600,1006,0003,202507,3095
11600,1006,0003,202508,3442
11600,1006,0003,202509,3382
11600,1006,0003,202510,2718
11600,1006,0003,202511,3720
11600,1006,0005,202501,1023
11600,1006,0005,202502,1274
11600,1006,0005,202503,1367
11600,1006,0005,202504,578
11600,1006,0005,202505,399
11600,1006,0005,202506,632
11600,1006,0005,202507,244
11600,1006,0005,202508,70
11600,1006,0005,202509,58
11600,1006,0005,202510,47
11600,1006,0005,202511,152
11600,1007,0002,202501,2000
11600,1007,0002,202502,2324
11600,1007,0002,202503,2723
11600,1007,0004,202501,2447
11600,1007,0004,202503,1004
11600,1007,0004,202504,248
11600,1007,0004,202505,211
11600,1007,0004,202506,117
11600,1007,0004,202507,70
11600,1007,0004,202510,35
11600,1007,0004,202511,210
11600,1007,0005,202501,2871
11600,1007,0005,202502,4576
11600,1007,0005,202503,5458
11600,1007,0005,202504,3067
11600,1007,0005,202505,2865
11600,1007,0005,202506,2316
11600,1007,0005,202507,2664
11600,1007,0005,202508,3140
11600,1007,0005,202509,2601
11600,1007,0005,202510,1644
11600,1007,0005,202511,1212
11600,1007,0007,202503,12
11600,1009,0000,202501,1045299
11600,1009,0000,202502,1041671
11600,1009,0000,202503,731200
11600,1009,0000,202504,459527
11600,1009,0000,202505,217138
11600,1009,0000,202506,122562
11600,1009,0000,202507,75542
11600,1009,0000,202508,60978
11600,1009,0000,202509,46205
11600,1009,0000,202510,101258
11600,1009,0000,202511,303597
11600,1036,0000,202501,1953108
11600,1036,0000,202502,1902399
11600,1036,0000,202503,1533671
11600,1036,0000,202504,986858
11600,1036,0000,202505,592351
11600,1036,0000,202506,438384
11600,1036,0000,202507,313622
11600,1036,0000,202508,291456
11600,1036,0000,202509,255001
11600,1036,0000,202510,337287
11600,1036,0000,202511,647309
11700,0027,0000,202501,6765
11700,0027,0000,202502,6959
11700,0027,0000,202503,9372
11700,0027,0000,202504,5355
11700,0027,0000,202505,4727
11700,0027,0000,202506,3766
11700,0027,0000,202507,3630
11700,0027,0000,202508,3035
11700,0027,0000,202509,2868
11700,0027,0000,202510,2554
11700,0027,0000,202511,3510
11700,0028,0002,202501,3694
11700,0028,0002,202502,3491
11700,0028,0002,202503,4338
11700,0028,0002,202504,2677
11700,0028,0002,202505,1678
11700,0028,0002,202506,1053
11700,0028,0002,202507,1187
11700,0028,0002,202508,1326
11700,0028,0002,202509,1096
11700,0028,0002,202510,1236
11700,0028,0002,202511,1446
11700,0038,0000,202501,3612
11700,0038,0000,202502,3739
11700,0038,0000,202503,4869
11700,0038,0000,202504,2029
11700,0038,0000,202505,1373
11700,0038,0000,202506,597
11700,0038,0000,202507,221
11700,0038,0000,202508,163
11700,0038,0000,202509,152
11700,0038,0000,202510,175
11700,0038,0000,202511,735
11700,0042,0000,202501,14717
11700,0042,0000,202502,13600
11700,0042,0000,202503,16421
11700,0042,0000,202504,15887
11700,0042,0000,202505,18629
11700,0042,0000,202506,17322
11700,0042,0000,202507,21153
11700,0042,0000,202508,22806
11700,0042,0000,202509,22728
11700,0042,0000,202510,15893
11700,0042,0000,202511,15102
11700,0042,0002,202501,4117
11700,0042,0002,202502,3822
11700,0042,0002,202503,5387
11700,0042,0002,202504,2713
11700,0042,0002,202505,1818
11700,0042,0002,202506,1076
11700,0042,0002,202507,873
11700,0042,0002,202508,779
11700,0042,0002,202509,595
11700,0042,0002,202510,618
11700,0042,0002,202511,1026
11700,0046,0000,202501,6964
11700,0046,0000,202502,4753
11700,0046,0000,202503,5871
11700,0046,0000,202504,5166
11700,0046,0000,202505,5349
11700,0046,0000,202506,4105
11700,0046,0000,202507,3653
11700,0046,0000,202508,3140
11700,0046,0000,202509,2845
11700,0046,0000,202510,2740
11700,0046,0000,202511,3802
11700,0052,0000,202501,3306
11700,0052,0000,202502,3232
11700,0052,0000,202503,4161
11700,0052,0000,202504,1934
11700,0052,0000,202505,727
11700,0052,0000,202506,117
11700,0052,0000,202507,105
11700,0052,0000,202508,58
11700,0052,0000,202509,82
11700,0052,0000,202510,70
11700,0052,0000,202511,350
11700,0063,0000,202501,10658
11700,0063,0000,202502,16255
11700,0063,0000,202503,13827
11700,0063,0000,202504,7950
11700,0063,0000,202505,5679
11700,0063,0000,202506,4574
11700,0063,0000,202507,3956
11700,0063,0000,202508,2675
11700,0063,0000,202509,2730
11700,0063,0000,202510,2472
11700,0063,0000,202511,3639
11700,0066,0000,202501,5517
11700,0066,0000,202502,6924
11700,0066,0000,202503,6967
11700,0066,0000,202504,3574
11700,0066,0000,202505,1337
11700,0066,0000,202506,304
11700,0066,0000,202507,233
11700,0066,0000,202508,163
11700,0066,0000,202509,105
11700,0066,0000,202510,117
11700,0066,0000,202511,350
11700,0143,0001,202501,13870
11700,0143,0001,202502,3102
11700,0143,0001,202503,3254
11700,0143,0001,202504,14637
11700,0143,0001,202505,14066
11700,0143,0001,202506,10211
11700,0143,0001,202507,12810
11700,0143,0001,202508,8129
11700,0143,0001,202509,7755
11700,0143,0001,202510,11590
11700,0143,0001,202511,9784
11700,0145,0000,202501,15929
11700,0145,0000,202502,11795
11700,0145,0000,202503,12908
11700,0145,0000,202504,8209
11700,0145,0000,202505,3367
11700,0145,0000,202506,2749
11700,0145,0000,202507,2490
11700,0145,0000,202508,2024
11700,0145,0000,202509,746
11700,0145,0000,202510,2286
11700,0145,0000,202511,2134
11700,0171,0003,202501,4188
11700,0171,0003,202502,5107
11700,0171,0003,202503,6601
11700,0171,0003,202504,6829
11700,0171,0003,202505,6053
11700,0171,0003,202506,4971
11700,0171,0003,202507,3793
11700,0171,0003,202508,1791
11700,0171,0003,202509,1504
11700,0171,0003,202510,1994
11700,0171,0003,202511,3534
11700,0185,0001,202501,15164
11700,0185,0001,202502,19261
11700,0185,0001,202503,20064
11700,0185,0001,202504,18010
11700,0185,0001,202505,17139
11700,0185,0001,202506,13521
11700,0185,0001,202507,15847
11700,0185,0001,202508,15223
11700,0185,0001,202509,15392
11700,0185,0001,202510,15671
11700,0185,0001,202511,16770
11700,0539,0001,202501,23340
11700,0539,0001,202502,22186
11700,0539,0001,202503,27066
11700,0539,0001,202504,18057
11700,0539,0001,202505,13702
11700,0539,0001,202506,14246
11700,0539,0001,202507,10600
11700,0539,0001,202508,8443
11700,0539,0001,202509,12407
11700,0539,0001,202510,10506
11700,0539,0001,202511,13913
11700,0539,0022,202501,1329
11700,0539,0022,202502,1427
11700,0539,0022,202504,24
11700,0539,0022,202505,258
11700,0539,0022,202506,175
11700,0539,0022,202507,58
11700,0539,0022,202508,12
11700,0539,0022,202509,12
11700,0539,0022,202510,23
11700,0539,0022,202511,35
11700,0539,0027,202501,13140
11700,0539,0027,202502,12220
11700,0539,0027,202503,13922
11700,0539,0027,202504,7631
11700,0539,0027,202505,4505
11700,0539,0027,202506,2292
11700,0539,0027,202507,1675
11700,0539,0027,202508,965
11700,0539,0027,202509,1621
11700,0539,0027,202510,1248
11700,0539,0027,202511,1773
11700,0542,0003,202501,121380
11700,0542,0003,202502,123034
11700,0542,0003,202503,149849
11700,0542,0003,202504,130779
11700,0542,0003,202505,140696
11700,0542,0003,202506,103897
11700,0542,0003,202507,96745
11700,0542,0003,202508,79942
11700,0542,0003,202509,97835
11700,0542,0003,202510,96885
11700,0542,0003,202511,95036
11700,0602,0000,202501,234895
11700,0602,0000,202502,272318
11700,0602,0000,202503,308808
11700,0602,0000,202504,225729
11700,0602,0000,202505,187607
11700,0602,0000,202506,150867
11700,0602,0000,202507,118416
11700,0602,0000,202508,90606
11700,0602,0000,202509,86859
11700,0602,0000,202510,91722
11700,0602,0000,202511,116942
11700,0608,0024,202501,3247
11700,0608,0024,202502,2501
11700,0608,0024,202503,3195
11700,0608,0024,202504,1781
11700,0608,0024,202505,1537
11700,0608,0024,202506,807
11700,0608,0024,202507,337
11700,0608,0024,202508,128
11700,0608,0024,202509,117
11700,0608,0024,202510,93
11700,0608,0024,202511,723
11700,0619,0002,202501,1706
11700,0619,0002,202502,1581
11700,0619,0002,202503,2652
11700,0619,0002,202504,826
11700,0619,0002,202505,258
11700,0619,0002,202506,23
11700,0619,0002,202508,12
11700,0619,0002,202511,210
11700,0622,0000,202501,3400
11700,0622,0000,202502,3185
11700,0622,0000,202503,4633
11700,0622,0000,202504,3149
11700,0622,0000,202505,3167
11700,0622,0000,202506,2725
11700,0622,0000,202507,2269
11700,0622,0000,202508,1988
11700,0622,0000,202509,1889
11700,0622,0000,202510,1493
11700,0622,0000,202511,2251
11700,0643,0001,202501,12171
11700,0643,0001,202502,11635
11700,0643,0001,202503,10468
11700,0643,0001,202504,5601
11700,0643,0001,202505,3048
11700,0643,0001,202506,1785
11700,0643,0001,202507,1175
11700,0643,0001,202508,1094
11700,0643,0001,202509,782
11700,0643,0001,202510,722
11700,0643,0001,202511,3952
11700,0643,0003,202501,13387
11700,0643,0003,202502,8893
11700,0643,0003,202503,10763
11700,0643,0003,202504,8692
11700,0643,0003,202505,8669
11700,0643,0003,202506,6456
11700,0643,0003,202507,7121
11700,0643,0003,202508,7022
11700,0643,0003,202509,6857
11700,0643,0003,202510,6646
11700,0643,0003,202511,10437
11700,0643,0004,202501,9328
11700,0643,0004,202502,8068
11700,0643,0004,202503,9796
11700,0643,0004,202504,5674
11700,0643,0004,202505,4575
11700,0643,0004,202506,2725
11700,0643,0004,202507,2943
11700,0643,0004,202508,2301
11700,0643,0004,202509,711
11700,0643,0004,202510,2426
11700,0643,0004,202511,3825
11700,0643,0006,202501,506
11700,0643,0006,202502,377
11700,0643,0006,202503,448
11700,0643,0006,202504,366
11700,0643,0006,202505,422
11700,0643,0006,202506,585
11700,0643,0006,202507,477
11700,0643,0006,202508,523
11700,0643,0006,202509,385
11700,0643,0006,202510,303
11700,0643,0006,202511,501
11700,0643,0007,202501,5647
11700,0643,0007,202502,2583
11700,0643,0007,202503,6200
11700,0643,0007,202504,4341
11700,0643,0007,202505,3438
11700,0643,0007,202506,1930
11700,0643,0007,202507,1874
11700,0643,0007,202508,1722
11700,0643,0007,202509,1283
11700,0643,0007,202510,1656
11700,0643,0007,202511,2064
11700,0643,0011,202501,10934
11700,0643,0011,202502,9313
11700,0643,0011,202503,7280
11700,0643,0011,202504,4871
11700,0643,0011,202505,2850
11700,0643,0011,202506,2135
11700,0643,0011,202507,1559
11700,0643,0011,202508,1224
11700,0643,0011,202509,1213
11700,0643,0011,202510,2006
11700,0643,0011,202511,4606
11700,0643,0013,202501,7470
11700,0643,0013,202502,1451
11700,0643,0013,202503,1132
11700,0643,0013,202504,1144
11700,0643,0013,202505,774
11700,0643,0013,202506,760
11700,0643,0013,202507,698
11700,0643,0013,202508,814
11700,0643,0013,202509,618
11700,0643,0013,202510,816
11700,0643,0013,202511,770
11700,0644,0001,202501,3953
11700,0644,0001,202502,3621
11700,0644,0001,202503,4291
11700,0644,0001,202504,2112
11700,0644,0001,202505,1044
11700,0644,0001,202506,492
11700,0644,0001,202507,268
11700,0644,0001,202508,198
11700,0644,0001,202509,117
11700,0644,0001,202510,198
11700,0644,0001,202511,769
11700,0644,0002,202501,4000
11700,0644,0002,202502,3314
11700,0644,0002,202503,4397
11700,0644,0002,202504,2005
11700,0644,0002,202505,1595
11700,0644,0002,202506,456
11700,0644,0002,202507,279
11700,0644,0002,202508,116
11700,0644,0002,202509,140
11700,0644,0002,202510,140
11700,0644,0002,202511,956
11700,0644,0005,202501,882
11700,0644,0005,202502,731
11700,0644,0005,202503,802
11700,0644,0005,202504,590
11700,0644,0005,202505,821
11700,0644,0005,202506,573
11700,0644,0005,202507,698
11700,0644,0005,202508,663
11700,0644,0005,202509,245
11700,0644,0007,202501,5235
11700,0644,0007,202502,5756
11700,0644,0007,202503,8653
11700,0644,0007,202504,4529
11700,0644,0007,202505,4224
11700,0644,0007,202506,2188
11700,0644,0007,202507,1769
11700,0644,0007,202508,1768
11700,0644,0007,202509,1726
11700,0644,0007,202510,1528
11700,0644,0007,202511,1714
11700,0644,0008,202501,3306
11700,0644,0008,202502,3975
11700,0644,0008,202503,5175
11700,0644,0008,202504,3173
11700,0644,0008,202505,2194
11700,0644,0008,202506,830
11700,0644,0008,202507,186
11700,0644,0008,202508,93
11700,0644,0008,202509,82
11700,0644,0008,202510,117
11700,0644,0008,202511,828
11700,0644,0009,202501,847
11700,0644,0009,202502,802
11700,0644,0009,202503,1226
11700,0644,0009,202504,778
11700,0644,0009,202505,657
11700,0644,0009,202506,444
11700,0644,0009,202507,349
11700,0644,0009,202508,279
11700,0644,0009,202509,257
11700,0644,0009,202510,222
11700,0644,0009,202511,420
11700,0644,0010,202501,6670
11700,0644,0010,202502,5861
11700,0644,0010,202503,7875
11700,0644,0010,202504,3526
11700,0644,0010,202505,3356
11700,0644,0010,202506,1778
11700,0644,0010,202507,1582
11700,0644,0010,202508,1186
11700,0644,0010,202509,898
11700,0644,0010,202510,945
11700,0644,0010,202511,2682
11700,0645,0000,202503,12
11700,0645,0000,202505,188
11700,0645,0000,202506,725
11700,0645,0000,202507,1571
11700,0645,0000,202508,942
11700,0645,0001,202501,2729
11700,0645,0001,202502,2406
11700,0645,0001,202503,2935
11700,0645,0001,202504,1498
11700,0645,0001,202505,1032
11700,0645,0001,202506,199
11700,0645,0001,202511,595
11700,0645,0003,202501,2553
11700,0645,0003,202502,2406
11700,0645,0003,202503,3348
11700,0645,0003,202504,1687
11700,0645,0003,202505,680
11700,0645,0003,202506,211
11700,0645,0003,202507,198
11700,0645,0003,202508,151
11700,0645,0003,202509,70
11700,0645,0003,202510,117
11700,0645,0003,202511,513
11700,0645,0005,202501,7117
11700,0645,0005,202502,5944
11700,0645,0005,202503,7722
11700,0645,0005,202504,3526
11700,0645,0005,202505,1654
11700,0645,0005,202506,480
11700,0645,0005,202507,337
11700,0645,0005,202508,268
11700,0645,0005,202509,175
11700,0645,0005,202510,233
11700,0645,0005,202511,1551
11700,0645,0007,202501,2612
11700,0645,0007,202502,2194
11700,0645,0007,202503,2947
11700,0645,0007,202504,2088
11700,0645,0007,202505,1255
11700,0645,0007,202506,585
11700,0645,0007,202507,209
11700,0645,0007,202508,151
11700,0645,0007,202509,117
11700,0645,0007,202510,117
11700,0645,0007,202511,1026
11700,0645,0014,202501,13988
11700,0645,0014,202502,12479
11700,0645,0014,202503,17470
11700,0645,0014,202504,11641
11700,0645,0014,202505,13796
11700,0645,0014,202506,11053
11700,0645,0014,202507,13462
11700,0645,0014,202508,10129
11700,0645,0014,202509,8162
11700,0645,0014,202510,6915
11700,0645,0014,202511,13504
11700,0646,0000,202501,29833
11700,0646,0000,202502,24356
11700,0646,0000,202503,31180
11700,0646,0000,202504,26620
11700,0646,0000,202505,28906
11700,0646,0000,202506,21954
11700,0646,0000,202507,22828
11700,0646,0000,202508,23189
11700,0646,0000,202509,23124
11700,0646,0000,202510,21338
11700,0646,0000,202511,26438
11700,0646,0003,202501,6788
11700,0646,0003,202502,5001
11700,0646,0003,202503,6543
11700,0646,0003,202504,5331
11700,0646,0003,202505,5326
11700,0646,0003,202506,4129
11700,0646,0003,202507,3758
11700,0646,0003,202508,3687
11700,0646,0003,202509,3790
11700,0646,0003,202510,3836
11700,0646,0003,202511,5026
11700,0647,0001,202501,1776
11700,0647,0001,202502,1227
11700,0647,0001,202503,1733
11700,0647,0001,202504,1156
11700,0647,0001,202505,551
11700,0647,0001,202506,222
11700,0647,0001,202507,175
11700,0647,0001,202508,163
11700,0647,0001,202509,222
11700,0647,0001,202510,152
11700,0647,0001,202511,268
11700,0647,0002,202501,2870
11700,0647,0002,202502,1993
11700,0647,0002,202503,1992
11700,0647,0002,202504,1757
11700,0647,0002,202505,1936
11700,0647,0002,202506,1357
11700,0647,0002,202507,1315
11700,0647,0002,202508,1082
11700,0647,0002,202509,1189
11700,0647,0002,202510,886
11700,0647,0002,202511,1388
11700,0647,0006,202501,2788
11700,0647,0006,202502,2618
11700,0647,0006,202503,3595
11700,0647,0006,202504,2111
11700,0647,0006,202505,1232
11700,0647,0006,202506,503
11700,0647,0006,202507,512
11700,0647,0006,202508,349
11700,0647,0006,202509,292
11700,0647,0006,202510,233
11700,0647,0006,202511,863
11700,0647,0007,202501,1847
11700,0647,0007,202502,1675
11700,0647,0007,202503,2204
11700,0647,0007,202504,1215
11700,0647,0007,202505,786
11700,0647,0007,202506,292
11700,0647,0007,202507,245
11700,0647,0007,202508,117
11700,0647,0007,202509,70
11700,0647,0007,202510,82
11700,0647,0007,202511,432
11700,0647,0008,202501,3023
11700,0647,0008,202502,2618
11700,0647,0008,202503,3301
11700,0647,0008,202504,2064
11700,0647,0008,202505,1595
11700,0647,0008,202506,690
11700,0647,0008,202507,221
11700,0647,0008,202508,174
11700,0647,0008,202509,152
11700,0647,0008,202510,128
11700,0647,0008,202511,921
11700,0647,0009,202501,25422
11700,0647,0009,202502,20405
11700,0647,0009,202503,25251
11700,0647,0009,202504,18553
11700,0647,0009,202505,18406
11700,0647,0009,202506,14585
11700,0647,0009,202507,18290
11700,0647,0009,202508,19375
11700,0647,0009,202509,17527
11700,0647,0009,202510,14575
11700,0647,0009,202511,17633
11700,0647,0010,202503,2251
11700,0647,0010,202504,1580
11700,0647,0010,202505,739
11700,0647,0010,202506,246
11700,0647,0010,202507,244
11700,0647,0010,202508,198
11700,0647,0010,202509,128
11700,0647,0010,202510,140
11700,0647,0010,202511,688
11700,0647,0013,202501,14991
11700,0647,0013,202502,16832
11700,0647,0013,202503,12117
11700,0647,0013,202504,7782
11700,0647,0013,202505,4846
11700,0647,0013,202506,2591
11700,0647,0013,202507,1466
11700,0647,0013,202508,1215
11700,0647,0013,202509,899
11700,0647,0013,202510,1119
11700,0647,0013,202511,5483
11700,0647,0014,202501,13256
11700,0647,0014,202502,15360
11700,0647,0014,202503,11161
11700,0647,0014,202504,7805
11700,0647,0014,202505,4742
11700,0647,0014,202506,2963
11700,0647,0014,202507,1313
11700,0647,0014,202508,1120
11700,0647,0014,202509,852
11700,0647,0014,202510,1376
11700,0647,0014,202511,5879
11700,0648,0001,202501,2694
11700,0648,0001,202502,1816
11700,0648,0001,202503,2546
11700,0648,0001,202504,1238
11700,0648,0001,202505,692
11700,0648,0001,202506,246
11700,0648,0001,202507,105
11700,0648,0001,202508,58
11700,0648,0001,202509,35
11700,0648,0001,202510,58
11700,0648,0001,202511,292
11700,0648,0002,202501,647
11700,0648,0002,202502,755
11700,0648,0002,202503,1073
11700,0648,0002,202504,472
11700,0648,0002,202505,399
11700,0648,0002,202506,304
11700,0648,0002,202507,221
11700,0648,0002,202508,186
11700,0648,0002,202509,187
11700,0648,0002,202510,187
11700,0648,0002,202511,175
11700,0648,0005,202501,2212
11700,0648,0005,202502,1722
11700,0648,0005,202503,2393
11700,0648,0005,202504,1533
11700,0648,0005,202505,1044
11700,0648,0005,202506,491
11700,0648,0005,202507,256
11700,0648,0005,202508,186
11700,0648,0005,202509,175
11700,0648,0005,202510,210
11700,0648,0005,202511,735
11700,0648,0006,202501,9988
11700,0648,0006,202502,8162
11700,0648,0006,202503,11092
11700,0648,0006,202504,6322
11700,0648,0006,202505,3344
11700,0648,0006,202506,1228
11700,0648,0006,202507,454
11700,0648,0006,202508,477
11700,0648,0006,202509,409
11700,0648,0006,202510,187
11700,0648,0006,202511,2309
11700,0648,0012,202501,13810
11700,0648,0012,202502,14027
11700,0648,0012,202503,10739
11700,0648,0012,202504,5979
11700,0648,0012,202505,3070
11700,0648,0012,202506,1831
11700,0648,0012,202507,1270
11700,0648,0012,202508,1039
11700,0648,0012,202509,1216
11700,0648,0012,202510,978
11700,0648,0012,202511,3208
11700,0649,0002,202501,2059
11700,0649,0002,202502,1875
11700,0649,0002,202503,2688
11700,0649,0002,202504,1097
11700,0649,0002,202505,1208
11700,0649,0002,202506,234
11700,0649,0002,202507,105
11700,0649,0002,202508,70
11700,0649,0002,202511,187
11700,0649,0007,202501,5658
11700,0649,0007,202502,4930
11700,0649,0007,202503,6778
11700,0649,0007,202504,5060
11700,0649,0007,202505,5056
11700,0649,0007,202506,4117
11700,0649,0007,202507,4049
11700,0649,0007,202508,4035
11700,0649,0007,202509,4000
11700,0649,0007,202510,2764
11700,0649,0007,202511,4478
11700,0649,0008,202501,2471
11700,0649,0008,202502,2158
11700,0649,0008,202503,3100
11700,0649,0008,202504,1557
11700,0649,0008,202505,821
11700,0649,0008,202506,1439
11700,0649,0008,202507,23
11700,0649,0008,202511,12
11700,0649,0009,202501,16611
11700,0649,0009,202502,15050
11700,0649,0009,202503,15466
11700,0649,0009,202504,13339
11700,0649,0009,202505,14007
11700,0649,0009,202506,9778
11700,0649,0009,202507,12380
11700,0649,0009,202508,11618
11700,0649,0009,202509,12092
11700,0649,0009,202510,11276
11700,0649,0009,202511,15068
11700,0649,0015,202501,5129
11700,0649,0015,202502,4175
11700,0649,0015,202503,5623
11700,0649,0015,202504,4541
11700,0649,0015,202505,5302
11700,0649,0015,202506,4129
11700,0649,0015,202507,5003
11700,0649,0015,202508,4419
11700,0649,0015,202509,3300
11700,0649,0015,202510,3055
11700,0649,0015,202511,6916
11700,0650,0001,202501,15199
11700,0650,0001,202502,11146
11700,0650,0001,202503,14852
11700,0650,0001,202504,12678
11700,0650,0001,202505,14159
11700,0650,0001,202506,10502
11700,0650,0001,202507,14066
11700,0650,0001,202508,10467
11700,0650,0001,202509,11264
11700,0650,0001,202510,8349
11700,0650,0001,202511,9434
11700,0651,0000,202501,6482
11700,0651,0000,202502,6039
11700,0651,0000,202503,7214
11700,0651,0000,202504,4800
11700,0651,0000,202505,3894
11700,0651,0000,202506,2702
11700,0651,0000,202507,2432
11700,0651,0000,202508,2606
11700,0651,0000,202509,82
11700,0651,0000,202510,117
11700,0651,0000,202511,490
11700,0651,0001,202501,3871
11700,0651,0001,202502,3586
11700,0651,0001,202503,4527
11700,0651,0001,202504,2406
11700,0651,0001,202505,1560
11700,0651,0001,202506,936
11700,0651,0001,202507,814
11700,0651,0001,202508,651
11700,0651,0001,202509,397
11700,0651,0001,202510,338
11700,0651,0001,202511,875
11700,0651,0006,202501,47
11700,0651,0006,202502,271
11700,0651,0006,202503,778
11700,0651,0006,202504,543
11700,0651,0006,202505,680
11700,0651,0006,202506,351
11700,0651,0006,202507,558
11700,0651,0006,202508,616
11700,0651,0006,202509,525
11700,0651,0006,202510,606
11700,0651,0006,202511,746
11700,0651,0007,202501,2659
11700,0651,0007,202502,1887
11700,0651,0007,202503,2499
11700,0651,0007,202504,2064
11700,0651,0007,202505,1724
11700,0651,0007,202506,1345
11700,0651,0007,202507,1501
11700,0651,0007,202508,1733
11700,0651,0007,202509,1259
11700,0651,0007,202510,1096
11700,0651,0007,202511,1457
11700,0651,0009,202501,4471
11700,0651,0009,202502,4034
11700,0651,0009,202503,4704
11700,0651,0009,202504,1345
11700,0651,0009,202505,821
11700,0651,0009,202506,456
11700,0651,0009,202507,489
11700,0651,0009,202508,523
11700,0651,0009,202509,361
11700,0651,0009,202510,350
11700,0651,0009,202511,548
11700,0651,0010,202501,4470
11700,0651,0010,202502,3881
11700,0651,0010,202503,5128
11700,0651,0010,202504,2430
11700,0651,0010,202505,1079
11700,0651,0010,202506,702
11700,0651,0010,202507,733
11700,0651,0010,202508,814
11700,0651,0010,202509,723
11700,0651,0010,202510,723
11700,0651,0010,202511,1061
11700,0651,0012,202501,2858
11700,0651,0012,202502,2831
11700,0651,0012,202503,3501
11700,0651,0012,202504,1804
11700,0651,0012,202505,938
11700,0651,0012,202506,269
11700,0651,0012,202507,163
11700,0651,0012,202508,139
11700,0651,0012,202509,70
11700,0651,0012,202510,94
11700,0651,0012,202511,735
11700,0651,0016,202501,2388
11700,0651,0016,202502,2170
11700,0651,0016,202503,3442
11700,0651,0016,202504,991
11700,0651,0016,202505,282
11700,0651,0016,202506,105
11700,0651,0016,202507,814
11700,0651,0016,202508,895
11700,0651,0016,202509,618
11700,0651,0016,202510,478
11700,0651,0016,202511,874
11700,0651,0017,202501,7694
11700,0651,0017,202502,6546
11700,0651,0017,202503,8287
11700,0651,0017,202504,4175
11700,0651,0017,202505,2487
11700,0651,0017,202506,1474
11700,0651,0017,202507,1536
11700,0651,0017,202508,1477
11700,0651,0017,202509,1026
11700,0651,0017,202510,933
11700,0651,0017,202511,1831
11700,0651,0018,202501,4517
11700,0651,0018,202502,3715
11700,0651,0018,202503,4373
11700,0651,0018,202504,3857
11700,0651,0018,202505,4012
11700,0651,0018,202506,2924
11700,0651,0018,202507,3514
11700,0651,0018,202508,3524
11700,0651,0018,202509,3090
11700,0651,0018,202510,3451
11700,0651,0018,202511,4012
11700,0651,0019,202501,6187
11700,0651,0019,202502,6168
11700,0651,0019,202503,7898
11700,0651,0019,202504,4482
11700,0651,0019,202505,2945
11700,0651,0019,202506,1719
11700,0651,0019,202507,1780
11700,0651,0019,202508,1907
11700,0651,0019,202509,1738
11700,0651,0019,202510,1481
11700,0651,0019,202511,2285
11700,0652,0001,202501,1741
11700,0652,0001,202502,3137
11700,0652,0001,202503,5364
11700,0652,0001,202504,2996
11700,0652,0001,202505,1631
11700,0652,0001,202506,117
11700,0652,0001,202507,47
11700,0652,0001,202508,47
11700,0652,0001,202509,58
11700,0652,0001,202510,82
11700,0652,0001,202511,187
11700,0652,0002,202501,2670
11700,0652,0002,202502,2654
11700,0652,0002,202503,3136
11700,0652,0002,202504,672
11700,0652,0002,202505,12
11700,0652,0002,202506,12
11700,0652,0002,202507,12
11700,0652,0002,202510,12
11700,0652,0002,202511,12
11700,0652,0005,202501,16164
11700,0652,0005,202502,12880
11700,0652,0005,202503,17387
11700,0652,0005,202504,12443
11700,0652,0005,202505,11357
11700,0652,0005,202506,7569
11700,0652,0005,202507,8028
11700,0652,0005,202508,8256
11700,0652,0005,202509,7779
11700,0652,0005,202510,6635
11700,0652,0005,202511,9481
11700,0652,0006,202501,6141
11700,0652,0006,202502,5201
11700,0652,0006,202503,6353
11700,0652,0006,202504,3267
11700,0652,0006,202505,2557
11700,0652,0006,202506,1239
11700,0652,0006,202507,2141
11700,0652,0006,202508,1931
11700,0652,0006,202509,1574
11700,0652,0006,202510,1457
11700,0652,0006,202511,2332
11700,0652,0008,202501,3712
11700,0652,0008,202502,9059
11700,0652,0008,202503,9926
11700,0652,0008,202504,8126
11700,0652,0008,202505,8611
11700,0652,0008,202506,5229
11700,0652,0008,202507,5830
11700,0652,0008,202508,5862
11700,0652,0008,202509,5050
11700,0652,0008,202510,4466
11700,0652,0008,202511,5003
11700,0652,0010,202501,59
11700,0652,0010,202502,47
11700,0652,0010,202503,59
11700,0652,0010,202504,47
11700,0652,0010,202505,47
11700,0652,0010,202506,35
11700,0652,0010,202507,47
11700,0652,0010,202508,58
11700,0652,0010,202509,47
11700,0652,0010,202510,47
11700,0652,0010,202511,47
11700,0652,0014,202501,1200
11700,0652,0014,202502,1250
11700,0652,0014,202503,1462
11700,0652,0014,202504,755
11700,0652,0014,202505,364
11700,0652,0014,202506,222
11700,0652,0014,202507,151
11700,0652,0014,202508,140
11700,0652,0014,202509,117
11700,0652,0014,202510,70
11700,0652,0014,202511,362
11700,0652,0015,202501,4964
11700,0652,0015,202502,3668
11700,0652,0015,202503,4857
11700,0652,0015,202504,3904
11700,0652,0015,202505,3860
11700,0652,0015,202506,2597
11700,0652,0015,202507,2676
11700,0652,0015,202508,3082
11700,0652,0015,202509,2344
11700,0652,0015,202510,1831
11700,0652,0015,202511,1994
11700,0652,0016,202501,4411
11700,0652,0016,202502,4010
11700,0652,0016,202503,5234
11700,0652,0016,202504,2041
11700,0652,0016,202505,986
11700,0652,0016,202506,293
11700,0652,0016,202507,198
11700,0652,0016,202508,117
11700,0652,0016,202509,81
11700,0652,0016,202510,116
11700,0652,0016,202511,350
11700,0652,0017,202504,2005
11700,0652,0017,202505,3402
11700,0652,0017,202506,3357
11700,0652,0017,202507,3747
11700,0652,0017,202508,3942
11700,0652,0017,202509,3673
11700,0652,0017,202510,2670
11700,0652,0017,202511,3230
11700,0653,0000,202501,3447
11700,0653,0000,202502,3491
11700,0653,0000,202503,4704
11700,0653,0000,202504,3562
11700,0653,0000,202505,2346
11700,0653,0000,202506,1322
11700,0653,0000,202507,6062
11700,0653,0000,202508,4722
11700,0653,0000,202509,5050
11700,0653,0000,202510,4711
11700,0653,0000,202511,6030
11700,0653,0004,202501,5495
11700,0653,0004,202502,5543
11700,0653,0004,202503,6460
11700,0653,0004,202504,4305
11700,0653,0004,202505,4482
11700,0653,0004,202506,4245
11700,0653,0004,202507,4165
11700,0653,0004,202508,4477
11700,0653,0004,202509,4256
11700,0653,0004,202510,3929
11700,0653,0004,202511,4409
11700,0653,0007,202501,4470
11700,0653,0007,202502,4423
11700,0653,0007,202503,6106
11700,0653,0007,202504,5154
11700,0653,0007,202505,5044
11700,0653,0007,202506,5123
11700,0653,0007,202507,2583
11700,0653,0007,202508,5152
11700,0653,0007,202509,4431
11700,0653,0007,202510,5352
11700,0653,0007,202511,5656
11700,0653,0014,202501,2576
11700,0653,0014,202502,2465
11700,0653,0014,202503,3536
11700,0653,0014,202504,1545
11700,0653,0014,202505,563
11700,0653,0014,202506,503
11700,0653,0014,202507,430
11700,0653,0014,202508,279
11700,0653,0014,202509,35
11700,0653,0014,202510,93
11700,0653,0014,202511,93
11700,0653,0015,202501,2258
11700,0653,0015,202502,2265
11700,0653,0015,202503,2712
11700,0653,0015,202504,1651
11700,0653,0015,202505,1162
11700,0653,0015,202506,983
11700,0653,0015,202507,1082
11700,0653,0015,202508,977
11700,0653,0015,202509,898
11700,0653,0015,202510,1061
11700,0653,0015,202511,1458
11700,0654,0000,202501,8693
11700,0654,0000,202502,11394
11700,0654,0000,202503,13533
11700,0654,0000,202504,7937
11700,0654,0000,202505,6018
11700,0654,0000,202506,5006
11700,0654,0000,202507,4352
11700,0654,0000,202508,4303
11700,0654,0000,202509,4827
11700,0654,0000,202510,4361
11700,0654,0000,202511,5224
11700,0654,0005,202501,2988
11700,0654,0005,202502,2288
11700,0654,0005,202503,2817
11700,0654,0005,202504,1640
11700,0654,0005,202505,1409
11700,0654,0005,202506,924
11700,0654,0005,202507,175
11700,0654,0005,202508,640
11700,0654,0005,202509,432
11700,0654,0005,202510,770
11700,0654,0005,202511,1084
11700,0654,0007,202501,8363
11700,0654,0007,202502,8935
11700,0654,0007,202503,5203
11700,0654,0007,202504,3479
11700,0654,0007,202505,1156
11700,0654,0007,202506,982
11700,0654,0007,202507,592
11700,0654,0007,202508,582
11700,0654,0007,202509,502
11700,0654,0007,202510,757
11700,0654,0007,202511,1655
11700,0654,0009,202501,2117
11700,0654,0009,202502,2831
11700,0654,0009,202503,4055
11700,0654,0009,202504,1569
11700,0654,0009,202505,540
11700,0654,0009,202506,129
11700,0654,0009,202507,81
11700,0654,0009,202508,93
11700,0654,0009,202509,58
11700,0654,0009,202510,70
11700,0654,0009,202511,163
11700,0654,0010,202501,7987
11700,0654,0010,202502,7466
11700,0654,0010,202503,9938
11700,0654,0010,202504,5956
11700,0654,0010,202505,5104
11700,0654,0010,202506,4807
11700,0654,0010,202507,5678
11700,0654,0010,202508,4303
11700,0654,0010,202509,5177
11700,0654,0010,202510,3836
11700,0654,0010,202511,4816
11700,0654,0011,202501,1718
11700,0654,0011,202502,1816
11700,0654,0011,202503,2322
11700,0654,0011,202504,1262
11700,0654,0011,202505,903
11700,0654,0011,202506,327
11700,0654,0011,202507,128
11700,0654,0011,202508,128
11700,0654,0011,202509,117
11700,0654,0011,202510,128
11700,0654,0011,202511,420
11700,0654,0013,202501,4530
11700,0654,0013,202502,4140
11700,0654,0013,202503,5871
11700,0654,0013,202504,3856
11700,0654,0013,202505,2815
11700,0654,0013,202506,2643
11700,0654,0013,202507,1861
11700,0654,0013,202508,2850
11700,0654,0013,202509,2321
11700,0654,0013,202510,2472
11700,0654,0013,202511,3114
11700,0654,0015,202501,953
11700,0654,0015,202502,873
11700,0654,0015,202503,1297
11700,0654,0015,202504,1003
11700,0654,0015,202505,892
11700,0654,0015,202506,690
11700,0654,0015,202507,826
11700,0654,0015,202508,1151
11700,0654,0015,202509,1026
11700,0654,0015,202510,560
11700,0654,0015,202511,525
11700,0654,0016,202501,3153
11700,0654,0016,202502,3126
11700,0654,0016,202503,4114
11700,0654,0016,202504,3668
11700,0654,0016,202505,2898
11700,0654,0016,202506,2866
11700,0654,0016,202507,2688
11700,0654,0016,202508,2896
11700,0654,0016,202509,1901
11700,0654,0016,202510,2076
11700,0654,0016,202511,2426
11700,0654,0017,202501,2917
11700,0654,0017,202502,3043
11700,0654,0017,202503,4020
11700,0654,0017,202504,2076
11700,0654,0017,202505,1279
11700,0654,0017,202506,667
11700,0654,0017,202507,175
11700,0654,0017,202508,93
11700,0654,0017,202509,105
11700,0654,0017,202510,140
11700,0654,0017,202511,1003
11700,0655,0000,202501,17081
11700,0655,0000,202502,17975
11700,0655,0000,202503,21019
11700,0655,0000,202504,16618
11700,0655,0000,202505,14019
11700,0655,0000,202506,12457
11700,0655,0000,202507,10576
11700,0655,0000,202508,11094
11700,0655,0000,202509,10693
11700,0655,0000,202510,9375
11700,0655,0000,202511,12711
11700,0655,0001,202501,6458
11700,0655,0001,202502,6912
11700,0655,0001,202503,8877
11700,0655,0001,202504,4588
11700,0655,0001,202505,2452
11700,0655,0001,202506,2281
11700,0655,0001,202507,1862
11700,0655,0001,202508,2105
11700,0655,0001,202509,1947
11700,0655,0001,202510,1842
11700,0655,0001,202511,1878
11700,0655,0002,202501,6411
11700,0655,0002,202502,5850
11700,0655,0002,202503,6755
11700,0655,0002,202504,5001
11700,0655,0002,202505,4763
11700,0655,0002,202506,4503
11700,0655,0002,202507,3700
11700,0655,0002,202508,3314
11700,0655,0002,202509,3125
11700,0655,0002,202510,2472
11700,0655,0002,202511,3289
11700,0655,0003,202501,5822
11700,0655,0003,202502,6345
11700,0655,0003,202503,7899
11700,0655,0003,202504,4057
11700,0655,0003,202505,3379
11700,0655,0003,202506,2455
11700,0655,0003,202507,2036
11700,0655,0003,202508,2384
11700,0655,0003,202509,513
11700,0655,0003,202510,1609
11700,0655,0003,202511,3394
11700,0655,0004,202501,7848
11700,0655,0004,202502,6993
11700,0655,0004,202503,7207
11700,0655,0004,202504,5956
11700,0655,0004,202505,3726
11700,0655,0004,202506,3366
11700,0655,0004,202507,2781
11700,0655,0004,202508,2944
11700,0655,0004,202509,2670
11700,0655,0004,202510,2425
11700,0655,0004,202511,4023
11700,0655,0005,202501,2576
11700,0655,0005,202502,2135
11700,0655,0005,202503,2947
11700,0655,0005,202504,2146
11700,0655,0005,202505,2205
11700,0655,0005,202506,2210
11700,0655,0005,202507,1966
11700,0655,0005,202508,2664
11700,0655,0005,202509,2286
11700,0655,0005,202510,1994
11700,0655,0005,202511,2472
11700,0655,0008,202501,4600
11700,0655,0008,202502,4977
11700,0655,0008,202503,6436
11700,0655,0008,202504,3444
11700,0655,0008,202505,2534
11700,0655,0008,202506,2012
11700,0655,0008,202507,2129
11700,0655,0008,202508,1604
11700,0655,0008,202509,1889
11700,0655,0008,202510,1586
11700,0655,0008,202511,2006
11700,0655,0010,202501,2553
11700,0655,0010,202502,2607
11700,0655,0010,202503,3749
11700,0655,0010,202504,1427
11700,0655,0010,202505,1009
11700,0655,0010,202506,444
11700,0655,0010,202507,198
11700,0655,0010,202508,116
11700,0655,0010,202509,82
11700,0655,0010,202510,140
11700,0655,0010,202511,280
11700,0655,0014,202501,18434
11700,0655,0014,202502,18271
11700,0655,0014,202503,22775
11700,0655,0014,202504,20652
11700,0655,0014,202505,11426
11700,0655,0014,202506,13381
11700,0655,0014,202507,11926
11700,0655,0014,202508,12526
11700,0655,0014,202509,11276
11700,0655,0014,202510,10086
11700,0655,0014,202511,13878
11700,0655,0015,202501,7341
11700,0655,0015,202502,6594
11700,0655,0015,202503,8122
11700,0655,0015,202504,4329
11700,0655,0015,202505,3660
11700,0655,0015,202506,3427
11700,0655,0015,202507,2571
11700,0655,0015,202508,3489
11700,0655,0015,202509,3790
11700,0655,0015,202510,3241
11700,0655,0015,202511,4315
11700,0656,0000,202501,23692
11700,0656,0000,202502,21078
11700,0656,0000,202503,26736
11700,0656,0000,202504,18989
11700,0656,0000,202505,17632
11700,0656,0000,202506,17673
11700,0656,0000,202507,15614
11700,0656,0000,202508,16863
11700,0656,0000,202509,14763
11700,0656,0000,202510,13316
11700,0656,0000,202511,17318
11700,0656,0002,202501,10270
11700,0656,0002,202502,10734
11700,0656,0002,202503,12165
11700,0656,0002,202504,8185
11700,0656,0002,202505,6276
11700,0656,0002,202506,4550
11700,0656,0002,202507,3455
11700,0656,0002,202508,3594
11700,0656,0002,202509,2962
11700,0656,0002,202510,3079
11700,0656,0002,202511,5096
11700,0656,0008,202501,1800
11700,0656,0008,202502,3550
11700,0656,0008,202503,4444
11700,0656,0008,202504,1333
11700,0656,0008,202505,938
11700,0656,0008,202506,760
11700,0656,0008,202507,663
11700,0656,0008,202508,675
11700,0656,0008,202509,560
11700,0656,0008,202510,350
11700,0656,0008,202511,840
11700,0656,0009,202501,10364
11700,0656,0009,202502,12231
11700,0656,0009,202503,16115
11700,0656,0009,202504,10555
11700,0656,0009,202505,5349
11700,0656,0009,202506,1801
11700,0656,0009,202507,989
11700,0656,0009,202508,570
11700,0656,0009,202509,454
11700,0656,0009,202510,466
11700,0656,0009,202511,2752
11700,0656,0011,202501,5576
11700,0656,0011,202502,5426
11700,0656,0011,202503,6696
11700,0656,0011,202504,5602
11700,0656,0011,202505,4258
11700,0656,0011,202506,4317
11700,0656,0011,202507,4526
11700,0656,0011,202508,4512
11700,0656,0011,202509,4210
11700,0656,0011,202510,4081
11700,0656,0011,202511,4886
11700,0656,0012,202501,2376
11700,0656,0012,202502,2489
11700,0656,0012,202503,3407
11700,0656,0012,202504,2017
11700,0656,0012,202505,1502
11700,0656,0012,202506,1018
11700,0656,0012,202507,861
11700,0656,0012,202508,907
11700,0656,0012,202509,828
11700,0656,0012,202510,746
11700,0656,0012,202511,1143
11700,0657,0000,202501,4929
11700,0657,0000,202502,4848
11700,0657,0000,202503,5587
11700,0657,0000,202504,3585
11700,0657,0000,202505,3449
11700,0657,0000,202506,3824
11700,0657,0000,202507,3781
11700,0657,0000,202508,6501
11700,0657,0000,202509,5480
11700,0657,0000,202510,2892
11700,0657,0000,202511,2950
11700,0657,0001,202501,1400
11700,0657,0001,202502,1038
11700,0657,0001,202503,1061
11700,0657,0001,202504,1250
11700,0657,0001,202505,1032
11700,0657,0001,202506,912
11700,0657,0001,202507,919
11700,0657,0001,202508,1058
11700,0657,0001,202509,898
11700,0657,0001,202510,828
11700,0657,0001,202511,980
11700,0657,0003,202501,4811
11700,0657,0003,202502,4777
11700,0657,0003,202503,5658
11700,0657,0003,202504,4552
11700,0657,0003,202505,4329
11700,0657,0003,202506,4152
11700,0657,0003,202507,3525
11700,0657,0003,202508,3779
11700,0657,0003,202509,3568
11700,0657,0003,202510,3137
11700,0657,0003,202511,4105
11700,0657,0004,202501,3353
11700,0657,0004,202502,3881
11700,0657,0004,202503,4786
11700,0657,0004,202504,2925
11700,0657,0004,202505,1842
11700,0657,0004,202506,620
11700,0657,0004,202507,163
11700,0657,0004,202508,105
11700,0657,0004,202509,93
11700,0657,0004,202510,117
11700,0657,0004,202511,945
11700,0657,0009,202501,6341
11700,0657,0009,202502,6582
11700,0657,0009,202503,7663
11700,0657,0009,202504,3113
11700,0657,0009,202505,774
11700,0657,0009,202506,292
11700,0657,0009,202507,209
11700,0657,0009,202508,35
11700,0657,0009,202510,47
11700,0657,0009,202511,548
11700,0657,0012,202501,6576
11700,0657,0012,202502,6616
11700,0657,0012,202503,8193
11700,0657,0012,202504,4989
11700,0657,0012,202505,3800
11700,0657,0012,202506,2830
11700,0657,0012,202507,2491
11700,0657,0012,202508,2605
11700,0657,0012,202509,2437
11700,0657,0012,202510,2507
11700,0657,0012,202511,3778
11700,0658,0001,202501,2494
11700,0658,0001,202502,2371
11700,0658,0001,202503,3324
11700,0658,0001,202504,2182
11700,0658,0001,202505,1490
11700,0658,0001,202506,1298
11700,0658,0001,202507,1117
11700,0658,0001,202508,1070
11700,0658,0001,202509,863
11700,0658,0001,202510,781
11700,0658,0001,202511,1295
11700,0658,0002,202501,4376
11700,0658,0002,202502,4930
11700,0658,0002,202503,5776
11700,0658,0002,202504,3468
11700,0658,0002,202505,2839
11700,0658,0002,202506,1275
11700,0658,0002,202507,186
11700,0658,0002,202508,186
11700,0658,0002,202509,70
11700,0658,0002,202510,175
11700,0658,0002,202511,1306
11700,0658,0003,202501,2294
11700,0658,0003,202502,2324
11700,0658,0003,202503,2700
11700,0658,0003,202504,2654
11700,0658,0003,202505,2264
11700,0658,0003,202506,456
11700,0658,0003,202507,2816
11700,0658,0003,202508,1837
11700,0658,0003,202509,1306
11700,0658,0003,202510,1224
11700,0658,0003,202511,1784
11700,0658,0006,202501,1929
11700,0658,0006,202502,1817
11700,0658,0006,202503,2511
11700,0658,0006,202504,1321
11700,0658,0006,202505,927
11700,0658,0006,202506,691
11700,0658,0006,202507,500
11700,0658,0006,202508,407
11700,0658,0006,202509,23
11700,0658,0006,202510,12
11700,0658,0006,202511,630
11700,0658,0007,202501,3435
11700,0658,0007,202502,3727
11700,0658,0007,202503,4975
11700,0658,0007,202504,4081
11700,0658,0007,202505,3754
11700,0658,0007,202506,3825
11700,0658,0007,202507,2839
11700,0658,0007,202508,3163
11700,0658,0007,202509,2822
11700,0658,0007,202510,2798
11700,0658,0007,202511,4093
11700,0658,0008,202501,2964
11700,0658,0008,202502,2701
11700,0658,0008,202503,3584
11700,0658,0008,202504,2890
11700,0658,0008,202505,3003
11700,0658,0008,202506,2573
11700,0658,0008,202507,3339
11700,0658,0008,202508,3361
11700,0658,0008,202509,3463
11700,0658,0008,202510,2624
11700,0658,0008,202511,2962
11700,0658,0009,202501,10729
11700,0658,0009,202502,10380
11700,0658,0009,202503,13604
11700,0658,0009,202504,8338
11700,0658,0009,202505,7884
11700,0658,0009,202506,7661
11700,0658,0009,202507,6783
11700,0658,0009,202508,7036
11700,0658,0009,202509,5924
11700,0658,0009,202510,5854
11700,0658,0009,202511,9166
11700,0658,0010,202501,10340
11700,0658,0010,202502,11075
11700,0658,0010,202503,14394
11700,0658,0010,202504,12113
11700,0658,0010,202505,11426
11700,0658,0010,202506,10269
11700,0658,0010,202507,8843
11700,0658,0010,202508,8850
11700,0658,0010,202509,7207
11700,0658,0010,202510,6868
11700,0658,0010,202511,10169
11700,0658,0013,202501,4058
11700,0658,0013,202502,4305
11700,0658,0013,202503,5812
11700,0658,0013,202504,2783
11700,0658,0013,202505,1666
11700,0658,0013,202506,866
11700,0658,0013,202507,431
11700,0658,0013,202508,372
11700,0658,0013,202509,466
11700,0658,0013,202510,408
11700,0658,0013,202511,956
11700,0658,0016,202501,3000
11700,0658,0016,202502,2041
11700,0658,0016,202503,4857
11700,0658,0016,202504,3928
11700,0658,0016,202505,3519
11700,0658,0016,202506,456
11700,0658,0016,202507,2920
11700,0658,0016,202508,3291
11700,0658,0016,202509,2810
11700,0658,0016,202510,2530
11700,0658,0016,202511,770
11700,0658,0017,202501,1365
11700,0658,0017,202502,837
11700,0658,0017,202503,1167
11700,0658,0017,202504,932
11700,0658,0017,202505,1103
11700,0658,0017,202506,912
11700,0658,0017,202507,745
11700,0658,0017,202508,779
11700,0658,0017,202509,735
11700,0658,0017,202510,711
11700,0658,0017,202511,1143
11700,0660,0000,202501,5082
11700,0660,0000,202502,5390
11700,0660,0000,202503,6708
11700,0660,0000,202504,3798
11700,0660,0000,202505,2018
11700,0660,0000,202506,1263
11700,0660,0000,202507,1001
11700,0660,0000,202508,1128
11700,0660,0000,202509,933
11700,0660,0000,202510,816
11700,0660,0000,202511,1563
11700,0660,0005,202501,7682
11700,0660,0005,202502,7195
11700,0660,0005,202503,9431
11700,0660,0005,202504,6899
11700,0660,0005,202505,5666
11700,0660,0005,202506,5217
11700,0660,0005,202507,6376
11700,0660,0005,202508,6489
11700,0660,0005,202509,7346
11700,0660,0005,202510,6320
11700,0660,0005,202511,8024
11700,0660,0006,202510,2507
11700,0660,0006,202511,2636
11700,0660,0008,202501,3541
11700,0660,0008,202502,3833
11700,0660,0008,202503,4845
11700,0660,0008,202504,2748
11700,0660,0008,202505,1865
11700,0660,0008,202506,889
11700,0660,0008,202507,326
11700,0660,0008,202508,116
11700,0660,0008,202509,82
11700,0660,0008,202510,117
11700,0660,0008,202511,991
11700,0660,0009,202501,835
11700,0660,0009,202502,1404
11700,0660,0009,202503,908
11700,0660,0009,202504,189
11700,0660,0009,202505,223
11700,0660,0009,202506,198
11700,0660,0009,202507,163
11700,0660,0009,202508,186
11700,0660,0009,202509,164
11700,0660,0009,202510,222
11700,0660,0009,202511,291
11700,0660,0010,202501,3941
11700,0660,0010,202502,3951
11700,0660,0010,202503,5081
11700,0660,0010,202504,5390
11700,0660,0010,202505,7262
11700,0660,0010,202506,8141
11700,0660,0010,202507,9180
11700,0660,0010,202508,10792
11700,0660,0010,202509,8629
11700,0660,0010,202510,6460
11700,0660,0010,202511,4863
11700,0660,0011,202501,7964
11700,0660,0011,202502,7596
11700,0660,0011,202503,10727
11700,0660,0011,202504,7973
11700,0660,0011,202505,6921
11700,0660,0011,202506,7228
11700,0660,0011,202507,5271
11700,0660,0011,202508,6199
11700,0660,0011,202509,5644
11700,0660,0011,202510,5166
11700,0660,0011,202511,6682
11700,0660,0014,202501,5341
11700,0660,0014,202502,5178
11700,0660,0014,202503,6189
11700,0660,0014,202504,4470
11700,0660,0014,202505,4845
11700,0660,0014,202506,5088
11700,0660,0014,202507,5340
11700,0660,0014,202508,6106
11700,0660,0014,202509,4186
11700,0660,0014,202510,3335
11700,0660,0014,202511,3055
11700,0660,0015,202501,9835
11700,0660,0015,202502,9896
11700,0660,0015,202503,12189
11700,0660,0015,202504,9978
11700,0660,0015,202505,9702
11700,0660,0015,202506,8772
11700,0660,0015,202507,8214
11700,0660,0015,202508,3466
11700,0660,0015,202509,8431
11700,0660,0015,202510,8547
11700,0660,0015,202511,8560
11700,0660,0016,202501,3612
11700,0660,0016,202502,3857
11700,0660,0016,202503,4857
11700,0660,0016,202504,3208
11700,0660,0016,202505,2921
11700,0660,0016,202506,2479
11700,0660,0016,202507,2141
11700,0660,0016,202508,2001
11700,0660,0016,202509,1948
11700,0660,0016,202510,1878
11700,0660,0016,202511,2227
11700,0661,0000,202501,8681
11700,0661,0000,202502,8646
11700,0661,0000,202503,542
11700,0661,0000,202504,307
11700,0661,0000,202505,211
11700,0661,0000,202506,187
11700,0661,0001,202501,14152
11700,0661,0001,202502,13093
11700,0661,0001,202503,16904
11700,0661,0001,202504,13293
11700,0661,0001,202505,13667
11700,0661,0001,202506,12632
11700,0661,0001,202507,11496
11700,0661,0001,202508,12432
11700,0661,0001,202509,11405
11700,0661,0001,202510,11765
11700,0661,0001,202511,13353
11700,0661,0005,202501,4317
11700,0661,0005,202502,3751
11700,0661,0005,202503,4739
11700,0661,0005,202504,2572
11700,0661,0005,202505,1208
11700,0661,0005,202506,292
11700,0661,0005,202507,198
11700,0661,0005,202508,116
11700,0661,0005,202509,70
11700,0661,0005,202510,117
11700,0661,0005,202511,560
11700,0662,0000,202501,918
11700,0662,0000,202502,1203
11700,0662,0000,202503,1698
11700,0662,0000,202504,625
11700,0662,0000,202505,246
11700,0662,0000,202506,129
11700,0662,0000,202507,70
11700,0662,0000,202508,81
11700,0662,0000,202509,70
11700,0662,0000,202510,35
11700,0662,0000,202511,70
11700,0662,0001,202501,13375
11700,0662,0001,202502,13559
11700,0662,0001,202503,9923
11700,0662,0001,202504,8129
11700,0662,0001,202505,4014
11700,0662,0001,202506,2755
11700,0662,0001,202507,1164
11700,0662,0001,202508,1143
11700,0662,0001,202509,921
11700,0662,0001,202510,1984
11700,0662,0001,202511,5471
11700,0662,0002,202501,282
11700,0662,0002,202502,307
11700,0662,0002,202503,377
11700,0662,0002,202504,318
11700,0662,0003,202501,647
11700,0662,0003,202502,661
11700,0662,0003,202503,1037
11700,0662,0003,202505,12
11700,0662,0003,202506,82
11700,0662,0003,202507,93
11700,0662,0003,202508,547
11700,0662,0003,202509,338
11700,0662,0003,202510,268
11700,0662,0003,202511,245
11700,0662,0005,202501,10904
11700,0662,0005,202502,10249
11700,0662,0005,202503,13038
11700,0662,0005,202504,10874
11700,0662,0005,202505,9268
11700,0662,0005,202506,8351
11700,0662,0005,202507,7051
11700,0662,0005,202508,7268
11700,0662,0005,202509,6717
11700,0662,0005,202510,5726
11700,0662,0005,202511,8011
11700,0662,0010,202501,4153
11700,0662,0010,202502,3538
11700,0662,0010,202503,4232
11700,0662,0010,202504,2359
11700,0662,0010,202505,1396
11700,0662,0010,202506,761
11700,0662,0010,202507,780
11700,0662,0010,202508,895
11700,0662,0010,202509,198
11700,0662,0010,202510,863
11700,0662,0010,202511,1143
11700,0664,0000,202501,18893
11700,0664,0000,202502,14354
11700,0664,0000,202503,3242
11700,0664,0000,202504,21171
11700,0664,0000,202505,25879
11700,0664,0000,202506,16445
11700,0664,0000,202507,19559
11700,0664,0000,202508,16816
11700,0664,0000,202509,9690
11700,0664,0000,202510,18342
11700,0664,0000,202511,15709
11700,0664,0001,202501,317373
11700,0664,0001,202502,322767
11700,0664,0001,202503,281496
11700,0664,0001,202504,192772
11700,0664,0001,202505,123642
11700,0664,0001,202506,84224
11700,0664,0001,202507,76831
11700,0664,0001,202508,46451
11700,0664,0001,202509,46684
11700,0664,0001,202510,59612
11700,0664,0001,202511,122303
11700,0664,0005,202501,936765
11700,0664,0005,202502,974180
11700,0664,0005,202503,770134
11700,0664,0005,202504,548596
11700,0664,0005,202505,339735
11700,0664,0005,202506,240249
11700,0664,0005,202507,175028
11700,0664,0005,202508,153976
11700,0664,0005,202509,145823
11700,0664,0005,202510,180648
11700,0664,0005,202511,382052
11700,0664,0015,202501,2577
11700,0664,0015,202502,2205
11700,0664,0015,202503,1473
11700,0664,0015,202504,1616
11700,0664,0015,202505,1854
11700,0664,0015,202506,1778
11700,0664,0015,202507,1258
11700,0664,0015,202508,1814
11700,0664,0015,202509,595
11700,0664,0015,202510,1108
11700,0664,0015,202511,1773
25021,0010,0009,202501,518
25021,0010,0009,202502,590
25021,0010,0009,202503,589
25021,0010,0009,202504,554
25021,0010,0009,202505,575
25021,0010,0009,202506,538
25021,0010,0009,202507,407
25021,0010,0009,202508,442
25021,0010,0009,202509,571
25021,0010,0009,202510,292
25021,0010,0009,202511,420
25021,0010,0010,202501,2553
25021,0010,0010,202502,2465
25021,0010,0010,202503,2770
25021,0010,0010,202504,1852
25021,0010,0010,202505,974
25021,0010,0010,202506,211
25021,0010,0010,202507,209
25021,0010,0010,202508,198
25021,0010,0010,202509,117
25021,0010,0010,202510,163
25021,0010,0010,202511,245
25021,0190,0035,202501,2000
25021,0190,0035,202502,2642
25021,0190,0035,202503,2747
25021,0190,0035,202504,1746
25021,0190,0035,202505,1079
25021,0198,0004,202501,1882
25021,0198,0004,202502,3763
25021,0198,0004,202503,4562
25021,0198,0004,202504,3149
25021,0198,0004,202505,2264
25021,0198,0004,202506,1684
25021,0198,0004,202507,1664
25021,0198,0004,202508,1570
25021,0198,0004,202509,1865
25021,0198,0004,202510,1446
25021,0198,0004,202511,1726
25021,0208,0004,202501,1423
25021,0208,0004,202502,1816
25021,0208,0004,202503,1674
25021,0208,0004,202504,979
25021,0208,0004,202505,1161
25021,0208,0004,202506,947
25021,0208,0004,202507,826
25021,0208,0004,202508,826
25021,0208,0004,202509,898
25021,0208,0004,202510,723
25021,0208,0004,202511,758
25021,0223,0003,202501,1823
25021,0223,0003,202502,1887
25021,0223,0003,202503,2039
25021,0223,0003,202504,1580
25021,0223,0003,202505,1337
25021,0223,0003,202506,854
25021,0223,0003,202507,396
25021,0223,0003,202508,105
25021,0223,0003,202509,70
25021,0223,0003,202510,70
25021,0223,0003,202511,385
25021,0223,0085,202501,5070
25021,0223,0085,202502,5485
25021,0223,0085,202503,8063
25021,0223,0085,202504,4093
25021,0223,0085,202505,3766
25021,0223,0085,202506,2608
25021,0223,0085,202507,1559
25021,0223,0085,202508,593
25021,0223,0085,202509,443
25021,0223,0085,202510,618
25021,0223,0085,202511,1411
25021,0327,0000,202501,353
25021,0327,0000,202502,543
25021,0327,0000,202503,295
25021,0327,0000,202505,94
25021,0327,0000,202507,58
25021,0327,0000,202508,23
25021,0327,0000,202509,70
25021,0327,0000,202511,233
25021,0390,0026,202501,1071
25021,0390,0026,202502,1545
25021,0390,0026,202503,1874
25021,0390,0026,202504,1061
25021,0390,0026,202505,880
25021,0390,0026,202506,398
25021,0390,0026,202507,268
25021,0390,0026,202508,151
25021,0390,0026,202509,140
25021,0390,0026,202510,233
25021,0390,0026,202511,198
25021,0458,0003,202501,765
25021,0458,0003,202502,944
25021,0458,0003,202503,990
25021,0458,0003,202504,743
25021,0458,0003,202505,704
25021,0458,0003,202506,597
25021,0458,0003,202507,430
25021,0458,0003,202508,70
25021,0458,0003,202509,47
25021,0458,0003,202510,128
25021,0458,0003,202511,292
25021,0459,0007,202502,4246
25021,0459,0007,202503,3289
25021,0459,0007,202504,2017
25021,0459,0007,202505,1595
25021,0459,0007,202506,713
25021,0459,0007,202507,105
25021,0459,0007,202508,116
25021,0459,0007,202509,117
25021,0459,0007,202510,163
25021,0459,0007,202511,222
25021,0459,0012,202501,1023
25021,0459,0012,202502,1002
25021,0459,0012,202503,1061
25021,0459,0012,202504,684
25021,0459,0012,202505,575
25021,0459,0012,202506,234
25021,0459,0012,202507,93
25021,0459,0012,202508,59
25021,0459,0012,202509,35
25021,0459,0012,202510,35
25021,0459,0012,202511,82
25021,0459,0020,202501,24
25021,0459,0020,202502,24
25021,0459,0020,202503,35
25021,0459,0020,202504,12
25021,0459,0020,202505,23
25021,0459,0020,202506,12
25021,0459,0020,202507,23
25021,0459,0020,202508,12
25021,0459,0020,202509,12
25021,0459,0020,202510,23
25021,0459,0020,202511,35
25021,0459,0039,202501,22845
25021,0459,0039,202502,23283
25021,0459,0039,202503,26217
25021,0459,0039,202504,17904
25021,0459,0039,202505,16740
25021,0459,0039,202506,11041
25021,0459,0039,202507,6597
25021,0459,0039,202508,4477
25021,0459,0039,202509,4256
25021,0459,0039,202510,3673
25021,0459,0039,202511,6216
25021,0460,0002,202501,4517
25021,0460,0002,202502,4683
25021,0460,0002,202503,6248
25021,0460,0002,202504,3550
25021,0460,0002,202505,2323
25021,0460,0002,202506,1205
25021,0460,0002,202507,686
25021,0460,0002,202508,210
25021,0460,0002,202509,338
25021,0460,0002,202510,408
25021,0460,0002,202511,1329
25021,0460,0008,202501,2141
25021,0460,0008,202502,2146
25021,0460,0008,202503,2322
25021,0460,0008,202504,2029
25021,0460,0008,202505,2428
25021,0460,0008,202506,2293
25021,0460,0008,202507,2304
25021,0460,0008,202508,2408
25021,0460,0008,202509,2787
25021,0460,0008,202510,2017
25021,0460,0008,202511,2320
25021,0460,0010,202509,47
25021,0460,0010,202511,117
25021,0460,0029,202501,2894
25021,0460,0029,202502,3008
25021,0460,0029,202503,2181
25021,0460,0029,202504,1451
25021,0460,0029,202505,985
25021,0460,0029,202506,936
25021,0460,0029,202507,198
25021,0460,0029,202508,140
25021,0460,0029,202509,35
25021,0460,0029,202510,12
25021,0460,0029,202511,58
25021,0461,0004,202501,6447
25021,0461,0004,202502,6428
25021,0461,0004,202503,6909
25021,0461,0004,202504,3572
25021,0461,0004,202505,2861
25021,0461,0004,202506,1416
25021,0461,0004,202507,849
25021,0461,0004,202508,384
25021,0461,0004,202509,70
25021,0461,0004,202510,245
25021,0461,0004,202511,630
25021,0704,0001,202501,1800
25021,0704,0001,202502,1628
25021,0704,0001,202503,1921
25021,0704,0001,202504,2158
25021,0704,0001,202505,1983
25021,0704,0001,202507,1373
25021,0704,0001,202508,1023
25021,0704,0001,202509,1050
25021,0704,0001,202510,851
25021,0704,0001,202511,875
25021,0704,0003,202501,2835
25021,0704,0003,202502,2842
25021,0704,0003,202503,3395
25021,0704,0003,202504,2465
25021,0704,0003,202505,2546
25021,0704,0003,202506,1731
25021,0704,0003,202507,1676
25021,0704,0003,202508,1559
25021,0704,0003,202509,1691
25021,0704,0003,202510,1515
25021,0704,0003,202511,1703
25021,0704,0013,202501,4529
25021,0704,0013,202502,4129
25021,0704,0013,202503,5080
25021,0704,0013,202504,2642
25021,0704,0013,202505,2593
25021,0704,0013,202506,2175
25021,0704,0013,202507,1024
25021,0704,0013,202508,675
25021,0704,0013,202509,618
25021,0704,0013,202510,782
25021,0704,0013,202511,1668
25021,0708,0019,202501,2284
25021,0708,0019,202502,3350
25021,0708,0019,202503,3737
25021,0708,0019,202504,3008
25021,0708,0019,202505,2827
25021,0708,0019,202506,2152
25021,0708,0019,202507,2152
25021,0708,0019,202508,2152
25021,0708,0019,202509,1982
25021,0708,0019,202510,1889
25021,0708,0019,202511,2274
25021,0708,0034,202501,4071
25021,0708,0034,202502,4211
25021,0708,0034,202503,3855
25021,0708,0034,202504,1639
25021,0708,0034,202505,1774
25021,0708,0034,202506,702
25021,0708,0034,202507,465
25021,0708,0034,202508,314
25021,0708,0034,202509,257
25021,0708,0034,202510,374
25021,0708,0034,202511,630
25021,0708,0041,202501,2341
25021,0708,0041,202502,2571
25021,0708,0041,202503,3678
25021,0708,0041,202504,1451
25021,0708,0041,202505,587
25021,0708,0041,202506,304
25021,0708,0041,202507,279
25021,0708,0041,202508,233
25021,0708,0041,202509,117
25021,0708,0041,202510,70
25021,0708,0041,202511,93
25021,0708,0049,202501,1247
25021,0708,0049,202502,1415
25021,0708,0049,202503,1721
25021,0708,0049,202504,778
25021,0708,0049,202505,516
25021,0708,0049,202506,129
25021,0708,0049,202507,12
25021,0708,0049,202509,12
25021,0708,0049,202511,35
25021,0708,0058,202501,1071
25021,0708,0058,202502,1227
25021,0708,0058,202503,1474
25021,0708,0058,202504,790
25021,0708,0058,202505,551
25021,0708,0058,202506,199
25021,0708,0058,202507,70
25021,0708,0058,202508,70
25021,0708,0058,202509,58
25021,0708,0058,202510,47
25021,0708,0058,202511,117
25021,0710,0002,202501,1823
25021,0710,0002,202502,1934
25021,0710,0002,202503,2299
25021,0710,0002,202504,1356
25021,0710,0002,202505,1290
25021,0710,0002,202506,620
25021,0710,0002,202507,186
25021,0710,0002,202508,93
25021,0710,0002,202509,47
25021,0710,0002,202510,58
25021,0710,0002,202511,327
25021,0733,0023,202501,2447
25021,0733,0023,202502,2725
25021,0733,0023,202503,2829
25021,0733,0023,202504,1427
25021,0733,0023,202505,1560
25021,0733,0023,202506,702
25021,0733,0023,202507,198
25021,0733,0023,202508,70
25021,0733,0023,202509,58
25021,0733,0023,202510,140
25021,0733,0023,202511,618
25021,0761,0005,202501,2235
25021,0761,0005,202502,2725
25021,0761,0005,202503,3313
25021,0761,0005,202504,1970
25021,0761,0005,202505,1619
25021,0761,0005,202506,620
25021,0761,0005,202507,209
25021,0761,0005,202508,116
25021,0761,0005,202509,70
25021,0761,0005,202510,187
25021,0761,0005,202511,571
25021,0767,0003,202501,8800
25021,0767,0003,202502,9200
25021,0767,0003,202503,10609
25021,0767,0003,202504,5898
25021,0767,0003,202505,4857
25021,0767,0003,202506,2585
25021,0767,0003,202507,803
25021,0767,0003,202508,547
25021,0767,0003,202509,501
25021,0767,0003,202510,525
25021,0767,0003,202511,1435
25021,0770,0003,202501,1600
25021,0770,0003,202502,1522
25021,0770,0003,202503,1898
25021,0770,0003,202504,1451
25021,0770,0003,202505,1337
25021,0770,0003,202506,1205
25021,0770,0003,202507,1105
25021,0770,0003,202508,1000
25021,0770,0003,202509,1073
25021,0770,0003,202510,525
25021,0770,0003,202511,886
25021,0776,0001,202501,4693
25021,0776,0001,202502,5556
25021,0776,0001,202503,6000
25021,0776,0001,202504,4105
25021,0776,0001,202505,4071
25021,0776,0001,202506,3602
25021,0776,0001,202507,2932
25021,0776,0001,202508,2629
25021,0776,0001,202509,2566
25021,0776,0001,202510,1808
25021,0776,0001,202511,1702
25021,0776,0017,202501,3164
25021,0776,0017,202502,3432
25021,0776,0017,202503,4067
25021,0776,0017,202504,2300
25021,0776,0017,202505,1630
25021,0776,0017,202506,772
25021,0776,0017,202507,326
25021,0776,0017,202508,221
25021,0776,0017,202509,105
25021,0776,0017,202510,641
25021,0776,0017,202511,1178
25021,0777,0006,202501,941
25021,0777,0006,202502,790
25021,0777,0006,202503,1049
25021,0777,0006,202504,507
25021,0777,0006,202505,129
25021,0777,0006,202506,94
25021,0777,0006,202507,93
25021,0777,0006,202508,93
25021,0777,0006,202509,47
25021,0777,0006,202510,58
25021,0777,0006,202511,105
25021,0777,0024,202501,2988
25021,0777,0024,202502,2819
25021,0777,0024,202503,2853
25021,0777,0024,202504,1698
25021,0777,0024,202505,1642
25021,0777,0024,202506,994
25021,0777,0024,202507,489
25021,0777,0024,202508,302
25021,0777,0024,202509,140
25021,0777,0024,202510,175
25021,0777,0024,202511,723
25021,0777,0025,202501,2305
25021,0777,0025,202502,3644
25021,0777,0025,202503,3431
25021,0777,0025,202504,849
25021,0777,0025,202505,8154
25021,0777,0025,202506,4129
25021,0777,0025,202507,802
25021,0777,0025,202508,81
25021,0777,0025,202509,1702
25021,0777,0025,202510,2460
25021,0777,0025,202511,70
25021,0777,0034,202507,81
25021,0777,0034,202508,58
25021,0777,0034,202509,47
25021,0777,0034,202510,58
25021,0777,0034,202511,58
25021,0777,0041,202501,2247
25021,0777,0041,202502,2795
25021,0777,0041,202503,2864
25021,0777,0041,202504,1757
25021,0777,0041,202505,1396
25021,0777,0041,202506,1064
25021,0777,0041,202507,640
25021,0777,0041,202508,430
25021,0777,0041,202509,443
25021,0777,0041,202510,327
25021,0777,0041,202511,676
25021,0777,0047,202501,2635
25021,0777,0047,202502,2878
25021,0777,0047,202503,3313
25021,0777,0047,202504,1628
25021,0777,0047,202505,1021
25021,0777,0047,202506,550
25021,0777,0047,202507,128
25021,0777,0047,202508,116
25021,0777,0047,202509,93
25021,0777,0047,202510,70
25021,0777,0047,202511,245
25021,0785,0005,202501,1341
25021,0785,0005,202502,1781
25021,0785,0005,202503,2027
25021,0785,0005,202504,1003
25021,0785,0005,202505,516
25021,0785,0005,202506,245
25021,0785,0005,202507,35
25021,0785,0005,202508,70
25021,0785,0005,202509,35
25021,0785,0005,202510,23
25021,0785,0005,202511,105
25021,0785,0006,202505,645
25021,0785,0006,202506,269
25021,0785,0006,202507,175
25021,0785,0006,202508,93
25021,0785,0006,202509,82
25021,0785,0006,202510,82
25021,0785,0006,202511,303
25021,0786,0005,202501,729
25021,0786,0005,202502,1026
25021,0786,0005,202503,1061
25021,0786,0005,202504,755
25021,0786,0005,202505,516
25021,0786,0005,202506,538
25021,0786,0005,202507,361
25021,0786,0005,202508,186
25021,0786,0005,202509,140
25021,0786,0005,202510,152
25021,0786,0005,202511,257
25021,0787,0007,202501,2729
25021,0787,0007,202502,3008
25021,0787,0007,202503,3489
25021,0787,0007,202504,2265
25021,0787,0007,202505,1830
25021,0787,0007,202506,526
25021,0787,0007,202507,163
25021,0787,0007,202508,47
25021,0787,0007,202509,23
25021,0787,0007,202510,35
25021,0787,0007,202511,327
25021,0792,0027,202501,4071
25021,0792,0027,202502,4317
25021,0792,0027,202503,3879
25021,0792,0027,202504,2619
25021,0792,0027,202505,1713
25021,0792,0027,202506,1439
25021,0792,0027,202507,1035
25021,0792,0027,202508,791
25021,0792,0027,202509,677
25021,0792,0027,202510,735
25021,0792,0027,202511,1015
25021,0796,0009,202501,2529
25021,0796,0009,202502,2961
25021,0796,0009,202503,3065
25021,0796,0009,202504,2677
25021,0796,0009,202505,1795
25021,0796,0009,202506,1322
25021,0796,0009,202507,140
25021,0796,0009,202508,23
25021,0796,0009,202509,47
25021,0796,0009,202510,35
25021,0796,0009,202511,268
25021,0796,0015,202501,1976
25021,0796,0015,202502,1982
25021,0796,0015,202503,2735
25021,0796,0015,202504,1274
25021,0796,0015,202505,751
25021,0796,0015,202506,410
25021,0796,0015,202507,209
25021,0796,0015,202508,128
25021,0796,0015,202509,105
25021,0796,0015,202510,105
25021,0796,0015,202511,280
25021,0814,0008,202501,2553
25021,0814,0008,202502,1970
25021,0814,0008,202503,2122
25021,0814,0008,202504,755
25021,0814,0008,202505,270
25021,0814,0008,202506,82
25021,0814,0008,202507,70
25021,0814,0008,202508,47
25021,0814,0008,202509,47
25021,0814,0008,202510,12
25021,0814,0008,202511,58
25021,0946,0001,202501,13928
25021,0946,0001,202502,9224
25021,0946,0001,202503,14394
25021,0946,0001,202504,11193
25021,0946,0001,202505,12283
25021,0946,0001,202506,8877
25021,0946,0001,202507,9215
25021,0946,0001,202508,7710
25021,0946,0001,202509,10915
25021,0946,0001,202510,8104
25021,0946,0001,202511,9738
25021,0949,0005,202501,894
25021,0949,0005,202502,967
25021,0949,0005,202503,1214
25021,0949,0005,202504,354
25021,0949,0005,202505,94
25021,0949,0005,202506,70
25021,0949,0005,202507,58
25021,0949,0005,202508,47
25021,0949,0005,202509,23
25021,0949,0005,202510,35
25021,0949,0005,202511,47
25021,0949,0021,202501,13152
25021,0949,0021,202502,15486
25021,0949,0021,202503,17093
25021,0949,0021,202504,11865
25021,0949,0021,202505,8986
25021,0949,0021,202506,6491
25021,0949,0021,202507,3316
25021,0949,0021,202508,1954
25021,0949,0021,202509,1831
25021,0949,0021,202510,1621
25021,0949,0021,202511,3406
25021,0952,0002,202501,2635
25021,0952,0002,202502,2961
25021,0952,0002,202503,3348
25021,0952,0002,202504,1781
25021,0952,0002,202505,833
25021,0952,0002,202506,117
25021,0952,0002,202507,70
25021,0952,0002,202508,70
25021,0952,0002,202509,47
25021,0952,0002,202510,81
25021,0952,0002,202511,455
25021,0953,0001,202501,17940
25021,0953,0001,202502,22174
25021,0953,0001,202503,24084
25021,0953,0001,202504,17715
25021,0953,0001,202505,14511
25021,0953,0001,202506,9907
25021,0953,0001,202507,5515
25021,0953,0001,202508,1744
25021,0953,0001,202509,1259
25021,0953,0001,202510,1201
25021,0953,0001,202511,3965
25021,0953,0002,202501,2012
25021,0953,0002,202502,2253
25021,0953,0002,202503,2735
25021,0953,0002,202504,1109
25021,0953,0002,202505,387
25021,0953,0002,202506,47
25021,0953,0002,202507,47
25021,0953,0002,202508,23
25021,0953,0002,202509,35
25021,0953,0002,202510,23
25021,0953,0002,202511,35
25021,0955,0008,202501,1023
25021,0955,0008,202502,1380
25021,0955,0008,202503,1745
25021,0955,0008,202504,967
25021,0955,0008,202505,1267
25021,0955,0008,202506,901
25021,0955,0008,202507,686
25021,0955,0008,202508,628
25021,0955,0008,202509,595
25021,0955,0008,202510,292
25021,0955,0008,202511,641
25021,0956,0001,202501,3717
25021,0956,0001,202502,4188
25021,0956,0001,202503,884
25021,0956,0001,202504,590
25021,0956,0001,202505,657
25021,0956,0001,202506,678
25021,0956,0001,202507,547
25021,0956,0001,202508,547
25021,0956,0001,202509,431
25021,0956,0001,202510,455
25021,0956,0001,202511,711
25021,0957,0004,202501,1565
25021,0957,0004,202502,1510
25021,0957,0004,202503,2193
25021,0957,0004,202504,2288
25021,0957,0004,202505,2464
25021,0957,0004,202506,2292
25021,0957,0004,202507,1897
25021,0957,0004,202508,1791
25021,0957,0004,202509,1831
25021,0957,0004,202510,1947
25021,0957,0004,202511,2006
25021,0959,0004,202501,471
25021,0959,0004,202502,448
25021,0959,0004,202503,460
25021,0959,0004,202504,401
25021,0959,0004,202505,411
25021,0959,0004,202506,351
25021,0959,0004,202507,291
25021,0959,0004,202508,267
25021,0959,0004,202509,187
25021,0959,0004,202510,222
25021,0959,0004,202511,280
25021,0962,0001,202501,10905
25021,0962,0001,202502,10910
25021,0962,0001,202503,15443
25021,0962,0001,202504,10568
25021,0962,0001,202505,9713
25021,0962,0001,202506,9404
25021,0962,0001,202507,7574
25021,0962,0001,202508,5943
25021,0962,0001,202509,6985
25021,0962,0001,202510,4967
25021,0962,0001,202511,7522
25021,0963,0013,202511,152
25021,0963,0019,202501,906
25021,0963,0019,202502,932
25021,0963,0019,202503,1061
25021,0963,0019,202504,708
25021,0963,0019,202505,715
25021,0963,0019,202506,316
25021,0963,0019,202507,326
25021,0963,0019,202508,326
25021,0963,0019,202509,257
25021,0963,0019,202510,245
25021,0963,0019,202511,233
25021,0963,0027,202501,294
25021,0963,0027,202502,519
25021,0963,0027,202503,495
25021,0963,0027,202504,212
25021,0963,0027,202505,235
25021,0963,0027,202506,199
25021,0963,0027,202507,221
25021,0963,0027,202508,186
25021,0963,0027,202509,152
25021,0963,0027,202510,117
25021,0963,0027,202511,175
25021,0963,0028,202501,1765
25021,0963,0028,202502,1958
25021,0963,0028,202503,2263
25021,0963,0028,202504,1805
25021,0963,0028,202505,1607
25021,0963,0028,202506,1193
25021,0963,0028,202507,873
25021,0963,0028,202508,477
25021,0963,0028,202509,466
25021,0963,0028,202510,466
25021,0963,0028,202511,851
25021,0963,0029,202501,247
25021,0963,0029,202502,224
25021,0963,0029,202503,141
25021,0963,0029,202504,12
25021,0963,0029,202505,23
25021,0963,0029,202506,35
25021,0963,0029,202507,23
25021,0963,0029,202508,35
25021,0963,0029,202509,35
25021,0963,0029,202510,105
25021,0963,0029,202511,140
25021,0963,0033,202501,3388
25021,0963,0033,202502,3279
25021,0963,0033,202503,2841
25021,0963,0033,202504,1710
25021,0963,0033,202505,1396
25021,0963,0033,202506,1544
25021,0963,0033,202507,1175
25021,0963,0033,202508,919
25021,0963,0033,202509,1073
25021,0963,0033,202510,1003
25021,0963,0033,202511,1190
25021,0963,0034,202501,1541
25021,0963,0034,202502,1828
25021,0963,0034,202503,1556
25021,0963,0034,202504,1038
25021,0963,0034,202505,669
25021,0963,0034,202506,339
25021,0963,0034,202507,58
25021,0963,0034,202508,12
25021,0963,0034,202511,117
25021,0963,0036,202501,4059
25021,0963,0036,202502,4494
25021,0963,0036,202503,5564
25021,0963,0036,202504,3538
25021,0963,0036,202505,2745
25021,0963,0036,202506,1731
25021,0963,0036,202507,1036
25021,0963,0036,202508,628
25021,0963,0036,202509,746
25021,0963,0036,202510,641
25021,0963,0036,202511,1038
25021,0963,0037,202501,1212
25021,0963,0037,202502,1404
25021,0963,0037,202503,2075
25021,0963,0037,202504,1274
25021,0963,0037,202505,845
25021,0963,0037,202506,257
25021,0963,0037,202507,198
25021,0963,0037,202508,151
25021,0963,0037,202509,70
25021,0963,0037,202510,93
25021,0963,0037,202511,315
25021,0963,0038,202501,541
25021,0963,0038,202502,460
25021,0963,0038,202503,530
25021,0963,0038,202504,436
25021,0963,0038,202505,493
25021,0963,0038,202506,421
25021,0963,0038,202507,326
25021,0963,0038,202508,221
25021,0963,0038,202509,303
25021,0963,0038,202510,210
25021,0963,0038,202511,362
25021,0963,0040,202501,4588
25021,0963,0040,202502,4495
25021,0963,0040,202503,4644
25021,0963,0040,202504,3845
25021,0963,0040,202505,3941
25021,0963,0040,202506,3357
25021,0963,0040,202507,2734
25021,0963,0040,202508,1989
25021,0963,0040,202509,2204
25021,0963,0040,202510,1982
25021,0963,0040,202511,2250
25021,0963,0041,202501,1988
25021,0963,0041,202502,2406
25021,0963,0041,202503,3018
25021,0963,0041,202504,1946
25021,0963,0041,202505,2018
25021,0963,0041,202506,2047
25021,0963,0041,202507,1908
25021,0963,0041,202508,1779
25021,0963,0041,202509,2204
25021,0963,0041,202510,1096
25021,0963,0041,202511,1539
25021,0963,0044,202501,1941
25021,0963,0044,202502,2737
25021,0963,0044,202503,3171
25021,0963,0044,202504,1888
25021,0963,0044,202505,2170
25021,0963,0044,202506,1661
25021,0963,0044,202507,1548
25021,0963,0044,202508,1628
25021,0963,0044,202509,1574
25021,0963,0044,202510,956
25021,0963,0044,202511,1318
25021,0963,0045,202504,12
25021,0963,0045,202505,798
25021,0963,0045,202506,842
25021,0963,0045,202507,768
25021,0963,0045,202508,779
25021,0963,0045,202509,956
25021,0963,0045,202510,536
25021,0963,0045,202511,595
25021,0963,0048,202501,118
25021,0963,0048,202502,83
25021,0963,0048,202503,165
25021,0963,0048,202504,94
25021,0963,0048,202505,106
25021,0963,0048,202506,105
25021,0963,0048,202507,93
25021,0963,0048,202508,81
25021,0963,0081,202501,1023
25021,0963,0081,202502,1510
25021,0963,0081,202503,1921
25021,0963,0081,202504,578
25021,0963,0081,202505,469
25021,0963,0081,202506,327
25021,0963,0081,202507,174
25021,0963,0081,202508,163
25021,0963,0081,202509,116
25021,0963,0081,202510,140
25021,0963,0081,202511,233
25021,0963,0082,202501,776
25021,0963,0082,202502,1015
25021,0963,0082,202503,1226
25021,0963,0082,202504,908
25021,0963,0082,202505,564
25021,0963,0082,202506,234
25021,0963,0082,202507,35
25021,0963,0082,202508,47
25021,0963,0082,202509,35
25021,0963,0082,202510,23
25021,0963,0082,202511,35
25021,0963,0100,202501,2024
25021,0963,0100,202502,2088
25021,0963,0100,202503,2452
25021,0963,0100,202504,1321
25021,0963,0100,202505,1114
25021,0963,0100,202506,644
25021,0963,0100,202507,244
25021,0963,0100,202508,174
25021,0963,0100,202509,105
25021,0963,0100,202510,140
25021,0963,0100,202511,455
25021,0963,0107,202501,259
25021,0963,0107,202502,354
25021,0963,0107,202503,271
25021,0963,0107,202504,224
25021,0963,0107,202505,293
25021,0963,0107,202506,327
25021,0963,0107,202507,175
25021,0963,0107,202508,267
25021,0963,0107,202509,292
25021,0963,0107,202510,128
25021,0963,0107,202511,128
25021,0963,0115,202501,377
25021,0963,0115,202502,531
25021,0963,0115,202503,719
25021,0963,0115,202504,318
25021,0963,0115,202505,622
25021,0963,0115,202506,374
25021,0963,0115,202507,303
25021,0963,0115,202508,221
25021,0963,0115,202509,199
25021,0963,0115,202510,256
25021,0963,0115,202511,315
25021,0963,0117,202502,189
25021,0963,0117,202503,389
25021,0963,0117,202504,248
25021,0963,0117,202506,35
25021,0963,0117,202507,47
25021,0963,0117,202508,23
25021,0963,0117,202509,12
25021,0963,0117,202510,12
25021,0963,0117,202511,12
25021,0963,0132,202511,210
25021,0963,0164,202501,447
25021,0963,0164,202502,601
25021,0963,0164,202503,1309
25021,0963,0164,202504,649
25021,0963,0164,202505,1068
25021,0963,0164,202506,725
25021,0963,0164,202507,221
25021,0963,0164,202508,674
25021,0963,0164,202509,280
25021,0963,0164,202510,665
25021,0963,0164,202511,1061
25021,0963,0180,202501,1459
25021,0963,0180,202502,1852
25021,0963,0180,202503,2039
25021,0963,0180,202504,1286
25021,0963,0180,202505,809
25021,0963,0180,202506,550
25021,0963,0180,202507,384
25021,0963,0180,202508,186
25021,0963,0180,202509,222
25021,0963,0180,202510,152
25021,0963,0180,202511,175
25021,0963,0182,202501,294
25021,0963,0182,202502,484
25021,0963,0182,202503,861
25021,0963,0182,202504,743
25021,0963,0182,202505,645
25021,0963,0182,202506,526
25021,0963,0182,202507,454
25021,0963,0182,202508,302
25021,0963,0182,202509,373
25021,0963,0182,202510,431
25021,0963,0182,202511,641
25021,0963,0222,202508,546
25021,0963,0222,202509,677
25021,0963,0222,202510,419
25021,0963,0222,202511,898
25021,0963,0296,202501,3023
25021,0963,0296,202502,3810
25021,0963,0296,202503,4020
25021,0963,0296,202504,2288
25021,0963,0296,202505,1314
25021,0963,0296,202506,374
25021,0963,0296,202507,163
25021,0963,0296,202508,140
25021,0963,0296,202509,82
25021,0963,0296,202510,93
25021,0963,0296,202511,641
25021,0963,0318,202501,3094
25021,0963,0318,202502,5072
25021,0963,0318,202503,6696
25021,0963,0318,202504,3232
25021,0963,0318,202505,3038
25021,0963,0318,202506,2772
25021,0963,0318,202507,2246
25021,0963,0318,202508,2907
25021,0963,0318,202509,3953
25021,0963,0318,202510,2379
25021,0963,0318,202511,4175
25021,0963,0319,202501,5494
25021,0963,0319,202502,5013
25021,0963,0319,202503,5305
25021,0963,0319,202504,4081
25021,0963,0319,202505,3906
25021,0963,0319,202506,2948
25021,0963,0319,202507,2804
25021,0963,0319,202508,2360
25021,0963,0319,202509,2228
25021,0963,0319,202510,2437
25021,0963,0319,202511,3068
25021,0964,0002,202501,4988
25021,0964,0002,202502,4918
25021,0964,0002,202503,5965
25021,0964,0002,202504,3621
25021,0964,0002,202505,2663
25021,0964,0002,202506,1579
25021,0964,0002,202507,896
25021,0964,0002,202508,756
25021,0964,0002,202509,595
25021,0964,0002,202510,560
25021,0964,0002,202511,1201
25022,0370,0006,202501,1470
25022,0370,0006,202502,2194
25022,0370,0006,202503,2546
25022,0370,0006,202504,1038
25022,0370,0006,202511,70
25022,0370,0029,202501,1106
25022,0370,0029,202502,1345
25022,0370,0029,202503,1580
25022,0370,0029,202504,967
25022,0370,0029,202505,962
25022,0370,0029,202506,503
25022,0370,0029,202507,128
25022,0370,0029,202508,23
25022,0370,0029,202509,12
25022,0370,0029,202510,12
25022,0370,0029,202511,268
25022,0370,0032,202501,1400
25022,0370,0032,202502,1321
25022,0370,0032,202503,1768
25022,0370,0032,202504,932
25022,0370,0032,202505,622
25022,0370,0032,202506,269
25022,0370,0032,202507,163
25022,0370,0032,202508,70
25022,0370,0032,202509,58
25022,0370,0032,202510,58
25022,0370,0032,202511,175
25022,0382,0000,202501,4623
25022,0382,0000,202502,4753
25022,0382,0000,202503,5222
25022,0382,0000,202504,3078
25022,0382,0000,202505,3812
25022,0382,0000,202506,1462
25022,0382,0000,202507,1036
25022,0382,0000,202508,1232
25022,0382,0000,202509,1154
25022,0382,0000,202510,805
25022,0382,0000,202511,1049
25022,0463,0000,202501,12
25022,0463,0000,202504,12
25022,0463,0000,202505,23
25022,0463,0000,202506,866
25022,0463,0000,202507,1268
25022,0463,0000,202508,872
25022,0463,0000,202509,851
25022,0463,0000,202510,758
25022,0463,0000,202511,793
25028,0035,0002,202501,2894
25028,0035,0002,202502,3397
25028,0035,0002,202503,3890
25028,0035,0002,202504,1981
25028,0035,0002,202505,1455
25028,0035,0002,202506,1099
25028,0035,0002,202507,244
25028,0035,0002,202508,174
25028,0035,0002,202509,82
25028,0035,0002,202510,105
25028,0035,0002,202511,525
25028,0157,0055,202501,3117
25028,0157,0055,202502,3220
25028,0157,0055,202503,4138
25028,0157,0055,202504,2064
25028,0157,0055,202505,1713
25028,0157,0055,202506,971
25028,0157,0055,202507,151
25028,0157,0055,202508,58
25028,0157,0055,202509,70
25028,0157,0055,202510,58
25028,0157,0055,202511,187
25028,0157,0068,202501,753
25028,0157,0068,202502,472
25028,0157,0068,202503,625
25028,0157,0068,202504,660
25028,0157,0068,202505,809
25028,0157,0068,202506,819
25028,0157,0068,202507,116
25028,0157,0068,202508,1291
25028,0157,0068,202509,1061
25028,0157,0068,202510,1166
25028,0157,0068,202511,1003
25028,0157,0112,202501,1906
25028,0157,0112,202502,2253
25028,0157,0112,202503,2558
25028,0157,0112,202504,1451
25028,0157,0112,202505,1091
25028,0157,0112,202506,620
25028,0157,0112,202507,186
25028,0157,0112,202508,105
25028,0157,0112,202509,70
25028,0157,0112,202510,47
25028,0157,0112,202511,292
25028,0438,0003,202501,90243
25028,0438,0003,202502,102547
25028,0438,0003,202503,110844
25028,0438,0003,202504,79558
25028,0438,0003,202505,80308
25028,0438,0003,202506,82778
25028,0438,0003,202507,48499
25028,0438,0003,202508,33817
25028,0438,0003,202509,34370
25028,0438,0003,202510,24343
25028,0438,0003,202511,48917
25028,0584,0002,202501,10070
25028,0584,0002,202502,10320
25028,0584,0002,202503,10032
25028,0584,0002,202504,7465
25028,0584,0002,202505,8059
25028,0584,0002,202506,5322
25028,0584,0002,202507,4503
25028,0584,0002,202508,4047
25028,0584,0002,202509,4828
25028,0584,0002,202510,5142
25028,0584,0002,202511,4794
25028,0586,0000,202501,7094
25028,0586,0000,202502,10297
25028,0586,0000,202503,12413
25028,0586,0000,202504,7336
25028,0586,0000,202505,6534
25028,0586,0000,202506,6035
25028,0586,0000,202507,5666
25028,0586,0000,202508,4617
25028,0586,0000,202509,6717
25028,0586,0000,202510,3895
25028,0586,0000,202511,6566
25028,0601,0000,202501,14164
25028,0601,0000,202502,15487
25028,0601,0000,202503,15879
25028,0601,0000,202504,9353
25028,0601,0000,202505,9478
25028,0601,0000,202506,8128
25028,0601,0000,202507,7062
25028,0601,0000,202508,6955
25028,0601,0000,202509,7569
25028,0601,0000,202510,6460
25028,0601,0000,202511,7942
25030,0014,0004,202501,4764
25030,0014,0004,202502,4870
25030,0014,0004,202503,6296
25030,0014,0004,202504,3739
25030,0014,0004,202505,2639
25030,0014,0004,202506,1544
25030,0014,0004,202507,651
25030,0014,0004,202508,232
25030,0014,0004,202509,186
25030,0014,0004,202510,397
25030,0014,0004,202511,945
25030,0061,0003,202501,7176
25030,0061,0003,202502,9047
25030,0061,0003,202503,10763
25030,0061,0003,202504,6876
25030,0061,0003,202505,5631
25030,0061,0003,202506,5743
25030,0061,0003,202507,5026
25030,0061,0003,202508,5373
25030,0061,0003,202509,7708
25030,0061,0003,202510,3871
25030,0061,0003,202511,6193
25321,0057,0005,202501,156518
25321,0057,0005,202502,171351
25321,0057,0005,202503,129839
25321,0057,0005,202504,88698
25321,0057,0005,202505,44530
25321,0057,0005,202506,30037
25321,0057,0005,202507,23441
25321,0057,0005,202508,17512
25321,0057,0005,202509,18768
25321,0057,0005,202510,27204
25321,0057,0005,202511,62521
25321,0057,0007,202507,24926
25321,0057,0007,202508,21700
25321,0057,0007,202509,20392
25321,0057,0007,202510,27440
25321,0057,0007,202511,71598
25321,0083,0000,202501,267000
25321,0083,0000,202502,286825
25321,0083,0000,202503,221252
25321,0083,0000,202504,157118
25321,0083,0000,202505,93049
25321,0083,0000,202506,60309
25321,0083,0000,202507,40275
25321,0083,0000,202508,45449
25321,0083,0000,202509,37642
25321,0083,0000,202510,52546
25321,0083,0000,202511,113124
25321,0109,0001,202501,4435
25321,0109,0001,202502,5201
25321,0109,0001,202503,4515
25321,0109,0001,202504,3044
25321,0109,0001,202505,2089
25321,0109,0001,202506,1871
25321,0109,0001,202507,570
25321,0109,0001,202508,302
25321,0109,0001,202509,257
25321,0109,0001,202510,280
25321,0109,0001,202511,688
25321,0110,0001,202501,1012
25321,0110,0001,202502,1309
25321,0110,0001,202503,1038
25321,0110,0001,202504,861
25321,0110,0001,202505,540
25321,0110,0001,202506,585
25321,0110,0001,202507,384
25321,0110,0001,202508,337
25321,0110,0001,202509,222
25321,0110,0001,202510,280
25321,0110,0001,202511,536
25321,0118,0001,202501,7341
25321,0118,0001,202502,5284
25321,0118,0001,202503,6672
25321,0118,0001,202504,4281
25321,0118,0001,202505,2323
25321,0118,0001,202506,585
25321,0118,0001,202507,105
25321,0118,0001,202508,198
25321,0118,0001,202509,152
25321,0118,0001,202510,152
25321,0118,0001,202511,781
25321,0120,0001,202501,118
25321,0120,0001,202502,47
25321,0120,0001,202503,59
25321,0120,0001,202504,12
25321,0120,0001,202505,23
25321,0120,0001,202506,23
25321,0120,0001,202507,12
25321,0120,0001,202508,12
25321,0120,0001,202509,12
25321,0120,0001,202510,12
25321,0120,0001,202511,12
25321,0143,0000,202501,2459
25321,0143,0000,202502,3255
25321,0143,0000,202503,2982
25321,0143,0000,202504,1746
25321,0143,0000,202505,340
25321,0143,0000,202506,47
25321,0143,0000,202507,23
25321,0143,0000,202508,23
25321,0143,0000,202509,12
25321,0143,0000,202510,23
25321,0143,0000,202511,12
25321,0143,0001,202501,4612
25321,0143,0001,202502,6487
25321,0143,0001,202503,8099
25321,0143,0001,202504,4977
25321,0143,0001,202505,1959
25321,0143,0001,202506,1532
25321,0143,0001,202507,442
25321,0143,0001,202508,210
25321,0143,0001,202509,47
25321,0143,0001,202510,105
25321,0143,0001,202511,735
25321,0144,0000,202501,195658
25321,0144,0000,202502,216239
25321,0144,0000,202503,159060
25321,0144,0000,202504,114277
25321,0144,0000,202505,66433
25321,0144,0000,202506,45504
25321,0144,0000,202507,29351
25321,0144,0000,202508,23307
25321,0144,0000,202509,23603
25321,0144,0000,202510,34151
25321,0144,0000,202511,75574
25321,0146,0002,202501,2799
25321,0146,0002,202502,2866
25321,0146,0002,202503,2711
25321,0146,0002,202504,1639
25321,0146,0002,202505,469
25321,0146,0002,202506,152
25321,0146,0002,202507,47
25321,0146,0002,202508,35
25321,0146,0002,202509,12
25321,0146,0002,202510,23
25321,0146,0002,202511,163
25321,0147,0003,202501,82
25321,0147,0003,202502,118
25321,0147,0003,202503,106
25321,0147,0003,202504,118
25321,0147,0003,202505,129
25321,0147,0003,202506,129
25321,0147,0003,202507,128
25321,0147,0003,202508,151
25321,0147,0003,202509,175
25321,0147,0003,202510,152
25321,0147,0003,202511,187
25321,0147,0009,202501,2106
25321,0147,0009,202502,2288
25321,0147,0009,202503,2228
25321,0147,0009,202504,1746
25321,0147,0009,202505,1056
25321,0147,0009,202506,468
25321,0147,0009,202507,128
25321,0147,0009,202511,373
25321,0148,0002,202501,15767
25321,0148,0002,202502,23038
25321,0148,0002,202503,14851
25321,0148,0002,202504,10836
25321,0148,0002,202505,7343
25321,0148,0002,202506,4190
25321,0148,0002,202507,3792
25321,0148,0002,202508,2026
25321,0148,0002,202509,2110
25321,0148,0002,202510,2683
25321,0148,0002,202511,8410
25321,0149,0001,202501,18375
25321,0149,0001,202502,23661
25321,0149,0001,202503,23600
25321,0149,0001,202504,18269
25321,0149,0001,202505,12435
25321,0149,0001,202506,10293
25321,0149,0001,202507,7062
25321,0149,0001,202508,1477
25321,0149,0001,202509,688
25321,0149,0001,202510,583
25321,0149,0001,202511,1131
25321,0153,0004,202501,1094
25321,0153,0004,202502,1014
25321,0153,0004,202503,1344
25321,0153,0004,202504,743
25321,0153,0004,202505,398
25321,0153,0004,202506,374
25321,0153,0004,202507,210
25321,0153,0004,202508,105
25321,0153,0004,202509,152
25321,0153,0004,202510,175
25321,0153,0004,202511,315
25321,0156,0010,202501,8882
25321,0156,0010,202502,8598
25321,0156,0010,202503,8334
25321,0156,0010,202504,4293
25321,0156,0010,202505,1889
25321,0156,0010,202506,1193
25321,0156,0010,202507,570
25321,0156,0010,202508,582
25321,0156,0010,202509,572
25321,0156,0010,202510,513
25321,0156,0010,202511,1014
25321,0157,0000,202501,21587
25321,0157,0000,202502,23896
25321,0157,0000,202503,28870
25321,0157,0000,202504,15946
25321,0157,0000,202505,4951
25321,0157,0000,202506,702
25321,0157,0000,202507,70
25321,0157,0000,202508,47
25321,0157,0000,202509,47
25321,0157,0000,202510,35
25321,0157,0000,202511,1959
25321,0157,0002,202501,2118
25321,0157,0002,202502,2429
25321,0157,0002,202503,2145
25321,0157,0002,202504,1946
25321,0157,0002,202505,1244
25321,0157,0002,202506,901
25321,0157,0002,202507,280
25321,0157,0002,202508,221
25321,0157,0002,202509,268
25321,0157,0002,202510,455
25321,0157,0002,202511,875
25321,0157,0009,202501,2659
25321,0157,0009,202502,3479
25321,0157,0009,202503,2971
25321,0157,0009,202504,1981
25321,0157,0009,202505,1056
25321,0157,0009,202506,795
25321,0157,0009,202507,326
25321,0157,0009,202508,70
25321,0157,0009,202509,35
25321,0157,0009,202510,70
25321,0157,0009,202511,536
25321,0157,0015,202501,10000
25321,0157,0015,202502,8858
25321,0157,0015,202503,11646
25321,0157,0015,202504,8045
25321,0157,0015,202505,5456
25321,0157,0015,202506,3977
25321,0157,0015,202507,1873
25321,0157,0015,202508,1930
25321,0157,0015,202509,2483
25321,0157,0015,202510,1679
25321,0157,0015,202511,2589
25321,0160,0005,202501,2670
25321,0160,0005,202502,3008
25321,0160,0005,202503,2770
25321,0160,0005,202504,1793
25321,0160,0005,202505,974
25321,0160,0005,202506,444
25321,0160,0005,202507,81
25321,0160,0005,202508,47
25321,0160,0005,202509,35
25321,0160,0005,202510,23
25321,0160,0005,202511,560
25321,0172,0000,202501,1553
25321,0172,0000,202502,1722
25321,0172,0000,202503,2004
25321,0172,0000,202504,1368
25321,0172,0000,202505,692
25321,0172,0000,202506,386
25321,0172,0000,202507,349
25321,0172,0000,202508,349
25321,0172,0000,202509,315
25321,0172,0000,202510,431
25321,0172,0000,202511,513
25321,0172,0001,202501,976
25321,0172,0001,202502,979
25321,0172,0001,202503,743
25321,0172,0001,202504,1179
25321,0172,0001,202505,903
25321,0172,0001,202506,690
25321,0172,0001,202507,524
25321,0172,0001,202508,372
25321,0172,0001,202509,361
25321,0172,0001,202510,292
25321,0172,0001,202511,315
25321,0174,0000,202501,2482
25321,0174,0000,202502,3621
25321,0174,0000,202503,3347
25321,0174,0000,202504,2702
25321,0174,0000,202505,1959
25321,0174,0000,202506,2211
25321,0174,0000,202507,1745
25321,0174,0000,202508,1663
25321,0174,0000,202509,1178
25321,0174,0000,202510,1388
25321,0174,0000,202511,2029
25321,0186,0000,202501,1729
25321,0186,0000,202502,1781
25321,0186,0000,202503,1780
25321,0186,0000,202504,1533
25321,0186,0000,202505,1337
25321,0186,0000,202506,1462
25321,0186,0000,202507,1187
25321,0186,0000,202508,907
25321,0186,0000,202509,933
25321,0186,0000,202510,968
25321,0186,0000,202511,1889
25321,0188,0003,202501,2036
25321,0188,0003,202502,1994
25321,0188,0003,202503,2547
25321,0188,0003,202504,1510
25321,0188,0003,202505,634
25321,0188,0003,202506,444
25321,0188,0003,202507,268
25321,0188,0003,202508,291
25321,0188,0003,202509,257
25321,0188,0003,202510,93
25321,0188,0003,202511,571
25321,0194,0001,202501,1400
25321,0194,0001,202502,1238
25321,0194,0001,202503,1556
25321,0194,0001,202504,1309
25321,0194,0001,202505,2123
25321,0194,0001,202506,1240
25321,0194,0001,202507,1373
25321,0194,0001,202508,1384
25321,0194,0001,202509,1119
25321,0194,0001,202510,1131
25321,0194,0001,202511,1155
25321,0200,0000,202501,36046
25321,0200,0000,202502,24713
25321,0200,0000,202503,16526
25321,0200,0000,202504,22514
25321,0200,0000,202505,9067
25321,0200,0000,202506,13122
25321,0200,0000,202507,30171
25321,0200,0000,202508,51870
25321,0200,0000,202509,31339
25321,0200,0000,202510,48706
25321,0200,0000,202511,11258
25321,0220,0000,202501,3176
25321,0220,0000,202502,4116
25321,0220,0000,202503,3277
25321,0220,0000,202504,1569
25321,0220,0000,202505,153
25321,0220,0000,202506,23
25321,0223,0000,202501,5411
25321,0223,0000,202502,5532
25321,0223,0000,202503,7438
25321,0223,0000,202504,1934
25321,0223,0000,202505,575
25321,0223,0000,202506,94
25321,0223,0000,202507,70
25321,0223,0000,202508,47
25321,0223,0000,202509,23
25321,0223,0000,202510,70
25321,0223,0000,202511,94
25321,0236,0001,202501,6940
25321,0236,0001,202502,6936
25321,0236,0001,202503,9572
25321,0236,0001,202504,4706
25321,0236,0001,202505,2393
25321,0236,0001,202506,1696
25321,0236,0001,202507,710
25321,0236,0001,202508,163
25321,0236,0001,202509,117
25321,0236,0001,202510,152
25321,0236,0001,202511,1004
25321,0236,0003,202501,2590
25321,0236,0003,202502,3314
25321,0236,0003,202503,4055
25321,0236,0003,202504,2229
25321,0236,0003,202505,716
25321,0236,0003,202506,619
25321,0236,0003,202507,280
25321,0236,0003,202508,116
25321,0236,0003,202509,152
25321,0236,0003,202510,175
25321,0236,0003,202511,572
25321,0238,0002,202501,4011
25321,0238,0002,202502,3857
25321,0238,0002,202503,5187
25321,0238,0002,202504,2901
25321,0238,0002,202505,1654
25321,0238,0002,202506,678
25321,0238,0002,202507,186
25321,0238,0002,202508,128
25321,0238,0002,202509,105
25321,0238,0002,202510,105
25321,0238,0002,202511,758
25321,0244,0002,202501,2412
25321,0244,0002,202502,2642
25321,0244,0002,202503,3349
25321,0244,0002,202504,1946
25321,0244,0002,202505,469
25321,0244,0002,202506,397
25321,0244,0002,202507,93
25321,0244,0002,202508,58
25321,0244,0002,202509,12
25321,0244,0002,202510,23
25321,0244,0002,202511,12
25321,0249,0000,202511,105
25321,0255,0000,202501,8494
25321,0255,0000,202502,9129
25321,0255,0000,202503,9183
25321,0255,0000,202504,7100
25321,0255,0000,202505,2581
25321,0255,0000,202506,398
25321,0256,0000,202501,835
25321,0256,0000,202502,1710
25321,0256,0000,202503,1415
25321,0256,0000,202504,920
25321,0256,0000,202505,481
25321,0256,0000,202506,316
25321,0256,0000,202507,163
25321,0256,0000,202508,47
25321,0256,0000,202510,12
25321,0256,0000,202511,455
25321,0261,0000,202501,1553
25321,0261,0000,202502,1710
25321,0261,0000,202503,1532
25321,0261,0000,202504,955
25321,0261,0000,202505,387
25321,0261,0000,202506,234
25321,0261,0000,202507,93
25321,0261,0000,202508,58
25321,0261,0000,202509,35
25321,0261,0000,202510,47
25321,0261,0000,202511,117
25321,0270,0000,202501,4400
25321,0270,0000,202502,5284
25321,0270,0000,202503,4492
25321,0270,0000,202504,2736
25321,0270,0000,202505,1244
25321,0270,0000,202506,1356
25321,0270,0000,202507,827
25321,0270,0000,202508,779
25321,0270,0000,202509,630
25321,0270,0000,202510,548
25321,0270,0000,202511,910
25321,0270,0004,202501,9835
25321,0270,0004,202502,10852
25321,0270,0004,202503,10327
25321,0270,0004,202504,7206
25321,0270,0004,202505,4306
25321,0270,0004,202506,2760
25321,0270,0004,202507,2571
25321,0270,0004,202508,2570
25321,0270,0004,202509,2403
25321,0270,0004,202510,2343
25321,0270,0004,202511,2659
25321,0287,0011,202501,1541
25321,0287,0011,202502,1463
25321,0287,0011,202503,1155
25321,0287,0011,202504,448
25321,0287,0011,202505,141
25321,0287,0011,202506,117
25321,0287,0011,202507,23
25321,0287,0011,202508,35
25321,0287,0011,202509,70
25321,0287,0011,202510,82
25321,0287,0011,202511,117
25321,0290,0000,202501,3165
25321,0290,0000,202502,3291
25321,0290,0000,202503,2723
25321,0290,0000,202504,1710
25321,0290,0000,202505,1161
25321,0290,0000,202506,819
25321,0290,0000,202507,570
25321,0290,0000,202508,535
25321,0290,0000,202509,490
25321,0290,0000,202510,128
25321,0290,0000,202511,711
25321,0292,0002,202501,2389
25321,0292,0002,202502,2783
25321,0292,0002,202503,2700
25321,0292,0002,202504,2854
25321,0292,0002,202505,2123
25321,0292,0002,202506,1964
25321,0292,0002,202507,2234
25321,0292,0002,202508,2454
25321,0292,0002,202509,2297
25321,0292,0002,202510,1901
25321,0292,0002,202511,2449
25321,0294,0000,202501,2235
25321,0294,0000,202502,2677
25321,0294,0000,202503,2322
25321,0294,0000,202504,1533
25321,0294,0000,202505,328
25321,0294,0000,202506,164
25321,0294,0000,202507,47
25321,0294,0000,202508,93
25321,0294,0000,202509,70
25321,0294,0000,202510,58
25321,0294,0000,202511,268
25321,0298,0007,202501,812
25321,0298,0007,202502,1369
25321,0298,0007,202503,1827
25321,0298,0007,202504,743
25321,0298,0007,202505,528
25321,0298,0007,202506,538
25321,0298,0007,202507,431
25321,0298,0007,202508,360
25321,0298,0007,202509,396
25321,0298,0007,202510,256
25321,0298,0007,202511,268
25321,0310,0001,202510,12
25321,0310,0001,202511,12
25321,0310,0007,202507,128
25321,0310,0007,202508,105
25321,0310,0007,202509,105
25321,0310,0007,202510,105
25321,0310,0007,202511,175
25321,0313,0001,202501,2353
25321,0313,0001,202502,3114
25321,0313,0001,202503,3230
25321,0313,0001,202504,1427
25321,0313,0001,202505,892
25321,0313,0001,202506,211
25321,0313,0001,202507,105
25321,0313,0001,202508,35
25321,0313,0001,202509,35
25321,0313,0001,202510,35
25321,0313,0001,202511,362
25321,0313,0002,202501,1341
25321,0313,0002,202502,1698
25321,0313,0002,202503,1332
25321,0313,0002,202504,283
25321,0313,0002,202505,23
25321,0313,0002,202506,58
25321,0313,0002,202507,12
25321,0313,0002,202508,12
25321,0313,0002,202511,47
25321,0314,0000,202501,1765
25321,0314,0000,202502,1816
25321,0314,0000,202503,1886
25321,0314,0000,202504,1887
25321,0314,0000,202505,1173
25321,0314,0000,202506,702
25321,0314,0000,202507,698
25321,0314,0000,202508,384
25321,0314,0000,202509,431
25321,0314,0000,202510,466
25321,0314,0000,202511,583
25321,0315,0000,202501,1188
25321,0315,0000,202502,1592
25321,0315,0000,202503,1650
25321,0315,0000,202504,826
25321,0315,0000,202505,411
25321,0315,0000,202506,187
25321,0315,0000,202507,70
25321,0315,0000,202508,47
25321,0315,0000,202509,23
25321,0315,0000,202510,47
25321,0315,0000,202511,280
25321,0317,0003,202501,16244
25321,0317,0003,202502,15896
25321,0317,0003,202503,10775
25321,0317,0003,202504,5081
25321,0317,0003,202505,3215
25321,0317,0003,202506,1961
25321,0317,0003,202507,1384
25321,0317,0003,202508,1199
25321,0317,0003,202509,1178
25321,0317,0003,202510,1259
25321,0317,0003,202511,5097
25321,0317,0010,202501,9705
25321,0317,0010,202502,7926
25321,0317,0010,202503,7698
25321,0317,0010,202504,6828
25321,0317,0010,202505,5103
25321,0317,0010,202506,3660
25321,0317,0010,202507,3561
25321,0317,0010,202508,3408
25321,0317,0010,202509,3487
25321,0317,0010,202510,3194
25321,0317,0010,202511,4163
25321,0325,0002,202507,140
25321,0325,0002,202508,93
25321,0325,0002,202509,47
25321,0325,0002,202510,152
25321,0325,0002,202511,840
25321,0327,0004,202501,706
25321,0327,0004,202502,661
25321,0327,0004,202503,542
25321,0327,0004,202504,201
25321,0327,0004,202505,12
25321,0327,0010,202501,5376
25321,0327,0010,202502,5284
25321,0327,0010,202503,4503
25321,0327,0010,202504,3797
25321,0327,0010,202505,3953
25321,0327,0010,202506,2362
25321,0327,0010,202507,1652
25321,0327,0010,202508,1861
25321,0327,0010,202509,2192
25321,0327,0010,202510,1971
25321,0327,0010,202511,2251
25321,0333,0003,202501,530858
25321,0333,0003,202502,564990
25321,0333,0003,202503,396396
25321,0333,0003,202504,275623
25321,0333,0003,202505,169040
25321,0333,0003,202506,104904
25321,0333,0003,202507,72960
25321,0333,0003,202508,66247
25321,0333,0003,202509,61538
25321,0333,0003,202510,89199
25321,0333,0003,202511,213131
25321,0333,0006,202501,10328
25321,0333,0006,202502,2689
25321,0333,0006,202503,1733
25321,0333,0006,202504,7666
25321,0333,0006,202505,7708
25321,0333,0006,202506,6234
25321,0333,0006,202507,5666
25321,0333,0006,202508,5582
25321,0333,0006,202509,1726
25321,0333,0006,202510,5621
25321,0333,0006,202511,5201
25321,0376,0001,202501,111671
25321,0376,0001,202502,122349
25321,0376,0001,202503,89032
25321,0376,0001,202504,66803
25321,0376,0001,202505,38708
25321,0376,0001,202506,24359
25321,0376,0001,202507,15998
25321,0376,0001,202508,39408
25321,0376,0001,202509,14101
25321,0376,0001,202510,18701
25321,0376,0001,202511,45214
25321,0380,0001,202501,6673
25321,0380,0001,202502,6039
25321,0380,0001,202503,5045
25321,0380,0001,202504,5791
25321,0380,0001,202505,6605
25321,0380,0001,202506,5697
25321,0380,0001,202507,4317
25321,0380,0001,202508,4256
25321,0380,0001,202509,4117
25321,0380,0001,202510,4384
25321,0380,0001,202511,3732
25321,0381,0007,202501,3871
25321,0381,0007,202502,4317
25321,0381,0007,202503,5764
25321,0381,0007,202504,1167
25321,0381,0007,202505,1091
25321,0381,0007,202506,924
25321,0381,0007,202507,535
25321,0381,0007,202508,651
25321,0381,0007,202509,758
25321,0381,0007,202510,723
25321,0381,0007,202511,1563
25321,0390,0003,202501,188643
25321,0390,0003,202502,211871
25321,0390,0003,202503,155259
25321,0390,0003,202504,101933
25321,0390,0003,202505,65034
25321,0390,0003,202506,42662
25321,0390,0003,202507,28498
25321,0390,0003,202508,24585
25321,0390,0003,202509,24321
25321,0390,0003,202510,32310
25321,0390,0003,202511,68572
25321,0399,0000,202501,973800
25321,0399,0000,202502,1005550
25321,0399,0000,202503,761779
25321,0399,0000,202504,535900
25321,0399,0000,202505,336296
25321,0399,0000,202506,229443
25321,0399,0000,202507,161399
25321,0399,0000,202508,143627
25321,0399,0000,202509,144029
25321,0399,0000,202510,172108
25321,0399,0000,202511,386976
25321,0399,0006,202501,3764
25321,0399,0006,202502,4552
25321,0399,0006,202503,4657
25321,0399,0006,202504,2653
25321,0399,0006,202505,1150
25321,0399,0006,202506,549
25321,0399,0006,202507,465
25321,0399,0006,202508,372
25321,0399,0006,202509,315
25321,0399,0006,202510,350
25321,0399,0006,202511,327
25322,0006,0000,202501,529
25322,0006,0000,202502,401
25322,0006,0000,202503,424
25322,0006,0000,202504,342
25322,0006,0000,202505,282
25322,0006,0000,202506,246
25322,0006,0000,202507,244
25322,0006,0000,202508,163
25322,0006,0000,202509,163
25322,0006,0000,202510,152
25322,0006,0000,202511,268
25322,0007,0001,202501,1071
25322,0007,0001,202502,1392
25322,0007,0001,202503,1921
25322,0007,0001,202504,814
25322,0007,0001,202505,422
25322,0007,0001,202506,175
25322,0007,0001,202507,93
25322,0007,0001,202508,47
25322,0007,0001,202509,35
25322,0007,0001,202510,58
25322,0007,0001,202511,175
25322,0007,0004,202501,2906
25322,0007,0004,202502,2877
25322,0007,0004,202503,2617
25322,0007,0004,202504,1415
25322,0007,0004,202505,599
25322,0007,0004,202506,280
25322,0007,0004,202507,198
25322,0007,0004,202508,128
25322,0007,0004,202509,93
25322,0007,0004,202510,116
25322,0007,0004,202511,233
25322,0012,0008,202501,4917
25322,0012,0008,202502,4789
25322,0012,0008,202503,6071
25322,0012,0008,202504,4329
25322,0012,0008,202505,2663
25322,0012,0008,202506,2222
25322,0012,0008,202507,1652
25322,0012,0008,202508,1779
25322,0012,0008,202509,1563
25322,0012,0008,202510,1690
25322,0012,0008,202511,2367
25322,0015,0000,202501,156631
25322,0015,0000,202502,161268
25322,0015,0000,202503,120286
25322,0015,0000,202504,89471
25322,0015,0000,202505,53227
25322,0015,0000,202506,35608
25322,0015,0000,202507,27696
25322,0015,0000,202508,24606
25322,0015,0000,202509,25025
25322,0015,0000,202510,26670
25322,0015,0000,202511,66867
25322,0019,0005,202501,12893
25322,0019,0005,202502,17079
25322,0019,0005,202503,12814
25322,0019,0005,202504,9506
25322,0019,0005,202505,9948
25322,0019,0005,202506,7965
25322,0019,0005,202507,10902
25322,0019,0005,202508,14165
25322,0019,0005,202509,11976
25322,0019,0005,202510,5993
25322,0019,0005,202511,4630
25322,0021,0001,202501,2659
25322,0021,0001,202502,1793
25322,0021,0001,202503,2865
25322,0021,0001,202504,1297
25322,0021,0001,202505,809
25322,0021,0001,202506,246
25322,0021,0001,202507,105
25322,0021,0001,202508,70
25322,0021,0001,202509,117
25322,0021,0001,202510,117
25322,0021,0001,202511,362
25322,0039,0001,202503,2995
25322,0039,0001,202504,1828
25322,0039,0001,202505,870
25322,0039,0001,202506,398
25322,0039,0001,202507,233
25322,0039,0001,202508,81
25322,0039,0001,202509,82
25322,0039,0001,202510,70
25322,0039,0001,202511,840
25322,0063,0000,202501,3576
25322,0063,0000,202502,4152
25322,0063,0000,202503,4184
25322,0063,0000,202504,2123
25322,0063,0000,202505,1305
25322,0063,0000,202506,503
25322,0063,0000,202507,58
25322,0063,0000,202508,23
25322,0063,0000,202509,23
25322,0063,0000,202510,23
25322,0063,0000,202511,315
25322,0065,0000,202501,188
25322,0065,0000,202502,307
25322,0065,0000,202503,766
25322,0065,0000,202504,236
25322,0065,0000,202505,223
25322,0065,0000,202506,246
25322,0065,0000,202507,163
25322,0065,0000,202508,93
25322,0065,0000,202509,70
25322,0065,0000,202510,105
25322,0065,0000,202511,303
25322,0072,0000,202501,2882
25322,0072,0000,202502,3291
25322,0072,0000,202503,3395
25322,0072,0000,202504,1911
25322,0072,0000,202505,974
25322,0072,0000,202506,316
25322,0072,0000,202507,70
25322,0072,0000,202508,58
25322,0072,0000,202509,23
25322,0072,0000,202510,35
25322,0072,0000,202511,583
25322,0075,0000,202501,1529
25322,0075,0000,202502,1852
25322,0075,0000,202503,1863
25322,0075,0000,202504,1061
25322,0075,0000,202505,540
25322,0075,0000,202506,269
25322,0075,0000,202507,128
25322,0075,0000,202508,93
25322,0075,0000,202509,47
25322,0075,0000,202510,47
25322,0075,0000,202511,303
25322,0077,0000,202501,3329
25322,0077,0000,202502,4564
25322,0077,0000,202503,4904
25322,0077,0000,202504,2984
25322,0077,0000,202505,1573
25322,0077,0000,202506,550
25322,0077,0000,202507,523
25322,0077,0000,202508,303
25322,0077,0000,202509,293
25322,0077,0000,202510,326
25322,0077,0000,202511,770
25322,0094,0002,202501,2659
25322,0094,0002,202502,3055
25322,0094,0002,202503,2452
25322,0094,0002,202504,1923
25322,0094,0002,202505,1290
25322,0094,0002,202506,515
25322,0094,0002,202507,396
25322,0094,0002,202508,279
25322,0094,0002,202509,186
25322,0094,0002,202510,221
25322,0094,0002,202511,385
25322,0098,0000,202501,1729
25322,0098,0000,202502,2347
25322,0098,0000,202503,2204
25322,0098,0000,202504,684
25322,0098,0000,202505,517
25322,0098,0000,202506,281
25322,0098,0000,202507,93
25322,0098,0000,202510,23
25322,0098,0000,202511,94
25322,0099,0000,202501,2578
25322,0099,0000,202502,2831
25322,0099,0000,202503,3017
25322,0099,0000,202504,1711
25322,0099,0000,202505,1222
25322,0099,0000,202506,315
25322,0099,0000,202507,162
25322,0099,0000,202508,478
25322,0099,0000,202509,105
25322,0099,0000,202510,175
25322,0099,0000,202511,385
25322,0106,0000,202501,2306
25322,0106,0000,202502,2501
25322,0106,0000,202503,2664
25322,0106,0000,202504,1828
25322,0106,0000,202505,1807
25322,0106,0000,202506,982
25322,0106,0000,202507,209
25322,0106,0000,202508,35
25322,0106,0000,202509,82
25322,0106,0000,202510,35
25322,0106,0000,202511,735
25322,0109,0000,202501,1706
25322,0109,0000,202502,2559
25322,0109,0000,202503,1827
25322,0109,0000,202504,1333
25322,0109,0000,202505,962
25322,0109,0000,202506,561
25322,0109,0000,202507,361
25322,0109,0000,202508,244
25322,0109,0000,202509,140
25322,0109,0000,202510,105
25322,0109,0000,202511,268
25322,0116,0002,202501,506
25322,0116,0002,202502,1191
25322,0116,0002,202503,1014
25322,0116,0002,202504,413
25322,0116,0002,202505,141
25322,0116,0002,202506,211
25322,0116,0002,202507,93
25322,0116,0002,202508,151
25322,0116,0002,202509,105
25322,0116,0002,202510,93
25322,0116,0002,202511,222
25322,0119,0002,202501,2279
25322,0119,0002,202502,1179
25322,0119,0002,202503,3383
25322,0119,0002,202504,236
25322,0119,0002,202505,235
25322,0119,0002,202506,152
25322,0119,0002,202507,58
25322,0119,0002,202508,35
25322,0119,0002,202509,35
25322,0119,0002,202510,47
25322,0119,0002,202511,163
25322,0122,0000,202501,4729
25322,0122,0000,202502,4458
25322,0122,0000,202503,4692
25322,0122,0000,202504,3515
25322,0122,0000,202505,2311
25322,0122,0000,202506,1824
25322,0122,0000,202507,1570
25322,0122,0000,202508,1605
25322,0122,0000,202509,1563
25322,0122,0000,202510,1469
25322,0122,0000,202511,1644
25322,0141,0000,202501,5705
25322,0141,0000,202502,6664
25322,0141,0000,202503,5799
25322,0141,0000,202504,2937
25322,0141,0000,202505,3893
25322,0141,0000,202506,2573
25322,0141,0000,202507,1955
25322,0141,0000,202508,1570
25322,0141,0000,202509,327
25322,0141,0000,202510,1656
25322,0141,0000,202511,2939
25322,0176,0000,202501,1623
25322,0176,0000,202502,1993
25322,0176,0000,202503,1603
25322,0176,0000,202504,1014
25322,0176,0000,202505,985
25322,0176,0000,202506,409
25322,0176,0000,202507,105
25322,0176,0000,202508,384
25322,0176,0000,202509,12
25322,0176,0000,202510,128
25322,0176,0000,202511,350
25322,0194,0000,202501,1082
25322,0194,0000,202502,1745
25322,0194,0000,202503,1568
25322,0194,0000,202504,613
25322,0194,0000,202505,352
25322,0194,0000,202506,210
25322,0194,0000,202507,81
25322,0194,0000,202508,59
25322,0194,0000,202509,59
25322,0194,0000,202510,129
25322,0194,0000,202511,420
25322,0215,0010,202501,10528
25322,0215,0010,202502,13553
25322,0215,0010,202503,10880
25322,0215,0010,202504,8822
25322,0215,0010,202505,7250
25322,0215,0010,202506,5146
25322,0215,0010,202507,4980
25322,0215,0010,202508,4187
25322,0215,0010,202509,4711
25322,0215,0010,202510,3942
25322,0215,0010,202511,5062
25322,0221,0000,202501,1565
25322,0221,0000,202502,1887
25322,0221,0000,202503,1485
25322,0221,0000,202504,1215
25322,0221,0000,202505,1068
25322,0221,0000,202506,573
25322,0221,0000,202507,372
25322,0221,0000,202508,314
25322,0221,0000,202509,292
25322,0221,0000,202510,233
25322,0221,0000,202511,525
25322,0231,0006,202501,77314
25322,0231,0006,202502,110631
25322,0231,0006,202503,76987
25322,0231,0006,202504,69255
25322,0231,0006,202505,59260
25322,0231,0006,202506,38790
25322,0231,0006,202507,40009
25322,0231,0006,202508,45192
25322,0231,0006,202509,33044
25322,0231,0006,202510,39357
25322,0231,0006,202511,33393
25322,0387,0005,202501,2988
25322,0387,0005,202502,5060
25322,0387,0005,202503,3325
25322,0387,0005,202504,1934
25322,0387,0005,202505,1607
25322,0387,0005,202506,620
25322,0387,0005,202507,489
25322,0387,0005,202508,268
25322,0387,0005,202509,198
25322,0387,0005,202510,187
25322,0387,0005,202511,758
25322,0388,0005,202501,2635
25322,0388,0005,202502,4341
25322,0388,0005,202503,2794
25322,0388,0005,202504,1309
25322,0388,0005,202505,915
25322,0388,0005,202506,526
25322,0388,0005,202507,198
25322,0388,0005,202508,186
25322,0388,0005,202509,140
25322,0388,0005,202510,152
25322,0388,0005,202511,374
25322,0393,0009,202501,12150
25322,0393,0009,202502,11417
25322,0393,0009,202503,8569
25322,0393,0009,202504,6472
25322,0393,0009,202505,2919
25322,0393,0009,202506,1958
25322,0393,0009,202507,838
25322,0393,0009,202508,909
25322,0393,0009,202509,630
25322,0393,0009,202510,1237
25322,0393,0009,202511,3883
25323,0001,0000,202501,3658
25323,0001,0000,202502,3609
25323,0001,0000,202503,4220
25323,0001,0000,202504,2984
25323,0001,0000,202505,1982
25323,0001,0000,202506,2351
25323,0001,0000,202507,1536
25323,0001,0000,202508,1221
25323,0001,0000,202509,1493
25323,0001,0000,202510,1271
25323,0001,0000,202511,2145
25323,0002,0004,202503,118
25323,0002,0004,202504,684
25323,0002,0004,202505,692
25323,0002,0004,202506,597
25323,0002,0004,202507,500
25323,0002,0004,202508,477
25323,0002,0004,202509,292
25323,0002,0004,202510,396
25323,0002,0004,202511,420
25323,0003,0000,202501,4211
25323,0003,0000,202502,4895
25323,0003,0000,202503,4515
25323,0003,0000,202504,3479
25323,0003,0000,202505,2745
25323,0003,0000,202506,2831
25323,0003,0000,202507,3060
25323,0003,0000,202508,3594
25323,0003,0000,202509,2752
25323,0003,0000,202510,2169
25323,0003,0000,202511,1516
25323,0003,0001,202501,10106
25323,0003,0001,202502,11323
25323,0003,0001,202503,9148
25323,0003,0001,202504,4588
25323,0003,0001,202505,2112
25323,0003,0001,202506,1146
25323,0003,0001,202507,744
25323,0003,0001,202508,128
25323,0003,0001,202509,82
25323,0003,0001,202510,583
25323,0003,0001,202511,5655
25323,0004,0002,202501,1165
25323,0004,0002,202502,1238
25323,0004,0002,202503,1120
25323,0004,0002,202504,932
25323,0004,0002,202505,751
25323,0004,0002,202506,491
25323,0004,0002,202507,326
25323,0004,0002,202508,267
25323,0004,0002,202509,175
25323,0004,0002,202510,245
25323,0004,0002,202511,315
25323,0014,0001,202501,1435
25323,0014,0001,202502,2029
25323,0014,0001,202503,2499
25323,0014,0001,202504,1050
25323,0014,0001,202505,341
25323,0014,0001,202506,199
25323,0014,0001,202507,163
25323,0014,0001,202508,58
25323,0014,0001,202509,58
25323,0014,0001,202510,70
25323,0014,0001,202511,175
25323,0015,0003,202501,14835
25323,0015,0003,202502,14024
25323,0015,0003,202503,14876
25323,0015,0003,202504,7548
25323,0015,0003,202505,2464
25323,0015,0003,202506,866
25323,0015,0003,202507,4759
25323,0015,0003,202508,11944
25323,0015,0003,202509,11428
25323,0015,0003,202510,8081
25323,0015,0003,202511,2670
25323,0018,0004,202501,3918
25323,0018,0004,202502,4140
25323,0018,0004,202503,3855
25323,0018,0004,202504,3114
25323,0018,0004,202505,1983
25323,0018,0004,202506,1240
25323,0018,0004,202507,617
25323,0018,0004,202508,454
25323,0018,0004,202509,280
25323,0018,0004,202510,385
25323,0018,0004,202511,1050
25323,0033,0017,202501,1435
25323,0033,0017,202502,2041
25323,0033,0017,202503,1603
25323,0033,0017,202504,1333
25323,0033,0017,202505,1138
25323,0033,0017,202506,1286
25323,0033,0017,202507,849
25323,0033,0017,202508,849
25323,0033,0017,202509,1073
25323,0033,0017,202510,793
25323,0033,0017,202511,1213
25323,0040,0002,202501,4764
25323,0040,0002,202502,5437
25323,0040,0002,202503,4739
25323,0040,0002,202504,3727
25323,0040,0002,202505,2264
25323,0040,0002,202506,1415
25323,0040,0002,202507,442
25323,0040,0002,202508,256
25323,0040,0002,202509,222
25323,0040,0002,202510,245
25323,0040,0002,202511,828
25323,0042,0002,202501,11693
25323,0042,0002,202502,12349
25323,0042,0002,202503,12166
25323,0042,0002,202504,8810
25323,0042,0002,202505,7215
25323,0042,0002,202506,6620
25323,0042,0002,202507,5061
25323,0042,0002,202508,4605
25323,0042,0002,202509,4804
25323,0042,0002,202510,5131
25323,0042,0002,202511,5213
25323,0042,0008,202501,3894
25323,0042,0008,202502,4364
25323,0042,0008,202503,3761
25323,0042,0008,202504,3243
25323,0042,0008,202505,2429
25323,0042,0008,202506,2188
25323,0042,0008,202507,1489
25323,0042,0008,202508,1500
25323,0042,0008,202509,1423
25323,0042,0008,202510,1644
25323,0042,0008,202511,1318
25323,0044,0001,202501,4894
25323,0044,0001,202502,6570
25323,0044,0001,202503,7049
25323,0044,0001,202504,7537
25323,0044,0001,202505,6863
25323,0044,0001,202506,5567
25323,0044,0001,202507,4829
25323,0044,0001,202508,4815
25323,0044,0001,202509,4385
25323,0044,0001,202510,4699
25323,0044,0001,202511,4758
25323,0058,0003,202501,953
25323,0058,0003,202502,1628
25323,0058,0003,202503,2747
25323,0058,0003,202504,1038
25323,0058,0003,202505,282
25323,0058,0003,202509,12
25323,0058,0003,202510,82
25323,0058,0003,202511,408
25323,0061,0000,202501,16811
25323,0061,0000,202502,17480
25323,0061,0000,202503,14181
25323,0061,0000,202504,11004
25323,0061,0000,202505,10347
25323,0061,0000,202506,9249
25323,0061,0000,202507,8191
25323,0061,0000,202508,8594
25323,0061,0000,202509,7801
25323,0061,0000,202510,7790
25323,0061,0000,202511,8641
25323,0069,0007,202501,671
25323,0069,0007,202502,1215
25323,0069,0007,202503,1014
25323,0069,0007,202504,330
25323,0069,0007,202505,59
25323,0069,0007,202506,23
25323,0091,0000,202501,6964
25323,0091,0000,202502,7643
25323,0091,0000,202503,6673
25323,0091,0000,202504,4671
25323,0091,0000,202505,2593
25323,0091,0000,202506,1989
25323,0091,0000,202507,1210
25323,0091,0000,202508,1198
25323,0091,0000,202509,1574
25323,0091,0000,202510,1633
25323,0091,0000,202511,2472
25323,0097,0000,202501,2165
25323,0097,0000,202502,1934
25323,0097,0000,202503,1780
25323,0097,0000,202504,2088
25323,0097,0000,202505,1865
25323,0097,0000,202506,2176
25323,0097,0000,202507,1966
25323,0097,0000,202508,1826
25323,0097,0000,202509,1819
25323,0097,0000,202510,1947
25323,0097,0000,202511,1959
25323,0099,0000,202501,3670
25323,0099,0000,202502,3763
25323,0099,0000,202503,3266
25323,0099,0000,202504,3692
25323,0099,0000,202505,3789
25323,0099,0000,202506,4105
25323,0099,0000,202507,3490
25323,0099,0000,202508,3454
25323,0099,0000,202509,3825
25323,0099,0000,202510,3906
25323,0099,0000,202511,4431
25323,0102,0001,202501,5776
25323,0102,0001,202502,4270
25323,0102,0001,202503,5163
25323,0102,0001,202504,5614
25323,0102,0001,202505,5866
25323,0102,0001,202506,2608
25323,0102,0001,202507,4270
25323,0102,0001,202508,2535
25323,0102,0001,202509,2915
25323,0102,0001,202510,3067
25323,0102,0001,202511,5784
25323,0109,0002,202501,1082
25323,0109,0002,202502,1321
25323,0109,0002,202503,2039
25323,0109,0002,202504,755
25323,0109,0002,202505,411
25323,0109,0002,202506,210
25323,0109,0002,202507,175
25323,0109,0002,202508,46
25323,0109,0002,202509,35
25323,0109,0002,202510,94
25323,0109,0002,202511,186
25323,0112,0006,202501,1635
25323,0112,0006,202502,1604
25323,0112,0006,202503,2016
25323,0112,0006,202504,932
25323,0112,0006,202505,340
25323,0112,0006,202506,211
25323,0112,0006,202507,105
25323,0112,0006,202509,12
25323,0112,0006,202511,82
25323,0119,0010,202501,718
25323,0119,0010,202502,1238
25323,0119,0010,202503,1179
25323,0119,0010,202504,472
25323,0119,0010,202505,528
25323,0119,0010,202506,339
25323,0119,0010,202507,35
25323,0119,0010,202508,47
25323,0119,0010,202509,47
25323,0119,0010,202510,47
25323,0119,0010,202511,233
25323,0141,0001,202501,475939
25323,0141,0001,202502,501017
25323,0141,0001,202503,382122
25323,0141,0001,202504,260992
25323,0141,0001,202505,157522
25323,0141,0001,202506,115512
25323,0141,0001,202507,83779
25323,0141,0001,202508,71641
25323,0141,0001,202509,66443
25323,0141,0001,202510,87289
25323,0141,0001,202511,183311
25323,0255,0007,202501,3400
25323,0255,0007,202502,3479
25323,0255,0007,202503,4727
25323,0255,0007,202504,2335
25323,0255,0007,202505,1443
25323,0255,0007,202506,725
25323,0255,0007,202507,279
25323,0255,0007,202508,209
25323,0255,0007,202509,175
25323,0255,0007,202510,175
25323,0255,0007,202511,420
25323,0256,0005,202501,929
25323,0256,0005,202502,1332
25323,0256,0005,202503,1756
25323,0256,0005,202504,920
25323,0256,0005,202505,352
25323,0256,0005,202506,269
25323,0256,0005,202507,244
25323,0256,0005,202508,198
25323,0256,0005,202509,175
25323,0256,0005,202510,140
25323,0256,0005,202511,245
25323,0256,0008,202501,3094
25323,0256,0008,202502,2830
25323,0256,0008,202503,2711
25323,0256,0008,202504,1345
25323,0256,0008,202505,809
25323,0256,0008,202506,456
25323,0256,0008,202507,198
25323,0256,0008,202508,291
25323,0256,0008,202509,140
25323,0256,0008,202510,186
25323,0256,0008,202511,268
25323,0256,0010,202501,3153
25323,0256,0010,202502,2996
25323,0256,0010,202503,3902
25323,0256,0010,202504,2158
25323,0256,0010,202505,1373
25323,0256,0010,202506,702
25323,0256,0010,202507,268
25323,0256,0010,202508,186
25323,0256,0010,202509,187
25323,0256,0010,202510,210
25323,0256,0010,202511,571
25323,0256,0016,202501,741
25323,0256,0016,202502,1427
25323,0256,0016,202503,1497
25323,0256,0016,202504,1120
25323,0256,0016,202505,141
25323,0256,0016,202506,140
25323,0256,0016,202507,81
25323,0256,0016,202508,70
25323,0256,0016,202509,82
25323,0256,0016,202510,82
25323,0256,0016,202511,117
25323,0257,0001,202501,191499
25323,0257,0001,202502,199550
25323,0257,0001,202503,150179
25323,0257,0001,202504,95113
25323,0257,0001,202505,50690
25323,0257,0001,202506,29669
25323,0257,0001,202507,18529
25323,0257,0001,202508,17332
25323,0257,0001,202509,17177
25323,0257,0001,202510,24266
25323,0257,0001,202511,72784
25323,0260,0001,202501,306
25323,0260,0001,202502,413
25323,0260,0001,202503,413
25323,0260,0001,202504,295
25323,0260,0001,202505,141
25323,0260,0001,202506,94
25323,0260,0001,202507,151
25323,0260,0001,202508,116
25323,0260,0001,202509,117
25323,0260,0001,202510,105
25323,0260,0001,202511,105
25323,0262,0001,202501,4670
25323,0262,0001,202502,4895
25323,0262,0001,202503,4586
25323,0262,0001,202504,4140
25323,0262,0001,202505,3743
25323,0262,0001,202506,3357
25323,0262,0001,202507,4246
25323,0262,0001,202508,4675
25323,0262,0001,202509,4443
25323,0262,0001,202510,2927
25323,0262,0001,202511,2099
25323,0262,0006,202501,4847
25323,0262,0006,202502,4447
25323,0262,0006,202503,4622
25323,0262,0006,202504,3656
25323,0262,0006,202505,2992
25323,0262,0006,202506,2853
25323,0262,0006,202507,2793
25323,0262,0006,202508,2105
25323,0262,0006,202509,2193
25323,0262,0006,202510,3335
25323,0262,0006,202511,2578
25323,0281,0000,202501,1588
25323,0281,0000,202502,1828
25323,0281,0000,202503,1450
25323,0281,0000,202504,1026
25323,0281,0000,202505,328
25323,0281,0000,202506,117
25323,0281,0000,202507,58
25323,0281,0000,202508,23
25323,0281,0000,202509,12
25323,0281,0000,202511,128
25323,0285,0002,202501,7059
25323,0285,0002,202502,7785
25323,0285,0002,202503,7356
25323,0285,0002,202504,3208
25323,0285,0002,202505,1431
25323,0285,0002,202506,328
25323,0285,0002,202507,291
25323,0285,0002,202508,314
25323,0285,0002,202509,222
25323,0285,0002,202510,303
25323,0285,0002,202511,478
25323,0295,0001,202501,3799
25323,0295,0001,202502,4022
25323,0295,0001,202503,3443
25323,0295,0001,202504,2005
25323,0295,0001,202505,986
25323,0295,0001,202506,736
25323,0295,0001,202507,408
25323,0295,0001,202508,267
25323,0295,0001,202509,175
25323,0295,0001,202510,222
25323,0295,0001,202511,583
25323,0296,0006,202501,5741
25323,0296,0006,202502,6003
25323,0296,0006,202503,6012
25323,0296,0006,202504,4234
25323,0296,0006,202505,4142
25323,0296,0006,202506,2760
25323,0296,0006,202507,1722
25323,0296,0006,202508,1128
25323,0296,0006,202509,664
25323,0296,0006,202510,2145
25323,0296,0006,202511,2344
25323,0297,0000,202501,2247
25323,0297,0000,202502,3444
25323,0297,0000,202503,2782
25323,0297,0000,202504,1344
25323,0297,0000,202505,763
25323,0297,0000,202506,292
25323,0297,0000,202507,198
25323,0297,0000,202508,198
25323,0297,0000,202509,140
25323,0297,0000,202510,129
25323,0297,0000,202511,187
25323,0305,0000,202501,12647
25323,0305,0000,202502,14413
25323,0305,0000,202503,14761
25323,0305,0000,202504,8481
25323,0305,0000,202505,5682
25323,0305,0000,202506,2314
25323,0305,0000,202507,1233
25323,0305,0000,202508,687
25323,0305,0000,202509,514
25323,0305,0000,202510,687
25323,0305,0000,202511,2310
25323,0307,0000,202501,2482
25323,0307,0000,202502,2571
25323,0307,0000,202503,2393
25323,0307,0000,202504,2713
25323,0307,0000,202505,2358
25323,0307,0000,202506,2211
25323,0307,0000,202507,2432
25323,0307,0000,202508,2407
25323,0307,0000,202509,2041
25323,0307,0000,202510,2402
25323,0307,0000,202511,2064
25323,0309,0002,202501,2882
25323,0309,0002,202502,3256
25323,0309,0002,202503,3337
25323,0309,0002,202504,2324
25323,0309,0002,202505,1490
25323,0309,0002,202506,1158
25323,0309,0002,202507,978
25323,0309,0002,202508,1047
25323,0309,0002,202509,956
25323,0309,0002,202510,898
25323,0309,0002,202511,1131
25323,0315,0000,202501,7481
25323,0315,0000,202502,7867
25323,0315,0000,202503,7049
25323,0315,0000,202504,4470
25323,0315,0000,202505,2421
25323,0315,0000,202506,1204
25323,0315,0000,202507,523
25323,0315,0000,202508,279
25323,0315,0000,202509,292
25323,0315,0000,202510,408
25323,0315,0000,202511,1143
25323,0316,0000,202501,3294
25323,0316,0000,202502,3562
25323,0316,0000,202503,3277
25323,0316,0000,202504,1922
25323,0316,0000,202505,1196
25323,0316,0000,202506,549
25323,0316,0000,202507,326
25323,0316,0000,202508,198
25323,0316,0000,202509,117
25323,0316,0000,202510,199
25323,0316,0000,202511,502
25323,0318,0001,202501,4917
25323,0318,0001,202502,4670
25323,0318,0001,202503,3159
25323,0318,0001,202504,1923
25323,0318,0001,202505,1771
25323,0318,0001,202506,924
25323,0318,0001,202507,571
25323,0318,0001,202508,360
25323,0318,0001,202509,186
25323,0318,0001,202510,455
25323,0318,0001,202511,1354
25323,0321,0001,202501,7434
25323,0321,0001,202502,8540
25323,0321,0001,202503,7166
25323,0321,0001,202504,3880
25323,0321,0001,202505,2275
25323,0321,0001,202506,3931
25323,0321,0001,202507,1862
25323,0321,0001,202508,1617
25323,0321,0001,202509,1563
25323,0321,0001,202510,1585
25323,0321,0001,202511,2391
25323,0321,0006,202501,5341
25323,0321,0006,202502,8291
25323,0321,0006,202503,7592
25323,0321,0006,202504,5012
25323,0321,0006,202505,2476
25323,0321,0006,202506,1473
25323,0321,0006,202507,943
25323,0321,0006,202508,593
25323,0321,0006,202509,338
25323,0321,0006,202510,583
25323,0321,0006,202511,1621
25323,0323,0000,202501,2565
25323,0323,0000,202502,3137
25323,0323,0000,202503,3230
25323,0323,0000,202504,2005
25323,0323,0000,202505,1361
25323,0323,0000,202506,620
25323,0323,0000,202507,233
25323,0323,0000,202508,221
25323,0323,0000,202509,198
25323,0323,0000,202510,233
25323,0323,0000,202511,595
25323,0325,0004,202501,3835
25323,0325,0004,202502,4352
25323,0325,0004,202503,4644
25323,0325,0004,202504,3197
25323,0325,0004,202505,2440
25323,0325,0004,202506,2035
25323,0325,0004,202507,1873
25323,0325,0004,202508,2058
25323,0325,0004,202509,2204
25323,0325,0004,202510,1971
25323,0325,0004,202511,2391
25323,0338,0001,202501,2976
25323,0338,0001,202502,5026
25323,0338,0001,202503,5069
25323,0338,0001,202504,2276
25323,0338,0001,202505,1151
25323,0338,0001,202506,457
25323,0338,0001,202507,221
25323,0338,0001,202508,233
25323,0338,0001,202509,152
25323,0338,0001,202510,187
25323,0338,0001,202511,396
25323,0338,0003,202501,1894
25323,0338,0003,202502,2359
25323,0338,0003,202503,2487
25323,0338,0003,202504,1156
25323,0338,0003,202505,352
25323,0338,0003,202506,105
25323,0338,0003,202507,81
25323,0338,0003,202508,81
25323,0338,0003,202509,70
25323,0338,0003,202510,58
25323,0338,0003,202511,362
25323,0342,0000,202501,3659
25323,0342,0000,202502,4057
25323,0342,0000,202503,3796
25323,0342,0000,202504,3845
25323,0342,0000,202505,3214
25323,0342,0000,202506,4070
25323,0342,0000,202507,2909
25323,0342,0000,202508,2628
25323,0342,0000,202509,2869
25323,0342,0000,202510,3055
25323,0342,0000,202511,3778
25323,0348,0008,202501,14393
25323,0348,0008,202502,14728
25323,0348,0008,202503,9938
25323,0348,0008,202504,6790
25323,0348,0008,202505,4448
25323,0348,0008,202506,3485
25323,0348,0008,202507,1862
25323,0348,0008,202508,3157
25323,0348,0008,202509,3229
25323,0348,0008,202510,1727
25323,0348,0008,202511,4665
25324,0162,0028,202501,5529
25324,0162,0028,202502,4270
25324,0162,0028,202503,4892
25324,0162,0028,202504,5024
25324,0162,0028,202505,5314
25324,0162,0028,202506,4491
25324,0162,0028,202507,4258
25324,0162,0028,202508,4233
25324,0162,0028,202509,3580
25324,0162,0028,202510,4816
25324,0162,0028,202511,4676
25324,0166,0010,202501,3647
25324,0166,0010,202502,4069
25324,0166,0010,202503,3419
25324,0166,0010,202504,1864
25324,0166,0010,202505,798
25324,0166,0010,202506,211
25324,0166,0010,202507,93
25324,0166,0010,202508,35
25324,0166,0010,202509,35
25324,0166,0010,202510,35
25324,0166,0010,202511,280
25324,0167,0000,202501,3999
25324,0167,0000,202502,4600
25324,0167,0000,202503,4232
25324,0167,0000,202504,3939
25324,0167,0000,202505,3097
25324,0167,0000,202506,2655
25324,0167,0000,202507,2396
25324,0167,0000,202508,2175
25324,0167,0000,202509,2530
25324,0167,0000,202510,1947
25324,0167,0000,202511,1936
25324,0169,0002,202501,10823
25324,0169,0002,202502,11158
25324,0169,0002,202503,10928
25324,0169,0002,202504,11441
25324,0169,0002,202505,7602
25324,0169,0002,202506,8036
25324,0169,0002,202507,7760
25324,0169,0002,202508,6641
25324,0169,0002,202509,7766
25324,0169,0002,202510,8127
25324,0169,0002,202511,8536
25324,0170,0000,202501,308677
25324,0170,0000,202502,314846
25324,0170,0000,202503,250093
25324,0170,0000,202504,172406
25324,0170,0000,202505,108795
25324,0170,0000,202506,78543
25324,0170,0000,202507,56644
25324,0170,0000,202508,50603
25324,0170,0000,202509,51783
25324,0170,0000,202510,60974
25324,0170,0000,202511,125963
25324,0178,0026,202501,156605
25324,0178,0026,202502,159503
25324,0178,0026,202503,117593
25324,0178,0026,202504,74733
25324,0178,0026,202505,43297
25324,0178,0026,202506,25603
25324,0178,0026,202507,16200
25324,0178,0026,202508,14009
25324,0178,0026,202509,12028
25324,0178,0026,202510,17815
25324,0178,0026,202511,54412
25324,0178,0029,202501,3741
25324,0178,0029,202502,3892
25324,0178,0029,202503,3690
25324,0178,0029,202504,2607
25324,0178,0029,202505,2393
25324,0178,0029,202506,2222
25324,0178,0029,202507,2909
25324,0178,0029,202508,7955
25324,0178,0029,202509,4291
25324,0178,0029,202510,2857
25324,0178,0029,202511,2192
25324,0178,0033,202501,2470
25324,0178,0033,202502,2725
25324,0178,0033,202503,2122
25324,0178,0033,202504,2748
25324,0178,0033,202505,3214
25324,0178,0033,202506,2772
25324,0178,0033,202507,2944
25324,0178,0033,202508,2407
25324,0178,0033,202509,2939
25324,0178,0033,202510,1912
25324,0178,0033,202511,1773
25324,0396,0027,202501,2576
25324,0396,0027,202502,2571
25324,0396,0027,202503,6649
25324,0396,0027,202504,2112
25324,0396,0027,202505,868
25324,0396,0027,202506,573
25324,0396,0027,202507,93
25324,0396,0027,202508,23
25324,0396,0027,202509,12
25324,0396,0027,202510,58
25324,0396,0027,202511,338
25324,0642,0001,202501,7294
25324,0642,0001,202502,7277
25324,0642,0001,202503,6637
25324,0642,0001,202504,4871
25324,0642,0001,202505,5631
25324,0642,0001,202506,5497
25324,0642,0001,202507,4922
25324,0642,0001,202508,5082
25324,0642,0001,202509,4886
25324,0642,0001,202510,4676
25324,0642,0001,202511,5341
25324,0705,0002,202501,2176
25324,0705,0002,202502,2359
25324,0705,0002,202503,1957
25324,0705,0002,202504,1238
25324,0705,0002,202505,469
25324,0705,0002,202506,82
25324,0705,0002,202507,58
25324,0705,0002,202508,23
25324,0705,0002,202509,12
25324,0705,0002,202510,12
25324,0705,0002,202511,105
25324,0706,0002,202501,1412
25324,0706,0002,202502,1616
25324,0706,0002,202503,1391
25324,0706,0002,202504,1003
25324,0706,0002,202505,622
25324,0706,0002,202506,327
25324,0706,0002,202507,151
25324,0706,0002,202508,93
25324,0706,0002,202509,117
25324,0706,0002,202510,82
25324,0706,0002,202511,175
25324,0712,0003,202501,1576
25324,0712,0003,202502,1616
25324,0712,0003,202503,1957
25324,0712,0003,202504,955
25324,0712,0003,202505,528
25324,0712,0003,202506,339
25324,0712,0003,202507,93
25324,0712,0003,202508,47
25324,0712,0003,202509,47
25324,0712,0003,202510,35
25324,0712,0003,202511,210
25324,0714,0010,202501,9235
25324,0714,0010,202502,7419
25324,0714,0010,202503,10209
25324,0714,0010,202504,8421
25324,0714,0010,202505,7590
25324,0714,0010,202506,7731
25324,0714,0010,202507,6760
25324,0714,0010,202508,6978
25324,0714,0010,202509,8326
25324,0714,0010,202510,6891
25324,0714,0010,202511,7709
25324,1013,0000,202501,878425
25324,1013,0000,202502,880747
25324,1013,0000,202503,634953
25324,1013,0000,202504,395545
25324,1013,0000,202505,172862
25324,1013,0000,202506,105580
25324,1013,0000,202507,80169
25324,1013,0000,202508,65435
25324,1013,0000,202509,48290
25324,1013,0000,202510,84996
25324,1013,0000,202511,254292
25324,1018,0000,202501,9423
25324,1018,0000,202502,11300
25324,1018,0000,202503,10185
25324,1018,0000,202504,6370
25324,1018,0000,202505,3555
25324,1018,0000,202506,2070
25324,1018,0000,202507,1175
25324,1018,0000,202508,872
25324,1018,0000,202509,898
25324,1018,0000,202510,793
25324,1018,0000,202511,1471
25325,0016,0000,202501,5670
25325,0016,0000,202502,4659
25325,0016,0000,202503,5588
25325,0016,0000,202504,3113
25325,0016,0000,202505,1689
25325,0016,0000,202506,971
25325,0016,0000,202507,931
25325,0016,0000,202508,581
25325,0016,0000,202509,595
25325,0016,0000,202510,793
25325,0016,0000,202511,863
25325,0133,0002,202501,3718
25325,0133,0002,202502,3586
25325,0133,0002,202503,3159
25325,0133,0002,202504,2559
25325,0133,0002,202505,1665
25325,0133,0002,202506,1310
25325,0133,0002,202507,943
25325,0133,0002,202508,861
25325,0133,0002,202509,630
25325,0133,0002,202510,886
25325,0133,0002,202511,968
25325,0142,0003,202501,1023
25325,0142,0003,202502,1156
25325,0142,0003,202503,1073
25325,0142,0003,202504,849
25325,0142,0003,202505,598
25325,0142,0003,202506,187
25325,0142,0003,202507,93
25325,0142,0003,202508,105
25325,0142,0003,202509,82
25325,0142,0003,202510,105
25325,0142,0003,202511,187
25325,0143,0005,202501,9276
25325,0143,0005,202502,3148
25325,0143,0005,202503,1788
25325,0143,0005,202504,8740
25325,0143,0005,202505,10863
25325,0143,0005,202506,9932
25325,0143,0005,202507,5967
25325,0143,0005,202508,4506
25325,0143,0005,202509,3527
25325,0143,0005,202510,7820
25325,0143,0005,202511,5863
25325,0581,0000,202501,394059
25325,0581,0000,202502,406400
25325,0581,0000,202503,307118
25325,0581,0000,202504,225241
25325,0581,0000,202505,140562
25325,0581,0000,202506,98514
25325,0581,0000,202507,77098
25325,0581,0000,202508,65331
25325,0581,0000,202509,61074
25325,0581,0000,202510,75992
25325,0581,0000,202511,162577
25325,0581,0001,202501,1532562
25325,0581,0001,202502,1590764
25325,0581,0001,202503,1171724
25325,0581,0001,202504,803314
25325,0581,0001,202505,488654
25325,0581,0001,202506,330029
25325,0581,0001,202507,235340
25325,0581,0001,202508,222311
25325,0581,0001,202509,203410
25325,0581,0001,202510,265184
25325,0581,0001,202511,619664
25325,0581,0004,202501,168397
25325,0581,0004,202502,184716
25325,0581,0004,202503,134095
25325,0581,0004,202504,96782
25325,0581,0004,202505,57463
25325,0581,0004,202506,43114
25325,0581,0004,202507,30023
25325,0581,0004,202508,25995
25325,0581,0004,202509,26205
25325,0581,0004,202510,30296
25325,0581,0004,202511,69346
25325,0581,0006,202501,1223
25325,0581,0006,202502,1156
25325,0581,0006,202503,1226
25325,0581,0006,202504,991
25325,0581,0006,202505,1244
25325,0581,0006,202506,1099
25325,0581,0006,202507,1024
25325,0581,0006,202508,907
25325,0581,0006,202509,1061
25325,0581,0006,202510,1166
25325,0581,0006,202511,933
25325,0581,0013,202501,19999
25325,0581,0013,202502,20393
25325,0581,0013,202503,17954
25325,0581,0013,202504,15344
25325,0581,0013,202505,14242
25325,0581,0013,202506,4480
25325,0581,0013,202507,3479
25325,0581,0013,202508,3466
25325,0581,0013,202509,2589
25325,0581,0013,202510,3755
25325,0581,0013,202511,3009
25325,0581,0014,202501,1976
25325,0581,0014,202502,1899
25325,0581,0014,202503,1603
25325,0581,0014,202504,1793
25325,0581,0014,202505,2170
25325,0581,0014,202506,1801
25325,0581,0014,202507,1897
25325,0581,0014,202508,1640
25325,0581,0014,202509,1469
25325,0581,0014,202510,1854
25325,0581,0014,202511,1586
25325,0582,0000,202501,30682
25325,0582,0000,202502,12199
25325,0582,0000,202503,7065
25325,0582,0000,202504,21391
25325,0582,0000,202505,17648
25325,0582,0000,202506,13582
25325,0582,0000,202507,24138
25325,0582,0000,202508,29441
25325,0582,0000,202509,20933
25325,0582,0000,202510,42192
25325,0582,0000,202511,12994
25325,0583,0004,202501,23575
25325,0583,0004,202502,24393
25325,0583,0004,202503,18437
25325,0583,0004,202504,11911
25325,0583,0004,202505,7592
25325,0583,0004,202506,4909
25325,0583,0004,202507,4003
25325,0583,0004,202508,3095
25325,0583,0004,202509,2320
25325,0583,0004,202510,5329
25325,0583,0004,202511,10740
25325,0583,0009,202501,788
25325,0583,0009,202502,849
25325,0583,0009,202503,919
25325,0583,0009,202504,118
25325,0583,0011,202501,47
25325,0583,0011,202502,1274
25325,0583,0011,202503,684
25325,0583,0012,202501,3082
25325,0583,0012,202502,3125
25325,0583,0012,202503,3596
25325,0583,0012,202504,2430
25325,0583,0012,202505,845
25325,0583,0012,202506,316
25325,0583,0012,202507,116
25325,0583,0012,202508,93
25325,0583,0012,202509,82
25325,0583,0012,202510,129
25325,0583,0012,202511,420
25325,0584,0000,202501,324727
25325,0584,0000,202502,340215
25325,0584,0000,202503,260972
25325,0584,0000,202504,185669
25325,0584,0000,202505,94475
25325,0584,0000,202506,59291
25325,0584,0000,202507,40223
25325,0584,0000,202508,34381
25325,0584,0000,202509,31640
25325,0584,0000,202510,41510
25325,0584,0000,202511,120644
25325,0585,0001,202501,1518
25325,0585,0001,202502,1993
25325,0585,0001,202503,2275
25325,0585,0001,202504,885
25325,0585,0001,202505,598
25325,0585,0001,202506,327
25325,0585,0001,202507,198
25325,0585,0001,202508,47
25325,0585,0001,202509,47
25325,0585,0001,202510,82
25325,0585,0001,202511,187
25325,0585,0008,202501,2776
25325,0585,0008,202502,3904
25325,0585,0008,202503,3914
25325,0585,0008,202504,2040
25325,0585,0008,202505,1396
25325,0585,0008,202506,550
25325,0585,0008,202507,163
25325,0585,0008,202508,140
25325,0585,0008,202509,82
25325,0585,0008,202510,117
25325,0585,0008,202511,606
25325,0585,0010,202501,67116
25325,0585,0010,202502,69702
25325,0585,0010,202503,59657
25325,0585,0010,202504,81304
25325,0585,0010,202505,90391
25325,0585,0010,202506,64677
25325,0585,0010,202507,52538
25325,0585,0010,202508,36232
25325,0585,0010,202509,30220
25325,0585,0010,202510,39984
25325,0585,0010,202511,45971
25325,0585,0012,202501,2294
25325,0585,0012,202502,2182
25325,0585,0012,202503,2417
25325,0585,0012,202504,1710
25325,0585,0012,202505,927
25325,0585,0012,202506,468
25325,0585,0012,202507,291
25325,0585,0012,202508,105
25325,0585,0012,202509,128
25325,0585,0012,202510,210
25325,0585,0012,202511,653
25325,0585,0013,202501,1882
25325,0585,0013,202502,1451
25325,0585,0013,202503,2004
25325,0585,0013,202504,1580
25325,0585,0013,202505,974
25325,0585,0013,202506,246
25325,0585,0013,202507,186
25325,0585,0013,202508,93
25325,0585,0013,202509,82
25325,0585,0013,202510,81
25325,0585,0013,202511,198
25325,0586,0000,202501,2870
25325,0586,0000,202502,3668
25325,0586,0000,202503,3525
25325,0586,0000,202504,1698
25325,0586,0000,202505,727
25325,0586,0000,202506,351
25325,0586,0000,202507,291
25325,0586,0000,202508,174
25325,0586,0000,202509,163
25325,0586,0000,202510,187
25325,0586,0000,202511,700
25325,0586,0001,202501,2894
25325,0586,0001,202502,3432
25325,0586,0001,202503,3183
25325,0586,0001,202504,2076
25325,0586,0001,202505,1619
25325,0586,0001,202506,994
25325,0586,0001,202507,652
25325,0586,0001,202508,384
25325,0586,0001,202509,222
25325,0586,0001,202510,326
25325,0586,0001,202511,816
25325,0586,0002,202501,776
25325,0586,0002,202502,1050
25325,0586,0002,202503,1049
25325,0586,0002,202504,330
25325,0586,0002,202505,305
25325,0586,0002,202506,70
25325,0586,0002,202507,12
25325,0586,0004,202501,1412
25325,0586,0004,202502,1215
25325,0586,0004,202503,1745
25325,0586,0004,202504,1132
25325,0586,0004,202505,633
25325,0586,0004,202506,339
25325,0586,0004,202507,140
25325,0586,0004,202508,140
25325,0586,0004,202509,82
25325,0586,0004,202510,128
25325,0586,0004,202511,187
25325,0588,0001,202501,1612
25325,0588,0001,202502,1581
25325,0588,0001,202503,1933
25325,0588,0001,202504,908
25325,0588,0001,202505,305
25325,0588,0001,202506,58
25325,0588,0001,202507,23
25325,0588,0001,202508,23
25325,0588,0001,202510,12
25325,0588,0001,202511,175
25325,0589,0000,202501,741
25325,0589,0000,202502,743
25325,0589,0000,202503,283
25325,0589,0000,202504,495
25325,0589,0000,202505,1103
25325,0589,0000,202506,901
25325,0589,0000,202507,803
25325,0589,0000,202508,628
25325,0589,0000,202509,711
25325,0589,0000,202510,921
25325,0589,0000,202511,746
25325,0589,0004,202501,1353
25325,0589,0004,202502,1156
25325,0589,0004,202503,1155
25325,0589,0004,202504,342
25325,0589,0005,202501,10258
25325,0589,0005,202502,10591
25325,0589,0005,202503,5293
25325,0589,0005,202504,4435
25325,0589,0005,202505,4036
25325,0589,0005,202506,2936
25325,0589,0005,202507,2839
25325,0589,0005,202508,2233
25325,0589,0005,202509,2251
25325,0589,0005,202510,2029
25325,0589,0005,202511,2939
25325,0589,0012,202501,10893
25325,0589,0012,202502,11510
25325,0589,0012,202503,11316
25325,0589,0012,202504,7724
25325,0589,0012,202505,6839
25325,0589,0012,202506,4773
25325,0589,0012,202507,5434
25325,0589,0012,202508,4199
25325,0589,0012,202509,4630
25325,0589,0012,202510,4291
25325,0589,0012,202511,3872
25325,0590,0004,202501,929
25325,0590,0004,202502,5685
25325,0590,0004,202503,10609
25325,0590,0004,202504,10615
25325,0590,0004,202505,4458
25325,0590,0004,202506,1170
25325,0590,0004,202507,3363
25325,0590,0004,202508,128
25325,0590,0004,202509,233
25325,0590,0004,202510,350
25325,0590,0004,202511,2391
25325,0590,0008,202501,2142
25325,0590,0008,202502,2783
25325,0590,0008,202503,3229
25325,0590,0008,202504,1627
25325,0590,0008,202505,1502
25325,0590,0008,202506,1416
25325,0590,0008,202507,1629
25325,0590,0008,202508,1488
25325,0590,0008,202509,1481
25325,0590,0008,202510,1527
25325,0590,0008,202511,1213
25325,0591,0000,202501,1000
25325,0591,0000,202502,1392
25325,0591,0000,202503,1532
25325,0591,0000,202504,366
25325,0591,0000,202505,270
25325,0591,0000,202506,164
25325,0591,0000,202507,128
25325,0591,0000,202508,93
25325,0591,0000,202509,47
25325,0591,0000,202510,82
25325,0591,0000,202511,93
25325,0591,0001,202501,59
25325,0591,0001,202502,59
25325,0591,0001,202503,59
25325,0591,0001,202504,47
25325,0591,0001,202505,70
25325,0591,0001,202506,47
25325,0591,0001,202507,35
25325,0591,0001,202508,23
25325,0591,0001,202509,12
25325,0591,0001,202510,23
25325,0591,0001,202511,47
25325,0591,0003,202501,800
25325,0591,0003,202502,790
25325,0591,0003,202503,1320
25325,0591,0003,202504,625
25325,0591,0003,202505,94
25325,0591,0003,202506,12
25325,0591,0003,202507,12
25325,0591,0003,202508,12
25325,0591,0003,202511,82
25325,0591,0004,202501,2588
25325,0591,0004,202502,3090
25325,0591,0004,202503,2971
25325,0591,0004,202504,1781
25325,0591,0004,202505,1361
25325,0591,0004,202506,374
25325,0591,0004,202507,256
25325,0591,0004,202508,93
25325,0591,0004,202509,105
25325,0591,0004,202510,82
25325,0591,0004,202511,513
25325,0591,0007,202501,1435
25325,0591,0007,202502,1746
25325,0591,0007,202503,1886
25325,0591,0007,202504,944
25325,0591,0007,202505,387
25325,0591,0007,202506,164
25325,0591,0007,202507,116
25325,0591,0007,202508,47
25325,0591,0007,202509,23
25325,0591,0007,202510,47
25325,0591,0012,202501,1435
25325,0591,0012,202502,2383
25325,0591,0012,202503,2287
25325,0591,0012,202504,1333
25325,0591,0012,202505,411
25325,0591,0012,202506,152
25325,0591,0012,202507,93
25325,0591,0012,202508,93
25325,0591,0012,202509,70
25325,0591,0012,202510,93
25325,0591,0012,202511,210
25325,0591,0013,202501,1906
25325,0591,0013,202502,2371
25325,0591,0013,202503,2110
25325,0591,0013,202504,967
25325,0591,0013,202505,657
25325,0591,0013,202506,152
25325,0591,0013,202507,35
25325,0591,0013,202508,58
25325,0591,0013,202509,23
25325,0591,0013,202510,23
25325,0591,0013,202511,560
25325,0591,0014,202501,9118
25325,0591,0014,202502,11563
25325,0591,0014,202503,9275
25325,0591,0014,202504,5564
25325,0591,0014,202505,2918
25325,0591,0014,202506,1996
25325,0591,0014,202507,1489
25325,0591,0014,202508,1666
25325,0591,0014,202509,1471
25325,0591,0014,202510,1819
25325,0591,0014,202511,3730
25325,0592,0004,202503,12
25325,0592,0004,202505,12
25325,0592,0004,202506,35
25325,0592,0004,202507,12
25325,0592,0004,202509,12
25325,0592,0004,202510,12
25325,0592,0004,202511,12
25325,0592,0010,202501,6541
25325,0592,0010,202502,5969
25325,0592,0010,202503,6495
25325,0592,0010,202504,3810
25325,0592,0010,202505,3085
25325,0592,0010,202506,1941
25325,0592,0010,202507,1606
25325,0592,0010,202508,1523
25325,0592,0010,202509,1236
25325,0592,0010,202510,1784
25325,0592,0010,202511,2320
25325,0592,0011,202501,12912
25325,0592,0011,202502,13475
25325,0592,0011,202503,10513
25325,0592,0011,202504,5895
25325,0592,0011,202505,3778
25325,0592,0011,202506,3164
25325,0592,0011,202507,2710
25325,0592,0011,202508,2352
25325,0592,0011,202509,2425
25325,0592,0011,202510,2475
25325,0592,0011,202511,4163
25325,0593,0001,202501,153254
25325,0593,0001,202502,152985
25325,0593,0001,202503,120111
25325,0593,0001,202504,87878
25325,0593,0001,202505,52513
25325,0593,0001,202506,34696
25325,0593,0001,202507,25986
25325,0593,0001,202508,20414
25325,0593,0001,202509,21101
25325,0593,0001,202510,26418
25325,0593,0001,202511,56085
25325,0593,0002,202501,493143
25325,0593,0002,202502,503304
25325,0593,0002,202503,362364
25325,0593,0002,202504,238510
25325,0593,0002,202505,128287
25325,0593,0002,202506,76277
25325,0593,0002,202507,44405
25325,0593,0002,202508,39817
25325,0593,0002,202509,33790
25325,0593,0002,202510,58713
25325,0593,0002,202511,188523
25325,0593,0005,202501,770943
25325,0593,0005,202502,779948
25325,0593,0005,202503,594853
25325,0593,0005,202504,387979
25325,0593,0005,202505,182196
25325,0593,0005,202506,101800
25325,0593,0005,202507,67279
25325,0593,0005,202508,58333
25325,0593,0005,202509,54639
25325,0593,0005,202510,88823
25325,0593,0005,202511,271805
25325,0594,0000,202501,523715
25325,0594,0000,202502,554880
25325,0594,0000,202503,427966
25325,0594,0000,202504,296234
25325,0594,0000,202505,183146
25325,0594,0000,202506,126010
25325,0594,0000,202507,101485
25325,0594,0000,202508,83957
25325,0594,0000,202509,84322
25325,0594,0000,202510,98609
25325,0594,0000,202511,213368
25325,0594,0003,202501,320424
25325,0594,0003,202502,344726
25325,0594,0003,202503,273397
25325,0594,0003,202504,183762
25325,0594,0003,202505,125917
25325,0594,0003,202506,90990
25325,0594,0003,202507,62342
25325,0594,0003,202508,61363
25325,0594,0003,202509,55612
25325,0594,0003,202510,64132
25325,0594,0003,202511,134903
25325,0595,0000,202501,165
25325,0595,0000,202502,295
25325,0595,0000,202503,271
25325,0595,0000,202504,248
25325,0595,0000,202505,153
25325,0595,0000,202506,187
25325,0595,0000,202507,151
25325,0595,0000,202508,174
25325,0595,0000,202509,233
25325,0595,0000,202510,245
25325,0595,0000,202511,210
25325,0595,0001,202501,3918
25325,0595,0001,202502,2453
25325,0595,0001,202503,3525
25325,0595,0001,202504,1722
25325,0595,0001,202505,845
25325,0595,0001,202506,421
25325,0595,0001,202507,454
25325,0595,0001,202508,314
25325,0595,0001,202509,198
25325,0595,0001,202510,362
25325,0595,0001,202511,514
25325,0595,0018,202501,3965
25325,0595,0018,202502,4741
25325,0595,0018,202503,4244
25325,0595,0018,202504,2500
25325,0595,0018,202505,1232
25325,0595,0018,202506,339
25325,0595,0018,202507,245
25325,0595,0018,202508,314
25325,0595,0018,202509,256
25325,0595,0018,202510,269
25325,0595,0018,202511,409
25325,0595,0019,202501,3035
25325,0595,0019,202502,3268
25325,0595,0019,202503,3241
25325,0595,0019,202504,2111
25325,0595,0019,202505,1385
25325,0595,0019,202506,258
25325,0595,0019,202507,291
25325,0595,0019,202508,162
25325,0595,0019,202509,187
25325,0595,0019,202510,221
25325,0595,0019,202511,350
25325,0595,0020,202501,3529
25325,0595,0020,202502,4340
25325,0595,0020,202503,4951
25325,0595,0020,202504,3514
25325,0595,0020,202505,2006
25325,0595,0020,202506,1123
25325,0595,0020,202507,1129
25325,0595,0020,202508,1059
25325,0595,0020,202509,899
25325,0595,0020,202510,1049
25325,0595,0020,202511,1247
25325,0595,0021,202501,2012
25325,0595,0021,202502,2123
25325,0595,0021,202503,2452
25325,0595,0021,202504,1922
25325,0595,0021,202505,1244
25325,0596,0007,202501,5717
25325,0596,0007,202502,4518
25325,0596,0007,202503,5093
25325,0596,0007,202504,3373
25325,0596,0007,202505,1760
25325,0596,0007,202506,1030
25325,0596,0007,202507,861
25325,0596,0007,202508,639
25325,0596,0007,202509,583
25325,0596,0007,202510,618
25325,0596,0007,202511,1108
25325,0597,0001,202507,407
25325,0597,0001,202508,628
25325,0597,0001,202509,338
25325,0597,0001,202510,443
25325,0597,0001,202511,466
25325,0597,0002,202501,412
25325,0597,0002,202502,130
25325,0597,0002,202503,248
25325,0597,0002,202504,142
25325,0597,0002,202505,692
25325,0597,0002,202506,316
25325,0597,0002,202507,116
25325,0597,0002,202508,372
25325,0597,0003,202501,7028
25325,0597,0003,202502,5846
25325,0597,0003,202503,4590
25325,0597,0003,202504,2417
25325,0597,0003,202505,969
25325,0597,0003,202506,687
25325,0597,0003,202507,570
25325,0597,0003,202508,583
25325,0597,0003,202509,524
25325,0597,0003,202510,490
25325,0597,0003,202511,2203
25325,0597,0004,202501,13188
25325,0597,0004,202502,10356
25325,0597,0004,202503,10539
25325,0597,0004,202504,10308
25325,0597,0004,202505,10277
25325,0597,0004,202506,8211
25325,0597,0004,202507,7423
25325,0597,0004,202508,5966
25325,0597,0004,202509,6029
25325,0597,0004,202510,7661
25325,0597,0004,202511,7207
25325,0598,0000,202501,1953
25325,0598,0000,202502,2029
25325,0598,0000,202503,2122
25325,0598,0000,202504,1321
25325,0598,0000,202505,481
25325,0598,0000,202506,129
25325,0598,0000,202507,128
25325,0598,0000,202508,23
25325,0598,0000,202509,12
25325,0598,0000,202510,58
25325,0598,0000,202511,431
25325,0599,0006,202501,4235
25325,0599,0006,202502,4081
25325,0599,0006,202503,4645
25325,0599,0006,202504,2901
25325,0599,0006,202505,1537
25325,0599,0006,202506,608
25325,0599,0006,202507,361
25325,0599,0006,202508,186
25325,0599,0006,202509,128
25325,0599,0006,202510,198
25325,0599,0006,202511,665
25325,0599,0007,202501,5588
25325,0599,0007,202502,4588
25325,0599,0007,202503,5458
25325,0599,0007,202504,3208
25325,0599,0007,202505,1678
25325,0599,0007,202506,842
25325,0599,0007,202507,279
25325,0599,0007,202508,198
25325,0599,0007,202509,210
25325,0599,0007,202510,210
25325,0599,0007,202511,863
25325,0599,0009,202501,1965
25325,0599,0009,202502,1604
25325,0599,0009,202503,2204
25325,0599,0009,202504,543
25325,0599,0009,202505,117
25325,0599,0009,202506,117
25325,0599,0009,202507,81
25325,0599,0009,202508,35
25325,0599,0009,202509,58
25325,0599,0009,202510,58
25325,0599,0009,202511,163
25325,0599,0010,202501,7329
25325,0599,0010,202502,6417
25325,0599,0010,202503,7085
25325,0599,0010,202504,6098
25325,0599,0010,202505,7191
25325,0599,0010,202506,7218
25325,0599,0010,202507,8226
25325,0599,0010,202508,6710
25325,0599,0010,202509,6553
25325,0599,0010,202510,8232
25325,0599,0010,202511,7978
25325,0599,0012,202501,10811
25325,0599,0012,202502,9471
25325,0599,0012,202503,9926
25325,0599,0012,202504,9330
25325,0599,0012,202505,9889
25325,0599,0012,202506,7579
25325,0599,0012,202507,8296
25325,0599,0012,202508,7547
25325,0599,0012,202509,6903
25325,0599,0012,202510,8769
25325,0599,0012,202511,7324
25325,0599,0013,202501,694
25325,0599,0013,202502,496
25325,0599,0013,202503,495
25325,0599,0013,202504,555
25325,0599,0013,202505,493
25325,0599,0013,202506,374
25325,0599,0013,202507,361
25325,0599,0013,202508,221
25325,0599,0013,202509,257
25325,0599,0013,202510,292
25325,0599,0013,202511,280
25325,0599,0014,202501,7494
25325,0599,0014,202502,6558
25325,0599,0014,202503,7545
25325,0599,0014,202504,5131
25325,0599,0014,202505,4305
25325,0599,0014,202506,3006
25325,0599,0014,202507,2886
25325,0599,0014,202508,2942
25325,0599,0014,202509,2857
25325,0599,0014,202510,3102
25325,0599,0014,202511,3277
25325,0600,0001,202510,12
25327,0097,0012,202501,3976
25327,0097,0012,202502,3538
25327,0097,0012,202503,5387
25327,0097,0012,202504,4199
25327,0097,0012,202505,3648
25327,0097,0012,202506,3041
25327,0097,0012,202507,2792
25327,0097,0012,202508,3582
25327,0097,0012,202509,2985
25327,0097,0012,202510,2845
25327,0097,0012,202511,3744
25329,0636,0000,202507,430
25329,0636,0000,202508,361
25329,0636,0000,202509,257
25329,0636,0000,202510,583
25329,0636,0000,202511,1003
25329,0663,0000,202507,2350
25329,0663,0000,202508,2477
25329,0663,0000,202509,2146
25329,0663,0000,202510,2285
25329,0663,0000,202511,2461
25329,0719,0000,202507,47
25329,0719,0000,202508,23
25329,0719,0000,202509,12
25329,0719,0000,202510,23
25329,0719,0000,202511,257
25329,0838,0000,202507,279
25329,0838,0000,202508,174
25329,0838,0000,202509,163
25329,0838,0000,202510,117
25329,0838,0000,202511,303
25329,0841,0022,202510,35
25329,0841,0022,202511,105
25329,0928,0000,202507,105
25329,0928,0000,202508,47
25329,0928,0000,202509,12
25329,0928,0000,202510,58
25329,0928,0000,202511,163
25329,0930,0000,202507,35
25329,0930,0000,202508,47
25329,0930,0000,202509,58
25329,0930,0000,202510,35
25329,0930,0000,202511,58
25329,0947,0000,202507,198
25329,0947,0000,202508,58
25329,0947,0000,202509,58
25329,0947,0000,202510,58
25329,0947,0000,202511,280
25330,0298,0004,202501,4800
25330,0298,0004,202502,5496
25330,0298,0004,202503,6189
25330,0298,0004,202504,3621
25330,0298,0004,202505,1490
25330,0298,0004,202506,971
25330,0298,0004,202507,768
25330,0298,0004,202508,628
25330,0298,0004,202509,466
25330,0298,0004,202510,723
25330,0298,0004,202511,1073
25330,0375,0002,202501,1976
25330,0375,0002,202502,2123
25330,0375,0002,202503,2075
25330,0375,0002,202504,1050
25330,0375,0002,202505,551
25330,0375,0002,202506,175
25330,0375,0002,202507,116
25330,0375,0002,202508,70
25330,0375,0002,202509,35
25330,0375,0002,202510,82
25330,0375,0002,202511,327
25330,0381,0000,202501,1494
25330,0381,0000,202502,2217
25330,0381,0000,202503,1615
25330,0381,0000,202504,507
25330,0381,0000,202505,223
25330,0381,0000,202506,292
25330,0381,0000,202507,23
25330,0381,0000,202508,47
25330,0381,0000,202509,23
25330,0381,0000,202510,12
25330,0381,0000,202511,338
25330,0384,0000,202501,482
25330,0384,0000,202502,1097
25330,0384,0000,202503,1167
25330,0384,0000,202504,649
25330,0384,0000,202505,199
25330,0384,0000,202506,35
25330,0384,0000,202507,23
25330,0384,0000,202508,12
25330,0384,0000,202509,23
25330,0384,0000,202510,23
25330,0384,0000,202511,35
25330,0407,0008,202501,3164
25330,0407,0008,202502,3303
25330,0407,0008,202503,3831
25330,0407,0008,202504,2017
25330,0407,0008,202505,774
25330,0407,0008,202506,211
25330,0407,0008,202507,163
25330,0407,0008,202508,128
25330,0407,0008,202509,105
25330,0407,0008,202510,128
25330,0407,0008,202511,385
25330,0417,0002,202501,271
25330,0417,0002,202502,731
25330,0417,0002,202503,896
25330,0417,0002,202504,224
25330,0508,0003,202507,337
25330,0508,0003,202508,58
25330,0508,0003,202509,47
25330,0508,0003,202510,82
25330,0508,0003,202511,1504
25330,0518,0002,202511,82
25330,0519,0003,202509,257
25330,0519,0003,202510,431
25330,0519,0003,202511,910
25330,0536,0001,202501,2529
25330,0536,0001,202502,3586
25330,0536,0001,202503,4503
25330,0536,0001,202504,2607
25330,0536,0001,202505,1068
25330,0536,0001,202506,480
25330,0536,0001,202507,58
25330,0536,0001,202508,81
25330,0536,0001,202509,58
25330,0536,0001,202510,58
25330,0536,0001,202511,47
25331,0225,0001,202501,1270
25331,0225,0001,202502,1746
25331,0225,0001,202503,1981
25331,0225,0001,202504,1015
25331,0225,0001,202505,481
25331,0225,0001,202506,199
25331,0225,0001,202507,81
25331,0225,0001,202508,93
25331,0225,0001,202509,93
25331,0225,0001,202510,140
25331,0225,0001,202511,432
25331,0228,0006,202501,5388
25331,0228,0006,202502,5803
25331,0228,0006,202503,7486
25331,0228,0006,202504,6735
25331,0228,0006,202505,5256
25331,0228,0006,202506,4713
25331,0228,0006,202507,3618
25331,0228,0006,202508,3733
25331,0228,0006,202509,3172
25331,0228,0006,202510,3801
25331,0228,0006,202511,3533
25331,0229,0005,202501,623
25331,0229,0005,202502,778
25331,0229,0005,202503,1167
25331,0229,0005,202504,460
25331,0229,0005,202505,270
25331,0229,0005,202506,222
25331,0229,0005,202507,163
25331,0229,0005,202508,116
25331,0229,0005,202509,82
25331,0229,0005,202510,93
25331,0229,0005,202511,163
25331,0243,0000,202501,2812
25331,0243,0000,202502,2866
25331,0243,0000,202503,3136
25331,0243,0000,202504,2194
25331,0243,0000,202505,1419
25331,0243,0000,202506,854
25331,0243,0000,202507,349
25331,0243,0000,202508,163
25331,0243,0000,202509,163
25331,0243,0000,202510,175
25331,0243,0000,202511,746
25331,0395,0000,202501,47
25331,0395,0000,202502,59
25331,0395,0000,202503,83
25331,0395,0000,202504,59
25331,0395,0000,202505,70
25331,0395,0000,202506,70
25331,0395,0000,202507,70
25331,0395,0000,202508,81
25331,0395,0000,202509,82
25331,0395,0000,202510,82
25331,0395,0000,202511,70
25331,0576,0005,202501,929
25331,0576,0005,202502,1191
25331,0576,0005,202503,1320
25331,0576,0005,202504,814
25331,0576,0005,202505,23
25331,0576,0005,202506,47
25331,0576,0005,202507,12
25331,0576,0005,202508,12
25331,0576,0005,202510,12
25331,0576,0005,202511,70
25331,0587,0006,202501,6870
25331,0587,0006,202502,7148
25331,0587,0006,202503,8535
25331,0587,0006,202504,5095
25331,0587,0006,202505,2029
25331,0587,0006,202506,269
25331,0587,0006,202507,279
25331,0587,0006,202508,291
25331,0587,0006,202509,163
25331,0587,0006,202510,268
25331,0587,0006,202511,210
25331,0591,0007,202501,2800
25331,0591,0007,202502,3055
25331,0591,0007,202503,3195
25331,0591,0007,202504,2017
25331,0591,0007,202505,1302
25331,0591,0007,202506,924
25331,0591,0007,202507,291
25331,0591,0007,202508,105
25331,0591,0007,202509,47
25331,0591,0007,202510,105
25331,0591,0007,202511,548
25331,0592,0004,202501,306
25331,0592,0004,202502,543
25331,0592,0004,202503,672
25331,0592,0004,202504,71
25331,0610,0002,202501,776
25331,0610,0002,202502,1109
25331,0610,0002,202503,1344
25331,0610,0002,202504,684
25331,0610,0002,202505,153
25331,0610,0002,202506,82
25331,0610,0002,202507,70
25331,0610,0002,202508,70
25331,0610,0002,202509,70
25331,0610,0002,202511,152
25621,0451,0000,202501,3188
25621,0451,0000,202502,3114
25621,0451,0000,202503,3454
25621,0451,0000,202504,1922
25621,0451,0000,202505,1185
25621,0451,0000,202506,480
25621,0451,0000,202507,303
25621,0451,0000,202508,81
25621,0451,0000,202509,70
25621,0451,0000,202510,82
25621,0451,0000,202511,397
25621,0463,0000,202501,341
25621,0463,0000,202502,212
25621,0463,0000,202503,224
25621,0463,0000,202505,35
25621,0463,0000,202506,35
25621,0463,0000,202508,12
25621,0463,0000,202510,12
25621,0463,0000,202511,70
25621,0488,0000,202501,1647
25621,0488,0000,202502,1911
25621,0488,0000,202503,2440
25621,0488,0000,202504,1144
25621,0488,0000,202505,727
25621,0488,0000,202506,339
25621,0488,0000,202507,116
25621,0488,0000,202508,105
25621,0488,0000,202509,58
25621,0488,0000,202510,47
25621,0488,0000,202511,257
25621,0501,0002,202501,2176
25621,0501,0002,202502,2241
25621,0501,0002,202503,2746
25621,0501,0002,202504,1616
25621,0501,0002,202505,833
25621,0501,0002,202506,795
25621,0501,0002,202507,523
25621,0501,0002,202508,419
25621,0501,0002,202509,408
25621,0501,0002,202510,338
25621,0501,0002,202511,525
25621,0892,0000,202501,2593108
25621,0892,0000,202502,2792131
25621,0892,0000,202503,2108662
25621,0892,0000,202504,1434447
25621,0892,0000,202505,880301
25621,0892,0000,202506,690297
25621,0892,0000,202507,520737
25621,0892,0000,202508,455508
25621,0892,0000,202509,448229
25621,0892,0000,202510,556965
25621,0892,0000,202511,1194327
25621,0893,0000,202510,2425
25621,0893,0000,202511,2122
25621,0893,0005,202501,3024
25621,0893,0005,202502,2807
25621,0893,0005,202503,3371
25621,0893,0005,202504,2406
25621,0893,0005,202505,2112
25621,0893,0005,202506,12
25621,0893,0005,202507,35
25621,0893,0005,202508,47
25621,0893,0005,202509,23
25621,0893,0005,202510,23
25621,0893,0005,202511,58
25621,0893,0015,202501,802942
25621,0893,0015,202502,855278
25621,0893,0015,202503,666987
25621,0893,0015,202504,448688
25621,0893,0015,202505,287852
25621,0893,0015,202506,229690
25621,0893,0015,202507,180865
25621,0893,0015,202508,152627
25621,0893,0015,202509,173497
25621,0893,0015,202510,202826
25621,0893,0015,202511,391156
25621,0893,0017,202501,7964
25621,0893,0017,202502,6287
25621,0893,0017,202503,7887
25621,0893,0017,202504,8516
25621,0893,0017,202505,7743
25621,0893,0017,202507,12
25621,0893,0017,202509,5626
25621,0893,0017,202510,3358
25621,0893,0017,202511,3720
25621,0893,0024,202501,1965
25621,0893,0024,202502,1451
25621,0893,0024,202503,1827
25621,0893,0024,202504,1734
25621,0893,0024,202505,1584
25621,0893,0024,202506,1813
25621,0893,0024,202507,1431
25621,0893,0024,202508,1396
25621,0893,0024,202509,1388
25621,0893,0024,202510,1388
25621,0893,0024,202511,1411
25621,0893,0026,202501,5941
25621,0893,0026,202502,4482
25621,0893,0026,202503,6118
25621,0893,0026,202504,4741
25621,0893,0026,202505,3461
25621,0893,0026,202506,3848
25621,0893,0026,202507,2525
25621,0893,0026,202508,2245
25621,0893,0026,202509,2705
25621,0893,0026,202510,2612
25621,0893,0026,202511,2426
25621,0893,0031,202501,8587
25621,0893,0031,202502,5886
25621,0893,0031,202503,8676
25621,0893,0031,202504,3809
25621,0893,0031,202505,1630
25621,0893,0031,202506,667
25621,0893,0031,202507,605
25621,0893,0031,202508,465
25621,0893,0031,202509,397
25621,0893,0031,202510,408
25621,0893,0031,202511,479
25621,0893,0037,202501,2670
25621,0893,0037,202502,1793
25621,0893,0037,202503,2971
25621,0893,0037,202504,2418
25621,0893,0037,202505,2123
25621,0893,0037,202506,2538
25621,0893,0037,202507,1745
25621,0893,0037,202508,1384
25621,0893,0037,202509,1504
25621,0893,0037,202510,1376
25621,0893,0037,202511,1808
25621,0893,0044,202501,4741
25621,0893,0044,202502,4282
25621,0893,0044,202503,4856
25621,0893,0044,202504,3799
25621,0893,0044,202505,2617
25621,0893,0044,202506,2351
25621,0893,0044,202507,2384
25621,0893,0044,202508,2326
25621,0893,0044,202509,2309
25621,0893,0044,202510,2146
25621,0893,0044,202511,2531
25621,0893,0065,202501,3117
25621,0893,0065,202502,2276
25621,0893,0065,202503,3288
25621,0893,0065,202504,2324
25621,0893,0065,202505,1419
25621,0893,0065,202506,901
25621,0893,0065,202507,652
25621,0893,0065,202508,337
25621,0893,0065,202509,279
25621,0893,0065,202510,292
25621,0893,0065,202511,781
25621,0893,0067,202501,7329
25621,0893,0067,202502,5508
25621,0893,0067,202503,7886
25621,0893,0067,202504,7124
25621,0893,0067,202505,6206
25621,0893,0067,202506,7041
25621,0893,0067,202507,6329
25621,0893,0067,202508,6257
25621,0893,0067,202509,7825
25621,0893,0067,202510,6413
25621,0893,0067,202511,7709
25621,0893,0077,202501,506
25621,0893,0077,202502,389
25621,0893,0077,202503,625
25621,0893,0077,202504,460
25621,0893,0077,202505,246
25621,0893,0077,202506,351
25621,0893,0077,202507,256
25621,0893,0080,202501,3035
25621,0893,0080,202502,2418
25621,0893,0080,202503,3371
25621,0893,0080,202504,3267
25621,0893,0080,202505,2862
25621,0893,0080,202506,2912
25621,0893,0080,202507,2478
25621,0893,0080,202508,1617
25621,0893,0080,202509,1796
25621,0893,0080,202510,2064
25621,0893,0080,202511,1749
25621,0893,0088,202501,5258
25621,0893,0088,202502,3432
25621,0893,0088,202503,4280
25621,0893,0088,202504,4872
25621,0893,0088,202505,4740
25621,0893,0088,202506,5205
25621,0893,0088,202507,4433
25621,0893,0088,202508,4395
25621,0893,0088,202509,3521
25621,0893,0088,202510,6763
25621,0893,0088,202511,7382
25621,0893,0094,202501,3800
25621,0893,0094,202502,3279
25621,0893,0094,202503,3855
25621,0893,0094,202504,2842
25621,0893,0094,202505,2393
25621,0893,0094,202506,3193
25621,0893,0094,202507,2350
25621,0893,0094,202508,1500
25621,0893,0094,202509,1341
25621,0893,0094,202510,1528
25621,0893,0094,202511,2146
25621,0893,0106,202501,3259
25621,0893,0106,202502,3692
25621,0893,0106,202503,5211
25621,0893,0106,202504,2689
25621,0893,0106,202505,1197
25621,0893,0106,202506,631
25621,0893,0106,202507,489
25621,0893,0106,202508,431
25621,0893,0106,202509,350
25621,0893,0106,202510,105
25621,0893,0106,202511,164
25621,0893,0107,202501,6070
25621,0893,0107,202502,5603
25621,0893,0107,202503,8665
25621,0893,0107,202504,5413
25621,0893,0107,202505,2674
25621,0893,0107,202506,1286
25621,0893,0107,202507,675
25621,0893,0107,202508,395
25621,0893,0107,202509,315
25621,0893,0107,202510,373
25621,0893,0107,202511,1236
25621,0894,0001,202501,4388
25621,0894,0001,202502,3149
25621,0894,0001,202503,4232
25621,0894,0001,202504,3986
25621,0894,0001,202505,3965
25621,0894,0001,202506,4456
25621,0894,0001,202507,5015
25621,0894,0001,202508,4570
25621,0894,0001,202509,4863
25621,0894,0001,202510,4174
25621,0894,0001,202511,4327
25621,0894,0002,202501,9470
25621,0894,0002,202502,6015
25621,0894,0002,202503,5001
25621,0894,0002,202504,8032
25621,0894,0002,202505,8142
25621,0894,0002,202506,9287
25621,0894,0002,202507,8471
25621,0894,0002,202508,8642
25621,0894,0002,202509,9213
25621,0894,0002,202510,11636
25621,0894,0002,202511,10333
25621,0894,0003,202501,2576
25621,0894,0003,202502,2488
25621,0894,0003,202503,4197
25621,0894,0003,202504,3220
25621,0894,0003,202505,2874
25621,0894,0003,202506,2947
25621,0894,0003,202507,2269
25621,0894,0003,202508,1872
25621,0894,0003,202509,1982
25621,0894,0003,202510,1982
25621,0894,0003,202511,2321
25621,0894,0004,202501,8352
25621,0894,0004,202502,6700
25621,0894,0004,202503,9384
25621,0894,0004,202504,8256
25621,0894,0004,202505,7074
25621,0894,0004,202506,7579
25621,0894,0004,202507,6679
25621,0894,0004,202508,6943
25621,0894,0004,202509,7557
25621,0894,0004,202510,6134
25621,0894,0004,202511,6473
25621,0894,0006,202501,10482
25621,0894,0006,202502,7725
25621,0894,0006,202503,10692
25621,0894,0006,202504,8492
25621,0894,0006,202505,7966
25621,0894,0006,202506,9018
25621,0894,0006,202507,7923
25621,0894,0006,202508,7071
25621,0894,0006,202509,6962
25621,0894,0006,202510,7101
25621,0894,0006,202511,8094
25621,0895,0000,202501,3152
25621,0895,0000,202502,2949
25621,0895,0000,202503,4586
25621,0895,0000,202504,3845
25621,0895,0000,202505,3028
25621,0895,0000,202506,2351
25621,0895,0000,202507,1838
25621,0895,0000,202508,1339
25621,0895,0000,202509,1575
25621,0895,0000,202510,1855
25621,0895,0000,202511,2472
25621,0895,0002,202501,2235
25621,0895,0002,202502,2241
25621,0895,0002,202503,1980
25621,0895,0002,202504,2135
25621,0895,0002,202505,2135
25621,0895,0002,202506,2561
25621,0895,0002,202507,2350
25621,0895,0002,202508,2210
25621,0895,0002,202509,2366
25621,0895,0002,202510,9853
25621,0895,0002,202511,10776
25621,0895,0003,202501,2682
25621,0895,0003,202502,2371
25621,0895,0003,202503,3984
25621,0895,0003,202504,1674
25621,0895,0003,202505,892
25621,0895,0003,202506,584
25621,0895,0003,202507,454
25621,0895,0003,202508,232
25621,0895,0003,202509,210
25621,0895,0003,202510,199
25621,0895,0003,202511,793
25621,0895,0004,202501,9270
25621,0895,0004,202502,7276
25621,0895,0004,202503,10905
25621,0895,0004,202504,5602
25621,0895,0004,202505,5479
25621,0895,0004,202506,5276
25621,0895,0004,202507,4562
25621,0895,0004,202508,3420
25621,0895,0004,202509,3557
25621,0895,0004,202510,3347
25621,0895,0004,202511,4549
25621,0895,0005,202501,13227
25621,0895,0005,202502,14825
25621,0895,0005,202503,10527
25621,0895,0005,202504,7662
25621,0895,0005,202505,3393
25621,0895,0005,202506,2775
25621,0895,0005,202507,1594
25621,0895,0005,202508,1420
25621,0895,0005,202509,1434
25621,0895,0005,202510,2018
25621,0895,0005,202511,6297
25621,0895,0007,202501,2635
25621,0895,0007,202502,2087
25621,0895,0007,202503,2783
25621,0895,0007,202504,1157
25621,0895,0007,202505,563
25621,0895,0007,202506,316
25621,0895,0007,202507,431
25621,0895,0007,202508,686
25621,0895,0007,202509,525
25621,0895,0007,202510,455
25621,0895,0007,202511,630
25621,0895,0008,202501,8847
25621,0895,0008,202502,8340
25621,0895,0008,202503,10268
25621,0895,0008,202504,7065
25621,0895,0008,202505,6323
25621,0895,0008,202506,5486
25621,0895,0008,202507,4771
25621,0895,0008,202508,4082
25621,0895,0008,202509,4305
25621,0895,0008,202510,3836
25621,0895,0008,202511,5154
25621,0895,0009,202501,2423
25621,0895,0009,202502,2135
25621,0895,0009,202503,2900
25621,0895,0009,202504,1463
25621,0895,0009,202505,809
25621,0895,0009,202506,480
25621,0895,0009,202507,291
25621,0895,0009,202508,186
25621,0895,0009,202509,163
25621,0895,0009,202510,175
25621,0895,0009,202511,257
25621,0898,0004,202501,1788
25621,0898,0004,202502,1828
25621,0898,0004,202503,1969
25621,0898,0004,202504,1451
25621,0898,0004,202505,1314
25621,0898,0004,202506,1450
25621,0898,0004,202507,977
25621,0898,0004,202508,895
25621,0898,0004,202509,886
25621,0898,0004,202510,1061
25621,0898,0004,202511,1376
25621,0898,0005,202501,7259
25621,0898,0005,202502,8492
25621,0898,0005,202503,9255
25621,0898,0005,202504,6817
25621,0898,0005,202505,5973
25621,0898,0005,202506,5358
25621,0898,0005,202507,4469
25621,0898,0005,202508,4547
25621,0898,0005,202509,5260
25621,0898,0005,202510,5574
25621,0898,0005,202511,6518
25621,0898,0006,202501,1800
25621,0898,0006,202502,2253
25621,0898,0006,202503,2652
25621,0898,0006,202504,1345
25621,0898,0006,202505,856
25621,0898,0006,202506,491
25621,0898,0006,202507,303
25621,0898,0006,202508,186
25621,0898,0006,202509,187
25621,0898,0006,202510,222
25621,0898,0006,202511,490
25621,0899,0005,202501,16952
25621,0899,0005,202502,16183
25621,0899,0005,202503,17352
25621,0899,0005,202504,16064
25621,0899,0005,202505,15825
25621,0899,0005,202506,18199
25621,0899,0005,202507,16475
25621,0899,0005,202508,15688
25621,0899,0005,202509,17538
25621,0899,0005,202510,17899
25621,0899,0005,202511,18356
25621,0900,0001,202501,12
25621,0900,0001,202504,12
25621,0900,0001,202505,35
25621,0900,0001,202506,23
25621,0900,0001,202507,12
25621,0900,0001,202511,12
25621,0900,0004,202501,3211
25621,0900,0004,202502,2784
25621,0900,0004,202503,3077
25621,0900,0004,202504,2807
25621,0900,0004,202506,479
25621,0900,0004,202507,698
25621,0900,0004,202508,209
25621,0900,0004,202509,93
25621,0900,0004,202510,105
25621,0900,0004,202511,105
25621,0903,0005,202501,8458
25621,0903,0005,202502,8988
25621,0903,0005,202503,11340
25621,0903,0005,202504,6109
25621,0903,0005,202505,1866
25621,0903,0005,202506,971
25621,0903,0005,202507,896
25621,0903,0005,202508,837
25621,0903,0005,202509,525
25621,0903,0005,202510,793
25621,0903,0005,202511,793
25621,0904,0000,202501,15105
25621,0904,0000,202502,13518
25621,0904,0000,202503,17211
25621,0904,0000,202504,7596
25621,0904,0000,202505,3742
25621,0904,0000,202506,2013
25621,0904,0000,202507,5875
25621,0904,0000,202508,13641
25621,0904,0000,202509,22121
25621,0904,0000,202510,11556
25621,0904,0000,202511,3790
25621,0907,0000,202501,1200
25621,0907,0000,202502,1003
25621,0907,0000,202503,1462
25621,0907,0000,202504,425
25621,0907,0000,202505,141
25621,0907,0000,202506,140
25621,0907,0000,202507,47
25621,0907,0000,202508,12
25621,0907,0000,202511,23
25621,0908,0001,202501,6329
25621,0908,0001,202502,5048
25621,0908,0001,202503,6684
25621,0908,0001,202504,4199
25621,0908,0001,202505,3073
25621,0908,0001,202506,2725
25621,0908,0001,202507,1826
25621,0908,0001,202508,1629
25621,0908,0001,202509,2099
25621,0908,0001,202510,1434
25621,0908,0001,202511,1831
25621,0909,0007,202501,4600
25621,0909,0007,202502,3621
25621,0909,0007,202503,3489
25621,0909,0007,202504,4187
25621,0909,0007,202505,4118
25621,0909,0007,202506,4106
25621,0909,0007,202507,2827
25621,0909,0007,202508,3466
25621,0909,0007,202509,3802
25621,0909,0007,202510,3486
25621,0909,0007,202511,4455
25621,0909,0008,202501,1812
25621,0909,0008,202502,1085
25621,0909,0008,202503,1309
25621,0909,0008,202504,861
25621,0909,0008,202505,727
25621,0909,0008,202506,737
25621,0909,0008,202507,698
25621,0909,0008,202508,454
25621,0909,0008,202509,443
25621,0909,0008,202510,315
25621,0909,0008,202511,490
25621,0912,0005,202501,2647
25621,0912,0005,202502,2335
25621,0912,0005,202503,3525
25621,0912,0005,202504,1769
25621,0912,0005,202505,1244
25621,0912,0005,202506,760
25621,0912,0005,202507,349
25621,0912,0005,202508,291
25621,0912,0005,202509,198
25621,0912,0005,202510,222
25621,0912,0005,202511,805
25621,0913,0000,202501,6176
25621,0913,0000,202502,4742
25621,0913,0000,202503,7002
25621,0913,0000,202504,5661
25621,0913,0000,202505,5795
25621,0913,0000,202506,6749
25621,0913,0000,202507,6086
25621,0913,0000,202508,6187
25621,0913,0000,202509,6903
25621,0913,0000,202510,5550
25621,0913,0000,202511,5960
25621,0913,0001,202501,15638
25621,0913,0001,202502,16536
25621,0913,0001,202503,9767
25621,0913,0001,202504,7493
25621,0913,0001,202505,5086
25621,0913,0001,202506,4884
25621,0913,0001,202507,3514
25621,0913,0001,202508,3433
25621,0913,0001,202509,3345
25621,0913,0001,202510,3767
25621,0913,0001,202511,11324
25621,0913,0002,202501,4635
25621,0913,0002,202502,3397
25621,0913,0002,202503,4668
25621,0913,0002,202504,2996
25621,0913,0002,202505,2851
25621,0913,0002,202506,2936
25621,0913,0002,202507,2804
25621,0913,0002,202508,70
25621,0913,0002,202509,2344
25621,0913,0002,202510,2647
25621,0913,0002,202511,2694
25621,0913,0004,202501,8259
25621,0913,0004,202502,6027
25621,0913,0004,202503,8688
25621,0913,0004,202504,6876
25621,0913,0004,202505,6687
25621,0913,0004,202506,6327
25621,0913,0004,202507,6376
25621,0913,0004,202508,5036
25621,0913,0004,202509,6297
25621,0913,0004,202510,5387
25621,0913,0004,202511,6006
25621,0913,0006,202501,3553
25621,0913,0006,202502,3491
25621,0913,0006,202503,4951
25621,0913,0006,202504,2536
25621,0913,0006,202505,1314
25621,0913,0006,202506,526
25621,0913,0006,202507,2571
25621,0913,0006,202508,2326
25621,0913,0006,202509,2298
25621,0913,0006,202510,4315
25621,0913,0006,202511,5015
25621,0913,0008,202501,3435
25621,0913,0008,202502,2288
25621,0913,0008,202503,4020
25621,0913,0008,202504,2418
25621,0913,0008,202505,2065
25621,0913,0008,202506,2363
25621,0913,0008,202507,2118
25621,0913,0008,202508,1756
25621,0913,0008,202509,1738
25621,0913,0008,202510,1633
25621,0913,0008,202511,1808
25621,0913,0010,202501,3270
25621,0913,0010,202502,2772
25621,0913,0010,202503,3926
25621,0913,0010,202504,2772
25621,0913,0010,202505,2769
25621,0913,0010,202506,2912
25621,0913,0010,202507,2676
25621,0913,0010,202508,3047
25621,0913,0010,202509,3464
25621,0913,0010,202510,2857
25621,0913,0010,202511,3498
25621,0916,0003,202501,4329
25621,0916,0003,202502,3586
25621,0916,0003,202503,4339
25621,0916,0003,202504,2324
25621,0916,0003,202505,1432
25621,0916,0003,202506,561
25621,0916,0003,202507,430
25621,0916,0003,202508,291
25621,0916,0003,202509,327
25621,0916,0003,202510,292
25621,0916,0003,202511,455
25621,0917,0006,202501,1247
25621,0917,0006,202502,1510
25621,0917,0006,202503,2228
25621,0917,0006,202504,1168
25621,0917,0006,202505,352
25621,0917,0006,202506,398
25621,0917,0006,202507,244
25621,0917,0006,202508,93
25621,0917,0006,202509,58
25621,0917,0006,202510,70
25621,0917,0006,202511,128
25621,0921,0011,202501,6164
25621,0921,0011,202502,5403
25621,0921,0011,202503,6612
25621,0921,0011,202504,4729
25621,0921,0011,202505,4353
25621,0921,0011,202506,5497
25621,0921,0011,202507,4887
25621,0921,0011,202508,5559
25621,0921,0011,202509,5108
25621,0921,0011,202510,3930
25621,0921,0011,202511,4257
25621,0926,0000,202501,15846
25621,0926,0000,202502,14425
25621,0926,0000,202503,19592
25621,0926,0000,202504,16276
25621,0926,0000,202505,16060
25621,0926,0000,202506,18995
25621,0926,0000,202507,16731
25621,0926,0000,202508,15328
25621,0926,0000,202509,15603
25621,0926,0000,202510,11450
25621,0926,0000,202511,8956
25621,0926,0003,202501,13623
25621,0926,0003,202502,10297
25621,0926,0003,202503,15148
25621,0926,0003,202504,9625
25621,0926,0003,202505,7789
25621,0926,0003,202506,6235
25621,0926,0003,202507,5818
25621,0926,0003,202508,5187
25621,0926,0003,202509,4408
25621,0926,0003,202510,5516
25621,0926,0003,202511,6985
25621,0928,0000,202501,2506
25621,0928,0000,202502,2536
25621,0928,0000,202503,3395
25621,0928,0000,202504,1486
25621,0928,0000,202505,1032
25621,0928,0000,202506,608
25621,0928,0000,202507,186
25621,0928,0000,202508,116
25621,0928,0000,202509,128
25621,0928,0000,202510,70
25621,0928,0000,202511,501
25621,0928,0006,202501,2012
25621,0928,0006,202502,1769
25621,0928,0006,202503,2582
25621,0928,0006,202504,1274
25621,0928,0006,202505,856
25621,0928,0006,202506,327
25621,0928,0006,202507,163
25621,0928,0006,202508,58
25621,0928,0006,202509,35
25621,0928,0006,202510,58
25621,0928,0006,202511,268
25621,0928,0007,202501,2941
25621,0928,0007,202502,2359
25621,0928,0007,202503,3195
25621,0928,0007,202504,1533
25621,0928,0007,202505,645
25621,0928,0007,202506,164
25621,0928,0007,202507,664
25621,0928,0007,202508,2152
25621,0928,0007,202509,1912
25621,0928,0007,202510,1457
25621,0928,0007,202511,1155
25621,0928,0010,202501,3435
25621,0928,0010,202502,2417
25621,0928,0010,202503,3207
25621,0928,0010,202504,1969
25621,0928,0010,202505,1771
25621,0928,0010,202506,1310
25621,0928,0010,202507,1106
25621,0928,0010,202508,815
25621,0928,0010,202509,583
25621,0928,0010,202510,548
25621,0928,0010,202511,654
25621,0932,0003,202501,1494
25621,0932,0003,202502,1215
25621,0932,0003,202503,2570
25621,0932,0003,202504,1863
25621,0932,0003,202505,1420
25621,0932,0003,202506,1369
25621,0932,0003,202507,1059
25621,0932,0003,202508,779
25621,0932,0003,202509,665
25621,0932,0003,202510,922
25621,0932,0003,202511,1271
25621,0933,0002,202501,2576
25621,0933,0002,202502,1934
25621,0933,0002,202503,2841
25621,0933,0002,202504,2052
25621,0933,0002,202505,1854
25621,0933,0002,202506,1743
25621,0933,0002,202507,1722
25621,0933,0002,202508,1675
25621,0933,0002,202509,1551
25621,0933,0002,202510,1329
25621,0933,0002,202511,1808
25621,0933,0003,202501,10517
25621,0933,0003,202502,8398
25621,0933,0003,202503,11375
25621,0933,0003,202504,7312
25621,0933,0003,202505,4658
25621,0933,0003,202506,2000
25621,0933,0003,202507,1792
25621,0933,0003,202508,942
25621,0933,0003,202509,724
25621,0933,0003,202510,828
25621,0933,0003,202511,1550
25621,0933,0004,202501,13187
25621,0933,0004,202502,9589
25621,0933,0004,202503,12825
25621,0933,0004,202504,10615
25621,0933,0004,202505,9866
25621,0933,0004,202506,10667
25621,0933,0004,202507,9018
25621,0933,0004,202508,6467
25621,0933,0004,202509,5982
25621,0933,0004,202510,5282
25621,0933,0004,202511,7825
25621,0933,0005,202501,3212
25621,0933,0005,202502,2677
25621,0933,0005,202503,3454
25621,0933,0005,202504,3067
25621,0933,0005,202505,2827
25621,0933,0005,202506,2585
25621,0933,0005,202507,2292
25621,0933,0005,202508,2314
25621,0933,0005,202509,2729
25621,0933,0005,202510,2029
25621,0933,0005,202511,2379
25621,0933,0008,202501,2670
25621,0933,0008,202502,2099
25621,0933,0008,202503,2982
25621,0933,0008,202504,1297
25621,0933,0008,202505,633
25621,0933,0008,202506,526
25621,0933,0008,202507,477
25621,0933,0008,202508,267
25621,0933,0008,202509,303
25621,0933,0008,202510,303
25621,0933,0008,202511,431
25621,0934,0006,202501,2364
25621,0934,0006,202502,2335
25621,0934,0006,202503,2110
25621,0934,0006,202504,2134
25621,0934,0006,202505,1724
25621,0934,0006,202506,1263
25621,0934,0006,202507,733
25621,0934,0006,202508,616
25621,0934,0006,202509,583
25621,0934,0006,202510,408
25621,0934,0006,202511,712
25621,0937,0000,202501,3647
25621,0937,0000,202502,2560
25621,0937,0000,202503,3584
25621,0937,0000,202504,3243
25621,0937,0000,202505,2933
25621,0937,0000,202506,3158
25621,0937,0000,202507,3060
25621,0937,0000,202508,3082
25621,0937,0000,202509,3732
25621,0937,0000,202510,2822
25621,0937,0000,202511,3219
25621,0938,0000,202501,3141
25621,0938,0000,202502,2277
25621,0938,0000,202503,3135
25621,0938,0000,202504,1745
25621,0938,0000,202505,1479
25621,0938,0000,202506,749
25621,0938,0000,202507,558
25621,0938,0000,202508,722
25621,0938,0000,202509,630
25621,0938,0000,202510,571
25621,0938,0000,202511,641
25621,0938,0005,202501,471
25621,0938,0005,202502,342
25621,0938,0005,202503,354
25621,0938,0005,202504,224
25621,0938,0005,202505,223
25621,0938,0005,202506,234
25621,0938,0005,202507,279
25621,0938,0005,202508,326
25621,0938,0005,202509,350
25621,0938,0005,202510,315
25621,0938,0005,202511,245
25621,0938,0006,202501,11823
25621,0938,0006,202502,8799
25621,0938,0006,202503,12295
25621,0938,0006,202504,6676
25621,0938,0006,202505,6722
25621,0938,0006,202506,4140
25621,0938,0006,202507,3526
25621,0938,0006,202508,2396
25621,0938,0006,202509,2461
25621,0938,0006,202510,2414
25621,0938,0006,202511,3382
25621,0939,0001,202501,2412
25621,0939,0001,202502,2123
25621,0939,0001,202503,2971
25621,0939,0001,202504,2017
25621,0939,0001,202505,1478
25621,0939,0001,202506,877
25621,0939,0001,202507,570
25621,0939,0001,202508,221
25621,0939,0001,202509,187
25621,0939,0001,202510,210
25621,0939,0001,202511,606
25621,0939,0003,202501,4106
25621,0939,0003,202502,3031
25621,0939,0003,202503,4279
25621,0939,0003,202504,2170
25621,0939,0003,202505,904
25621,0939,0003,202506,70
25621,0939,0003,202507,12
25621,0939,0003,202511,233
25621,0939,0004,202501,3635
25621,0939,0004,202502,2902
25621,0939,0004,202503,3702
25621,0939,0004,202504,3515
25621,0939,0004,202505,3074
25621,0939,0004,202506,3193
25621,0939,0004,202507,2513
25621,0939,0004,202508,2314
25621,0939,0004,202509,3125
25621,0939,0004,202510,2530
25621,0939,0004,202511,2192
25621,0939,0005,202501,11905
25621,0939,0005,202502,7855
25621,0939,0005,202503,10044
25621,0939,0005,202504,8669
25621,0939,0005,202505,7684
25621,0939,0005,202506,8036
25621,0939,0005,202507,6865
25621,0939,0005,202508,6176
25621,0939,0005,202509,7801
25621,0939,0005,202510,6798
25621,0939,0005,202511,7394
25621,0940,0000,202501,14234
25621,0940,0000,202502,8645
25621,0940,0000,202503,11506
25621,0940,0000,202504,10096
25621,0940,0000,202505,7320
25621,0940,0000,202506,2983
25621,0940,0000,202507,4026
25621,0940,0000,202508,8431
25621,0940,0000,202509,11265
25621,0940,0000,202510,8325
25621,0940,0000,202511,2158
25621,0941,0001,202501,14964
25621,0941,0001,202502,12409
25621,0941,0001,202503,15938
25621,0941,0001,202504,12702
25621,0941,0001,202505,6499
25621,0941,0001,202506,1871
25621,0941,0001,202507,1245
25621,0941,0001,202508,628
25621,0941,0001,202509,396
25621,0941,0001,202510,443
25621,0941,0001,202511,327
25621,0942,0009,202501,3835
25621,0942,0009,202502,3704
25621,0942,0009,202503,4845
25621,0942,0009,202504,3290
25621,0942,0009,202505,2440
25621,0942,0009,202506,1439
25621,0942,0009,202507,1082
25621,0942,0009,202508,384
25621,0942,0009,202509,175
25621,0942,0009,202510,187
25621,0942,0009,202511,408
25621,0943,0002,202501,1082
25621,0943,0002,202502,1227
25621,0943,0002,202503,1721
25621,0943,0002,202504,814
25621,0943,0002,202505,317
25621,0943,0002,202506,70
25621,0943,0002,202507,47
25621,0943,0002,202508,35
25621,0943,0002,202509,70
25621,0943,0002,202510,70
25621,0943,0002,202511,140
25621,0945,0005,202501,2435
25621,0945,0005,202502,1887
25621,0945,0005,202503,2782
25621,0945,0005,202504,1828
25621,0945,0005,202505,1361
25621,0945,0005,202506,901
25621,0945,0005,202507,547
25621,0945,0005,202508,337
25621,0945,0005,202509,280
25621,0945,0005,202510,292
25621,0945,0005,202511,606
25621,0946,0000,202501,8388
25621,0946,0000,202502,6865
25621,0946,0000,202503,9609
25621,0946,0000,202504,7301
25621,0946,0000,202505,6089
25621,0946,0000,202506,6280
25621,0946,0000,202507,4422
25621,0946,0000,202508,4431
25621,0946,0000,202509,4863
25621,0946,0000,202510,3895
25621,0946,0000,202511,4536
25621,0946,0003,202501,2648
25621,0946,0003,202502,2453
25621,0946,0003,202503,3466
25621,0946,0003,202504,2158
25621,0946,0003,202505,1454
25621,0946,0003,202506,831
25621,0946,0003,202507,523
25621,0946,0003,202508,733
25621,0946,0003,202509,898
25621,0946,0003,202510,548
25621,0946,0003,202511,420
25621,0948,0005,202501,13311
25621,0948,0005,202502,12262
25621,0948,0005,202503,9413
25621,0948,0005,202504,6704
25621,0948,0005,202505,4452
25621,0948,0005,202506,1853
25621,0948,0005,202507,2989
25621,0948,0005,202508,3200
25621,0948,0005,202509,3114
25621,0948,0005,202510,2471
25621,0948,0005,202511,5013
25621,0949,0012,202501,6317
25621,0949,0012,202502,5048
25621,0949,0012,202503,7332
25621,0949,0012,202504,3822
25621,0949,0012,202505,1795
25621,0949,0012,202506,1696
25621,0949,0012,202507,989
25621,0949,0012,202508,454
25621,0949,0012,202509,385
25621,0949,0012,202510,116
25621,0949,0012,202511,1481
25621,0978,0000,202501,42832
25621,0978,0000,202502,15970
25621,0978,0000,202503,10999
25621,0978,0000,202504,35549
25621,0978,0000,202505,32718
25621,0978,0000,202506,29357
25621,0978,0000,202507,35708
25621,0978,0000,202508,37447
25621,0978,0000,202509,13480
25621,0978,0000,202510,40182
25621,0978,0000,202511,22683
25621,0980,0002,202501,5058
25621,0980,0002,202502,3562
25621,0980,0002,202503,4822
25621,0980,0002,202504,4588
25621,0980,0002,202505,4458
25621,0980,0002,202506,5019
25621,0980,0002,202507,5131
25621,0980,0002,202508,4897
25621,0980,0002,202509,5318
25621,0980,0002,202510,4419
25621,0980,0002,202511,4035
25621,0980,0003,202501,11858
25621,0980,0003,202502,10498
25621,0980,0003,202503,12520
25621,0980,0003,202504,10520
25621,0980,0003,202505,8810
25621,0980,0003,202506,10362
25621,0980,0003,202507,9902
25621,0980,0003,202508,9431
25621,0980,0003,202509,10460
25621,0980,0003,202510,8279
25621,0980,0003,202511,8269
25621,0980,0004,202501,1353
25621,0980,0004,202502,991
25621,0980,0004,202503,1344
25621,0980,0004,202504,1097
25621,0980,0004,202505,1290
25621,0980,0004,202506,1544
25621,0980,0004,202507,1594
25621,0980,0004,202508,1523
25621,0980,0004,202509,1586
25621,0980,0004,202510,1504
25621,0980,0004,202511,1528
25621,0980,0008,202501,3059
25621,0980,0008,202502,2902
25621,0980,0008,202503,3454
25621,0980,0008,202504,3043
25621,0980,0008,202505,856
25621,0980,0008,202506,982
25621,0980,0008,202507,2664
25621,0980,0008,202508,3815
25621,0980,0008,202509,3604
25621,0980,0008,202510,2577
25621,0980,0008,202511,2694
25621,0980,0009,202501,683
25621,0980,0009,202502,542
25621,0980,0009,202503,813
25621,0980,0009,202504,696
25621,0980,0009,202505,692
25621,0980,0009,202506,736
25621,0980,0009,202507,582
25621,0980,0009,202508,570
25621,0980,0009,202509,583
25621,0980,0009,202510,466
25621,0980,0009,202511,490
25621,0981,0002,202501,15169
25621,0981,0002,202502,16719
25621,0981,0002,202503,12275
25621,0981,0002,202504,6743
25621,0981,0002,202505,3459
25621,0981,0002,202506,1968
25621,0981,0002,202507,920
25621,0981,0002,202508,756
25621,0981,0002,202509,723
25621,0981,0002,202510,1913
25621,0981,0002,202511,9864
25621,0982,0000,202501,18481
25621,0982,0000,202502,4388
25621,0982,0000,202503,2605
25621,0982,0000,202504,17137
25621,0982,0000,202505,19556
25621,0982,0000,202506,14129
25621,0982,0000,202507,13578
25621,0982,0000,202508,7385
25621,0982,0000,202509,3592
25621,0982,0000,202510,9596
25621,0982,0000,202511,6729
25621,0985,0006,202501,3364
25621,0985,0006,202502,2878
25621,0985,0006,202503,3478
25621,0985,0006,202504,2040
25621,0985,0006,202505,1560
25621,0985,0006,202506,1158
25621,0985,0006,202507,698
25621,0985,0006,202508,709
25621,0985,0006,202509,711
25621,0985,0006,202510,688
25621,0985,0006,202511,921
25621,0988,0002,202501,129
25621,0988,0002,202502,118
25621,0988,0002,202503,141
25621,0988,0002,202504,130
25621,0988,0002,202505,117
25621,0988,0002,202506,129
25621,0988,0002,202507,81
25621,0988,0002,202508,105
25621,0988,0002,202509,58
25621,0988,0002,202510,82
25621,0988,0002,202511,58
25621,0988,0004,202501,3839
25621,0988,0004,202502,3197
25621,0988,0004,202503,4020
25621,0988,0004,202504,2972
25621,0988,0004,202505,2335
25621,0988,0004,202506,1591
25621,0988,0004,202507,1838
25621,0988,0004,202508,2035
25621,0988,0004,202509,2309
25621,0988,0004,202510,1656
25621,0988,0004,202511,2332
25621,0988,0006,202501,11223
25621,0988,0006,202502,8339
25621,0988,0006,202503,11470
25621,0988,0006,202504,10556
25621,0988,0006,202505,9479
25621,0988,0006,202506,9662
25621,0988,0006,202507,8028
25621,0988,0006,202508,8571
25621,0988,0006,202509,9119
25621,0988,0006,202510,8722
25621,0988,0006,202511,9259
25621,0997,0000,202501,1086656
25621,0997,0000,202502,1150745
25621,0997,0000,202503,916567
25621,0997,0000,202504,476592
25621,0997,0000,202505,282742
25621,0997,0000,202506,191368
25621,0997,0000,202507,139016
25621,0997,0000,202508,120128
25621,0997,0000,202509,119870
25621,0997,0000,202510,176550
25621,0997,0000,202511,451924
25621,1000,0000,202501,1378043
25621,1000,0000,202502,1507961
25621,1000,0000,202503,1111485
25621,1000,0000,202504,691628
25621,1000,0000,202505,401294
25621,1000,0000,202506,289248
25621,1000,0000,202507,213404
25621,1000,0000,202508,193291
25621,1000,0000,202509,186322
25621,1000,0000,202510,242833
25621,1000,0000,202511,570251
25621,1001,0000,202501,12906
25621,1001,0000,202502,12575
25621,1001,0000,202503,19380
25621,1001,0000,202504,10967
25621,1001,0000,202505,7413
25621,1001,0000,202506,3776
25621,1001,0000,202507,1385
25621,1001,0000,202508,1106
25621,1001,0000,202509,896
25621,1001,0000,202510,1028
25621,1001,0000,202511,2124
25621,1033,0000,202507,175
25621,1033,0000,202508,209
25621,1033,0000,202509,187
25621,1033,0000,202510,198
25621,1033,0000,202511,245
25621,1033,0001,202501,3435
25621,1033,0001,202502,3279
25621,1033,0001,202503,3855
25621,1033,0001,202504,1404
25621,1033,0001,202505,246
25621,1033,0001,202506,316
25621,1033,0001,202507,233
25621,1033,0001,202508,186
25621,1033,0001,202509,175
25621,1033,0001,202510,163
25621,1033,0001,202511,443
25621,1068,0000,202501,4470
25621,1068,0000,202502,4458
25621,1068,0000,202503,5457
25621,1068,0000,202504,3125
25621,1068,0000,202505,1466
25621,1068,0000,202506,2105
25621,1068,0000,202507,1675
25621,1068,0000,202508,1523
25621,1068,0000,202509,1364
25621,1068,0000,202510,723
25621,1068,0000,202511,396
25621,1075,0000,202501,6117
25621,1075,0000,202502,5378
25621,1075,0000,202503,6554
25621,1075,0000,202504,5968
25621,1075,0000,202505,5478
25621,1075,0000,202506,6527
25621,1075,0000,202507,6015
25621,1075,0000,202508,5315
25621,1075,0000,202509,5994
25621,1075,0000,202510,4536
25621,1075,0000,202511,4572
25621,1077,0003,202501,11447
25621,1077,0003,202502,10119
25621,1077,0003,202503,12697
25621,1077,0003,202504,11181
25621,1077,0003,202505,8727
25621,1077,0003,202506,9158
25621,1077,0003,202507,7958
25621,1077,0003,202508,7036
25621,1077,0003,202509,6834
25621,1077,0003,202510,5760
25621,1077,0003,202511,8735
25621,1077,0010,202501,4011
25621,1077,0010,202502,908
25621,1077,0010,202503,4562
25621,1078,0000,202501,249084
25621,1078,0000,202502,345504
25621,1078,0000,202503,209681
25621,1078,0000,202504,127815
25621,1078,0000,202505,67108
25621,1078,0000,202506,51664
25621,1078,0000,202507,37719
25621,1078,0000,202508,32865
25621,1078,0000,202509,32215
25621,1078,0000,202510,42074
25621,1078,0000,202511,113748
25621,1081,0000,202501,4623
25621,1081,0000,202502,3291
25621,1081,0000,202503,4727
25621,1081,0000,202504,4234
25621,1081,0000,202505,3660
25621,1081,0000,202506,2655
25621,1081,0000,202507,2082
25621,1081,0000,202508,1791
25621,1081,0000,202509,2099
25621,1081,0000,202510,1760
25621,1081,0000,202511,350
25621,1081,0003,202501,2047
25621,1081,0003,202502,1970
25621,1081,0003,202503,2617
25621,1081,0003,202504,2382
25621,1081,0003,202505,1854
25621,1081,0003,202506,1825
25621,1081,0003,202507,1291
25621,1081,0003,202508,1233
25621,1081,0003,202509,1784
25621,1081,0003,202510,1632
25621,1081,0003,202511,1831
25621,1082,0000,202501,9646
25621,1082,0000,202502,8870
25621,1082,0000,202503,9902
25621,1082,0000,202504,8575
25621,1082,0000,202505,7355
25621,1082,0000,202506,7944
25621,1082,0000,202507,7947
25621,1082,0000,202508,6734
25621,1082,0000,202509,8035
25621,1082,0000,202510,7906
25621,1082,0000,202511,8607
25621,1084,0000,202501,23057
25621,1084,0000,202502,21974
25621,1084,0000,202503,27125
25621,1084,0000,202504,20734
25621,1084,0000,202505,17596
25621,1084,0000,202506,22012
25621,1084,0000,202507,19046
25621,1084,0000,202508,17991
25621,1084,0000,202509,23217
25621,1084,0000,202510,18983
25621,1084,0000,202511,24595
25621,1085,0000,202501,7352
25621,1085,0000,202502,7195
25621,1085,0000,202503,13757
25621,1085,0000,202504,10685
25621,1085,0000,202505,8399
25621,1085,0000,202506,7532
25621,1085,0000,202507,5806
25621,1085,0000,202508,4838
25621,1085,0000,202509,4012
25621,1085,0000,202510,4116
25621,1085,0000,202511,5574
25621,1104,0000,202501,1976
25621,1104,0000,202502,1993
25621,1104,0000,202503,2393
25621,1104,0000,202504,2111
25621,1104,0000,202505,1584
25621,1104,0000,202506,1942
25621,1104,0000,202507,1513
25621,1104,0000,202508,1744
25621,1104,0000,202509,1446
25621,1104,0000,202511,595
25621,1109,0000,202501,34374
25621,1109,0000,202502,35550
25621,1109,0000,202503,42002
25621,1109,0000,202504,27398
25621,1109,0000,202505,18899
25621,1109,0000,202506,10178
25621,1109,0000,202507,5806
25621,1109,0000,202508,4512
25621,1109,0000,202509,4338
25621,1109,0000,202510,4443
25621,1109,0000,202511,9714
25621,1120,0000,202501,694
25621,1120,0000,202502,1073
25621,1120,0000,202503,908
25621,1120,0000,202504,649
25621,1120,0000,202505,211
25621,1120,0000,202506,23
25621,1120,0000,202507,23
25621,1120,0000,202508,12
25621,1120,0000,202509,12
25621,1120,0000,202510,12
25621,1120,0000,202511,35
25621,1129,0000,202501,6000
25621,1129,0000,202502,5956
25621,1129,0000,202503,6955
25621,1129,0000,202504,5885
25621,1129,0000,202505,4587
25621,1129,0000,202506,5369
25621,1129,0000,202507,4863
25621,1129,0000,202508,4349
25621,1129,0000,202509,4711
25621,1129,0000,202510,4233
25621,1129,0000,202511,4781
25621,1131,0000,202501,4059
25621,1131,0000,202502,3503
25621,1131,0000,202503,4680
25621,1131,0000,202504,2395
25621,1131,0000,202505,1127
25621,1131,0000,202506,515
25621,1131,0000,202507,349
25621,1131,0000,202508,244
25621,1131,0000,202509,163
25621,1131,0000,202510,210
25621,1131,0000,202511,373
25621,1131,0001,202501,5329
25621,1131,0001,202502,5708
25621,1131,0001,202503,7450
25621,1131,0001,202504,3561
25621,1131,0001,202505,2370
25621,1131,0001,202506,1415
25621,1131,0001,202507,1385
25621,1131,0001,202508,1128
25621,1131,0001,202509,1481
25621,1131,0001,202510,1341
25621,1131,0001,202511,1995
25621,1132,0000,202501,10599
25621,1132,0000,202502,10474
25621,1132,0000,202503,13238
25621,1132,0000,202504,10096
25621,1132,0000,202505,9056
25621,1132,0000,202506,10842
25621,1132,0000,202507,10018
25621,1132,0000,202508,8408
25621,1132,0000,202509,10787
25621,1132,0000,202510,8722
25621,1132,0000,202511,8863
25621,1133,0000,202501,3494
25621,1133,0000,202502,3114
25621,1133,0000,202503,3713
25621,1133,0000,202504,3078
25621,1133,0000,202505,2710
25621,1133,0000,202506,3181
25621,1133,0000,202507,2234
25621,1133,0000,202508,1907
25621,1133,0000,202509,2565
25621,1133,0000,202510,2111
25621,1133,0000,202511,2729
25621,1134,0000,202501,5953
25621,1134,0000,202502,4623
25621,1134,0000,202503,5387
25621,1134,0000,202504,4530
25621,1134,0000,202505,3906
25621,1134,0000,202506,4656
25621,1134,0000,202507,3433
25621,1134,0000,202508,3384
25621,1134,0000,202509,3883
25621,1134,0000,202510,3626
25621,1134,0000,202511,3802
25621,1147,0000,202501,28316
25621,1147,0000,202502,27671
25621,1147,0000,202503,34940
25621,1147,0000,202504,27139
25621,1147,0000,202505,25634
25621,1147,0000,202506,21100
25621,1147,0000,202507,22502
25621,1147,0000,202508,19433
25621,1147,0000,202509,23766
25621,1147,0000,202510,19648
25621,1147,0000,202511,25271
25621,1157,0000,202501,4059
25621,1157,0000,202502,2961
25621,1157,0000,202503,3819
25621,1157,0000,202504,3314
25621,1157,0000,202505,2909
25621,1157,0000,202506,3333
25621,1157,0000,202507,2630
25621,1157,0000,202508,2151
25621,1157,0000,202509,1772
25621,1157,0000,202510,2880
25621,1157,0000,202511,3429
25621,1160,0000,202501,1706
25621,1160,0000,202502,1380
25621,1160,0000,202503,1921
25621,1160,0000,202504,967
25621,1160,0000,202505,540
25621,1160,0000,202506,222
25621,1160,0000,202507,128
25621,1160,0000,202508,70
25621,1160,0000,202509,82
25621,1160,0000,202510,93
25621,1160,0000,202511,233
25621,1164,0000,202501,2576
25621,1164,0000,202502,2430
25621,1164,0000,202503,3407
25621,1164,0000,202504,1545
25621,1164,0000,202505,598
25621,1164,0000,202506,327
25621,1164,0000,202507,279
25621,1164,0000,202508,162
25621,1164,0000,202509,152
25621,1164,0000,202510,210
25621,1164,0000,202511,479
25621,1165,0000,202501,8470
25621,1165,0000,202502,6735
25621,1165,0000,202503,8323
25621,1165,0000,202504,7407
25621,1165,0000,202505,6581
25621,1165,0000,202506,8117
25621,1165,0000,202507,7516
25621,1165,0000,202508,7094
25621,1165,0000,202509,7393
25621,1165,0000,202510,6985
25621,1165,0000,202511,7802
25621,1187,0000,202501,2223
25621,1187,0000,202502,2477
25621,1187,0000,202503,3525
25621,1187,0000,202504,2135
25621,1187,0000,202505,868
25621,1187,0000,202506,912
25621,1187,0000,202507,896
25621,1187,0000,202508,733
25621,1187,0000,202509,793
25621,1187,0000,202510,816
25621,1187,0000,202511,840
25621,1188,0000,202501,6223
25621,1188,0000,202502,5555
25621,1188,0000,202503,8005
25621,1188,0000,202504,4116
25621,1188,0000,202505,1830
25621,1188,0000,202506,1018
25621,1188,0000,202507,687
25621,1188,0000,202508,408
25621,1188,0000,202509,362
25621,1188,0000,202510,338
25621,1188,0000,202511,980
25621,1192,0000,202501,4847
25621,1192,0000,202502,3715
25621,1192,0000,202503,4444
25621,1192,0000,202504,1356
25621,1192,0000,202505,657
25621,1192,0000,202506,374
25621,1192,0000,202507,175
25621,1192,0000,202508,82
25621,1192,0000,202509,58
25621,1192,0000,202510,1691
25621,1192,0000,202511,1597
25621,1193,0000,202501,1365
25621,1193,0000,202502,1050
25621,1193,0000,202503,1273
25621,1193,0000,202504,472
25621,1193,0000,202506,1145
25621,1193,0000,202507,8971
25621,1193,0000,202508,7582
25621,1193,0000,202509,6775
25621,1193,0000,202510,5667
25621,1193,0000,202511,7452
25621,1194,0000,202501,2694
25621,1194,0000,202502,2442
25621,1194,0000,202503,3442
25621,1194,0000,202504,2158
25621,1194,0000,202505,1466
25621,1194,0000,202506,936
25621,1194,0000,202507,268
25621,1194,0000,202508,70
25621,1194,0000,202509,70
25621,1194,0000,202510,82
25621,1194,0000,202511,711
25621,1206,0000,202501,3130
25621,1206,0000,202502,2630
25621,1206,0000,202503,3359
25621,1206,0000,202504,1970
25621,1206,0000,202505,1032
25621,1206,0000,202506,643
25621,1206,0000,202507,442
25621,1206,0000,202508,337
25621,1206,0000,202509,361
25621,1206,0000,202510,222
25621,1206,0000,202511,490
25621,1206,0001,202501,894
25621,1206,0001,202502,696
25621,1206,0001,202503,825
25621,1206,0001,202504,826
25621,1206,0001,202506,444
25621,1206,0001,202508,4268
25621,1206,0001,202509,5119
25621,1206,0001,202510,5201
25621,1206,0001,202511,5843
25621,1208,0000,202501,2000
25621,1208,0000,202502,2029
25621,1208,0000,202503,1733
25621,1208,0000,202504,1958
25621,1208,0000,202505,2646
25621,1208,0000,202506,7392
25621,1208,0000,202507,6539
25621,1208,0000,202508,6838
25621,1208,0000,202509,6484
25621,1208,0000,202510,5935
25621,1208,0000,202511,4455
25621,1210,0000,202501,5705
25621,1210,0000,202502,5025
25621,1210,0000,202503,6413
25621,1210,0000,202504,3915
25621,1210,0000,202505,2758
25621,1210,0000,202506,2001
25621,1210,0000,202507,1756
25621,1210,0000,202508,1176
25621,1210,0000,202509,980
25621,1210,0000,202510,888
25621,1210,0000,202511,1585
25621,1216,0003,202501,7270
25621,1216,0003,202502,6617
25621,1216,0003,202503,7309
25621,1216,0003,202504,7041
25621,1216,0003,202505,4868
25621,1216,0003,202506,5076
25621,1216,0003,202507,4061
25621,1216,0003,202508,3152
25621,1216,0003,202509,3708
25621,1216,0003,202510,3451
25621,1216,0003,202511,4921
25621,1252,0000,202501,5329
25621,1252,0000,202502,5095
25621,1252,0000,202503,5906
25621,1252,0000,202504,3338
25621,1252,0000,202505,1537
25621,1252,0000,202506,1275
25621,1252,0000,202507,663
25621,1252,0000,202508,628
25621,1252,0000,202509,583
25621,1252,0000,202510,653
25621,1252,0000,202511,1493
25621,1317,0000,202501,1753
25621,1317,0000,202502,1805
25621,1317,0000,202503,2617
25621,1317,0000,202504,1415
25621,1317,0000,202505,516
25621,1317,0000,202506,468
25621,1317,0000,202507,349
25621,1317,0000,202508,233
25621,1317,0000,202509,292
25621,1317,0000,202510,338
25621,1317,0000,202511,501
25621,1342,0000,202509,222
25621,1342,0000,202510,303
25621,1342,0000,202511,303
25621,1348,0000,202501,20718
25621,1348,0000,202502,26045
25621,1348,0000,202503,18648
25621,1348,0000,202504,10623
25621,1348,0000,202505,6623
25621,1348,0000,202506,4660
25621,1348,0000,202507,2721
25621,1348,0000,202508,2051
25621,1348,0000,202509,2098
25621,1348,0000,202510,3291
25621,1348,0000,202511,12020
25621,1355,0000,202501,2000
25621,1355,0000,202502,2265
25621,1355,0000,202503,2664
25621,1355,0000,202504,1321
25621,1355,0000,202505,833
25621,1355,0000,202506,304
25621,1355,0000,202507,244
25621,1355,0000,202508,163
25621,1355,0000,202509,163
25621,1355,0000,202510,163
25621,1355,0000,202511,210
25621,1360,0000,202501,17117
25621,1360,0000,202502,14532
25621,1360,0000,202503,19498
25621,1360,0000,202504,14011
25621,1360,0000,202505,9890
25621,1360,0000,202506,10843
25621,1360,0000,202507,8807
25621,1360,0000,202508,7305
25621,1360,0000,202509,6752
25621,1360,0000,202510,7404
25621,1360,0000,202511,9423
25621,1386,0000,202501,1659
25621,1386,0000,202502,1816
25621,1386,0000,202503,1851
25621,1386,0000,202504,1698
25621,1386,0000,202505,1736
25621,1386,0000,202506,2211
25621,1386,0000,202507,1803
25621,1386,0000,202508,2012
25621,1386,0000,202509,2239
25621,1386,0000,202510,1726
25621,1386,0000,202511,1971
25621,1394,0000,202501,21085
25621,1394,0000,202502,21904
25621,1394,0000,202503,27552
25621,1394,0000,202504,21330
25621,1394,0000,202505,19058
25621,1394,0000,202506,22253
25621,1394,0000,202507,18007
25621,1394,0000,202508,15469
25621,1394,0000,202509,17151
25621,1394,0000,202510,15227
25621,1394,0000,202511,21293
25621,1402,0000,202501,6834
25621,1402,0000,202502,5980
25621,1402,0000,202503,6590
25621,1402,0000,202504,5838
25621,1402,0000,202505,5420
25621,1402,0000,202506,5041
25621,1402,0000,202507,4002
25621,1402,0000,202508,3629
25621,1402,0000,202509,4011
25621,1402,0000,202510,3031
25621,1402,0000,202511,3347
25621,1421,0000,202504,4054
25621,1421,0000,202505,10312
25621,1421,0000,202506,11240
25621,1421,0000,202507,12508
25621,1421,0000,202508,11409
25621,1421,0000,202509,11754
25621,1421,0000,202510,7591
25621,1421,0000,202511,5539
25621,1462,0000,202501,2317
25621,1462,0000,202502,2276
25621,1462,0000,202503,2758
25621,1462,0000,202504,1722
25621,1462,0000,202505,880
25621,1462,0000,202506,187
25621,1462,0000,202507,58
25621,1462,0000,202508,70
25621,1462,0000,202509,23
25621,1462,0000,202510,35
25621,1462,0000,202511,350
25621,1463,0000,202501,5470
25621,1463,0000,202502,6310
25621,1463,0000,202503,7427
25621,1463,0000,202504,5661
25621,1463,0000,202505,7074
25621,1463,0000,202506,9685
25621,1463,0000,202507,9960
25621,1463,0000,202508,11932
25621,1463,0000,202509,11650
25621,1463,0000,202510,7171
25621,1463,0000,202511,5971
25621,1526,0000,202501,33057
25621,1526,0000,202502,33639
25621,1526,0000,202503,34835
25621,1526,0000,202504,31184
25621,1526,0000,202505,28190
25621,1526,0000,202506,29849
25621,1526,0000,202507,28785
25621,1526,0000,202508,25620
25621,1526,0000,202509,26249
25621,1526,0000,202510,27903
25621,1526,0000,202511,30823
25621,1546,0004,202501,5152
25621,1546,0004,202502,5013
25621,1546,0004,202503,6212
25621,1546,0004,202504,4387
25621,1546,0004,202505,3203
25621,1546,0004,202506,3181
25621,1546,0004,202507,3142
25621,1546,0004,202508,2954
25621,1546,0004,202509,3755
25621,1546,0004,202510,3463
25621,1546,0004,202511,3498
25621,1566,0000,202501,1730912
25621,1566,0000,202502,2064081
25621,1566,0000,202503,1271080
25621,1566,0000,202504,727550
25621,1566,0000,202505,399138
25621,1566,0000,202506,301831
25621,1566,0000,202507,218528
25621,1566,0000,202508,195093
25621,1566,0000,202509,184911
25621,1566,0000,202510,248665
25621,1566,0000,202511,592067
25622,0004,0011,202501,5412
25622,0004,0011,202502,5119
25622,0004,0011,202503,5789
25622,0004,0011,202504,4163
25622,0004,0011,202505,2393
25622,0004,0011,202506,1427
25622,0004,0011,202507,1198
25622,0004,0011,202508,826
25622,0004,0011,202509,1049
25622,0004,0011,202510,1085
25622,0004,0011,202511,1365
25622,0004,0015,202501,1223
25622,0004,0015,202502,1368
25622,0004,0015,202503,2051
25622,0004,0015,202504,1132
25622,0004,0015,202505,903
25622,0004,0015,202506,491
25622,0004,0015,202507,128
25622,0004,0015,202508,58
25622,0004,0015,202509,58
25622,0004,0015,202510,70
25622,0004,0015,202511,280
25622,0008,0002,202501,412
25622,0008,0002,202502,684
25622,0008,0002,202503,931
25622,0008,0002,202504,283
25622,0008,0002,202505,117
25622,0008,0002,202506,82
25622,0008,0002,202507,105
25622,0008,0002,202508,93
25622,0008,0002,202509,82
25622,0008,0002,202510,82
25622,0008,0002,202511,105
25622,0010,0000,202505,158629
25622,0010,0000,202506,112232
25622,0010,0000,202507,79751
25622,0010,0000,202508,64274
25622,0010,0000,202509,63440
25622,0010,0000,202510,77380
25622,0010,0000,202511,201222
25622,0010,0027,202501,1283
25622,0010,0027,202502,1781
25622,0010,0027,202503,2487
25622,0010,0027,202504,1121
25622,0010,0027,202505,891
25622,0010,0027,202506,375
25622,0010,0027,202507,23
25622,0010,0027,202508,58
25622,0010,0027,202511,152
25622,0010,0104,202501,1329
25622,0010,0104,202502,1486
25622,0010,0104,202503,1662
25622,0010,0104,202504,708
25622,0010,0104,202505,305
25622,0010,0104,202506,292
25622,0010,0104,202507,221
25622,0010,0104,202508,209
25622,0010,0104,202509,198
25622,0010,0104,202510,187
25622,0010,0104,202511,245
25622,0010,0110,202501,2612
25622,0010,0110,202502,2559
25622,0010,0110,202503,3230
25622,0010,0110,202504,1569
25622,0010,0110,202505,774
25622,0010,0110,202506,363
25622,0010,0110,202507,186
25622,0010,0110,202508,70
25622,0010,0110,202509,58
25622,0010,0110,202510,70
25622,0010,0110,202511,222
25622,0010,0181,202501,2599
25622,0010,0181,202502,2795
25622,0010,0181,202503,3265
25622,0010,0181,202504,2100
25622,0010,0181,202505,1501
25622,0010,0181,202506,631
25622,0010,0181,202507,210
25622,0010,0181,202508,35
25622,0010,0181,202509,24
25622,0010,0181,202510,35
25622,0010,0181,202511,338
25622,0010,0211,202501,1741
25622,0010,0211,202502,1911
25622,0010,0211,202503,2405
25622,0010,0211,202504,1014
25622,0010,0211,202505,563
25622,0010,0211,202506,140
25622,0010,0211,202507,151
25622,0010,0211,202508,105
25622,0010,0211,202509,82
25622,0010,0211,202510,140
25622,0010,0211,202511,723
25622,0010,0212,202501,2141
25622,0010,0212,202502,1970
25622,0010,0212,202503,2334
25622,0010,0212,202504,1404
25622,0010,0212,202505,1173
25622,0010,0212,202506,538
25622,0010,0212,202507,221
25622,0010,0212,202508,105
25622,0010,0212,202509,105
25622,0010,0212,202510,117
25622,0010,0212,202511,466
25622,0010,0301,202501,4176
25622,0010,0301,202502,3491
25622,0010,0301,202503,5647
25622,0010,0301,202504,2571
25622,0010,0301,202505,1478
25622,0010,0301,202506,702
25622,0010,0301,202507,221
25622,0010,0301,202508,337
25622,0010,0301,202509,245
25622,0010,0301,202510,338
25622,0010,0301,202511,1831
25622,0010,0347,202501,485568
25622,0010,0347,202502,552183
25622,0010,0347,202503,436132
25622,0010,0347,202504,275776
25622,0017,0006,202507,105
25622,0017,0006,202508,81
25622,0017,0006,202509,70
25622,0017,0006,202510,47
25622,0017,0006,202511,58
25622,0017,0015,202501,12540
25622,0017,0015,202502,13966
25622,0017,0015,202503,13746
25622,0017,0015,202504,11040
25622,0017,0015,202505,8881
25622,0017,0015,202506,9240
25622,0017,0015,202507,7819
25622,0018,0002,202501,118
25622,0018,0002,202502,94
25622,0018,0002,202503,94
25622,0018,0002,202504,83
25622,0018,0002,202505,82
25622,0018,0002,202506,58
25622,0018,0002,202508,23
25622,0018,0002,202509,23
25622,0018,0002,202510,23
25622,0018,0002,202511,58
25622,0021,0002,202501,2941
25622,0021,0002,202502,2854
25622,0021,0002,202503,3466
25622,0021,0002,202504,2111
25622,0021,0002,202505,1314
25622,0021,0002,202506,597
25622,0021,0002,202507,244
25622,0021,0002,202508,140
25622,0021,0002,202509,105
25622,0021,0002,202510,140
25622,0021,0002,202511,840
25622,0024,0006,202501,1929
25622,0024,0006,202502,2276
25622,0024,0006,202503,1969
25622,0024,0006,202504,1970
25622,0024,0006,202505,2335
25622,0024,0006,202506,1778
25622,0024,0006,202507,1792
25622,0024,0006,202508,1593
25622,0024,0006,202509,1574
25622,0024,0006,202510,1667
25622,0024,0006,202511,1679
25622,0025,0004,202501,2106
25622,0025,0004,202502,2182
25622,0025,0004,202503,2628
25622,0025,0004,202504,1651
25622,0025,0004,202505,2193
25622,0025,0004,202506,1719
25622,0025,0004,202507,1663
25622,0025,0004,202508,1279
25622,0025,0004,202509,1772
25622,0025,0004,202510,1388
25622,0025,0004,202511,1330
25622,0025,0011,202501,1447
25622,0025,0011,202502,1852
25622,0025,0011,202503,3230
25622,0025,0011,202504,1592
25622,0025,0011,202505,1150
25622,0025,0011,202506,561
25622,0025,0011,202507,291
25622,0025,0011,202508,93
25622,0025,0011,202509,70
25622,0025,0011,202510,105
25622,0025,0011,202511,431
25622,0057,0000,202502,1434
25622,0057,0000,202504,1827
25622,0057,0000,202506,1621
25622,0057,0000,202507,12
25622,0057,0000,202508,1324
25622,0057,0000,202509,12
25622,0057,0000,202510,1379
25622,0137,0003,202510,8862
25622,0137,0003,202511,8851
25622,0176,0002,202501,585881
25622,0176,0002,202502,678304
25622,0176,0002,202503,452257
25622,0176,0002,202504,319583
25622,0176,0002,202505,203785
25622,0176,0002,202506,155462
25622,0176,0002,202507,116313
25622,0176,0002,202508,99686
25622,0176,0002,202509,96451
25622,0176,0002,202510,122895
25622,0176,0002,202511,289775
25622,0176,0003,202501,10176
25622,0176,0003,202502,10226
25622,0176,0003,202503,11328
25622,0176,0003,202504,8834
25622,0176,0003,202505,7415
25622,0176,0003,202506,7148
25622,0176,0003,202507,6620
25622,0176,0003,202508,6013
25622,0176,0003,202509,6938
25622,0176,0003,202510,6693
25622,0176,0003,202511,7686
25622,0176,0004,202501,3459
25622,0176,0004,202502,59
25622,0176,0004,202506,23
25622,0176,0004,202507,151
25622,0176,0004,202508,198
25622,0176,0004,202509,198
25622,0176,0004,202510,210
25622,0176,0004,202511,746
25622,0176,0007,202501,12205
25622,0176,0007,202502,14803
25622,0176,0007,202503,20855
25622,0176,0007,202504,6369
25622,0176,0007,202505,3930
25622,0176,0007,202506,2351
25622,0176,0007,202507,2898
25622,0176,0007,202508,2314
25622,0176,0007,202509,2449
25622,0176,0007,202510,2379
25622,0176,0007,202511,2787
25622,0176,0011,202501,31313
25622,0176,0011,202502,34208
25622,0176,0011,202503,24894
25622,0176,0011,202504,14921
25622,0176,0011,202505,10140
25622,0176,0011,202506,8150
25622,0176,0011,202507,6329
25622,0176,0011,202508,5492
25622,0176,0011,202509,6015
25622,0176,0011,202510,6975
25622,0176,0011,202511,15347
25622,0184,0001,202501,1858
25622,0184,0001,202502,2418
25622,0184,0001,202503,2523
25622,0184,0001,202504,1050
25622,0184,0001,202505,551
25622,0184,0001,202506,456
25622,0184,0001,202507,290
25622,0184,0001,202508,244
25622,0184,0001,202509,163
25622,0184,0001,202510,210
25622,0184,0001,202511,443
25622,0184,0002,202501,2070
25622,0184,0002,202502,2418
25622,0184,0002,202503,2865
25622,0184,0002,202504,1274
25622,0184,0002,202505,915
25622,0184,0002,202506,491
25622,0184,0002,202507,430
25622,0184,0002,202508,349
25622,0184,0002,202509,361
25622,0184,0002,202510,303
25622,0184,0002,202511,513
25622,0184,0003,202501,694
25622,0184,0003,202502,2158
25622,0184,0003,202503,2558
25622,0184,0003,202504,649
25622,0184,0003,202505,434
25622,0184,0003,202506,327
25622,0184,0003,202507,349
25622,0184,0003,202508,465
25622,0184,0005,202501,3247
25622,0184,0005,202502,3350
25622,0184,0005,202503,4067
25622,0184,0005,202504,2323
25622,0184,0005,202505,1572
25622,0184,0005,202506,1263
25622,0184,0005,202507,1175
25622,0184,0005,202508,1070
25622,0184,0005,202509,1015
25622,0184,0005,202510,1014
25622,0184,0005,202511,979
25622,0184,0007,202501,11975
25622,0184,0007,202502,10427
25622,0184,0007,202503,13085
25622,0184,0007,202504,7195
25622,0184,0007,202505,3813
25622,0184,0007,202506,1368
25622,0184,0007,202507,1408
25622,0184,0007,202508,1593
25622,0184,0007,202509,980
25622,0184,0007,202510,1528
25622,0184,0007,202511,1061
25622,0184,0010,202501,4941
25622,0184,0010,202502,5626
25622,0184,0010,202503,6213
25622,0184,0010,202504,3408
25622,0184,0010,202505,1549
25622,0184,0010,202506,1322
25622,0184,0010,202507,1222
25622,0184,0010,202508,1198
25622,0184,0010,202509,1166
25622,0184,0010,202510,1072
25622,0184,0010,202511,1213
25622,0187,0002,202501,3317
25622,0187,0002,202502,5119
25622,0187,0002,202503,4291
25622,0187,0002,202504,2382
25622,0187,0002,202505,1056
25622,0187,0002,202506,129
25622,0187,0002,202507,47
25622,0187,0002,202508,47
25622,0187,0002,202509,58
25622,0187,0002,202510,58
25622,0187,0002,202511,140
25622,0187,0003,202501,21034
25622,0187,0003,202502,21043
25622,0187,0003,202503,21761
25622,0187,0003,202504,18564
25622,0187,0003,202505,16376
25622,0187,0003,202506,13298
25622,0187,0003,202507,15033
25622,0187,0003,202508,15571
25622,0187,0003,202509,15276
25622,0187,0003,202510,14528
25622,0187,0003,202511,14299
25622,0189,0003,202501,1906
25622,0189,0003,202502,1533
25622,0189,0003,202503,1591
25622,0189,0003,202504,767
25622,0189,0003,202505,282
25622,0189,0003,202506,175
25622,0189,0003,202507,140
25622,0189,0003,202508,105
25622,0189,0003,202509,198
25622,0189,0003,202510,82
25622,0189,0003,202511,210
25622,0189,0004,202501,7175
25622,0189,0004,202502,8964
25622,0189,0004,202503,8500
25622,0189,0004,202504,3598
25622,0189,0004,202505,2100
25622,0189,0004,202506,912
25622,0189,0004,202507,838
25622,0189,0004,202508,279
25622,0189,0004,202509,595
25622,0189,0004,202510,537
25622,0189,0004,202511,899
25622,0189,0005,202501,5034
25622,0189,0005,202502,4717
25622,0189,0005,202503,5906
25622,0189,0005,202504,3669
25622,0189,0005,202505,1572
25622,0189,0005,202506,726
25622,0189,0005,202507,454
25622,0189,0005,202508,244
25622,0189,0005,202509,245
25622,0189,0005,202510,281
25622,0189,0005,202511,560
25622,0189,0006,202501,3164
25622,0189,0006,202502,3137
25622,0189,0006,202503,3478
25622,0189,0006,202504,1981
25622,0189,0006,202505,1279
25622,0189,0006,202506,374
25622,0189,0006,202507,93
25622,0189,0006,202508,81
25622,0189,0006,202509,47
25622,0189,0006,202510,47
25622,0189,0006,202511,420
25622,0189,0010,202501,1588
25622,0189,0010,202502,1887
25622,0189,0010,202503,2652
25622,0189,0010,202504,1250
25622,0189,0010,202505,387
25622,0189,0010,202506,94
25622,0189,0010,202507,58
25622,0189,0010,202508,23
25622,0189,0010,202509,47
25622,0189,0010,202510,35
25622,0189,0010,202511,58
25622,0197,0005,202502,12
25622,0197,0005,202503,35
25622,0197,0005,202504,12
25622,0197,0005,202511,12
25622,0198,0008,202501,2365
25622,0198,0008,202502,2052
25622,0198,0008,202503,2028
25622,0198,0008,202504,1038
25622,0198,0008,202505,1138
25622,0198,0008,202506,1029
25622,0198,0008,202507,1012
25622,0198,0008,202508,1035
25622,0198,0008,202509,921
25622,0198,0008,202510,653
25622,0198,0008,202511,793
25622,0198,0011,202501,6023
25622,0198,0011,202502,5697
25622,0198,0011,202503,6389
25622,0198,0011,202504,4353
25622,0198,0011,202505,2405
25622,0198,0011,202506,386
25622,0198,0011,202507,81
25622,0198,0011,202508,105
25622,0198,0011,202509,199
25622,0198,0011,202510,175
25622,0198,0011,202511,548
25622,0201,0001,202502,15052
25622,0201,0001,202503,11140
25622,0201,0001,202504,8244
25622,0201,0001,202505,5349
25622,0201,0001,202506,2970
25622,0201,0001,202507,1175
25622,0201,0001,202508,954
25622,0201,0001,202509,805
25622,0201,0001,202510,769
25622,0201,0001,202511,1504
25622,0203,0001,202501,29755
25622,0203,0001,202502,167
25622,0203,0001,202503,3932
25622,0203,0001,202504,19566
25622,0203,0001,202505,16615
25622,0203,0001,202506,15076
25622,0203,0001,202507,23350
25622,0203,0001,202508,34126
25622,0203,0001,202509,22777
25622,0203,0001,202510,28272
25622,0203,0001,202511,12952
25622,0203,0003,202501,388883
25622,0203,0003,202502,444651
25622,0203,0003,202503,313577
25622,0203,0003,202504,207870
25622,0203,0003,202505,130489
25622,0203,0003,202506,97465
25622,0203,0003,202507,69884
25622,0203,0003,202508,59082
25622,0203,0003,202509,58398
25622,0203,0003,202510,84860
25622,0203,0003,202511,189866
25622,0214,0020,202501,6529
25622,0214,0020,202502,5272
25622,0214,0020,202503,11305
25622,0214,0020,202504,7277
25622,0214,0020,202505,6088
25622,0214,0020,202506,5065
25622,0214,0020,202507,5619
25622,0214,0020,202508,232
25622,0214,0020,202509,198
25622,0214,0020,202510,198
25622,0214,0020,202511,268
25622,0214,0026,202501,1012
25622,0214,0026,202502,1710
25622,0214,0026,202503,1815
25622,0214,0026,202504,578
25622,0214,0026,202505,398
25622,0214,0026,202506,292
25622,0214,0026,202507,175
25622,0214,0026,202508,70
25622,0214,0026,202509,58
25622,0214,0026,202510,58
25622,0214,0026,202511,152
25622,0215,0004,202501,835
25622,0215,0004,202502,1121
25622,0215,0004,202503,1486
25622,0215,0004,202504,625
25622,0215,0004,202505,340
25622,0215,0004,202506,269
25622,0215,0004,202507,198
25622,0215,0004,202508,209
25622,0215,0004,202509,268
25622,0215,0004,202510,140
25622,0215,0004,202511,210
25622,0215,0006,202501,24152
25622,0215,0006,202502,26456
25622,0215,0006,202503,32844
25622,0215,0006,202504,15475
25622,0215,0006,202505,7568
25622,0215,0006,202506,3638
25622,0215,0006,202507,2327
25622,0215,0006,202508,1849
25622,0215,0006,202509,1294
25622,0215,0006,202510,2366
25622,0215,0006,202511,4629
25622,0217,0001,202501,4906
25622,0217,0001,202502,4506
25622,0217,0001,202503,4279
25622,0217,0001,202504,3727
25622,0217,0001,202505,4352
25622,0217,0001,202506,4035
25622,0217,0001,202507,2851
25622,0217,0001,202508,2954
25622,0217,0001,202509,2589
25622,0217,0001,202510,3043
25622,0217,0001,202511,3359
25622,0217,0009,202501,4188
25622,0217,0009,202502,4293
25622,0217,0009,202503,4633
25622,0217,0009,202504,2430
25622,0217,0009,202505,1208
25622,0217,0009,202506,257
25622,0217,0009,202507,151
25622,0217,0009,202508,81
25622,0217,0009,202509,82
25622,0217,0009,202510,82
25622,0217,0009,202511,583
25622,0231,0002,202501,9505
25622,0231,0002,202502,8917
25622,0231,0002,202503,10138
25622,0231,0002,202504,8315
25622,0231,0002,202505,7684
25622,0231,0002,202506,8877
25622,0231,0002,202507,6783
25622,0231,0002,202508,7082
25622,0231,0002,202509,7498
25622,0231,0002,202510,7358
25622,0231,0002,202511,9260
25622,0231,0004,202501,2623
25622,0231,0004,202502,2300
25622,0231,0004,202503,2853
25622,0231,0004,202504,1993
25622,0231,0004,202505,774
25622,0231,0004,202506,433
25622,0231,0004,202507,198
25622,0231,0004,202508,35
25622,0231,0004,202509,12
25622,0231,0004,202510,35
25622,0231,0004,202511,373
25622,0231,0005,202501,4447
25622,0231,0005,202502,4753
25622,0231,0005,202503,6247
25622,0231,0005,202504,3220
25622,0231,0005,202505,2065
25622,0231,0005,202506,1251
25622,0231,0005,202507,721
25622,0231,0005,202508,488
25622,0231,0005,202509,350
25622,0231,0005,202510,327
25622,0231,0005,202511,956
25622,0231,0007,202501,8494
25622,0231,0007,202502,7501
25622,0231,0007,202503,9289
25622,0231,0007,202504,7065
25622,0231,0007,202505,6593
25622,0231,0007,202506,6304
25622,0231,0007,202507,5353
25622,0231,0007,202508,4501
25622,0231,0007,202509,3965
25622,0231,0007,202510,3358
25622,0231,0007,202511,5318
25622,0232,0002,202501,1588
25622,0232,0002,202502,3750
25622,0232,0002,202503,3265
25622,0232,0002,202504,1380
25622,0232,0002,202505,563
25622,0232,0002,202506,351
25622,0232,0002,202507,256
25622,0232,0002,202508,152
25622,0232,0002,202509,245
25622,0232,0002,202510,140
25622,0232,0002,202511,560
25622,0232,0003,202501,3353
25622,0232,0003,202502,4140
25622,0232,0003,202503,4692
25622,0232,0003,202504,2807
25622,0232,0003,202505,2123
25622,0232,0003,202506,1181
25622,0232,0003,202507,757
25622,0232,0003,202508,512
25622,0232,0003,202509,467
25622,0232,0003,202510,525
25622,0232,0003,202511,1166
25622,0232,0008,202501,2553
25622,0232,0008,202502,2748
25622,0232,0008,202503,3112
25622,0232,0008,202504,2512
25622,0232,0008,202505,2733
25622,0232,0008,202506,1977
25622,0232,0008,202507,1769
25622,0232,0008,202508,1523
25622,0232,0008,202509,1411
25622,0232,0008,202510,1341
25622,0232,0008,202511,1563
25622,0232,0009,202501,1164
25622,0232,0009,202502,1121
25622,0232,0009,202503,1072
25622,0232,0009,202504,1038
25622,0232,0009,202505,1184
25622,0232,0009,202506,994
25622,0232,0009,202507,942
25622,0232,0009,202508,989
25622,0232,0009,202509,922
25622,0232,0009,202510,1178
25622,0232,0009,202511,1201
25622,0232,0010,202501,7576
25622,0232,0010,202502,7548
25622,0232,0010,202503,7757
25622,0232,0010,202504,6180
25622,0232,0010,202505,6464
25622,0232,0010,202506,5088
25622,0232,0010,202507,5154
25622,0232,0010,202508,5024
25622,0232,0010,202509,5108
25622,0232,0010,202510,5107
25622,0232,0010,202511,5330
25622,0240,0001,202501,1882
25622,0240,0001,202502,1923
25622,0240,0001,202503,2299
25622,0240,0001,202504,1427
25622,0240,0001,202505,809
25622,0240,0001,202506,351
25622,0240,0001,202507,233
25622,0240,0001,202508,174
25622,0240,0001,202509,175
25622,0240,0001,202510,140
25622,0240,0001,202511,466
25622,0240,0004,202501,4800
25622,0240,0004,202502,4352
25622,0240,0004,202503,5175
25622,0240,0004,202504,3479
25622,0240,0004,202505,2698
25622,0240,0004,202506,2480
25622,0240,0004,202507,2385
25622,0240,0004,202508,2117
25622,0240,0004,202509,2565
25622,0240,0004,202510,2810
25622,0240,0004,202511,2857
25622,0240,0007,202501,3541
25622,0240,0007,202502,3527
25622,0240,0007,202503,3854
25622,0240,0007,202504,2960
25622,0240,0007,202505,3403
25622,0240,0007,202506,2854
25622,0240,0007,202507,2374
25622,0240,0007,202508,2384
25622,0240,0007,202509,2811
25622,0240,0007,202510,2752
25622,0240,0007,202511,2367
25622,0245,0012,202501,2612
25622,0245,0012,202502,2418
25622,0245,0012,202503,2558
25622,0245,0012,202504,1227
25622,0245,0012,202505,669
25622,0245,0012,202506,152
25622,0245,0012,202507,93
25622,0245,0012,202508,81
25622,0245,0012,202509,117
25622,0245,0012,202510,117
25622,0245,0012,202511,128
25622,0254,0006,202501,10435
25622,0254,0006,202502,11028
25622,0254,0006,202503,11329
25622,0254,0006,202504,10945
25622,0254,0006,202505,12118
25622,0254,0006,202506,11357
25622,0254,0006,202507,10751
25622,0254,0006,202508,9362
25622,0254,0006,202509,10705
25622,0254,0006,202510,9666
25622,0254,0006,202511,9470
25622,0254,0007,202501,8117
25622,0254,0007,202502,7147
25622,0254,0007,202503,7262
25622,0254,0007,202504,4835
25622,0254,0007,202505,4809
25622,0254,0007,202506,3684
25622,0254,0007,202507,3572
25622,0254,0007,202508,3582
25622,0254,0007,202509,3615
25622,0254,0007,202510,3043
25622,0254,0007,202511,3068
25622,0254,0008,202501,4929
25622,0254,0008,202502,5190
25622,0254,0008,202503,4774
25622,0254,0008,202504,3857
25622,0254,0008,202505,4059
25622,0254,0008,202506,3041
25622,0254,0008,202507,3572
25622,0254,0008,202508,3338
25622,0254,0008,202509,2670
25622,0254,0008,202510,3685
25622,0254,0008,202511,3627
25622,0254,0009,202501,16269
25622,0254,0009,202502,10674
25622,0254,0009,202503,8511
25622,0254,0009,202504,8350
25622,0254,0009,202505,9115
25622,0254,0009,202506,8376
25622,0254,0009,202507,8657
25622,0254,0009,202508,7501
25622,0254,0009,202509,7113
25622,0254,0009,202510,7463
25622,0254,0009,202511,7965
25622,0258,0002,202501,2388
25622,0258,0002,202502,2630
25622,0258,0002,202503,3112
25622,0258,0002,202504,1380
25622,0258,0002,202505,798
25622,0258,0002,202506,644
25622,0258,0002,202507,593
25622,0258,0002,202508,605
25622,0258,0002,202509,536
25622,0258,0002,202510,467
25622,0258,0002,202511,607
25622,0258,0003,202501,4682
25622,0258,0003,202502,7620
25622,0258,0003,202503,9184
25622,0258,0003,202504,5520
25622,0258,0003,202505,3813
25622,0258,0003,202506,1228
25622,0258,0003,202507,1384
25622,0258,0003,202508,1756
25622,0258,0003,202509,1225
25622,0258,0003,202510,1190
25622,0258,0003,202511,1738
25622,0258,0010,202501,2388
25622,0258,0010,202502,3527
25622,0258,0010,202503,3301
25622,0258,0010,202504,2017
25622,0258,0010,202505,1561
25622,0258,0010,202506,702
25622,0258,0010,202507,629
25622,0258,0010,202508,512
25622,0258,0010,202509,455
25622,0258,0010,202510,443
25622,0258,0010,202511,607
25622,0263,0004,202501,7223
25622,0263,0004,202502,5119
25622,0263,0004,202503,5105
25622,0263,0004,202504,4895
25622,0263,0004,202505,6569
25622,0263,0004,202506,5486
25622,0263,0004,202507,5492
25622,0263,0004,202508,4524
25622,0263,0004,202509,4454
25622,0263,0004,202510,4268
25622,0263,0004,202511,3533
25622,0263,0005,202501,2506
25622,0263,0005,202502,3043
25622,0263,0005,202503,3360
25622,0263,0005,202504,2335
25622,0263,0005,202505,1502
25622,0263,0005,202506,842
25622,0263,0005,202507,279
25622,0263,0005,202508,174
25622,0263,0005,202509,187
25622,0263,0005,202510,163
25622,0263,0005,202511,607
25622,0266,0009,202501,7646
25622,0266,0009,202502,7702
25622,0266,0009,202503,7497
25622,0266,0009,202504,6511
25622,0266,0009,202505,6312
25622,0266,0009,202506,5509
25622,0266,0009,202507,5235
25622,0266,0009,202508,5199
25622,0266,0009,202509,5120
25622,0266,0009,202510,5212
25622,0266,0009,202511,5784
25622,0267,0001,202508,34255
25622,0267,0001,202509,32233
25622,0267,0001,202510,43084
25622,0267,0001,202511,135561
25622,0268,0005,202501,1447
25622,0268,0005,202502,1486
25622,0268,0005,202503,1921
25622,0268,0005,202504,684
25622,0268,0005,202505,305
25622,0268,0005,202506,187
25622,0268,0005,202507,58
25622,0268,0005,202508,70
25622,0268,0005,202509,35
25622,0268,0005,202510,35
25622,0268,0005,202511,210
25622,0269,0006,202501,2094
25622,0269,0006,202502,2324
25622,0269,0006,202503,2393
25622,0269,0006,202504,1640
25622,0269,0006,202505,1642
25622,0269,0006,202506,795
25622,0269,0006,202507,186
25622,0269,0006,202508,47
25622,0269,0006,202509,47
25622,0269,0006,202510,70
25622,0269,0006,202511,455
25622,0269,0008,202501,3800
25622,0269,0008,202502,3857
25622,0269,0008,202503,4350
25622,0269,0008,202504,2736
25622,0269,0008,202505,1842
25622,0269,0008,202506,1018
25622,0269,0008,202507,186
25622,0269,0008,202508,105
25622,0269,0008,202509,58
25622,0269,0008,202510,82
25622,0269,0008,202511,641
25622,0272,0003,202501,5306
25622,0272,0003,202502,7336
25622,0272,0003,202503,7273
25622,0272,0003,202504,5910
25622,0272,0003,202505,5830
25622,0272,0003,202506,5615
25622,0272,0003,202507,7225
25622,0272,0003,202508,5407
25622,0272,0003,202509,4979
25622,0272,0003,202510,4280
25622,0272,0003,202511,5283
25622,0272,0004,202501,7000
25622,0272,0004,202502,6287
25622,0272,0004,202503,7757
25622,0272,0004,202504,4717
25622,0272,0004,202505,4693
25622,0272,0004,202506,4130
25622,0272,0004,202507,4561
25622,0272,0004,202508,4152
25622,0272,0004,202509,5155
25622,0272,0004,202510,5398
25622,0272,0004,202511,5248
25622,0272,0005,202501,6128
25622,0272,0005,202502,5767
25622,0272,0005,202503,6283
25622,0272,0005,202504,5591
25622,0272,0005,202505,6229
25622,0272,0005,202506,5287
25622,0272,0005,202507,4724
25622,0272,0005,202508,4455
25622,0272,0005,202509,4198
25622,0272,0005,202510,4104
25622,0272,0005,202511,4653
25622,0272,0006,202501,7390
25622,0272,0006,202502,6393
25622,0272,0006,202503,4957
25622,0272,0006,202504,2601
25622,0272,0006,202505,865
25622,0272,0006,202506,793
25622,0272,0006,202507,709
25622,0272,0006,202508,419
25622,0272,0006,202509,595
25622,0272,0006,202510,1236
25622,0272,0006,202511,3918
25622,0272,0007,202501,9223
25622,0272,0007,202502,8764
25622,0272,0007,202503,2228
25622,0272,0007,202504,484
25622,0272,0007,202505,551
25622,0272,0007,202506,409
25622,0272,0007,202507,116
25622,0272,0007,202509,12
25622,0272,0007,202510,12
25622,0272,0007,202511,315
25622,0272,0009,202501,2494
25622,0272,0009,202502,3255
25622,0272,0009,202503,3513
25622,0272,0009,202504,1922
25622,0272,0009,202505,5760
25622,0272,0009,202506,4597
25622,0272,0009,202507,6120
25622,0272,0009,202508,4734
25622,0272,0009,202509,3871
25622,0272,0009,202510,3708
25622,0272,0009,202511,5283
25622,0275,0005,202501,188
25622,0275,0005,202502,189
25622,0275,0005,202503,283
25622,0275,0005,202504,165
25622,0275,0005,202505,188
25622,0275,0005,202506,129
25622,0275,0005,202507,81
25622,0275,0005,202508,81
25622,0275,0005,202509,129
25622,0275,0005,202510,198
25622,0275,0005,202511,560
25622,0275,0007,202501,1153
25622,0275,0007,202502,790
25622,0275,0007,202503,1179
25622,0275,0007,202504,779
25622,0275,0007,202505,540
25622,0275,0007,202506,527
25622,0275,0007,202507,361
25622,0275,0007,202508,384
25622,0275,0007,202509,268
25622,0275,0007,202510,303
25622,0275,0007,202511,490
25622,0275,0013,202501,8330
25622,0275,0013,202502,6995
25622,0275,0013,202503,10597
25622,0275,0013,202504,6050
25622,0275,0013,202505,5162
25622,0275,0013,202506,5895
25622,0275,0013,202507,5398
25622,0275,0013,202508,5246
25622,0275,0013,202509,5247
25622,0275,0013,202510,4454
25622,0275,0013,202511,5388
25622,0276,0005,202501,5082
25622,0276,0005,202502,4682
25622,0276,0005,202503,5765
25622,0276,0005,202504,3609
25622,0276,0005,202505,3437
25622,0276,0005,202506,2983
25622,0276,0005,202507,2002
25622,0276,0005,202508,2070
25622,0276,0005,202509,2286
25622,0276,0005,202510,2017
25622,0276,0005,202511,1283
25622,0277,0004,202501,2635
25622,0277,0004,202502,2429
25622,0277,0004,202503,2734
25622,0277,0004,202504,1686
25622,0277,0004,202505,563
25622,0277,0004,202506,1135
25622,0277,0004,202507,314
25622,0277,0004,202508,209
25622,0277,0004,202509,128
25622,0277,0004,202510,129
25622,0277,0004,202511,898
25622,0282,0002,202501,8493
25622,0282,0002,202502,7961
25622,0282,0002,202503,11164
25622,0282,0002,202504,5932
25622,0282,0002,202505,4012
25622,0282,0002,202506,2410
25622,0282,0002,202507,1943
25622,0282,0002,202508,2140
25622,0282,0002,202509,1714
25622,0282,0002,202510,1504
25622,0282,0002,202511,2263
25622,0294,0001,202501,30256
25622,0294,0001,202502,26586
25622,0294,0001,202503,36108
25622,0294,0001,202504,22810
25622,0294,0001,202505,19357
25622,0294,0001,202506,19642
25622,0294,0001,202507,15335
25622,0294,0001,202508,14433
25622,0294,0001,202509,15440
25622,0294,0001,202510,14832
25622,0294,0001,202511,21447
25622,0294,0002,202501,3553
25622,0294,0002,202502,3208
25622,0294,0002,202503,4880
25622,0294,0002,202504,2760
25622,0294,0002,202505,2123
25622,0294,0002,202506,1626
25622,0294,0002,202507,1547
25622,0294,0002,202508,1908
25622,0294,0002,202509,1399
25622,0294,0002,202510,1166
25622,0294,0002,202511,1423
25622,0298,0003,202501,1282
25622,0298,0003,202502,1132
25622,0298,0003,202503,1426
25622,0298,0003,202504,849
25622,0298,0003,202505,528
25622,0298,0003,202506,281
25622,0298,0003,202507,209
25622,0298,0003,202508,151
25622,0298,0003,202509,105
25622,0298,0003,202510,93
25622,0298,0003,202511,233
25622,0298,0007,202501,1765
25622,0298,0007,202502,9683
25622,0298,0007,202503,4633
25622,0298,0007,202504,3243
25622,0298,0007,202505,2428
25622,0298,0007,202506,1287
25622,0298,0007,202507,209
25622,0298,0007,202508,117
25622,0298,0007,202509,93
25622,0298,0007,202510,128
25622,0298,0007,202511,816
25622,0298,0008,202501,1035
25622,0298,0008,202502,944
25622,0298,0008,202503,424
25622,0298,0008,202504,507
25622,0298,0008,202505,106
25622,0298,0008,202506,105
25622,0298,0008,202507,47
25622,0298,0008,202508,12
25622,0298,0008,202511,23
25622,0299,0001,202501,3235
25622,0299,0001,202502,2560
25622,0299,0001,202503,3643
25622,0299,0001,202504,1533
25622,0299,0001,202505,775
25622,0299,0001,202506,608
25622,0299,0001,202507,408
25622,0299,0001,202508,419
25622,0299,0001,202509,315
25622,0299,0001,202510,338
25622,0299,0001,202511,583
25622,0299,0008,202502,1297
25622,0299,0008,202503,153
25622,0299,0008,202504,118
25622,0299,0008,202505,59
25622,0299,0008,202506,58
25622,0299,0008,202508,12
25622,0299,0008,202509,23
25622,0299,0008,202510,35
25622,0299,0008,202511,47
25622,0299,0011,202501,1353
25622,0299,0011,202502,1286
25622,0299,0011,202503,625
25622,0299,0011,202504,649
25622,0299,0011,202505,692
25622,0299,0011,202506,1906
25622,0299,0011,202507,1222
25622,0299,0011,202508,1407
25622,0299,0011,202509,898
25622,0299,0011,202510,1038
25622,0299,0011,202511,1236
25622,0300,0003,202501,2259
25622,0300,0003,202502,2017
25622,0300,0003,202503,3030
25622,0300,0003,202504,1498
25622,0300,0003,202505,727
25622,0300,0003,202506,316
25622,0300,0003,202507,198
25622,0300,0003,202508,163
25622,0300,0003,202509,82
25622,0300,0003,202510,105
25622,0300,0003,202511,362
25622,0305,0002,202501,6447
25622,0305,0002,202502,5331
25622,0305,0002,202503,7662
25622,0305,0002,202504,5826
25622,0305,0002,202505,5913
25622,0305,0002,202506,6374
25622,0305,0002,202507,6190
25622,0305,0002,202508,4698
25622,0305,0002,202509,4408
25622,0305,0002,202510,4104
25622,0305,0002,202511,5924
25622,0305,0004,202501,4541
25622,0305,0004,202502,4069
25622,0305,0004,202503,5706
25622,0305,0004,202504,2783
25622,0305,0004,202505,1408
25622,0305,0004,202506,363
25622,0305,0004,202507,349
25622,0305,0004,202508,209
25622,0305,0004,202509,198
25622,0305,0004,202510,163
25622,0305,0004,202511,723
25622,0305,0005,202501,3659
25622,0305,0005,202502,3079
25622,0305,0005,202503,4480
25622,0305,0005,202504,4446
25622,0305,0005,202505,4247
25622,0305,0005,202506,3860
25622,0305,0005,202507,3351
25622,0305,0005,202508,2605
25622,0305,0005,202509,2542
25622,0305,0005,202510,2402
25622,0305,0005,202511,2449
25622,0305,0006,202501,8847
25622,0305,0006,202502,7160
25622,0305,0006,202503,9183
25622,0305,0006,202504,6747
25622,0305,0006,202505,5760
25622,0305,0006,202506,5883
25622,0305,0006,202507,4782
25622,0305,0006,202508,5489
25622,0305,0006,202509,4478
25622,0305,0006,202510,4187
25622,0305,0006,202511,5318
25622,0305,0007,202501,7490
25622,0305,0007,202502,6997
25622,0305,0007,202503,5970
25622,0305,0007,202504,3522
25622,0305,0007,202505,2834
25622,0305,0007,202506,2431
25622,0305,0007,202507,1804
25622,0305,0007,202508,1409
25622,0305,0007,202509,1156
25622,0305,0007,202510,1470
25622,0305,0007,202511,2554
25622,0307,0001,202501,536973
25622,0307,0001,202502,556359
25622,0307,0001,202503,387355
25622,0307,0001,202504,233017
25622,0307,0001,202505,133170
25622,0307,0001,202506,109661
25622,0307,0001,202507,74546
25622,0307,0001,202508,63441
25622,0307,0001,202509,62209
25622,0307,0001,202510,87565
25622,0307,0001,202511,244980
25622,0308,0008,202501,1870
25622,0308,0008,202502,2547
25622,0308,0008,202503,2912
25622,0308,0008,202504,1451
25622,0308,0008,202505,1056
25622,0308,0008,202506,316
25622,0308,0008,202507,268
25622,0308,0008,202508,314
25622,0308,0008,202509,338
25622,0308,0008,202510,478
25622,0308,0008,202511,443
25622,0311,0002,202501,2376
25622,0311,0002,202502,2736
25622,0311,0002,202503,3124
25622,0311,0002,202504,1238
25622,0311,0002,202505,516
25622,0311,0002,202506,175
25622,0311,0002,202507,128
25622,0311,0002,202508,81
25622,0311,0002,202509,70
25622,0311,0002,202510,70
25622,0311,0002,202511,175
25622,0313,0003,202501,2976
25622,0313,0003,202502,3503
25622,0313,0003,202503,3713
25622,0313,0003,202504,1970
25622,0313,0003,202505,1959
25622,0313,0003,202506,760
25622,0313,0003,202507,326
25622,0313,0003,202508,105
25622,0313,0003,202509,70
25622,0313,0003,202510,82
25622,0313,0003,202511,980
25622,0313,0005,202501,3059
25622,0313,0005,202502,2949
25622,0313,0005,202503,3336
25622,0313,0005,202504,3054
25622,0313,0005,202505,3661
25622,0313,0005,202506,2631
25622,0313,0005,202507,2164
25622,0313,0005,202508,2070
25622,0313,0005,202509,1866
25622,0313,0005,202510,2076
25622,0313,0005,202511,3067
25622,0313,0007,202501,3164
25622,0313,0007,202502,3126
25622,0313,0007,202503,3300
25622,0313,0007,202504,2040
25622,0313,0007,202505,3544
25622,0313,0007,202506,2082
25622,0313,0007,202507,2711
25622,0313,0007,202508,2756
25622,0313,0007,202509,2356
25622,0313,0007,202510,2425
25622,0313,0007,202511,2647
25622,0314,0002,202501,9623
25622,0314,0002,202502,6829
25622,0314,0002,202503,9501
25622,0314,0002,202504,8492
25622,0314,0002,202505,6476
25622,0314,0002,202506,7276
25622,0314,0002,202507,5061
25622,0314,0002,202508,3152
25622,0314,0002,202509,1971
25622,0314,0002,202510,2355
25622,0314,0002,202511,4805
25622,0314,0003,202501,235
25622,0314,0003,202502,153
25622,0314,0003,202503,495
25622,0314,0003,202504,94
25622,0314,0003,202505,70
25622,0314,0003,202506,82
25622,0314,0003,202507,140
25622,0314,0003,202508,47
25622,0314,0003,202509,70
25622,0314,0003,202510,82
25622,0314,0003,202511,70
25622,0314,0005,202501,400
25622,0314,0005,202502,460
25622,0314,0005,202503,790
25622,0314,0005,202504,566
25622,0314,0005,202505,516
25622,0314,0005,202506,573
25622,0314,0005,202507,454
25622,0314,0005,202508,686
25622,0314,0005,202509,898
25622,0314,0005,202510,886
25622,0314,0005,202511,816
25622,0314,0006,202501,4870
25622,0314,0006,202502,3786
25622,0314,0006,202503,5316
25622,0314,0006,202504,4458
25622,0314,0006,202505,4246
25622,0314,0006,202506,4761
25622,0314,0006,202507,4073
25622,0314,0006,202508,3606
25622,0314,0006,202509,3359
25622,0314,0006,202510,2962
25622,0314,0006,202511,3603
25622,0314,0007,202501,30339
25622,0314,0007,202502,32294
25622,0314,0007,202503,29765
25622,0314,0007,202504,20911
25622,0314,0007,202505,15696
25622,0314,0007,202506,7263
25622,0314,0007,202507,4351
25622,0314,0007,202508,2116
25622,0314,0007,202509,1598
25622,0314,0007,202510,1540
25622,0314,0007,202511,5773
25622,0314,0012,202501,2423
25622,0314,0012,202502,2076
25622,0314,0012,202503,2994
25622,0314,0012,202504,2099
25622,0314,0012,202505,2170
25622,0314,0012,202506,2340
25622,0314,0012,202507,1629
25622,0314,0012,202508,1710
25622,0314,0012,202509,1376
25622,0314,0012,202510,1516
25622,0314,0012,202511,1994
25622,0315,0001,202501,18058
25622,0315,0001,202502,20169
25622,0315,0001,202503,21313
25622,0315,0001,202504,16960
25622,0315,0001,202505,15239
25622,0315,0001,202506,11685
25622,0315,0001,202507,7458
25622,0315,0001,202508,5547
25622,0315,0001,202509,2904
25622,0315,0001,202510,1866
25622,0315,0001,202511,5516
25622,0315,0002,202501,23897
25622,0315,0002,202502,24498
25622,0315,0002,202503,22303
25622,0315,0002,202504,16300
25622,0315,0002,202505,12130
25622,0315,0002,202506,7883
25622,0315,0002,202507,5189
25622,0315,0002,202508,3221
25622,0315,0002,202509,2111
25622,0315,0002,202510,2239
25622,0315,0002,202511,5656
25622,0315,0007,202501,176
25622,0315,0007,202502,142
25622,0315,0007,202503,212
25622,0315,0007,202504,153
25622,0315,0007,202505,141
25622,0315,0007,202506,117
25622,0315,0007,202507,81
25622,0315,0007,202508,58
25622,0315,0007,202509,47
25622,0315,0007,202510,58
25622,0315,0009,202501,16258
25622,0315,0009,202502,17020
25622,0315,0009,202503,15537
25622,0315,0009,202504,13021
25622,0315,0009,202505,8177
25622,0315,0009,202506,4889
25622,0315,0009,202507,3584
25622,0315,0009,202508,2966
25622,0315,0009,202509,2915
25622,0315,0009,202510,3242
25622,0315,0009,202511,5703
25622,0316,0002,202501,589
25622,0316,0002,202502,602
25622,0316,0002,202503,1073
25622,0316,0002,202504,413
25622,0316,0002,202505,317
25622,0316,0002,202506,269
25622,0316,0002,202507,245
25622,0316,0002,202508,314
25622,0316,0002,202509,210
25622,0316,0002,202510,257
25622,0316,0002,202511,431
25622,0316,0004,202501,6082
25622,0316,0004,202502,6912
25622,0316,0004,202503,6979
25622,0316,0004,202504,5461
25622,0316,0004,202505,4423
25622,0316,0004,202506,4257
25622,0316,0004,202507,3316
25622,0316,0004,202508,2210
25622,0316,0004,202509,2064
25622,0316,0004,202510,1388
25622,0316,0004,202511,3219
25622,0316,0005,202501,24752
25622,0316,0005,202502,28178
25622,0316,0005,202503,25581
25622,0316,0005,202504,17279
25622,0316,0005,202505,12916
25622,0316,0005,202506,9415
25622,0316,0005,202507,6656
25622,0316,0005,202508,5384
25622,0316,0005,202509,4910
25622,0316,0005,202510,4338
25622,0316,0005,202511,9668
25622,0316,0007,202501,2800
25622,0316,0007,202502,2158
25622,0316,0007,202503,2534
25622,0316,0007,202504,1073
25622,0316,0007,202505,528
25622,0316,0007,202506,187
25622,0316,0007,202507,105
25622,0316,0007,202508,93
25622,0316,0007,202509,82
25622,0316,0007,202510,70
25622,0316,0007,202511,280
25622,0325,0004,202501,2400
25622,0325,0004,202502,2241
25622,0325,0004,202503,2511
25622,0325,0004,202504,1309
25622,0325,0004,202505,692
25622,0325,0004,202506,211
25622,0325,0004,202507,140
25622,0325,0004,202508,151
25622,0325,0004,202509,152
25622,0325,0004,202510,245
25622,0325,0004,202511,910
25622,0326,0008,202501,1365
25622,0326,0008,202502,1286
25622,0326,0008,202503,1591
25622,0326,0008,202504,637
25622,0326,0008,202505,375
25622,0326,0008,202506,187
25622,0326,0008,202507,128
25622,0326,0008,202508,116
25622,0326,0008,202509,105
25622,0326,0008,202510,117
25622,0326,0008,202511,233
25622,0327,0002,202501,5129
25622,0327,0002,202502,1510
25622,0327,0002,202503,3443
25622,0327,0002,202504,3385
25622,0327,0002,202505,2804
25622,0327,0002,202506,2678
25622,0327,0002,202507,2269
25622,0327,0002,202508,2466
25622,0327,0002,202509,2355
25622,0327,0002,202510,2123
25622,0327,0002,202511,2332
25622,0327,0006,202501,1859
25622,0327,0006,202502,1616
25622,0327,0006,202503,1898
25622,0327,0006,202504,1757
25622,0327,0006,202505,1736
25622,0327,0006,202506,1825
25622,0327,0006,202507,2083
25622,0327,0006,202508,3710
25622,0327,0006,202509,2694
25622,0327,0006,202510,1364
25622,0327,0006,202511,1271
25622,0327,0009,202501,3235
25622,0327,0009,202502,2430
25622,0327,0009,202503,3489
25622,0327,0009,202504,2088
25622,0327,0009,202505,1396
25622,0327,0009,202506,444
25622,0327,0009,202507,35
25622,0327,0009,202508,12
25622,0327,0009,202509,23
25622,0327,0009,202510,23
25622,0327,0009,202511,723
25622,0328,0001,202501,329
25622,0328,0001,202502,354
25622,0328,0001,202503,778
25622,0328,0001,202504,1073
25622,0328,0001,202505,305
25622,0328,0001,202506,292
25622,0328,0001,202507,279
25622,0328,0001,202508,221
25622,0328,0001,202509,198
25622,0328,0001,202510,198
25622,0328,0001,202511,315
25622,0328,0005,202501,1894
25622,0328,0005,202502,1168
25622,0328,0005,202503,2169
25622,0328,0005,202504,1356
25622,0328,0005,202505,786
25622,0328,0005,202506,292
25622,0328,0005,202507,256
25622,0328,0005,202508,186
25622,0328,0005,202509,82
25622,0328,0005,202510,70
25622,0328,0005,202511,175
25622,0328,0006,202501,5364
25622,0328,0006,202502,5579
25622,0328,0006,202503,4079
25622,0328,0006,202504,4199
25622,0328,0006,202505,5185
25622,0328,0006,202506,4912
25622,0328,0006,202507,4491
25622,0328,0006,202508,4710
25622,0328,0006,202509,4560
25622,0328,0006,202510,4034
25622,0328,0006,202511,4268
25622,0328,0012,202501,3753
25622,0328,0012,202502,3184
25622,0328,0012,202503,4079
25622,0328,0012,202504,1038
25622,0328,0012,202505,106
25622,0328,0012,202506,573
25622,0328,0012,202507,198
25622,0328,0012,202508,23
25622,0328,0012,202509,70
25622,0328,0012,202510,70
25622,0328,0012,202511,199
25622,0329,0003,202501,353
25622,0329,0003,202502,259
25622,0329,0003,202503,259
25622,0329,0003,202504,248
25622,0329,0003,202505,246
25622,0329,0003,202506,246
25622,0329,0003,202507,175
25622,0329,0003,202508,221
25622,0329,0003,202509,140
25622,0329,0003,202510,117
25622,0329,0003,202511,280
25622,0329,0004,202501,635
25622,0329,0004,202502,307
25622,0329,0004,202503,601
25622,0329,0004,202504,366
25622,0329,0004,202505,246
25622,0329,0004,202506,269
25622,0329,0004,202507,140
25622,0329,0004,202508,163
25622,0329,0004,202509,93
25622,0329,0004,202510,82
25622,0329,0004,202511,128
25622,0330,0002,202501,12152
25622,0330,0002,202502,12680
25622,0330,0002,202503,13156
25622,0330,0002,202504,14012
25622,0330,0002,202505,15110
25622,0330,0002,202506,12843
25622,0330,0002,202507,10390
25622,0330,0002,202508,7489
25622,0330,0002,202509,7090
25622,0330,0002,202510,8885
25622,0330,0002,202511,8455
25622,0330,0004,202501,976
25622,0330,0004,202502,1121
25622,0330,0004,202503,1167
25622,0330,0004,202504,802
25622,0330,0004,202505,751
25622,0330,0004,202506,538
25622,0330,0004,202507,547
25622,0330,0004,202508,593
25622,0330,0004,202509,536
25622,0330,0004,202510,583
25622,0330,0004,202511,560
25622,0330,0014,202501,4470
25622,0330,0014,202502,4718
25622,0330,0014,202503,5340
25622,0330,0014,202504,3397
25622,0330,0014,202505,2815
25622,0330,0014,202506,1135
25622,0330,0014,202507,326
25622,0330,0014,202508,209
25622,0330,0014,202509,105
25622,0330,0014,202510,105
25622,0330,0014,202511,1481
25622,0338,0003,202501,2529
25622,0338,0003,202502,2831
25622,0338,0003,202503,3159
25622,0338,0003,202504,1415
25622,0338,0003,202505,328
25622,0338,0003,202506,175
25622,0338,0003,202507,163
25622,0338,0003,202508,81
25622,0338,0003,202509,58
25622,0338,0003,202510,58
25622,0338,0003,202511,128
25622,0339,0003,202501,4647
25622,0339,0003,202502,5131
25622,0339,0003,202503,6448
25622,0339,0003,202504,2901
25622,0339,0003,202505,1595
25622,0339,0003,202506,526
25622,0339,0003,202507,372
25622,0339,0003,202508,372
25622,0339,0003,202509,198
25622,0339,0003,202510,198
25622,0339,0003,202511,805
25622,0339,0008,202501,4317
25622,0339,0008,202502,4270
25622,0339,0008,202503,4362
25622,0339,0008,202504,2477
25622,0339,0008,202505,1419
25622,0339,0008,202506,444
25622,0339,0008,202507,326
25622,0339,0008,202508,151
25622,0339,0008,202509,117
25622,0339,0008,202510,105
25622,0339,0008,202511,1120
25622,0339,0010,202501,2788
25622,0339,0010,202502,3055
25622,0339,0010,202503,2770
25622,0339,0010,202504,1215
25622,0339,0010,202505,422
25622,0339,0010,202506,175
25622,0339,0010,202507,128
25622,0339,0010,202508,128
25622,0339,0010,202509,105
25622,0339,0010,202510,117
25622,0339,0010,202511,187
25622,0343,0002,202501,19610
25622,0343,0002,202502,20158
25622,0343,0002,202503,22952
25622,0343,0002,202504,16984
25622,0343,0002,202505,10242
25622,0343,0002,202506,2328
25622,0343,0002,202507,222
25622,0343,0002,202508,116
25622,0343,0002,202509,58
25622,0343,0002,202510,58
25622,0343,0002,202511,1551
25622,0343,0006,202501,21375
25622,0343,0006,202502,21302
25622,0343,0006,202503,25723
25622,0343,0006,202504,16984
25622,0343,0006,202505,12131
25622,0343,0006,202506,5872
25622,0343,0006,202507,3502
25622,0343,0006,202508,2582
25622,0343,0006,202509,2017
25622,0343,0006,202510,1691
25622,0343,0006,202511,5586
25622,0345,0003,202501,34704
25622,0345,0003,202502,38369
25622,0345,0003,202503,32041
25622,0345,0003,202504,24297
25622,0345,0003,202505,18594
25622,0345,0003,202506,11954
25622,0345,0003,202507,8424
25622,0345,0003,202508,6176
25622,0345,0003,202509,6344
25622,0345,0003,202510,5958
25622,0345,0003,202511,10496
25622,0345,0007,202501,2129
25622,0345,0007,202502,2347
25622,0345,0007,202503,2711
25622,0345,0007,202504,1179
25622,0345,0007,202505,704
25622,0345,0007,202506,2807
25622,0345,0007,202507,349
25622,0345,0007,202508,58
25622,0345,0007,202509,175
25622,0345,0007,202510,233
25622,0345,0007,202511,583
25622,0345,0008,202501,14281
25622,0345,0008,202502,14602
25622,0345,0008,202503,13569
25622,0345,0008,202504,9141
25622,0345,0008,202505,5936
25622,0345,0008,202506,2948
25622,0345,0008,202507,1862
25622,0345,0008,202508,1163
25622,0345,0008,202509,1178
25622,0345,0008,202510,1085
25622,0345,0008,202511,2484
25622,0345,0010,202501,1647
25622,0345,0010,202502,1793
25622,0345,0010,202503,2511
25622,0345,0010,202504,153
25622,0345,0010,202509,12
25622,0345,0010,202511,93
25622,0345,0011,202501,2929
25622,0345,0011,202502,2288
25622,0345,0011,202503,2711
25622,0345,0011,202504,1722
25622,0345,0011,202505,1150
25622,0345,0011,202506,456
25622,0345,0011,202507,256
25622,0345,0011,202508,81
25622,0345,0011,202509,82
25622,0345,0011,202510,105
25622,0345,0011,202511,816
25622,0346,0001,202501,27045
25622,0346,0001,202502,28544
25622,0346,0001,202503,24508
25622,0346,0001,202504,17786
25622,0346,0001,202505,13961
25622,0346,0001,202506,6433
25622,0346,0001,202507,5457
25622,0346,0001,202508,2721
25622,0346,0001,202509,3044
25622,0346,0001,202510,2682
25622,0346,0001,202511,5119
25622,0346,0004,202501,27363
25622,0346,0004,202502,29311
25622,0346,0004,202503,25333
25622,0346,0004,202504,19060
25622,0346,0004,202505,13421
25622,0346,0004,202506,7509
25622,0346,0004,202507,4619
25622,0346,0004,202508,2954
25622,0346,0004,202509,2437
25622,0346,0004,202510,2449
25622,0346,0004,202511,5622
25622,0347,0001,202501,1012
25622,0347,0001,202502,896
25622,0347,0001,202503,1285
25622,0347,0001,202504,920
25622,0347,0001,202505,845
25622,0347,0001,202506,901
25622,0347,0001,202507,838
25622,0347,0001,202508,721
25622,0347,0001,202509,793
25622,0347,0001,202510,711
25622,0347,0001,202511,805
25622,0347,0003,202501,13716
25622,0347,0003,202502,12644
25622,0347,0003,202503,13580
25622,0347,0003,202504,10863
25622,0347,0003,202505,11110
25622,0347,0003,202506,11229
25622,0347,0003,202507,10541
25622,0347,0003,202508,10793
25622,0347,0003,202509,10239
25622,0347,0003,202510,7008
25622,0347,0003,202511,7708
25622,0348,0004,202501,9917
25622,0348,0004,202502,7761
25622,0348,0004,202503,8794
25622,0348,0004,202504,8716
25622,0348,0004,202505,9749
25622,0348,0004,202506,7615
25622,0348,0004,202507,8075
25622,0348,0004,202508,8036
25622,0348,0004,202509,7148
25622,0348,0004,202510,8244
25622,0348,0004,202511,8070
25622,0348,0007,202501,4717
25622,0348,0007,202502,4848
25622,0348,0007,202503,5552
25622,0348,0007,202504,3267
25622,0348,0007,202505,2358
25622,0348,0007,202506,948
25622,0348,0007,202507,105
25622,0348,0007,202508,221
25622,0348,0007,202509,82
25622,0348,0007,202510,82
25622,0348,0007,202511,1015
25622,0348,0008,202501,812
25622,0348,0008,202502,1274
25622,0348,0008,202503,1309
25622,0348,0008,202504,602
25622,0348,0008,202505,106
25622,0348,0008,202506,58
25622,0348,0008,202507,35
25622,0348,0008,202508,35
25622,0348,0008,202509,47
25622,0348,0008,202510,47
25622,0348,0008,202511,70
25622,0348,0010,202501,15622
25622,0348,0010,202502,15062
25622,0348,0010,202503,15548
25622,0348,0010,202504,13706
25622,0348,0010,202505,13702
25622,0348,0010,202506,9895
25622,0348,0010,202507,8889
25622,0348,0010,202508,7536
25622,0348,0010,202509,6017
25622,0348,0010,202510,7835
25622,0348,0010,202511,7288
25622,0348,0012,202501,24
25622,0348,0012,202502,12
25622,0348,0012,202503,12
25622,0348,0012,202504,12
25622,0348,0012,202505,12
25622,0348,0012,202507,12
25622,0348,0012,202508,12
25622,0348,0012,202509,12
25622,0348,0012,202510,12
25622,0348,0012,202511,12
25622,0352,0002,202501,3705
25622,0352,0002,202502,3833
25622,0352,0002,202503,4562
25622,0352,0002,202504,2395
25622,0352,0002,202505,1666
25622,0352,0002,202506,1146
25622,0352,0002,202507,675
25622,0352,0002,202508,454
25622,0352,0002,202509,409
25622,0352,0002,202510,420
25622,0352,0002,202511,1318
25622,0352,0007,202501,3011
25622,0352,0007,202502,2524
25622,0352,0007,202503,3619
25622,0352,0007,202504,1911
25622,0352,0007,202505,1560
25622,0352,0007,202506,1392
25622,0352,0007,202507,1187
25622,0352,0007,202508,884
25622,0352,0007,202509,921
25622,0352,0007,202510,817
25622,0352,0007,202511,1027
25622,0357,0004,202501,529
25622,0357,0004,202502,1121
25622,0357,0004,202503,943
25622,0357,0004,202504,330
25622,0357,0004,202505,211
25622,0357,0004,202506,70
25622,0357,0004,202507,58
25622,0357,0004,202508,58
25622,0357,0004,202509,35
25622,0357,0004,202510,23
25622,0357,0004,202511,82
25622,0358,0002,202501,1482
25622,0358,0002,202502,1215
25622,0358,0002,202503,1202
25622,0358,0002,202504,885
25622,0358,0002,202505,1197
25622,0358,0002,202506,1064
25622,0358,0002,202507,663
25622,0358,0002,202508,651
25622,0358,0002,202509,595
25622,0358,0002,202510,735
25622,0358,0002,202511,816
25622,0358,0007,202501,1000
25622,0358,0007,202502,955
25622,0358,0007,202503,1191
25622,0358,0007,202504,991
25622,0358,0007,202505,493
25622,0358,0007,202511,35
25622,0358,0008,202501,823
25622,0358,0008,202502,649
25622,0358,0008,202503,754
25622,0358,0008,202504,342
25622,0358,0008,202505,375
25622,0358,0008,202507,23
25622,0358,0008,202508,663
25622,0358,0008,202509,606
25622,0358,0008,202510,641
25622,0358,0008,202511,793
25622,0359,0005,202501,2165
25622,0359,0005,202502,2347
25622,0359,0005,202503,2593
25622,0359,0005,202504,1781
25622,0359,0005,202505,1900
25622,0359,0005,202506,889
25622,0359,0005,202507,1513
25622,0359,0005,202508,1733
25622,0359,0005,202509,1644
25622,0359,0005,202510,863
25622,0359,0005,202511,875
25622,0364,0003,202501,2423
25622,0364,0003,202502,2182
25622,0364,0003,202503,2558
25622,0364,0003,202504,1109
25622,0364,0003,202505,235
25622,0364,0003,202506,164
25622,0364,0003,202507,140
25622,0364,0003,202508,12
25622,0364,0003,202511,47
25622,0369,0008,202501,5517
25622,0369,0008,202502,4729
25622,0369,0008,202503,5623
25622,0369,0008,202504,4117
25622,0369,0008,202505,4153
25622,0369,0008,202506,4527
25622,0369,0008,202507,4550
25622,0369,0008,202508,3780
25622,0369,0008,202509,3697
25622,0369,0008,202510,3906
25622,0369,0008,202511,4221
25622,0376,0002,202501,3411
25622,0376,0002,202502,3361
25622,0376,0002,202503,4209
25622,0376,0002,202504,2477
25622,0376,0002,202505,2733
25622,0376,0002,202506,1029
25622,0376,0002,202507,1141
25622,0376,0002,202508,395
25622,0376,0002,202509,385
25622,0376,0002,202510,1248
25622,0376,0002,202511,1353
25622,0377,0004,202501,24139
25622,0377,0004,202502,18919
25622,0377,0004,202503,22374
25622,0377,0004,202504,18517
25622,0377,0004,202505,17339
25622,0377,0004,202506,19685
25622,0377,0004,202507,20780
25622,0377,0004,202508,23434
25622,0377,0004,202509,16745
25622,0377,0004,202510,28206
25622,0377,0004,202511,21143
25622,0378,0002,202501,4188
25622,0378,0002,202502,3821
25622,0378,0002,202503,6637
25622,0378,0002,202504,4305
25622,0378,0002,202505,3496
25622,0378,0002,202506,3497
25622,0378,0002,202507,3537
25622,0378,0002,202508,3128
25622,0378,0002,202509,3126
25622,0378,0002,202510,2821
25622,0378,0002,202511,3289
25622,0384,0005,202501,1106
25622,0384,0005,202502,1180
25622,0384,0005,202503,1520
25622,0384,0005,202504,743
25622,0384,0005,202505,516
25622,0384,0005,202506,140
25622,0384,0005,202510,128
25622,0384,0005,202511,1505
25622,0385,0002,202501,18633
25622,0385,0002,202502,18518
25622,0385,0002,202503,19297
25622,0385,0002,202504,15074
25622,0385,0002,202505,15415
25622,0385,0002,202506,12644
25622,0385,0002,202507,12915
25622,0385,0002,202508,9815
25622,0385,0002,202509,12734
25622,0385,0002,202510,14284
25622,0385,0002,202511,15358
25622,0390,0007,202501,2364
25622,0390,0007,202502,3291
25622,0390,0007,202503,3725
25622,0390,0007,202504,1415
25622,0390,0007,202505,539
25622,0390,0007,202506,129
25622,0390,0007,202507,163
25622,0390,0007,202508,151
25622,0390,0007,202509,81
25622,0390,0007,202510,94
25622,0390,0007,202511,233
25622,0390,0008,202501,1976
25622,0390,0008,202502,2076
25622,0390,0008,202503,2629
25622,0390,0008,202504,1262
25622,0390,0008,202505,774
25622,0390,0008,202506,234
25622,0390,0008,202507,151
25622,0390,0008,202508,128
25622,0390,0008,202509,105
25622,0390,0008,202510,93
25622,0390,0008,202511,385
25622,0404,0001,202501,2164
25622,0404,0001,202502,2088
25622,0404,0001,202503,3347
25622,0404,0001,202504,2453
25622,0404,0001,202505,1771
25622,0404,0001,202506,1193
25622,0404,0001,202507,547
25622,0404,0001,202508,337
25622,0404,0001,202509,362
25622,0404,0001,202510,361
25622,0404,0001,202511,537
25622,0409,0001,202501,188
25622,0409,0001,202502,118
25622,0409,0001,202503,177
25622,0409,0001,202504,118
25622,0409,0001,202505,188
25622,0409,0001,202506,199
25622,0409,0001,202507,198
25622,0409,0001,202508,105
25622,0409,0001,202509,82
25622,0409,0001,202510,105
25622,0409,0001,202511,140
25622,0413,0004,202501,400
25622,0413,0004,202502,755
25622,0413,0004,202503,990
25622,0413,0004,202504,212
25622,0413,0004,202505,23
25622,0413,0004,202507,12
25622,0413,0004,202508,12
25622,0413,0004,202510,12
25622,0878,0001,202501,16022
25622,0878,0001,202502,16076
25622,0878,0001,202503,16280
25622,0878,0001,202504,15226
25622,0878,0001,202505,17034
25622,0878,0001,202506,13907
25622,0878,0001,202507,14940
25622,0878,0001,202508,15677
25622,0878,0001,202509,12664
25622,0878,0001,202510,14028
25622,0878,0001,202511,13319
25622,0879,0000,202501,7247
25622,0879,0000,202502,7938
25622,0879,0000,202503,8523
25622,0879,0000,202504,7478
25622,0879,0000,202505,8165
25622,0879,0000,202506,6784
25622,0879,0000,202507,6911
25622,0879,0000,202508,6478
25622,0879,0000,202509,4373
25622,0879,0000,202510,4769
25622,0879,0000,202511,8362
25622,0883,0003,202501,3306
25622,0883,0003,202502,4411
25622,0883,0003,202503,4963
25622,0883,0003,202504,2972
25622,0883,0003,202505,1654
25622,0883,0003,202506,1064
25622,0883,0003,202507,1094
25622,0883,0003,202508,965
25622,0883,0003,202509,933
25622,0883,0003,202510,1166
25622,0883,0003,202511,1178
25622,1188,0096,202501,1153
25622,1188,0096,202502,1415
25622,1188,0096,202503,1603
25622,1188,0096,202504,602
25622,1188,0096,202505,176
25622,1188,0096,202506,47
25622,1188,0096,202507,35
25622,1188,0096,202508,12
25622,1188,0096,202509,12
25622,1188,0096,202510,35
25622,1188,0096,202511,163
25622,1188,0101,202501,2741
25622,1188,0101,202502,2784
25622,1188,0101,202503,4597
25622,1188,0101,202504,2041
25622,1188,0101,202505,610
25622,1188,0101,202506,140
25622,1188,0101,202507,116
25622,1188,0101,202508,24
25622,1188,0101,202509,35
25622,1188,0101,202510,82
25622,1188,0101,202511,164
25622,1188,0108,202501,1859
25622,1188,0108,202502,1875
25622,1188,0108,202503,2216
25622,1188,0108,202504,1356
25622,1188,0108,202505,774
25622,1188,0108,202506,374
25622,1188,0108,202507,140
25622,1188,0108,202508,105
25622,1188,0108,202509,70
25622,1188,0108,202510,93
25622,1188,0108,202511,397
25622,1188,0202,202501,7811
25622,1188,0202,202502,7808
25622,1188,0202,202503,8924
25622,1188,0202,202504,6546
25622,1188,0202,202505,4763
25622,1188,0202,202506,2480
25622,1188,0202,202507,1268
25622,1188,0202,202508,826
25622,1188,0202,202509,653
25622,1188,0202,202510,898
25622,1188,0202,202511,1912
25622,1188,0242,202510,97109
25622,1188,0242,202511,283576
25622,1188,0453,202501,6458
25622,1188,0453,202502,6641
25622,1188,0453,202503,6790
25622,1188,0453,202504,3456
25622,1188,0453,202505,1760
25622,1188,0453,202506,936
25622,1188,0453,202507,81
25622,1188,0453,202508,70
25622,1188,0453,202509,233
25622,1188,0453,202510,175
25622,1188,0453,202511,1120
25622,1188,0464,202501,1118
25622,1188,0464,202502,1179
25622,1188,0464,202503,1863
25622,1188,0464,202504,1215
25622,1188,0464,202505,328
25622,1188,0464,202506,82
25622,1188,0464,202507,23
25622,1188,0464,202508,23
25622,1188,0464,202509,12
25622,1188,0464,202510,12
25622,1188,0464,202511,12
25622,1188,0470,202501,9293
25622,1188,0470,202502,9295
25622,1188,0470,202503,9726
25622,1188,0470,202504,7407
25622,1188,0470,202505,6488
25622,1188,0470,202506,4187
25622,1188,0470,202507,3932
25622,1188,0470,202508,3536
25622,1188,0470,202509,4151
25622,1188,0470,202510,4245
25622,1188,0470,202511,4082
25622,1308,0000,202501,459
25622,1308,0000,202502,625
25622,1308,0000,202503,919
25622,1308,0000,202504,401
25622,1308,0000,202505,188
25622,1308,0000,202506,105
25622,1308,0000,202507,105
25622,1308,0000,202508,81
25622,1308,0000,202509,70
25622,1308,0000,202510,82
25622,1308,0000,202511,128
25622,1351,0012,202501,3659
25622,1351,0012,202502,2536
25622,1351,0012,202503,3501
25622,1351,0012,202504,2559
25622,1351,0012,202505,1877
25622,1351,0012,202506,2000
25622,1351,0012,202507,1978
25622,1351,0012,202508,1396
25622,1351,0012,202509,991
25622,1351,0012,202510,921
25622,1351,0012,202511,1784
25622,1358,0000,202501,261808
25622,1358,0000,202502,270073
25622,1358,0000,202503,184895
25622,1358,0000,202504,100511
25622,1358,0000,202505,55395
25622,1358,0000,202506,47064
25622,1358,0000,202507,33035
25622,1358,0000,202508,27395
25622,1358,0000,202509,26565
25622,1358,0000,202510,37322
25622,1358,0000,202511,101159
25622,1359,0000,202501,849277
25622,1359,0000,202502,910912
25622,1359,0000,202503,618502
25622,1359,0000,202504,344927
25622,1359,0000,202505,200736
25622,1359,0000,202506,165977
25622,1359,0000,202507,133815
25622,1359,0000,202508,108278
25622,1359,0000,202509,101924
25622,1359,0000,202510,142225
25622,1359,0000,202511,335392
25622,1365,0000,202501,228922
25622,1365,0000,202502,288326
25622,1365,0000,202503,176590
25622,1365,0000,202504,89454
25622,1365,0000,202505,45662
25622,1365,0000,202506,34553
25622,1365,0000,202507,23061
25622,1365,0000,202508,19796
25622,1365,0000,202509,18525
25622,1365,0000,202510,31928
25622,1365,0000,202511,111824
25626,0255,0000,202501,277478
25626,0255,0000,202502,321390
25626,0255,0000,202503,217137
25626,0255,0000,202504,142479
25626,0255,0000,202505,102184
25626,0255,0000,202506,59997
25626,0255,0000,202507,39503
25626,0255,0000,202508,33245
25626,0255,0000,202509,36263
25626,0255,0000,202510,53402
25626,0255,0000,202511,126409
25626,0260,0018,202501,3035
25626,0260,0018,202502,3244
25626,0260,0018,202503,2994
25626,0260,0018,202504,2076
25626,0260,0018,202505,1513
25626,0260,0018,202506,1134
25626,0260,0018,202507,1048
25626,0260,0018,202508,698
25626,0260,0018,202509,536
25626,0260,0018,202510,291
25626,0260,0018,202511,584
25627,0313,0005,202501,256466
25627,0313,0005,202502,321093
25627,0313,0005,202503,219129
25627,0313,0005,202504,126489
25627,0313,0005,202505,65119
25627,0313,0005,202506,46596
25627,0313,0005,202507,36819
25627,0313,0005,202508,32827
25627,0313,0005,202509,34613
25627,0313,0005,202510,62480
25627,0313,0005,202511,154301
25627,0314,0001,202501,3682
25627,0314,0001,202502,3185
25627,0314,0001,202503,2947
25627,0314,0001,202504,2371
25627,0314,0001,202505,1443
25627,0314,0001,202506,760
25627,0314,0001,202507,430
25627,0314,0001,202508,384
25627,0314,0001,202509,105
25627,0314,0001,202510,303
25627,0314,0001,202511,886
25627,0360,0013,202501,926229
25627,0360,0013,202502,1126272
25627,0360,0013,202503,757390
25627,0371,0000,202501,32537
25627,0371,0000,202502,20162
25627,0371,0000,202503,16637
25627,0371,0000,202504,32324
25627,0371,0000,202505,17895
25627,0371,0000,202506,15643
25627,0371,0000,202507,36532
25627,0371,0000,202508,50149
25627,0371,0000,202509,30999
25627,0371,0000,202510,46613
25627,0371,0000,202511,18981
25627,0373,0000,202504,408274
25627,0373,0000,202505,286833
25627,0373,0000,202506,212992
25627,0373,0000,202507,157496
25627,0373,0000,202508,146638
25627,0373,0000,202509,128593
25627,0373,0000,202510,167418
25627,0373,0000,202511,407175
25629,0678,0005,202501,6235
25629,0678,0005,202502,6180
25629,0678,0005,202503,7993
25629,0678,0005,202504,4093
25629,0678,0005,202505,3178
25629,0678,0005,202506,1638
25629,0678,0005,202507,838
25629,0678,0005,202508,616
25629,0678,0005,202509,501
25629,0678,0005,202510,490
25629,0678,0005,202511,1143
25629,0680,0005,202501,189020
25629,0680,0005,202502,236084
25629,0680,0005,202503,148688
25629,0680,0005,202504,89233
25629,0680,0005,202505,52134
25629,0680,0005,202506,34617
25629,0680,0005,202507,23278
25629,0680,0005,202508,16598
25629,0680,0005,202509,17829
25629,0680,0005,202510,32955
25629,0680,0005,202511,97197
25629,0700,0003,202501,14211
25629,0700,0003,202502,4199
25629,0700,0003,202503,1568
25629,0700,0003,202504,10733
25629,0700,0003,202505,14054
25629,0700,0003,202506,11626
25629,0700,0003,202507,16720
25629,0700,0003,202508,20550
25629,0700,0003,202509,13434
25629,0700,0003,202510,21945
25629,0700,0003,202511,10017
25629,0797,0000,202501,1565
25629,0797,0000,202502,1557
25629,0797,0000,202503,2110
25629,0797,0000,202504,1463
25629,0797,0000,202505,927
25629,0797,0000,202506,491
25629,0797,0000,202507,70
25629,0797,0000,202508,47
25629,0797,0000,202509,93
25629,0797,0000,202510,35
25629,0797,0000,202511,210
25629,0802,0015,202501,1647
25629,0802,0015,202502,1852
25629,0802,0015,202503,1804
25629,0802,0015,202504,1651
25629,0802,0015,202505,1044
25629,0802,0035,202501,612
25629,0802,0035,202502,425
25629,0802,0035,202503,613
25629,0802,0035,202504,259
25629,0802,0035,202505,59
25629,0804,0000,202501,1576
25629,0804,0000,202502,1887
25629,0804,0000,202503,2405
25629,0804,0000,202504,1309
25629,0804,0000,202505,1032
25629,0804,0000,202506,597
25629,0804,0000,202507,244
25629,0804,0000,202508,151
25629,0804,0000,202509,93
25629,0804,0000,202510,117
25629,0804,0000,202511,455
25629,0821,0002,202501,3411
25629,0821,0002,202502,3597
25629,0821,0002,202503,4857
25629,0821,0002,202504,2748
25629,0821,0002,202505,1901
25629,0821,0002,202506,1006
25629,0821,0002,202507,291
25629,0821,0002,202508,94
25629,0821,0002,202509,58
25629,0821,0002,202510,105
25629,0821,0002,202511,933
25629,0822,0000,202501,518
25629,0822,0000,202502,366
25629,0822,0000,202503,495
25629,0822,0000,202504,425
25629,0822,0000,202505,422
25629,0822,0000,202506,327
25629,0822,0000,202507,477
25629,0822,0000,202508,314
25629,0822,0000,202509,105
25629,0822,0000,202510,140
25629,0822,0000,202511,362
25629,0822,0005,202501,82
25629,0822,0005,202502,83
25629,0822,0005,202503,83
25629,0822,0005,202504,83
25629,0822,0005,202505,82
25629,0822,0005,202506,117
25629,0822,0005,202507,70
25629,0822,0005,202508,35
25629,0822,0005,202509,35
25629,0822,0005,202510,58
25629,0822,0005,202511,58
25629,0822,0006,202501,1835
25629,0822,0006,202502,2206
25629,0822,0006,202503,4149
25629,0822,0006,202504,1911
25629,0822,0006,202505,927
25629,0822,0006,202506,198
25629,0822,0006,202507,82
25629,0822,0006,202508,46
25629,0822,0006,202509,35
25629,0822,0006,202510,24
25629,0822,0006,202511,350
25629,0822,0007,202501,12528
25629,0822,0007,202502,12208
25629,0822,0007,202503,14806
25629,0822,0007,202504,9176
25629,0822,0007,202505,8235
25629,0822,0007,202506,6562
25629,0822,0007,202507,5783
25629,0822,0007,202508,5001
25629,0822,0007,202509,4944
25629,0822,0007,202510,5621
25629,0822,0007,202511,7755
25629,0822,0008,202501,1917
25629,0822,0008,202502,2937
25629,0822,0008,202503,3831
25629,0822,0008,202504,1015
25629,0822,0008,202505,387
25629,0822,0008,202506,199
25629,0822,0008,202507,93
25629,0822,0008,202508,93
25629,0822,0008,202509,70
25629,0822,0008,202510,82
25629,0822,0008,202511,269
25629,0822,0009,202501,10811
25629,0822,0009,202502,10604
25629,0822,0009,202503,13852
25629,0822,0009,202504,8787
25629,0822,0009,202505,7050
25629,0822,0009,202506,3719
25629,0822,0009,202507,1827
25629,0822,0009,202508,721
25629,0822,0009,202509,991
25629,0822,0009,202510,1166
25629,0822,0009,202511,4140
25629,0822,0030,202501,176
25629,0822,0030,202502,177
25629,0822,0030,202503,165
25629,0822,0030,202504,94
25629,0822,0030,202505,129
25629,0822,0030,202506,117
25629,0822,0030,202507,81
25629,0822,0030,202508,198
25629,0822,0030,202509,70
25629,0822,0030,202510,47
25629,0822,0030,202511,70
25629,0824,0001,202501,1765
25629,0824,0001,202502,1545
25629,0824,0001,202503,1850
25629,0824,0001,202504,1556
25629,0824,0001,202505,1326
25629,0824,0001,202506,2491
25629,0824,0001,202507,1617
25629,0824,0001,202508,1442
25629,0824,0001,202509,1563
25629,0824,0001,202510,20078
25629,0824,0001,202511,20803
25629,0826,0016,202501,1423
25629,0826,0016,202502,1404
25629,0826,0016,202503,1804
25629,0826,0016,202504,837
25629,0826,0016,202505,540
25629,0826,0016,202506,421
25629,0826,0016,202507,314
25629,0826,0016,202508,221
25629,0826,0016,202509,187
25629,0826,0016,202510,187
25629,0826,0016,202511,292
25629,0826,0017,202501,7012
25629,0826,0017,202502,6912
25629,0826,0017,202503,8158
25629,0826,0017,202504,6923
25629,0826,0017,202505,6029
25629,0826,0017,202506,6305
25629,0826,0017,202507,4922
25629,0826,0017,202508,3024
25629,0826,0017,202509,3907
25629,0826,0017,202510,5621
25629,0826,0017,202511,5388
25629,0828,0002,202501,4023
25629,0828,0002,202502,4647
25629,0828,0002,202503,5529
25629,0828,0002,202504,4081
25629,0828,0002,202505,4189
25629,0828,0002,202506,4948
25629,0828,0002,202507,4666
25629,0828,0002,202508,4338
25629,0828,0002,202509,4221
25629,0828,0002,202510,4419
25629,0828,0002,202511,4747
25629,0828,0003,202501,647
25629,0828,0003,202502,1356
25629,0828,0003,202503,1768
25629,0828,0003,202504,673
25629,0828,0003,202505,411
25629,0828,0003,202506,327
25629,0828,0003,202507,337
25629,0828,0003,202508,174
25629,0828,0003,202509,210
25629,0828,0003,202510,175
25629,0828,0003,202511,303
25629,0830,0008,202501,2176
25629,0830,0008,202502,2843
25629,0830,0008,202503,4126
25629,0830,0008,202504,2016
25629,0830,0008,202505,868
25629,0830,0008,202506,351
25629,0830,0008,202507,245
25629,0830,0008,202508,152
25629,0830,0008,202509,164
25629,0830,0008,202510,186
25629,0830,0008,202511,583
25629,0830,0011,202501,623
25629,0830,0011,202502,1227
25629,0830,0011,202508,442
25629,0830,0011,202509,548
25629,0830,0011,202510,618
25629,0830,0011,202511,688
25629,0832,0002,202501,5317
25629,0832,0002,202502,5874
25629,0832,0002,202503,7072
25629,0832,0002,202504,4611
25629,0832,0002,202505,3202
25629,0832,0002,202506,3298
25629,0832,0002,202507,3782
25629,0832,0002,202508,4106
25629,0832,0002,202509,3755
25629,0832,0002,202510,2309
25629,0832,0002,202511,1516
25629,0833,0005,202501,7612
25629,0833,0005,202502,5910
25629,0833,0005,202503,7085
25629,0833,0005,202504,2878
25629,0833,0005,202505,1654
25629,0833,0005,202506,608
25629,0833,0005,202507,315
25629,0833,0005,202508,291
25629,0833,0005,202509,222
25629,0833,0005,202510,292
25629,0833,0005,202511,782
25629,0833,0008,202501,2964
25629,0833,0008,202502,3137
25629,0833,0008,202503,4043
25629,0833,0008,202504,1533
25629,0833,0008,202505,270
25629,0833,0008,202506,152
25629,0833,0008,202507,163
25629,0833,0008,202508,93
25629,0833,0008,202509,70
25629,0833,0008,202510,93
25629,0833,0008,202511,117
25629,0833,0013,202501,1765
25629,0833,0013,202502,1651
25629,0833,0013,202503,2358
25629,0833,0013,202504,1250
25629,0833,0013,202505,1021
25629,0833,0013,202506,573
25629,0833,0013,202507,233
25629,0833,0013,202508,174
25629,0833,0013,202509,140
25629,0833,0013,202510,163
25629,0833,0013,202511,676
25629,0833,0017,202501,2141
25629,0833,0017,202502,2465
25629,0833,0017,202503,3218
25629,0833,0017,202504,2076
25629,0833,0017,202505,1197
25629,0833,0017,202506,363
25629,0833,0017,202507,186
25629,0833,0017,202508,151
25629,0833,0017,202509,105
25629,0833,0017,202510,128
25629,0833,0017,202511,350
25629,0833,0029,202501,823
25629,0833,0029,202502,790
25629,0833,0029,202503,1320
25629,0833,0029,202504,436
25629,0833,0029,202505,141
25629,0833,0029,202506,152
25629,0833,0029,202507,105
25629,0833,0029,202508,116
25629,0833,0029,202509,70
25629,0833,0029,202510,82
25629,0833,0029,202511,175
25629,0833,0031,202501,1388
25629,0833,0031,202502,1911
25629,0833,0031,202503,2240
25629,0833,0031,202504,967
25629,0833,0031,202505,704
25629,0833,0031,202506,199
25629,0833,0031,202507,23
25629,0833,0031,202508,23
25629,0833,0031,202509,12
25629,0833,0031,202510,12
25629,0833,0031,202511,35
25629,0833,0035,202501,1059
25629,0833,0035,202502,991
25629,0833,0035,202503,1332
25629,0833,0035,202504,236
25629,0833,0035,202505,328
25629,0833,0035,202507,23
25629,0833,0035,202511,12
25629,0834,0007,202501,2670
25629,0834,0007,202502,2984
25629,0834,0007,202503,3878
25629,0834,0007,202504,1439
25629,0834,0007,202505,692
25629,0834,0007,202506,398
25629,0834,0007,202507,291
25629,0834,0007,202508,209
25629,0834,0007,202509,175
25629,0834,0007,202510,210
25629,0834,0007,202511,688
25629,0837,0002,202501,1612
25629,0837,0002,202502,1604
25629,0837,0002,202503,1591
25629,0837,0002,202504,1156
25629,0837,0002,202505,1173
25629,0837,0002,202506,1228
25629,0837,0002,202507,942
25629,0837,0002,202508,802
25629,0837,0002,202509,688
25629,0837,0002,202510,781
25629,0837,0002,202511,933
25629,0837,0006,202501,1212
25629,0837,0006,202502,1179
25629,0837,0006,202503,1450
25629,0837,0006,202504,1085
25629,0837,0006,202505,1466
25629,0837,0006,202506,1380
25629,0837,0006,202507,1419
25629,0837,0006,202508,1396
25629,0837,0006,202509,1586
25629,0837,0006,202510,1248
25629,0837,0006,202511,1493
25629,0839,0005,202501,4070
25629,0839,0005,202502,3786
25629,0839,0005,202503,5281
25629,0839,0005,202504,3161
25629,0839,0005,202505,3038
25629,0839,0005,202506,2947
25629,0839,0005,202507,2932
25629,0839,0005,202508,2989
25629,0839,0005,202509,3522
25629,0839,0005,202510,2624
25629,0839,0005,202511,2997
25629,0839,0013,202501,2506
25629,0839,0013,202502,2300
25629,0839,0013,202503,2653
25629,0839,0013,202504,1132
25629,0839,0013,202505,786
25629,0839,0013,202506,152
25629,0839,0013,202507,70
25629,0839,0013,202508,12
25629,0839,0013,202510,455
25629,0839,0013,202511,758
25629,0841,0008,202501,1800
25629,0841,0008,202502,1840
25629,0841,0008,202503,2959
25629,0841,0008,202504,1628
25629,0841,0008,202505,1126
25629,0841,0008,202506,386
25629,0841,0008,202507,105
25629,0841,0008,202508,93
25629,0841,0008,202509,93
25629,0841,0008,202510,23
25629,0841,0008,202511,560
25629,0842,0051,202501,4700
25629,0842,0051,202502,4659
25629,0842,0051,202503,5529
25629,0842,0051,202504,1993
25629,0842,0051,202505,1349
25629,0842,0051,202506,632
25629,0842,0051,202507,372
25629,0842,0051,202508,302
25629,0842,0051,202509,222
25629,0842,0051,202510,210
25629,0842,0051,202511,630
25629,0842,0057,202501,4717
25629,0842,0057,202502,5308
25629,0842,0057,202503,6472
25629,0842,0057,202504,5072
25629,0842,0057,202505,5701
25629,0842,0057,202506,5029
25629,0842,0057,202507,6167
25629,0842,0057,202508,5105
25629,0842,0057,202509,4851
25629,0842,0057,202510,5154
25629,0842,0057,202511,6286
25629,0843,0002,202501,224
25629,0843,0002,202502,472
25629,0843,0002,202503,330
25629,0843,0002,202504,71
25629,0843,0002,202505,106
25629,0843,0002,202506,94
25629,0843,0002,202507,93
25629,0843,0002,202508,23
25629,0843,0002,202509,23
25629,0843,0002,202510,58
25629,0843,0002,202511,70
25629,0847,0002,202501,5129
25629,0847,0002,202502,5060
25629,0847,0002,202503,6755
25629,0847,0002,202504,5496
25629,0847,0002,202505,4833
25629,0847,0002,202506,4772
25629,0847,0002,202507,4014
25629,0847,0002,202508,3966
25629,0847,0002,202509,3545
25629,0847,0002,202510,3778
25629,0847,0002,202511,3976
25629,0849,0018,202501,2894
25629,0849,0018,202502,2170
25629,0849,0018,202503,5352
25629,0849,0018,202504,2076
25629,0849,0018,202505,563
25629,0849,0018,202506,211
25629,0849,0018,202507,198
25629,0849,0018,202508,151
25629,0849,0018,202509,128
25629,0849,0018,202510,93
25629,0849,0018,202511,595
25629,0854,0007,202501,3082
25629,0854,0007,202502,3090
25629,0854,0007,202503,3737
25629,0854,0007,202504,1781
25629,0854,0007,202505,1326
25629,0854,0007,202506,608
25629,0854,0007,202507,128
25629,0854,0007,202508,70
25629,0854,0007,202509,70
25629,0854,0007,202510,70
25629,0854,0007,202511,711
25629,0855,0012,202501,2329
25629,0855,0012,202502,2984
25629,0855,0012,202503,3678
25629,0855,0012,202504,1592
25629,0855,0012,202505,845
25629,0855,0012,202506,363
25629,0855,0012,202507,314
25629,0855,0012,202508,267
25629,0855,0012,202509,187
25629,0855,0012,202510,210
25629,0855,0012,202511,443
25629,0855,0013,202501,847
25629,0855,0013,202502,1179
25629,0855,0013,202503,2252
25629,0855,0013,202504,967
25629,0855,0013,202505,165
25629,0855,0013,202506,433
25629,0855,0013,202509,117
25629,0855,0013,202510,175
25629,0855,0013,202511,93
25629,0855,0017,202501,235
25629,0855,0017,202502,767
25629,0855,0017,202503,1320
25629,0855,0017,202504,307
25629,0855,0017,202505,59
25629,0855,0017,202506,70
25629,0855,0017,202507,35
25629,0855,0017,202508,12
25629,0855,0017,202509,12
25629,0855,0017,202510,23
25629,0855,0017,202511,198
25629,0855,0018,202501,2494
25629,0855,0018,202502,2453
25629,0855,0018,202503,3089
25629,0855,0018,202504,1321
25629,0855,0018,202505,598
25629,0855,0018,202506,152
25629,0855,0018,202507,81
25629,0855,0018,202508,23
25629,0855,0018,202509,35
25629,0855,0018,202511,163
25629,0855,0036,202501,6788
25629,0855,0036,202502,5190
25629,0855,0036,202503,5753
25629,0855,0036,202504,3574
25629,0855,0036,202505,2078
25629,0855,0036,202506,1532
25629,0855,0036,202507,1047
25629,0855,0036,202508,848
25629,0855,0036,202509,980
25629,0855,0036,202510,921
25629,0855,0036,202511,1423
25629,0856,0004,202501,1470
25629,0856,0004,202502,1533
25629,0856,0004,202503,2051
25629,0856,0004,202504,1120
25629,0856,0004,202505,504
25629,0856,0004,202506,129
25629,0856,0004,202507,93
25629,0856,0004,202508,47
25629,0856,0004,202509,35
25629,0856,0004,202510,35
25629,0856,0004,202511,128
25629,0856,0012,202501,2341
25629,0856,0012,202502,2548
25629,0856,0012,202503,3584
25629,0856,0012,202504,2076
25629,0856,0012,202505,1748
25629,0856,0012,202506,924
25629,0856,0012,202507,244
25629,0856,0012,202508,163
25629,0856,0012,202509,58
25629,0856,0012,202510,58
25629,0856,0012,202511,292
25629,0857,0001,202501,6553
25629,0857,0001,202502,5792
25629,0857,0001,202503,6484
25629,0857,0001,202504,5402
25629,0857,0001,202505,5948
25629,0857,0001,202506,5568
25629,0857,0001,202507,5806
25629,0857,0001,202508,4617
25629,0857,0001,202509,3860
25629,0857,0001,202510,4151
25629,0857,0001,202511,6052
25629,0857,0011,202501,11423
25629,0857,0011,202502,10686
25629,0857,0011,202503,15077
25629,0857,0011,202504,11535
25629,0857,0011,202505,10030
25629,0857,0011,202506,7241
25629,0857,0011,202507,6969
25629,0857,0011,202508,4850
25629,0857,0011,202509,3615
25629,0857,0011,202510,2880
25629,0857,0011,202511,5469
25629,0859,0002,202501,157743
25629,0859,0002,202502,181159
25629,0859,0002,202503,131309
25629,0859,0002,202504,86554
25629,0859,0002,202505,46635
25629,0859,0002,202506,29464
25629,0859,0002,202507,18574
25629,0859,0002,202508,14982
25629,0859,0002,202509,15810
25629,0859,0002,202510,25004
25629,0859,0002,202511,72480
25629,0859,0003,202501,32692
25629,0859,0003,202502,24734
25629,0859,0003,202503,20500
25629,0859,0003,202504,18352
25629,0859,0003,202505,28061
25629,0859,0003,202506,15252
25629,0859,0003,202507,15614
25629,0859,0003,202508,8920
25629,0859,0003,202509,3510
25629,0859,0003,202510,6180
25629,0859,0003,202511,9481
25629,0859,0028,202501,3188
25629,0859,0028,202502,2995
25629,0859,0028,202503,3997
25629,0859,0028,202504,3620
25629,0859,0028,202505,2639
25629,0859,0028,202506,2585
25629,0859,0028,202507,1990
25629,0859,0028,202508,1488
25629,0859,0028,202509,980
25629,0859,0028,202510,1213
25629,0859,0028,202511,1644
25629,0859,0035,202501,2000
25629,0859,0035,202502,1592
25629,0859,0035,202503,1827
25629,0859,0035,202504,1521
25629,0859,0035,202505,1513
25629,0859,0035,202506,1158
25629,0859,0035,202507,1001
25629,0859,0035,202508,686
25629,0859,0035,202509,338
25629,0859,0035,202510,315
25629,0859,0035,202511,187
25629,0859,0041,202501,4964
25629,0859,0041,202502,5131
25629,0859,0041,202503,6413
25629,0859,0041,202504,4789
25629,0859,0041,202505,4880
25629,0859,0041,202506,4795
25629,0859,0041,202507,4433
25629,0859,0041,202508,3977
25629,0859,0041,202509,4210
25629,0859,0041,202510,4408
25629,0859,0041,202511,4711
25629,0861,0006,202501,1035
25629,0861,0006,202502,1132
25629,0861,0006,202503,2169
25629,0861,0006,202504,484
25629,0861,0006,202505,270
25629,0861,0006,202506,152
25629,0861,0006,202507,58
25629,0861,0006,202508,12
25629,0861,0006,202509,12
25629,0861,0006,202510,35
25629,0861,0006,202511,210
25629,0902,0046,202501,27351
25629,0902,0046,202502,24675
25629,0902,0046,202503,33184
25629,0902,0046,202504,22232
25629,0902,0046,202505,11602
25629,0902,0046,202506,10948
25629,0902,0046,202507,4852
25629,0902,0046,202508,1407
25629,0902,0046,202509,1084
25629,0902,0046,202510,3801
25629,0902,0046,202511,12922
25629,0902,0049,202501,447
25629,0902,0049,202502,1533
25629,0902,0049,202503,1780
25629,0902,0049,202504,1120
25629,0902,0051,202501,5094
25629,0902,0051,202502,5226
25629,0902,0051,202503,6872
25629,0902,0051,202504,4400
25629,0902,0051,202505,3085
25629,0902,0051,202506,679
25629,0902,0051,202507,58
25629,0902,0051,202508,35
25629,0902,0051,202509,12
25629,0902,0051,202510,47
25629,0902,0051,202511,339
25629,0902,0126,202501,7835
25629,0902,0126,202502,4258
25629,0902,0126,202503,5529
25629,0902,0126,202504,3196
25629,0902,0126,202511,956
25630,0098,0001,202501,1788
25630,0098,0001,202502,1899
25630,0098,0001,202503,1792
25630,0098,0001,202504,1132
25630,0098,0001,202505,727
25630,0098,0001,202506,292
25630,0098,0001,202507,12
25630,0098,0001,202508,70
25630,0098,0001,202509,35
25630,0098,0001,202510,47
25630,0098,0001,202511,257
25630,0099,0008,202501,3941
25630,0099,0008,202502,3763
25630,0099,0008,202503,3171
25630,0099,0008,202504,2796
25630,0099,0008,202505,2265
25630,0099,0008,202506,2175
25630,0099,0008,202507,2047
25630,0099,0008,202508,2187
25630,0099,0008,202509,1691
25630,0099,0008,202510,1504
25630,0099,0008,202511,1504
25630,0168,0011,202501,1941
25630,0168,0011,202502,1982
25630,0168,0011,202503,2511
25630,0168,0011,202504,1616
25630,0168,0011,202505,880
25630,0168,0011,202506,374
25630,0168,0011,202507,105
25630,0168,0011,202508,70
25630,0168,0011,202509,23
25630,0168,0011,202510,23
25630,0168,0011,202511,443
25630,0171,0005,202501,1882
25630,0171,0005,202502,2170
25630,0171,0005,202503,2499
25630,0171,0005,202504,1474
25630,0171,0005,202505,938
25630,0171,0005,202506,199
25630,0171,0005,202507,58
25630,0171,0005,202508,35
25630,0171,0005,202509,58
25630,0171,0005,202510,35
25630,0171,0005,202511,82
25630,0175,0000,202501,1765
25630,0175,0000,202502,1970
25630,0175,0000,202503,2511
25630,0175,0000,202504,1179
25630,0175,0000,202505,504
25630,0175,0000,202506,211
25630,0175,0000,202507,105
25630,0175,0000,202508,23
25630,0175,0000,202509,23
25630,0175,0000,202510,12
25630,0175,0000,202511,82
25630,0221,0002,202501,13599
25630,0221,0002,202502,4706
25630,0221,0002,202503,1745
25630,0221,0002,202504,10804
25630,0221,0002,202505,12951
25630,0221,0002,202506,10340
25630,0221,0002,202507,13008
25630,0221,0002,202508,9083
25630,0221,0002,202509,6320
25630,0221,0002,202510,11415
25630,0221,0002,202511,9026
25630,0261,0007,202501,18787
25630,0261,0007,202502,19580
25630,0261,0007,202503,27231
25630,0261,0007,202504,17998
25630,0261,0007,202505,13562
25630,0261,0007,202506,7754
25630,0261,0007,202507,3607
25630,0261,0007,202508,2838
25630,0261,0007,202509,2577
25630,0261,0007,202510,2449
25630,0261,0007,202511,5574
25630,0261,0008,202501,1635
25630,0261,0008,202502,1592
25630,0261,0008,202503,1921
25630,0261,0008,202504,1168
25630,0261,0008,202505,868
25630,0261,0008,202506,491
25630,0261,0008,202507,140
25630,0261,0008,202508,81
25630,0261,0008,202509,23
25630,0261,0008,202510,58
25630,0261,0008,202511,397
25630,0262,0003,202501,5564
25630,0262,0003,202502,6322
25630,0262,0003,202503,8181
25630,0262,0003,202504,4352
25630,0262,0003,202505,2769
25630,0262,0003,202506,678
25630,0262,0003,202507,151
25630,0262,0003,202508,23
25630,0262,0003,202510,12
25630,0262,0003,202511,641
25630,0263,0001,202501,39661
25630,0263,0001,202502,44416
25630,0263,0001,202503,56284
25630,0263,0001,202504,24693
25630,0263,0001,202505,9926
25630,0263,0001,202506,8584
25630,0263,0001,202507,37991
25630,0263,0001,202508,64042
25630,0263,0001,202509,67648
25630,0263,0001,202510,58113
25630,0263,0001,202511,23935
25630,0266,0001,202501,4588
25630,0266,0001,202502,5166
25630,0266,0001,202503,5682
25630,0266,0001,202504,3786
25630,0266,0001,202505,3167
25630,0266,0001,202506,2644
25630,0266,0001,202507,2106
25630,0266,0001,202508,1419
25630,0266,0001,202509,1271
25630,0266,0001,202510,1504
25630,0266,0001,202511,1691
25630,0267,0000,202501,21246
25630,0267,0000,202502,8021
25630,0267,0000,202503,2476
25630,0267,0000,202504,17420
25630,0267,0000,202505,23087
25630,0267,0000,202506,17299
25630,0267,0000,202507,18605
25630,0267,0000,202508,14723
25630,0267,0000,202509,9026
25630,0267,0000,202510,17735
25630,0267,0000,202511,12128
25630,0277,0001,202501,2188
25630,0277,0001,202502,2666
25630,0277,0001,202503,3372
25630,0277,0001,202504,1404
25630,0277,0001,202505,587
25630,0277,0001,202506,292
25630,0277,0001,202507,663
25630,0277,0001,202508,337
25630,0277,0001,202509,315
25630,0277,0001,202510,163
25630,0277,0001,202511,501
25630,0278,0018,202501,3153
25630,0278,0018,202502,3149
25630,0278,0018,202503,4326
25630,0278,0018,202504,2901
25630,0278,0018,202505,1830
25630,0278,0018,202506,1088
25630,0278,0018,202507,396
25630,0278,0018,202508,163
25630,0278,0018,202509,245
25630,0278,0018,202510,245
25630,0278,0018,202511,816
25630,0281,0010,202501,2553
25630,0281,0010,202502,2654
25630,0281,0010,202503,2723
25630,0281,0010,202504,955
25630,0281,0010,202505,211
25630,0281,0010,202506,141
25630,0281,0010,202507,105
25630,0281,0010,202508,70
25630,0281,0010,202509,58
25630,0281,0010,202510,58
25630,0281,0010,202511,82
25630,0281,0016,202501,247
25630,0281,0016,202502,283
25630,0281,0016,202503,354
25630,0281,0016,202504,283
25630,0281,0016,202505,129
25630,0281,0016,202506,117
25630,0281,0016,202507,116
25630,0281,0016,202508,58
25630,0281,0016,202509,58
25630,0281,0016,202510,58
25630,0281,0016,202511,105
25630,0284,0001,202501,1447
25630,0284,0001,202502,1616
25630,0284,0001,202503,2193
25630,0284,0001,202504,1215
25630,0284,0001,202505,774
25630,0284,0001,202506,409
25630,0284,0001,202507,291
25630,0284,0001,202508,151
25630,0284,0001,202509,152
25630,0284,0001,202510,128
25630,0284,0001,202511,233
25630,0285,0000,202501,22645
25630,0285,0000,202502,22954
25630,0285,0000,202503,31404
25630,0285,0000,202504,21832
25630,0285,0000,202505,13291
25630,0285,0000,202506,9018
25630,0285,0000,202507,11112
25630,0285,0000,202508,16211
25630,0285,0000,202509,18985
25630,0285,0000,202510,13760
25630,0285,0000,202511,10542
25630,0286,0010,202501,1753
25630,0286,0010,202502,2028
25630,0286,0010,202503,2499
25630,0286,0010,202504,1298
25630,0286,0010,202505,786
25630,0286,0010,202506,468
25630,0286,0010,202507,361
25630,0286,0010,202508,267
25630,0286,0010,202509,245
25630,0286,0010,202510,210
25630,0286,0010,202511,432
25630,0287,0009,202501,2117
25630,0287,0009,202502,2324
25630,0287,0009,202503,2900
25630,0287,0009,202504,1793
25630,0287,0009,202505,1255
25630,0287,0009,202506,527
25630,0287,0009,202507,186
25630,0287,0009,202508,139
25630,0287,0009,202509,70
25630,0287,0009,202510,140
25630,0287,0009,202511,397
25630,0287,0026,202501,6611
25630,0287,0026,202502,7903
25630,0287,0026,202503,8712
25630,0287,0026,202504,6133
25630,0287,0026,202505,4082
25630,0287,0026,202506,3497
25630,0287,0026,202507,2199
25630,0287,0026,202508,2105
25630,0287,0026,202509,3195
25630,0287,0026,202510,2565
25630,0287,0026,202511,2950
25630,0291,0005,202501,2624
25630,0291,0005,202502,2276
25630,0291,0005,202503,3855
25630,0291,0005,202504,3987
25630,0291,0005,202505,3836
25630,0291,0005,202506,3287
25630,0291,0005,202507,2420
25630,0291,0005,202508,2012
25630,0291,0005,202509,2683
25630,0291,0005,202510,2764
25630,0291,0005,202511,3604
25630,0291,0006,202501,1518
25630,0291,0006,202502,1687
25630,0291,0006,202503,1969
25630,0291,0006,202504,1085
25630,0291,0006,202505,622
25630,0291,0006,202506,246
25630,0291,0006,202507,175
25630,0291,0006,202508,105
25630,0291,0006,202509,140
25630,0291,0006,202510,35
25630,0291,0006,202511,105
25630,0291,0010,202501,4788
25630,0291,0010,202502,5320
25630,0291,0010,202503,2794
25630,0291,0010,202504,885
25630,0291,0010,202505,692
25630,0291,0010,202506,398
25630,0291,0010,202507,361
25630,0291,0010,202508,256
25630,0291,0010,202509,187
25630,0291,0010,202510,187
25630,0291,0010,202511,373
25630,0293,0008,202501,3094
25630,0293,0008,202502,3326
25630,0293,0008,202503,3808
25630,0293,0008,202504,3019
25630,0293,0008,202505,3167
25630,0293,0008,202506,3532
25630,0293,0008,202507,3200
25630,0293,0008,202508,2803
25630,0293,0008,202509,3941
25630,0293,0008,202510,2938
25630,0293,0008,202511,3277
25630,0294,0008,202501,1306
25630,0294,0008,202502,1651
25630,0294,0008,202503,2853
25630,0294,0008,202504,1333
25630,0294,0008,202505,199
25630,0294,0008,202506,58
25630,0294,0008,202507,23
25630,0294,0008,202508,35
25630,0294,0008,202509,58
25630,0294,0008,202510,35
25630,0294,0008,202511,35
25630,0300,0004,202501,1953
25630,0300,0004,202502,2371
25630,0300,0004,202503,3112
25630,0300,0004,202504,1415
25630,0300,0004,202505,845
25630,0300,0004,202506,503
25630,0300,0004,202507,256
25630,0300,0004,202508,93
25630,0300,0004,202509,70
25630,0300,0004,202510,35
25630,0300,0004,202511,105
25630,0304,0006,202501,1612
25630,0304,0006,202502,1687
25630,0304,0006,202503,1768
25630,0304,0006,202504,696
25630,0304,0006,202505,164
25630,0304,0006,202506,47
25630,0304,0006,202507,35
25630,0304,0006,202508,12
25630,0304,0006,202510,12
25630,0304,0006,202511,47
25630,0305,0024,202501,5729
25630,0305,0024,202502,6275
25630,0305,0024,202503,7061
25630,0305,0024,202504,3196
25630,0305,0024,202505,1595
25630,0305,0024,202506,421
25630,0305,0024,202507,361
25630,0305,0024,202508,279
25630,0305,0024,202509,315
25630,0305,0024,202510,361
25630,0305,0024,202511,466
25630,0306,0004,202501,1012
25630,0306,0004,202502,2123
25630,0306,0004,202503,1486
25630,0306,0004,202504,531
25630,0306,0004,202505,340
25630,0306,0004,202506,222
25630,0306,0004,202507,128
25630,0306,0004,202508,58
25630,0306,0004,202510,58
25630,0306,0004,202511,175
25630,0309,0009,202501,847
25630,0309,0009,202502,1073
25630,0309,0009,202503,884
25630,0309,0009,202504,778
25630,0309,0009,202505,435
25630,0309,0009,202506,117
25630,0309,0009,202507,35
25630,0309,0009,202508,23
25630,0309,0009,202509,23
25630,0309,0009,202511,70
25630,0309,0010,202501,1623
25630,0309,0010,202502,1746
25630,0309,0010,202503,2075
25630,0309,0010,202504,1191
25630,0309,0010,202505,376
25630,0309,0010,202506,187
25630,0309,0010,202507,186
25630,0309,0010,202508,116
25630,0309,0010,202509,152
25630,0309,0010,202510,140
25630,0309,0010,202511,292
25630,0309,0014,202501,294
25630,0309,0014,202502,212
25630,0309,0014,202503,389
25630,0309,0014,202504,153
25630,0309,0014,202505,130
25630,0309,0014,202506,129
25630,0309,0014,202507,105
25630,0309,0014,202508,140
25630,0309,0014,202509,128
25630,0309,0014,202510,140
25630,0309,0014,202511,140
25630,0309,0024,202501,3059
25630,0309,0024,202502,3420
25630,0309,0024,202503,3784
25630,0309,0024,202504,1969
25630,0309,0024,202505,1020
25630,0309,0024,202506,234
25630,0309,0024,202507,128
25630,0309,0024,202508,151
25630,0309,0024,202509,116
25630,0309,0024,202510,116
25630,0309,0024,202511,269
25630,0309,0027,202501,2917
25630,0309,0027,202502,2949
25630,0309,0027,202503,3725
25630,0309,0027,202504,1922
25630,0309,0027,202505,1044
25630,0309,0027,202506,398
25630,0309,0027,202507,256
25630,0309,0027,202508,151
25630,0309,0027,202509,163
25630,0309,0027,202510,152
25630,0309,0027,202511,315
25630,0309,0036,202501,1482
25630,0309,0036,202502,2017
25630,0309,0036,202503,3006
25630,0309,0036,202504,1451
25630,0309,0036,202505,669
25630,0309,0036,202506,246
25630,0309,0036,202507,163
25630,0309,0036,202508,116
25630,0309,0036,202509,128
25630,0309,0036,202510,82
25630,0309,0036,202511,187
25630,0309,0072,202501,20152
25630,0309,0072,202502,20795
25630,0309,0072,202503,27101
25630,0309,0072,202504,18057
25630,0309,0072,202505,7801
25630,0309,0072,202506,8351
25630,0309,0072,202507,4072
25630,0309,0072,202508,860
25630,0309,0072,202509,58
25630,0309,0072,202510,1131
25630,0309,0072,202511,4513
25630,0313,0008,202501,365
25630,0313,0008,202502,295
25630,0313,0008,202503,495
25630,0313,0008,202504,330
25630,0313,0008,202505,434
25630,0313,0008,202506,456
25630,0313,0008,202507,326
25630,0313,0008,202508,291
25630,0314,0006,202501,1859
25630,0314,0006,202502,1746
25630,0314,0006,202503,2063
25630,0314,0006,202504,1038
25630,0314,0006,202505,540
25630,0314,0006,202506,222
25630,0314,0006,202507,47
25630,0314,0006,202508,23
25630,0314,0006,202509,58
25630,0314,0006,202510,58
25630,0314,0006,202511,257
25630,0314,0020,202501,2682
25630,0314,0020,202502,2382
25630,0314,0020,202503,2853
25630,0314,0020,202504,1533
25630,0314,0020,202505,797
25630,0314,0020,202506,199
25630,0314,0020,202507,59
25630,0314,0020,202508,23
25630,0314,0020,202509,35
25630,0314,0020,202510,35
25630,0314,0020,202511,245
25630,0314,0021,202501,4858
25630,0314,0021,202502,5650
25630,0314,0021,202503,7037
25630,0314,0021,202504,3562
25630,0314,0021,202505,2240
25630,0314,0021,202506,1158
25630,0314,0021,202507,488
25630,0314,0021,202508,338
25630,0314,0021,202509,246
25630,0314,0021,202510,513
25630,0314,0021,202511,898
25630,0315,0005,202501,90811
25630,0315,0005,202502,100769
25630,0315,0005,202503,65131
25630,0315,0005,202504,50332
25630,0315,0005,202505,24206
25630,0315,0005,202506,17727
25630,0315,0005,202507,11227
25630,0315,0005,202508,9449
25630,0315,0005,202509,11322
25630,0315,0005,202510,16368
25630,0315,0005,202511,43115
25630,0315,0012,202501,800
25630,0315,0012,202502,1345
25630,0315,0012,202503,1415
25630,0315,0012,202504,366
25630,0320,0028,202501,11552
25630,0320,0028,202502,11393
25630,0320,0028,202503,15054
25630,0320,0028,202504,12774
25630,0320,0028,202505,8305
25630,0320,0028,202506,9520
25630,0320,0028,202507,8086
25630,0320,0028,202508,9374
25630,0320,0028,202509,6996
25630,0320,0028,202510,7637
25630,0320,0028,202511,8035
25630,0320,0029,202501,823
25630,0320,0029,202502,519
25630,0320,0029,202503,648
25630,0320,0029,202504,778
25630,0320,0029,202505,833
25630,0320,0029,202506,877
25630,0320,0029,202507,652
25630,0320,0029,202508,826
25630,0320,0029,202509,396
25630,0320,0029,202510,828
25630,0320,0029,202511,805
25630,0321,0016,202501,353
25630,0321,0016,202502,236
25630,0321,0016,202503,271
25630,0321,0016,202504,236
25630,0321,0016,202505,235
25630,0321,0016,202506,211
25630,0321,0016,202507,151
25630,0321,0016,202508,35
25630,0321,0016,202509,70
25630,0321,0016,202510,82
25630,0321,0016,202511,93
25630,0322,0005,202501,3200
25630,0322,0005,202502,3208
25630,0322,0005,202503,3607
25630,0322,0005,202504,1970
25630,0322,0005,202505,1126
25630,0322,0005,202506,526
25630,0322,0005,202507,233
25630,0322,0005,202508,128
25630,0322,0005,202509,128
25630,0322,0005,202510,82
25630,0322,0005,202511,362
25630,0322,0010,202501,28515
25630,0322,0010,202502,26008
25630,0322,0010,202503,31864
25630,0322,0010,202504,24179
25630,0322,0010,202505,20178
25630,0322,0010,202506,19263
25630,0322,0010,202507,14172
25630,0322,0010,202508,11420
25630,0322,0010,202509,11078
25630,0322,0010,202510,11555
25630,0322,0010,202511,15918
25630,0325,0003,202501,1976
25630,0325,0003,202502,2477
25630,0325,0003,202503,3018
25630,0325,0003,202504,1687
25630,0325,0003,202505,1220
25630,0325,0003,202506,491
25630,0325,0003,202507,58
25630,0325,0003,202508,58
25630,0325,0003,202509,23
25630,0325,0003,202510,23
25630,0325,0003,202511,233
25630,0331,0022,202501,2259
25630,0331,0022,202502,2748
25630,0331,0022,202503,2263
25630,0331,0022,202504,1569
25630,0331,0022,202505,856
25630,0331,0022,202506,667
25630,0331,0022,202507,372
25630,0331,0022,202508,244
25630,0331,0022,202509,198
25630,0331,0022,202510,163
25630,0331,0022,202511,746
25630,0336,0001,202501,3223
25630,0336,0001,202502,3857
25630,0336,0001,202503,4161
25630,0336,0001,202504,2842
25630,0336,0001,202505,1877
25630,0336,0001,202506,620
25630,0336,0001,202507,500
25630,0336,0001,202508,628
25630,0336,0001,202509,536
25630,0336,0001,202510,466
25630,0336,0001,202511,991
25630,0337,0005,202501,19399
25630,0337,0005,202502,16902
25630,0337,0005,202503,20488
25630,0337,0005,202504,14023
25630,0337,0005,202505,11743
25630,0337,0005,202506,6573
25630,0337,0005,202507,2583
25630,0337,0005,202508,1710
25630,0337,0005,202509,1353
25630,0337,0005,202510,1283
25630,0337,0005,202511,3009
25630,0340,0038,202501,3565
25630,0340,0038,202502,3739
25630,0340,0038,202503,4904
25630,0340,0038,202504,2383
25630,0340,0038,202505,610
25630,0340,0038,202506,877
25630,0340,0038,202507,210
25630,0340,0038,202508,128
25630,0340,0038,202509,128
25630,0340,0038,202510,70
25630,0340,0038,202511,409
25630,0340,0051,202501,3376
25630,0340,0051,202502,3598
25630,0340,0051,202503,3949
25630,0340,0051,202504,2006
25630,0340,0051,202505,751
25630,0340,0051,202506,339
25630,0340,0051,202507,105
25630,0340,0051,202508,23
25630,0340,0051,202509,35
25630,0340,0051,202510,35
25630,0340,0051,202511,140
25630,0340,0052,202501,1012
25630,0340,0052,202502,1321
25630,0340,0052,202503,1815
25630,0340,0052,202504,920
25630,0340,0052,202505,516
25630,0340,0052,202506,257
25630,0340,0052,202507,151
25630,0340,0052,202508,140
25630,0340,0052,202509,128
25630,0340,0052,202510,128
25630,0340,0052,202511,210
25630,0341,0006,202502,448
25630,0341,0006,202504,3160
25630,0341,0022,202501,14975
25630,0341,0022,202502,16324
25630,0341,0022,202503,18674
25630,0341,0022,202504,13917
25630,0341,0022,202505,11368
25630,0341,0022,202506,9252
25630,0341,0022,202507,5213
25630,0341,0022,202508,3535
25630,0341,0022,202509,3697
25630,0341,0022,202510,3627
25630,0341,0022,202511,7441
25630,0341,0028,202501,4047
25630,0341,0028,202502,5791
25630,0341,0028,202503,8181
25630,0347,0017,202501,3871
25630,0347,0017,202502,4270
25630,0347,0017,202503,5069
25630,0347,0017,202504,2607
25630,0347,0017,202505,1267
25630,0347,0017,202506,175
25630,0347,0017,202507,151
25630,0347,0017,202508,105
25630,0347,0017,202509,70
25630,0347,0017,202510,70
25630,0347,0017,202511,198
25630,0348,0000,202501,2000
25630,0348,0000,202502,2383
25630,0348,0000,202503,3360
25630,0348,0000,202504,1498
25630,0348,0000,202505,809
25630,0348,0000,202506,199
25630,0348,0000,202507,47
25630,0348,0000,202508,35
25630,0348,0000,202509,23
25630,0348,0000,202510,47
25630,0348,0000,202511,222
25630,0350,0003,202501,7082
25630,0350,0003,202502,6581
25630,0350,0003,202503,8028
25630,0350,0003,202504,5637
25630,0350,0003,202505,3754
25630,0350,0003,202506,2701
25630,0350,0003,202507,2164
25630,0350,0003,202508,2105
25630,0350,0003,202509,2438
25630,0350,0003,202510,2390
25630,0350,0003,202511,3056
25630,0351,0008,202501,1576
25630,0351,0008,202502,1864
25630,0351,0008,202503,2652
25630,0351,0008,202504,1333
25630,0351,0008,202505,774
25630,0351,0008,202506,409
25630,0351,0008,202507,279
25630,0351,0008,202508,140
25630,0351,0008,202509,105
25630,0351,0008,202510,140
25630,0351,0008,202511,420
25630,0351,0071,202501,26106
25630,0351,0071,202502,27169
25630,0351,0071,202503,17159
25630,0351,0071,202504,11005
25630,0351,0071,202505,8462
25630,0351,0071,202506,4694
25630,0351,0071,202507,3559
25630,0351,0071,202508,3273
25630,0351,0071,202509,3873
25630,0351,0071,202510,5239
25630,0351,0071,202511,14781
25630,0351,0076,202501,4235
25630,0351,0076,202502,4918
25630,0351,0076,202503,5953
25630,0351,0076,202504,3609
25630,0351,0076,202505,2159
25630,0351,0076,202506,643
25630,0351,0076,202507,47
25630,0351,0089,202501,1777
25630,0351,0089,202502,1769
25630,0351,0089,202503,1956
25630,0351,0089,202504,1463
25630,0351,0089,202505,1420
25630,0351,0089,202506,1451
25630,0351,0089,202507,1292
25630,0351,0089,202508,1082
25630,0351,0089,202509,770
25630,0351,0089,202510,1189
25630,0351,0089,202511,1212
25630,0354,0005,202501,4647
25630,0354,0005,202502,5295
25630,0354,0005,202503,6024
25630,0354,0005,202504,3503
25630,0354,0005,202505,2405
25630,0354,0005,202506,1368
25630,0354,0005,202507,920
25630,0354,0005,202508,908
25630,0354,0005,202509,1085
25630,0354,0005,202510,1084
25630,0354,0005,202511,1435
25630,0354,0007,202501,3106
25630,0354,0007,202502,2913
25630,0354,0007,202503,3760
25630,0354,0007,202504,1875
25630,0354,0007,202505,1314
25630,0354,0007,202506,1275
25630,0354,0007,202507,1000
25630,0354,0007,202508,860
25630,0354,0007,202509,1014
25630,0354,0007,202510,665
25630,0354,0007,202511,1154
25630,0357,0002,202501,12
25630,0357,0002,202502,24
25630,0357,0002,202503,12
25630,0360,0002,202501,318
25630,0360,0002,202502,413
25630,0360,0002,202503,507
25630,0360,0002,202504,189
25630,0360,0002,202505,176
25630,0360,0002,202506,117
25630,0360,0002,202507,128
25630,0360,0002,202508,23
25630,0360,0002,202509,35
25630,0360,0002,202510,35
25630,0360,0002,202511,70
25630,0360,0003,202501,3023
25630,0360,0003,202502,2890
25630,0360,0003,202503,3631
25630,0360,0003,202504,1781
25630,0360,0003,202505,739
25630,0360,0003,202506,211
25630,0360,0003,202507,70
25630,0360,0003,202508,47
25630,0360,0003,202509,35
25630,0360,0003,202510,23
25630,0360,0003,202511,198
25630,0360,0014,202501,2694
25630,0360,0014,202502,3232
25630,0360,0014,202503,4103
25630,0360,0014,202504,2323
25630,0360,0014,202505,1865
25630,0360,0014,202506,1439
25630,0360,0014,202507,1163
25630,0360,0014,202508,1035
25630,0360,0014,202509,980
25630,0360,0014,202510,956
25630,0360,0014,202511,1143
25630,0364,0005,202501,1953
25630,0364,0005,202502,2182
25630,0364,0005,202503,2476
25630,0364,0005,202504,1368
25630,0364,0005,202505,786
25630,0364,0005,202506,304
25630,0364,0005,202507,198
25630,0364,0005,202508,140
25630,0364,0005,202509,198
25630,0364,0005,202510,187
25630,0364,0005,202511,303
25630,0365,0009,202501,2894
25630,0365,0009,202502,2913
25630,0365,0009,202503,3053
25630,0365,0009,202504,1816
25630,0365,0009,202505,1021
25630,0365,0009,202506,386
25630,0365,0009,202507,221
25630,0365,0009,202508,128
25630,0365,0009,202509,117
25630,0365,0009,202510,117
25630,0365,0009,202511,781
25630,0366,0001,202501,1906
25630,0366,0001,202502,1934
25630,0366,0001,202503,2181
25630,0366,0001,202504,885
25630,0366,0001,202505,387
25630,0366,0001,202506,140
25630,0366,0001,202507,81
25630,0366,0001,202508,47
25630,0366,0001,202509,47
25630,0366,0001,202510,47
25630,0366,0001,202511,105
25630,0367,0022,202501,318
25630,0367,0022,202502,365
25630,0367,0022,202503,259
25630,0367,0022,202504,141
25630,0367,0022,202505,153
25630,0367,0022,202506,117
25630,0367,0022,202507,128
25630,0367,0022,202508,151
25630,0367,0022,202509,58
25630,0367,0022,202510,58
25630,0367,0022,202511,47
25630,0369,0024,202501,6776
25630,0369,0024,202502,7301
25630,0369,0024,202503,9207
25630,0369,0024,202504,5614
25630,0369,0024,202505,4200
25630,0369,0024,202506,1567
25630,0369,0024,202507,1093
25630,0369,0024,202508,825
25630,0369,0024,202509,548
25630,0369,0024,202510,665
25630,0369,0024,202511,1400
25630,0371,0007,202501,1047
25630,0371,0007,202502,1026
25630,0371,0007,202503,1226
25630,0371,0007,202504,330
25630,0371,0007,202505,153
25630,0371,0007,202506,58
25630,0371,0007,202507,47
25630,0371,0007,202508,70
25630,0371,0007,202509,58
25630,0371,0007,202510,70
25630,0371,0007,202511,140
25630,0377,0004,202501,2753
25630,0377,0004,202502,2913
25630,0377,0004,202503,3843
25630,0377,0004,202504,2147
25630,0377,0004,202505,1467
25630,0377,0004,202506,843
25630,0377,0004,202507,513
25630,0377,0004,202508,512
25630,0377,0004,202509,396
25630,0377,0004,202510,594
25630,0377,0004,202511,933
25630,0384,0000,202501,2012
25630,0384,0000,202502,1899
25630,0384,0000,202503,2193
25630,0384,0000,202504,1569
25630,0384,0000,202505,1103
25630,0384,0000,202506,830
25630,0384,0000,202507,291
25630,0384,0000,202508,105
25630,0384,0000,202509,82
25630,0384,0000,202510,152
25630,0384,0000,202511,735
25630,0385,0000,202501,221036
25630,0385,0000,202502,246621
25630,0385,0000,202503,172502
25630,0385,0000,202504,114916
25630,0385,0000,202505,67481
25630,0385,0000,202506,40960
25630,0385,0000,202507,25152
25630,0385,0000,202508,23345
25630,0385,0000,202509,19796
25630,0385,0000,202510,33879
25630,0385,0000,202511,99535
25630,0388,0000,202501,46334
25630,0388,0000,202502,50147
25630,0388,0000,202503,35906
25630,0388,0000,202504,20531
25630,0388,0000,202505,10356
25630,0388,0000,202506,8852
25630,0388,0000,202507,4781
25630,0388,0000,202508,3844
25630,0388,0000,202509,3056
25630,0388,0000,202510,5426
25630,0388,0000,202511,20435
25630,0389,0007,202501,89281
25630,0389,0007,202502,90740
25630,0389,0007,202503,64811
25630,0389,0007,202504,39497
25630,0389,0007,202505,25703
25630,0389,0007,202506,13905
25630,0389,0007,202507,9235
25630,0389,0007,202508,7384
25630,0389,0007,202509,9017
25630,0389,0007,202510,14268
25630,0389,0007,202511,39756
25630,0390,0009,202501,4776
25630,0390,0009,202502,5815
25630,0390,0009,202503,6660
25630,0390,0009,202504,2807
25630,0390,0009,202505,1490
25630,0390,0009,202506,807
25630,0390,0009,202507,384
25630,0390,0009,202508,488
25630,0390,0009,202509,374
25630,0390,0009,202510,595
25630,0390,0009,202511,1668
25630,0392,0004,202501,3517
25630,0392,0004,202502,1427
25630,0392,0004,202503,2959
25630,0392,0004,202504,1757
25630,0392,0004,202505,1419
25630,0392,0004,202506,947
25630,0392,0004,202507,326
25630,0392,0004,202508,198
25630,0392,0004,202509,140
25630,0392,0004,202510,70
25630,0392,0004,202511,665
25630,0393,0001,202501,2094
25630,0393,0001,202502,1710
25630,0393,0001,202503,2534
25630,0393,0001,202504,1722
25630,0393,0001,202505,985
25630,0393,0001,202506,526
25630,0393,0001,202507,303
25630,0393,0001,202508,221
25630,0393,0001,202509,163
25630,0393,0001,202510,198
25630,0393,0001,202511,350
25630,0396,0002,202501,4019
25630,0396,0002,202502,2831
25630,0396,0002,202503,4256
25630,0396,0002,202504,2583
25630,0396,0002,202505,1455
25630,0396,0002,202506,444
25630,0396,0002,202507,116
25630,0396,0002,202508,70
25630,0396,0002,202509,58
25630,0396,0002,202510,152
25630,0396,0002,202511,1248
25630,0402,0002,202501,13668
25630,0402,0002,202502,18622
25630,0402,0002,202503,8991
25630,0402,0002,202504,6020
25630,0402,0002,202505,2866
25630,0402,0002,202506,1665
25630,0402,0002,202507,548
25630,0402,0002,202508,481
25630,0402,0002,202509,698
25630,0402,0002,202510,1681
25630,0402,0002,202511,7122
25630,0420,0037,202501,7106
25630,0420,0037,202502,7466
25630,0420,0037,202503,9042
25630,0420,0037,202504,6415
25630,0420,0037,202505,4481
25630,0420,0037,202506,2585
25630,0420,0037,202507,1919
25630,0420,0037,202508,1511
25630,0420,0037,202509,1446
25630,0420,0037,202510,1260
25630,0420,0037,202511,2006
25630,0420,0046,202501,1141
25630,0420,0046,202502,1321
25630,0420,0046,202503,1367
25630,0420,0046,202504,554
25630,0420,0046,202505,364
25630,0420,0046,202506,304
25630,0420,0046,202507,233
25630,0420,0046,202508,140
25630,0420,0046,202509,175
25630,0420,0046,202510,175
25630,0420,0046,202511,257
25630,0420,0081,202501,2012
25630,0420,0081,202502,2677
25630,0420,0081,202503,3112
25630,0420,0081,202504,1934
25630,0420,0081,202505,328
25630,0420,0081,202506,222
25630,0420,0081,202507,198
25630,0420,0081,202508,174
25630,0420,0081,202509,175
25630,0420,0081,202510,163
25630,0420,0081,202511,222
25630,0422,0001,202510,47
25630,0422,0001,202511,245
25630,0435,0000,202501,410380
25630,0435,0000,202502,494382
25630,0435,0000,202503,302708
25630,0435,0000,202504,189897
25630,0435,0000,202505,109422
25630,0435,0000,202506,85738
25630,0435,0000,202507,56412
25630,0435,0000,202508,49822
25630,0435,0000,202509,52615
25630,0435,0000,202510,76979
25630,0435,0000,202511,190655
25630,0445,0000,202501,8023
25630,0445,0000,202502,8657
25630,0445,0000,202503,10292
25630,0445,0000,202504,5909
25630,0445,0000,202505,3696
25630,0445,0000,202506,3135
25630,0445,0000,202507,2583
25630,0445,0000,202508,2303
25630,0445,0000,202509,2857
25630,0445,0000,202510,2414
25630,0445,0000,202511,3277
25630,0455,0000,202501,258204
25630,0455,0000,202502,265760
25630,0455,0000,202503,194493
25630,0455,0000,202504,136541
25630,0455,0000,202505,85206
25630,0455,0000,202506,52782
25630,0455,0000,202507,43326
25630,0455,0000,202508,36471
25630,0455,0000,202509,35699
25630,0455,0000,202510,45524
25630,0455,0000,202511,114748
25630,0500,0000,202501,18375
25630,0500,0000,202502,19780
25630,0500,0000,202503,19498
25630,0500,0000,202504,13340
25630,0500,0000,202505,8000
25630,0500,0000,202506,3123
25630,0500,0000,202507,1536
25630,0500,0000,202508,1221
25630,0500,0000,202509,1610
25630,0500,0000,202510,1610
25630,0500,0000,202511,4233
25631,0025,0070,202504,2029
25631,0025,0070,202505,493
25631,0025,0070,202506,94
25631,0025,0070,202507,81
25631,0025,0070,202508,47
25631,0025,0070,202509,58
25631,0025,0070,202510,35
25631,0025,0070,202511,303
25631,0025,0084,202501,1765
25631,0025,0084,202502,1769
25631,0025,0084,202503,1415
25631,0025,0084,202504,1415
25631,0025,0084,202505,938
25631,0025,0084,202506,1404
25631,0025,0084,202507,1164
25631,0025,0084,202508,1163
25631,0025,0084,202509,1166
25631,0025,0084,202510,1166
25631,0025,0084,202511,1166
25631,0031,0005,202501,1376
25631,0031,0005,202502,1156
25631,0031,0005,202503,1580
25631,0031,0005,202504,1156
25631,0031,0005,202507,70
25631,0031,0005,202508,140
25631,0032,0007,202501,529
25631,0032,0007,202502,673
25631,0032,0007,202503,743
25631,0032,0007,202504,318
25631,0032,0007,202505,258
25631,0032,0007,202506,211
25631,0032,0007,202507,140
25631,0032,0007,202508,47
25631,0032,0007,202509,23
25631,0032,0007,202510,70
25631,0032,0007,202511,152
25631,0035,0027,202501,6565
25631,0035,0027,202502,4614
25631,0035,0027,202503,6365
25631,0035,0027,202504,4080
25631,0035,0027,202505,4282
25631,0035,0027,202506,5194
25631,0035,0027,202507,4991
25631,0035,0027,202508,4920
25631,0035,0027,202509,5434
25631,0035,0027,202510,5048
25631,0035,0027,202511,5039
25631,0036,0016,202501,3565
25631,0036,0016,202502,3409
25631,0036,0016,202503,4927
25631,0036,0016,202504,2854
25631,0036,0016,202505,1806
25631,0036,0016,202506,1088
25631,0036,0016,202507,803
25631,0036,0016,202508,582
25631,0036,0016,202509,513
25631,0036,0016,202510,443
25631,0036,0016,202511,886
25631,0045,0002,202501,1623
25631,0045,0002,202502,1981
25631,0045,0002,202503,2617
25631,0045,0002,202504,1014
25631,0045,0002,202505,293
25631,0045,0002,202506,211
25631,0045,0002,202507,256
25631,0045,0002,202508,209
25631,0045,0002,202509,175
25631,0045,0002,202510,175
25631,0045,0002,202511,257
25631,0045,0006,202501,3965
25631,0045,0006,202502,2855
25631,0045,0006,202503,3595
25631,0045,0006,202504,1191
25631,0045,0006,202505,59
25631,0045,0006,202506,246
25631,0045,0006,202507,105
25631,0045,0006,202508,58
25631,0045,0006,202509,47
25631,0045,0006,202510,82
25631,0045,0006,202511,641
25631,0045,0025,202501,1576
25631,0045,0025,202502,1651
25631,0045,0025,202503,1698
25631,0045,0025,202504,1227
25631,0045,0025,202505,727
25631,0045,0025,202506,257
25631,0045,0025,202507,58
25631,0045,0025,202508,128
25631,0045,0025,202509,93
25631,0045,0025,202510,70
25631,0045,0025,202511,257
25631,0045,0031,202501,2929
25631,0045,0031,202502,3268
25631,0045,0031,202503,3654
25631,0045,0031,202504,1793
25631,0045,0031,202505,868
25631,0045,0031,202506,690
25631,0045,0031,202507,617
25631,0045,0031,202508,442
25631,0045,0031,202509,536
25631,0045,0031,202510,385
25631,0045,0031,202511,560
25631,0045,0054,202501,2094
25631,0045,0054,202502,2123
25631,0045,0054,202503,2346
25631,0045,0054,202504,1180
25631,0045,0054,202505,809
25631,0045,0054,202506,714
25631,0045,0054,202507,535
25631,0045,0054,202508,442
25631,0045,0054,202509,560
25631,0045,0054,202510,665
25631,0045,0054,202511,828
25631,0050,0005,202501,1753
25631,0050,0005,202502,3362
25631,0050,0005,202503,3631
25631,0050,0005,202504,1746
25631,0050,0005,202505,188
25631,0050,0005,202506,187
25631,0050,0005,202507,128
25631,0050,0005,202508,163
25631,0050,0005,202509,140
25631,0050,0005,202510,140
25631,0050,0005,202511,187
25631,0052,0000,202501,1259
25631,0052,0000,202502,1651
25631,0052,0000,202503,2358
25631,0052,0000,202504,920
25631,0052,0000,202505,328
25631,0052,0000,202507,12
25631,0052,0000,202511,35
25631,0055,0002,202501,125631
25631,0055,0002,202502,145743
25631,0055,0002,202503,85024
25631,0055,0002,202504,47036
25631,0055,0002,202505,28414
25631,0055,0002,202506,24032
25631,0055,0002,202507,15281
25631,0055,0002,202508,13746
25631,0055,0002,202509,14199
25631,0055,0002,202510,19890
25631,0055,0002,202511,44053
25631,0057,0007,202501,3718
25631,0057,0007,202502,3856
25631,0057,0007,202503,4432
25631,0057,0007,202504,3208
25631,0057,0007,202505,2487
25631,0057,0007,202506,2211
25631,0057,0007,202507,1362
25631,0057,0007,202508,733
25631,0057,0007,202509,781
25631,0057,0007,202510,641
25631,0057,0007,202511,1434
25631,0065,0004,202501,5788
25631,0065,0004,202502,7573
25631,0065,0004,202503,7910
25631,0065,0004,202504,5190
25631,0065,0004,202505,4270
25631,0065,0004,202506,1568
25631,0065,0004,202507,1489
25631,0065,0004,202508,1534
25631,0065,0004,202509,607
25631,0065,0004,202510,816
25631,0065,0004,202511,2566
25631,0069,0005,202501,1718
25631,0069,0005,202502,1864
25631,0069,0005,202503,2299
25631,0069,0005,202504,1179
25631,0069,0005,202505,422
25631,0069,0005,202507,326
25631,0069,0005,202508,221
25631,0069,0005,202509,152
25631,0069,0005,202510,140
25631,0069,0005,202511,362
25631,0306,0006,202501,224
25631,0306,0006,202502,106
25631,0306,0006,202503,224
25631,0306,0006,202504,106
25631,0306,0006,202510,12
25631,0306,0006,202511,117
25631,0306,0008,202501,5188
25631,0306,0008,202502,5933
25631,0306,0008,202503,6684
25631,0306,0008,202504,4623
25631,0306,0008,202505,2862
25631,0306,0008,202506,2140
25631,0306,0008,202507,1117
25631,0306,0008,202508,651
25631,0306,0008,202509,735
25631,0306,0008,202510,991
25631,0306,0008,202511,1948
25631,0320,0303,202501,67699
25631,0320,0303,202502,74303
25631,0320,0303,202503,46217
25631,0320,0303,202504,29752
25631,0320,0303,202505,14866
25631,0320,0303,202506,9595
25631,0320,0303,202507,6555
25631,0320,0303,202508,8576
25631,0320,0303,202509,4655
25631,0320,0303,202510,7901
25631,0320,0303,202511,26174
25631,0360,0000,202501,1965
25631,0360,0000,202502,2842
25631,0360,0000,202503,2876
25631,0360,0000,202504,968
25631,0360,0000,202505,399
25631,0360,0000,202506,128
25631,0360,0000,202507,35
25631,0360,0000,202508,35
25631,0360,0000,202509,23
25631,0360,0000,202510,47
25631,0360,0000,202511,187
25631,0393,0000,202501,235
25631,0393,0000,202502,330
25631,0393,0000,202503,389
25631,0393,0000,202504,106
25631,0393,0000,202505,82
25631,0393,0000,202506,164
25631,0393,0000,202507,81
25631,0393,0000,202508,93
25631,0393,0000,202509,117
25631,0393,0000,202510,70
25631,0393,0000,202511,129
25631,0441,0001,202501,1153
25631,0441,0001,202502,1050
25631,0441,0001,202503,1980
25631,0441,0001,202504,1463
25631,0441,0001,202505,763
25631,0441,0001,202506,58
25631,0441,0001,202507,58
25631,0441,0001,202508,58
25631,0441,0001,202509,35
25631,0441,0001,202511,140
25631,0463,0000,202510,108415
25631,0463,0000,202511,266751
25631,0484,0000,202501,2129
25631,0484,0000,202502,2265
25631,0484,0000,202503,3136
25631,0484,0000,202504,1663
25631,0484,0000,202505,833
25631,0484,0000,202506,327
25631,0484,0000,202508,349
25631,0484,0000,202509,117
25631,0484,0000,202510,105
25631,0484,0000,202511,245
25631,0521,0000,202501,47161
25631,0521,0000,202502,66961
25631,0521,0000,202503,82400
25631,0521,0000,202504,46447
25631,0521,0000,202505,28202
25631,0521,0000,202506,27334
25631,0521,0000,202507,23724
25631,0521,0000,202508,20015
25631,0521,0000,202509,22063
25631,0521,0000,202510,19823
25631,0521,0000,202511,25400
25631,0551,0003,202501,3411
25631,0551,0003,202502,3173
25631,0551,0003,202503,3654
25631,0551,0003,202504,2465
25631,0551,0003,202505,1432
25631,0551,0003,202506,1252
25631,0551,0003,202507,652
25631,0551,0003,202508,500
25631,0551,0003,202509,466
25631,0551,0003,202510,548
25631,0551,0003,202511,676
25631,0551,0005,202501,2388
25631,0551,0005,202502,3232
25631,0551,0005,202503,3843
25631,0551,0005,202504,2017
25631,0551,0005,202505,305
25631,0551,0005,202506,1064
25631,0551,0005,202507,1129
25631,0551,0005,202508,1279
25631,0551,0005,202509,1306
25631,0551,0005,202510,933
25631,0551,0005,202511,630
25631,0551,0008,202501,5318
25631,0551,0008,202502,7726
25631,0551,0008,202503,9207
25631,0551,0008,202504,3880
25631,0551,0008,202505,1888
25631,0551,0008,202506,1088
25631,0551,0008,202507,291
25631,0551,0008,202508,140
25631,0551,0008,202509,140
25631,0551,0008,202510,128
25631,0551,0008,202511,676
25631,0570,0000,202501,6353
25631,0570,0000,202502,7172
25631,0570,0000,202503,7462
25631,0570,0000,202504,4234
25631,0570,0000,202505,1889
25631,0570,0000,202506,889
25631,0570,0000,202507,943
25631,0570,0000,202508,1059
25631,0570,0000,202509,945
25631,0570,0000,202510,956
25631,0570,0000,202511,2356
25631,0578,0000,202501,628807
25631,0578,0000,202502,738780
25631,0578,0000,202503,490934
25631,0578,0000,202504,274914
25631,0578,0000,202505,143491
25631,0578,0000,202506,114403
25631,0578,0000,202507,73678
25631,0578,0000,202508,70831
25631,0578,0000,202509,64251
25631,0578,0000,202510,101595
25631,0578,0000,202511,227884
25631,0581,0000,202501,66991
25631,0581,0000,202502,86785
25631,0581,0000,202503,54585
25631,0581,0000,202504,28198
25631,0581,0000,202505,14864
25631,0581,0000,202506,671
25631,0581,0000,202507,20864
25631,0581,0000,202508,7748
25631,0581,0000,202509,7855
25631,0581,0000,202510,12763
25631,0581,0000,202511,31974
31027,0281,0001,202501,13545
31027,0281,0001,202502,15773
31027,0281,0001,202503,14719
31027,0281,0001,202504,6957
31027,0281,0001,202505,1531
31027,0281,0001,202506,1788
31027,0281,0001,202507,7645
31027,0281,0001,202508,13190
31027,0281,0001,202509,15813
31027,0281,0001,202510,9749
31027,0281,0001,202511,4361
31027,0281,0022,202501,588
31027,0281,0022,202502,1156
31027,0281,0022,202503,4491
31027,0281,0022,202504,2347
31027,0281,0022,202505,12
31027,0281,0022,202508,12
31027,0281,0022,202511,210
31027,0281,0026,202501,3694
31027,0281,0026,202502,4506
31027,0281,0026,202503,4243
31027,0281,0026,202504,2548
31027,0281,0026,202505,1995
31027,0281,0026,202506,1217
31027,0281,0026,202507,1024
31027,0281,0026,202508,1000
31027,0281,0026,202509,1458
31027,0281,0026,202510,2775
31027,0281,0026,202511,2018
31027,0281,0030,202501,1271
31027,0281,0030,202502,2713
31027,0281,0030,202503,3725
31027,0281,0030,202504,1533
31027,0281,0030,202505,1055
31027,0281,0030,202506,59
31027,0281,0030,202507,47
31027,0281,0030,202508,12
31027,0281,0030,202511,210
31027,0281,0044,202501,1259
31027,0281,0044,202502,1427
31027,0281,0044,202503,1486
31027,0281,0044,202504,1215
31027,0281,0044,202505,762
31027,0281,0044,202506,480
31027,0281,0044,202507,268
31027,0281,0044,202508,151
31027,0281,0044,202509,128
31027,0281,0044,202510,151
31027,0281,0044,202511,385
31027,0297,0020,202501,3764
31027,0297,0020,202502,3491
31027,0297,0020,202503,4019
31027,0297,0020,202504,2453
31027,0297,0020,202505,1254
31027,0297,0020,202506,912
31027,0297,0020,202507,663
31027,0297,0020,202508,256
31027,0297,0020,202509,210
31027,0297,0020,202510,245
31027,0297,0020,202511,455
31027,0314,0005,202501,2070
31027,0314,0005,202502,2347
31027,0314,0005,202503,2287
31027,0314,0005,202504,1852
31027,0314,0005,202505,1197
31027,0314,0005,202506,187
31027,0314,0005,202507,12
31027,0314,0005,202508,12
31027,0314,0005,202510,12
31027,0314,0005,202511,152
31027,0314,0007,202501,882
31027,0314,0007,202502,1357
31027,0314,0007,202503,1462
31027,0314,0007,202504,1215
31027,0314,0007,202505,716
31027,0314,0007,202506,480
31027,0314,0007,202507,256
31027,0314,0007,202508,93
31027,0314,0007,202509,93
31027,0314,0007,202510,82
31027,0314,0007,202511,222
31027,0315,0000,202501,2659
31027,0315,0000,202502,2430
31027,0315,0000,202503,2758
31027,0315,0000,202504,1957
31027,0315,0000,202505,1537
31027,0315,0000,202506,1041
31027,0315,0000,202507,1362
31027,0315,0000,202508,1291
31027,0315,0000,202509,1306
31027,0315,0000,202510,1166
31027,0315,0000,202511,1272
31027,0316,0004,202501,24975
31027,0316,0004,202502,21208
31027,0316,0004,202503,13478
31027,0316,0004,202504,8371
31027,0316,0004,202505,3585
31027,0316,0004,202506,2051
31027,0316,0004,202507,1780
31027,0316,0004,202508,1503
31027,0316,0004,202509,1202
31027,0316,0004,202510,1785
31027,0316,0004,202511,5481
31027,0319,0000,202501,4506
31027,0319,0000,202502,5708
31027,0319,0000,202503,7663
31027,0319,0000,202504,3503
31027,0319,0000,202505,2874
31027,0319,0000,202506,1860
31027,0319,0000,202507,1664
31027,0319,0000,202508,1233
31027,0319,0000,202509,117
31027,0319,0000,202510,2367
31027,0319,0000,202511,1901
31027,0325,0006,202501,3105
31027,0325,0006,202502,2925
31027,0325,0006,202503,3300
31027,0325,0006,202504,1793
31027,0325,0006,202505,1044
31027,0325,0006,202506,292
31027,0325,0006,202507,105
31027,0325,0006,202508,128
31027,0325,0006,202509,128
31027,0325,0006,202510,81
31027,0325,0006,202511,455
31027,0333,0001,202501,1003
31027,0333,0001,202502,1662
31027,0333,0001,202503,1039
31027,0333,0001,202504,531
31027,0333,0001,202505,339
31027,0333,0001,202506,280
31027,0333,0001,202507,232
31027,0333,0001,202508,105
31027,0333,0001,202509,35
31027,0333,0001,202510,233
31027,0333,0001,202511,455
31027,0333,0006,202501,7059
31027,0333,0006,202502,7878
31027,0333,0006,202503,6048
31027,0333,0006,202504,3102
31027,0333,0006,202505,2134
31027,0333,0006,202506,690
31027,0333,0006,202507,174
31027,0333,0006,202508,314
31027,0333,0006,202509,374
31027,0333,0006,202510,443
31027,0333,0006,202511,933
31027,0334,0006,202501,3306
31027,0334,0006,202502,4788
31027,0334,0006,202503,7497
31027,0334,0006,202504,1805
31027,0334,0006,202505,774
31027,0334,0006,202506,304
31027,0334,0006,202507,70
31027,0334,0006,202508,233
31027,0334,0006,202509,82
31027,0334,0006,202510,105
31027,0334,0006,202511,187
31027,0335,0001,202501,1341
31027,0335,0001,202502,2217
31027,0335,0001,202503,2758
31027,0335,0001,202504,1852
31027,0335,0001,202505,1138
31027,0335,0001,202506,526
31027,0335,0001,202507,163
31027,0335,0001,202508,198
31027,0335,0001,202509,117
31027,0335,0001,202510,82
31027,0335,0001,202511,327
31027,0335,0002,202501,1776
31027,0335,0002,202502,2041
31027,0335,0002,202503,2652
31027,0335,0002,202504,1132
31027,0335,0002,202505,446
31027,0335,0002,202506,117
31027,0335,0002,202511,140
31027,0342,0013,202501,2000
31027,0342,0013,202502,1982
31027,0342,0013,202503,2605
31027,0342,0013,202504,1474
31027,0342,0013,202505,997
31027,0342,0013,202506,515
31027,0342,0013,202507,198
31027,0342,0013,202508,128
31027,0342,0013,202509,105
31027,0342,0013,202510,117
31027,0342,0013,202511,1003
31027,0342,0025,202501,1000
31027,0342,0025,202502,873
31027,0342,0025,202503,1226
31027,0342,0025,202504,944
31027,0342,0025,202505,821
31027,0342,0025,202506,281
31027,0342,0025,202507,256
31027,0342,0025,202508,291
31027,0342,0025,202509,222
31027,0342,0025,202510,257
31027,0342,0025,202511,280
31027,0346,0001,202501,1071
31027,0346,0001,202502,1179
31027,0346,0001,202503,1450
31027,0346,0001,202504,1050
31027,0346,0004,202501,1953
31027,0346,0004,202502,1781
31027,0346,0004,202503,2075
31027,0346,0004,202504,1238
31027,0346,0004,202505,622
31027,0346,0004,202506,152
31027,0346,0004,202507,128
31027,0346,0004,202508,81
31027,0346,0004,202509,70
31027,0346,0004,202510,70
31027,0346,0004,202511,327
31027,0348,0008,202501,2906
31027,0348,0008,202502,2595
31027,0348,0008,202503,3478
31027,0348,0008,202504,2064
31027,0348,0008,202505,1478
31027,0348,0008,202506,865
31027,0348,0008,202507,698
31027,0348,0008,202508,570
31027,0348,0008,202509,525
31027,0348,0008,202510,560
31027,0348,0008,202511,700
31027,0523,0038,202502,484
31027,0523,0038,202503,872
31027,0589,0029,202501,2682
31027,0589,0029,202502,2689
31027,0589,0029,202503,2829
31027,0589,0029,202504,2241
31027,0589,0029,202505,1678
31027,0589,0029,202506,807
31027,0589,0029,202507,175
31027,0589,0029,202508,47
31027,0589,0029,202509,35
31027,0589,0029,202510,70
31027,0589,0029,202511,466
31027,0659,0009,202501,44644
31027,0659,0009,202502,36198
31027,0659,0009,202503,38123
31027,0659,0009,202504,24367
31027,0659,0009,202505,21820
31027,0659,0009,202506,16269
31027,0659,0009,202507,10006
31027,0659,0009,202509,1411
31027,0659,0009,202510,4897
31027,0659,0009,202511,15709
31027,0694,0002,202501,2506
31027,0694,0002,202502,2807
31027,0694,0002,202503,3289
31027,0694,0002,202504,1651
31027,0694,0002,202505,727
31027,0694,0002,202506,292
31027,0694,0002,202507,151
31027,0694,0002,202508,70
31027,0694,0002,202509,35
31027,0694,0002,202510,93
31027,0694,0002,202511,735
31027,0694,0021,202501,1024
31027,0694,0021,202502,1380
31027,0694,0021,202503,1532
31027,0694,0021,202504,944
31027,0694,0021,202505,763
31027,0694,0021,202506,340
31027,0694,0021,202507,186
31027,0694,0021,202508,174
31027,0694,0021,202509,129
31027,0694,0021,202510,117
31027,0694,0021,202511,268
31027,0695,0005,202501,2917
31027,0695,0005,202502,3468
31027,0695,0005,202503,3053
31027,0695,0005,202504,1345
31027,0695,0005,202505,1208
31027,0695,0005,202506,444
31027,0695,0005,202507,372
31027,0695,0005,202508,256
31027,0695,0005,202509,245
31027,0695,0005,202510,478
31027,0695,0005,202511,501
31027,0695,0022,202501,5000
31027,0695,0022,202502,4895
31027,0695,0022,202503,4680
31027,0695,0022,202504,2748
31027,0695,0022,202505,1373
31027,0860,0000,202501,1223
31027,0860,0000,202502,1486
31027,0860,0000,202503,1721
31027,0860,0000,202504,1132
31027,0860,0000,202505,809
31027,0860,0000,202506,316
31027,0860,0000,202507,128
31027,0860,0000,202508,58
31027,0860,0000,202509,70
31027,0860,0000,202510,70
31027,0860,0000,202511,222
31027,0897,0000,202501,153
31027,0897,0000,202502,47
31027,0897,0000,202503,83
31027,0897,0000,202504,59
31027,0897,0000,202505,59
31027,0897,0000,202506,47
31027,0897,0000,202507,58
31027,0897,0000,202508,47
31027,0897,0000,202509,35
31027,0897,0000,202510,47
31027,0897,0000,202511,47
31027,0897,0001,202501,24
31027,0897,0001,202502,47
31027,0897,0001,202503,47
31027,0897,0001,202504,47
31027,0897,0001,202505,23
31027,0897,0001,202506,23
31027,0897,0001,202507,12
31027,0897,0001,202508,35
31027,0897,0001,202509,23
31027,0897,0001,202510,23
31027,0897,0001,202511,58
31027,0912,0000,202501,1729
31027,0912,0000,202502,1934
31027,0912,0000,202503,3371
31027,0912,0000,202504,1286
31027,0912,0000,202505,645
31027,0912,0000,202506,175
31027,0912,0000,202507,116
31027,0912,0000,202508,93
31027,0912,0000,202509,70
31027,0912,0000,202510,58
31027,0912,0000,202511,140
31027,1030,0000,202501,5506
31027,1030,0000,202502,5556
31027,1030,0000,202503,6083
31027,1030,0000,202504,3420
31027,1030,0000,202505,2464
31027,1030,0000,202506,538
31027,1030,0000,202507,291
31027,1030,0000,202508,163
31027,1030,0000,202509,187
31027,1030,0000,202510,222
31027,1030,0000,202511,769
31027,1034,0000,202501,2283
31027,1034,0000,202502,2064
31027,1034,0000,202503,2275
31027,1034,0000,202504,2277
31027,1034,0000,202505,2088
31027,1034,0000,202506,1754
31027,1034,0000,202507,1326
31027,1034,0000,202508,837
31027,1034,0000,202509,664
31027,1034,0000,202510,641
31027,1034,0000,202511,444
31027,1038,0001,202501,576
31027,1038,0001,202502,767
31027,1038,0001,202503,1179
31027,1038,0001,202504,413
31027,1038,0001,202505,164
31027,1038,0001,202506,94
31027,1038,0001,202507,70
31027,1038,0001,202508,47
31027,1038,0001,202509,58
31027,1038,0001,202510,58
31027,1038,0001,202511,94
31027,1052,0000,202501,1741
31027,1052,0000,202502,1982
31027,1052,0000,202503,2122
31027,1052,0000,202504,1616
31027,1052,0000,202505,1103
31027,1052,0000,202506,281
31027,1052,0000,202507,93
31027,1052,0000,202508,58
31027,1052,0000,202509,23
31027,1052,0000,202510,35
31027,1052,0000,202511,175
31027,1086,0000,202501,2576
31027,1086,0000,202502,2512
31027,1086,0000,202503,2652
31027,1086,0000,202504,2064
31027,1086,0000,202505,1021
31027,1086,0000,202506,292
31027,1086,0000,202507,81
31027,1086,0000,202508,35
31027,1086,0000,202509,35
31027,1086,0000,202510,35
31027,1086,0000,202511,128
31028,0550,0000,202501,27351
31028,0550,0000,202502,28697
31028,0550,0000,202503,29082
31028,0550,0000,202504,18670
31028,0550,0000,202505,7109
31028,0550,0000,202506,10655
31028,0550,0000,202507,30112
31028,0550,0000,202508,51833
31028,0550,0000,202509,47777
31028,0550,0000,202510,44053
31028,0550,0000,202511,14589
32021,0010,0000,202501,823
32021,0010,0000,202502,1132
32021,0010,0000,202503,1521
32021,0010,0000,202504,719
32021,0010,0000,202505,399
32021,0010,0000,202506,140
32021,0010,0000,202507,116
32021,0010,0000,202508,116
32021,0010,0000,202509,117
32021,0010,0000,202510,93
32021,0010,0000,202511,233
32021,0011,0000,202501,1129
32021,0011,0000,202502,932
32021,0011,0000,202503,1297
32021,0011,0000,202504,1014
32021,0011,0000,202505,1290
32021,0011,0000,202506,1099
32021,0011,0000,202507,1070
32021,0011,0000,202508,1012
32021,0011,0000,202509,1084
32021,0011,0000,202510,1038
32021,0011,0000,202511,1096
32021,0011,0004,202501,3729
32021,0011,0004,202502,3845
32021,0011,0004,202503,5682
32021,0011,0004,202504,4530
32021,0011,0004,202505,4340
32021,0011,0004,202506,2643
32021,0011,0004,202507,1780
32021,0011,0004,202508,1710
32021,0011,0004,202509,1645
32021,0011,0004,202510,1400
32021,0011,0004,202511,2531
32021,0015,0003,202501,812
32021,0015,0003,202502,885
32021,0015,0003,202503,990
32021,0015,0003,202504,554
32021,0015,0003,202505,352
32021,0015,0003,202506,292
32021,0015,0003,202507,198
32021,0015,0003,202508,93
32021,0015,0003,202509,35
32021,0015,0003,202510,152
32021,0015,0003,202511,152
32021,0018,0000,202501,27818
32021,0018,0000,202502,34001
32021,0018,0000,202503,21019
32021,0018,0000,202504,12558
32021,0018,0000,202505,6463
32021,0018,0000,202506,4078
32021,0018,0000,202507,2630
32021,0018,0000,202508,2283
32021,0018,0000,202509,2635
32021,0018,0000,202510,6241
32021,0018,0000,202511,16719
32021,0019,0000,202501,15557
32021,0019,0000,202502,16865
32021,0019,0000,202503,12816
32021,0019,0000,202504,7973
32021,0019,0000,202505,4651
32021,0019,0000,202506,3422
32021,0019,0000,202507,2630
32021,0019,0000,202508,1817
32021,0019,0000,202509,1737
32021,0019,0000,202510,3443
32021,0019,0000,202511,6191
32021,0020,0002,202501,16902
32021,0020,0002,202502,18325
32021,0020,0002,202503,13109
32021,0020,0002,202504,7972
32021,0020,0002,202505,4780
32021,0020,0002,202506,3655
32021,0020,0002,202507,6665
32021,0020,0002,202508,6335
32021,0020,0002,202509,6275
32021,0020,0002,202510,3955
32021,0020,0002,202511,7846
32021,0028,0000,202501,145514
32021,0028,0000,202502,148132
32021,0028,0000,202503,179430
32021,0028,0000,202504,141344
32021,0028,0000,202505,130955
32021,0028,0000,202506,117641
32021,0028,0000,202507,44795
32021,0028,0000,202509,30855
32021,0028,0000,202510,48892
32021,0028,0000,202511,53272
32021,0043,0000,202501,2823
32021,0043,0000,202502,2748
32021,0043,0000,202503,3430
32021,0043,0000,202504,2925
32021,0043,0000,202505,2710
32021,0043,0000,202506,2339
32021,0043,0000,202507,2106
32021,0043,0000,202508,1919
32021,0043,0000,202509,1772
32021,0043,0000,202510,1691
32021,0043,0000,202511,2344
32021,0083,0000,202501,1353
32021,0083,0000,202502,1863
32021,0083,0000,202503,2075
32021,0083,0000,202504,1286
32021,0083,0000,202505,586
32021,0083,0000,202506,281
32021,0083,0000,202507,93
32021,0083,0000,202508,127
32021,0083,0000,202509,94
32021,0083,0000,202510,93
32021,0083,0000,202511,199
32021,0087,0001,202501,2706
32021,0087,0001,202502,2819
32021,0087,0001,202503,3442
32021,0087,0001,202504,2076
32021,0087,0001,202505,1290
32021,0087,0001,202506,444
32021,0087,0001,202507,175
32021,0087,0001,202508,23
32021,0087,0001,202509,12
32021,0087,0001,202510,47
32021,0087,0001,202511,501
32021,0403,0003,202501,160660
32021,0403,0003,202502,264093
32021,0403,0003,202503,233523
32021,0403,0003,202504,100368
32021,0403,0003,202505,13300
32021,0403,0003,202506,6997
32021,0403,0003,202507,67986
32021,0403,0003,202508,182377
32021,0403,0003,202509,188737
32021,0403,0003,202510,99672
32021,0403,0003,202511,16980
32021,0435,0000,202501,1565
32021,0435,0000,202502,1864
32021,0435,0000,202503,2287
32021,0435,0000,202504,1038
32021,0435,0000,202505,540
32021,0435,0000,202506,199
32021,0435,0000,202507,140
32021,0435,0000,202508,93
32021,0435,0000,202509,93
32021,0435,0000,202510,105
32021,0435,0000,202511,420
32021,0443,0000,202501,2212
32021,0443,0000,202502,1970
32021,0443,0000,202503,3183
32021,0443,0000,202504,1569
32021,0443,0000,202505,1091
32021,0443,0000,202506,515
32021,0443,0000,202507,186
32021,0443,0000,202508,81
32021,0443,0000,202509,82
32021,0443,0000,202510,93
32021,0443,0000,202511,711
32021,0460,0000,202501,2847
32021,0460,0000,202502,2795
32021,0460,0000,202503,1910
32021,0460,0000,202504,849
32021,0460,0000,202505,328
32021,0460,0000,202506,199
32021,0460,0000,202507,23
32021,0460,0000,202508,23
32021,0460,0000,202509,23
32021,0460,0000,202510,35
32021,0460,0000,202511,152
32021,0477,0002,202507,70
32021,0477,0002,202508,35
32021,0477,0002,202509,35
32021,0477,0002,202510,70
32021,0477,0002,202511,327
32021,0487,0001,202501,11542
32021,0487,0001,202502,14367
32021,0487,0001,202503,8472
32021,0487,0001,202504,5434
32021,0487,0001,202505,3086
32021,0487,0001,202506,1665
32021,0487,0001,202507,1175
32021,0487,0001,202508,944
32021,0487,0001,202509,863
32021,0487,0001,202510,2029
32021,0487,0001,202511,6656
32021,0577,0003,202501,1941
32021,0577,0003,202502,1439
32021,0577,0003,202503,2110
32021,0577,0003,202504,1439
32021,0577,0003,202505,1537
32021,0577,0003,202506,1673
32021,0577,0003,202507,1547
32021,0577,0003,202508,1582
32021,0577,0003,202509,2087
32021,0577,0003,202510,1807
32021,0577,0003,202511,1959
32021,0592,0011,202501,1812
32021,0592,0011,202502,2182
32021,0592,0011,202503,2676
32021,0592,0011,202504,1840
32021,0592,0011,202505,927
32021,0592,0011,202506,351
32021,0592,0011,202507,209
32021,0592,0011,202508,174
32021,0592,0011,202509,105
32021,0592,0011,202510,187
32021,0592,0011,202511,653
32021,0594,0002,202501,49854
32021,0594,0002,202502,49006
32021,0594,0002,202503,35204
32021,0594,0002,202504,28423
32021,0594,0002,202505,15582
32021,0594,0002,202506,10761
32021,0594,0002,202507,7956
32021,0594,0002,202508,6874
32021,0594,0002,202509,7710
32021,0594,0002,202510,6521
32021,0594,0002,202511,20905
32021,0602,0032,202501,136119
32021,0602,0032,202502,157072
32021,0602,0032,202503,107214
32021,0602,0032,202504,75472
32021,0602,0032,202505,44222
32021,0602,0032,202506,28710
32021,0602,0032,202507,16871
32021,0602,0032,202508,13098
32021,0602,0032,202509,13823
32021,0602,0032,202510,25078
32021,0602,0032,202511,63579
32021,0602,0052,202501,3305
32021,0602,0052,202502,4470
32021,0602,0052,202503,4845
32021,0602,0052,202504,1887
32021,0602,0052,202505,539
32021,0602,0052,202506,304
32021,0602,0052,202507,221
32021,0602,0052,202508,255
32021,0602,0052,202509,175
32021,0602,0052,202510,175
32021,0602,0052,202511,245
32021,0621,0000,202501,115721
32021,0621,0000,202502,99514
32021,0621,0000,202503,98527
32021,0621,0000,202504,104699
32021,0621,0000,202505,81602
32021,0621,0000,202506,56774
32021,0621,0000,202507,48682
32021,0621,0000,202508,33308
32021,0621,0000,202509,37561
32021,0621,0000,202510,36194
32021,0621,0000,202511,37307
32021,0627,0001,202501,10634
32021,0627,0001,202502,11252
32021,0627,0001,202503,14099
32021,0627,0001,202504,9176
32021,0627,0001,202505,5173
32021,0627,0001,202506,3532
32021,0627,0001,202507,5364
32021,0627,0001,202508,2559
32021,0627,0001,202509,3265
32021,0627,0001,202510,2681
32021,0627,0001,202511,4128
32021,0632,0018,202501,4270
32021,0632,0018,202502,2736
32021,0632,0018,202503,3561
32021,0632,0018,202504,2759
32021,0632,0018,202505,1842
32021,0632,0018,202506,1240
32021,0632,0018,202507,1071
32021,0632,0018,202508,722
32021,0632,0018,202509,537
32021,0632,0018,202510,897
32021,0632,0018,202511,1236
32021,0635,0000,202501,217784
32021,0635,0000,202502,257927
32021,0635,0000,202503,173925
32021,0635,0000,202504,116431
32021,0635,0000,202505,70117
32021,0635,0000,202506,54677
32021,0635,0000,202507,34512
32021,0635,0000,202508,27627
32021,0635,0000,202509,26677
32021,0635,0000,202510,42539
32021,0635,0000,202511,109461
32021,0638,0012,202501,2742
32021,0638,0012,202502,2500
32021,0638,0012,202503,2229
32021,0638,0012,202504,2206
32021,0638,0012,202505,1924
32021,0638,0012,202506,1602
32021,0638,0012,202507,1292
32021,0638,0012,202508,942
32021,0638,0012,202509,957
32021,0638,0012,202510,910
32021,0638,0012,202511,980
32021,0644,0002,202501,14575
32021,0644,0002,202502,4470
32021,0644,0002,202503,707
32021,0644,0002,202504,11429
32021,0644,0002,202505,12271
32021,0644,0002,202506,10924
32021,0644,0002,202507,9808
32021,0644,0002,202508,8478
32021,0644,0002,202509,5387
32021,0644,0002,202510,9363
32021,0644,0002,202511,7615
32021,0650,0001,202501,3835
32021,0650,0001,202502,4447
32021,0650,0001,202503,5269
32021,0650,0001,202504,2678
32021,0650,0001,202505,1161
32021,0650,0001,202506,363
32021,0650,0001,202508,105
32021,0650,0001,202509,35
32021,0650,0001,202510,46
32021,0650,0001,202511,432
32021,0650,0002,202507,1164
32021,0650,0002,202508,1140
32021,0650,0002,202509,1084
32021,0650,0002,202510,875
32021,0650,0002,202511,618
32021,0653,0002,202501,706
32021,0653,0002,202502,1404
32021,0653,0002,202503,1532
32021,0653,0002,202504,967
32021,0653,0002,202505,94
32021,0653,0002,202507,23
32021,0653,0002,202508,70
32021,0653,0002,202509,12
32021,0653,0002,202510,47
32021,0653,0002,202511,58
32021,0673,0000,202510,268
32021,0673,0000,202511,909
32021,0688,0008,202501,5388
32021,0688,0008,202502,4364
32021,0688,0008,202503,4963
32021,0688,0008,202504,4883
32021,0688,0008,202505,4798
32021,0688,0008,202506,3977
32021,0688,0008,202507,3944
32021,0688,0008,202508,2314
32021,0688,0008,202509,2449
32021,0688,0008,202510,2600
32021,0688,0008,202511,2717
32021,0691,0000,202501,126742
32021,0691,0000,202502,143695
32021,0691,0000,202503,100745
32021,0691,0000,202504,62580
32021,0691,0000,202505,36197
32021,0691,0000,202506,25041
32021,0691,0000,202507,16987
32021,0691,0000,202508,13292
32021,0691,0000,202509,13266
32021,0691,0000,202510,23942
32021,0691,0000,202511,59997
32021,0694,0008,202501,1094
32021,0694,0008,202502,1014
32021,0694,0008,202503,1037
32021,0694,0008,202504,1109
32021,0694,0008,202505,1150
32021,0694,0008,202506,1135
32021,0694,0008,202507,815
32021,0694,0008,202508,1197
32021,0694,0008,202509,1224
32021,0694,0008,202510,1749
32021,0694,0008,202511,1901
32021,0697,0021,202501,11670
32021,0697,0021,202502,11453
32021,0697,0021,202503,12330
32021,0697,0021,202504,12514
32021,0697,0021,202505,10558
32021,0697,0021,202506,11042
32021,0697,0021,202507,10809
32021,0697,0021,202508,11630
32021,0697,0021,202509,12244
32021,0697,0021,202510,11311
32021,0697,0021,202511,11849
32021,0699,0015,202501,812
32021,0699,0015,202502,1003
32021,0699,0015,202503,825
32021,0699,0015,202504,672
32021,0699,0015,202505,692
32021,0699,0015,202506,538
32021,0699,0015,202507,489
32021,0699,0015,202508,372
32021,0699,0015,202509,361
32021,0699,0015,202510,373
32021,0699,0015,202511,478
32021,0709,0025,202501,835
32021,0709,0025,202502,814
32021,0709,0025,202503,1155
32021,0709,0025,202504,814
32021,0709,0025,202505,540
32021,0709,0025,202506,246
32021,0709,0025,202507,35
32021,0709,0025,202508,23
32021,0709,0025,202509,35
32021,0709,0025,202510,35
32021,0709,0025,202511,82
32021,0713,0005,202501,3376
32021,0713,0005,202502,3503
32021,0713,0005,202503,3253
32021,0713,0005,202504,425
32021,0713,0005,202505,82
32021,0713,0005,202506,70
32021,0713,0005,202507,47
32021,0713,0005,202508,47
32021,0713,0005,202509,23
32021,0713,0005,202510,35
32021,0713,0005,202511,47
32021,0721,0005,202501,1470
32021,0721,0005,202502,554
32021,0721,0005,202503,883
32021,0721,0005,202504,543
32021,0721,0005,202505,398
32021,0721,0005,202506,269
32021,0721,0005,202507,221
32021,0721,0005,202508,152
32021,0721,0005,202509,105
32021,0721,0005,202510,140
32021,0721,0005,202511,209
32021,0722,0016,202501,2247
32021,0722,0016,202502,2701
32021,0722,0016,202503,3442
32021,0722,0016,202504,1675
32021,0722,0016,202505,892
32021,0722,0016,202506,386
32021,0722,0016,202507,233
32021,0722,0016,202508,186
32021,0722,0016,202509,175
32021,0722,0016,202510,164
32021,0722,0016,202511,315
32021,0905,0028,202501,2141
32021,0905,0028,202502,2170
32021,0905,0028,202503,2145
32021,0905,0028,202504,1981
32021,0905,0028,202505,1572
32021,0905,0028,202506,1579
32021,0905,0028,202507,1443
32021,0905,0028,202508,1279
32021,0905,0028,202509,1259
32021,0905,0028,202510,1084
32021,0905,0028,202511,1341
32022,0200,0002,202501,2188
32022,0200,0002,202502,2854
32022,0200,0002,202503,3277
32022,0200,0002,202504,1569
32022,0200,0002,202505,1102
32022,0200,0002,202506,211
32022,0200,0002,202507,896
32022,0200,0002,202508,2966
32022,0200,0002,202509,1948
32022,0200,0002,202510,1539
32022,0200,0002,202511,245
32022,0237,0001,202501,365
32022,0237,0001,202502,377
32022,0237,0001,202503,342
32022,0237,0001,202504,2206
32022,0237,0001,202505,1994
32022,0237,0001,202506,1766
32022,0237,0001,202507,1070
32022,0237,0001,202508,488
32022,0237,0001,202509,420
32022,0237,0001,202510,501
32022,0237,0001,202511,1376
32022,0238,0000,202501,1847
32022,0238,0000,202502,2206
32022,0238,0000,202503,2322
32022,0238,0000,202504,1227
32022,0238,0000,202505,716
32022,0238,0000,202506,234
32022,0238,0000,202507,47
32022,0238,0000,202508,35
32022,0238,0000,202509,23
32022,0238,0000,202510,35
32022,0238,0000,202511,175
32022,0288,0000,202501,1812
32022,0288,0000,202502,3456
32022,0288,0000,202503,2063
32022,0288,0000,202504,1368
32022,0288,0000,202505,868
32022,0288,0000,202506,503
32022,0288,0000,202507,931
32022,0288,0000,202509,303
32022,0288,0000,202510,478
32022,0288,0000,202511,851
32022,0293,0002,202501,1529
32022,0293,0002,202502,1828
32022,0293,0002,202503,2959
32022,0293,0002,202504,1651
32022,0293,0002,202505,905
32022,0293,0002,202506,679
32022,0293,0002,202507,524
32022,0293,0002,202508,256
32022,0293,0002,202509,210
32022,0293,0002,202510,338
32022,0293,0002,202511,583
32022,0293,0010,202501,1965
32022,0293,0010,202502,2159
32022,0293,0010,202503,3029
32022,0293,0010,202504,1273
32022,0293,0010,202505,574
32022,0293,0010,202506,479
32022,0293,0010,202507,302
32022,0293,0010,202508,290
32022,0293,0010,202509,198
32022,0293,0010,202510,280
32022,0293,0010,202511,502
32022,0300,0002,202501,47
32022,0300,0002,202502,342
32022,0300,0002,202503,2758
32022,0300,0002,202504,826
32022,0300,0002,202505,70
32022,0300,0002,202506,82
32022,0300,0002,202507,81
32022,0300,0002,202508,81
32022,0300,0002,202509,70
32022,0300,0002,202510,82
32022,0300,0002,202511,82
32022,0301,0025,202501,5083
32022,0301,0025,202502,6028
32022,0301,0025,202503,7768
32022,0301,0025,202504,4069
32022,0301,0025,202505,2112
32022,0301,0025,202506,1274
32022,0301,0025,202507,872
32022,0301,0025,202508,605
32022,0301,0025,202509,514
32022,0301,0025,202510,455
32022,0301,0025,202511,1084
32022,0301,0032,202501,2105
32022,0301,0032,202502,2265
32022,0301,0032,202503,2652
32022,0301,0032,202504,2087
32022,0301,0032,202505,1454
32022,0301,0032,202506,796
32022,0301,0032,202507,233
32022,0301,0032,202508,140
32022,0301,0032,202509,116
32022,0301,0032,202510,93
32022,0301,0032,202511,478
32022,0308,0001,202501,3459
32022,0308,0001,202502,3574
32022,0308,0001,202503,4315
32022,0308,0001,202504,1875
32022,0308,0001,202505,986
32022,0308,0001,202506,363
32022,0308,0001,202507,221
32022,0308,0001,202508,244
32022,0308,0001,202509,140
32022,0308,0001,202510,163
32022,0308,0001,202511,793
32022,0309,0005,202501,1365
32022,0309,0005,202502,2430
32022,0309,0005,202503,2346
32022,0309,0005,202504,908
32022,0309,0005,202505,176
32022,0309,0005,202506,58
32022,0309,0005,202507,47
32022,0309,0005,202508,58
32022,0309,0005,202509,58
32022,0309,0005,202510,70
32022,0309,0005,202511,152
32022,0309,0006,202501,7576
32022,0309,0006,202502,7891
32022,0309,0006,202503,7851
32022,0309,0006,202504,8374
32022,0309,0006,202505,10065
32022,0309,0006,202506,7100
32022,0309,0006,202507,6981
32022,0309,0006,202508,5687
32022,0309,0006,202509,6075
32022,0309,0006,202510,7789
32022,0309,0006,202511,6869
32022,0309,0009,202501,6011
32022,0309,0009,202502,6723
32022,0309,0009,202503,7545
32022,0309,0009,202504,7383
32022,0309,0009,202505,7391
32022,0309,0009,202506,6246
32022,0309,0009,202507,6993
32022,0309,0009,202508,5873
32022,0309,0009,202509,6519
32022,0309,0009,202510,5562
32022,0309,0009,202511,6974
32022,0310,0001,202501,271
32022,0310,0001,202506,222
32022,0310,0001,202507,535
32022,0310,0001,202508,488
32022,0310,0001,202509,361
32022,0310,0001,202510,385
32022,0310,0001,202511,327
32022,0315,0003,202501,2000
32022,0315,0003,202502,2123
32022,0315,0003,202503,2865
32022,0315,0003,202504,1592
32022,0315,0003,202505,1044
32022,0315,0003,202506,503
32022,0315,0003,202507,175
32022,0315,0003,202508,163
32022,0315,0003,202509,117
32022,0315,0003,202510,163
32022,0315,0003,202511,490
32022,0366,0000,202501,216887
32022,0366,0000,202502,245774
32022,0366,0000,202503,170158
32022,0366,0000,202504,112878
32022,0366,0000,202505,60878
32022,0366,0000,202506,43697
32022,0366,0000,202507,24938
32022,0366,0000,202508,20985
32022,0366,0000,202509,21956
32022,0366,0000,202510,38102
32022,0366,0000,202511,107765
32022,0366,0003,202501,117455
32022,0366,0003,202502,134202
32022,0366,0003,202503,87187
32022,0366,0003,202504,66436
32022,0366,0003,202505,39541
32022,0366,0003,202506,28821
32022,0366,0003,202507,18201
32022,0366,0003,202508,12083
32022,0366,0003,202509,10944
32022,0366,0003,202510,20289
32022,0366,0003,202511,50860
32022,0366,0005,202501,61384
32022,0366,0005,202502,68159
32022,0366,0005,202503,44533
32022,0366,0005,202504,29795
32022,0366,0005,202505,15734
32022,0366,0005,202506,9084
32022,0366,0005,202507,5631
32022,0366,0005,202508,5192
32022,0366,0005,202509,5717
32022,0366,0005,202510,9591
32022,0366,0005,202511,28980
32022,0370,0006,202506,130
32022,0370,0006,202507,40663
32022,0370,0006,202508,13011
32022,0370,0006,202509,4211
32022,0370,0006,202510,3078
32022,0397,0001,202501,200255
32022,0397,0001,202502,228843
32022,0397,0001,202503,156244
32022,0397,0001,202504,102629
32022,0397,0001,202505,55975
32022,0397,0001,202506,34393
32022,0397,0001,202507,25492
32022,0397,0001,202508,16774
32022,0397,0001,202509,20463
32022,0397,0001,202510,28929
32022,0397,0001,202511,90775
32022,0398,0004,202501,26235
32022,0398,0004,202502,30796
32022,0398,0004,202503,19241
32022,0398,0004,202504,12934
32022,0398,0004,202505,9112
32022,0398,0004,202506,8281
32022,0398,0004,202507,7585
32022,0398,0004,202508,4193
32022,0398,0004,202509,3906
32022,0398,0004,202510,5516
32022,0398,0004,202511,12600
32022,0398,0010,202501,1376
32022,0398,0010,202502,1297
32022,0398,0010,202503,2299
32022,0398,0010,202504,1239
32022,0398,0010,202505,659
32022,0398,0010,202506,199
32022,0398,0010,202507,116
32022,0398,0010,202508,81
32022,0398,0010,202509,70
32022,0398,0010,202510,82
32022,0398,0010,202511,175
32022,0398,0011,202501,1647
32022,0398,0011,202502,1663
32022,0398,0011,202503,2098
32022,0398,0011,202504,1510
32022,0398,0011,202505,1339
32022,0398,0011,202506,655
32022,0398,0011,202507,396
32022,0398,0011,202508,232
32022,0398,0011,202509,199
32022,0398,0011,202510,280
32022,0398,0011,202511,560
32022,0404,0001,202501,14246
32022,0404,0001,202502,13281
32022,0404,0001,202503,15101
32022,0404,0001,202504,12761
32022,0404,0001,202505,10265
32022,0404,0001,202506,7018
32022,0404,0001,202507,6167
32022,0404,0001,202508,5721
32022,0404,0001,202509,5609
32022,0404,0001,202510,1796
32022,0404,0001,202511,11347
32022,0415,0005,202501,1659
32022,0415,0005,202502,2501
32022,0415,0005,202503,3289
32022,0415,0005,202504,1427
32022,0415,0005,202505,516
32022,0415,0005,202506,199
32022,0415,0005,202507,163
32022,0415,0005,202508,163
32022,0415,0005,202509,140
32022,0415,0005,202510,140
32022,0415,0005,202511,175
32022,0417,0007,202501,224
32022,0417,0007,202502,932
32022,0417,0007,202503,1615
32022,0417,0007,202510,58
32022,0417,0007,202511,23
32022,0419,0004,202501,2717
32022,0419,0004,202502,3574
32022,0419,0004,202503,2758
32022,0419,0004,202504,3090
32022,0419,0004,202505,1760
32022,0419,0004,202506,222
32022,0419,0004,202507,256
32022,0419,0004,202508,279
32022,0419,0004,202509,233
32022,0419,0004,202510,210
32022,0419,0004,202511,163
32022,0420,0006,202501,4093
32022,0420,0006,202502,3574
32022,0420,0006,202503,4467
32022,0420,0006,202504,4069
32022,0420,0006,202505,4000
32022,0420,0006,202506,1555
32022,0420,0006,202507,1605
32022,0420,0006,202508,1396
32022,0420,0006,202509,1458
32022,0420,0006,202510,1516
32022,0420,0006,202511,1632
32022,0420,0011,202501,3577
32022,0420,0011,202502,3362
32022,0420,0011,202503,3855
32022,0420,0011,202504,2854
32022,0420,0011,202505,2429
32022,0420,0011,202506,1135
32022,0420,0011,202507,1012
32022,0420,0011,202508,651
32022,0420,0011,202509,59
32022,0420,0011,202510,991
32022,0420,0011,202511,1038
32022,0420,0012,202501,706
32022,0420,0012,202502,1250
32022,0420,0012,202503,1356
32022,0420,0012,202504,814
32022,0420,0012,202505,317
32022,0420,0012,202506,70
32022,0420,0012,202507,47
32022,0420,0012,202508,35
32022,0420,0012,202509,35
32022,0420,0012,202510,47
32022,0420,0012,202511,117
32022,0421,0007,202501,188314
32022,0421,0007,202502,217291
32022,0421,0007,202503,143814
32022,0421,0007,202504,90498
32022,0421,0007,202505,56225
32022,0421,0007,202506,34465
32022,0421,0007,202507,23955
32022,0421,0007,202508,19328
32022,0421,0007,202509,22387
32022,0421,0007,202510,35248
32022,0421,0007,202511,89494
32022,0421,0010,202501,171108
32022,0421,0010,202502,199121
32022,0421,0010,202503,123269
32022,0421,0010,202504,82783
32022,0421,0010,202505,44070
32022,0421,0010,202506,27189
32022,0421,0010,202507,14031
32022,0421,0010,202508,11087
32022,0421,0010,202509,12560
32022,0421,0010,202510,28840
32022,0421,0010,202511,89959
32024,0281,0001,202501,4012
32024,0281,0001,202502,5462
32024,0281,0001,202503,5694
32024,0281,0001,202504,4305
32024,0281,0001,202505,3366
32024,0281,0001,202506,3030
32024,0281,0001,202507,2490
32024,0281,0001,202508,2303
32024,0281,0001,202509,2088
32024,0281,0001,202510,2146
32024,0281,0001,202511,2601
32024,0283,0000,202501,16535
32024,0283,0000,202502,19701
32024,0283,0000,202503,13277
32024,0283,0000,202504,9324
32024,0283,0000,202505,5539
32024,0283,0000,202506,3772
32024,0283,0000,202507,2720
32024,0283,0000,202508,2887
32024,0283,0000,202509,2404
32024,0283,0000,202510,2823
32024,0283,0000,202511,7180
32024,0283,0002,202501,22129
32024,0283,0002,202502,25003
32024,0283,0002,202503,16993
32024,0283,0002,202504,9761
32024,0283,0002,202505,5388
32024,0283,0002,202506,3984
32024,0283,0002,202507,2363
32024,0283,0002,202508,2073
32024,0283,0002,202509,1810
32024,0283,0002,202510,4564
32024,0283,0002,202511,10936
32024,0284,0000,202501,13572
32024,0284,0000,202502,15463
32024,0284,0000,202503,11754
32024,0284,0000,202504,6373
32024,0284,0000,202505,3904
32024,0284,0000,202506,2469
32024,0284,0000,202507,1314
32024,0284,0000,202508,1201
32024,0284,0000,202509,1201
32024,0284,0000,202510,3045
32024,0284,0000,202511,7973
32024,0418,0000,202501,751039
32024,0418,0000,202502,778901
32024,0418,0000,202503,532520
32024,0418,0000,202504,309124
32024,0418,0000,202505,164551
32024,0418,0000,202506,125654
32024,0418,0000,202507,88396
32024,0418,0000,202508,76673
32024,0418,0000,202509,80803
32024,0418,0000,202510,113339
32024,0418,0000,202511,319029
32025,0018,0007,202501,154505
32025,0018,0007,202502,177052
32025,0018,0007,202503,114060
32025,0018,0007,202504,76397
32025,0018,0007,202505,39368
32025,0018,0007,202506,33831
32025,0018,0007,202507,17036
32025,0018,0007,202508,13148
32025,0018,0007,202509,13871
32025,0018,0007,202510,24697
32025,0018,0007,202511,74177
32025,0018,0011,202501,197510
32025,0018,0011,202502,226468
32025,0018,0011,202503,148499
32025,0018,0011,202504,92498
32025,0018,0011,202505,56730
32025,0018,0011,202506,34494
32025,0018,0011,202507,23725
32025,0018,0011,202508,17228
32025,0018,0011,202509,17783
32025,0018,0011,202510,31237
32025,0018,0011,202511,85236
32025,0258,0001,202501,423
32025,0258,0001,202502,413
32025,0258,0001,202503,542
32025,0258,0001,202504,307
32025,0258,0001,202505,493
32025,0258,0001,202506,199
32025,0258,0001,202507,198
32025,0258,0001,202508,23
32025,0258,0001,202510,82
32025,0258,0001,202511,210
32032,0223,0000,202501,5023
32032,0223,0000,202502,5060
32032,0223,0000,202503,6872
32032,0223,0000,202504,3102
32032,0223,0000,202505,2416
32032,0223,0000,202506,818
32032,0223,0000,202507,419
32032,0223,0000,202508,314
32032,0223,0000,202509,292
32032,0223,0000,202510,431
32032,0223,0000,202511,665
32032,0323,0005,202501,1835
32032,0323,0005,202502,1875
32032,0323,0005,202503,2193
32032,0323,0005,202504,1179
32032,0323,0005,202505,938
32032,0323,0005,202506,561
32032,0323,0005,202507,372
32032,0323,0005,202508,116
32032,0323,0005,202509,58
32032,0323,0005,202510,455
32032,0323,0005,202511,490
32032,0339,0001,202501,59
32032,0339,0001,202502,59
32032,0339,0001,202503,2004
32032,0339,0001,202504,2571
32032,0339,0001,202505,1607
32032,0339,0001,202506,971
32032,0339,0001,202507,140
32032,0339,0001,202508,105
32032,0339,0001,202509,105
32032,0339,0001,202510,70
32032,0339,0001,202511,630
32032,0399,0000,202501,59
32032,0399,0000,202503,613
32032,0399,0000,202504,531
32032,0399,0000,202505,82
32032,0399,0000,202506,58
32032,0399,0000,202507,47
32032,0399,0000,202508,47
32032,0399,0000,202509,35
32032,0399,0000,202510,47
32032,0399,0000,202511,47
32032,0431,0000,202501,1000
32032,0431,0000,202502,1286
32032,0431,0000,202503,1945
32032,0431,0000,202504,1286
32032,0431,0000,202505,446
32032,0431,0000,202506,351
32032,0431,0000,202507,349
32032,0431,0000,202511,35
32032,0549,0000,202501,2930
32032,0549,0000,202502,3114
32032,0549,0000,202503,3595
32032,0549,0000,202504,3303
32032,0549,0000,202505,2839
32032,0549,0000,202506,2562
32032,0549,0000,202507,1617
32032,0549,0000,202508,1710
32032,0549,0000,202509,1260
32032,0549,0000,202510,1166
32032,0549,0000,202511,1644
32034,0000,0000,202510,32919
32034,0000,0000,202511,4589
32034,0016,0001,202502,47
32034,0016,0001,202503,106
32034,0016,0001,202504,59
32034,0016,0001,202505,47
32034,0016,0001,202506,47
32034,1035,0000,202501,3953
32034,1035,0000,202502,4081
32034,1035,0000,202503,5034
32034,1035,0000,202504,3149
32034,1035,0000,202505,2699
32034,1035,0000,202506,1930
32034,1035,0000,202507,1210
32034,1035,0000,202508,1349
32034,1035,0000,202509,782
32034,1035,0000,202510,1085
32034,1035,0000,202511,1621
32034,1051,0004,202501,4176
32034,1051,0004,202502,4577
32034,1051,0004,202503,5412
32034,1051,0004,202504,2949
32034,1051,0004,202505,2042
32034,1051,0004,202506,1309
32034,1051,0004,202507,721
32034,1051,0004,202508,674
32034,1051,0004,202509,408
32034,1051,0004,202510,362
32034,1051,0004,202511,1015
32034,1052,0002,202501,3259
32034,1052,0002,202502,2064
32034,1052,0002,202503,2039
32034,1052,0002,202504,1840
32034,1052,0002,202505,2323
32034,1052,0002,202506,2854
32034,1052,0002,202507,2129
32034,1052,0002,202508,1512
32034,1052,0002,202509,1096
32034,1052,0002,202510,1679
32034,1052,0002,202511,1913
32034,0016,0001,202501,89146
32034,0016,0001,202502,109426
32034,0016,0001,202503,68498
32034,0016,0001,202504,44036
32034,0016,0001,202505,29562
32034,0016,0001,202506,16294
32034,0016,0001,202507,10092
32034,0016,0001,202508,10197
32034,0016,0001,202509,7980
32034,0016,0001,202510,14393
32034,0016,0001,202511,37960
